Delta,Time,CPU_FREQUENCY_0,CPU_FREQUENCY_1,CPU_FREQUENCY_2,CPU_FREQUENCY_3,CPU_FREQUENCY_4,CPU_FREQUENCY_5,CPU_FREQUENCY_6,CPU_FREQUENCY_7,CPU_TEMP_0,CPU_TEMP_1,CPU_TEMP_2,CPU_TEMP_3,CPU_TEMP_4,CPU_TEMP_5,CPU_TEMP_6,CPU_TEMP_7,CPU_TEMP_8,CPU_USAGE_0,CPU_USAGE_1,CPU_USAGE_2,CPU_USAGE_3,CPU_USAGE_4,CPU_USAGE_5,CPU_USAGE_6,CPU_USAGE_7,SYSTEM_POWER (Watts),TOTAL_MEMORY,TOTAL_SWAP,USED_MEMORY,USED_SWAP
0,1771642398692,3504,3504,3504,3504,3504,3504,3504,3504,49.35770034790039,48.79507827758789,47.649269104003906,47.33258819580078,47.69526290893555,47.579139709472656,47.262046813964844,48.39115524291992,48.46235656738281,0,100,50,0,0,0,0,0,2.920790433883667,8589934592,1073741824,5280055296,299040768
209,1771642398692,3504,3504,3504,3504,3504,3504,3504,3504,49.35770034790039,48.79507827758789,47.649269104003906,47.33258819580078,47.69526290893555,47.579139709472656,47.262046813964844,48.39115524291992,48.46235656738281,50,0,NaN,0,0,0,0,0,2.920790433883667,8589934592,1073741824,5278973952,299040768
209,1771642398902,3504,3504,3504,3504,3504,3504,3504,3504,49.35770034790039,48.79507827758789,47.649269104003906,47.33258819580078,47.69526290893555,47.579139709472656,47.262046813964844,48.39115524291992,48.46235656738281,19.047618865966797,19.047618865966797,18.18181800842285,20,4.545454502105713,4.545454502105713,4.761904716491699,0,2.920790433883667,8589934592,1073741824,5279678464,299040768
200,1771642399113,3504,3504,3504,3504,3504,3504,3504,3504,49.35770034790039,48.79507827758789,47.649269104003906,47.33258819580078,47.69526290893555,47.579139709472656,47.262046813964844,48.39115524291992,48.46235656738281,20,15.000000953674316,15.000000953674316,19.047618865966797,10,9.523809432983398,9.090909004211426,5,2.920790433883667,8589934592,1073741824,5280137216,299040768
209,1771642399314,3504,3504,3504,3504,3504,3504,3504,3504,48.56792068481445,48.079368591308594,46.71736145019531,46.48619842529297,46.64502716064453,46.78624725341797,46.306983947753906,47.4877815246582,47.50724792480469,20,23.809524536132813,10,10,0,0,0,0,2.920790433883667,8589934592,1073741824,5278138368,299040768
203,1771642399524,3504,3504,3504,3504,3504,3504,3504,3504,48.56792068481445,48.079368591308594,46.71736145019531,46.48619842529297,46.64502716064453,46.78624725341797,46.306983947753906,47.4877815246582,47.50724792480469,28.571430206298828,25,25,22.72727394104004,22.72727394104004,4.761904716491699,0,0,2.920790433883667,8589934592,1073741824,5293817856,299040768
209,1771642399727,3504,3504,3504,3504,3504,3504,3504,3504,48.56792068481445,48.079368591308594,46.71736145019531,46.48619842529297,46.64502716064453,46.78624725341797,46.306983947753906,47.4877815246582,47.50724792480469,10,19.047618865966797,4.761904716491699,0,15.789472579956055,15.000000953674316,4.761904716491699,4.761904716491699,2.38083815574646,8589934592,1073741824,5305286656,299040768
209,1771642399937,3504,3504,3504,3504,3504,3504,3504,3504,48.56792068481445,48.079368591308594,46.71736145019531,46.48619842529297,46.64502716064453,46.78624725341797,46.306983947753906,47.4877815246582,47.50724792480469,14.285715103149414,14.285715103149414,9.523809432983398,4.761904716491699,0,0,0,0,2.38083815574646,8589934592,1073741824,5302534144,299040768
209,1771642400147,3504,3504,3504,3504,3504,3504,3504,3504,48.56792068481445,48.079368591308594,46.71736145019531,46.48619842529297,46.64502716064453,46.78624725341797,46.306983947753906,47.4877815246582,47.50724792480469,23.809524536132813,14.285715103149414,10,4.761904716491699,0,0,0,0,2.38083815574646,8589934592,1073741824,5302550528,299040768
209,1771642400357,3504,3504,3504,3504,3504,3504,3504,3504,47.59360885620117,47.30956268310547,45.881919860839844,45.666786193847656,45.69443893432617,45.91419982910156,45.262718200683594,46.410762786865234,46.351810455322266,19.047618865966797,15.000000953674316,13.636363983154297,9.523809432983398,4.545454502105713,0,0,0,2.38083815574646,8589934592,1073741824,5301305344,299040768
202,1771642400567,3504,3504,3504,3504,3504,3504,3504,3504,47.59360885620117,47.30956268310547,45.881919860839844,45.666786193847656,45.69443893432617,45.91419982910156,45.262718200683594,46.410762786865234,46.351810455322266,5,19.047618865966797,9.523809432983398,19.047618865966797,0,0,0,0,2.38083815574646,8589934592,1073741824,5300191232,299040768
209,1771642400770,3504,3504,3504,3504,3504,3504,3504,3504,47.59360885620117,47.30956268310547,45.881919860839844,45.666786193847656,45.69443893432617,45.91419982910156,45.262718200683594,46.410762786865234,46.351810455322266,19.047618865966797,20,15.000000953674316,15.000000953674316,0,0,0,0,2.8879287242889404,8589934592,1073741824,5298323456,299040768
208,1771642400980,3504,3504,3504,3504,3504,3504,3504,3504,47.59360885620117,47.30956268310547,45.881919860839844,45.666786193847656,45.69443893432617,45.91419982910156,45.262718200683594,46.410762786865234,46.351810455322266,10,14.285715103149414,5,9.523809432983398,0,0,0,0,2.8879287242889404,8589934592,1073741824,5287133184,299040768
207,1771642401189,3504,3504,3504,3504,3504,3504,3504,3504,45.97956085205078,45.66396713256836,44.46825408935547,44.130462646484375,44.50791931152344,44.662841796875,44.07087707519531,45.1212158203125,45.16548538208008,28.571430206298828,28.571430206298828,28.571430206298828,19.047618865966797,38.095237731933594,0,0,0,2.8879287242889404,8589934592,1073741824,5285855232,299040768
209,1771642401397,3504,3504,3504,3504,3504,3504,3504,3504,45.97956085205078,45.66396713256836,44.46825408935547,44.130462646484375,44.50791931152344,44.662841796875,44.07087707519531,45.1212158203125,45.16548538208008,14.285715103149414,15.000000953674316,19.047618865966797,9.523809432983398,0,4.761904716491699,0,4.761904716491699,2.8879287242889404,8589934592,1073741824,5286019072,299040768
206,1771642401607,3504,3504,3504,3504,3504,3504,3504,3504,45.97956085205078,45.66396713256836,44.46825408935547,44.130462646484375,44.50791931152344,44.662841796875,44.07087707519531,45.1212158203125,45.16548538208008,19.047618865966797,22.72727394104004,14.285715103149414,5,0,0,0,0,2.8879287242889404,8589934592,1073741824,5286019072,299040768
209,1771642401814,3504,3504,3504,3504,3504,3504,3504,3504,45.97956085205078,45.66396713256836,44.46825408935547,44.130462646484375,44.50791931152344,44.662841796875,44.07087707519531,45.1212158203125,45.16548538208008,25,15.000000953674316,5,14.285715103149414,0,0,0,0,2.9567506313323975,8589934592,1073741824,5286035456,299040768
205,1771642402024,3504,3504,3504,3504,3504,3504,3504,3504,45.97956085205078,45.66396713256836,44.46825408935547,44.130462646484375,44.50791931152344,44.662841796875,44.07087707519531,45.1212158203125,45.16548538208008,19.047618865966797,14.285715103149414,13.636363983154297,19.047618865966797,0,0,0,0,2.9567506313323975,8589934592,1073741824,5286035456,299040768
199,1771642402231,3504,3504,3504,3504,3504,3504,3504,3504,45.40826416015625,44.703983306884766,43.635719299316406,43.37556457519531,43.9196662902832,43.707984924316406,43.3729248046875,44.396812438964844,44.46815490722656,19.047618865966797,10,10,20,0,0,0,0,2.9567506313323975,8589934592,1073741824,5286035456,299040768
208,1771642402430,3504,3504,3504,3504,3504,3504,3504,3504,45.40826416015625,44.703983306884766,43.635719299316406,43.37556457519531,43.9196662902832,43.707984924316406,43.3729248046875,44.396812438964844,44.46815490722656,25,20,14.285715103149414,9.523809432983398,0,0,0,0,2.9567506313323975,8589934592,1073741824,5286051840,299040768
205,1771642402639,3504,3504,3504,3504,3504,3504,3504,3504,45.40826416015625,44.703983306884766,43.635719299316406,43.37556457519531,43.9196662902832,43.707984924316406,43.3729248046875,44.396812438964844,44.46815490722656,28.571430206298828,20,10,5,4.545454502105713,0,0,0,2.9567506313323975,8589934592,1073741824,5286494208,299040768
201,1771642402845,3504,3504,3504,3504,3504,3504,3504,3504,45.40826416015625,44.703983306884766,43.635719299316406,43.37556457519531,43.9196662902832,43.707984924316406,43.3729248046875,44.396812438964844,44.46815490722656,15.000000953674316,14.285715103149414,14.285715103149414,9.523809432983398,0,4.761904716491699,0,0,2.1640217304229736,8589934592,1073741824,5287051264,299040768
199,1771642403047,3504,3504,3504,3504,3504,3504,3504,3504,45.40826416015625,44.703983306884766,43.635719299316406,43.37556457519531,43.9196662902832,43.707984924316406,43.3729248046875,44.396812438964844,44.46815490722656,20,20,25,15.000000953674316,0,0,0,0,2.1640217304229736,8589934592,1073741824,5287084032,299040768
206,1771642403247,3504,3504,3504,3504,3504,3504,3504,3504,44.58218765258789,44.01325607299805,42.842430114746094,42.698875427246094,43.09566879272461,42.99262237548828,42.655487060546875,43.652950286865234,43.74112319946289,10.526315689086914,15.000000953674316,20,9.523809432983398,0,0,0,0,2.1640217304229736,8589934592,1073741824,5287067648,299040768
203,1771642403454,3504,3504,3504,3504,3504,3504,3504,3504,44.58218765258789,44.01325607299805,42.842430114746094,42.698875427246094,43.09566879272461,42.99262237548828,42.655487060546875,43.652950286865234,43.74112319946289,19.047618865966797,23.809524536132813,15.000000953674316,5.263157844543457,0,0,0,0,2.1640217304229736,8589934592,1073741824,5284855808,299040768
203,1771642403657,3504,3504,3504,3504,3504,3504,3504,3504,44.58218765258789,44.01325607299805,42.842430114746094,42.698875427246094,43.09566879272461,42.99262237548828,42.655487060546875,43.652950286865234,43.74112319946289,14.285715103149414,15.789472579956055,14.285715103149414,9.523809432983398,0,0,0,0,2.1640217304229736,8589934592,1073741824,5284888576,299040768
202,1771642403862,3504,3504,3504,3504,3504,3504,3504,3504,44.58218765258789,44.01325607299805,42.842430114746094,42.698875427246094,43.09566879272461,42.99262237548828,42.655487060546875,43.652950286865234,43.74112319946289,15.000000953674316,23.809524536132813,15.000000953674316,5,0,0,0,0,2.402418375015259,8589934592,1073741824,5284888576,299040768
209,1771642404065,3504,3504,3504,3504,3504,3504,3504,3504,44.58218765258789,44.01325607299805,42.842430114746094,42.698875427246094,43.09566879272461,42.99262237548828,42.655487060546875,43.652950286865234,43.74112319946289,20,19.047618865966797,20,9.523809432983398,0,0,0,0,2.402418375015259,8589934592,1073741824,5284872192,299040768
201,1771642404275,3504,3504,3504,3504,3504,3504,3504,3504,43.88631057739258,43.5279655456543,42.30193328857422,42.063438415527344,42.5213737487793,42.53673553466797,42.08201599121094,43.066078186035156,43.15040969848633,19.047618865966797,5,14.285715103149414,5,0,0,0,0,2.402418375015259,8589934592,1073741824,5284872192,299040768
203,1771642404477,3504,3504,3504,3504,3504,3504,3504,3504,43.88631057739258,43.5279655456543,42.30193328857422,42.063438415527344,42.5213737487793,42.53673553466797,42.08201599121094,43.066078186035156,43.15040969848633,21.052631378173828,20,10.526315689086914,9.523809432983398,0,0,0,0,2.402418375015259,8589934592,1073741824,5284872192,299040768
201,1771642404680,3504,3504,3504,3504,3504,3504,3504,3504,43.88631057739258,43.5279655456543,42.30193328857422,42.063438415527344,42.5213737487793,42.53673553466797,42.08201599121094,43.066078186035156,43.15040969848633,14.285715103149414,20,14.285715103149414,10,0,0,4.761904716491699,0,2.1519322395324707,8589934592,1073741824,5284823040,299040768
209,1771642404882,3504,3504,3504,3504,3504,3504,3504,3504,43.88631057739258,43.5279655456543,42.30193328857422,42.063438415527344,42.5213737487793,42.53673553466797,42.08201599121094,43.066078186035156,43.15040969848633,15.789472579956055,23.809524536132813,10,10.526315689086914,0,0,0,0,2.1519322395324707,8589934592,1073741824,5284823040,299040768
209,1771642405092,3504,3504,3504,3504,3504,3504,3504,3504,43.88631057739258,43.5279655456543,42.30193328857422,42.063438415527344,42.5213737487793,42.53673553466797,42.08201599121094,43.066078186035156,43.15040969848633,47.619049072265625,42.85714340209961,38.095237731933594,40.90909194946289,28.571430206298828,27.272727966308594,22.72727394104004,20,2.1519322395324707,8589934592,1073741824,5285855232,299040768
199,1771642405302,3504,3504,3504,3504,3504,3504,3504,3504,43.95336151123047,43.6104621887207,42.184844970703125,41.98657989501953,42.313385009765625,42.459327697753906,42.04235076904297,43.14866256713867,43.193763732910156,13.636363983154297,9.523809432983398,9.523809432983398,0,4.761904716491699,0,5,4.761904716491699,2.1519322395324707,8589934592,1073741824,5285855232,299040768
209,1771642405502,3504,3504,3504,3504,3504,3504,3504,3504,43.95336151123047,43.6104621887207,42.184844970703125,41.98657989501953,42.313385009765625,42.459327697753906,42.04235076904297,43.14866256713867,43.193763732910156,20,15.789472579956055,20,10,0,0,0,0,2.1519322395324707,8589934592,1073741824,5286690816,299040768
208,1771642405712,3504,3504,3504,3504,3504,3504,3504,3504,43.95336151123047,43.6104621887207,42.184844970703125,41.98657989501953,42.313385009765625,42.459327697753906,42.04235076904297,43.14866256713867,43.193763732910156,23.809524536132813,9.523809432983398,14.285715103149414,13.636363983154297,0,0,0,0,2.031881093978882,8589934592,1073741824,5286707200,299040768
208,1771642405921,3504,3504,3504,3504,3504,3504,3504,3504,43.95336151123047,43.6104621887207,42.184844970703125,41.98657989501953,42.313385009765625,42.459327697753906,42.04235076904297,43.14866256713867,43.193763732910156,23.809524536132813,18.18181800842285,14.285715103149414,10,0,0,0,0,2.031881093978882,8589934592,1073741824,5286592512,299040768
209,1771642406130,3504,3504,3504,3504,3504,3504,3504,3504,43.95336151123047,43.6104621887207,42.184844970703125,41.98657989501953,42.313385009765625,42.459327697753906,42.04235076904297,43.14866256713867,43.193763732910156,19.047618865966797,20,10,9.523809432983398,0,0,0,0,2.031881093978882,8589934592,1073741824,5286166528,299040768
208,1771642406340,3504,3504,3504,3504,3504,3504,3504,3504,43.31565475463867,43.06669998168945,41.63304901123047,41.44379425048828,41.878334045410156,41.83723449707031,41.539215087890625,42.57221603393555,42.559810638427734,28.571430206298828,19.047618865966797,14.285715103149414,9.523809432983398,0,4.545454502105713,0,0,2.031881093978882,8589934592,1073741824,5286166528,299040768
203,1771642406549,3504,3504,3504,3504,3504,3504,3504,3504,43.31565475463867,43.06669998168945,41.63304901123047,41.44379425048828,41.878334045410156,41.83723449707031,41.539215087890625,42.57221603393555,42.559810638427734,25,14.285715103149414,15.000000953674316,9.523809432983398,0,0,0,0,2.031881093978882,8589934592,1073741824,5286002688,299040768
208,1771642406753,3504,3504,3504,3504,3504,3504,3504,3504,43.31565475463867,43.06669998168945,41.63304901123047,41.44379425048828,41.878334045410156,41.83723449707031,41.539215087890625,42.57221603393555,42.559810638427734,19.047618865966797,10.526315689086914,14.285715103149414,9.523809432983398,0,0,0,0,2.6126132011413574,8589934592,1073741824,5286002688,299040768
208,1771642406962,3504,3504,3504,3504,3504,3504,3504,3504,43.31565475463867,43.06669998168945,41.63304901123047,41.44379425048828,41.878334045410156,41.83723449707031,41.539215087890625,42.57221603393555,42.559810638427734,10.526315689086914,23.809524536132813,14.285715103149414,15.000000953674316,0,0,0,0,2.6126132011413574,8589934592,1073741824,5286002688,299040768
199,1771642407171,3504,3504,3504,3504,3504,3504,3504,3504,42.80480194091797,42.465816497802734,41.114990234375,40.88072204589844,41.24589538574219,41.09309387207031,40.940834045410156,41.999183654785156,41.95676803588867,21.7391300201416,22.72727394104004,10,19.047618865966797,0,0,0,0,2.6126132011413574,8589934592,1073741824,5286428672,299040768
206,1771642407371,3504,3504,3504,3504,3504,3504,3504,3504,42.80480194091797,42.465816497802734,41.114990234375,40.88072204589844,41.24589538574219,41.09309387207031,40.940834045410156,41.999183654785156,41.95676803588867,16.666667938232422,25,14.285715103149414,15.789472579956055,0,0,0,0,2.6126132011413574,8589934592,1073741824,5286281216,299040768
208,1771642407579,3504,3504,3504,3504,3504,3504,3504,3504,42.80480194091797,42.465816497802734,41.114990234375,40.88072204589844,41.24589538574219,41.09309387207031,40.940834045410156,41.999183654785156,41.95676803588867,9.523809432983398,15.000000953674316,5.263157844543457,14.285715103149414,0,0,0,0,2.6126132011413574,8589934592,1073741824,5286281216,299040768
209,1771642407787,3504,3504,3504,3504,3504,3504,3504,3504,42.80480194091797,42.465816497802734,41.114990234375,40.88072204589844,41.24589538574219,41.09309387207031,40.940834045410156,41.999183654785156,41.95676803588867,15.000000953674316,23.809524536132813,18.18181800842285,9.523809432983398,4.761904716491699,0,0,0,2.3461318016052246,8589934592,1073741824,5286543360,299040768
207,1771642407997,3504,3504,3504,3504,3504,3504,3504,3504,42.80480194091797,42.465816497802734,41.114990234375,40.88072204589844,41.24589538574219,41.09309387207031,40.940834045410156,41.999183654785156,41.95676803588867,19.047618865966797,20,20,9.523809432983398,0,0,0,0,2.3461318016052246,8589934592,1073741824,5286543360,299040768
207,1771642408206,3504,3504,3504,3504,3504,3504,3504,3504,42.492671966552734,41.88624954223633,40.686912536621094,40.53962707519531,40.85016632080078,40.760643005371094,40.518707275390625,41.55145263671875,41.5955924987793,14.285715103149414,19.047618865966797,22.72727394104004,9.523809432983398,0,0,0,0,2.3461318016052246,8589934592,1073741824,5286543360,299040768
209,1771642408414,3504,3504,3504,3504,3504,3504,3504,3504,42.492671966552734,41.88624954223633,40.686912536621094,40.53962707519531,40.85016632080078,40.760643005371094,40.518707275390625,41.55145263671875,41.5955924987793,14.285715103149414,23.809524536132813,19.047618865966797,5,0,0,0,0,2.3461318016052246,8589934592,1073741824,5286543360,299040768
205,1771642408624,3504,3504,3504,3504,3504,3504,3504,3504,42.492671966552734,41.88624954223633,40.686912536621094,40.53962707519531,40.85016632080078,40.760643005371094,40.518707275390625,41.55145263671875,41.5955924987793,14.285715103149414,19.047618865966797,14.285715103149414,9.523809432983398,0,0,4.545454502105713,0,2.3461318016052246,8589934592,1073741824,5279727616,299040768
209,1771642408830,3504,3504,3504,3504,3504,3504,3504,3504,42.492671966552734,41.88624954223633,40.686912536621094,40.53962707519531,40.85016632080078,40.760643005371094,40.518707275390625,41.55145263671875,41.5955924987793,15.000000953674316,20,20,9.523809432983398,0,0,0,0,2.4547653198242188,8589934592,1073741824,5279760384,299040768
209,1771642409039,3504,3504,3504,3504,3504,3504,3504,3504,42.492671966552734,41.88624954223633,40.686912536621094,40.53962707519531,40.85016632080078,40.760643005371094,40.518707275390625,41.55145263671875,41.5955924987793,18.18181800842285,19.047618865966797,19.047618865966797,9.523809432983398,0,0,0,0,2.4547653198242188,8589934592,1073741824,5279727616,299040768
202,1771642409249,3504,3504,3504,3504,3504,3504,3504,3504,42.10761642456055,41.34943771362305,40.33204650878906,40.26374816894531,40.556400299072266,40.435523986816406,40.257423400878906,41.255470275878906,41.24861526489258,10,14.285715103149414,15.000000953674316,14.285715103149414,0,0,0,0,2.4547653198242188,8589934592,1073741824,5279252480,299040768
209,1771642409452,3504,3504,3504,3504,3504,3504,3504,3504,42.10761642456055,41.34943771362305,40.33204650878906,40.26374816894531,40.556400299072266,40.435523986816406,40.257423400878906,41.255470275878906,41.24861526489258,15.000000953674316,14.285715103149414,19.047618865966797,15.000000953674316,0,0,0,0,2.4547653198242188,8589934592,1073741824,5279219712,299040768
201,1771642409662,3504,3504,3504,3504,3504,3504,3504,3504,42.10761642456055,41.34943771362305,40.33204650878906,40.26374816894531,40.556400299072266,40.435523986816406,40.257423400878906,41.255470275878906,41.24861526489258,14.285715103149414,10,19.047618865966797,19.047618865966797,0,0,0,0,2.4547653198242188,8589934592,1073741824,5275320320,299040768
199,1771642409864,3504,3504,3504,3504,3504,3504,3504,3504,42.10761642456055,41.34943771362305,40.33204650878906,40.26374816894531,40.556400299072266,40.435523986816406,40.257423400878906,41.255470275878906,41.24861526489258,20,10,20,20,0,0,0,0,1.8028411865234375,8589934592,1073741824,5275336704,299040768
199,1771642410064,3504,3504,3504,3504,3504,3504,3504,3504,42.10761642456055,41.34943771362305,40.33204650878906,40.26374816894531,40.556400299072266,40.435523986816406,40.257423400878906,41.255470275878906,41.24861526489258,10,15.000000953674316,5.263157844543457,20,0,0,0,0,1.8028411865234375,8589934592,1073741824,5275320320,299040768
205,1771642410264,3504,3504,3504,3504,3504,3504,3504,3504,41.94978713989258,41.01919937133789,39.98194885253906,39.85541534423828,40.24630355834961,40.06449890136719,39.95262908935547,40.96250915527344,40.96269607543945,15.789472579956055,10,14.285715103149414,20,0,0,0,0,1.8028411865234375,8589934592,1073741824,5275320320,299040768
209,1771642410470,3504,3504,3504,3504,3504,3504,3504,3504,41.94978713989258,41.01919937133789,39.98194885253906,39.85541534423828,40.24630355834961,40.06449890136719,39.95262908935547,40.96250915527344,40.96269607543945,19.047618865966797,15.000000953674316,15.789472579956055,20,0,0,0,0,1.8028411865234375,8589934592,1073741824,5278498816,299040768
206,1771642410680,3504,3504,3504,3504,3504,3504,3504,3504,41.94978713989258,41.01919937133789,39.98194885253906,39.85541534423828,40.24630355834961,40.06449890136719,39.95262908935547,40.96250915527344,40.96269607543945,36.3636360168457,23.809524536132813,33.333335876464844,27.272727966308594,4.761904716491699,4.761904716491699,0,0,2.492072343826294,8589934592,1073741824,5284626432,299040768
207,1771642410887,3504,3504,3504,3504,3504,3504,3504,3504,41.94978713989258,41.01919937133789,39.98194885253906,39.85541534423828,40.24630355834961,40.06449890136719,39.95262908935547,40.96250915527344,40.96269607543945,35,30.000001907348633,28.571430206298828,15.789472579956055,0,0,0,0,2.492072343826294,8589934592,1073741824,5285707776,299040768
201,1771642411095,3504,3504,3504,3504,3504,3504,3504,3504,41.94978713989258,41.01919937133789,39.98194885253906,39.85541534423828,40.24630355834961,40.06449890136719,39.95262908935547,40.96250915527344,40.96269607543945,33.333335876464844,18.18181800842285,23.809524536132813,33.333335876464844,0,0,0,0,2.492072343826294,8589934592,1073741824,5288787968,299040768
203,1771642411297,3504,3504,3504,3504,3504,3504,3504,3504,41.77668762207031,40.94249725341797,39.922210693359375,39.64262390136719,40.08567428588867,39.813682556152344,39.691810607910156,40.74212646484375,40.75706100463867,15.789472579956055,21.052631378173828,25,19.047618865966797,45,0,0,0,2.492072343826294,8589934592,1073741824,5287952384,299040768
209,1771642411502,3504,3504,3504,3504,3504,3504,3504,3504,41.77668762207031,40.94249725341797,39.922210693359375,39.64262390136719,40.08567428588867,39.813682556152344,39.691810607910156,40.74212646484375,40.75706100463867,20,14.285715103149414,19.047618865966797,20,0,0,0,0,2.492072343826294,8589934592,1073741824,5288001536,299040768
208,1771642411711,3504,3504,3504,3504,3504,3504,3504,3504,41.77668762207031,40.94249725341797,39.922210693359375,39.64262390136719,40.08567428588867,39.813682556152344,39.691810607910156,40.74212646484375,40.75706100463867,14.285715103149414,19.047618865966797,10,19.047618865966797,0,0,0,0,2.0911405086517334,8589934592,1073741824,5288099840,299040768
207,1771642411921,3504,3504,3504,3504,3504,3504,3504,3504,41.77668762207031,40.94249725341797,39.922210693359375,39.64262390136719,40.08567428588867,39.813682556152344,39.691810607910156,40.74212646484375,40.75706100463867,22.72727394104004,10,9.523809432983398,9.523809432983398,0,0,0,0,2.0911405086517334,8589934592,1073741824,5288001536,299040768
209,1771642412128,3504,3504,3504,3504,3504,3504,3504,3504,41.77668762207031,40.94249725341797,39.922210693359375,39.64262390136719,40.08567428588867,39.813682556152344,39.691810607910156,40.74212646484375,40.75706100463867,15.000000953674316,14.285715103149414,9.523809432983398,15.000000953674316,14.285715103149414,14.285715103149414,0,0,2.0911405086517334,8589934592,1073741824,5290950656,299040768
208,1771642412338,3504,3504,3504,3504,3504,3504,3504,3504,41.79885482788086,41.039405822753906,39.899559020996094,39.70628356933594,40.01622772216797,39.72943878173828,39.636497497558594,40.62129592895508,40.667362213134766,15.000000953674316,9.523809432983398,5,14.285715103149414,0,0,0,0,2.0911405086517334,8589934592,1073741824,5290950656,299040768
201,1771642412547,3504,3504,3504,3504,3504,3504,3504,3504,41.79885482788086,41.039405822753906,39.899559020996094,39.70628356933594,40.01622772216797,39.72943878173828,39.636497497558594,40.62129592895508,40.667362213134766,18.18181800842285,19.047618865966797,13.636363983154297,18.18181800842285,0,0,0,0,2.0911405086517334,8589934592,1073741824,5290868736,299040768
209,1771642412749,3504,3504,3504,3504,3504,3504,3504,3504,41.79885482788086,41.039405822753906,39.899559020996094,39.70628356933594,40.01622772216797,39.72943878173828,39.636497497558594,40.62129592895508,40.667362213134766,15.000000953674316,15.000000953674316,0,10.526315689086914,0,5,4.761904716491699,0,2.1295127868652344,8589934592,1073741824,5291147264,299040768
210,1771642412959,3504,3504,3504,3504,3504,3504,3504,3504,41.79885482788086,41.039405822753906,39.899559020996094,39.70628356933594,40.01622772216797,39.72943878173828,39.636497497558594,40.62129592895508,40.667362213134766,14.285715103149414,14.285715103149414,13.636363983154297,14.285715103149414,0,0,0,0,2.1295127868652344,8589934592,1073741824,5291196416,299040768
209,1771642413170,3504,3504,3504,3504,3504,3504,3504,3504,41.53943634033203,40.58274841308594,39.477577209472656,39.30939483642578,39.6505126953125,39.492698669433594,39.31249237060547,40.40740966796875,40.395713806152344,23.809524536132813,28.571430206298828,15.000000953674316,23.809524536132813,4.545454502105713,4.761904716491699,0,4.761904716491699,2.1295127868652344,8589934592,1073741824,5291196416,299040768
204,1771642413380,3504,3504,3504,3504,3504,3504,3504,3504,41.53943634033203,40.58274841308594,39.477577209472656,39.30939483642578,39.6505126953125,39.492698669433594,39.31249237060547,40.40740966796875,40.395713806152344,14.285715103149414,19.047618865966797,13.636363983154297,23.809524536132813,19.047618865966797,14.285715103149414,22.72727394104004,14.285715103149414,2.1295127868652344,8589934592,1073741824,5291196416,299040768
207,1771642413585,3504,3504,3504,3504,3504,3504,3504,3504,41.53943634033203,40.58274841308594,39.477577209472656,39.30939483642578,39.6505126953125,39.492698669433594,39.31249237060547,40.40740966796875,40.395713806152344,21.052631378173828,28.571430206298828,15.789472579956055,23.809524536132813,0,0,0,0,2.1295127868652344,8589934592,1073741824,5291196416,299040768
209,1771642413792,3504,3504,3504,3504,3504,3504,3504,3504,41.53943634033203,40.58274841308594,39.477577209472656,39.30939483642578,39.6505126953125,39.492698669433594,39.31249237060547,40.40740966796875,40.395713806152344,19.047618865966797,10,13.636363983154297,15.000000953674316,9.523809432983398,9.523809432983398,5,4.761904716491699,2.440856456756592,8589934592,1073741824,5256839168,299040768
209,1771642414002,3504,3504,3504,3504,3504,3504,3504,3504,41.53943634033203,40.58274841308594,39.477577209472656,39.30939483642578,39.6505126953125,39.492698669433594,39.31249237060547,40.40740966796875,40.395713806152344,27.272727966308594,23.809524536132813,20,28.571430206298828,14.285715103149414,14.285715103149414,14.285715103149414,14.285715103149414,2.440856456756592,8589934592,1073741824,5255888896,299040768
204,1771642414212,3504,3504,3504,3504,3504,3504,3504,3504,42.231101989746094,41.32503890991211,40.133453369140625,40.001731872558594,40.075775146484375,40.21025085449219,40.04082489013672,41.20257568359375,41.19212341308594,15.000000953674316,15.000000953674316,14.285715103149414,18.18181800842285,0,0,0,0,2.440856456756592,8589934592,1073741824,5256036352,299040768
207,1771642414417,3504,3504,3504,3504,3504,3504,3504,3504,42.231101989746094,41.32503890991211,40.133453369140625,40.001731872558594,40.075775146484375,40.21025085449219,40.04082489013672,41.20257568359375,41.19212341308594,14.285715103149414,15.000000953674316,9.523809432983398,15.789472579956055,0,0,0,0,2.440856456756592,8589934592,1073741824,5256036352,299040768
202,1771642414625,3504,3504,3504,3504,3504,3504,3504,3504,42.231101989746094,41.32503890991211,40.133453369140625,40.001731872558594,40.075775146484375,40.21025085449219,40.04082489013672,41.20257568359375,41.19212341308594,15.000000953674316,23.809524536132813,5,18.18181800842285,0,0,0,0,2.440856456756592,8589934592,1073741824,5256036352,299040768
201,1771642414829,3504,3504,3504,3504,3504,3504,3504,3504,42.231101989746094,41.32503890991211,40.133453369140625,40.001731872558594,40.075775146484375,40.21025085449219,40.04082489013672,41.20257568359375,41.19212341308594,19.047618865966797,23.809524536132813,14.285715103149414,10.526315689086914,0,0,0,0,2.649334192276001,8589934592,1073741824,5255872512,299040768
207,1771642415031,3504,3504,3504,3504,3504,3504,3504,3504,42.231101989746094,41.32503890991211,40.133453369140625,40.001731872558594,40.075775146484375,40.21025085449219,40.04082489013672,41.20257568359375,41.19212341308594,20,20,5.263157844543457,9.523809432983398,0,0,0,0,2.649334192276001,8589934592,1073741824,5255970816,299040768
207,1771642415239,3504,3504,3504,3504,3504,3504,3504,3504,40.9847412109375,40.31532669067383,39.17436218261719,39.060813903808594,39.381927490234375,39.17266845703125,38.969703674316406,40.071468353271484,40.111305236816406,14.285715103149414,19.047618865966797,13.636363983154297,15.000000953674316,0,4.545454502105713,0,0,2.649334192276001,8589934592,1073741824,5256003584,299040768
203,1771642415447,3504,3504,3504,3504,3504,3504,3504,3504,40.9847412109375,40.31532669067383,39.17436218261719,39.060813903808594,39.381927490234375,39.17266845703125,38.969703674316406,40.071468353271484,40.111305236816406,14.285715103149414,15.000000953674316,5,14.285715103149414,0,0,0,0,2.649334192276001,8589934592,1073741824,5256003584,299040768
200,1771642415651,3504,3504,3504,3504,3504,3504,3504,3504,40.9847412109375,40.31532669067383,39.17436218261719,39.060813903808594,39.381927490234375,39.17266845703125,38.969703674316406,40.071468353271484,40.111305236816406,21.052631378173828,20,25,19.047618865966797,0,0,0,0,2.649334192276001,8589934592,1073741824,5256200192,299040768
204,1771642415852,3504,3504,3504,3504,3504,3504,3504,3504,40.9847412109375,40.31532669067383,39.17436218261719,39.060813903808594,39.381927490234375,39.17266845703125,38.969703674316406,40.071468353271484,40.111305236816406,15.000000953674316,10,19.047618865966797,5,0,0,0,0,2.697943925857544,8589934592,1073741824,5256200192,299040768
204,1771642416057,3504,3504,3504,3504,3504,3504,3504,3504,40.9847412109375,40.31532669067383,39.17436218261719,39.060813903808594,39.381927490234375,39.17266845703125,38.969703674316406,40.071468353271484,40.111305236816406,14.285715103149414,14.285715103149414,20,10,0,0,0,0,2.697943925857544,8589934592,1073741824,5256151040,299040768
201,1771642416262,3504,3504,3504,3504,3504,3504,3504,3504,40.50223159790039,40.07489013671875,38.90526580810547,38.758544921875,39.103336334228516,38.8358154296875,38.73009490966797,39.79218673706055,39.80731201171875,15.000000953674316,19.047618865966797,15.000000953674316,19.047618865966797,0,0,0,0,2.697943925857544,8589934592,1073741824,5256151040,299040768
199,1771642416464,3504,3504,3504,3504,3504,3504,3504,3504,40.50223159790039,40.07489013671875,38.90526580810547,38.758544921875,39.103336334228516,38.8358154296875,38.73009490966797,39.79218673706055,39.80731201171875,10,15.000000953674316,15.000000953674316,15.789472579956055,0,0,0,0,2.697943925857544,8589934592,1073741824,5255610368,299040768
205,1771642416664,3504,3504,3504,3504,3504,3504,3504,3504,40.50223159790039,40.07489013671875,38.90526580810547,38.758544921875,39.103336334228516,38.8358154296875,38.73009490966797,39.79218673706055,39.80731201171875,15.789472579956055,15.789472579956055,15.000000953674316,19.047618865966797,0,0,0,0,1.8277924060821533,8589934592,1073741824,5255299072,299040768
207,1771642416870,3504,3504,3504,3504,3504,3504,3504,3504,40.50223159790039,40.07489013671875,38.90526580810547,38.758544921875,39.103336334228516,38.8358154296875,38.73009490966797,39.79218673706055,39.80731201171875,19.047618865966797,23.809524536132813,9.523809432983398,10,0,0,0,0,1.8277924060821533,8589934592,1073741824,5255299072,299040768
201,1771642417078,3504,3504,3504,3504,3504,3504,3504,3504,40.50223159790039,40.07489013671875,38.90526580810547,38.758544921875,39.103336334228516,38.8358154296875,38.73009490966797,39.79218673706055,39.80731201171875,19.047618865966797,15.000000953674316,15.000000953674316,9.523809432983398,0,0,0,0,1.8277924060821533,8589934592,1073741824,5255299072,299040768
209,1771642417281,3504,3504,3504,3504,3504,3504,3504,3504,40.27995300292969,39.93021774291992,38.650970458984375,38.56446838378906,38.91283416748047,38.567657470703125,38.55339050292969,39.631622314453125,39.59441375732422,50,42.85714340209961,25,20,0,0,0,0,1.8277924060821533,8589934592,1073741824,5254987776,299040768
206,1771642417491,3504,3504,3504,3504,3504,3504,3504,3504,40.27995300292969,39.93021774291992,38.650970458984375,38.56446838378906,38.91283416748047,38.567657470703125,38.55339050292969,39.631622314453125,39.59441375732422,19.047618865966797,20,19.047618865966797,9.523809432983398,0,0,0,0,1.8277924060821533,8589934592,1073741824,5255004160,299040768
205,1771642417698,3504,3504,3504,3504,3504,3504,3504,3504,40.27995300292969,39.93021774291992,38.650970458984375,38.56446838378906,38.91283416748047,38.567657470703125,38.55339050292969,39.631622314453125,39.59441375732422,19.047618865966797,19.047618865966797,9.523809432983398,5,0,0,0,0,2.5996530055999756,8589934592,1073741824,5255020544,299040768
208,1771642417903,3504,3504,3504,3504,3504,3504,3504,3504,40.27995300292969,39.93021774291992,38.650970458984375,38.56446838378906,38.91283416748047,38.567657470703125,38.55339050292969,39.631622314453125,39.59441375732422,25,30.000001907348633,40,19.047618865966797,5,5,4.761904716491699,4.545454502105713,2.5996530055999756,8589934592,1073741824,5258346496,299040768
201,1771642418112,3504,3504,3504,3504,3504,3504,3504,3504,40.27995300292969,39.93021774291992,38.650970458984375,38.56446838378906,38.91283416748047,38.567657470703125,38.55339050292969,39.631622314453125,39.59441375732422,25,19.047618865966797,19.047618865966797,10,0,0,0,0,2.5996530055999756,8589934592,1073741824,5257101312,299040768
209,1771642418314,3504,3504,3504,3504,3504,3504,3504,3504,40.14311981201172,39.85801315307617,38.60469055175781,38.41057586669922,38.77546691894531,38.427955627441406,38.44975280761719,39.52265548706055,39.41013717651367,23.809524536132813,15.000000953674316,23.809524536132813,13.636363983154297,0,0,0,0,2.5996530055999756,8589934592,1073741824,5257101312,299040768
206,1771642418524,3504,3504,3504,3504,3504,3504,3504,3504,40.14311981201172,39.85801315307617,38.60469055175781,38.41057586669922,38.77546691894531,38.427955627441406,38.44975280761719,39.52265548706055,39.41013717651367,19.047618865966797,14.285715103149414,15.000000953674316,5,0,0,0,0,2.5996530055999756,8589934592,1073741824,5257101312,299040768
203,1771642418731,3504,3504,3504,3504,3504,3504,3504,3504,40.14311981201172,39.85801315307617,38.60469055175781,38.41057586669922,38.77546691894531,38.427955627441406,38.44975280761719,39.52265548706055,39.41013717651367,15.000000953674316,23.809524536132813,19.047618865966797,14.285715103149414,0,0,0,0,2.191093921661377,8589934592,1073741824,5257248768,299040768
202,1771642418934,3504,3504,3504,3504,3504,3504,3504,3504,40.14311981201172,39.85801315307617,38.60469055175781,38.41057586669922,38.77546691894531,38.427955627441406,38.44975280761719,39.52265548706055,39.41013717651367,15.000000953674316,20,20,5.263157844543457,0,0,0,0,2.191093921661377,8589934592,1073741824,5257510912,299040768
209,1771642419137,3504,3504,3504,3504,3504,3504,3504,3504,40.14311981201172,39.85801315307617,38.60469055175781,38.41057586669922,38.77546691894531,38.427955627441406,38.44975280761719,39.52265548706055,39.41013717651367,20,15.000000953674316,20,9.523809432983398,0,0,0,0,2.191093921661377,8589934592,1073741824,5257428992,299040768
209,1771642419347,3504,3504,3504,3504,3504,3504,3504,3504,39.88434600830078,39.65123748779297,38.315513610839844,38.137237548828125,38.58881759643555,38.20764923095703,38.219757080078125,39.23710250854492,39.20328140258789,19.047618865966797,14.285715103149414,14.285715103149414,5,0,0,0,0,2.191093921661377,8589934592,1073741824,5257478144,299040768
206,1771642419557,3504,3504,3504,3504,3504,3504,3504,3504,39.88434600830078,39.65123748779297,38.315513610839844,38.137237548828125,38.58881759643555,38.20764923095703,38.219757080078125,39.23710250854492,39.20328140258789,22.72727394104004,14.285715103149414,14.285715103149414,9.090909004211426,0,0,0,0,2.191093921661377,8589934592,1073741824,5257478144,299040768
207,1771642419764,3504,3504,3504,3504,3504,3504,3504,3504,39.88434600830078,39.65123748779297,38.315513610839844,38.137237548828125,38.58881759643555,38.20764923095703,38.219757080078125,39.23710250854492,39.20328140258789,30.000001907348633,25,25,15.000000953674316,5,4.761904716491699,4.761904716491699,0,2.0575969219207764,8589934592,1073741824,5263065088,299040768
209,1771642419972,3504,3504,3504,3504,3504,3504,3504,3504,39.88434600830078,39.65123748779297,38.315513610839844,38.137237548828125,38.58881759643555,38.20764923095703,38.219757080078125,39.23710250854492,39.20328140258789,25,19.047618865966797,19.047618865966797,14.285715103149414,9.090909004211426,5,0,0,2.0575969219207764,8589934592,1073741824,5263949824,299040768
206,1771642420182,3504,3504,3504,3504,3504,3504,3504,3504,40.03746795654297,39.70527648925781,38.402862548828125,38.213218688964844,38.5361213684082,38.198158264160156,38.210655212402344,39.27326583862305,39.232051849365234,19.047618865966797,10,13.636363983154297,18.18181800842285,5,9.523809432983398,9.090909004211426,4.545454502105713,2.0575969219207764,8589934592,1073741824,5265457152,299040768
207,1771642420389,3504,3504,3504,3504,3504,3504,3504,3504,40.03746795654297,39.70527648925781,38.402862548828125,38.213218688964844,38.5361213684082,38.198158264160156,38.210655212402344,39.27326583862305,39.232051849365234,19.047618865966797,28.571430206298828,20,10.526315689086914,5,4.761904716491699,0,0,2.0575969219207764,8589934592,1073741824,5266948096,299040768
205,1771642420597,3504,3504,3504,3504,3504,3504,3504,3504,40.03746795654297,39.70527648925781,38.402862548828125,38.213218688964844,38.5361213684082,38.198158264160156,38.210655212402344,39.27326583862305,39.232051849365234,15.000000953674316,20,15.000000953674316,9.523809432983398,0,0,0,0,2.0575969219207764,8589934592,1073741824,5267013632,299040768
199,1771642420804,3504,3504,3504,3504,3504,3504,3504,3504,40.03746795654297,39.70527648925781,38.402862548828125,38.213218688964844,38.5361213684082,38.198158264160156,38.210655212402344,39.27326583862305,39.232051849365234,23.809524536132813,23.809524536132813,14.285715103149414,10,0,0,0,0,2.3950953483581543,8589934592,1073741824,5267013632,299040768
207,1771642421004,3504,3504,3504,3504,3504,3504,3504,3504,40.03746795654297,39.70527648925781,38.402862548828125,38.213218688964844,38.5361213684082,38.198158264160156,38.210655212402344,39.27326583862305,39.232051849365234,45,47.619049072265625,31.57894515991211,28.571430206298828,0,0,0,0,2.3950953483581543,8589934592,1073741824,5277270016,299040768
208,1771642421212,3504,3504,3504,3504,3504,3504,3504,3504,39.878456115722656,39.55555725097656,38.27268981933594,38.019309997558594,38.44070816040039,38.04724884033203,38.03385925292969,39.165645599365234,39.11566925048828,25,28.571430206298828,23.809524536132813,14.285715103149414,28.571430206298828,0,0,0,2.3950953483581543,8589934592,1073741824,5279449088,299040768
209,1771642421421,3504,3504,3504,3504,3504,3504,3504,3504,39.878456115722656,39.55555725097656,38.27268981933594,38.019309997558594,38.44070816040039,38.04724884033203,38.03385925292969,39.165645599365234,39.11566925048828,23.809524536132813,20,15.000000953674316,10,10,0,0,0,2.3950953483581543,8589934592,1073741824,5279776768,299040768
207,1771642421631,3504,3504,3504,3504,3504,3504,3504,3504,39.878456115722656,39.55555725097656,38.27268981933594,38.019309997558594,38.44070816040039,38.04724884033203,38.03385925292969,39.165645599365234,39.11566925048828,28.571430206298828,15.000000953674316,14.285715103149414,5,0,0,0,0,2.3950953483581543,8589934592,1073741824,5279793152,299040768
199,1771642421839,3504,3504,3504,3504,3504,3504,3504,3504,39.878456115722656,39.55555725097656,38.27268981933594,38.019309997558594,38.44070816040039,38.04724884033203,38.03385925292969,39.165645599365234,39.11566925048828,28.571430206298828,19.047618865966797,13.636363983154297,13.636363983154297,0,0,0,0,2.360369920730591,8589934592,1073741824,5279744000,299040768
209,1771642422039,3504,3504,3504,3504,3504,3504,3504,3504,39.878456115722656,39.55555725097656,38.27268981933594,38.019309997558594,38.44070816040039,38.04724884033203,38.03385925292969,39.165645599365234,39.11566925048828,21.052631378173828,14.285715103149414,15.000000953674316,10,0,0,0,0,2.360369920730591,8589934592,1073741824,5279744000,299040768
205,1771642422249,3504,3504,3504,3504,3504,3504,3504,3504,39.894588470458984,39.615089416503906,38.29064178466797,38.00597381591797,38.42283248901367,37.90771484375,37.992637634277344,39.064109802246094,38.99161148071289,23.809524536132813,20,9.523809432983398,9.523809432983398,0,0,0,0,2.360369920730591,8589934592,1073741824,5279891456,299040768
209,1771642422454,3504,3504,3504,3504,3504,3504,3504,3504,39.894588470458984,39.615089416503906,38.29064178466797,38.00597381591797,38.42283248901367,37.90771484375,37.992637634277344,39.064109802246094,38.99161148071289,23.809524536132813,25,15.000000953674316,10,0,0,0,0,2.360369920730591,8589934592,1073741824,5280071680,299040768
199,1771642422664,3504,3504,3504,3504,3504,3504,3504,3504,39.894588470458984,39.615089416503906,38.29064178466797,38.00597381591797,38.42283248901367,37.90771484375,37.992637634277344,39.064109802246094,38.99161148071289,10,23.809524536132813,14.285715103149414,9.523809432983398,0,0,0,0,2.649770498275757,8589934592,1073741824,5280071680,299040768
201,1771642422864,3504,3504,3504,3504,3504,3504,3504,3504,39.894588470458984,39.615089416503906,38.29064178466797,38.00597381591797,38.42283248901367,37.90771484375,37.992637634277344,39.064109802246094,38.99161148071289,15.000000953674316,20,10.526315689086914,19.047618865966797,5,0,0,0,2.649770498275757,8589934592,1073741824,5280104448,299040768
205,1771642423066,3504,3504,3504,3504,3504,3504,3504,3504,39.894588470458984,39.615089416503906,38.29064178466797,38.00597381591797,38.42283248901367,37.90771484375,37.992637634277344,39.064109802246094,38.99161148071289,19.047618865966797,15.000000953674316,10,15.000000953674316,0,0,0,0,2.649770498275757,8589934592,1073741824,5280153600,299040768
209,1771642423272,3504,3504,3504,3504,3504,3504,3504,3504,39.74684143066406,39.1467170715332,37.87513732910156,37.693077087402344,38.160396575927734,37.627464294433594,37.813499450683594,38.827178955078125,38.74348831176758,15.000000953674316,19.047618865966797,13.636363983154297,10.526315689086914,4.761904716491699,0,0,0,2.649770498275757,8589934592,1073741824,5280153600,299040768
206,1771642423482,3504,3504,3504,3504,3504,3504,3504,3504,39.74684143066406,39.1467170715332,37.87513732910156,37.693077087402344,38.160396575927734,37.627464294433594,37.813499450683594,38.827178955078125,38.74348831176758,14.285715103149414,23.809524536132813,5,14.285715103149414,0,4.545454502105713,0,0,2.649770498275757,8589934592,1073741824,5280169984,299040768
207,1771642423689,3504,3504,3504,3504,3504,3504,3504,3504,39.74684143066406,39.1467170715332,37.87513732910156,37.693077087402344,38.160396575927734,37.627464294433594,37.813499450683594,38.827178955078125,38.74348831176758,14.285715103149414,10,5,19.047618865966797,0,0,0,0,2.6746299266815186,8589934592,1073741824,5280169984,299040768
209,1771642423897,3504,3504,3504,3504,3504,3504,3504,3504,39.74684143066406,39.1467170715332,37.87513732910156,37.693077087402344,38.160396575927734,37.627464294433594,37.813499450683594,38.827178955078125,38.74348831176758,20,23.809524536132813,19.047618865966797,22.72727394104004,0,0,0,0,2.6746299266815186,8589934592,1073741824,5280104448,299040768
208,1771642424107,3504,3504,3504,3504,3504,3504,3504,3504,39.74684143066406,39.1467170715332,37.87513732910156,37.693077087402344,38.160396575927734,37.627464294433594,37.813499450683594,38.827178955078125,38.74348831176758,9.523809432983398,14.285715103149414,19.047618865966797,15.000000953674316,0,0,0,0,2.6746299266815186,8589934592,1073741824,5280284672,299040768
209,1771642424316,3504,3504,3504,3504,3504,3504,3504,3504,39.539310455322266,39.00546646118164,37.77623748779297,37.500946044921875,37.965858459472656,37.42457580566406,37.646575927734375,38.67110061645508,38.63608169555664,28.571430206298828,14.285715103149414,14.285715103149414,9.523809432983398,0,0,0,0,2.6746299266815186,8589934592,1073741824,5280333824,299040768
201,1771642424526,3504,3504,3504,3504,3504,3504,3504,3504,39.539310455322266,39.00546646118164,37.77623748779297,37.500946044921875,37.965858459472656,37.42457580566406,37.646575927734375,38.67110061645508,38.63608169555664,25,15.000000953674316,14.285715103149414,10,0,0,0,0,2.6746299266815186,8589934592,1073741824,5282283520,299040768
202,1771642424728,3504,3504,3504,3504,3504,3504,3504,3504,39.539310455322266,39.00546646118164,37.77623748779297,37.500946044921875,37.965858459472656,37.42457580566406,37.646575927734375,38.67110061645508,38.63608169555664,23.809524536132813,19.047618865966797,10,14.285715103149414,0,0,0,0,2.2140209674835205,8589934592,1073741824,5282824192,299040768
207,1771642424931,3504,3504,3504,3504,3504,3504,3504,3504,39.539310455322266,39.00546646118164,37.77623748779297,37.500946044921875,37.965858459472656,37.42457580566406,37.646575927734375,38.67110061645508,38.63608169555664,30.000001907348633,20,15.000000953674316,5.263157844543457,0,0,0,0,2.2140209674835205,8589934592,1073741824,5282824192,299040768
199,1771642425139,3504,3504,3504,3504,3504,3504,3504,3504,39.539310455322266,39.00546646118164,37.77623748779297,37.500946044921875,37.965858459472656,37.42457580566406,37.646575927734375,38.67110061645508,38.63608169555664,33.333335876464844,20,20,18.18181800842285,0,0,0,0,2.2140209674835205,8589934592,1073741824,5284249600,299040768
209,1771642425339,3504,3504,3504,3504,3504,3504,3504,3504,39.38137435913086,38.90156555175781,37.680015563964844,37.44261932373047,37.85762023925781,37.28820037841797,37.480064392089844,38.55860900878906,38.54808807373047,47.36842346191406,40,42.85714340209961,31.57894515991211,0,0,0,0,2.2140209674835205,8589934592,1073741824,5288017920,299040768
199,1771642425549,3504,3504,3504,3504,3504,3504,3504,3504,39.38137435913086,38.90156555175781,37.680015563964844,37.44261932373047,37.85762023925781,37.28820037841797,37.480064392089844,38.55860900878906,38.54808807373047,42.85714340209961,33.333335876464844,30.000001907348633,28.571430206298828,4.761904716491699,0,4.545454502105713,0,2.2140209674835205,8589934592,1073741824,5290147840,299040768
202,1771642425749,3504,3504,3504,3504,3504,3504,3504,3504,39.38137435913086,38.90156555175781,37.680015563964844,37.44261932373047,37.85762023925781,37.28820037841797,37.480064392089844,38.55860900878906,38.54808807373047,28.571430206298828,15.000000953674316,14.285715103149414,10,0,0,0,0,2.2389566898345947,8589934592,1073741824,5289984000,299040768
209,1771642425952,3504,3504,3504,3504,3504,3504,3504,3504,39.38137435913086,38.90156555175781,37.680015563964844,37.44261932373047,37.85762023925781,37.28820037841797,37.480064392089844,38.55860900878906,38.54808807373047,26.3157901763916,10,14.285715103149414,10,0,0,0,0,2.2389566898345947,8589934592,1073741824,5289984000,299040768
207,1771642426162,3504,3504,3504,3504,3504,3504,3504,3504,39.38137435913086,38.90156555175781,37.680015563964844,37.44261932373047,37.82504653930664,37.217628479003906,37.46842956542969,38.5191535949707,38.481597900390625,31.81818199157715,14.285715103149414,5.263157844543457,13.636363983154297,0,0,0,0,2.2389566898345947,8589934592,1073741824,5289213952,299040768
208,1771642426370,3504,3504,3504,3504,3504,3504,3504,3504,39.3111457824707,38.84467697143555,37.556434631347656,37.415184020996094,37.82504653930664,37.217628479003906,37.46842956542969,38.5191535949707,38.481597900390625,20,10,9.523809432983398,15.000000953674316,0,0,0,0,2.2389566898345947,8589934592,1073741824,5289213952,299040768
206,1771642426578,3504,3504,3504,3504,3504,3504,3504,3504,39.3111457824707,38.84467697143555,37.556434631347656,37.415184020996094,37.82504653930664,37.217628479003906,37.46842956542969,38.5191535949707,38.481597900390625,25,14.285715103149414,14.285715103149414,19.047618865966797,0,0,0,4.761904716491699,2.2389566898345947,8589934592,1073741824,5278711808,299040768
209,1771642426785,3504,3504,3504,3504,3504,3504,3504,3504,39.3111457824707,38.84467697143555,37.556434631347656,37.415184020996094,37.82504653930664,37.217628479003906,37.46842956542969,38.5191535949707,38.481597900390625,22.72727394104004,19.047618865966797,9.523809432983398,5,0,0,0,0,1.973693609237671,8589934592,1073741824,5278711808,299040768
208,1771642426995,3504,3504,3504,3504,3504,3504,3504,3504,39.3111457824707,38.84467697143555,37.556434631347656,37.415184020996094,37.82504653930664,37.217628479003906,37.46842956542969,38.5191535949707,38.481597900390625,15.000000953674316,23.809524536132813,19.047618865966797,9.523809432983398,0,0,0,0,1.973693609237671,8589934592,1073741824,5278711808,299040768
208,1771642427203,3504,3504,3504,3504,3504,3504,3504,3504,39.16424560546875,38.72026443481445,37.410423278808594,37.295143127441406,37.678497314453125,37.0704231262207,37.33441162109375,38.34935760498047,38.39659118652344,20,23.809524536132813,10,9.523809432983398,0,0,0,0,1.973693609237671,8589934592,1073741824,5279121408,299040768
201,1771642427412,3504,3504,3504,3504,3504,3504,3504,3504,39.16424560546875,38.72026443481445,37.410423278808594,37.295143127441406,37.678497314453125,37.0704231262207,37.33441162109375,38.34935760498047,38.39659118652344,14.285715103149414,28.571430206298828,14.285715103149414,5,0,0,0,0,1.973693609237671,8589934592,1073741824,5279219712,299040768
206,1771642427614,3504,3504,3504,3504,3504,3504,3504,3504,39.16424560546875,38.72026443481445,37.410423278808594,37.295143127441406,37.678497314453125,37.0704231262207,37.33441162109375,38.34935760498047,38.39659118652344,19.047618865966797,26.3157901763916,14.285715103149414,13.636363983154297,0,0,0,0,1.973693609237671,8589934592,1073741824,5279219712,299040768
207,1771642427821,3504,3504,3504,3504,3504,3504,3504,3504,39.16424560546875,38.72026443481445,37.410423278808594,37.295143127441406,37.678497314453125,37.0704231262207,37.33441162109375,38.34935760498047,38.39659118652344,40,28.571430206298828,40,20,0,4.761904716491699,4.761904716491699,0,2.457200050354004,8589934592,1073741824,5279793152,299040768
209,1771642428028,3504,3504,3504,3504,3504,3504,3504,3504,39.16424560546875,38.72026443481445,37.410423278808594,37.295143127441406,37.678497314453125,37.0704231262207,37.33441162109375,38.34935760498047,38.39659118652344,25,30.000001907348633,19.047618865966797,15.000000953674316,19.047618865966797,14.285715103149414,15.000000953674316,14.285715103149414,2.457200050354004,8589934592,1073741824,5279793152,299040768
208,1771642428238,3504,3504,3504,3504,3504,3504,3504,3504,39.3946533203125,39.011314392089844,37.68780517578125,37.49998474121094,37.775577545166016,37.391326904296875,37.59527587890625,38.68635940551758,38.67356491088867,13.636363983154297,27.272727966308594,10,4.761904716491699,4.545454502105713,0,0,0,2.457200050354004,8589934592,1073741824,5279531008,299040768
209,1771642428447,3504,3504,3504,3504,3504,3504,3504,3504,39.3946533203125,39.011314392089844,37.68780517578125,37.49998474121094,37.775577545166016,37.391326904296875,37.59527587890625,38.68635940551758,38.67356491088867,15.000000953674316,23.809524536132813,13.636363983154297,9.523809432983398,0,0,0,0,2.457200050354004,8589934592,1073741824,5279531008,299040768
206,1771642428657,3504,3504,3504,3504,3504,3504,3504,3504,39.3946533203125,39.011314392089844,37.68780517578125,37.49998474121094,37.775577545166016,37.391326904296875,37.59527587890625,38.68635940551758,38.67356491088867,19.047618865966797,25,10,9.523809432983398,0,0,0,0,2.457200050354004,8589934592,1073741824,5279531008,299040768
207,1771642428864,3504,3504,3504,3504,3504,3504,3504,3504,39.3946533203125,39.011314392089844,37.68780517578125,37.49998474121094,37.775577545166016,37.391326904296875,37.59527587890625,38.68635940551758,38.67356491088867,19.047618865966797,28.571430206298828,10,14.285715103149414,0,0,0,0,2.1537106037139893,8589934592,1073741824,5279612928,299040768
209,1771642429072,3504,3504,3504,3504,3504,3504,3504,3504,39.3946533203125,39.011314392089844,37.68780517578125,37.49998474121094,37.775577545166016,37.391326904296875,37.59527587890625,38.68635940551758,38.67356491088867,28.571430206298828,33.333335876464844,19.047618865966797,15.000000953674316,4.761904716491699,4.761904716491699,4.545454502105713,0,2.1537106037139893,8589934592,1073741824,5281038336,299040768
207,1771642429282,3504,3504,3504,3504,3504,3504,3504,3504,39.15533447265625,38.74235916137695,37.44635772705078,37.292877197265625,37.6694221496582,37.100730895996094,37.314979553222656,38.36998748779297,38.3648567199707,15.000000953674316,19.047618865966797,19.047618865966797,4.761904716491699,5,4.761904716491699,0,9.090909004211426,2.1537106037139893,8589934592,1073741824,5281890304,299040768
206,1771642429490,3504,3504,3504,3504,3504,3504,3504,3504,39.15533447265625,38.74235916137695,37.44635772705078,37.292877197265625,37.6694221496582,37.100730895996094,37.314979553222656,38.36998748779297,38.3648567199707,23.809524536132813,10,19.047618865966797,9.523809432983398,0,0,0,0,2.1537106037139893,8589934592,1073741824,5281824768,299040768
209,1771642429697,3504,3504,3504,3504,3504,3504,3504,3504,39.15533447265625,38.74235916137695,37.44635772705078,37.292877197265625,37.6694221496582,37.100730895996094,37.314979553222656,38.36998748779297,38.3648567199707,20,14.285715103149414,15.000000953674316,14.285715103149414,0,0,0,0,2.4152894020080566,8589934592,1073741824,5281742848,299040768
205,1771642429907,3504,3504,3504,3504,3504,3504,3504,3504,39.15533447265625,38.74235916137695,37.44635772705078,37.292877197265625,37.6694221496582,37.100730895996094,37.314979553222656,38.36998748779297,38.3648567199707,19.047618865966797,14.285715103149414,23.809524536132813,5,0,0,0,0,2.4152894020080566,8589934592,1073741824,5281447936,299040768
200,1771642430113,3504,3504,3504,3504,3504,3504,3504,3504,39.15533447265625,38.74235916137695,37.44635772705078,37.292877197265625,37.6694221496582,37.100730895996094,37.314979553222656,38.36998748779297,38.3648567199707,20,10,15.000000953674316,9.523809432983398,0,0,0,0,2.4152894020080566,8589934592,1073741824,5281447936,299040768
209,1771642430314,3504,3504,3504,3504,3504,3504,3504,3504,38.928340911865234,38.55287170410156,37.31109619140625,37.085044860839844,37.51093673706055,36.88787841796875,37.20587158203125,38.214786529541016,38.15599060058594,15.000000953674316,15.789472579956055,19.047618865966797,5,5,0,0,0,2.4152894020080566,8589934592,1073741824,5281447936,299040768
207,1771642430524,3504,3504,3504,3504,3504,3504,3504,3504,38.928340911865234,38.55287170410156,37.31109619140625,37.085044860839844,37.51093673706055,36.88787841796875,37.20587158203125,38.214786529541016,38.15599060058594,13.636363983154297,22.72727394104004,19.047618865966797,9.523809432983398,0,0,0,0,2.4152894020080566,8589934592,1073741824,5280776192,299040768
209,1771642430732,3504,3504,3504,3504,3504,3504,3504,3504,38.928340911865234,38.55287170410156,37.31109619140625,37.085044860839844,37.51093673706055,36.88787841796875,37.20587158203125,38.214786529541016,38.15599060058594,10,20,15.000000953674316,9.523809432983398,0,0,0,0,2.094252824783325,8589934592,1073741824,5280792576,299040768
209,1771642430942,3504,3504,3504,3504,3504,3504,3504,3504,38.928340911865234,38.55287170410156,37.31109619140625,37.085044860839844,37.51093673706055,36.88787841796875,37.20587158203125,38.214786529541016,38.15599060058594,14.285715103149414,22.72727394104004,14.285715103149414,10,0,0,0,0,2.094252824783325,8589934592,1073741824,5280792576,299040768
209,1771642431152,3504,3504,3504,3504,3504,3504,3504,3504,38.928340911865234,38.55287170410156,37.31109619140625,37.085044860839844,37.51093673706055,36.88787841796875,37.20587158203125,38.214786529541016,38.15599060058594,15.000000953674316,20,14.285715103149414,13.636363983154297,0,0,0,0,2.094252824783325,8589934592,1073741824,5280792576,299040768
201,1771642431362,3504,3504,3504,3504,3504,3504,3504,3504,38.82881164550781,38.36254119873047,37.16874694824219,36.98940658569336,37.32356262207031,36.692508697509766,37.073974609375,38.07107925415039,38.00156784057617,27.272727966308594,22.72727394104004,14.285715103149414,20,38.095237731933594,0,0,0,2.094252824783325,8589934592,1073741824,5281054720,299040768
205,1771642431564,3504,3504,3504,3504,3504,3504,3504,3504,38.82881164550781,38.36254119873047,37.16874694824219,36.98940658569336,37.32356262207031,36.692508697509766,37.073974609375,38.07107925415039,38.00156784057617,15.000000953674316,10.526315689086914,5,19.047618865966797,0,4.545454502105713,0,0,2.094252824783325,8589934592,1073741824,5281103872,299040768
209,1771642431770,3504,3504,3504,3504,3504,3504,3504,3504,38.82881164550781,38.36254119873047,37.16874694824219,36.98940658569336,37.32356262207031,36.692508697509766,37.073974609375,38.07107925415039,38.00156784057617,20,15.000000953674316,14.285715103149414,15.000000953674316,0,0,0,0,2.5882043838500977,8589934592,1073741824,5280989184,299040768
202,1771642431980,3504,3504,3504,3504,3504,3504,3504,3504,38.82881164550781,38.36254119873047,37.16874694824219,36.98940658569336,37.32356262207031,36.692508697509766,37.073974609375,38.07107925415039,38.00156784057617,22.72727394104004,23.809524536132813,15.000000953674316,23.809524536132813,0,0,0,0,2.5882043838500977,8589934592,1073741824,5282791424,299040768
206,1771642432183,3504,3504,3504,3504,3504,3504,3504,3504,38.9407958984375,38.65732192993164,37.366546630859375,37.1072998046875,37.40730667114258,36.72147750854492,37.07202911376953,38.054813385009766,38.032508850097656,15.789472579956055,23.809524536132813,10,10,0,0,4.545454502105713,0,2.5882043838500977,8589934592,1073741824,5279907840,299040768
209,1771642432390,3504,3504,3504,3504,3504,3504,3504,3504,38.9407958984375,38.65732192993164,37.366546630859375,37.1072998046875,37.40730667114258,36.72147750854492,37.07202911376953,38.054813385009766,38.032508850097656,19.047618865966797,19.047618865966797,9.523809432983398,10,0,0,0,0,2.5882043838500977,8589934592,1073741824,5279891456,299040768
203,1771642432600,3504,3504,3504,3504,3504,3504,3504,3504,38.9407958984375,38.65732192993164,37.366546630859375,37.1072998046875,37.40730667114258,36.72147750854492,37.07202911376953,38.054813385009766,38.032508850097656,14.285715103149414,20,10,18.18181800842285,0,0,0,0,2.5882043838500977,8589934592,1073741824,5279891456,299040768
209,1771642432804,3504,3504,3504,3504,3504,3504,3504,3504,38.9407958984375,38.65732192993164,37.366546630859375,37.1072998046875,37.40730667114258,36.72147750854492,37.07202911376953,38.054813385009766,38.032508850097656,14.285715103149414,23.809524536132813,13.636363983154297,15.000000953674316,9.523809432983398,0,0,0,2.4805877208709717,8589934592,1073741824,5279907840,299040768
209,1771642433014,3504,3504,3504,3504,3504,3504,3504,3504,38.9407958984375,38.65732192993164,37.366546630859375,37.1072998046875,37.40730667114258,36.72147750854492,37.07202911376953,38.054813385009766,38.032508850097656,14.285715103149414,14.285715103149414,9.523809432983398,19.047618865966797,0,0,4.761904716491699,0,2.4805877208709717,8589934592,1073741824,5279645696,299040768
209,1771642433224,3504,3504,3504,3504,3504,3504,3504,3504,38.772796630859375,38.25695037841797,36.99398422241211,36.769718170166016,37.14039993286133,36.54334259033203,36.927520751953125,37.88129806518555,37.95574951171875,10,19.047618865966797,5,14.285715103149414,4.545454502105713,0,0,0,2.4805877208709717,8589934592,1073741824,5279645696,299040768
204,1771642433434,3504,3504,3504,3504,3504,3504,3504,3504,38.772796630859375,38.25695037841797,36.99398422241211,36.769718170166016,37.14039993286133,36.54334259033203,36.927520751953125,37.88129806518555,37.95574951171875,23.809524536132813,15.000000953674316,9.523809432983398,5,0,0,0,0,2.4805877208709717,8589934592,1073741824,5279645696,299040768
206,1771642433639,3504,3504,3504,3504,3504,3504,3504,3504,38.772796630859375,38.25695037841797,36.99398422241211,36.769718170166016,37.14039993286133,36.54334259033203,36.927520751953125,37.88129806518555,37.95574951171875,30.000001907348633,28.571430206298828,19.047618865966797,19.047618865966797,0,0,0,0,2.4805877208709717,8589934592,1073741824,5286379520,299040768
208,1771642433845,3504,3504,3504,3504,3504,3504,3504,3504,38.772796630859375,38.25695037841797,36.99398422241211,36.769718170166016,37.14039993286133,36.54334259033203,36.927520751953125,37.88129806518555,37.95574951171875,19.047618865966797,15.000000953674316,10,9.523809432983398,0,0,0,0,2.4085850715637207,8589934592,1073741824,5286281216,299040768
200,1771642434054,3504,3504,3504,3504,3504,3504,3504,3504,38.772796630859375,38.25695037841797,36.99398422241211,36.769718170166016,37.14039993286133,36.54334259033203,36.927520751953125,37.88129806518555,37.95574951171875,23.809524536132813,15.000000953674316,14.285715103149414,4.761904716491699,0,0,0,0,2.4085850715637207,8589934592,1073741824,5286281216,299040768
208,1771642434255,3504,3504,3504,3504,3504,3504,3504,3504,38.63362503051758,38.1042366027832,36.925559997558594,36.71186065673828,37.059139251708984,36.47296142578125,36.80160903930664,37.7619514465332,37.80076599121094,10.526315689086914,20,15.000000953674316,5.263157844543457,0,0,0,0,2.4085850715637207,8589934592,1073741824,5286281216,299040768
203,1771642434464,3504,3504,3504,3504,3504,3504,3504,3504,38.63362503051758,38.1042366027832,36.925559997558594,36.71186065673828,37.059139251708984,36.47296142578125,36.80160903930664,37.7619514465332,37.80076599121094,15.000000953674316,18.18181800842285,10,23.809524536132813,0,0,0,0,2.4085850715637207,8589934592,1073741824,5286264832,299040768
207,1771642434668,3504,3504,3504,3504,3504,3504,3504,3504,38.63362503051758,38.1042366027832,36.925559997558594,36.71186065673828,37.059139251708984,36.47296142578125,36.80160903930664,37.7619514465332,37.80076599121094,14.285715103149414,10,10,25,0,0,0,0,2.227039337158203,8589934592,1073741824,5286150144,299040768
209,1771642434876,3504,3504,3504,3504,3504,3504,3504,3504,38.63362503051758,38.1042366027832,36.925559997558594,36.71186065673828,37.059139251708984,36.47296142578125,36.80160903930664,37.7619514465332,37.80076599121094,28.571430206298828,25,27.272727966308594,28.571430206298828,0,0,0,0,2.227039337158203,8589934592,1073741824,5287804928,299040768
208,1771642435086,3504,3504,3504,3504,3504,3504,3504,3504,38.63362503051758,38.1042366027832,36.925559997558594,36.71186065673828,37.059139251708984,36.47296142578125,36.80160903930664,37.7619514465332,37.80076599121094,19.047618865966797,9.523809432983398,5,14.285715103149414,0,4.761904716491699,0,0,2.227039337158203,8589934592,1073741824,5290131456,299040768
205,1771642435295,3504,3504,3504,3504,3504,3504,3504,3504,38.55099868774414,38.082828521728516,36.925086975097656,36.786231994628906,37.03858184814453,36.40631866455078,36.75614929199219,37.70122528076172,37.699790954589844,25,19.047618865966797,14.285715103149414,9.523809432983398,0,0,0,0,2.227039337158203,8589934592,1073741824,5290147840,299040768
209,1771642435501,3504,3504,3504,3504,3504,3504,3504,3504,38.55099868774414,38.082828521728516,36.925086975097656,36.786231994628906,37.03858184814453,36.40631866455078,36.75614929199219,37.70122528076172,37.699790954589844,28.571430206298828,15.000000953674316,14.285715103149414,10,0,0,0,0,2.227039337158203,8589934592,1073741824,5290147840,299040768
201,1771642435711,3504,3504,3504,3504,3504,3504,3504,3504,38.55099868774414,38.082828521728516,36.925086975097656,36.786231994628906,37.03858184814453,36.40631866455078,36.75614929199219,37.70122528076172,37.699790954589844,22.72727394104004,22.72727394104004,10,4.761904716491699,0,0,0,0,2.0101821422576904,8589934592,1073741824,5290213376,299040768
209,1771642435914,3504,3504,3504,3504,3504,3504,3504,3504,38.55099868774414,38.082828521728516,36.925086975097656,36.786231994628906,37.03858184814453,36.40631866455078,36.75614929199219,37.70122528076172,37.699790954589844,21.052631378173828,5.263157844543457,10,20,0,0,0,0,2.0101821422576904,8589934592,1073741824,5290065920,299040768
202,1771642436124,3504,3504,3504,3504,3504,3504,3504,3504,38.55099868774414,38.082828521728516,36.925086975097656,36.786231994628906,37.03858184814453,36.40631866455078,36.75614929199219,37.70122528076172,37.699790954589844,14.285715103149414,19.047618865966797,13.636363983154297,18.18181800842285,8.69565200805664,0,0,4.761904716491699,2.0101821422576904,8589934592,1073741824,5290131456,299040768
199,1771642436327,3504,3504,3504,3504,3504,3504,3504,3504,38.5171012878418,37.99151611328125,36.89206314086914,36.67435836791992,36.944786071777344,36.362030029296875,36.67142868041992,37.644325256347656,37.6473274230957,20,27.272727966308594,10,5,0,0,0,0,2.0101821422576904,8589934592,1073741824,5289787392,299040768
202,1771642436527,3504,3504,3504,3504,3504,3504,3504,3504,38.5171012878418,37.99151611328125,36.89206314086914,36.67435836791992,36.944786071777344,36.362030029296875,36.67142868041992,37.644325256347656,37.6473274230957,21.052631378173828,16.666667938232422,10,15.000000953674316,0,0,0,0,2.0101821422576904,8589934592,1073741824,5289885696,299040768
209,1771642436731,3504,3504,3504,3504,3504,3504,3504,3504,38.5171012878418,37.99151611328125,36.89206314086914,36.67435836791992,36.944786071777344,36.362030029296875,36.67142868041992,37.644325256347656,37.6473274230957,27.272727966308594,14.285715103149414,10,15.000000953674316,0,0,0,0,2.094425916671753,8589934592,1073741824,5289902080,299040768
208,1771642436941,3504,3504,3504,3504,3504,3504,3504,3504,38.5171012878418,37.99151611328125,36.89206314086914,36.67435836791992,36.944786071777344,36.362030029296875,36.67142868041992,37.644325256347656,37.6473274230957,15.000000953674316,14.285715103149414,9.523809432983398,19.047618865966797,0,0,0,0,2.094425916671753,8589934592,1073741824,5289902080,299040768
207,1771642437150,3504,3504,3504,3504,3504,3504,3504,3504,38.5171012878418,37.99151611328125,36.89206314086914,36.67435836791992,36.944786071777344,36.362030029296875,36.67142868041992,37.644325256347656,37.6473274230957,31.81818199157715,14.285715103149414,14.285715103149414,9.523809432983398,0,0,0,0,2.094425916671753,8589934592,1073741824,5289902080,299040768
209,1771642437358,3504,3504,3504,3504,3504,3504,3504,3504,38.42675018310547,37.900108337402344,36.77342224121094,36.597686767578125,36.90085983276367,36.321388244628906,36.5304069519043,37.57990646362305,37.60255813598633,15.000000953674316,20,15.000000953674316,9.523809432983398,0,0,0,0,2.094425916671753,8589934592,1073741824,5289902080,299040768
209,1771642437567,3504,3504,3504,3504,3504,3504,3504,3504,38.42675018310547,37.900108337402344,36.77342224121094,36.597686767578125,36.90085983276367,36.321388244628906,36.5304069519043,37.57990646362305,37.60255813598633,19.047618865966797,28.571430206298828,14.285715103149414,5,0,0,0,0,2.094425916671753,8589934592,1073741824,5289787392,299040768
202,1771642437777,3504,3504,3504,3504,3504,3504,3504,3504,38.42675018310547,37.900108337402344,36.77342224121094,36.597686767578125,36.90085983276367,36.321388244628906,36.5304069519043,37.57990646362305,37.60255813598633,14.285715103149414,23.809524536132813,9.523809432983398,9.523809432983398,0,0,0,0,2.8912699222564697,8589934592,1073741824,5289787392,299040768
206,1771642437981,3504,3504,3504,3504,3504,3504,3504,3504,38.42675018310547,37.900108337402344,36.77342224121094,36.597686767578125,36.90085983276367,36.321388244628906,36.5304069519043,37.57990646362305,37.60255813598633,15.000000953674316,20,10,9.523809432983398,4.761904716491699,4.761904716491699,0,0,2.8912699222564697,8589934592,1073741824,5289656320,299040768
209,1771642438187,3504,3504,3504,3504,3504,3504,3504,3504,38.3817024230957,37.874122619628906,36.66026306152344,36.59981155395508,36.88142776489258,36.270015716552734,36.52976989746094,37.51091003417969,37.528770446777344,15.000000953674316,30.000001907348633,14.285715103149414,10,0,0,0,0,2.8912699222564697,8589934592,1073741824,5289672704,299040768
205,1771642438397,3504,3504,3504,3504,3504,3504,3504,3504,38.3817024230957,37.874122619628906,36.66026306152344,36.59981155395508,36.88142776489258,36.270015716552734,36.52976989746094,37.51091003417969,37.528770446777344,19.047618865966797,23.809524536132813,9.523809432983398,9.090909004211426,0,0,0,0,2.8912699222564697,8589934592,1073741824,5289689088,299040768
207,1771642438604,3504,3504,3504,3504,3504,3504,3504,3504,38.3817024230957,37.874122619628906,36.66026306152344,36.59981155395508,36.88142776489258,36.270015716552734,36.52976989746094,37.51091003417969,37.528770446777344,14.285715103149414,31.81818199157715,10,10,0,0,0,0,2.8912699222564697,8589934592,1073741824,5289721856,299040768
201,1771642438812,3504,3504,3504,3504,3504,3504,3504,3504,38.3817024230957,37.874122619628906,36.66026306152344,36.59981155395508,36.88142776489258,36.270015716552734,36.52976989746094,37.51091003417969,37.528770446777344,19.047618865966797,25,14.285715103149414,5,0,0,0,0,2.698834180831909,8589934592,1073741824,5289590784,299040768
206,1771642439014,3504,3504,3504,3504,3504,3504,3504,3504,38.3817024230957,37.874122619628906,36.66026306152344,36.59981155395508,36.88142776489258,36.270015716552734,36.52976989746094,37.51091003417969,37.528770446777344,15.000000953674316,28.571430206298828,10,9.523809432983398,0,0,0,0,2.698834180831909,8589934592,1073741824,5289590784,299040768
202,1771642439221,3504,3504,3504,3504,3504,3504,3504,3504,38.2483024597168,37.76073455810547,36.53388977050781,36.4985466003418,36.83778762817383,36.197845458984375,36.434364318847656,37.40715026855469,37.49165725708008,10,15.789472579956055,5,15.000000953674316,0,0,0,0,2.698834180831909,8589934592,1073741824,5289590784,299040768
205,1771642439424,3504,3504,3504,3504,3504,3504,3504,3504,38.2483024597168,37.76073455810547,36.53388977050781,36.4985466003418,36.83778762817383,36.197845458984375,36.434364318847656,37.40715026855469,37.49165725708008,15.000000953674316,19.047618865966797,18.18181800842285,19.047618865966797,0,0,0,0,2.698834180831909,8589934592,1073741824,5289590784,299040768
206,1771642439631,3504,3504,3504,3504,3504,3504,3504,3504,38.2483024597168,37.76073455810547,36.53388977050781,36.4985466003418,36.83778762817383,36.197845458984375,36.434364318847656,37.40715026855469,37.49165725708008,14.285715103149414,20,5,15.000000953674316,0,0,0,0,2.698834180831909,8589934592,1073741824,5289607168,299040768
209,1771642439837,3504,3504,3504,3504,3504,3504,3504,3504,38.2483024597168,37.76073455810547,36.53388977050781,36.4985466003418,36.83778762817383,36.197845458984375,36.434364318847656,37.40715026855469,37.49165725708008,20,19.047618865966797,15.000000953674316,23.809524536132813,0,0,0,0,2.215118646621704,8589934592,1073741824,5289508864,299040768
207,1771642440047,3504,3504,3504,3504,3504,3504,3504,3504,38.2483024597168,37.76073455810547,36.53388977050781,36.4985466003418,36.83778762817383,36.197845458984375,36.434364318847656,37.40715026855469,37.49165725708008,20,19.047618865966797,14.285715103149414,20,0,0,0,0,2.215118646621704,8589934592,1073741824,5299240960,299040768
207,1771642440256,3504,3504,3504,3504,3504,3504,3504,3504,38.206947326660156,37.71853256225586,36.498077392578125,36.41826629638672,36.78770446777344,36.15437316894531,36.334861755371094,37.348873138427734,37.38206100463867,22.72727394104004,14.285715103149414,9.523809432983398,14.285715103149414,0,0,0,0,2.215118646621704,8589934592,1073741824,5298094080,299040768
208,1771642440464,3504,3504,3504,3504,3504,3504,3504,3504,38.206947326660156,37.71853256225586,36.498077392578125,36.41826629638672,36.78770446777344,36.15437316894531,36.334861755371094,37.348873138427734,37.38206100463867,33.333335876464844,19.047618865966797,15.000000953674316,14.285715103149414,0,0,0,0,2.215118646621704,8589934592,1073741824,5298126848,299040768
207,1771642440673,3504,3504,3504,3504,3504,3504,3504,3504,38.206947326660156,37.71853256225586,36.498077392578125,36.41826629638672,36.78770446777344,36.15437316894531,36.334861755371094,37.348873138427734,37.38206100463867,30.000001907348633,19.047618865966797,14.285715103149414,19.047618865966797,0,0,0,0,2.023125171661377,8589934592,1073741824,5298044928,299040768
208,1771642440881,3504,3504,3504,3504,3504,3504,3504,3504,38.206947326660156,37.71853256225586,36.498077392578125,36.41826629638672,36.78770446777344,36.15437316894531,36.334861755371094,37.348873138427734,37.38206100463867,33.333335876464844,15.000000953674316,14.285715103149414,5,0,0,0,0,2.023125171661377,8589934592,1073741824,5298176000,299040768
207,1771642441089,3504,3504,3504,3504,3504,3504,3504,3504,38.206947326660156,37.71853256225586,36.498077392578125,36.41826629638672,36.78770446777344,36.15437316894531,36.334861755371094,37.348873138427734,37.38206100463867,19.047618865966797,14.285715103149414,19.047618865966797,13.636363983154297,0,0,0,0,2.023125171661377,8589934592,1073741824,5298176000,299040768
207,1771642441297,3504,3504,3504,3504,3504,3504,3504,3504,38.18301773071289,37.62109375,36.44778060913086,36.34039306640625,36.71345901489258,36.134498596191406,36.27988052368164,37.28318405151367,37.268104553222656,40,45,30.000001907348633,21.052631378173828,33.333335876464844,0,0,0,2.023125171661377,8589934592,1073741824,5298176000,299040768
208,1771642441505,3504,3504,3504,3504,3504,3504,3504,3504,38.18301773071289,37.62109375,36.44778060913086,36.34039306640625,36.71345901489258,36.134498596191406,36.27988052368164,37.28318405151367,37.268104553222656,19.047618865966797,23.809524536132813,19.047618865966797,14.285715103149414,0,0,0,0,2.023125171661377,8589934592,1073741824,5298176000,299040768
199,1771642441714,3504,3504,3504,3504,3504,3504,3504,3504,38.18301773071289,37.62109375,36.44778060913086,36.34039306640625,36.71345901489258,36.134498596191406,36.27988052368164,37.28318405151367,37.268104553222656,20,20,9.523809432983398,9.523809432983398,0,0,0,0,1.9136254787445068,8589934592,1073741824,5298814976,299040768
206,1771642441914,3504,3504,3504,3504,3504,3504,3504,3504,38.18301773071289,37.62109375,36.44778060913086,36.34039306640625,36.71345901489258,36.134498596191406,36.27988052368164,37.28318405151367,37.268104553222656,23.809524536132813,23.809524536132813,15.000000953674316,14.285715103149414,0,0,0,0,1.9136254787445068,8589934592,1073741824,5298814976,299040768
209,1771642442121,3504,3504,3504,3504,3504,3504,3504,3504,38.18301773071289,37.62109375,36.44778060913086,36.34039306640625,36.71345901489258,36.134498596191406,36.27988052368164,37.28318405151367,37.268104553222656,20,15.789472579956055,5,5,0,0,0,0,1.9136254787445068,8589934592,1073741824,5298847744,299040768
209,1771642442331,3504,3504,3504,3504,3504,3504,3504,3504,38.31305694580078,37.96247100830078,36.68621826171875,36.5103759765625,36.80397415161133,36.184364318847656,36.361900329589844,37.369754791259766,37.39607620239258,28.571430206298828,19.047618865966797,14.285715103149414,9.523809432983398,0,0,0,0,1.9136254787445068,8589934592,1073741824,5298847744,299040768
201,1771642442541,3504,3504,3504,3504,3504,3504,3504,3504,38.31305694580078,37.96247100830078,36.68621826171875,36.5103759765625,36.80397415161133,36.184364318847656,36.361900329589844,37.369754791259766,37.39607620239258,28.571430206298828,18.18181800842285,14.285715103149414,14.285715103149414,0,0,0,0,1.9136254787445068,8589934592,1073741824,5298847744,299040768
209,1771642442742,3504,3504,3504,3504,3504,3504,3504,3504,38.31305694580078,37.96247100830078,36.68621826171875,36.5103759765625,36.80397415161133,36.184364318847656,36.361900329589844,37.369754791259766,37.39607620239258,25,15.789472579956055,15.000000953674316,10,0,0,0,0,2.5776004791259766,8589934592,1073741824,5295423488,299040768
208,1771642442953,3504,3504,3504,3504,3504,3504,3504,3504,38.31305694580078,37.96247100830078,36.68621826171875,36.5103759765625,36.80397415161133,36.184364318847656,36.361900329589844,37.369754791259766,37.39607620239258,20,14.285715103149414,9.523809432983398,4.761904716491699,4.761904716491699,9.090909004211426,9.090909004211426,0,2.5776004791259766,8589934592,1073741824,5295603712,299040768
200,1771642443162,3504,3504,3504,3504,3504,3504,3504,3504,38.31305694580078,37.96247100830078,36.68621826171875,36.5103759765625,36.673439025878906,36.10820770263672,36.251495361328125,37.28078079223633,37.3065185546875,23.809524536132813,19.047618865966797,19.047618865966797,10,0,0,0,0,2.5776004791259766,8589934592,1073741824,5295554560,299040768
201,1771642443363,3504,3504,3504,3504,3504,3504,3504,3504,38.20589065551758,37.58751678466797,36.4058837890625,36.30857849121094,36.673439025878906,36.10820770263672,36.251495361328125,37.28078079223633,37.3065185546875,25,10.526315689086914,5.263157844543457,5,0,0,0,0,2.5776004791259766,8589934592,1073741824,5295521792,299040768
205,1771642443565,3504,3504,3504,3504,3504,3504,3504,3504,38.20589065551758,37.58751678466797,36.4058837890625,36.30857849121094,36.673439025878906,36.10820770263672,36.251495361328125,37.28078079223633,37.3065185546875,25,18.18181800842285,14.285715103149414,14.285715103149414,0,0,0,0,2.5776004791259766,8589934592,1073741824,5295538176,299040768
209,1771642443770,3504,3504,3504,3504,3504,3504,3504,3504,38.20589065551758,37.58751678466797,36.4058837890625,36.30857849121094,36.673439025878906,36.10820770263672,36.251495361328125,37.28078079223633,37.3065185546875,15.000000953674316,20,19.047618865966797,5,0,0,0,0,3.011742353439331,8589934592,1073741824,5295505408,299040768
208,1771642443980,3504,3504,3504,3504,3504,3504,3504,3504,38.20589065551758,37.58751678466797,36.4058837890625,36.30857849121094,36.673439025878906,36.10820770263672,36.251495361328125,37.28078079223633,37.3065185546875,31.81818199157715,14.285715103149414,10,13.636363983154297,0,0,0,0,3.011742353439331,8589934592,1073741824,5295521792,299040768
205,1771642444189,3504,3504,3504,3504,3504,3504,3504,3504,38.481163024902344,37.827613830566406,36.531124114990234,36.4349479675293,36.729469299316406,36.27549743652344,36.40135955810547,37.449493408203125,37.50368881225586,30.000001907348633,30.000001907348633,33.333335876464844,30.000001907348633,25,20,15.789472579956055,19.047618865966797,3.011742353439331,8589934592,1073741824,5296701440,299040768
202,1771642444395,3504,3504,3504,3504,3504,3504,3504,3504,38.481163024902344,37.827613830566406,36.531124114990234,36.4349479675293,36.729469299316406,36.27549743652344,36.40135955810547,37.449493408203125,37.50368881225586,14.285715103149414,14.285715103149414,10,0,4.761904716491699,5,4.761904716491699,0,3.011742353439331,8589934592,1073741824,5296701440,299040768
205,1771642444597,3504,3504,3504,3504,3504,3504,3504,3504,38.481163024902344,37.827613830566406,36.531124114990234,36.4349479675293,36.729469299316406,36.27549743652344,36.40135955810547,37.449493408203125,37.50368881225586,21.052631378173828,10,14.285715103149414,5,0,0,0,0,3.011742353439331,8589934592,1073741824,5296701440,299040768
209,1771642444803,3504,3504,3504,3504,3504,3504,3504,3504,38.481163024902344,37.827613830566406,36.531124114990234,36.4349479675293,36.729469299316406,36.27549743652344,36.40135955810547,37.449493408203125,37.50368881225586,18.18181800842285,23.809524536132813,10,19.047618865966797,0,0,0,0,2.4697115421295166,8589934592,1073741824,5296603136,299040768
200,1771642445014,3504,3504,3504,3504,3504,3504,3504,3504,38.481163024902344,37.827613830566406,36.531124114990234,36.4349479675293,36.729469299316406,36.27549743652344,36.40135955810547,37.449493408203125,37.50368881225586,15.000000953674316,10,9.523809432983398,10,0,4.545454502105713,0,0,2.4697115421295166,8589934592,1073741824,5296717824,299040768
209,1771642445214,3504,3504,3504,3504,3504,3504,3504,3504,38.34927749633789,37.75025939941406,36.560218811035156,36.468833923339844,36.786312103271484,36.220245361328125,36.380523681640625,37.404178619384766,37.466209411621094,15.000000953674316,10,20,14.285715103149414,0,0,0,0,2.4697115421295166,8589934592,1073741824,5296734208,299040768
206,1771642445424,3504,3504,3504,3504,3504,3504,3504,3504,38.34927749633789,37.75025939941406,36.560218811035156,36.468833923339844,36.786312103271484,36.220245361328125,36.380523681640625,37.404178619384766,37.466209411621094,23.809524536132813,23.809524536132813,9.523809432983398,9.523809432983398,0,0,0,0,2.4697115421295166,8589934592,1073741824,5296570368,299040768
209,1771642445631,3504,3504,3504,3504,3504,3504,3504,3504,38.34927749633789,37.75025939941406,36.560218811035156,36.468833923339844,36.786312103271484,36.220245361328125,36.380523681640625,37.404178619384766,37.466209411621094,20,19.047618865966797,10,5,0,0,0,0,2.4697115421295166,8589934592,1073741824,5296799744,299040768
208,1771642445841,3504,3504,3504,3504,3504,3504,3504,3504,38.34927749633789,37.75025939941406,36.560218811035156,36.468833923339844,36.786312103271484,36.220245361328125,36.380523681640625,37.404178619384766,37.466209411621094,23.809524536132813,15.000000953674316,13.636363983154297,13.636363983154297,0,0,0,0,2.2286975383758545,8589934592,1073741824,5296816128,299040768
202,1771642446049,3504,3504,3504,3504,3504,3504,3504,3504,38.34927749633789,37.75025939941406,36.560218811035156,36.468833923339844,36.786312103271484,36.220245361328125,36.380523681640625,37.404178619384766,37.466209411621094,23.809524536132813,19.047618865966797,5.263157844543457,4.761904716491699,0,0,0,0,2.2286975383758545,8589934592,1073741824,5296734208,299040768
209,1771642446252,3504,3504,3504,3504,3504,3504,3504,3504,38.17013931274414,37.437400817871094,36.236202239990234,36.153533935546875,36.504356384277344,35.98552322387695,36.10789489746094,37.11874771118164,37.0809211730957,20,25,14.285715103149414,5.263157844543457,0,0,0,0,2.2286975383758545,8589934592,1073741824,5296734208,299040768
209,1771642446462,3504,3504,3504,3504,3504,3504,3504,3504,38.17013931274414,37.437400817871094,36.236202239990234,36.153533935546875,36.504356384277344,35.98552322387695,36.10789489746094,37.11874771118164,37.0809211730957,15.000000953674316,19.047618865966797,9.090909004211426,9.090909004211426,0,0,0,0,2.2286975383758545,8589934592,1073741824,5296734208,299040768
208,1771642446672,3504,3504,3504,3504,3504,3504,3504,3504,38.17013931274414,37.437400817871094,36.236202239990234,36.153533935546875,36.504356384277344,35.98552322387695,36.10789489746094,37.11874771118164,37.0809211730957,27.272727966308594,19.047618865966797,5.263157844543457,5,0,0,0,0,2.1554887294769287,8589934592,1073741824,5296734208,299040768
209,1771642446881,3504,3504,3504,3504,3504,3504,3504,3504,38.17013931274414,37.437400817871094,36.236202239990234,36.153533935546875,36.504356384277344,35.98552322387695,36.10789489746094,37.11874771118164,37.0809211730957,20,19.047618865966797,13.636363983154297,9.523809432983398,0,0,0,4.545454502105713,2.1554887294769287,8589934592,1073741824,5296537600,299040768
200,1771642447091,3504,3504,3504,3504,3504,3504,3504,3504,38.17013931274414,37.437400817871094,36.236202239990234,36.153533935546875,36.504356384277344,35.98552322387695,36.10789489746094,37.11874771118164,37.0809211730957,19.047618865966797,19.047618865966797,9.523809432983398,9.523809432983398,0,0,0,0,2.1554887294769287,8589934592,1073741824,5296537600,299040768
209,1771642447292,3504,3504,3504,3504,3504,3504,3504,3504,38.16781234741211,37.3458251953125,36.13670349121094,36.08686065673828,36.38015365600586,35.92097473144531,36.00690460205078,37.01250076293945,37.029579162597656,60.000003814697266,28.571430206298828,31.57894515991211,25,4.761904716491699,0,0,0,2.1554887294769287,8589934592,1073741824,5296635904,299040768
201,1771642447502,3504,3504,3504,3504,3504,3504,3504,3504,38.16781234741211,37.3458251953125,36.13670349121094,36.08686065673828,36.38015365600586,35.92097473144531,36.00690460205078,37.01250076293945,37.029579162597656,22.72727394104004,15.000000953674316,9.090909004211426,9.523809432983398,0,0,4.761904716491699,0,2.1554887294769287,8589934592,1073741824,5296635904,299040768
209,1771642447704,3504,3504,3504,3504,3504,3504,3504,3504,38.16781234741211,37.3458251953125,36.13670349121094,36.08686065673828,36.38015365600586,35.92097473144531,36.00690460205078,37.01250076293945,37.029579162597656,15.000000953674316,25,10,5,0,0,0,0,2.6266534328460693,8589934592,1073741824,5296635904,299040768
206,1771642447914,3504,3504,3504,3504,3504,3504,3504,3504,38.16781234741211,37.3458251953125,36.13670349121094,36.08686065673828,36.38015365600586,35.92097473144531,36.00690460205078,37.01250076293945,37.029579162597656,19.047618865966797,28.571430206298828,10,5,9.090909004211426,0,0,0,2.6266534328460693,8589934592,1073741824,5295439872,299040768
207,1771642448121,3504,3504,3504,3504,3504,3504,3504,3504,38.16781234741211,37.3458251953125,36.13670349121094,36.08686065673828,36.38015365600586,35.92097473144531,36.00690460205078,37.01250076293945,37.029579162597656,15.000000953674316,20,19.047618865966797,13.636363983154297,0,0,0,0,2.6266534328460693,8589934592,1073741824,5295505408,299040768
208,1771642448329,3504,3504,3504,3504,3504,3504,3504,3504,38.16001510620117,37.345916748046875,36.13545227050781,36.07976531982422,36.404945373535156,35.89206314086914,35.95665740966797,36.99021911621094,36.987998962402344,10,19.047618865966797,19.047618865966797,5,0,0,0,0,2.6266534328460693,8589934592,1073741824,5295505408,299040768
208,1771642448538,3504,3504,3504,3504,3504,3504,3504,3504,38.16001510620117,37.345916748046875,36.13545227050781,36.07976531982422,36.404945373535156,35.89206314086914,35.95665740966797,36.99021911621094,36.987998962402344,18.18181800842285,23.809524536132813,23.809524536132813,9.523809432983398,0,0,0,0,2.6266534328460693,8589934592,1073741824,5295505408,299040768
209,1771642448747,3504,3504,3504,3504,3504,3504,3504,3504,38.16001510620117,37.345916748046875,36.13545227050781,36.07976531982422,36.404945373535156,35.89206314086914,35.95665740966797,36.99021911621094,36.987998962402344,10,20,14.285715103149414,10,0,0,0,0,2.2281434535980225,8589934592,1073741824,5295521792,299040768
205,1771642448958,3504,3504,3504,3504,3504,3504,3504,3504,38.16001510620117,37.345916748046875,36.13545227050781,36.07976531982422,36.404945373535156,35.89206314086914,35.95665740966797,36.99021911621094,36.987998962402344,19.047618865966797,18.18181800842285,19.047618865966797,18.18181800842285,0,0,0,0,2.2281434535980225,8589934592,1073741824,5295636480,299040768
199,1771642449164,3504,3504,3504,3504,3504,3504,3504,3504,38.16001510620117,37.345916748046875,36.070579528808594,36.009891510009766,36.26755905151367,35.823768615722656,35.87971115112305,36.90419387817383,36.94523620605469,15.000000953674316,15.000000953674316,15.000000953674316,15.000000953674316,0,0,0,0,2.2281434535980225,8589934592,1073741824,5295702016,299040768
205,1771642449364,3504,3504,3504,3504,3504,3504,3504,3504,38.126041412353516,37.24220275878906,36.070579528808594,36.009891510009766,36.26755905151367,35.823768615722656,35.87971115112305,36.90419387817383,36.94523620605469,15.000000953674316,23.809524536132813,15.000000953674316,9.523809432983398,0,0,0,0,2.2281434535980225,8589934592,1073741824,5295702016,299040768
204,1771642449571,3504,3504,3504,3504,3504,3504,3504,3504,38.126041412353516,37.24220275878906,36.070579528808594,36.009891510009766,36.26755905151367,35.823768615722656,35.87971115112305,36.90419387817383,36.94523620605469,19.047618865966797,21.052631378173828,20,5.263157844543457,0,0,0,0,2.2281434535980225,8589934592,1073741824,5295538176,299040768
204,1771642449776,3504,3504,3504,3504,3504,3504,3504,3504,38.126041412353516,37.24220275878906,36.070579528808594,36.009891510009766,36.26755905151367,35.823768615722656,35.87971115112305,36.90419387817383,36.94523620605469,25,28.571430206298828,23.809524536132813,19.047618865966797,0,0,0,0,2.083179473876953,8589934592,1073741824,5297160192,299040768
209,1771642449981,3504,3504,3504,3504,3504,3504,3504,3504,38.126041412353516,37.24220275878906,36.070579528808594,36.009891510009766,36.26755905151367,35.823768615722656,35.87971115112305,36.90419387817383,36.94523620605469,31.81818199157715,25,15.000000953674316,14.285715103149414,0,0,0,0,2.083179473876953,8589934592,1073741824,5297504256,299040768
203,1771642450191,3504,3504,3504,3504,3504,3504,3504,3504,38.07968521118164,37.1758918762207,36.05565643310547,35.96696853637695,36.25975799560547,35.783607482910156,35.85218811035156,36.8666877746582,36.88378143310547,25,14.285715103149414,9.523809432983398,5,0,0,0,0,2.083179473876953,8589934592,1073741824,5297455104,299040768
207,1771642450395,3504,3504,3504,3504,3504,3504,3504,3504,38.07968521118164,37.1758918762207,36.05565643310547,35.96696853637695,36.25975799560547,35.783607482910156,35.85218811035156,36.8666877746582,36.88378143310547,25,14.285715103149414,10,14.285715103149414,0,0,0,0,2.083179473876953,8589934592,1073741824,5297471488,299040768
207,1771642450603,3504,3504,3504,3504,3504,3504,3504,3504,38.07968521118164,37.1758918762207,36.05565643310547,35.96696853637695,36.25975799560547,35.783607482910156,35.85218811035156,36.8666877746582,36.88378143310547,25,15.000000953674316,14.285715103149414,9.523809432983398,0,0,0,0,2.083179473876953,8589934592,1073741824,5297504256,299040768
208,1771642450812,3504,3504,3504,3504,3504,3504,3504,3504,38.07968521118164,37.1758918762207,36.05565643310547,35.96696853637695,36.25975799560547,35.783607482910156,35.85218811035156,36.8666877746582,36.88378143310547,23.809524536132813,15.000000953674316,10,9.523809432983398,0,0,0,0,1.9623939990997314,8589934592,1073741824,5297324032,299040768
202,1771642451021,3504,3504,3504,3504,3504,3504,3504,3504,38.07968521118164,37.1758918762207,36.05565643310547,35.96696853637695,36.25975799560547,35.783607482910156,35.85218811035156,36.8666877746582,36.88378143310547,28.571430206298828,13.636363983154297,9.523809432983398,5,0,0,0,0,1.9623939990997314,8589934592,1073741824,5297340416,299040768
207,1771642451225,3504,3504,3504,3504,3504,3504,3504,3504,38.039859771728516,37.1118278503418,36.01762390136719,35.93724060058594,36.21964645385742,35.73114013671875,35.83216094970703,36.8319206237793,36.812530517578125,28.571430206298828,20,19.047618865966797,10,0,4.761904716491699,0,0,1.9623939990997314,8589934592,1073741824,5297504256,299040768
200,1771642451433,3504,3504,3504,3504,3504,3504,3504,3504,38.039859771728516,37.1118278503418,36.01762390136719,35.93724060058594,36.21964645385742,35.73114013671875,35.83216094970703,36.8319206237793,36.812530517578125,25,20,23.809524536132813,18.18181800842285,38.095237731933594,0,0,0,1.9623939990997314,8589934592,1073741824,5297717248,299040768
209,1771642451634,3504,3504,3504,3504,3504,3504,3504,3504,38.039859771728516,37.1118278503418,36.01762390136719,35.93724060058594,36.21964645385742,35.73114013671875,35.83216094970703,36.8319206237793,36.812530517578125,15.000000953674316,20,20,0,0,0,0,0,1.9623939990997314,8589934592,1073741824,5297766400,299040768
202,1771642451844,3504,3504,3504,3504,3504,3504,3504,3504,38.039859771728516,37.1118278503418,36.01762390136719,35.93724060058594,36.21964645385742,35.73114013671875,35.83216094970703,36.8319206237793,36.812530517578125,19.047618865966797,19.047618865966797,19.047618865966797,18.18181800842285,0,0,0,0,2.3119499683380127,8589934592,1073741824,5298028544,299040768
199,1771642452047,3504,3504,3504,3504,3504,3504,3504,3504,38.039859771728516,37.1118278503418,36.01762390136719,35.93724060058594,36.21964645385742,35.73114013671875,35.83216094970703,36.8319206237793,36.812530517578125,10,23.809524536132813,15.000000953674316,5,0,0,0,0,2.3119499683380127,8589934592,1073741824,5297946624,299040768
204,1771642452247,3504,3504,3504,3504,3504,3504,3504,3504,38.126075744628906,37.449459075927734,36.24071502685547,36.07434844970703,36.292781829833984,35.7947998046875,35.86903381347656,36.869171142578125,36.88993835449219,20,21.052631378173828,20,15.000000953674316,0,0,0,0,2.3119499683380127,8589934592,1073741824,5298454528,299040768
209,1771642452452,3504,3504,3504,3504,3504,3504,3504,3504,38.126075744628906,37.449459075927734,36.24071502685547,36.07434844970703,36.292781829833984,35.7947998046875,35.86903381347656,36.869171142578125,36.88993835449219,19.047618865966797,14.285715103149414,15.000000953674316,5.263157844543457,0,0,0,0,2.3119499683380127,8589934592,1073741824,5298470912,299040768
201,1771642452662,3504,3504,3504,3504,3504,3504,3504,3504,38.126075744628906,37.449459075927734,36.24071502685547,36.07434844970703,36.292781829833984,35.7947998046875,35.86903381347656,36.869171142578125,36.88993835449219,23.809524536132813,14.285715103149414,19.047618865966797,13.636363983154297,0,0,0,0,2.3119499683380127,8589934592,1073741824,5298552832,299040768
205,1771642452865,3504,3504,3504,3504,3504,3504,3504,3504,38.126075744628906,37.449459075927734,36.24071502685547,36.07434844970703,36.292781829833984,35.7947998046875,35.86903381347656,36.869171142578125,36.88993835449219,21.052631378173828,20,10,10,0,0,0,0,1.986783504486084,8589934592,1073741824,5298667520,299040768
209,1771642453071,3504,3504,3504,3504,3504,3504,3504,3504,38.126075744628906,37.449459075927734,36.24071502685547,36.07434844970703,36.292781829833984,35.7947998046875,35.86903381347656,36.869171142578125,36.88993835449219,19.047618865966797,15.000000953674316,19.047618865966797,9.523809432983398,5,0,0,0,1.986783504486084,8589934592,1073741824,5298651136,299040768
209,1771642453281,3504,3504,3504,3504,3504,3504,3504,3504,38.03071975708008,37.08157730102539,36.00601577758789,35.91010284423828,36.1663818359375,35.703826904296875,35.823123931884766,36.79164123535156,36.814796447753906,19.047618865966797,18.18181800842285,14.285715103149414,10,0,0,0,0,1.986783504486084,8589934592,1073741824,5298733056,299040768
205,1771642453491,3504,3504,3504,3504,3504,3504,3504,3504,38.03071975708008,37.08157730102539,36.00601577758789,35.91010284423828,36.1663818359375,35.703826904296875,35.823123931884766,36.79164123535156,36.814796447753906,19.047618865966797,10,23.809524536132813,14.285715103149414,0,0,0,0,1.986783504486084,8589934592,1073741824,5298683904,299040768
209,1771642453698,3504,3504,3504,3504,3504,3504,3504,3504,38.03071975708008,37.08157730102539,36.00601577758789,35.91010284423828,36.1663818359375,35.703826904296875,35.823123931884766,36.79164123535156,36.814796447753906,14.285715103149414,10,28.571430206298828,9.523809432983398,0,0,0,0,2.628608226776123,8589934592,1073741824,5298683904,299040768
199,1771642453907,3504,3504,3504,3504,3504,3504,3504,3504,38.03071975708008,37.08157730102539,36.00601577758789,35.91010284423828,36.1663818359375,35.703826904296875,35.823123931884766,36.79164123535156,36.814796447753906,15.000000953674316,18.18181800842285,28.571430206298828,10,0,0,0,0,2.628608226776123,8589934592,1073741824,5298683904,299040768
206,1771642454108,3504,3504,3504,3504,3504,3504,3504,3504,38.03071975708008,37.08157730102539,36.00601577758789,35.91010284423828,36.1663818359375,35.703826904296875,35.823123931884766,36.79164123535156,36.814796447753906,15.000000953674316,10.526315689086914,21.052631378173828,10,0,0,0,0,2.628608226776123,8589934592,1073741824,5298700288,299040768
209,1771642454315,3504,3504,3504,3504,3504,3504,3504,3504,37.93218994140625,36.94952392578125,35.894493103027344,35.83854293823242,36.08367156982422,35.65357971191406,35.805999755859375,36.71839904785156,36.71223831176758,20,19.047618865966797,28.571430206298828,14.285715103149414,0,0,0,0,2.628608226776123,8589934592,1073741824,5298929664,299040768
205,1771642454525,3504,3504,3504,3504,3504,3504,3504,3504,37.93218994140625,36.94952392578125,35.894493103027344,35.83854293823242,36.08367156982422,35.65357971191406,35.805999755859375,36.71839904785156,36.71223831176758,13.636363983154297,10,23.809524536132813,9.090909004211426,0,0,0,0,2.628608226776123,8589934592,1073741824,5298929664,299040768
203,1771642454731,3504,3504,3504,3504,3504,3504,3504,3504,37.93218994140625,36.94952392578125,35.894493103027344,35.83854293823242,36.08367156982422,35.65357971191406,35.805999755859375,36.71839904785156,36.71223831176758,20,14.285715103149414,15.000000953674316,5.263157844543457,0,0,0,0,1.9864542484283447,8589934592,1073741824,5298929664,299040768
201,1771642454935,3504,3504,3504,3504,3504,3504,3504,3504,37.93218994140625,36.94952392578125,35.894493103027344,35.83854293823242,36.08367156982422,35.65357971191406,35.805999755859375,36.71839904785156,36.71223831176758,28.571430206298828,14.285715103149414,15.000000953674316,14.285715103149414,0,0,0,0,1.9864542484283447,8589934592,1073741824,5298929664,299040768
209,1771642455137,3504,3504,3504,3504,3504,3504,3504,3504,37.93218994140625,36.94952392578125,35.894493103027344,35.83854293823242,36.08367156982422,35.65357971191406,35.805999755859375,36.71839904785156,36.71223831176758,20,20,15.000000953674316,5,0,0,0,0,1.9864542484283447,8589934592,1073741824,5298782208,299040768
209,1771642455347,3504,3504,3504,3504,3504,3504,3504,3504,37.808990478515625,36.87248992919922,35.814048767089844,35.790924072265625,36.026729583740234,35.60862731933594,35.8036994934082,36.70899963378906,36.705970764160156,23.809524536132813,10,9.090909004211426,9.523809432983398,5,9.090909004211426,4.761904716491699,4.761904716491699,1.9864542484283447,8589934592,1073741824,5299060736,299040768
209,1771642455557,3504,3504,3504,3504,3504,3504,3504,3504,37.808990478515625,36.87248992919922,35.814048767089844,35.790924072265625,36.026729583740234,35.60862731933594,35.8036994934082,36.70899963378906,36.705970764160156,19.047618865966797,13.636363983154297,5,5,8.69565200805664,0,0,0,1.9864542484283447,8589934592,1073741824,5299077120,299040768
209,1771642455767,3504,3504,3504,3504,3504,3504,3504,3504,37.808990478515625,36.87248992919922,35.814048767089844,35.790924072265625,36.026729583740234,35.60862731933594,35.8036994934082,36.70899963378906,36.705970764160156,20,15.000000953674316,9.523809432983398,9.090909004211426,0,0,0,0,2.541926860809326,8589934592,1073741824,5299109888,299040768
205,1771642455977,3504,3504,3504,3504,3504,3504,3504,3504,37.808990478515625,36.87248992919922,35.814048767089844,35.790924072265625,36.026729583740234,35.60862731933594,35.8036994934082,36.70899963378906,36.705970764160156,23.809524536132813,19.047618865966797,19.047618865966797,14.285715103149414,0,0,0,0,2.541926860809326,8589934592,1073741824,5299044352,299040768
209,1771642456184,3504,3504,3504,3504,3504,3504,3504,3504,37.88138961791992,36.975250244140625,35.88655090332031,35.850746154785156,36.05693435668945,35.66853713989258,35.84251403808594,36.76347351074219,36.744850158691406,20,22.72727394104004,5,9.523809432983398,0,0,0,0,2.541926860809326,8589934592,1073741824,5299077120,299040768
209,1771642456394,3504,3504,3504,3504,3504,3504,3504,3504,37.88138961791992,36.975250244140625,35.88655090332031,35.850746154785156,36.05693435668945,35.66853713989258,35.84251403808594,36.76347351074219,36.744850158691406,23.809524536132813,15.789472579956055,9.523809432983398,9.523809432983398,0,0,0,0,2.541926860809326,8589934592,1073741824,5299093504,299040768
209,1771642456604,3504,3504,3504,3504,3504,3504,3504,3504,37.88138961791992,36.975250244140625,35.88655090332031,35.850746154785156,36.05693435668945,35.66853713989258,35.84251403808594,36.76347351074219,36.744850158691406,23.809524536132813,23.809524536132813,14.285715103149414,10,0,0,0,0,2.541926860809326,8589934592,1073741824,5298831360,299040768
200,1771642456814,3504,3504,3504,3504,3504,3504,3504,3504,37.88138961791992,36.975250244140625,35.88655090332031,35.850746154785156,36.05693435668945,35.66853713989258,35.84251403808594,36.76347351074219,36.744850158691406,22.72727394104004,23.809524536132813,18.18181800842285,13.636363983154297,0,0,0,0,1.9384872913360596,8589934592,1073741824,5298847744,299040768
208,1771642457015,3504,3504,3504,3504,3504,3504,3504,3504,37.88138961791992,36.975250244140625,35.88655090332031,35.850746154785156,36.05693435668945,35.66853713989258,35.84251403808594,36.76347351074219,36.744850158691406,20,19.047618865966797,10.526315689086914,15.789472579956055,0,0,0,0,1.9384872913360596,8589934592,1073741824,5298864128,299040768
205,1771642457225,3504,3504,3504,3504,3504,3504,3504,3504,37.7004508972168,36.799922943115234,35.750648498535156,35.66057586669922,35.968509674072266,35.56557846069336,35.797210693359375,36.637733459472656,36.63212203979492,20,15.000000953674316,13.636363983154297,23.809524536132813,0,0,0,0,1.9384872913360596,8589934592,1073741824,5298946048,299040768
209,1771642457431,3504,3504,3504,3504,3504,3504,3504,3504,37.7004508972168,36.799922943115234,35.750648498535156,35.66057586669922,35.968509674072266,35.56557846069336,35.797210693359375,36.637733459472656,36.63212203979492,20,9.523809432983398,10,14.285715103149414,0,0,0,0,1.9384872913360596,8589934592,1073741824,5298962432,299040768
208,1771642457641,3504,3504,3504,3504,3504,3504,3504,3504,37.7004508972168,36.799922943115234,35.750648498535156,35.66057586669922,35.968509674072266,35.56557846069336,35.797210693359375,36.637733459472656,36.63212203979492,19.047618865966797,23.809524536132813,9.523809432983398,20,0,0,0,0,1.9384872913360596,8589934592,1073741824,5298929664,299040768
209,1771642457849,3504,3504,3504,3504,3504,3504,3504,3504,37.7004508972168,36.799922943115234,35.750648498535156,35.66057586669922,35.968509674072266,35.56557846069336,35.797210693359375,36.637733459472656,36.63212203979492,14.285715103149414,23.809524536132813,10,14.285715103149414,0,0,0,0,2.4461050033569336,8589934592,1073741824,5298995200,299040768
205,1771642458059,3504,3504,3504,3504,3504,3504,3504,3504,37.7004508972168,36.799922943115234,35.750648498535156,35.66057586669922,35.968509674072266,35.56557846069336,35.797210693359375,36.637733459472656,36.63212203979492,23.809524536132813,10,14.285715103149414,15.000000953674316,0,9.090909004211426,4.545454502105713,0,2.4461050033569336,8589934592,1073741824,5299044352,299040768
209,1771642458266,3504,3504,3504,3504,3504,3504,3504,3504,37.65826416015625,36.779170989990234,35.721946716308594,35.624664306640625,35.9410400390625,35.539466857910156,35.795249938964844,36.59513473510742,36.59226608276367,23.809524536132813,15.000000953674316,9.523809432983398,13.636363983154297,0,0,0,0,2.4461050033569336,8589934592,1073741824,5299027968,299040768
209,1771642458476,3504,3504,3504,3504,3504,3504,3504,3504,37.65826416015625,36.779170989990234,35.721946716308594,35.624664306640625,35.9410400390625,35.539466857910156,35.795249938964844,36.59513473510742,36.59226608276367,28.571430206298828,14.285715103149414,14.285715103149414,5,0,0,0,0,2.4461050033569336,8589934592,1073741824,5299044352,299040768
202,1771642458686,3504,3504,3504,3504,3504,3504,3504,3504,37.65826416015625,36.779170989990234,35.721946716308594,35.624664306640625,35.9410400390625,35.539466857910156,35.795249938964844,36.59513473510742,36.59226608276367,25,18.18181800842285,9.523809432983398,13.636363983154297,0,0,0,0,2.023125648498535,8589934592,1073741824,5299044352,299040768
9,1771642458889,3504,3504,3504,3504,3504,3504,3504,3504,37.65826416015625,36.779170989990234,35.721946716308594,35.624664306640625,35.9410400390625,35.539466857910156,35.795249938964844,36.59513473510742,36.59226608276367,30.000001907348633,15.789472579956055,15.789472579956055,5,0,0,0,0,2.023125648498535,8589934592,1073741824,5299077120,299040768
