Delta,Time,CPU_FREQUENCY_0,CPU_FREQUENCY_1,CPU_FREQUENCY_2,CPU_FREQUENCY_3,CPU_FREQUENCY_4,CPU_FREQUENCY_5,CPU_FREQUENCY_6,CPU_FREQUENCY_7,CPU_TEMP_0,CPU_TEMP_1,CPU_TEMP_2,CPU_TEMP_3,CPU_TEMP_4,CPU_TEMP_5,CPU_TEMP_6,CPU_TEMP_7,CPU_TEMP_8,CPU_USAGE_0,CPU_USAGE_1,CPU_USAGE_2,CPU_USAGE_3,CPU_USAGE_4,CPU_USAGE_5,CPU_USAGE_6,CPU_USAGE_7,SYSTEM_POWER (Watts),TOTAL_MEMORY,TOTAL_SWAP,USED_MEMORY,USED_SWAP
0,1771640707825,3504,3504,3504,3504,3504,3504,3504,3504,52.086063385009766,51.331451416015625,50.444313049316406,50.32140350341797,50.53511428833008,50.26732635498047,50.014808654785156,51.20912170410156,51.39490509033203,NaN,50,NaN,0,0,0,0,0,2.9851882457733154,8589934592,1073741824,5232115712,299040768
209,1771640707826,3504,3504,3504,3504,3504,3504,3504,3504,52.086063385009766,51.331451416015625,50.444313049316406,50.32140350341797,50.53511428833008,50.26732635498047,50.014808654785156,51.20912170410156,51.39490509033203,0,0,0,0,0,0,0,NaN,2.9851882457733154,8589934592,1073741824,5233016832,299040768
208,1771640708036,3504,3504,3504,3504,3504,3504,3504,3504,52.086063385009766,51.331451416015625,50.444313049316406,50.32140350341797,50.53511428833008,50.26732635498047,50.014808654785156,51.20912170410156,51.39490509033203,19.047618865966797,19.047618865966797,18.18181800842285,15.000000953674316,22.72727394104004,14.285715103149414,9.523809432983398,4.761904716491699,2.9851882457733154,8589934592,1073741824,5236719616,299040768
205,1771640708245,3504,3504,3504,3504,3504,3504,3504,3504,51.12948226928711,50.35726547241211,49.386451721191406,49.29890441894531,49.314453125,49.16654968261719,48.89178466796875,50.207279205322266,50.23829650878906,19.047618865966797,20,14.285715103149414,14.285715103149414,0,0,0,0,2.9851882457733154,8589934592,1073741824,5236604928,299040768
209,1771640708451,3504,3504,3504,3504,3504,3504,3504,3504,51.12948226928711,50.35726547241211,49.386451721191406,49.29890441894531,49.314453125,49.16654968261719,48.89178466796875,50.207279205322266,50.23829650878906,20,19.047618865966797,15.000000953674316,10,0,0,0,0,2.9851882457733154,8589934592,1073741824,5235621888,299040768
208,1771640708661,3504,3504,3504,3504,3504,3504,3504,3504,51.12948226928711,50.35726547241211,49.386451721191406,49.29890441894531,49.314453125,49.16654968261719,48.89178466796875,50.207279205322266,50.23829650878906,19.047618865966797,14.285715103149414,10,9.523809432983398,15.000000953674316,14.285715103149414,4.761904716491699,4.545454502105713,2.461740732192993,8589934592,1073741824,5243191296,299040768
209,1771640708869,3504,3504,3504,3504,3504,3504,3504,3504,51.12948226928711,50.35726547241211,49.386451721191406,49.29890441894531,49.314453125,49.16654968261719,48.89178466796875,50.207279205322266,50.23829650878906,19.047618865966797,5,9.090909004211426,4.545454502105713,19.047618865966797,13.636363983154297,4.761904716491699,0,2.461740732192993,8589934592,1073741824,5252612096,299040768
209,1771640709080,3504,3504,3504,3504,3504,3504,3504,3504,51.12948226928711,50.35726547241211,49.386451721191406,49.29890441894531,49.314453125,49.16654968261719,48.89178466796875,50.207279205322266,50.23829650878906,23.809524536132813,14.285715103149414,5,9.523809432983398,0,0,0,0,2.461740732192993,8589934592,1073741824,5252628480,299040768
209,1771640709290,3504,3504,3504,3504,3504,3504,3504,3504,50.0428581237793,49.51573181152344,48.37425231933594,48.17298126220703,48.138641357421875,47.95012664794922,47.636810302734375,48.85124969482422,48.937950134277344,19.047618865966797,14.285715103149414,13.636363983154297,5,4.761904716491699,4.545454502105713,0,4.545454502105713,2.461740732192993,8589934592,1073741824,5059428352,299040768
208,1771640709500,3504,3504,3504,3504,3504,3504,3504,3504,50.0428581237793,49.51573181152344,48.37425231933594,48.17298126220703,48.138641357421875,47.95012664794922,47.636810302734375,48.85124969482422,48.937950134277344,23.809524536132813,14.285715103149414,5.263157844543457,9.523809432983398,0,0,0,0,2.461740732192993,8589934592,1073741824,5061394432,299040768
207,1771640709708,3504,3504,3504,3504,3504,3504,3504,3504,50.0428581237793,49.51573181152344,48.37425231933594,48.17298126220703,48.138641357421875,47.95012664794922,47.636810302734375,48.85124969482422,48.937950134277344,28.571430206298828,19.047618865966797,13.636363983154297,9.523809432983398,0,0,0,0,2.8633172512054443,8589934592,1073741824,5060820992,299040768
204,1771640709916,3504,3504,3504,3504,3504,3504,3504,3504,50.0428581237793,49.51573181152344,48.37425231933594,48.17298126220703,48.138641357421875,47.95012664794922,47.636810302734375,48.85124969482422,48.937950134277344,20,23.809524536132813,14.285715103149414,9.523809432983398,0,0,0,0,2.8633172512054443,8589934592,1073741824,5061017600,299040768
207,1771640710121,3504,3504,3504,3504,3504,3504,3504,3504,48.464622497558594,48.01283645629883,46.66984558105469,46.611488342285156,46.888336181640625,46.81964111328125,46.448997497558594,47.535030364990234,47.758121490478516,14.285715103149414,15.789472579956055,5,5,0,0,0,0,2.8633172512054443,8589934592,1073741824,5061001216,299040768
206,1771640710329,3504,3504,3504,3504,3504,3504,3504,3504,48.464622497558594,48.01283645629883,46.66984558105469,46.611488342285156,46.888336181640625,46.81964111328125,46.448997497558594,47.535030364990234,47.758121490478516,20,27.272727966308594,14.285715103149414,23.809524536132813,0,0,0,0,2.8633172512054443,8589934592,1073741824,5062410240,299040768
206,1771640710536,3504,3504,3504,3504,3504,3504,3504,3504,48.464622497558594,48.01283645629883,46.66984558105469,46.611488342285156,46.888336181640625,46.81964111328125,46.448997497558594,47.535030364990234,47.758121490478516,10,19.047618865966797,10,5,0,0,0,0,2.8633172512054443,8589934592,1073741824,5062443008,299040768
207,1771640710743,3504,3504,3504,3504,3504,3504,3504,3504,48.464622497558594,48.01283645629883,46.66984558105469,46.611488342285156,46.888336181640625,46.81964111328125,46.448997497558594,47.535030364990234,47.758121490478516,23.809524536132813,25,19.047618865966797,14.285715103149414,4.545454502105713,0,0,0,3.0338778495788574,8589934592,1073741824,5062459392,299040768
205,1771640710951,3504,3504,3504,3504,3504,3504,3504,3504,48.464622497558594,48.01283645629883,46.66984558105469,46.611488342285156,46.888336181640625,46.81964111328125,46.448997497558594,47.535030364990234,47.758121490478516,19.047618865966797,14.285715103149414,10,0,0,4.761904716491699,0,4.545454502105713,3.0338778495788574,8589934592,1073741824,5062180864,299040768
199,1771640711157,3504,3504,3504,3504,3504,3504,3504,3504,47.466217041015625,47.1238899230957,45.70167541503906,45.63867950439453,46.02542495727539,46.17864227294922,45.56676483154297,46.6426887512207,46.77251434326172,14.285715103149414,15.000000953674316,19.047618865966797,13.636363983154297,0,0,0,0,3.0338778495788574,8589934592,1073741824,5062197248,299040768
209,1771640711357,3504,3504,3504,3504,3504,3504,3504,3504,47.466217041015625,47.1238899230957,45.70167541503906,45.63867950439453,46.02542495727539,46.17864227294922,45.56676483154297,46.6426887512207,46.77251434326172,21.052631378173828,25,10,15.000000953674316,0,0,0,0,3.0338778495788574,8589934592,1073741824,5061984256,299040768
209,1771640711567,3504,3504,3504,3504,3504,3504,3504,3504,47.466217041015625,47.1238899230957,45.70167541503906,45.63867950439453,46.02542495727539,46.17864227294922,45.56676483154297,46.6426887512207,46.77251434326172,19.047618865966797,19.047618865966797,10,15.000000953674316,0,0,0,0,3.0338778495788574,8589934592,1073741824,5062262784,299040768
208,1771640711777,3504,3504,3504,3504,3504,3504,3504,3504,47.466217041015625,47.1238899230957,45.70167541503906,45.63867950439453,46.02542495727539,46.17864227294922,45.56676483154297,46.6426887512207,46.77251434326172,14.285715103149414,14.285715103149414,18.18181800842285,18.18181800842285,0,0,0,0,2.1077802181243896,8589934592,1073741824,5062262784,299040768
209,1771640711986,3504,3504,3504,3504,3504,3504,3504,3504,47.466217041015625,47.1238899230957,45.70167541503906,45.63867950439453,46.02542495727539,46.17864227294922,45.56676483154297,46.6426887512207,46.77251434326172,15.000000953674316,15.000000953674316,5,15.000000953674316,0,0,4.761904716491699,0,2.1077802181243896,8589934592,1073741824,5062066176,299040768
206,1771640712196,3504,3504,3504,3504,3504,3504,3504,3504,46.57007598876953,46.32026290893555,45.10107421875,44.94550323486328,45.26611328125,45.64326477050781,44.903656005859375,46.04912567138672,46.03038787841797,19.047618865966797,27.272727966308594,14.285715103149414,9.523809432983398,0,0,0,0,2.1077802181243896,8589934592,1073741824,5062082560,299040768
209,1771640712403,3504,3504,3504,3504,3504,3504,3504,3504,46.57007598876953,46.32026290893555,45.10107421875,44.94550323486328,45.26611328125,45.64326477050781,44.903656005859375,46.04912567138672,46.03038787841797,19.047618865966797,20,14.285715103149414,9.523809432983398,0,0,0,0,2.1077802181243896,8589934592,1073741824,5062066176,299040768
202,1771640712613,3504,3504,3504,3504,3504,3504,3504,3504,46.57007598876953,46.32026290893555,45.10107421875,44.94550323486328,45.26611328125,45.64326477050781,44.903656005859375,46.04912567138672,46.03038787841797,19.047618865966797,23.809524536132813,14.285715103149414,9.523809432983398,0,0,0,0,2.1077802181243896,8589934592,1073741824,5061361664,299040768
203,1771640712816,3504,3504,3504,3504,3504,3504,3504,3504,46.57007598876953,46.32026290893555,45.10107421875,44.94550323486328,45.26611328125,45.64326477050781,44.903656005859375,46.04912567138672,46.03038787841797,15.000000953674316,20,14.285715103149414,5,0,0,0,0,2.278963088989258,8589934592,1073741824,5061165056,299040768
209,1771640713019,3504,3504,3504,3504,3504,3504,3504,3504,46.57007598876953,46.32026290893555,45.10107421875,44.94550323486328,45.26611328125,45.64326477050781,44.903656005859375,46.04912567138672,46.03038787841797,25,19.047618865966797,21.052631378173828,15.000000953674316,0,0,0,0,2.278963088989258,8589934592,1073741824,5061017600,299040768
206,1771640713230,3504,3504,3504,3504,3504,3504,3504,3504,46.04355239868164,45.49961853027344,44.42633819580078,44.278724670410156,44.64607238769531,44.89513397216797,44.27906799316406,45.336814880371094,45.419776916503906,31.81818199157715,25,23.809524536132813,14.285715103149414,0,0,0,0,2.278963088989258,8589934592,1073741824,5062557696,299040768
204,1771640713436,3504,3504,3504,3504,3504,3504,3504,3504,46.04355239868164,45.49961853027344,44.42633819580078,44.278724670410156,44.64607238769531,44.89513397216797,44.27906799316406,45.336814880371094,45.419776916503906,20,25,10,10,0,0,0,0,2.278963088989258,8589934592,1073741824,5062475776,299040768
209,1771640713641,3504,3504,3504,3504,3504,3504,3504,3504,46.04355239868164,45.49961853027344,44.42633819580078,44.278724670410156,44.64607238769531,44.89513397216797,44.27906799316406,45.336814880371094,45.419776916503906,15.000000953674316,28.571430206298828,13.636363983154297,9.523809432983398,9.090909004211426,0,0,0,2.156618118286133,8589934592,1073741824,5063114752,299040768
209,1771640713851,3504,3504,3504,3504,3504,3504,3504,3504,46.04355239868164,45.49961853027344,44.42633819580078,44.278724670410156,44.64607238769531,44.89513397216797,44.27906799316406,45.336814880371094,45.419776916503906,14.285715103149414,25,5,5,0,0,0,0,2.156618118286133,8589934592,1073741824,5063114752,299040768
205,1771640714061,3504,3504,3504,3504,3504,3504,3504,3504,46.04355239868164,45.49961853027344,44.42633819580078,44.278724670410156,44.64607238769531,44.89513397216797,44.27906799316406,45.336814880371094,45.419776916503906,14.285715103149414,19.047618865966797,9.523809432983398,19.047618865966797,0,0,0,0,2.156618118286133,8589934592,1073741824,5062803456,299040768
205,1771640714268,3504,3504,3504,3504,3504,3504,3504,3504,45.63157653808594,44.9914665222168,43.945472717285156,43.739784240722656,44.181549072265625,44.187744140625,43.749366760253906,44.83699417114258,44.86056137084961,23.809524536132813,23.809524536132813,19.047618865966797,14.285715103149414,0,0,0,0,2.156618118286133,8589934592,1073741824,5063049216,299040768
204,1771640714474,3504,3504,3504,3504,3504,3504,3504,3504,45.63157653808594,44.9914665222168,43.945472717285156,43.739784240722656,44.181549072265625,44.187744140625,43.749366760253906,44.83699417114258,44.86056137084961,20,20,5.263157844543457,5,0,0,0,0,2.156618118286133,8589934592,1073741824,5063098368,299040768
209,1771640714679,3504,3504,3504,3504,3504,3504,3504,3504,45.63157653808594,44.9914665222168,43.945472717285156,43.739784240722656,44.181549072265625,44.187744140625,43.749366760253906,44.83699417114258,44.86056137084961,28.571430206298828,19.047618865966797,13.636363983154297,14.285715103149414,0,0,0,0,2.059770345687866,8589934592,1073741824,5063163904,299040768
201,1771640714889,3504,3504,3504,3504,3504,3504,3504,3504,45.63157653808594,44.9914665222168,43.945472717285156,43.739784240722656,44.181549072265625,44.187744140625,43.749366760253906,44.83699417114258,44.86056137084961,23.809524536132813,14.285715103149414,5,4.761904716491699,0,0,0,0,2.059770345687866,8589934592,1073741824,5063196672,299040768
203,1771640715091,3504,3504,3504,3504,3504,3504,3504,3504,45.63157653808594,44.9914665222168,43.945472717285156,43.739784240722656,44.181549072265625,44.187744140625,43.749366760253906,44.83699417114258,44.86056137084961,20,21.052631378173828,15.000000953674316,5,0,0,0,0,2.059770345687866,8589934592,1073741824,5063065600,299040768
209,1771640715295,3504,3504,3504,3504,3504,3504,3504,3504,45.19883728027344,44.47924041748047,43.41754913330078,43.285972595214844,43.74851989746094,43.53334045410156,43.21440887451172,44.2679443359375,44.389404296875,21.052631378173828,23.809524536132813,10,14.285715103149414,0,0,0,0,2.059770345687866,8589934592,1073741824,5063065600,299040768
201,1771640715505,3504,3504,3504,3504,3504,3504,3504,3504,45.19883728027344,44.47924041748047,43.41754913330078,43.285972595214844,43.74851989746094,43.53334045410156,43.21440887451172,44.2679443359375,44.389404296875,23.809524536132813,15.000000953674316,9.523809432983398,14.285715103149414,0,0,0,0,2.059770345687866,8589934592,1073741824,5063065600,299040768
209,1771640715706,3504,3504,3504,3504,3504,3504,3504,3504,45.19883728027344,44.47924041748047,43.41754913330078,43.285972595214844,43.74851989746094,43.53334045410156,43.21440887451172,44.2679443359375,44.389404296875,20,20,15.000000953674316,5.263157844543457,0,0,0,0,2.0602736473083496,8589934592,1073741824,5063081984,299040768
209,1771640715916,3504,3504,3504,3504,3504,3504,3504,3504,45.19883728027344,44.47924041748047,43.41754913330078,43.285972595214844,43.74851989746094,43.53334045410156,43.21440887451172,44.2679443359375,44.389404296875,27.272727966308594,22.72727394104004,13.636363983154297,13.636363983154297,0,4.761904716491699,0,0,2.0602736473083496,8589934592,1073741824,5063114752,299040768
204,1771640716126,3504,3504,3504,3504,3504,3504,3504,3504,44.78557586669922,44.42871856689453,43.157691955566406,42.92913818359375,43.295127868652344,43.17112731933594,42.859344482421875,43.83451461791992,44.02534103393555,25,14.285715103149414,14.285715103149414,10,40.90909194946289,0,0,0,2.0602736473083496,8589934592,1073741824,5063409664,299040768
209,1771640716331,3504,3504,3504,3504,3504,3504,3504,3504,44.78557586669922,44.42871856689453,43.157691955566406,42.92913818359375,43.295127868652344,43.17112731933594,42.859344482421875,43.83451461791992,44.02534103393555,30.000001907348633,25,15.789472579956055,23.809524536132813,0,0,0,0,2.0602736473083496,8589934592,1073741824,5064278016,299040768
209,1771640716542,3504,3504,3504,3504,3504,3504,3504,3504,44.78557586669922,44.42871856689453,43.157691955566406,42.92913818359375,43.295127868652344,43.17112731933594,42.859344482421875,43.83451461791992,44.02534103393555,19.047618865966797,15.000000953674316,9.523809432983398,14.285715103149414,0,0,0,0,2.0602736473083496,8589934592,1073741824,5064278016,299040768
209,1771640716752,3504,3504,3504,3504,3504,3504,3504,3504,44.78557586669922,44.42871856689453,43.157691955566406,42.92913818359375,43.295127868652344,43.17112731933594,42.859344482421875,43.83451461791992,44.02534103393555,22.72727394104004,14.285715103149414,9.523809432983398,10,0,0,0,0,2.292710304260254,8589934592,1073741824,5064245248,299040768
209,1771640716962,3504,3504,3504,3504,3504,3504,3504,3504,44.78557586669922,44.42871856689453,43.157691955566406,42.92913818359375,43.295127868652344,43.17112731933594,42.859344482421875,43.83451461791992,44.02534103393555,20,18.18181800842285,19.047618865966797,9.523809432983398,0,0,0,0,2.292710304260254,8589934592,1073741824,5064245248,299040768
209,1771640717172,3504,3504,3504,3504,3504,3504,3504,3504,44.144718170166016,43.786170959472656,42.655418395996094,42.51390075683594,43.00114822387695,42.92832946777344,42.48207092285156,43.53182601928711,43.63435363769531,23.809524536132813,19.047618865966797,19.047618865966797,9.523809432983398,0,0,0,0,2.292710304260254,8589934592,1073741824,5064048640,299040768
204,1771640717382,3504,3504,3504,3504,3504,3504,3504,3504,44.144718170166016,43.786170959472656,42.655418395996094,42.51390075683594,43.00114822387695,42.92832946777344,42.48207092285156,43.53182601928711,43.63435363769531,14.285715103149414,23.809524536132813,19.047618865966797,9.523809432983398,0,0,0,0,2.292710304260254,8589934592,1073741824,5064048640,299040768
206,1771640717586,3504,3504,3504,3504,3504,3504,3504,3504,44.144718170166016,43.786170959472656,42.655418395996094,42.51390075683594,43.00114822387695,42.92832946777344,42.48207092285156,43.53182601928711,43.63435363769531,15.000000953674316,15.789472579956055,15.000000953674316,5,0,0,0,0,2.292710304260254,8589934592,1073741824,5064048640,299040768
208,1771640717794,3504,3504,3504,3504,3504,3504,3504,3504,44.144718170166016,43.786170959472656,42.655418395996094,42.51390075683594,43.00114822387695,42.92832946777344,42.48207092285156,43.53182601928711,43.63435363769531,23.809524536132813,18.18181800842285,20,13.636363983154297,0,0,0,0,2.4390337467193604,8589934592,1073741824,5057691648,299040768
205,1771640718003,3504,3504,3504,3504,3504,3504,3504,3504,44.144718170166016,43.786170959472656,42.655418395996094,42.51390075683594,43.00114822387695,42.92832946777344,42.48207092285156,43.53182601928711,43.63435363769531,28.571430206298828,14.285715103149414,14.285715103149414,9.523809432983398,0,0,0,0,2.4390337467193604,8589934592,1073741824,5057757184,299040768
207,1771640718209,3504,3504,3504,3504,3504,3504,3504,3504,43.788917541503906,43.4514045715332,42.25581359863281,42.01629638671875,42.52316665649414,42.553565979003906,42.099159240722656,43.09495162963867,43.21040344238281,25,20,14.285715103149414,10,0,0,0,0,2.4390337467193604,8589934592,1073741824,5056610304,299040768
208,1771640718417,3504,3504,3504,3504,3504,3504,3504,3504,43.788917541503906,43.4514045715332,42.25581359863281,42.01629638671875,42.52316665649414,42.553565979003906,42.099159240722656,43.09495162963867,43.21040344238281,14.285715103149414,20,5,14.285715103149414,0,0,0,0,2.4390337467193604,8589934592,1073741824,5056610304,299040768
209,1771640718625,3504,3504,3504,3504,3504,3504,3504,3504,43.788917541503906,43.4514045715332,42.25581359863281,42.01629638671875,42.52316665649414,42.553565979003906,42.099159240722656,43.09495162963867,43.21040344238281,15.000000953674316,19.047618865966797,14.285715103149414,5,0,0,0,0,2.0483431816101074,8589934592,1073741824,5056610304,299040768
206,1771640718836,3504,3504,3504,3504,3504,3504,3504,3504,43.788917541503906,43.4514045715332,42.25581359863281,42.01629638671875,42.52316665649414,42.553565979003906,42.099159240722656,43.09495162963867,43.21040344238281,23.809524536132813,19.047618865966797,13.636363983154297,9.523809432983398,0,0,0,0,2.0483431816101074,8589934592,1073741824,5053792256,299040768
208,1771640719042,3504,3504,3504,3504,3504,3504,3504,3504,43.788917541503906,43.4514045715332,42.25581359863281,42.01629638671875,42.52316665649414,42.553565979003906,42.099159240722656,43.09495162963867,43.21040344238281,19.047618865966797,23.809524536132813,14.285715103149414,5,0,0,0,0,2.0483431816101074,8589934592,1073741824,5060182016,299040768
206,1771640719251,3504,3504,3504,3504,3504,3504,3504,3504,43.3701286315918,43.25144577026367,41.93534851074219,41.796836853027344,42.221927642822266,42.235984802246094,41.767845153808594,42.75923538208008,42.858421325683594,15.000000953674316,15.000000953674316,10,18.18181800842285,0,0,0,0,2.0483431816101074,8589934592,1073741824,5060788224,299040768
201,1771640719458,3504,3504,3504,3504,3504,3504,3504,3504,43.3701286315918,43.25144577026367,41.93534851074219,41.796836853027344,42.221927642822266,42.235984802246094,41.767845153808594,42.75923538208008,42.858421325683594,23.809524536132813,15.000000953674316,19.047618865966797,5,0,0,0,0,2.0483431816101074,8589934592,1073741824,5060788224,299040768
209,1771640719660,3504,3504,3504,3504,3504,3504,3504,3504,43.3701286315918,43.25144577026367,41.93534851074219,41.796836853027344,42.221927642822266,42.235984802246094,41.767845153808594,42.75923538208008,42.858421325683594,20,23.809524536132813,20,14.285715103149414,4.761904716491699,5,4.761904716491699,0,2.4890737533569336,8589934592,1073741824,5060788224,299040768
209,1771640719870,3504,3504,3504,3504,3504,3504,3504,3504,43.3701286315918,43.25144577026367,41.93534851074219,41.796836853027344,42.221927642822266,42.235984802246094,41.767845153808594,42.75923538208008,42.858421325683594,33.333335876464844,28.571430206298828,28.571430206298828,15.000000953674316,0,0,0,0,2.4890737533569336,8589934592,1073741824,5067653120,299040768
206,1771640720080,3504,3504,3504,3504,3504,3504,3504,3504,43.3701286315918,43.25144577026367,41.93534851074219,41.796836853027344,42.221927642822266,42.235984802246094,41.767845153808594,42.75923538208008,42.858421325683594,19.047618865966797,20,20,15.000000953674316,0,0,0,0,2.4890737533569336,8589934592,1073741824,5067702272,299040768
207,1771640720286,3504,3504,3504,3504,3504,3504,3504,3504,43.08046340942383,43.03890609741211,41.622093200683594,41.48931121826172,41.884857177734375,41.863555908203125,41.469276428222656,42.57538604736328,42.56938934326172,15.000000953674316,19.047618865966797,14.285715103149414,9.090909004211426,0,0,0,0,2.4890737533569336,8589934592,1073741824,5067669504,299040768
206,1771640720494,3504,3504,3504,3504,3504,3504,3504,3504,43.08046340942383,43.03890609741211,41.622093200683594,41.48931121826172,41.884857177734375,41.863555908203125,41.469276428222656,42.57538604736328,42.56938934326172,25,13.636363983154297,20,10,0,0,0,0,2.4890737533569336,8589934592,1073741824,5067702272,299040768
206,1771640720701,3504,3504,3504,3504,3504,3504,3504,3504,43.08046340942383,43.03890609741211,41.622093200683594,41.48931121826172,41.884857177734375,41.863555908203125,41.469276428222656,42.57538604736328,42.56938934326172,33.333335876464844,20,23.809524536132813,15.000000953674316,0,0,0,0,2.1560893058776855,8589934592,1073741824,5067112448,299040768
207,1771640720908,3504,3504,3504,3504,3504,3504,3504,3504,43.08046340942383,43.03890609741211,41.622093200683594,41.48931121826172,41.884857177734375,41.863555908203125,41.469276428222656,42.57538604736328,42.56938934326172,23.809524536132813,15.000000953674316,19.047618865966797,13.636363983154297,0,0,0,0,2.1560893058776855,8589934592,1073741824,5066997760,299040768
209,1771640721116,3504,3504,3504,3504,3504,3504,3504,3504,43.08046340942383,43.03890609741211,41.24925994873047,41.16033172607422,41.492164611816406,41.361671447753906,41.19151306152344,42.275115966796875,42.25847244262695,20,19.047618865966797,9.523809432983398,14.285715103149414,0,0,0,0,2.1560893058776855,8589934592,1073741824,5067259904,299040768
208,1771640721326,3504,3504,3504,3504,3504,3504,3504,3504,42.92314529418945,42.724029541015625,41.24925994873047,41.16033172607422,41.492164611816406,41.361671447753906,41.19151306152344,42.275115966796875,42.25847244262695,14.285715103149414,4.761904716491699,0,9.523809432983398,19.047618865966797,9.523809432983398,4.761904716491699,4.545454502105713,2.1560893058776855,8589934592,1073741824,5069488128,299040768
210,1771640721534,3504,3504,3504,3504,3504,3504,3504,3504,42.92314529418945,42.724029541015625,41.24925994873047,41.16033172607422,41.492164611816406,41.361671447753906,41.19151306152344,42.275115966796875,42.25847244262695,23.809524536132813,14.285715103149414,18.18181800842285,15.000000953674316,0,0,0,0,2.1560893058776855,8589934592,1073741824,5069389824,299040768
209,1771640721745,3504,3504,3504,3504,3504,3504,3504,3504,42.92314529418945,42.724029541015625,41.24925994873047,41.16033172607422,41.492164611816406,41.361671447753906,41.19151306152344,42.275115966796875,42.25847244262695,28.571430206298828,20,15.789472579956055,23.809524536132813,9.523809432983398,9.523809432983398,9.523809432983398,9.090909004211426,2.036410331726074,8589934592,1073741824,5070127104,299040768
200,1771640721955,3504,3504,3504,3504,3504,3504,3504,3504,42.92314529418945,42.724029541015625,41.24925994873047,41.16033172607422,41.492164611816406,41.361671447753906,41.19151306152344,42.275115966796875,42.25847244262695,23.809524536132813,14.285715103149414,13.636363983154297,9.523809432983398,9.523809432983398,13.636363983154297,4.761904716491699,5,2.036410331726074,8589934592,1073741824,5042569216,299040768
200,1771640722157,3504,3504,3504,3504,3504,3504,3504,3504,43.29959487915039,43.1004524230957,41.65216827392578,41.52446746826172,41.58039474487305,41.693214416503906,41.46654510498047,42.57896423339844,42.64821243286133,20,10,14.285715103149414,14.285715103149414,0,0,0,0,2.036410331726074,8589934592,1073741824,5042946048,299040768
209,1771640722357,3504,3504,3504,3504,3504,3504,3504,3504,43.29959487915039,43.1004524230957,41.65216827392578,41.52446746826172,41.58039474487305,41.693214416503906,41.46654510498047,42.57896423339844,42.64821243286133,25,20,10.526315689086914,5.263157844543457,0,0,0,0,2.036410331726074,8589934592,1073741824,5042978816,299040768
201,1771640722567,3504,3504,3504,3504,3504,3504,3504,3504,43.29959487915039,43.1004524230957,41.65216827392578,41.52446746826172,41.58039474487305,41.693214416503906,41.46654510498047,42.57896423339844,42.64821243286133,33.333335876464844,23.809524536132813,20,15.000000953674316,14.285715103149414,18.18181800842285,18.18181800842285,14.285715103149414,2.036410331726074,8589934592,1073741824,5041291264,299040768
205,1771640722770,3504,3504,3504,3504,3504,3504,3504,3504,43.29959487915039,43.1004524230957,41.65216827392578,41.52446746826172,41.58039474487305,41.693214416503906,41.46654510498047,42.57896423339844,42.64821243286133,23.809524536132813,15.000000953674316,15.000000953674316,9.523809432983398,0,0,0,0,2.2791478633880615,8589934592,1073741824,5041520640,299040768
206,1771640722976,3504,3504,3504,3504,3504,3504,3504,3504,43.29959487915039,43.1004524230957,41.65216827392578,41.52446746826172,41.58039474487305,41.693214416503906,41.46654510498047,42.57896423339844,42.64821243286133,15.789472579956055,15.000000953674316,14.285715103149414,9.523809432983398,0,0,0,0,2.2791478633880615,8589934592,1073741824,5041422336,299040768
207,1771640723183,3504,3504,3504,3504,3504,3504,3504,3504,43.076873779296875,42.824832916259766,41.431190490722656,41.292266845703125,41.460514068603516,41.51429748535156,41.32234191894531,42.42728042602539,42.497467041015625,23.809524536132813,14.285715103149414,19.047618865966797,10,0,0,0,0,2.2791478633880615,8589934592,1073741824,5041553408,299040768
200,1771640723390,3504,3504,3504,3504,3504,3504,3504,3504,43.076873779296875,42.824832916259766,41.431190490722656,41.292266845703125,41.460514068603516,41.51429748535156,41.32234191894531,42.42728042602539,42.497467041015625,19.047618865966797,9.523809432983398,20,9.523809432983398,0,0,0,0,2.2791478633880615,8589934592,1073741824,5041651712,299040768
201,1771640723591,3504,3504,3504,3504,3504,3504,3504,3504,43.076873779296875,42.824832916259766,41.431190490722656,41.292266845703125,41.460514068603516,41.51429748535156,41.32234191894531,42.42728042602539,42.497467041015625,20,15.000000953674316,15.000000953674316,15.000000953674316,4.761904716491699,0,0,0,2.2791478633880615,8589934592,1073741824,5041651712,299040768
209,1771640723793,3504,3504,3504,3504,3504,3504,3504,3504,43.076873779296875,42.824832916259766,41.431190490722656,41.292266845703125,41.460514068603516,41.51429748535156,41.32234191894531,42.42728042602539,42.497467041015625,15.000000953674316,25,14.285715103149414,10,9.523809432983398,10,0,0,2.781977415084839,8589934592,1073741824,5042405376,299040768
203,1771640724003,3504,3504,3504,3504,3504,3504,3504,3504,43.076873779296875,42.824832916259766,41.431190490722656,41.292266845703125,41.460514068603516,41.51429748535156,41.32234191894531,42.42728042602539,42.497467041015625,14.285715103149414,19.047618865966797,9.523809432983398,13.636363983154297,0,0,4.545454502105713,4.545454502105713,2.781977415084839,8589934592,1073741824,5043044352,299040768
209,1771640724207,3504,3504,3504,3504,3504,3504,3504,3504,42.481754302978516,42.030555725097656,40.823326110839844,40.759124755859375,40.966102600097656,40.84630584716797,40.64482116699219,41.71445846557617,41.81486892700195,15.789472579956055,10,5.263157844543457,10.526315689086914,0,0,0,0,2.781977415084839,8589934592,1073741824,5043044352,299040768
209,1771640724417,3504,3504,3504,3504,3504,3504,3504,3504,42.481754302978516,42.030555725097656,40.823326110839844,40.759124755859375,40.966102600097656,40.84630584716797,40.64482116699219,41.71445846557617,41.81486892700195,22.72727394104004,9.523809432983398,9.090909004211426,14.285715103149414,0,0,0,0,2.781977415084839,8589934592,1073741824,5043044352,299040768
204,1771640724627,3504,3504,3504,3504,3504,3504,3504,3504,42.481754302978516,42.030555725097656,40.823326110839844,40.759124755859375,40.966102600097656,40.84630584716797,40.64482116699219,41.71445846557617,41.81486892700195,25,14.285715103149414,14.285715103149414,14.285715103149414,0,0,0,0,2.4894766807556152,8589934592,1073741824,5043077120,299040768
201,1771640724832,3504,3504,3504,3504,3504,3504,3504,3504,42.481754302978516,42.030555725097656,40.823326110839844,40.759124755859375,40.966102600097656,40.84630584716797,40.64482116699219,41.71445846557617,41.81486892700195,23.809524536132813,5,5,14.285715103149414,0,0,0,0,2.4894766807556152,8589934592,1073741824,5043077120,299040768
201,1771640725034,3504,3504,3504,3504,3504,3504,3504,3504,42.481754302978516,42.030555725097656,40.823326110839844,40.759124755859375,40.966102600097656,40.84630584716797,40.64482116699219,41.71445846557617,41.81486892700195,25,10,15.000000953674316,5.263157844543457,0,0,0,0,2.4894766807556152,8589934592,1073741824,5042585600,299040768
204,1771640725236,3504,3504,3504,3504,3504,3504,3504,3504,42.11637496948242,41.485477447509766,40.45274353027344,40.43755340576172,40.64582061767578,40.56581115722656,40.39497375488281,41.389984130859375,41.50822448730469,25,15.000000953674316,15.000000953674316,14.285715103149414,0,0,0,0,2.4894766807556152,8589934592,1073741824,5042421760,299040768
208,1771640725440,3504,3504,3504,3504,3504,3504,3504,3504,42.11637496948242,41.485477447509766,40.45274353027344,40.43755340576172,40.64582061767578,40.56581115722656,40.39497375488281,41.389984130859375,41.50822448730469,19.047618865966797,25,23.809524536132813,10,0,0,0,0,2.4894766807556152,8589934592,1073741824,5042421760,299040768
208,1771640725649,3504,3504,3504,3504,3504,3504,3504,3504,42.11637496948242,41.485477447509766,40.45274353027344,40.43755340576172,40.64582061767578,40.56581115722656,40.39497375488281,41.389984130859375,41.50822448730469,20,18.18181800842285,19.047618865966797,5,0,0,0,0,1.9873433113098145,8589934592,1073741824,5042421760,299040768
208,1771640725857,3504,3504,3504,3504,3504,3504,3504,3504,42.11637496948242,41.485477447509766,40.45274353027344,40.43755340576172,40.64582061767578,40.56581115722656,40.39497375488281,41.389984130859375,41.50822448730469,15.000000953674316,15.000000953674316,15.000000953674316,14.285715103149414,0,0,0,0,1.9873433113098145,8589934592,1073741824,5042421760,299040768
203,1771640726066,3504,3504,3504,3504,3504,3504,3504,3504,42.11637496948242,41.485477447509766,40.45274353027344,40.43755340576172,40.64582061767578,40.56581115722656,40.39497375488281,41.389984130859375,41.50822448730469,27.272727966308594,28.571430206298828,14.285715103149414,22.72727394104004,40.90909194946289,0,0,0,1.9873433113098145,8589934592,1073741824,5044764672,299040768
207,1771640726270,3504,3504,3504,3504,3504,3504,3504,3504,42.041481018066406,41.51131057739258,40.431373596191406,40.31726837158203,40.49277877807617,40.322731018066406,40.22212219238281,41.180904388427734,41.25531005859375,25,25,25,31.57894515991211,0,0,0,0,1.9873433113098145,8589934592,1073741824,5046091776,299040768
209,1771640726478,3504,3504,3504,3504,3504,3504,3504,3504,42.041481018066406,41.51131057739258,40.431373596191406,40.31726837158203,40.49277877807617,40.322731018066406,40.22212219238281,41.180904388427734,41.25531005859375,14.285715103149414,19.047618865966797,15.000000953674316,13.636363983154297,0,0,0,0,1.9873433113098145,8589934592,1073741824,5046091776,299040768
209,1771640726688,3504,3504,3504,3504,3504,3504,3504,3504,42.041481018066406,41.51131057739258,40.431373596191406,40.31726837158203,40.49277877807617,40.322731018066406,40.22212219238281,41.180904388427734,41.25531005859375,15.000000953674316,20,18.18181800842285,5,0,0,0,0,2.6004812717437744,8589934592,1073741824,5046108160,299040768
204,1771640726898,3504,3504,3504,3504,3504,3504,3504,3504,42.041481018066406,41.51131057739258,40.431373596191406,40.31726837158203,40.49277877807617,40.322731018066406,40.22212219238281,41.180904388427734,41.25531005859375,14.285715103149414,19.047618865966797,15.000000953674316,9.523809432983398,0,0,0,0,2.6004812717437744,8589934592,1073741824,5046173696,299040768
204,1771640727103,3504,3504,3504,3504,3504,3504,3504,3504,42.041481018066406,41.51131057739258,40.431373596191406,40.31726837158203,40.49277877807617,40.322731018066406,40.22212219238281,41.180904388427734,41.25531005859375,20,14.285715103149414,14.285715103149414,5,0,0,0,0,2.6004812717437744,8589934592,1073741824,5046173696,299040768
208,1771640727307,3504,3504,3504,3504,3504,3504,3504,3504,41.87145233154297,41.00603103637695,40.0616455078125,40.03485870361328,40.268402099609375,40.152061462402344,40.02373504638672,41.028263092041016,41.088924407958984,19.047618865966797,15.000000953674316,25,14.285715103149414,0,0,0,0,2.6004812717437744,8589934592,1073741824,5046206464,299040768
202,1771640727516,3504,3504,3504,3504,3504,3504,3504,3504,41.87145233154297,41.00603103637695,40.0616455078125,40.03485870361328,40.268402099609375,40.152061462402344,40.02373504638672,41.028263092041016,41.088924407958984,10,9.523809432983398,27.272727966308594,0,0,0,0,0,2.6004812717437744,8589934592,1073741824,5046206464,299040768
209,1771640727719,3504,3504,3504,3504,3504,3504,3504,3504,41.87145233154297,41.00603103637695,40.0616455078125,40.03485870361328,40.268402099609375,40.152061462402344,40.02373504638672,41.028263092041016,41.088924407958984,19.047618865966797,15.000000953674316,20,14.285715103149414,0,0,0,0,2.4404263496398926,8589934592,1073741824,5046140928,299040768
202,1771640727929,3504,3504,3504,3504,3504,3504,3504,3504,41.87145233154297,41.00603103637695,40.0616455078125,40.03485870361328,40.268402099609375,40.152061462402344,40.02373504638672,41.028263092041016,41.088924407958984,20,19.047618865966797,5,4.761904716491699,0,0,0,0,2.4404263496398926,8589934592,1073741824,5046124544,299040768
203,1771640728132,3504,3504,3504,3504,3504,3504,3504,3504,41.69454574584961,40.77493667602539,39.848289489746094,39.70123291015625,40.07722091674805,39.87702941894531,39.810646057128906,40.82545852661133,40.88486099243164,33.333335876464844,15.000000953674316,19.047618865966797,15.789472579956055,0,4.761904716491699,4.761904716491699,4.761904716491699,2.4404263496398926,8589934592,1073741824,5046616064,299040768
208,1771640728336,3504,3504,3504,3504,3504,3504,3504,3504,41.69454574584961,40.77493667602539,39.848289489746094,39.70123291015625,40.07722091674805,39.87702941894531,39.810646057128906,40.82545852661133,40.88486099243164,23.809524536132813,19.047618865966797,10,14.285715103149414,0,0,0,0,2.4404263496398926,8589934592,1073741824,5046648832,299040768
206,1771640728545,3504,3504,3504,3504,3504,3504,3504,3504,41.69454574584961,40.77493667602539,39.848289489746094,39.70123291015625,40.07722091674805,39.87702941894531,39.810646057128906,40.82545852661133,40.88486099243164,20,19.047618865966797,10,9.090909004211426,0,0,0,0,2.4404263496398926,8589934592,1073741824,5046747136,299040768
209,1771640728753,3504,3504,3504,3504,3504,3504,3504,3504,41.69454574584961,40.77493667602539,39.848289489746094,39.70123291015625,40.07722091674805,39.87702941894531,39.810646057128906,40.82545852661133,40.88486099243164,20,20,14.285715103149414,5,14.285715103149414,9.523809432983398,9.523809432983398,9.090909004211426,1.914832592010498,8589934592,1073741824,5047091200,299040768
201,1771640728963,3504,3504,3504,3504,3504,3504,3504,3504,41.69454574584961,40.77493667602539,39.848289489746094,39.70123291015625,40.07722091674805,39.87702941894531,39.810646057128906,40.82545852661133,40.88486099243164,27.272727966308594,19.047618865966797,9.523809432983398,5,0,0,0,0,1.914832592010498,8589934592,1073741824,5047091200,299040768
209,1771640729165,3504,3504,3504,3504,3504,3504,3504,3504,41.609397888183594,40.77267074584961,39.7337646484375,39.67609405517578,40.05008316040039,39.818511962890625,39.70414733886719,40.76051712036133,40.808387756347656,25,19.047618865966797,15.789472579956055,15.000000953674316,0,0,0,0,1.914832592010498,8589934592,1073741824,5047238656,299040768
208,1771640729375,3504,3504,3504,3504,3504,3504,3504,3504,41.609397888183594,40.77267074584961,39.7337646484375,39.67609405517578,40.05008316040039,39.818511962890625,39.70414733886719,40.76051712036133,40.808387756347656,15.000000953674316,20,13.043478012084961,13.636363983154297,0,18.18181800842285,4.761904716491699,0,1.914832592010498,8589934592,1073741824,5048516608,299040768
201,1771640729584,3504,3504,3504,3504,3504,3504,3504,3504,41.609397888183594,40.77267074584961,39.7337646484375,39.67609405517578,40.05008316040039,39.818511962890625,39.70414733886719,40.76051712036133,40.808387756347656,19.047618865966797,5,10,5,4.545454502105713,0,0,0,1.914832592010498,8589934592,1073741824,5048516608,299040768
205,1771640729786,3504,3504,3504,3504,3504,3504,3504,3504,41.609397888183594,40.77267074584961,39.7337646484375,39.67609405517578,40.05008316040039,39.818511962890625,39.70414733886719,40.76051712036133,40.808387756347656,20,15.000000953674316,15.000000953674316,15.000000953674316,0,0,0,0,2.4661571979522705,8589934592,1073741824,5048532992,299040768
208,1771640729991,3504,3504,3504,3504,3504,3504,3504,3504,41.609397888183594,40.77267074584961,39.7337646484375,39.67609405517578,40.05008316040039,39.818511962890625,39.70414733886719,40.76051712036133,40.808387756347656,19.047618865966797,23.809524536132813,9.523809432983398,9.523809432983398,0,0,0,0,2.4661571979522705,8589934592,1073741824,5048434688,299040768
207,1771640730201,3504,3504,3504,3504,3504,3504,3504,3504,41.49388885498047,40.634544372558594,39.58226776123047,39.55909729003906,39.91266632080078,39.68975067138672,39.538658142089844,40.62189865112305,40.60567855834961,23.809524536132813,20,14.285715103149414,13.636363983154297,0,0,0,0,2.4661571979522705,8589934592,1073741824,5048434688,299040768
199,1771640730409,3504,3504,3504,3504,3504,3504,3504,3504,41.49388885498047,40.634544372558594,39.58226776123047,39.55909729003906,39.91266632080078,39.68975067138672,39.538658142089844,40.62189865112305,40.60567855834961,20,22.72727394104004,5,5,0,0,0,0,2.4661571979522705,8589934592,1073741824,5048434688,299040768
207,1771640730609,3504,3504,3504,3504,3504,3504,3504,3504,41.49388885498047,40.634544372558594,39.58226776123047,39.55909729003906,39.91266632080078,39.68975067138672,39.538658142089844,40.62189865112305,40.60567855834961,20,21.052631378173828,10,5.263157844543457,0,0,0,0,2.4661571979522705,8589934592,1073741824,5047975936,299040768
209,1771640730817,3504,3504,3504,3504,3504,3504,3504,3504,41.49388885498047,40.634544372558594,39.58226776123047,39.55909729003906,39.91266632080078,39.68975067138672,39.538658142089844,40.62189865112305,40.60567855834961,20,27.272727966308594,14.285715103149414,13.636363983154297,0,0,0,0,2.268929958343506,8589934592,1073741824,5048041472,299040768
208,1771640731027,3504,3504,3504,3504,3504,3504,3504,3504,41.49388885498047,40.634544372558594,39.58226776123047,39.55909729003906,39.91266632080078,39.68975067138672,39.538658142089844,40.62189865112305,40.60567855834961,14.285715103149414,20,9.523809432983398,10,0,0,0,0,2.268929958343506,8589934592,1073741824,5048041472,299040768
205,1771640731236,3504,3504,3504,3504,3504,3504,3504,3504,41.13031005859375,40.44598388671875,39.33587646484375,39.266998291015625,39.59653091430664,39.43028259277344,39.21331024169922,40.301937103271484,40.356468200683594,33.333335876464844,28.571430206298828,23.809524536132813,28.571430206298828,0,0,0,0,2.268929958343506,8589934592,1073741824,5048909824,299040768
209,1771640731442,3504,3504,3504,3504,3504,3504,3504,3504,41.13031005859375,40.44598388671875,39.33587646484375,39.266998291015625,39.59653091430664,39.43028259277344,39.21331024169922,40.301937103271484,40.356468200683594,15.000000953674316,15.000000953674316,5.263157844543457,14.285715103149414,0,0,0,0,2.268929958343506,8589934592,1073741824,5048975360,299040768
199,1771640731652,3504,3504,3504,3504,3504,3504,3504,3504,41.13031005859375,40.44598388671875,39.33587646484375,39.266998291015625,39.59653091430664,39.43028259277344,39.21331024169922,40.301937103271484,40.356468200683594,22.72727394104004,19.047618865966797,13.636363983154297,14.285715103149414,0,0,0,0,2.5397727489471436,8589934592,1073741824,5049008128,299040768
209,1771640731853,3504,3504,3504,3504,3504,3504,3504,3504,41.13031005859375,40.44598388671875,39.33587646484375,39.266998291015625,39.59653091430664,39.43028259277344,39.21331024169922,40.301937103271484,40.356468200683594,21.052631378173828,10,15.000000953674316,15.789472579956055,0,0,0,0,2.5397727489471436,8589934592,1073741824,5048991744,299040768
206,1771640732063,3504,3504,3504,3504,3504,3504,3504,3504,41.13031005859375,40.44598388671875,39.33587646484375,39.266998291015625,39.59653091430664,39.43028259277344,39.21331024169922,40.301937103271484,40.356468200683594,22.72727394104004,14.285715103149414,5,14.285715103149414,0,0,0,0,2.5397727489471436,8589934592,1073741824,5048991744,299040768
209,1771640732269,3504,3504,3504,3504,3504,3504,3504,3504,40.860843658447266,40.32335662841797,39.13395690917969,39.11842346191406,39.44917297363281,39.23402404785156,39.03429412841797,40.144996643066406,40.151824951171875,15.789472579956055,20,9.523809432983398,19.047618865966797,0,0,0,0,2.5397727489471436,8589934592,1073741824,5048991744,299040768
209,1771640732479,3504,3504,3504,3504,3504,3504,3504,3504,40.860843658447266,40.32335662841797,39.13395690917969,39.11842346191406,39.44917297363281,39.23402404785156,39.03429412841797,40.144996643066406,40.151824951171875,19.047618865966797,14.285715103149414,14.285715103149414,19.047618865966797,0,0,0,0,2.5397727489471436,8589934592,1073741824,5049008128,299040768
200,1771640732689,3504,3504,3504,3504,3504,3504,3504,3504,40.860843658447266,40.32335662841797,39.13395690917969,39.11842346191406,39.44917297363281,39.23402404785156,39.03429412841797,40.144996643066406,40.151824951171875,22.72727394104004,14.285715103149414,10,19.047618865966797,0,0,0,0,2.46696138381958,8589934592,1073741824,5048893440,299040768
204,1771640732890,3504,3504,3504,3504,3504,3504,3504,3504,40.860843658447266,40.32335662841797,39.13395690917969,39.11842346191406,39.44917297363281,39.23402404785156,39.03429412841797,40.144996643066406,40.151824951171875,25,10,9.523809432983398,10.526315689086914,0,0,0,0,2.46696138381958,8589934592,1073741824,5048893440,299040768
204,1771640733095,3504,3504,3504,3504,3504,3504,3504,3504,40.860843658447266,40.32335662841797,39.13395690917969,39.11842346191406,39.44917297363281,39.23402404785156,39.03429412841797,40.144996643066406,40.151824951171875,23.809524536132813,15.000000953674316,14.285715103149414,19.047618865966797,0,0,0,0,2.46696138381958,8589934592,1073741824,5048893440,299040768
201,1771640733301,3504,3504,3504,3504,3504,3504,3504,3504,40.57070541381836,40.17462158203125,39.052452087402344,38.90784454345703,39.21272659301758,39.06206512451172,38.81260681152344,39.96556091308594,40.021121978759766,21.052631378173828,14.285715103149414,10,15.000000953674316,0,0,4.761904716491699,0,2.46696138381958,8589934592,1073741824,5049090048,299040768
203,1771640733503,3504,3504,3504,3504,3504,3504,3504,3504,40.57070541381836,40.17462158203125,39.052452087402344,38.90784454345703,39.21272659301758,39.06206512451172,38.81260681152344,39.96556091308594,40.021121978759766,20,20,10,9.523809432983398,0,0,0,0,2.46696138381958,8589934592,1073741824,5049090048,299040768
209,1771640733706,3504,3504,3504,3504,3504,3504,3504,3504,40.57070541381836,40.17462158203125,39.052452087402344,38.90784454345703,39.21272659301758,39.06206512451172,38.81260681152344,39.96556091308594,40.021121978759766,14.285715103149414,28.571430206298828,5,5,4.761904716491699,5,0,0,2.354968547821045,8589934592,1073741824,5049090048,299040768
209,1771640733916,3504,3504,3504,3504,3504,3504,3504,3504,40.57070541381836,40.17462158203125,39.052452087402344,38.90784454345703,39.21272659301758,39.06206512451172,38.81260681152344,39.96556091308594,40.021121978759766,14.285715103149414,25,9.523809432983398,9.523809432983398,4.761904716491699,0,0,0,2.354968547821045,8589934592,1073741824,5049450496,299040768
206,1771640734127,3504,3504,3504,3504,3504,3504,3504,3504,40.48932647705078,40.111915588378906,38.980499267578125,38.81513214111328,39.11813735961914,38.949241638183594,38.76068878173828,39.85498809814453,39.945377349853516,15.000000953674316,23.809524536132813,13.636363983154297,5,0,0,0,0,2.354968547821045,8589934592,1073741824,5049466880,299040768
206,1771640734334,3504,3504,3504,3504,3504,3504,3504,3504,40.48932647705078,40.111915588378906,38.980499267578125,38.81513214111328,39.11813735961914,38.949241638183594,38.76068878173828,39.85498809814453,39.945377349853516,15.000000953674316,33.333335876464844,10,13.636363983154297,0,0,0,0,2.354968547821045,8589934592,1073741824,5049466880,299040768
209,1771640734541,3504,3504,3504,3504,3504,3504,3504,3504,40.48932647705078,40.111915588378906,38.980499267578125,38.81513214111328,39.11813735961914,38.949241638183594,38.76068878173828,39.85498809814453,39.945377349853516,21.7391300201416,28.571430206298828,15.000000953674316,5,0,0,0,0,2.354968547821045,8589934592,1073741824,5049565184,299040768
200,1771640734751,3504,3504,3504,3504,3504,3504,3504,3504,40.48932647705078,40.111915588378906,38.980499267578125,38.81513214111328,39.11813735961914,38.949241638183594,38.76068878173828,39.85498809814453,39.945377349853516,5.263157844543457,15.000000953674316,4.761904716491699,14.285715103149414,0,0,0,0,2.3066611289978027,8589934592,1073741824,5049565184,299040768
203,1771640734953,3504,3504,3504,3504,3504,3504,3504,3504,40.48932647705078,40.111915588378906,38.980499267578125,38.81513214111328,39.11813735961914,38.949241638183594,38.76068878173828,39.85498809814453,39.945377349853516,33.333335876464844,20,15.000000953674316,15.000000953674316,0,0,0,0,2.3066611289978027,8589934592,1073741824,5049565184,299040768
199,1771640735157,3504,3504,3504,3504,3504,3504,3504,3504,40.33864974975586,39.975467681884766,38.720680236816406,38.659156799316406,39.03288269042969,38.730918884277344,38.68363952636719,39.732913970947266,39.80802536010742,15.789472579956055,15.000000953674316,15.000000953674316,5,0,0,0,0,2.3066611289978027,8589934592,1073741824,5049565184,299040768
209,1771640735357,3504,3504,3504,3504,3504,3504,3504,3504,40.33864974975586,39.975467681884766,38.720680236816406,38.659156799316406,39.03288269042969,38.730918884277344,38.68363952636719,39.732913970947266,39.80802536010742,25,14.285715103149414,15.000000953674316,14.285715103149414,15.789472579956055,15.000000953674316,5.263157844543457,5,2.3066611289978027,8589934592,1073741824,5041684480,299040768
209,1771640735567,3504,3504,3504,3504,3504,3504,3504,3504,40.33864974975586,39.975467681884766,38.720680236816406,38.659156799316406,39.03288269042969,38.730918884277344,38.68363952636719,39.732913970947266,39.80802536010742,23.809524536132813,15.000000953674316,9.523809432983398,5,0,0,0,0,2.3066611289978027,8589934592,1073741824,5041848320,299040768
208,1771640735777,3504,3504,3504,3504,3504,3504,3504,3504,40.33864974975586,39.975467681884766,38.720680236816406,38.659156799316406,39.03288269042969,38.730918884277344,38.68363952636719,39.732913970947266,39.80802536010742,22.72727394104004,19.047618865966797,14.285715103149414,13.636363983154297,0,0,0,0,1.9146757125854492,8589934592,1073741824,5041848320,299040768
204,1771640735986,3504,3504,3504,3504,3504,3504,3504,3504,40.33864974975586,39.975467681884766,38.720680236816406,38.659156799316406,39.03288269042969,38.730918884277344,38.68363952636719,39.732913970947266,39.80802536010742,30.000001907348633,23.809524536132813,14.285715103149414,15.000000953674316,0,0,0,0,1.9146757125854492,8589934592,1073741824,5041913856,299040768
207,1771640736191,3504,3504,3504,3504,3504,3504,3504,3504,40.48844909667969,40.284061431884766,38.95484924316406,38.713706970214844,39.00498580932617,38.74567413330078,38.643463134765625,39.74339294433594,39.775489807128906,28.571430206298828,25,30.000001907348633,20,40.90909194946289,0,0,0,1.9146757125854492,8589934592,1073741824,5042405376,299040768
209,1771640736398,3504,3504,3504,3504,3504,3504,3504,3504,40.48844909667969,40.284061431884766,38.95484924316406,38.713706970214844,39.00498580932617,38.74567413330078,38.643463134765625,39.74339294433594,39.775489807128906,15.000000953674316,31.81818199157715,14.285715103149414,14.285715103149414,0,0,0,0,1.9146757125854492,8589934592,1073741824,5042552832,299040768
205,1771640736609,3504,3504,3504,3504,3504,3504,3504,3504,40.48844909667969,40.284061431884766,38.95484924316406,38.713706970214844,39.00498580932617,38.74567413330078,38.643463134765625,39.74339294433594,39.775489807128906,14.285715103149414,23.809524536132813,9.523809432983398,9.523809432983398,0,0,0,0,1.9146757125854492,8589934592,1073741824,5042520064,299040768
209,1771640736815,3504,3504,3504,3504,3504,3504,3504,3504,40.48844909667969,40.284061431884766,38.95484924316406,38.713706970214844,39.00498580932617,38.74567413330078,38.643463134765625,39.74339294433594,39.775489807128906,14.285715103149414,25,10,5,0,0,0,0,2.405792474746704,8589934592,1073741824,5042536448,299040768
209,1771640737025,3504,3504,3504,3504,3504,3504,3504,3504,40.48844909667969,40.284061431884766,38.95484924316406,38.713706970214844,39.00498580932617,38.74567413330078,38.643463134765625,39.74339294433594,39.775489807128906,15.000000953674316,28.571430206298828,14.285715103149414,9.523809432983398,0,0,0,0,2.405792474746704,8589934592,1073741824,5042536448,299040768
207,1771640737235,3504,3504,3504,3504,3504,3504,3504,3504,40.19392013549805,39.905303955078125,38.67304992675781,38.537750244140625,38.868343353271484,38.60646057128906,38.60212707519531,39.64527893066406,39.6857795715332,50,45,14.285715103149414,27.272727966308594,0,0,0,0,2.405792474746704,8589934592,1073741824,5042569216,299040768
209,1771640737443,3504,3504,3504,3504,3504,3504,3504,3504,40.19392013549805,39.905303955078125,38.67304992675781,38.537750244140625,38.868343353271484,38.60646057128906,38.60212707519531,39.64527893066406,39.6857795715332,15.000000953674316,23.809524536132813,14.285715103149414,14.285715103149414,0,0,0,0,2.405792474746704,8589934592,1073741824,5042569216,299040768
209,1771640737653,3504,3504,3504,3504,3504,3504,3504,3504,40.19392013549805,39.905303955078125,38.67304992675781,38.537750244140625,38.868343353271484,38.60646057128906,38.60212707519531,39.64527893066406,39.6857795715332,14.285715103149414,14.285715103149414,4.761904716491699,10,0,4.545454502105713,4.761904716491699,0,2.3430838584899902,8589934592,1073741824,5042651136,299040768
205,1771640737863,3504,3504,3504,3504,3504,3504,3504,3504,40.19392013549805,39.905303955078125,38.67304992675781,38.537750244140625,38.868343353271484,38.60646057128906,38.60212707519531,39.64527893066406,39.6857795715332,14.285715103149414,15.000000953674316,10,14.285715103149414,0,0,0,0,2.3430838584899902,8589934592,1073741824,5042634752,299040768
209,1771640738069,3504,3504,3504,3504,3504,3504,3504,3504,40.19392013549805,39.905303955078125,38.67304992675781,38.537750244140625,38.868343353271484,38.60646057128906,38.60212707519531,39.64527893066406,39.6857795715332,20,20,14.285715103149414,23.809524536132813,0,0,0,0,2.3430838584899902,8589934592,1073741824,5042733056,299040768
201,1771640738279,3504,3504,3504,3504,3504,3504,3504,3504,39.98848342895508,39.71968078613281,38.477622985839844,38.32445526123047,38.730186462402344,38.387969970703125,38.40930938720703,39.468544006347656,39.50312423706055,14.285715103149414,22.72727394104004,9.523809432983398,10.526315689086914,0,0,0,0,2.3430838584899902,8589934592,1073741824,5042634752,299040768
212,1771640738482,3504,3504,3504,3504,3504,3504,3504,3504,39.98848342895508,39.71968078613281,38.477622985839844,38.32445526123047,38.730186462402344,38.387969970703125,38.40930938720703,39.468544006347656,39.50312423706055,20,20,10,13.636363983154297,0,0,0,0,2.3430838584899902,8589934592,1073741824,5042667520,299040768
204,1771640738699,3504,3504,3504,3504,3504,3504,3504,3504,39.98848342895508,39.71968078613281,38.477622985839844,38.32445526123047,38.730186462402344,38.387969970703125,38.40930938720703,39.468544006347656,39.50312423706055,22.72727394104004,33.333335876464844,22.72727394104004,23.809524536132813,13.636363983154297,9.523809432983398,4.761904716491699,9.090909004211426,2.197313070297241,8589934592,1073741824,5042978816,299040768
209,1771640738904,3504,3504,3504,3504,3504,3504,3504,3504,39.98848342895508,39.71968078613281,38.477622985839844,38.32445526123047,38.730186462402344,38.387969970703125,38.40930938720703,39.468544006347656,39.50312423706055,10,19.047618865966797,5,9.523809432983398,5,5,13.636363983154297,9.523809432983398,2.197313070297241,8589934592,1073741824,5042667520,299040768
203,1771640739114,3504,3504,3504,3504,3504,3504,3504,3504,40.2595329284668,39.922340393066406,38.58918762207031,38.49171447753906,38.80073547363281,38.6033935546875,38.56537628173828,39.64122772216797,39.76746368408203,14.285715103149414,23.809524536132813,9.523809432983398,4.761904716491699,0,0,0,0,2.197313070297241,8589934592,1073741824,5042651136,299040768
199,1771640739319,3504,3504,3504,3504,3504,3504,3504,3504,40.2595329284668,39.922340393066406,38.58918762207031,38.49171447753906,38.80073547363281,38.6033935546875,38.56537628173828,39.64122772216797,39.76746368408203,15.000000953674316,20,10,14.285715103149414,4.761904716491699,4.761904716491699,0,0,2.197313070297241,8589934592,1073741824,5042667520,299040768
206,1771640739519,3504,3504,3504,3504,3504,3504,3504,3504,40.2595329284668,39.922340393066406,38.58918762207031,38.49171447753906,38.80073547363281,38.6033935546875,38.56537628173828,39.64122772216797,39.76746368408203,15.000000953674316,20,10,10.526315689086914,0,0,0,0,2.197313070297241,8589934592,1073741824,5042683904,299040768
209,1771640739726,3504,3504,3504,3504,3504,3504,3504,3504,40.2595329284668,39.922340393066406,38.58918762207031,38.49171447753906,38.80073547363281,38.6033935546875,38.56537628173828,39.64122772216797,39.76746368408203,14.285715103149414,23.809524536132813,15.000000953674316,19.047618865966797,0,0,0,0,1.9277338981628418,8589934592,1073741824,5043027968,299040768
204,1771640739936,3504,3504,3504,3504,3504,3504,3504,3504,40.2595329284668,39.922340393066406,38.58918762207031,38.49171447753906,38.80073547363281,38.6033935546875,38.56537628173828,39.64122772216797,39.76746368408203,28.571430206298828,10,13.636363983154297,10,9.090909004211426,4.761904716491699,4.761904716491699,0,1.9277338981628418,8589934592,1073741824,5043601408,299040768
209,1771640740141,3504,3504,3504,3504,3504,3504,3504,3504,39.937862396240234,39.63113784790039,38.34297180175781,38.198509216308594,38.62050247192383,38.27954864501953,38.30171203613281,39.32783126831055,39.423377990722656,25,19.047618865966797,10,10,0,0,0,0,1.9277338981628418,8589934592,1073741824,5043732480,299040768
209,1771640740351,3504,3504,3504,3504,3504,3504,3504,3504,39.937862396240234,39.63113784790039,38.34297180175781,38.198509216308594,38.62050247192383,38.27954864501953,38.30171203613281,39.32783126831055,39.423377990722656,31.81818199157715,14.285715103149414,9.523809432983398,13.043478012084961,0,0,0,0,1.9277338981628418,8589934592,1073741824,5043732480,299040768
208,1771640740561,3504,3504,3504,3504,3504,3504,3504,3504,39.937862396240234,39.63113784790039,38.34297180175781,38.198509216308594,38.62050247192383,38.27954864501953,38.30171203613281,39.32783126831055,39.423377990722656,25,9.523809432983398,5,5,0,0,0,0,1.9277338981628418,8589934592,1073741824,5043519488,299040768
201,1771640740769,3504,3504,3504,3504,3504,3504,3504,3504,39.937862396240234,39.63113784790039,38.34297180175781,38.198509216308594,38.62050247192383,38.27954864501953,38.30171203613281,39.32783126831055,39.423377990722656,30.000001907348633,14.285715103149414,13.636363983154297,9.523809432983398,0,0,0,0,2.8444089889526367,8589934592,1073741824,5043535872,299040768
209,1771640740971,3504,3504,3504,3504,3504,3504,3504,3504,39.937862396240234,39.63113784790039,38.34297180175781,38.198509216308594,38.62050247192383,38.27954864501953,38.30171203613281,39.32783126831055,39.423377990722656,28.571430206298828,15.000000953674316,15.000000953674316,5,0,0,0,0,2.8444089889526367,8589934592,1073741824,5043453952,299040768
208,1771640741181,3504,3504,3504,3504,3504,3504,3504,3504,39.822113037109375,39.38173294067383,38.20703887939453,37.929718017578125,38.426292419433594,38.08501434326172,38.10699462890625,39.14529037475586,39.22938537597656,35,25,45,28.571430206298828,0,0,0,0,2.8444089889526367,8589934592,1073741824,5042683904,299040768
203,1771640741391,3504,3504,3504,3504,3504,3504,3504,3504,39.822113037109375,39.38173294067383,38.20703887939453,37.929718017578125,38.426292419433594,38.08501434326172,38.10699462890625,39.14529037475586,39.22938537597656,47.619049072265625,33.333335876464844,31.81818199157715,55,0,0,0,0,2.8444089889526367,8589934592,1073741824,5045436416,299040768
207,1771640741595,3504,3504,3504,3504,3504,3504,3504,3504,39.822113037109375,39.38173294067383,38.20703887939453,37.929718017578125,38.426292419433594,38.08501434326172,38.10699462890625,39.14529037475586,39.22938537597656,23.809524536132813,14.285715103149414,19.047618865966797,5,0,0,0,0,2.8444089889526367,8589934592,1073741824,5045059584,299040768
203,1771640741803,3504,3504,3504,3504,3504,3504,3504,3504,39.822113037109375,39.38173294067383,38.20703887939453,37.929718017578125,38.426292419433594,38.08501434326172,38.10699462890625,39.14529037475586,39.22938537597656,25,31.57894515991211,21.052631378173828,18.18181800842285,0,0,0,0,2.6252264976501465,8589934592,1073741824,5045370880,299040768
208,1771640742007,3504,3504,3504,3504,3504,3504,3504,3504,39.822113037109375,39.38173294067383,38.20703887939453,37.929718017578125,38.426292419433594,38.08501434326172,38.10699462890625,39.14529037475586,39.22938537597656,50,40.90909194946289,50,31.57894515991211,0,0,0,0,2.6252264976501465,8589934592,1073741824,5045370880,299040768
203,1771640742215,3504,3504,3504,3504,3504,3504,3504,3504,39.774322509765625,39.30085372924805,38.14344024658203,37.84716796875,38.3737678527832,37.98292541503906,37.99269104003906,39.11214065551758,39.117576599121094,27.272727966308594,28.571430206298828,19.047618865966797,22.72727394104004,0,0,0,0,2.6252264976501465,8589934592,1073741824,5045370880,299040768
209,1771640742419,3504,3504,3504,3504,3504,3504,3504,3504,39.774322509765625,39.30085372924805,38.14344024658203,37.84716796875,38.3737678527832,37.98292541503906,37.99269104003906,39.11214065551758,39.117576599121094,15.789472579956055,11.111111640930176,19.047618865966797,5,0,0,0,0,2.6252264976501465,8589934592,1073741824,5045370880,299040768
208,1771640742629,3504,3504,3504,3504,3504,3504,3504,3504,39.774322509765625,39.30085372924805,38.14344024658203,37.84716796875,38.3737678527832,37.98292541503906,37.99269104003906,39.11214065551758,39.117576599121094,23.809524536132813,13.636363983154297,19.047618865966797,9.523809432983398,0,0,0,0,2.2332282066345215,8589934592,1073741824,5044961280,299040768
202,1771640742839,3504,3504,3504,3504,3504,3504,3504,3504,39.774322509765625,39.30085372924805,38.14344024658203,37.84716796875,38.3737678527832,37.98292541503906,37.99269104003906,39.11214065551758,39.117576599121094,33.333335876464844,23.809524536132813,25,20,0,0,0,0,2.2332282066345215,8589934592,1073741824,5045223424,299040768
201,1771640743042,3504,3504,3504,3504,3504,3504,3504,3504,39.774322509765625,39.30085372924805,38.14344024658203,37.84716796875,38.3737678527832,37.98292541503906,37.99269104003906,39.11214065551758,39.117576599121094,35,40,38.095237731933594,57.142860412597656,0,0,0,0,2.2332282066345215,8589934592,1073741824,5045354496,299040768
208,1771640743244,3504,3504,3504,3504,3504,3504,3504,3504,39.69606018066406,39.21916580200195,37.987030029296875,37.74090576171875,38.32636642456055,37.85882568359375,37.91412353515625,39.020545959472656,39.01363754272461,30.000001907348633,30.000001907348633,25,20,0,0,0,0,2.2332282066345215,8589934592,1073741824,5045223424,299040768
209,1771640743453,3504,3504,3504,3504,3504,3504,3504,3504,39.69606018066406,39.21916580200195,37.987030029296875,37.74090576171875,38.32636642456055,37.85882568359375,37.91412353515625,39.020545959472656,39.01363754272461,23.809524536132813,19.047618865966797,23.809524536132813,23.809524536132813,0,0,0,0,2.2332282066345215,8589934592,1073741824,5045321728,299040768
206,1771640743663,3504,3504,3504,3504,3504,3504,3504,3504,39.69606018066406,39.21916580200195,37.987030029296875,37.74090576171875,38.32636642456055,37.85882568359375,37.91412353515625,39.020545959472656,39.01363754272461,23.809524536132813,14.285715103149414,5.263157844543457,14.285715103149414,0,0,0,0,2.3798859119415283,8589934592,1073741824,5045370880,299040768
209,1771640743869,3504,3504,3504,3504,3504,3504,3504,3504,39.69606018066406,39.21916580200195,37.987030029296875,37.74090576171875,38.32636642456055,37.85882568359375,37.91412353515625,39.020545959472656,39.01363754272461,20,14.285715103149414,14.285715103149414,5,9.523809432983398,0,4.761904716491699,5,2.3798859119415283,8589934592,1073741824,5045370880,299040768
208,1771640744079,3504,3504,3504,3504,3504,3504,3504,3504,39.69606018066406,39.21916580200195,37.987030029296875,37.74090576171875,38.32636642456055,37.85882568359375,37.91412353515625,39.020545959472656,39.01363754272461,14.285715103149414,15.000000953674316,18.18181800842285,9.523809432983398,0,0,0,0,2.3798859119415283,8589934592,1073741824,5045370880,299040768
202,1771640744288,3504,3504,3504,3504,3504,3504,3504,3504,39.70230484008789,39.18281555175781,37.897064208984375,37.66075897216797,38.26643371582031,37.768898010253906,37.90049743652344,38.96891403198242,38.95713806152344,19.047618865966797,20,19.047618865966797,5,0,0,0,0,2.3798859119415283,8589934592,1073741824,5045370880,299040768
208,1771640744490,3504,3504,3504,3504,3504,3504,3504,3504,39.70230484008789,39.18281555175781,37.897064208984375,37.66075897216797,38.26643371582031,37.768898010253906,37.90049743652344,38.96891403198242,38.95713806152344,15.000000953674316,19.047618865966797,15.789472579956055,9.523809432983398,0,0,0,0,2.3798859119415283,8589934592,1073741824,5045420032,299040768
208,1771640744700,3504,3504,3504,3504,3504,3504,3504,3504,39.70230484008789,39.18281555175781,37.897064208984375,37.66075897216797,38.26643371582031,37.768898010253906,37.90049743652344,38.96891403198242,38.95713806152344,23.809524536132813,13.636363983154297,19.047618865966797,9.523809432983398,0,0,0,0,2.098599910736084,8589934592,1073741824,5045469184,299040768
199,1771640744909,3504,3504,3504,3504,3504,3504,3504,3504,39.70230484008789,39.18281555175781,37.897064208984375,37.66075897216797,38.26643371582031,37.768898010253906,37.90049743652344,38.96891403198242,38.95713806152344,28.571430206298828,15.000000953674316,19.047618865966797,5,0,0,0,0,2.098599910736084,8589934592,1073741824,5045469184,299040768
209,1771640745109,3504,3504,3504,3504,3504,3504,3504,3504,39.70230484008789,39.18281555175781,37.897064208984375,37.66075897216797,38.26643371582031,37.768898010253906,37.90049743652344,38.96891403198242,38.95713806152344,30.000001907348633,30.000001907348633,25,20,0,0,0,0,2.098599910736084,8589934592,1073741824,5045469184,299040768
206,1771640745319,3504,3504,3504,3504,3504,3504,3504,3504,39.55376434326172,39.04421615600586,37.785072326660156,37.529632568359375,38.0818977355957,37.608360290527344,37.80487060546875,38.79914855957031,38.79290008544922,15.000000953674316,15.000000953674316,15.000000953674316,4.761904716491699,0,0,0,0,2.098599910736084,8589934592,1073741824,5045469184,299040768
203,1771640745526,3504,3504,3504,3504,3504,3504,3504,3504,39.55376434326172,39.04421615600586,37.785072326660156,37.529632568359375,38.0818977355957,37.608360290527344,37.80487060546875,38.79914855957031,38.79290008544922,19.047618865966797,23.809524536132813,22.72727394104004,19.047618865966797,0,0,0,0,2.098599910736084,8589934592,1073741824,5045469184,299040768
205,1771640745730,3504,3504,3504,3504,3504,3504,3504,3504,39.55376434326172,39.04421615600586,37.785072326660156,37.529632568359375,38.0818977355957,37.608360290527344,37.80487060546875,38.79914855957031,38.79290008544922,23.809524536132813,20,10.526315689086914,10,0,0,0,0,2.136111259460449,8589934592,1073741824,5047762944,299040768
205,1771640745936,3504,3504,3504,3504,3504,3504,3504,3504,39.55376434326172,39.04421615600586,37.785072326660156,37.529632568359375,38.0818977355957,37.608360290527344,37.80487060546875,38.79914855957031,38.79290008544922,15.000000953674316,19.047618865966797,14.285715103149414,23.809524536132813,0,0,0,4.761904716491699,2.136111259460449,8589934592,1073741824,5047762944,299040768
206,1771640746142,3504,3504,3504,3504,3504,3504,3504,3504,39.52143478393555,39.24359130859375,37.920127868652344,37.598358154296875,38.016090393066406,37.51153564453125,37.70585632324219,38.72648620605469,38.72288513183594,25,20,19.047618865966797,15.000000953674316,40,0,0,0,2.136111259460449,8589934592,1073741824,5048025088,299040768
203,1771640746349,3504,3504,3504,3504,3504,3504,3504,3504,39.52143478393555,39.24359130859375,37.920127868652344,37.598358154296875,38.016090393066406,37.51153564453125,37.70585632324219,38.72648620605469,38.72288513183594,14.285715103149414,18.18181800842285,9.523809432983398,15.000000953674316,0,0,0,0,2.136111259460449,8589934592,1073741824,5047910400,299040768
209,1771640746552,3504,3504,3504,3504,3504,3504,3504,3504,39.52143478393555,39.24359130859375,37.920127868652344,37.598358154296875,38.016090393066406,37.51153564453125,37.70585632324219,38.72648620605469,38.72288513183594,20,21.052631378173828,10,19.047618865966797,0,0,0,0,2.136111259460449,8589934592,1073741824,5047697408,299040768
203,1771640746762,3504,3504,3504,3504,3504,3504,3504,3504,39.52143478393555,39.24359130859375,37.920127868652344,37.598358154296875,38.016090393066406,37.51153564453125,37.70585632324219,38.72648620605469,38.72288513183594,10,19.047618865966797,9.523809432983398,15.000000953674316,0,0,0,0,3.2132551670074463,8589934592,1073741824,5047697408,299040768
204,1771640746966,3504,3504,3504,3504,3504,3504,3504,3504,39.52143478393555,39.24359130859375,37.920127868652344,37.598358154296875,38.016090393066406,37.51153564453125,37.70585632324219,38.72648620605469,38.72288513183594,22.72727394104004,25,15.789472579956055,14.285715103149414,0,0,0,0,3.2132551670074463,8589934592,1073741824,5048516608,299040768
204,1771640747171,3504,3504,3504,3504,3504,3504,3504,3504,39.44424819946289,39.0161247253418,37.77000427246094,37.548614501953125,38.022090911865234,37.46556854248047,37.69768524169922,38.72170639038086,38.69120788574219,26.3157901763916,30.000001907348633,27.272727966308594,15.000000953674316,0,0,0,0,3.2132551670074463,8589934592,1073741824,5048516608,299040768
209,1771640747375,3504,3504,3504,3504,3504,3504,3504,3504,39.44424819946289,39.0161247253418,37.77000427246094,37.548614501953125,38.022090911865234,37.46556854248047,37.69768524169922,38.72170639038086,38.69120788574219,19.047618865966797,19.047618865966797,20,13.636363983154297,0,0,0,0,3.2132551670074463,8589934592,1073741824,5048516608,299040768
204,1771640747586,3504,3504,3504,3504,3504,3504,3504,3504,39.44424819946289,39.0161247253418,37.77000427246094,37.548614501953125,38.022090911865234,37.46556854248047,37.69768524169922,38.72170639038086,38.69120788574219,14.285715103149414,19.047618865966797,15.000000953674316,5,0,0,0,0,3.2132551670074463,8589934592,1073741824,5048516608,299040768
200,1771640747790,3504,3504,3504,3504,3504,3504,3504,3504,39.44424819946289,39.0161247253418,37.77000427246094,37.548614501953125,38.022090911865234,37.46556854248047,37.69768524169922,38.72170639038086,38.69120788574219,20,15.000000953674316,27.272727966308594,14.285715103149414,0,0,0,0,2.565561056137085,8589934592,1073741824,5049827328,299040768
208,1771640747991,3504,3504,3504,3504,3504,3504,3504,3504,39.44424819946289,39.0161247253418,37.77000427246094,37.548614501953125,38.022090911865234,37.46556854248047,37.69768524169922,38.72170639038086,38.69120788574219,25,10,15.789472579956055,5,0,0,0,0,2.565561056137085,8589934592,1073741824,5049581568,299040768
201,1771640748200,3504,3504,3504,3504,3504,3504,3504,3504,39.2364616394043,38.86163330078125,37.61204528808594,37.428558349609375,37.82233428955078,37.303123474121094,37.50322723388672,38.56217956542969,38.54393768310547,23.809524536132813,15.000000953674316,14.285715103149414,5,0,0,0,0,2.565561056137085,8589934592,1073741824,5049450496,299040768
209,1771640748402,3504,3504,3504,3504,3504,3504,3504,3504,39.2364616394043,38.86163330078125,37.61204528808594,37.428558349609375,37.82233428955078,37.303123474121094,37.50322723388672,38.56217956542969,38.54393768310547,20,19.047618865966797,20,14.285715103149414,0,0,0,0,2.565561056137085,8589934592,1073741824,5049647104,299040768
209,1771640748612,3504,3504,3504,3504,3504,3504,3504,3504,39.2364616394043,38.86163330078125,37.61204528808594,37.428558349609375,37.82233428955078,37.303123474121094,37.50322723388672,38.56217956542969,38.54393768310547,19.047618865966797,14.285715103149414,19.047618865966797,5,0,0,0,0,2.565561056137085,8589934592,1073741824,5049532416,299040768
202,1771640748822,3504,3504,3504,3504,3504,3504,3504,3504,39.2364616394043,38.86163330078125,37.61204528808594,37.428558349609375,37.82233428955078,37.303123474121094,37.50322723388672,38.56217956542969,38.54393768310547,23.809524536132813,14.285715103149414,14.285715103149414,13.636363983154297,9.090909004211426,4.545454502105713,0,0,2.257951259613037,8589934592,1073741824,5049532416,299040768
207,1771640749025,3504,3504,3504,3504,3504,3504,3504,3504,39.2364616394043,38.86163330078125,37.61204528808594,37.428558349609375,37.82233428955078,37.303123474121094,37.50322723388672,38.56217956542969,38.54393768310547,21.052631378173828,15.000000953674316,10,5,0,0,0,0,2.257951259613037,8589934592,1073741824,5049597952,299040768
203,1771640749234,3504,3504,3504,3504,3504,3504,3504,3504,39.162841796875,38.77848815917969,37.49311065673828,37.389007568359375,37.756187438964844,37.1856689453125,37.43028259277344,38.466514587402344,38.540252685546875,22.72727394104004,23.809524536132813,9.523809432983398,14.285715103149414,0,0,4.545454502105713,0,2.257951259613037,8589934592,1073741824,5049696256,299040768
208,1771640749438,3504,3504,3504,3504,3504,3504,3504,3504,39.162841796875,38.77848815917969,37.49311065673828,37.389007568359375,37.756187438964844,37.1856689453125,37.43028259277344,38.466514587402344,38.540252685546875,21.052631378173828,5,10,10.526315689086914,0,0,0,0,2.257951259613037,8589934592,1073741824,5049696256,299040768
205,1771640749646,3504,3504,3504,3504,3504,3504,3504,3504,39.162841796875,38.77848815917969,37.49311065673828,37.389007568359375,37.756187438964844,37.1856689453125,37.43028259277344,38.466514587402344,38.540252685546875,19.047618865966797,19.047618865966797,10,19.047618865966797,0,0,0,0,2.0257928371429443,8589934592,1073741824,5049696256,299040768
206,1771640749852,3504,3504,3504,3504,3504,3504,3504,3504,39.162841796875,38.77848815917969,37.49311065673828,37.389007568359375,37.756187438964844,37.1856689453125,37.43028259277344,38.466514587402344,38.540252685546875,28.571430206298828,25,14.285715103149414,23.809524536132813,0,0,0,0,2.0257928371429443,8589934592,1073741824,5050302464,299040768
206,1771640750059,3504,3504,3504,3504,3504,3504,3504,3504,39.162841796875,38.77848815917969,37.49311065673828,37.389007568359375,37.756187438964844,37.1856689453125,37.43028259277344,38.466514587402344,38.540252685546875,15.000000953674316,14.285715103149414,10,14.285715103149414,0,0,0,0,2.0257928371429443,8589934592,1073741824,5050286080,299040768
202,1771640750266,3504,3504,3504,3504,3504,3504,3504,3504,39.03168487548828,38.68998336791992,37.41154479980469,37.28204345703125,37.67001724243164,37.13037109375,37.30912780761719,38.37228775024414,38.480770111083984,28.571430206298828,15.000000953674316,13.636363983154297,10,0,0,0,0,2.0257928371429443,8589934592,1073741824,5049958400,299040768
200,1771640750469,3504,3504,3504,3504,3504,3504,3504,3504,39.03168487548828,38.68998336791992,37.41154479980469,37.28204345703125,37.67001724243164,37.13037109375,37.30912780761719,38.37228775024414,38.480770111083984,25,19.047618865966797,10.526315689086914,10,0,0,0,0,2.0257928371429443,8589934592,1073741824,5049974784,299040768
204,1771640750670,3504,3504,3504,3504,3504,3504,3504,3504,39.03168487548828,38.68998336791992,37.41154479980469,37.28204345703125,37.67001724243164,37.13037109375,37.30912780761719,38.37228775024414,38.480770111083984,30.000001907348633,10.526315689086914,10,5.263157844543457,0,0,0,0,1.8426874876022339,8589934592,1073741824,5049925632,299040768
209,1771640750875,3504,3504,3504,3504,3504,3504,3504,3504,39.03168487548828,38.68998336791992,37.41154479980469,37.28204345703125,37.67001724243164,37.13037109375,37.30912780761719,38.37228775024414,38.480770111083984,25,19.047618865966797,18.18181800842285,18.18181800842285,0,0,0,0,1.8426874876022339,8589934592,1073741824,5049958400,299040768
202,1771640751085,3504,3504,3504,3504,3504,3504,3504,3504,39.03168487548828,38.68998336791992,37.41154479980469,37.28204345703125,37.67001724243164,37.13037109375,37.30912780761719,38.37228775024414,38.480770111083984,23.809524536132813,14.285715103149414,14.285715103149414,14.285715103149414,0,0,0,0,1.8426874876022339,8589934592,1073741824,5049974784,299040768
209,1771640751288,3504,3504,3504,3504,3504,3504,3504,3504,38.917720794677734,38.58323287963867,37.36815643310547,37.14466857910156,37.593231201171875,37.00712203979492,37.27912139892578,38.29339599609375,38.37936782836914,19.047618865966797,15.789472579956055,5.555555820465088,25,0,0,0,0,1.8426874876022339,8589934592,1073741824,5049712640,299040768
203,1771640751498,3504,3504,3504,3504,3504,3504,3504,3504,38.917720794677734,38.58323287963867,37.36815643310547,37.14466857910156,37.593231201171875,37.00712203979492,37.27912139892578,38.29339599609375,38.37936782836914,19.047618865966797,21.7391300201416,13.636363983154297,10,5,9.090909004211426,0,4.545454502105713,1.8426874876022339,8589934592,1073741824,5050302464,299040768
205,1771640751702,3504,3504,3504,3504,3504,3504,3504,3504,38.917720794677734,38.58323287963867,37.36815643310547,37.14466857910156,37.593231201171875,37.00712203979492,37.27912139892578,38.29339599609375,38.37936782836914,15.000000953674316,25,15.000000953674316,13.636363983154297,0,0,0,0,2.8339955806732178,8589934592,1073741824,5047058432,299040768
206,1771640751909,3504,3504,3504,3504,3504,3504,3504,3504,38.917720794677734,38.58323287963867,37.36815643310547,37.14466857910156,37.593231201171875,37.00712203979492,37.27912139892578,38.29339599609375,38.37936782836914,20,20,23.809524536132813,10.526315689086914,0,0,0,0,2.8339955806732178,8589934592,1073741824,5047074816,299040768
209,1771640752115,3504,3504,3504,3504,3504,3504,3504,3504,38.917720794677734,38.58323287963867,37.36815643310547,37.125732421875,37.54042053222656,36.95036315917969,37.288360595703125,38.27609634399414,38.36188507080078,38.095237731933594,28.571430206298828,45,19.047618865966797,0,0,0,0,2.8339955806732178,8589934592,1073741824,5047762944,299040768
209,1771640752325,3504,3504,3504,3504,3504,3504,3504,3504,38.96170425415039,38.570438385009766,37.384063720703125,37.125732421875,37.54042053222656,36.95036315917969,37.288360595703125,38.27609634399414,38.36188507080078,52.38095474243164,40,38.095237731933594,42.85714340209961,0,0,0,0,2.8339955806732178,8589934592,1073741824,5048958976,299040768
202,1771640752536,3504,3504,3504,3504,3504,3504,3504,3504,38.96170425415039,38.570438385009766,37.384063720703125,37.125732421875,37.54042053222656,36.95036315917969,37.288360595703125,38.27609634399414,38.36188507080078,38.095237731933594,52.38095474243164,38.095237731933594,38.095237731933594,0,0,0,0,2.8339955806732178,8589934592,1073741824,5049434112,299040768
202,1771640752739,3504,3504,3504,3504,3504,3504,3504,3504,38.96170425415039,38.570438385009766,37.384063720703125,37.125732421875,37.54042053222656,36.95036315917969,37.288360595703125,38.27609634399414,38.36188507080078,30.000001907348633,50,42.105262756347656,42.85714340209961,0,0,0,0,2.9311835765838623,8589934592,1073741824,5049810944,299040768
207,1771640752942,3504,3504,3504,3504,3504,3504,3504,3504,38.96170425415039,38.570438385009766,37.384063720703125,37.125732421875,37.54042053222656,36.95036315917969,37.288360595703125,38.27609634399414,38.36188507080078,30.000001907348633,20,33.333335876464844,15.000000953674316,0,0,0,0,2.9311835765838623,8589934592,1073741824,5050040320,299040768
208,1771640753150,3504,3504,3504,3504,3504,3504,3504,3504,38.941890716552734,38.515811920166016,37.35609436035156,37.0496940612793,37.59299850463867,36.9219856262207,37.162384033203125,38.24782943725586,38.25251007080078,14.285715103149414,19.047618865966797,22.72727394104004,10,4.545454502105713,0,0,0,2.9311835765838623,8589934592,1073741824,5050122240,299040768
209,1771640753359,3504,3504,3504,3504,3504,3504,3504,3504,38.941890716552734,38.515811920166016,37.35609436035156,37.0496940612793,37.59299850463867,36.9219856262207,37.162384033203125,38.24782943725586,38.25251007080078,15.000000953674316,18.18181800842285,20,9.090909004211426,0,0,0,0,2.9311835765838623,8589934592,1073741824,5050122240,299040768
213,1771640753569,3504,3504,3504,3504,3504,3504,3504,3504,38.941890716552734,38.515811920166016,37.35609436035156,37.0496940612793,37.59299850463867,36.9219856262207,37.162384033203125,38.24782943725586,38.25251007080078,22.72727394104004,5.263157844543457,15.000000953674316,5,0,0,0,0,2.9311835765838623,8589934592,1073741824,5050122240,299040768
209,1771640753782,3504,3504,3504,3504,3504,3504,3504,3504,38.941890716552734,38.515811920166016,37.35609436035156,37.0496940612793,37.59299850463867,36.9219856262207,37.162384033203125,38.24782943725586,38.25251007080078,35,22.72727394104004,27.272727966308594,27.272727966308594,18.18181800842285,10,10,9.523809432983398,2.516667127609253,8589934592,1073741824,5050122240,299040768
201,1771640753993,3504,3504,3504,3504,3504,3504,3504,3504,38.941890716552734,38.515811920166016,37.35609436035156,37.0496940612793,37.59299850463867,36.9219856262207,37.162384033203125,38.24782943725586,38.25251007080078,13.636363983154297,14.285715103149414,9.090909004211426,10,5,9.090909004211426,4.761904716491699,4.761904716491699,2.516667127609253,8589934592,1073741824,5050204160,299040768
207,1771640754194,3504,3504,3504,3504,3504,3504,3504,3504,39.21956253051758,38.738983154296875,37.51995086669922,37.280128479003906,37.59812927246094,37.11884307861328,37.36890411376953,38.47543716430664,38.502952575683594,10.526315689086914,15.000000953674316,5.263157844543457,15.000000953674316,0,0,0,0,2.516667127609253,8589934592,1073741824,5050204160,299040768
205,1771640754403,3504,3504,3504,3504,3504,3504,3504,3504,39.21956253051758,38.738983154296875,37.51995086669922,37.280128479003906,37.59812927246094,37.11884307861328,37.36890411376953,38.47543716430664,38.502952575683594,19.047618865966797,19.047618865966797,10,14.285715103149414,0,0,0,0,2.516667127609253,8589934592,1073741824,5050220544,299040768
206,1771640754608,3504,3504,3504,3504,3504,3504,3504,3504,39.21956253051758,38.738983154296875,37.51995086669922,37.280128479003906,37.59812927246094,37.11884307861328,37.36890411376953,38.47543716430664,38.502952575683594,19.047618865966797,20,22.72727394104004,10,0,0,0,0,2.516667127609253,8589934592,1073741824,5050204160,299040768
202,1771640754816,3504,3504,3504,3504,3504,3504,3504,3504,39.21956253051758,38.738983154296875,37.51995086669922,37.280128479003906,37.59812927246094,37.11884307861328,37.36890411376953,38.47543716430664,38.502952575683594,15.000000953674316,9.523809432983398,25,9.523809432983398,0,0,0,0,2.2590551376342773,8589934592,1073741824,5050204160,299040768
209,1771640755019,3504,3504,3504,3504,3504,3504,3504,3504,39.21956253051758,38.738983154296875,37.51995086669922,37.280128479003906,37.59812927246094,37.11884307861328,37.36890411376953,38.47543716430664,38.502952575683594,14.285715103149414,10.526315689086914,25,5,0,0,0,0,2.2590551376342773,8589934592,1073741824,5050204160,299040768
204,1771640755229,3504,3504,3504,3504,3504,3504,3504,3504,38.874305725097656,38.413543701171875,37.26690673828125,37.01392364501953,37.432010650634766,36.82461166381836,37.171791076660156,38.167274475097656,38.202392578125,15.000000953674316,13.636363983154297,23.809524536132813,13.636363983154297,0,0,4.545454502105713,0,2.2590551376342773,8589934592,1073741824,5050236928,299040768
207,1771640755434,3504,3504,3504,3504,3504,3504,3504,3504,38.874305725097656,38.413543701171875,37.26690673828125,37.01392364501953,37.432010650634766,36.82461166381836,37.171791076660156,38.167274475097656,38.202392578125,14.285715103149414,15.000000953674316,23.809524536132813,5,0,0,0,0,2.2590551376342773,8589934592,1073741824,5050236928,299040768
209,1771640755642,3504,3504,3504,3504,3504,3504,3504,3504,38.874305725097656,38.413543701171875,37.26690673828125,37.01392364501953,37.432010650634766,36.82461166381836,37.171791076660156,38.167274475097656,38.202392578125,15.000000953674316,9.523809432983398,25,9.523809432983398,0,0,0,0,2.2050888538360596,8589934592,1073741824,5050253312,299040768
202,1771640755852,3504,3504,3504,3504,3504,3504,3504,3504,38.874305725097656,38.413543701171875,37.26690673828125,37.01392364501953,37.432010650634766,36.82461166381836,37.171791076660156,38.167274475097656,38.202392578125,14.285715103149414,18.18181800842285,13.636363983154297,28.571430206298828,0,0,0,0,2.2050888538360596,8589934592,1073741824,5050286080,299040768
203,1771640756055,3504,3504,3504,3504,3504,3504,3504,3504,38.874305725097656,38.413543701171875,37.26690673828125,37.01392364501953,37.432010650634766,36.82461166381836,37.171791076660156,38.167274475097656,38.202392578125,15.000000953674316,21.052631378173828,10.526315689086914,21.052631378173828,0,0,0,0,2.2050888538360596,8589934592,1073741824,5050548224,299040768
209,1771640756259,3504,3504,3504,3504,3504,3504,3504,3504,38.852359771728516,38.401519775390625,37.181671142578125,36.96009063720703,37.27035903930664,36.6722412109375,37.051239013671875,38.024391174316406,38.03388214111328,19.047618865966797,15.000000953674316,15.000000953674316,19.047618865966797,42.85714340209961,0,0,0,2.2050888538360596,8589934592,1073741824,5050449920,299040768
201,1771640756469,3504,3504,3504,3504,3504,3504,3504,3504,38.852359771728516,38.401519775390625,37.181671142578125,36.96009063720703,37.27035903930664,36.6722412109375,37.051239013671875,38.024391174316406,38.03388214111328,10,14.285715103149414,18.18181800842285,15.000000953674316,0,0,0,0,2.2050888538360596,8589934592,1073741824,5050466304,299040768
209,1771640756671,3504,3504,3504,3504,3504,3504,3504,3504,38.852359771728516,38.401519775390625,37.181671142578125,36.96009063720703,37.27035903930664,36.6722412109375,37.051239013671875,38.024391174316406,38.03388214111328,14.285715103149414,10,15.789472579956055,15.000000953674316,0,0,0,0,2.627150058746338,8589934592,1073741824,5050466304,299040768
208,1771640756881,3504,3504,3504,3504,3504,3504,3504,3504,38.852359771728516,38.401519775390625,37.181671142578125,36.96009063720703,37.27035903930664,36.6722412109375,37.051239013671875,38.024391174316406,38.03388214111328,19.047618865966797,18.18181800842285,19.047618865966797,18.18181800842285,0,0,0,0,2.627150058746338,8589934592,1073741824,5050466304,299040768
200,1771640757090,3504,3504,3504,3504,3504,3504,3504,3504,38.852359771728516,38.401519775390625,37.181671142578125,36.96009063720703,37.27035903930664,36.6722412109375,37.051239013671875,38.024391174316406,38.03388214111328,5.263157844543457,20,13.636363983154297,14.285715103149414,0,0,0,0,2.627150058746338,8589934592,1073741824,5050269696,299040768
209,1771640757291,3504,3504,3504,3504,3504,3504,3504,3504,38.90685272216797,38.42028045654297,37.2193603515625,36.998626708984375,37.318172454833984,36.6920166015625,37.05860900878906,38.044864654541016,38.09862518310547,19.047618865966797,20,15.789472579956055,21.052631378173828,0,0,0,0,2.627150058746338,8589934592,1073741824,5050269696,299040768
207,1771640757501,3504,3504,3504,3504,3504,3504,3504,3504,38.90685272216797,38.42028045654297,37.2193603515625,36.998626708984375,37.318172454833984,36.6920166015625,37.05860900878906,38.044864654541016,38.09862518310547,10,10,18.18181800842285,14.285715103149414,0,0,0,0,2.627150058746338,8589934592,1073741824,5050253312,299040768
207,1771640757709,3504,3504,3504,3504,3504,3504,3504,3504,38.90685272216797,38.42028045654297,37.2193603515625,36.998626708984375,37.318172454833984,36.6920166015625,37.05860900878906,38.044864654541016,38.09862518310547,14.285715103149414,19.047618865966797,15.000000953674316,13.636363983154297,0,0,0,0,2.2469608783721924,8589934592,1073741824,5050335232,299040768
208,1771640757917,3504,3504,3504,3504,3504,3504,3504,3504,38.90685272216797,38.42028045654297,37.2193603515625,36.998626708984375,37.318172454833984,36.6920166015625,37.05860900878906,38.044864654541016,38.09862518310547,27.272727966308594,23.809524536132813,23.809524536132813,10,0,0,0,0,2.2469608783721924,8589934592,1073741824,5050335232,299040768
209,1771640758126,3504,3504,3504,3504,3504,3504,3504,3504,38.7617073059082,38.108802795410156,36.94886016845703,36.74867630004883,37.11925506591797,36.52537536621094,36.9211311340332,37.86951446533203,37.96757888793945,20,10,14.285715103149414,5,0,0,0,0,2.2469608783721924,8589934592,1073741824,5050204160,299040768
201,1771640758335,3504,3504,3504,3504,3504,3504,3504,3504,38.7617073059082,38.108802795410156,36.94886016845703,36.74867630004883,37.11925506591797,36.52537536621094,36.9211311340332,37.86951446533203,37.96757888793945,28.571430206298828,14.285715103149414,5,13.636363983154297,0,0,0,0,2.2469608783721924,8589934592,1073741824,5050204160,299040768
200,1771640758537,3504,3504,3504,3504,3504,3504,3504,3504,38.7617073059082,38.108802795410156,36.94886016845703,36.74867630004883,37.11925506591797,36.52537536621094,36.9211311340332,37.86951446533203,37.96757888793945,21.052631378173828,19.047618865966797,14.285715103149414,5.263157844543457,0,0,0,0,2.2469608783721924,8589934592,1073741824,5050122240,299040768
201,1771640758738,3504,3504,3504,3504,3504,3504,3504,3504,38.7617073059082,38.108802795410156,36.94886016845703,36.74867630004883,37.11925506591797,36.52537536621094,36.9211311340332,37.86951446533203,37.96757888793945,23.809524536132813,15.000000953674316,5.263157844543457,15.000000953674316,0,0,0,0,2.198206901550293,8589934592,1073741824,5050138624,299040768
202,1771640758940,3504,3504,3504,3504,3504,3504,3504,3504,38.7617073059082,38.108802795410156,36.94886016845703,36.74867630004883,37.11925506591797,36.52537536621094,36.9211311340332,37.86951446533203,37.96757888793945,25,10.526315689086914,14.285715103149414,19.047618865966797,5,4.761904716491699,0,0,2.198206901550293,8589934592,1073741824,5050155008,299040768
209,1771640759143,3504,3504,3504,3504,3504,3504,3504,3504,38.6623420715332,38.093692779541016,36.94256591796875,36.68633270263672,37.0777702331543,36.461997985839844,36.77069854736328,37.78629684448242,37.8963737487793,15.000000953674316,19.047618865966797,5.263157844543457,15.000000953674316,0,0,0,0,2.198206901550293,8589934592,1073741824,5050138624,299040768
209,1771640759352,3504,3504,3504,3504,3504,3504,3504,3504,38.6623420715332,38.093692779541016,36.94256591796875,36.68633270263672,37.0777702331543,36.461997985839844,36.77069854736328,37.78629684448242,37.8963737487793,14.285715103149414,19.047618865966797,13.636363983154297,18.18181800842285,0,0,0,0,2.198206901550293,8589934592,1073741824,5050138624,299040768
206,1771640759562,3504,3504,3504,3504,3504,3504,3504,3504,38.6623420715332,38.093692779541016,36.94256591796875,36.68633270263672,37.0777702331543,36.461997985839844,36.77069854736328,37.78629684448242,37.8963737487793,19.047618865966797,19.047618865966797,10,15.000000953674316,0,0,0,0,2.198206901550293,8589934592,1073741824,5049958400,299040768
209,1771640759769,3504,3504,3504,3504,3504,3504,3504,3504,38.6623420715332,38.093692779541016,36.94256591796875,36.68633270263672,37.0777702331543,36.461997985839844,36.77069854736328,37.78629684448242,37.8963737487793,23.809524536132813,15.000000953674316,15.000000953674316,10,0,0,0,0,1.9897700548171997,8589934592,1073741824,5050040320,299040768
206,1771640759979,3504,3504,3504,3504,3504,3504,3504,3504,38.6623420715332,38.093692779541016,36.94256591796875,36.68633270263672,37.0777702331543,36.461997985839844,36.77069854736328,37.78629684448242,37.8963737487793,14.285715103149414,15.000000953674316,13.636363983154297,14.285715103149414,0,0,0,0,1.9897700548171997,8589934592,1073741824,5050040320,299040768
203,1771640760186,3504,3504,3504,3504,3504,3504,3504,3504,38.4837646484375,38.01568603515625,36.91168212890625,36.62107849121094,36.999061584472656,36.40892028808594,36.703857421875,37.723514556884766,37.81076431274414,20,22.72727394104004,20,23.809524536132813,0,0,0,0,1.9897700548171997,8589934592,1073741824,5058625536,299040768
206,1771640760389,3504,3504,3504,3504,3504,3504,3504,3504,38.4837646484375,38.01568603515625,36.91168212890625,36.62107849121094,36.999061584472656,36.40892028808594,36.703857421875,37.723514556884766,37.81076431274414,23.809524536132813,20,20,23.809524536132813,0,0,0,0,1.9897700548171997,8589934592,1073741824,5059559424,299040768
209,1771640760596,3504,3504,3504,3504,3504,3504,3504,3504,38.4837646484375,38.01568603515625,36.91168212890625,36.62107849121094,36.999061584472656,36.40892028808594,36.703857421875,37.723514556884766,37.81076431274414,15.789472579956055,28.571430206298828,14.285715103149414,10,0,0,0,0,1.9897700548171997,8589934592,1073741824,5060362240,299040768
209,1771640760807,3504,3504,3504,3504,3504,3504,3504,3504,38.4837646484375,38.01568603515625,36.91168212890625,36.62107849121094,36.999061584472656,36.40892028808594,36.703857421875,37.723514556884766,37.81076431274414,19.047618865966797,25,14.285715103149414,14.285715103149414,0,0,0,0,2.185749053955078,8589934592,1073741824,5060165632,299040768
201,1771640761017,3504,3504,3504,3504,3504,3504,3504,3504,38.4837646484375,38.01568603515625,36.91168212890625,36.62107849121094,36.999061584472656,36.40892028808594,36.703857421875,37.723514556884766,37.81076431274414,19.047618865966797,22.72727394104004,9.523809432983398,9.523809432983398,0,0,0,0,2.185749053955078,8589934592,1073741824,5060165632,299040768
199,1771640761219,3504,3504,3504,3504,3504,3504,3504,3504,38.39522933959961,37.97893524169922,36.88359069824219,36.596710205078125,36.96603775024414,36.37856674194336,36.658416748046875,37.705631256103516,37.74292755126953,20,15.789472579956055,15.000000953674316,10,5,0,0,0,2.185749053955078,8589934592,1073741824,5060378624,299040768
199,1771640761419,3504,3504,3504,3504,3504,3504,3504,3504,38.39522933959961,37.97893524169922,36.88359069824219,36.596710205078125,36.96603775024414,36.37856674194336,36.658416748046875,37.705631256103516,37.74292755126953,15.000000953674316,28.571430206298828,10,10,0,0,0,0,2.185749053955078,8589934592,1073741824,5060378624,299040768
205,1771640761619,3504,3504,3504,3504,3504,3504,3504,3504,38.39522933959961,37.97893524169922,36.88359069824219,36.596710205078125,36.96603775024414,36.37856674194336,36.658416748046875,37.705631256103516,37.74292755126953,20,15.789472579956055,15.000000953674316,10,0,0,0,0,2.0146632194519043,8589934592,1073741824,5058101248,299040768
205,1771640761825,3504,3504,3504,3504,3504,3504,3504,3504,38.39522933959961,37.97893524169922,36.88359069824219,36.596710205078125,36.96603775024414,36.37856674194336,36.658416748046875,37.705631256103516,37.74292755126953,20,20,15.000000953674316,5,0,0,0,0,2.0146632194519043,8589934592,1073741824,5057970176,299040768
209,1771640762031,3504,3504,3504,3504,3504,3504,3504,3504,38.39522933959961,37.97893524169922,36.88359069824219,36.596710205078125,36.96603775024414,36.37856674194336,36.658416748046875,37.705631256103516,37.74292755126953,22.72727394104004,14.285715103149414,19.047618865966797,9.523809432983398,0,0,0,0,2.0146632194519043,8589934592,1073741824,5057970176,299040768
209,1771640762241,3504,3504,3504,3504,3504,3504,3504,3504,38.309452056884766,37.9151725769043,36.822532653808594,36.538856506347656,36.915767669677734,36.30618667602539,36.592681884765625,37.632747650146484,37.6939697265625,25,14.285715103149414,14.285715103149414,9.523809432983398,0,0,0,0,2.0146632194519043,8589934592,1073741824,5057871872,299040768
203,1771640762451,3504,3504,3504,3504,3504,3504,3504,3504,38.309452056884766,37.9151725769043,36.822532653808594,36.538856506347656,36.915767669677734,36.30618667602539,36.592681884765625,37.632747650146484,37.6939697265625,19.047618865966797,10,20,9.523809432983398,0,0,0,0,2.0146632194519043,8589934592,1073741824,5057986560,299040768
209,1771640762655,3504,3504,3504,3504,3504,3504,3504,3504,38.309452056884766,37.9151725769043,36.822532653808594,36.538856506347656,36.915767669677734,36.30618667602539,36.592681884765625,37.632747650146484,37.6939697265625,15.000000953674316,14.285715103149414,28.571430206298828,10,0,4.761904716491699,4.545454502105713,0,2.639857769012451,8589934592,1073741824,5058019328,299040768
209,1771640762865,3504,3504,3504,3504,3504,3504,3504,3504,38.309452056884766,37.9151725769043,36.822532653808594,36.538856506347656,36.915767669677734,36.30618667602539,36.592681884765625,37.632747650146484,37.6939697265625,14.285715103149414,14.285715103149414,22.72727394104004,4.761904716491699,0,0,0,0,2.639857769012451,8589934592,1073741824,5058183168,299040768
209,1771640763075,3504,3504,3504,3504,3504,3504,3504,3504,38.309452056884766,37.9151725769043,36.822532653808594,36.538856506347656,36.915767669677734,36.30618667602539,36.592681884765625,37.632747650146484,37.6939697265625,19.047618865966797,23.809524536132813,15.000000953674316,9.523809432983398,0,0,0,0,2.639857769012451,8589934592,1073741824,5058134016,299040768
203,1771640763285,3504,3504,3504,3504,3504,3504,3504,3504,38.2683219909668,37.85312271118164,36.749534606933594,36.47981262207031,36.87559127807617,36.28479766845703,36.54826354980469,37.578369140625,37.613529205322266,14.285715103149414,23.809524536132813,19.047618865966797,9.523809432983398,0,0,0,0,2.639857769012451,8589934592,1073741824,5058134016,299040768
201,1771640763489,3504,3504,3504,3504,3504,3504,3504,3504,38.2683219909668,37.85312271118164,36.749534606933594,36.47981262207031,36.87559127807617,36.28479766845703,36.54826354980469,37.578369140625,37.613529205322266,10.526315689086914,15.000000953674316,20,10,0,0,0,0,2.639857769012451,8589934592,1073741824,5058150400,299040768
202,1771640763691,3504,3504,3504,3504,3504,3504,3504,3504,38.2683219909668,37.85312271118164,36.749534606933594,36.47981262207031,36.87559127807617,36.28479766845703,36.54826354980469,37.578369140625,37.613529205322266,10,20,20,5,0,0,0,0,1.97845458984375,8589934592,1073741824,5058150400,299040768
200,1771640763895,3504,3504,3504,3504,3504,3504,3504,3504,38.2683219909668,37.85312271118164,36.749534606933594,36.47981262207031,36.87559127807617,36.28479766845703,36.54826354980469,37.578369140625,37.613529205322266,19.047618865966797,15.000000953674316,20,14.285715103149414,4.761904716491699,5,0,0,1.97845458984375,8589934592,1073741824,5058084864,299040768
209,1771640764096,3504,3504,3504,3504,3504,3504,3504,3504,38.2683219909668,37.85312271118164,36.749534606933594,36.47981262207031,36.87559127807617,36.28479766845703,36.54826354980469,37.578369140625,37.613529205322266,15.000000953674316,20,14.285715103149414,5.263157844543457,0,0,0,0,1.97845458984375,8589934592,1073741824,5058084864,299040768
209,1771640764306,3504,3504,3504,3504,3504,3504,3504,3504,38.248802185058594,37.803375244140625,36.68303298950195,36.42003631591797,36.842002868652344,36.25872039794922,36.42555236816406,37.50977325439453,37.52656173706055,19.047618865966797,22.72727394104004,15.789472579956055,13.636363983154297,0,0,0,0,1.97845458984375,8589934592,1073741824,5058084864,299040768
209,1771640764515,3504,3504,3504,3504,3504,3504,3504,3504,38.248802185058594,37.803375244140625,36.68303298950195,36.42003631591797,36.842002868652344,36.25872039794922,36.42555236816406,37.50977325439453,37.52656173706055,10,10,14.285715103149414,5,9.090909004211426,9.523809432983398,4.761904716491699,4.545454502105713,1.97845458984375,8589934592,1073741824,5058527232,299040768
209,1771640764726,3504,3504,3504,3504,3504,3504,3504,3504,38.248802185058594,37.803375244140625,36.68303298950195,36.42003631591797,36.842002868652344,36.25872039794922,36.42555236816406,37.50977325439453,37.52656173706055,19.047618865966797,14.285715103149414,18.18181800842285,4.761904716491699,0,0,0,0,2.5056145191192627,8589934592,1073741824,5058576384,299040768
209,1771640764936,3504,3504,3504,3504,3504,3504,3504,3504,38.248802185058594,37.803375244140625,36.68303298950195,36.42003631591797,36.842002868652344,36.25872039794922,36.42555236816406,37.50977325439453,37.52656173706055,23.809524536132813,19.047618865966797,19.047618865966797,13.636363983154297,0,0,0,0,2.5056145191192627,8589934592,1073741824,5058576384,299040768
206,1771640765146,3504,3504,3504,3504,3504,3504,3504,3504,38.31710433959961,37.808128356933594,36.666141510009766,36.42893600463867,36.836090087890625,36.244110107421875,36.45475769042969,37.533729553222656,37.55171585083008,19.047618865966797,14.285715103149414,19.047618865966797,5,0,0,0,0,2.5056145191192627,8589934592,1073741824,5058576384,299040768
206,1771640765352,3504,3504,3504,3504,3504,3504,3504,3504,38.31710433959961,37.808128356933594,36.666141510009766,36.42893600463867,36.836090087890625,36.244110107421875,36.45475769042969,37.533729553222656,37.55171585083008,28.571430206298828,15.000000953674316,23.809524536132813,14.285715103149414,0,0,0,0,2.5056145191192627,8589934592,1073741824,5058478080,299040768
207,1771640765559,3504,3504,3504,3504,3504,3504,3504,3504,38.31710433959961,37.808128356933594,36.666141510009766,36.42893600463867,36.836090087890625,36.244110107421875,36.45475769042969,37.533729553222656,37.55171585083008,15.000000953674316,14.285715103149414,15.000000953674316,5,0,0,0,0,2.5056145191192627,8589934592,1073741824,5058576384,299040768
201,1771640765767,3504,3504,3504,3504,3504,3504,3504,3504,38.31710433959961,37.808128356933594,36.666141510009766,36.42893600463867,36.836090087890625,36.244110107421875,36.45475769042969,37.533729553222656,37.55171585083008,15.000000953674316,23.809524536132813,19.047618865966797,9.523809432983398,0,0,0,0,2.0264527797698975,8589934592,1073741824,5058576384,299040768
205,1771640765969,3504,3504,3504,3504,3504,3504,3504,3504,38.31710433959961,37.808128356933594,36.666141510009766,36.42893600463867,36.836090087890625,36.244110107421875,36.45475769042969,37.533729553222656,37.55171585083008,23.809524536132813,30.000001907348633,15.000000953674316,10,0,0,0,0,2.0264527797698975,8589934592,1073741824,5058576384,299040768
209,1771640766175,3504,3504,3504,3504,3504,3504,3504,3504,38.19683837890625,37.7286376953125,36.55815124511719,36.29961395263672,36.77266311645508,36.180091857910156,36.360321044921875,37.41438674926758,37.466976165771484,30.000001907348633,28.571430206298828,20,14.285715103149414,35,4.545454502105713,0,0,2.0264527797698975,8589934592,1073741824,5058576384,299040768
209,1771640766385,3504,3504,3504,3504,3504,3504,3504,3504,38.19683837890625,37.7286376953125,36.55815124511719,36.29961395263672,36.77266311645508,36.180091857910156,36.360321044921875,37.41438674926758,37.466976165771484,27.272727966308594,26.3157901763916,15.000000953674316,15.000000953674316,0,0,0,0,2.0264527797698975,8589934592,1073741824,5059575808,299040768
206,1771640766595,3504,3504,3504,3504,3504,3504,3504,3504,38.19683837890625,37.7286376953125,36.55815124511719,36.29961395263672,36.77266311645508,36.180091857910156,36.360321044921875,37.41438674926758,37.466976165771484,19.047618865966797,14.285715103149414,13.043478012084961,19.047618865966797,0,0,0,0,2.0264527797698975,8589934592,1073741824,5059575808,299040768
208,1771640766802,3504,3504,3504,3504,3504,3504,3504,3504,38.19683837890625,37.7286376953125,36.55815124511719,36.29961395263672,36.77266311645508,36.180091857910156,36.360321044921875,37.41438674926758,37.466976165771484,20,18.18181800842285,5.263157844543457,14.285715103149414,0,0,0,0,2.4667601585388184,8589934592,1073741824,5059526656,299040768
209,1771640767011,3504,3504,3504,3504,3504,3504,3504,3504,38.19683837890625,37.7286376953125,36.55815124511719,36.29961395263672,36.77266311645508,36.180091857910156,36.360321044921875,37.41438674926758,37.466976165771484,23.809524536132813,15.000000953674316,14.285715103149414,22.72727394104004,0,0,0,0,2.4667601585388184,8589934592,1073741824,5059575808,299040768
209,1771640767221,3504,3504,3504,3504,3504,3504,3504,3504,38.350093841552734,37.95859146118164,36.75801467895508,36.459747314453125,36.846981048583984,36.2214241027832,36.41020202636719,37.51517868041992,37.51531982421875,30.000001907348633,38.095237731933594,36.3636360168457,20,0,0,0,0,2.4667601585388184,8589934592,1073741824,5059608576,299040768
203,1771640767431,3504,3504,3504,3504,3504,3504,3504,3504,38.350093841552734,37.95859146118164,36.75801467895508,36.459747314453125,36.846981048583984,36.2214241027832,36.41020202636719,37.51517868041992,37.51531982421875,22.72727394104004,18.18181800842285,5,19.047618865966797,0,0,0,0,2.4667601585388184,8589934592,1073741824,5059592192,299040768
205,1771640767636,3504,3504,3504,3504,3504,3504,3504,3504,38.350093841552734,37.95859146118164,36.75801467895508,36.459747314453125,36.846981048583984,36.2214241027832,36.41020202636719,37.51517868041992,37.51531982421875,21.052631378173828,15.000000953674316,14.285715103149414,15.000000953674316,0,0,0,0,1.9781337976455688,8589934592,1073741824,5059690496,299040768
10,1771640767842,3504,3504,3504,3504,3504,3504,3504,3504,38.350093841552734,37.95859146118164,36.75801467895508,36.459747314453125,36.846981048583984,36.2214241027832,36.41020202636719,37.51517868041992,37.51531982421875,23.809524536132813,5.263157844543457,14.285715103149414,14.285715103149414,0,0,0,0,1.9781337976455688,8589934592,1073741824,5059690496,299040768
