Delta,Time,CPU_FREQUENCY_0,CPU_FREQUENCY_1,CPU_FREQUENCY_2,CPU_FREQUENCY_3,CPU_FREQUENCY_4,CPU_FREQUENCY_5,CPU_FREQUENCY_6,CPU_FREQUENCY_7,CPU_TEMP_0,CPU_TEMP_1,CPU_TEMP_2,CPU_TEMP_3,CPU_TEMP_4,CPU_TEMP_5,CPU_TEMP_6,CPU_TEMP_7,CPU_TEMP_8,CPU_USAGE_0,CPU_USAGE_1,CPU_USAGE_2,CPU_USAGE_3,CPU_USAGE_4,CPU_USAGE_5,CPU_USAGE_6,CPU_USAGE_7,SYSTEM_POWER (Watts),TOTAL_MEMORY,TOTAL_SWAP,USED_MEMORY,USED_SWAP
0,1771648869547,3504,3504,3504,3504,3504,3504,3504,3504,47.5855598449707,47.3236198425293,45.935638427734375,45.78143310546875,45.98938751220703,46.219818115234375,45.59881591796875,46.695777893066406,46.819435119628906,100,50,50,0,0,0,0,0,8.465337753295898,8589934592,1073741824,5287936000,290652160
209,1771648869547,3504,3504,3504,3504,3504,3504,3504,3504,47.5855598449707,47.3236198425293,45.935638427734375,45.78143310546875,45.98938751220703,46.219818115234375,45.59881591796875,46.695777893066406,46.819435119628906,0,0,0,50,0,0,0,0,8.465337753295898,8589934592,1073741824,5287936000,290652160
209,1771648869757,3504,3504,3504,3504,3504,3504,3504,3504,47.5855598449707,47.3236198425293,45.935638427734375,45.78143310546875,45.98938751220703,46.219818115234375,45.59881591796875,46.695777893066406,46.819435119628906,19.047618865966797,15.000000953674316,9.523809432983398,14.285715103149414,0,0,0,4.545454502105713,2.7756881713867188,8589934592,1073741824,5287936000,290652160
209,1771648869967,3504,3504,3504,3504,3504,3504,3504,3504,47.5855598449707,47.3236198425293,45.935638427734375,45.78143310546875,45.98938751220703,46.219818115234375,45.59881591796875,46.695777893066406,46.819435119628906,19.047618865966797,19.047618865966797,10,5,4.545454502105713,0,0,0,2.7756881713867188,8589934592,1073741824,5287936000,290652160
206,1771648870177,3504,3504,3504,3504,3504,3504,3504,3504,47.14155578613281,46.7623176574707,45.48072052001953,45.282752990722656,45.24851989746094,45.705665588378906,44.917579650878906,46.259552001953125,46.15015411376953,20,14.285715103149414,14.285715103149414,9.523809432983398,23.809524536132813,15.000000953674316,19.047618865966797,5,2.7756881713867188,8589934592,1073741824,5262245888,290652160
209,1771648870385,3504,3504,3504,3504,3504,3504,3504,3504,47.14155578613281,46.7623176574707,45.48072052001953,45.282752990722656,45.24851989746094,45.705665588378906,44.917579650878906,46.259552001953125,46.15015411376953,19.047618865966797,14.285715103149414,23.809524536132813,9.523809432983398,0,0,0,0,2.7756881713867188,8589934592,1073741824,5262278656,290652160
201,1771648870595,3504,3504,3504,3504,3504,3504,3504,3504,47.14155578613281,46.7623176574707,45.48072052001953,45.282752990722656,45.24851989746094,45.705665588378906,44.917579650878906,46.259552001953125,46.15015411376953,19.047618865966797,15.000000953674316,15.000000953674316,5,0,0,0,0,2.7756881713867188,8589934592,1073741824,5259132928,290652160
209,1771648870797,3504,3504,3504,3504,3504,3504,3504,3504,47.14155578613281,46.7623176574707,45.48072052001953,45.282752990722656,45.24851989746094,45.705665588378906,44.917579650878906,46.259552001953125,46.15015411376953,20,23.809524536132813,23.809524536132813,19.047618865966797,0,0,0,0,2.3614892959594727,8589934592,1073741824,5259231232,290652160
209,1771648871006,3504,3504,3504,3504,3504,3504,3504,3504,47.14155578613281,46.7623176574707,45.48072052001953,45.282752990722656,45.24851989746094,45.705665588378906,44.917579650878906,46.259552001953125,46.15015411376953,33.333335876464844,25,25,19.047618865966797,30.000001907348633,4.545454502105713,4.761904716491699,0,2.3614892959594727,8589934592,1073741824,5064327168,290652160
200,1771648871216,3504,3504,3504,3504,3504,3504,3504,3504,45.337623596191406,44.84435272216797,43.740013122558594,43.434814453125,43.940216064453125,43.73957061767578,43.319007873535156,44.38240432739258,44.5390625,23.809524536132813,18.18181800842285,13.636363983154297,4.761904716491699,0,0,0,0,2.3614892959594727,8589934592,1073741824,5066080256,290652160
209,1771648871417,3504,3504,3504,3504,3504,3504,3504,3504,45.337623596191406,44.84435272216797,43.740013122558594,43.434814453125,43.940216064453125,43.73957061767578,43.319007873535156,44.38240432739258,44.5390625,15.000000953674316,21.052631378173828,15.000000953674316,5.263157844543457,4.761904716491699,0,0,0,2.3614892959594727,8589934592,1073741824,5063917568,290652160
206,1771648871627,3504,3504,3504,3504,3504,3504,3504,3504,45.337623596191406,44.84435272216797,43.740013122558594,43.434814453125,43.940216064453125,43.73957061767578,43.319007873535156,44.38240432739258,44.5390625,14.285715103149414,22.72727394104004,14.285715103149414,9.523809432983398,0,0,0,0,2.3614892959594727,8589934592,1073741824,5043208192,290652160
207,1771648871834,3504,3504,3504,3504,3504,3504,3504,3504,45.337623596191406,44.84435272216797,43.740013122558594,43.434814453125,43.940216064453125,43.73957061767578,43.319007873535156,44.38240432739258,44.5390625,10,15.000000953674316,15.000000953674316,5,0,0,0,0,3.0199029445648193,8589934592,1073741824,5042847744,290652160
207,1771648872042,3504,3504,3504,3504,3504,3504,3504,3504,45.337623596191406,44.84435272216797,43.740013122558594,43.434814453125,43.940216064453125,43.73957061767578,43.319007873535156,44.38240432739258,44.5390625,20,20,14.285715103149414,13.636363983154297,0,0,0,0,3.0199029445648193,8589934592,1073741824,5042864128,290652160
207,1771648872250,3504,3504,3504,3504,3504,3504,3504,3504,44.15692901611328,43.798194885253906,42.65800476074219,42.47657775878906,42.892730712890625,42.86186218261719,42.39866638183594,43.42646408081055,43.57017517089844,28.571430206298828,13.636363983154297,5,5,0,0,0,0,3.0199029445648193,8589934592,1073741824,5042880512,290652160
208,1771648872459,3504,3504,3504,3504,3504,3504,3504,3504,44.15692901611328,43.798194885253906,42.65800476074219,42.47657775878906,42.892730712890625,42.86186218261719,42.39866638183594,43.42646408081055,43.57017517089844,23.809524536132813,10.526315689086914,19.047618865966797,9.523809432983398,0,0,0,0,3.0199029445648193,8589934592,1073741824,5042896896,290652160
209,1771648872668,3504,3504,3504,3504,3504,3504,3504,3504,44.15692901611328,43.798194885253906,42.65800476074219,42.47657775878906,42.892730712890625,42.86186218261719,42.39866638183594,43.42646408081055,43.57017517089844,28.571430206298828,14.285715103149414,10,5,0,0,0,0,2.4912173748016357,8589934592,1073741824,5042864128,290652160
209,1771648872877,3504,3504,3504,3504,3504,3504,3504,3504,44.15692901611328,43.798194885253906,42.65800476074219,42.47657775878906,42.892730712890625,42.86186218261719,42.39866638183594,43.42646408081055,43.57017517089844,25,9.523809432983398,13.043478012084961,13.636363983154297,0,0,0,0,2.4912173748016357,8589934592,1073741824,5042847744,290652160
206,1771648873087,3504,3504,3504,3504,3504,3504,3504,3504,44.15692901611328,43.798194885253906,42.65800476074219,42.47657775878906,42.892730712890625,42.86186218261719,42.39866638183594,43.42646408081055,43.57017517089844,31.81818199157715,18.18181800842285,5.263157844543457,9.523809432983398,0,0,0,0,2.4912173748016357,8589934592,1073741824,5042880512,290652160
209,1771648873294,3504,3504,3504,3504,3504,3504,3504,3504,43.433265686035156,43.20237350463867,41.879173278808594,41.675743103027344,42.14738464355469,42.142303466796875,41.64984130859375,42.70246887207031,42.80109405517578,25,10,14.285715103149414,5,0,0,0,0,2.4912173748016357,8589934592,1073741824,5042880512,290652160
206,1771648873504,3504,3504,3504,3504,3504,3504,3504,3504,43.433265686035156,43.20237350463867,41.879173278808594,41.675743103027344,42.14738464355469,42.142303466796875,41.64984130859375,42.70246887207031,42.80109405517578,14.285715103149414,22.72727394104004,9.523809432983398,9.523809432983398,0,0,0,0,2.4912173748016357,8589934592,1073741824,5042814976,290652160
209,1771648873711,3504,3504,3504,3504,3504,3504,3504,3504,43.433265686035156,43.20237350463867,41.879173278808594,41.675743103027344,42.14738464355469,42.142303466796875,41.64984130859375,42.70246887207031,42.80109405517578,14.285715103149414,26.3157901763916,9.523809432983398,10,0,0,0,0,2.3526179790496826,8589934592,1073741824,5042831360,290652160
206,1771648873921,3504,3504,3504,3504,3504,3504,3504,3504,43.433265686035156,43.20237350463867,41.879173278808594,41.675743103027344,42.14738464355469,42.142303466796875,41.64984130859375,42.70246887207031,42.80109405517578,19.047618865966797,23.809524536132813,10,13.636363983154297,0,0,0,0,2.3526179790496826,8589934592,1073741824,5042864128,290652160
209,1771648874127,3504,3504,3504,3504,3504,3504,3504,3504,43.433265686035156,43.20237350463867,41.879173278808594,41.675743103027344,42.14738464355469,42.142303466796875,41.64984130859375,42.70246887207031,42.80109405517578,25,19.047618865966797,14.285715103149414,5,0,0,0,0,2.3526179790496826,8589934592,1073741824,5042323456,290652160
206,1771648874338,3504,3504,3504,3504,3504,3504,3504,3504,42.78707504272461,42.621559143066406,41.223777770996094,41.04505157470703,41.40336227416992,41.28656005859375,41.06391906738281,42.13121795654297,42.1917610168457,14.285715103149414,23.809524536132813,13.636363983154297,13.636363983154297,0,0,0,0,2.3526179790496826,8589934592,1073741824,5042356224,290652160
205,1771648874544,3504,3504,3504,3504,3504,3504,3504,3504,42.78707504272461,42.621559143066406,41.223777770996094,41.04505157470703,41.40336227416992,41.28656005859375,41.06391906738281,42.13121795654297,42.1917610168457,14.285715103149414,19.047618865966797,5.263157844543457,15.000000953674316,0,0,0,0,2.3526179790496826,8589934592,1073741824,5042176000,290652160
200,1771648874750,3504,3504,3504,3504,3504,3504,3504,3504,42.78707504272461,42.621559143066406,41.223777770996094,41.04505157470703,41.40336227416992,41.28656005859375,41.06391906738281,42.13121795654297,42.1917610168457,25,19.047618865966797,14.285715103149414,19.047618865966797,0,0,0,0,2.0295443534851074,8589934592,1073741824,5042176000,290652160
209,1771648874951,3504,3504,3504,3504,3504,3504,3504,3504,42.78707504272461,42.621559143066406,41.223777770996094,41.04505157470703,41.40336227416992,41.28656005859375,41.06391906738281,42.13121795654297,42.1917610168457,20,5.555555820465088,5,10.526315689086914,0,0,0,0,2.0295443534851074,8589934592,1073741824,5042159616,290652160
209,1771648875160,3504,3504,3504,3504,3504,3504,3504,3504,42.560890197753906,42.09516906738281,40.877952575683594,40.75071716308594,40.93205642700195,40.956809997558594,40.6756591796875,41.775856018066406,41.959903717041016,33.333335876464844,23.809524536132813,25,28.571430206298828,25,19.047618865966797,18.18181800842285,19.047618865966797,2.0295443534851074,8589934592,1073741824,5045370880,290652160
208,1771648875371,3504,3504,3504,3504,3504,3504,3504,3504,42.560890197753906,42.09516906738281,40.877952575683594,40.75071716308594,40.93205642700195,40.956809997558594,40.6756591796875,41.775856018066406,41.959903717041016,9.523809432983398,9.090909004211426,17.39130401611328,4.545454502105713,4.545454502105713,0,0,0,2.0295443534851074,8589934592,1073741824,5045370880,290652160
201,1771648875580,3504,3504,3504,3504,3504,3504,3504,3504,42.560890197753906,42.09516906738281,40.877952575683594,40.75071716308594,40.93205642700195,40.956809997558594,40.6756591796875,41.775856018066406,41.959903717041016,19.047618865966797,14.285715103149414,15.789472579956055,5,0,0,0,0,2.0295443534851074,8589934592,1073741824,5045354496,290652160
201,1771648875782,3504,3504,3504,3504,3504,3504,3504,3504,42.560890197753906,42.09516906738281,40.877952575683594,40.75071716308594,40.93205642700195,40.956809997558594,40.6756591796875,41.775856018066406,41.959903717041016,26.3157901763916,15.789472579956055,14.285715103149414,14.285715103149414,0,0,0,0,2.213848829269409,8589934592,1073741824,5045354496,290652160
208,1771648875984,3504,3504,3504,3504,3504,3504,3504,3504,42.560890197753906,42.09516906738281,40.877952575683594,40.75071716308594,40.93205642700195,40.956809997558594,40.6756591796875,41.775856018066406,41.959903717041016,38.095237731933594,25,21.052631378173828,15.789472579956055,10,13.636363983154297,5.263157844543457,4.761904716491699,2.213848829269409,8589934592,1073741824,5045354496,290652160
209,1771648876192,3504,3504,3504,3504,3504,3504,3504,3504,42.281715393066406,41.683372497558594,40.58509063720703,40.504486083984375,40.786991119384766,40.68132781982422,40.448486328125,41.479591369628906,41.580604553222656,15.000000953674316,19.047618865966797,22.72727394104004,9.523809432983398,0,0,0,0,2.213848829269409,8589934592,1073741824,5045354496,290652160
208,1771648876402,3504,3504,3504,3504,3504,3504,3504,3504,42.281715393066406,41.683372497558594,40.58509063720703,40.504486083984375,40.786991119384766,40.68132781982422,40.448486328125,41.479591369628906,41.580604553222656,14.285715103149414,28.571430206298828,10,9.523809432983398,0,0,0,0,2.213848829269409,8589934592,1073741824,5045583872,290652160
209,1771648876611,3504,3504,3504,3504,3504,3504,3504,3504,42.281715393066406,41.683372497558594,40.58509063720703,40.504486083984375,40.786991119384766,40.68132781982422,40.448486328125,41.479591369628906,41.580604553222656,15.000000953674316,19.047618865966797,22.72727394104004,9.523809432983398,0,0,0,0,2.213848829269409,8589934592,1073741824,5045567488,290652160
206,1771648876821,3504,3504,3504,3504,3504,3504,3504,3504,42.281715393066406,41.683372497558594,40.58509063720703,40.504486083984375,40.786991119384766,40.68132781982422,40.448486328125,41.479591369628906,41.580604553222656,18.18181800842285,14.285715103149414,15.000000953674316,5,0,0,0,0,2.0071802139282227,8589934592,1073741824,5045567488,290652160
203,1771648877027,3504,3504,3504,3504,3504,3504,3504,3504,42.281715393066406,41.683372497558594,40.58509063720703,40.504486083984375,40.786991119384766,40.68132781982422,40.448486328125,41.479591369628906,41.580604553222656,15.000000953674316,20,19.047618865966797,9.523809432983398,0,0,0,0,2.0071802139282227,8589934592,1073741824,5044846592,290652160
207,1771648877232,3504,3504,3504,3504,3504,3504,3504,3504,41.77657699584961,40.87553024291992,39.948280334472656,39.790435791015625,40.198204040527344,39.98986053466797,39.82917022705078,40.85357666015625,40.94321823120117,15.000000953674316,15.000000953674316,20,9.523809432983398,0,0,0,0,2.0071802139282227,8589934592,1073741824,5044846592,290652160
209,1771648877440,3504,3504,3504,3504,3504,3504,3504,3504,41.77657699584961,40.87553024291992,39.948280334472656,39.790435791015625,40.198204040527344,39.98986053466797,39.82917022705078,40.85357666015625,40.94321823120117,14.285715103149414,13.636363983154297,20,5,0,0,0,0,2.0071802139282227,8589934592,1073741824,5044830208,290652160
202,1771648877650,3504,3504,3504,3504,3504,3504,3504,3504,41.77657699584961,40.87553024291992,39.948280334472656,39.790435791015625,40.198204040527344,39.98986053466797,39.82917022705078,40.85357666015625,40.94321823120117,33.333335876464844,15.000000953674316,13.636363983154297,13.636363983154297,0,0,0,0,2.3985376358032227,8589934592,1073741824,5044862976,290652160
209,1771648877853,3504,3504,3504,3504,3504,3504,3504,3504,41.77657699584961,40.87553024291992,39.948280334472656,39.790435791015625,40.198204040527344,39.98986053466797,39.82917022705078,40.85357666015625,40.94321823120117,20,10,10,10.526315689086914,0,0,0,0,2.3985376358032227,8589934592,1073741824,5044862976,290652160
208,1771648878063,3504,3504,3504,3504,3504,3504,3504,3504,41.77657699584961,40.87553024291992,39.948280334472656,39.790435791015625,40.198204040527344,39.98986053466797,39.82917022705078,40.85357666015625,40.94321823120117,28.571430206298828,22.72727394104004,15.000000953674316,23.809524536132813,0,0,0,0,2.3985376358032227,8589934592,1073741824,5045092352,290652160
205,1771648878271,3504,3504,3504,3504,3504,3504,3504,3504,41.38163757324219,40.52123260498047,39.500396728515625,39.363800048828125,39.85320281982422,39.58280944824219,39.366249084472656,40.404842376708984,40.53308868408203,19.047618865966797,20,14.285715103149414,4.761904716491699,0,0,4.545454502105713,0,2.3985376358032227,8589934592,1073741824,5045092352,290652160
209,1771648878477,3504,3504,3504,3504,3504,3504,3504,3504,41.38163757324219,40.52123260498047,39.500396728515625,39.363800048828125,39.85320281982422,39.58280944824219,39.366249084472656,40.404842376708984,40.53308868408203,20,15.000000953674316,13.636363983154297,10,0,0,0,0,2.3985376358032227,8589934592,1073741824,5045043200,290652160
206,1771648878687,3504,3504,3504,3504,3504,3504,3504,3504,41.38163757324219,40.52123260498047,39.500396728515625,39.363800048828125,39.85320281982422,39.58280944824219,39.366249084472656,40.404842376708984,40.53308868408203,31.81818199157715,19.047618865966797,10,13.636363983154297,0,0,0,0,2.422437906265259,8589934592,1073741824,5045059584,290652160
209,1771648878894,3504,3504,3504,3504,3504,3504,3504,3504,41.38163757324219,40.52123260498047,39.500396728515625,39.363800048828125,39.85320281982422,39.58280944824219,39.366249084472656,40.404842376708984,40.53308868408203,25,14.285715103149414,10,5,0,0,0,0,2.422437906265259,8589934592,1073741824,5044994048,290652160
206,1771648879104,3504,3504,3504,3504,3504,3504,3504,3504,41.38163757324219,40.52123260498047,39.500396728515625,39.363800048828125,39.85320281982422,39.58280944824219,39.366249084472656,40.404842376708984,40.53308868408203,23.809524536132813,15.000000953674316,14.285715103149414,5,0,0,0,0,2.422437906265259,8589934592,1073741824,5044994048,290652160
209,1771648879311,3504,3504,3504,3504,3504,3504,3504,3504,40.83357620239258,40.270233154296875,39.153282165527344,39.0845947265625,39.40520477294922,39.18639373779297,38.95024871826172,40.05366897583008,40.137020111083984,20,14.285715103149414,20,13.636363983154297,0,0,0,0,2.422437906265259,8589934592,1073741824,5044994048,290652160
209,1771648879521,3504,3504,3504,3504,3504,3504,3504,3504,40.83357620239258,40.270233154296875,39.153282165527344,39.0845947265625,39.40520477294922,39.18639373779297,38.95024871826172,40.05366897583008,40.137020111083984,22.72727394104004,19.047618865966797,13.636363983154297,14.285715103149414,0,0,0,0,2.422437906265259,8589934592,1073741824,5036982272,290652160
206,1771648879731,3504,3504,3504,3504,3504,3504,3504,3504,40.83357620239258,40.270233154296875,39.153282165527344,39.0845947265625,39.40520477294922,39.18639373779297,38.95024871826172,40.05366897583008,40.137020111083984,20,20,10,5,0,0,0,0,2.4544873237609863,8589934592,1073741824,5035917312,290652160
199,1771648879938,3504,3504,3504,3504,3504,3504,3504,3504,40.83357620239258,40.270233154296875,39.153282165527344,39.0845947265625,39.40520477294922,39.18639373779297,38.95024871826172,40.05366897583008,40.137020111083984,20,22.72727394104004,14.285715103149414,9.523809432983398,4.545454502105713,0,0,0,2.4544873237609863,8589934592,1073741824,5035917312,290652160
203,1771648880138,3504,3504,3504,3504,3504,3504,3504,3504,40.83357620239258,40.270233154296875,39.153282165527344,39.0845947265625,39.40520477294922,39.18639373779297,38.682655334472656,39.772247314453125,39.84646224975586,20,20,14.285715103149414,15.000000953674316,0,5,0,0,2.4544873237609863,8589934592,1073741824,5035982848,290652160
201,1771648880342,3504,3504,3504,3504,3504,3504,3504,3504,40.42299270629883,40.056034088134766,38.90277099609375,38.76603698730469,39.09229278564453,38.876853942871094,38.682655334472656,39.772247314453125,39.84646224975586,15.000000953674316,10.526315689086914,10.526315689086914,15.000000953674316,9.523809432983398,5,0,4.761904716491699,2.4544873237609863,8589934592,1073741824,5036228608,290652160
208,1771648880544,3504,3504,3504,3504,3504,3504,3504,3504,40.42299270629883,40.056034088134766,38.90277099609375,38.76603698730469,39.09229278564453,38.876853942871094,38.682655334472656,39.772247314453125,39.84646224975586,15.000000953674316,28.571430206298828,23.809524536132813,19.047618865966797,0,0,0,0,2.4544873237609863,8589934592,1073741824,5036310528,290652160
209,1771648880752,3504,3504,3504,3504,3504,3504,3504,3504,40.42299270629883,40.056034088134766,38.90277099609375,38.76603698730469,39.09229278564453,38.876853942871094,38.682655334472656,39.772247314453125,39.84646224975586,23.809524536132813,20,10.526315689086914,5,0,0,0,0,1.8003292083740234,8589934592,1073741824,5036310528,290652160
207,1771648880962,3504,3504,3504,3504,3504,3504,3504,3504,40.42299270629883,40.056034088134766,38.90277099609375,38.76603698730469,39.09229278564453,38.876853942871094,38.682655334472656,39.772247314453125,39.84646224975586,18.18181800842285,31.81818199157715,13.636363983154297,19.047618865966797,0,0,0,0,1.8003292083740234,8589934592,1073741824,5036310528,290652160
202,1771648881171,3504,3504,3504,3504,3504,3504,3504,3504,40.319496154785156,40.12199020385742,38.80914306640625,38.653175354003906,38.95328903198242,38.586158752441406,38.531959533691406,39.6138916015625,39.70460891723633,45,30.000001907348633,33.333335876464844,28.571430206298828,23.809524536132813,0,0,0,1.8003292083740234,8589934592,1073741824,5036310528,290652160
201,1771648881374,3504,3504,3504,3504,3504,3504,3504,3504,40.319496154785156,40.12199020385742,38.80914306640625,38.653175354003906,38.95328903198242,38.586158752441406,38.531959533691406,39.6138916015625,39.70460891723633,25,30.000001907348633,21.052631378173828,20,0,0,0,0,1.8003292083740234,8589934592,1073741824,5036310528,290652160
202,1771648881576,3504,3504,3504,3504,3504,3504,3504,3504,40.319496154785156,40.12199020385742,38.80914306640625,38.653175354003906,38.95328903198242,38.586158752441406,38.531959533691406,39.6138916015625,39.70460891723633,19.047618865966797,30.000001907348633,14.285715103149414,10,0,0,0,0,1.8003292083740234,8589934592,1073741824,5040226304,290652160
209,1771648881778,3504,3504,3504,3504,3504,3504,3504,3504,40.319496154785156,40.12199020385742,38.80914306640625,38.653175354003906,38.95328903198242,38.586158752441406,38.531959533691406,39.6138916015625,39.70460891723633,10.526315689086914,23.809524536132813,10,0,19.047618865966797,14.285715103149414,4.761904716491699,0,2.445296049118042,8589934592,1073741824,5048680448,290652160
204,1771648881989,3504,3504,3504,3504,3504,3504,3504,3504,40.319496154785156,40.12199020385742,38.80914306640625,38.653175354003906,38.95328903198242,38.586158752441406,38.531959533691406,39.6138916015625,39.70460891723633,9.523809432983398,23.809524536132813,4.761904716491699,9.090909004211426,0,0,0,0,2.445296049118042,8589934592,1073741824,5048680448,290652160
208,1771648882194,3504,3504,3504,3504,3504,3504,3504,3504,40.17765426635742,39.902374267578125,38.564697265625,38.44823455810547,38.767242431640625,38.407371520996094,38.37683868408203,39.40622329711914,39.491294860839844,19.047618865966797,28.571430206298828,10,10,0,0,0,0,2.445296049118042,8589934592,1073741824,5048631296,290652160
207,1771648882402,3504,3504,3504,3504,3504,3504,3504,3504,40.17765426635742,39.902374267578125,38.564697265625,38.44823455810547,38.767242431640625,38.407371520996094,38.37683868408203,39.40622329711914,39.491294860839844,19.047618865966797,15.000000953674316,9.523809432983398,19.047618865966797,0,0,0,0,2.445296049118042,8589934592,1073741824,5048713216,290652160
209,1771648882611,3504,3504,3504,3504,3504,3504,3504,3504,40.17765426635742,39.902374267578125,38.564697265625,38.44823455810547,38.767242431640625,38.407371520996094,38.37683868408203,39.40622329711914,39.491294860839844,14.285715103149414,20,9.523809432983398,14.285715103149414,0,0,0,0,2.445296049118042,8589934592,1073741824,5048713216,290652160
204,1771648882821,3504,3504,3504,3504,3504,3504,3504,3504,40.17765426635742,39.902374267578125,38.564697265625,38.44823455810547,38.767242431640625,38.407371520996094,38.37683868408203,39.40622329711914,39.491294860839844,15.000000953674316,15.000000953674316,9.523809432983398,15.000000953674316,0,0,0,0,2.180581569671631,8589934592,1073741824,5048713216,290652160
209,1771648883025,3504,3504,3504,3504,3504,3504,3504,3504,40.17765426635742,39.902374267578125,38.564697265625,38.44823455810547,38.767242431640625,38.407371520996094,38.37683868408203,39.40622329711914,39.491294860839844,25,28.571430206298828,15.000000953674316,14.285715103149414,0,0,0,0,2.180581569671631,8589934592,1073741824,5049171968,290652160
208,1771648883236,3504,3504,3504,3504,3504,3504,3504,3504,39.825443267822266,39.43638229370117,38.20323181152344,38.000282287597656,38.419593811035156,38.07347106933594,38.02726745605469,39.12417221069336,39.17524719238281,23.809524536132813,14.285715103149414,19.047618865966797,13.636363983154297,0,0,0,0,2.180581569671631,8589934592,1073741824,5049876480,290652160
201,1771648883444,3504,3504,3504,3504,3504,3504,3504,3504,39.825443267822266,39.43638229370117,38.20323181152344,38.000282287597656,38.419593811035156,38.07347106933594,38.02726745605469,39.12417221069336,39.17524719238281,28.571430206298828,13.636363983154297,10,10,0,0,0,0,2.180581569671631,8589934592,1073741824,5049892864,290652160
208,1771648883646,3504,3504,3504,3504,3504,3504,3504,3504,39.825443267822266,39.43638229370117,38.20323181152344,38.000282287597656,38.419593811035156,38.07347106933594,38.02726745605469,39.12417221069336,39.17524719238281,15.000000953674316,15.789472579956055,14.285715103149414,5,0,0,0,0,2.180581569671631,8589934592,1073741824,5049909248,290652160
209,1771648883854,3504,3504,3504,3504,3504,3504,3504,3504,39.825443267822266,39.43638229370117,38.20323181152344,38.000282287597656,38.419593811035156,38.07347106933594,38.02726745605469,39.12417221069336,39.17524719238281,28.571430206298828,35,35,28.571430206298828,18.18181800842285,18.18181800842285,19.047618865966797,14.285715103149414,2.180581569671631,8589934592,1073741824,5057232896,290652160
202,1771648884065,3504,3504,3504,3504,3504,3504,3504,3504,39.825443267822266,39.43638229370117,38.20323181152344,38.000282287597656,38.419593811035156,38.07347106933594,38.02726745605469,39.12417221069336,39.17524719238281,5,18.18181800842285,9.523809432983398,0,4.761904716491699,0,0,9.090909004211426,2.180581569671631,8589934592,1073741824,5009965056,290652160
207,1771648884268,3504,3504,3504,3504,3504,3504,3504,3504,40.17438507080078,39.655311584472656,38.346595764160156,38.206565856933594,38.50538635253906,38.286949157714844,38.288230895996094,39.406883239746094,39.5196533203125,23.809524536132813,5.263157844543457,19.047618865966797,10,0,0,0,0,2.180581569671631,8589934592,1073741824,5009833984,290652160
209,1771648884475,3504,3504,3504,3504,3504,3504,3504,3504,40.17438507080078,39.655311584472656,38.346595764160156,38.206565856933594,38.50538635253906,38.286949157714844,38.288230895996094,39.406883239746094,39.5196533203125,20,23.809524536132813,20,14.285715103149414,0,0,0,0,2.180581569671631,8589934592,1073741824,5009833984,290652160
208,1771648884685,3504,3504,3504,3504,3504,3504,3504,3504,40.17438507080078,39.655311584472656,38.346595764160156,38.206565856933594,38.50538635253906,38.286949157714844,38.288230895996094,39.406883239746094,39.5196533203125,22.72727394104004,27.272727966308594,22.72727394104004,10,15.000000953674316,14.285715103149414,18.18181800842285,14.285715103149414,2.261143922805786,8589934592,1073741824,5007900672,290652160
206,1771648884894,3504,3504,3504,3504,3504,3504,3504,3504,40.17438507080078,39.655311584472656,38.346595764160156,38.206565856933594,38.50538635253906,38.286949157714844,38.288230895996094,39.406883239746094,39.5196533203125,20,15.000000953674316,15.000000953674316,13.636363983154297,0,0,0,0,2.261143922805786,8589934592,1073741824,5007917056,290652160
209,1771648885101,3504,3504,3504,3504,3504,3504,3504,3504,40.17438507080078,39.655311584472656,38.346595764160156,38.206565856933594,38.50538635253906,38.286949157714844,38.288230895996094,39.406883239746094,39.5196533203125,20,14.285715103149414,15.000000953674316,5,0,0,0,0,2.261143922805786,8589934592,1073741824,5007949824,290652160
202,1771648885311,3504,3504,3504,3504,3504,3504,3504,3504,40.074066162109375,39.620418548583984,38.27354431152344,38.138267517089844,38.44501495361328,38.21135711669922,38.160377502441406,39.30320358276367,39.322025299072266,28.571430206298828,14.285715103149414,18.18181800842285,9.523809432983398,9.523809432983398,0,0,0,2.261143922805786,8589934592,1073741824,5007917056,290652160
209,1771648885513,3504,3504,3504,3504,3504,3504,3504,3504,40.074066162109375,39.620418548583984,38.27354431152344,38.138267517089844,38.44501495361328,38.21135711669922,38.160377502441406,39.30320358276367,39.322025299072266,20,10,10,14.285715103149414,0,0,0,0,2.261143922805786,8589934592,1073741824,5007917056,290652160
201,1771648885723,3504,3504,3504,3504,3504,3504,3504,3504,40.074066162109375,39.620418548583984,38.27354431152344,38.138267517089844,38.44501495361328,38.21135711669922,38.160377502441406,39.30320358276367,39.322025299072266,19.047618865966797,14.285715103149414,5,15.000000953674316,0,0,0,0,2.697408437728882,8589934592,1073741824,5007933440,290652160
202,1771648885925,3504,3504,3504,3504,3504,3504,3504,3504,40.074066162109375,39.620418548583984,38.27354431152344,38.138267517089844,38.44501495361328,38.21135711669922,38.160377502441406,39.30320358276367,39.322025299072266,20,14.285715103149414,14.285715103149414,19.047618865966797,0,0,0,0,2.697408437728882,8589934592,1073741824,5007851520,290652160
208,1771648886129,3504,3504,3504,3504,3504,3504,3504,3504,40.074066162109375,39.620418548583984,38.27354431152344,38.138267517089844,38.44501495361328,38.21135711669922,38.160377502441406,39.30320358276367,39.322025299072266,20,15.789472579956055,10,5.263157844543457,0,0,0,0,2.697408437728882,8589934592,1073741824,5007835136,290652160
200,1771648886338,3504,3504,3504,3504,3504,3504,3504,3504,39.44065475463867,38.98979568481445,37.72535705566406,37.53959655761719,38.031002044677734,37.47504425048828,37.636268615722656,38.656185150146484,38.675106048583984,14.285715103149414,19.047618865966797,9.523809432983398,22.72727394104004,0,0,0,0,2.697408437728882,8589934592,1073741824,5006819328,290652160
203,1771648886540,3504,3504,3504,3504,3504,3504,3504,3504,39.44065475463867,38.98979568481445,37.72535705566406,37.53959655761719,38.031002044677734,37.47504425048828,37.636268615722656,38.656185150146484,38.675106048583984,25,30.000001907348633,23.809524536132813,15.789472579956055,0,0,0,0,2.697408437728882,8589934592,1073741824,5005393920,290652160
209,1771648886744,3504,3504,3504,3504,3504,3504,3504,3504,39.44065475463867,38.98979568481445,37.72535705566406,37.53959655761719,38.031002044677734,37.47504425048828,37.636268615722656,38.656185150146484,38.675106048583984,15.000000953674316,15.789472579956055,5.263157844543457,19.047618865966797,0,0,0,0,2.5240631103515625,8589934592,1073741824,5005262848,290652160
206,1771648886954,3504,3504,3504,3504,3504,3504,3504,3504,39.44065475463867,38.98979568481445,37.72535705566406,37.53959655761719,38.031002044677734,37.47504425048828,37.636268615722656,38.656185150146484,38.675106048583984,22.72727394104004,18.18181800842285,9.523809432983398,19.047618865966797,0,0,0,0,2.5240631103515625,8589934592,1073741824,5005017088,290652160
205,1771648887161,3504,3504,3504,3504,3504,3504,3504,3504,39.1146240234375,38.7686653137207,37.42003631591797,37.36444091796875,37.742942810058594,37.18556213378906,37.34928894042969,38.35223388671875,38.47792434692383,20,10,9.523809432983398,15.000000953674316,0,0,0,0,2.5240631103515625,8589934592,1073741824,5005017088,290652160
208,1771648887366,3504,3504,3504,3504,3504,3504,3504,3504,39.1146240234375,38.7686653137207,37.42003631591797,37.36444091796875,37.742942810058594,37.18556213378906,37.34928894042969,38.35223388671875,38.47792434692383,14.285715103149414,23.809524536132813,10,14.285715103149414,0,0,0,0,2.5240631103515625,8589934592,1073741824,5004984320,290652160
207,1771648887576,3504,3504,3504,3504,3504,3504,3504,3504,39.1146240234375,38.7686653137207,37.42003631591797,37.36444091796875,37.742942810058594,37.18556213378906,37.34928894042969,38.35223388671875,38.47792434692383,14.285715103149414,20,14.285715103149414,0,0,0,0,0,2.5240631103515625,8589934592,1073741824,5004984320,290652160
199,1771648887784,3504,3504,3504,3504,3504,3504,3504,3504,39.1146240234375,38.7686653137207,37.42003631591797,37.36444091796875,37.742942810058594,37.18556213378906,37.34928894042969,38.35223388671875,38.47792434692383,20,27.272727966308594,23.809524536132813,19.047618865966797,0,0,0,0,1.973769187927246,8589934592,1073741824,5006000128,290652160
209,1771648887984,3504,3504,3504,3504,3504,3504,3504,3504,39.1146240234375,38.7686653137207,37.42003631591797,37.36444091796875,37.742942810058594,37.18556213378906,37.34928894042969,38.35223388671875,38.47792434692383,40,21.052631378173828,35,35,0,0,0,0,1.973769187927246,8589934592,1073741824,5005541376,290652160
199,1771648888194,3504,3504,3504,3504,3504,3504,3504,3504,38.9079704284668,38.512184143066406,37.31971740722656,37.108665466308594,37.58448028564453,36.980621337890625,37.18473815917969,38.19707107543945,38.24848175048828,14.285715103149414,4.761904716491699,15.000000953674316,14.285715103149414,0,0,0,0,1.973769187927246,8589934592,1073741824,5005443072,290652160
209,1771648888394,3504,3504,3504,3504,3504,3504,3504,3504,38.9079704284668,38.512184143066406,37.31971740722656,37.108665466308594,37.58448028564453,36.980621337890625,37.18473815917969,38.19707107543945,38.24848175048828,10,14.285715103149414,23.809524536132813,15.789472579956055,0,0,0,0,1.973769187927246,8589934592,1073741824,5005459456,290652160
206,1771648888604,3504,3504,3504,3504,3504,3504,3504,3504,38.9079704284668,38.512184143066406,37.31971740722656,37.108665466308594,37.58448028564453,36.980621337890625,37.18473815917969,38.19707107543945,38.24848175048828,14.285715103149414,14.285715103149414,15.000000953674316,18.18181800842285,0,0,0,0,1.973769187927246,8589934592,1073741824,5005459456,290652160
209,1771648888811,3504,3504,3504,3504,3504,3504,3504,3504,38.9079704284668,38.512184143066406,37.31971740722656,37.108665466308594,37.58448028564453,36.980621337890625,37.18473815917969,38.19707107543945,38.24848175048828,15.000000953674316,15.000000953674316,19.047618865966797,19.047618865966797,0,0,0,0,2.510140895843506,8589934592,1073741824,5005393920,290652160
202,1771648889021,3504,3504,3504,3504,3504,3504,3504,3504,38.9079704284668,38.512184143066406,37.31971740722656,37.108665466308594,37.58448028564453,36.980621337890625,37.18473815917969,38.19707107543945,38.24848175048828,19.047618865966797,9.523809432983398,5,19.047618865966797,0,4.545454502105713,0,0,2.510140895843506,8589934592,1073741824,5005393920,290652160
202,1771648889223,3504,3504,3504,3504,3504,3504,3504,3504,38.80284118652344,38.32735061645508,37.08526611328125,36.99181365966797,37.41816329956055,36.76117706298828,37.047210693359375,38.02595901489258,38.07038116455078,20,15.000000953674316,14.285715103149414,15.000000953674316,0,0,0,0,2.510140895843506,8589934592,1073741824,5005492224,290652160
204,1771648889426,3504,3504,3504,3504,3504,3504,3504,3504,38.80284118652344,38.32735061645508,37.08526611328125,36.99181365966797,37.41816329956055,36.76117706298828,37.047210693359375,38.02595901489258,38.07038116455078,19.047618865966797,20,9.523809432983398,5.263157844543457,0,0,0,0,2.510140895843506,8589934592,1073741824,5005508608,290652160
209,1771648889631,3504,3504,3504,3504,3504,3504,3504,3504,38.80284118652344,38.32735061645508,37.08526611328125,36.99181365966797,37.41816329956055,36.76117706298828,37.047210693359375,38.02595901489258,38.07038116455078,20,20,5.263157844543457,9.523809432983398,0,0,0,0,2.510140895843506,8589934592,1073741824,5005508608,290652160
202,1771648889841,3504,3504,3504,3504,3504,3504,3504,3504,38.80284118652344,38.32735061645508,37.08526611328125,36.99181365966797,37.41816329956055,36.76117706298828,37.047210693359375,38.02595901489258,38.07038116455078,20,19.047618865966797,19.047618865966797,19.047618865966797,4.761904716491699,4.545454502105713,0,0,1.961888313293457,8589934592,1073741824,5005639680,290652160
201,1771648890044,3504,3504,3504,3504,3504,3504,3504,3504,38.80284118652344,38.32735061645508,37.08526611328125,36.99181365966797,37.41816329956055,36.76117706298828,37.047210693359375,38.02595901489258,38.07038116455078,19.047618865966797,15.000000953674316,23.809524536132813,15.000000953674316,0,0,0,0,1.961888313293457,8589934592,1073741824,5005672448,290652160
207,1771648890246,3504,3504,3504,3504,3504,3504,3504,3504,38.710731506347656,38.16666793823242,36.95533752441406,36.8534049987793,37.18489074707031,36.589202880859375,36.855369567871094,37.859676361083984,37.970741271972656,15.789472579956055,15.000000953674316,25,5,0,4.761904716491699,0,0,1.961888313293457,8589934592,1073741824,5005656064,290652160
209,1771648890454,3504,3504,3504,3504,3504,3504,3504,3504,38.710731506347656,38.16666793823242,36.95533752441406,36.8534049987793,37.18489074707031,36.589202880859375,36.855369567871094,37.859676361083984,37.970741271972656,14.285715103149414,14.285715103149414,19.047618865966797,19.047618865966797,0,0,0,0,1.961888313293457,8589934592,1073741824,5005656064,290652160
203,1771648890664,3504,3504,3504,3504,3504,3504,3504,3504,38.710731506347656,38.16666793823242,36.95533752441406,36.8534049987793,37.18489074707031,36.589202880859375,36.855369567871094,37.859676361083984,37.970741271972656,18.18181800842285,18.18181800842285,19.047618865966797,19.047618865966797,4.761904716491699,4.761904716491699,4.761904716491699,4.761904716491699,2.2163429260253906,8589934592,1073741824,4996562944,290652160
208,1771648890867,3504,3504,3504,3504,3504,3504,3504,3504,38.710731506347656,38.16666793823242,36.95533752441406,36.8534049987793,37.18489074707031,36.589202880859375,36.855369567871094,37.859676361083984,37.970741271972656,15.000000953674316,5.263157844543457,10.526315689086914,15.000000953674316,0,0,0,0,2.2163429260253906,8589934592,1073741824,4996431872,290652160
203,1771648891076,3504,3504,3504,3504,3504,3504,3504,3504,38.710731506347656,38.16666793823242,36.95533752441406,36.8534049987793,37.18489074707031,36.589202880859375,36.855369567871094,37.859676361083984,37.970741271972656,25,20,18.18181800842285,23.809524536132813,40,0,0,0,2.2163429260253906,8589934592,1073741824,4996874240,290652160
201,1771648891279,3504,3504,3504,3504,3504,3504,3504,3504,38.81410217285156,38.46339416503906,37.171539306640625,36.93704605102539,37.18712615966797,36.57838439941406,36.84489059448242,37.86038589477539,37.9674072265625,28.571430206298828,19.047618865966797,15.000000953674316,23.809524536132813,4.761904716491699,0,5,0,2.2163429260253906,8589934592,1073741824,4997005312,290652160
201,1771648891482,3504,3504,3504,3504,3504,3504,3504,3504,38.81410217285156,38.46339416503906,37.171539306640625,36.93704605102539,37.18712615966797,36.57838439941406,36.84489059448242,37.86038589477539,37.9674072265625,10.526315689086914,15.000000953674316,25,5.263157844543457,0,0,0,0,2.2163429260253906,8589934592,1073741824,4996956160,290652160
209,1771648891683,3504,3504,3504,3504,3504,3504,3504,3504,38.81410217285156,38.46339416503906,37.171539306640625,36.93704605102539,37.18712615966797,36.57838439941406,36.84489059448242,37.86038589477539,37.9674072265625,20,14.285715103149414,15.000000953674316,14.285715103149414,0,0,0,0,2.3414881229400635,8589934592,1073741824,4996857856,290652160
209,1771648891894,3504,3504,3504,3504,3504,3504,3504,3504,38.81410217285156,38.46339416503906,37.171539306640625,36.93704605102539,37.18712615966797,36.57838439941406,36.84489059448242,37.86038589477539,37.9674072265625,23.809524536132813,10,14.285715103149414,4.761904716491699,0,0,0,0,2.3414881229400635,8589934592,1073741824,4996923392,290652160
199,1771648892104,3504,3504,3504,3504,3504,3504,3504,3504,38.81410217285156,38.46339416503906,37.171539306640625,36.93704605102539,37.18712615966797,36.57838439941406,36.84489059448242,37.86038589477539,37.9674072265625,22.72727394104004,15.000000953674316,23.809524536132813,5,0,0,0,0,2.3414881229400635,8589934592,1073741824,4997267456,290652160
202,1771648892304,3504,3504,3504,3504,3504,3504,3504,3504,38.584983825683594,38.1036262512207,36.95209884643555,36.74669647216797,37.08103561401367,36.52602005004883,36.776817321777344,37.79791259765625,37.900508880615234,20,14.285715103149414,20,10,0,0,0,0,2.3414881229400635,8589934592,1073741824,4997267456,290652160
203,1771648892507,3504,3504,3504,3504,3504,3504,3504,3504,38.584983825683594,38.1036262512207,36.95209884643555,36.74669647216797,37.08103561401367,36.52602005004883,36.776817321777344,37.79791259765625,37.900508880615234,25,15.000000953674316,15.000000953674316,9.523809432983398,0,0,0,0,2.3414881229400635,8589934592,1073741824,4997283840,290652160
209,1771648892711,3504,3504,3504,3504,3504,3504,3504,3504,38.584983825683594,38.1036262512207,36.95209884643555,36.74669647216797,37.08103561401367,36.52602005004883,36.776817321777344,37.79791259765625,37.900508880615234,20,14.285715103149414,20,10,0,0,0,0,2.020112991333008,8589934592,1073741824,4997300224,290652160
206,1771648892920,3504,3504,3504,3504,3504,3504,3504,3504,38.584983825683594,38.1036262512207,36.95209884643555,36.74669647216797,37.08103561401367,36.52602005004883,36.776817321777344,37.79791259765625,37.900508880615234,15.000000953674316,15.000000953674316,14.285715103149414,5,0,0,0,0,2.020112991333008,8589934592,1073741824,4997382144,290652160
209,1771648893127,3504,3504,3504,3504,3504,3504,3504,3504,38.584983825683594,38.1036262512207,36.95209884643555,36.74669647216797,37.08103561401367,36.52602005004883,36.776817321777344,37.79791259765625,37.900508880615234,14.285715103149414,23.809524536132813,20,13.636363983154297,0,0,0,0,2.020112991333008,8589934592,1073741824,4997382144,290652160
209,1771648893337,3504,3504,3504,3504,3504,3504,3504,3504,38.28763961791992,37.80710983276367,36.64320373535156,36.47423553466797,36.88754653930664,36.32673645019531,36.50931167602539,37.53147506713867,37.63722229003906,22.72727394104004,15.000000953674316,14.285715103149414,9.523809432983398,0,0,0,0,2.020112991333008,8589934592,1073741824,4997431296,290652160
203,1771648893547,3504,3504,3504,3504,3504,3504,3504,3504,38.28763961791992,37.80710983276367,36.64320373535156,36.47423553466797,36.88754653930664,36.32673645019531,36.50931167602539,37.53147506713867,37.63722229003906,20,14.285715103149414,23.809524536132813,14.285715103149414,0,0,0,0,2.020112991333008,8589934592,1073741824,4997447680,290652160
209,1771648893750,3504,3504,3504,3504,3504,3504,3504,3504,38.28763961791992,37.80710983276367,36.64320373535156,36.47423553466797,36.88754653930664,36.32673645019531,36.50931167602539,37.53147506713867,37.63722229003906,20,14.285715103149414,19.047618865966797,10,0,0,0,0,2.6879756450653076,8589934592,1073741824,4997447680,290652160
206,1771648893961,3504,3504,3504,3504,3504,3504,3504,3504,38.28763961791992,37.80710983276367,36.64320373535156,36.47423553466797,36.88754653930664,36.32673645019531,36.50931167602539,37.53147506713867,37.63722229003906,19.047618865966797,5,23.809524536132813,4.761904716491699,0,0,0,0,2.6879756450653076,8589934592,1073741824,4997464064,290652160
209,1771648894167,3504,3504,3504,3504,3504,3504,3504,3504,38.17552947998047,37.66020202636719,36.526126861572266,36.269622802734375,36.797508239746094,36.21175003051758,36.331932067871094,37.387882232666016,37.476016998291016,30.000001907348633,28.571430206298828,21.052631378173828,20,0,0,0,0,2.6879756450653076,8589934592,1073741824,4997873664,290652160
209,1771648894377,3504,3504,3504,3504,3504,3504,3504,3504,38.17552947998047,37.66020202636719,36.526126861572266,36.269622802734375,36.797508239746094,36.21175003051758,36.331932067871094,37.387882232666016,37.476016998291016,22.72727394104004,19.047618865966797,18.18181800842285,9.523809432983398,0,0,0,0,2.6879756450653076,8589934592,1073741824,4998037504,290652160
208,1771648894587,3504,3504,3504,3504,3504,3504,3504,3504,38.17552947998047,37.66020202636719,36.526126861572266,36.269622802734375,36.797508239746094,36.21175003051758,36.331932067871094,37.387882232666016,37.476016998291016,15.000000953674316,14.285715103149414,22.72727394104004,4.761904716491699,0,0,0,0,2.6879756450653076,8589934592,1073741824,4998053888,290652160
204,1771648894796,3504,3504,3504,3504,3504,3504,3504,3504,38.17552947998047,37.66020202636719,36.526126861572266,36.269622802734375,36.797508239746094,36.21175003051758,36.331932067871094,37.387882232666016,37.476016998291016,23.809524536132813,14.285715103149414,15.000000953674316,10,0,0,0,0,2.3880395889282227,8589934592,1073741824,4998070272,290652160
209,1771648895001,3504,3504,3504,3504,3504,3504,3504,3504,38.17552947998047,37.66020202636719,36.526126861572266,36.269622802734375,36.797508239746094,36.21175003051758,36.331932067871094,37.387882232666016,37.476016998291016,20,19.047618865966797,19.047618865966797,14.285715103149414,4.761904716491699,4.761904716491699,0,0,2.3880395889282227,8589934592,1073741824,4998086656,290652160
209,1771648895211,3504,3504,3504,3504,3504,3504,3504,3504,38.14347839355469,37.540889739990234,36.435035705566406,36.125946044921875,36.680458068847656,36.127540588378906,36.233436584472656,37.2739372253418,37.3991584777832,23.809524536132813,14.285715103149414,10,14.285715103149414,0,0,0,0,2.3880395889282227,8589934592,1073741824,4998152192,290652160
206,1771648895421,3504,3504,3504,3504,3504,3504,3504,3504,38.14347839355469,37.540889739990234,36.435035705566406,36.125946044921875,36.680458068847656,36.127540588378906,36.233436584472656,37.2739372253418,37.3991584777832,19.047618865966797,15.000000953674316,9.523809432983398,4.761904716491699,0,0,0,0,2.3880395889282227,8589934592,1073741824,4998168576,290652160
206,1771648895628,3504,3504,3504,3504,3504,3504,3504,3504,38.14347839355469,37.540889739990234,36.435035705566406,36.125946044921875,36.680458068847656,36.127540588378906,36.233436584472656,37.2739372253418,37.3991584777832,23.809524536132813,20,10,5,0,0,0,0,2.3880395889282227,8589934592,1073741824,4998168576,290652160
208,1771648895835,3504,3504,3504,3504,3504,3504,3504,3504,38.14347839355469,37.540889739990234,36.435035705566406,36.125946044921875,36.680458068847656,36.127540588378906,36.233436584472656,37.2739372253418,37.3991584777832,23.809524536132813,14.285715103149414,13.636363983154297,9.523809432983398,0,0,0,0,2.2046079635620117,8589934592,1073741824,4998168576,290652160
205,1771648896044,3504,3504,3504,3504,3504,3504,3504,3504,38.14347839355469,37.540889739990234,36.435035705566406,36.125946044921875,36.680458068847656,36.127540588378906,36.233436584472656,37.2739372253418,37.3991584777832,23.809524536132813,23.809524536132813,15.000000953674316,9.523809432983398,0,0,0,0,2.2046079635620117,8589934592,1073741824,4998152192,290652160
203,1771648896250,3504,3504,3504,3504,3504,3504,3504,3504,38.138671875,37.479766845703125,36.346649169921875,36.116249084472656,36.58668518066406,36.07667541503906,36.149314880371094,37.16803741455078,37.29893112182617,20,19.047618865966797,14.285715103149414,9.523809432983398,0,0,0,0,2.2046079635620117,8589934592,1073741824,4998152192,290652160
204,1771648896454,3504,3504,3504,3504,3504,3504,3504,3504,38.138671875,37.479766845703125,36.346649169921875,36.116249084472656,36.58668518066406,36.07667541503906,36.149314880371094,37.16803741455078,37.29893112182617,21.052631378173828,20,10,5.263157844543457,0,0,0,0,2.2046079635620117,8589934592,1073741824,4983242752,290652160
201,1771648896659,3504,3504,3504,3504,3504,3504,3504,3504,38.138671875,37.479766845703125,36.346649169921875,36.116249084472656,36.58668518066406,36.07667541503906,36.149314880371094,37.16803741455078,37.29893112182617,28.571430206298828,25,15.000000953674316,14.285715103149414,4.761904716491699,0,0,0,2.261338710784912,8589934592,1073741824,4983062528,290652160
208,1771648896861,3504,3504,3504,3504,3504,3504,3504,3504,38.138671875,37.479766845703125,36.346649169921875,36.116249084472656,36.58668518066406,36.07667541503906,36.149314880371094,37.16803741455078,37.29893112182617,15.000000953674316,20,10,5,0,0,0,0,2.261338710784912,8589934592,1073741824,4983062528,290652160
199,1771648897069,3504,3504,3504,3504,3504,3504,3504,3504,38.138671875,37.479766845703125,36.346649169921875,36.116249084472656,36.58668518066406,36.07667541503906,36.149314880371094,37.16803741455078,37.29893112182617,19.047618865966797,23.809524536132813,14.285715103149414,13.636363983154297,0,0,0,0,2.261338710784912,8589934592,1073741824,4983078912,290652160
207,1771648897270,3504,3504,3504,3504,3504,3504,3504,3504,38.077945709228516,37.363059997558594,36.179718017578125,36.02894592285156,36.4322624206543,35.978614807128906,35.995338439941406,37.04966354370117,37.19356155395508,50,50,30.000001907348633,31.57894515991211,4.761904716491699,4.761904716491699,0,4.761904716491699,2.261338710784912,8589934592,1073741824,4983848960,290652160
205,1771648897478,3504,3504,3504,3504,3504,3504,3504,3504,38.077945709228516,37.363059997558594,36.179718017578125,36.02894592285156,36.4322624206543,35.978614807128906,35.995338439941406,37.04966354370117,37.19356155395508,10,20,10,14.285715103149414,0,0,0,0,2.261338710784912,8589934592,1073741824,4983848960,290652160
199,1771648897683,3504,3504,3504,3504,3504,3504,3504,3504,38.077945709228516,37.363059997558594,36.179718017578125,36.02894592285156,36.4322624206543,35.978614807128906,35.995338439941406,37.04966354370117,37.19356155395508,14.285715103149414,28.571430206298828,14.285715103149414,5.263157844543457,0,0,0,0,1.9051764011383057,8589934592,1073741824,4983848960,290652160
209,1771648897884,3504,3504,3504,3504,3504,3504,3504,3504,38.077945709228516,37.363059997558594,36.179718017578125,36.02894592285156,36.4322624206543,35.978614807128906,35.995338439941406,37.04966354370117,37.19356155395508,21.052631378173828,35,28.571430206298828,19.047618865966797,0,0,0,0,1.9051764011383057,8589934592,1073741824,4983848960,290652160
209,1771648898094,3504,3504,3504,3504,3504,3504,3504,3504,38.077945709228516,37.363059997558594,36.179718017578125,36.02894592285156,36.4322624206543,35.978614807128906,35.995338439941406,37.04966354370117,37.19356155395508,31.81818199157715,30.000001907348633,21.052631378173828,19.047618865966797,0,0,0,0,1.9051764011383057,8589934592,1073741824,4984389632,290652160
200,1771648898304,3504,3504,3504,3504,3504,3504,3504,3504,38.08876037597656,37.28004455566406,36.16351318359375,35.99270248413086,36.41166305541992,35.969139099121094,35.98681640625,37.02128219604492,37.10079574584961,19.047618865966797,28.571430206298828,13.636363983154297,9.523809432983398,0,0,0,0,1.9051764011383057,8589934592,1073741824,4984406016,290652160
202,1771648898505,3504,3504,3504,3504,3504,3504,3504,3504,38.08876037597656,37.28004455566406,36.16351318359375,35.99270248413086,36.41166305541992,35.969139099121094,35.98681640625,37.02128219604492,37.10079574584961,15.000000953674316,23.809524536132813,15.789472579956055,14.285715103149414,0,0,0,0,1.9051764011383057,8589934592,1073741824,4984520704,290652160
201,1771648898708,3504,3504,3504,3504,3504,3504,3504,3504,38.08876037597656,37.28004455566406,36.16351318359375,35.99270248413086,36.41166305541992,35.969139099121094,35.98681640625,37.02128219604492,37.10079574584961,30.000001907348633,20,23.809524536132813,10.526315689086914,0,0,0,0,2.342301368713379,8589934592,1073741824,4984569856,290652160
209,1771648898910,3504,3504,3504,3504,3504,3504,3504,3504,38.08876037597656,37.28004455566406,36.16351318359375,35.99270248413086,36.41166305541992,35.969139099121094,35.98681640625,37.02128219604492,37.10079574584961,45,50,52.38095474243164,28.571430206298828,0,0,0,0,2.342301368713379,8589934592,1073741824,5016272896,290652160
209,1771648899120,3504,3504,3504,3504,3504,3504,3504,3504,38.08876037597656,37.28004455566406,36.16351318359375,35.99270248413086,36.41166305541992,35.969139099121094,35.98681640625,37.02128219604492,37.10079574584961,28.571430206298828,30.000001907348633,25,19.047618865966797,0,0,0,0,2.342301368713379,8589934592,1073741824,5021188096,290652160
208,1771648899330,3504,3504,3504,3504,3504,3504,3504,3504,38.016326904296875,37.229129791259766,36.110694885253906,35.93954086303711,36.36317443847656,35.92255401611328,35.90361785888672,36.9473762512207,37.0447883605957,19.047618865966797,27.272727966308594,19.047618865966797,9.523809432983398,0,0,0,0,2.342301368713379,8589934592,1073741824,5021319168,290652160
204,1771648899539,3504,3504,3504,3504,3504,3504,3504,3504,38.016326904296875,37.229129791259766,36.110694885253906,35.93954086303711,36.36317443847656,35.92255401611328,35.90361785888672,36.9473762512207,37.0447883605957,20,19.047618865966797,14.285715103149414,10,0,0,0,0,2.342301368713379,8589934592,1073741824,5021319168,290652160
209,1771648899743,3504,3504,3504,3504,3504,3504,3504,3504,38.016326904296875,37.229129791259766,36.110694885253906,35.93954086303711,36.36317443847656,35.92255401611328,35.90361785888672,36.9473762512207,37.0447883605957,25,15.789472579956055,10,14.285715103149414,0,0,0,0,2.272876024246216,8589934592,1073741824,5021319168,290652160
208,1771648899953,3504,3504,3504,3504,3504,3504,3504,3504,38.016326904296875,37.229129791259766,36.110694885253906,35.93954086303711,36.36317443847656,35.92255401611328,35.90361785888672,36.9473762512207,37.0447883605957,22.72727394104004,19.047618865966797,10,5,0,0,0,0,2.272876024246216,8589934592,1073741824,5021319168,290652160
206,1771648900163,3504,3504,3504,3504,3504,3504,3504,3504,37.9728889465332,37.11384201049805,36.058143615722656,35.87345886230469,36.24916458129883,35.85126495361328,35.85936737060547,36.872066497802734,36.99074935913086,25,19.047618865966797,13.636363983154297,9.523809432983398,0,0,0,0,2.272876024246216,8589934592,1073741824,5016879104,290652160
209,1771648900369,3504,3504,3504,3504,3504,3504,3504,3504,37.9728889465332,37.11384201049805,36.058143615722656,35.87345886230469,36.24916458129883,35.85126495361328,35.85936737060547,36.872066497802734,36.99074935913086,28.571430206298828,19.047618865966797,28.571430206298828,19.047618865966797,20,15.000000953674316,20,15.000000953674316,2.272876024246216,8589934592,1073741824,5016731648,290652160
206,1771648900579,3504,3504,3504,3504,3504,3504,3504,3504,37.9728889465332,37.11384201049805,36.058143615722656,35.87345886230469,36.24916458129883,35.85126495361328,35.85936737060547,36.872066497802734,36.99074935913086,14.285715103149414,9.523809432983398,25,5,0,4.761904716491699,0,0,2.272876024246216,8589934592,1073741824,5016698880,290652160
206,1771648900786,3504,3504,3504,3504,3504,3504,3504,3504,37.9728889465332,37.11384201049805,36.058143615722656,35.87345886230469,36.24916458129883,35.85126495361328,35.85936737060547,36.872066497802734,36.99074935913086,28.571430206298828,14.285715103149414,10,13.636363983154297,0,0,0,0,2.2376813888549805,8589934592,1073741824,5016731648,290652160
209,1771648900993,3504,3504,3504,3504,3504,3504,3504,3504,37.9728889465332,37.11384201049805,36.058143615722656,35.87345886230469,36.24916458129883,35.85126495361328,35.85936737060547,36.872066497802734,36.99074935913086,26.3157901763916,20,18.18181800842285,5.263157844543457,0,0,0,0,2.2376813888549805,8589934592,1073741824,5016797184,290652160
207,1771648901203,3504,3504,3504,3504,3504,3504,3504,3504,38.564510345458984,37.703556060791016,36.53157043457031,36.403316497802734,36.479949951171875,36.16754913330078,36.21251678466797,37.28634262084961,37.41109085083008,31.81818199157715,15.000000953674316,10,13.043478012084961,10,30.000001907348633,4.761904716491699,0,2.2376813888549805,8589934592,1073741824,5016977408,290652160
207,1771648901411,3504,3504,3504,3504,3504,3504,3504,3504,38.564510345458984,37.703556060791016,36.53157043457031,36.403316497802734,36.479949951171875,36.16754913330078,36.21251678466797,37.28634262084961,37.41109085083008,25,13.636363983154297,9.523809432983398,0,0,0,0,0,2.2376813888549805,8589934592,1073741824,5016928256,290652160
205,1771648901619,3504,3504,3504,3504,3504,3504,3504,3504,38.564510345458984,37.703556060791016,36.53157043457031,36.403316497802734,36.479949951171875,36.16754913330078,36.21251678466797,37.28634262084961,37.41109085083008,23.809524536132813,15.000000953674316,10,19.047618865966797,0,0,0,0,2.2376813888549805,8589934592,1073741824,5016944640,290652160
201,1771648901825,3504,3504,3504,3504,3504,3504,3504,3504,38.564510345458984,37.703556060791016,36.53157043457031,36.403316497802734,36.479949951171875,36.16754913330078,36.21251678466797,37.28634262084961,37.41109085083008,19.047618865966797,13.636363983154297,9.523809432983398,23.809524536132813,0,0,0,0,1.8705401420593262,8589934592,1073741824,5013831680,290652160
206,1771648902027,3504,3504,3504,3504,3504,3504,3504,3504,38.564510345458984,37.703556060791016,36.53157043457031,36.403316497802734,36.479949951171875,36.16754913330078,36.21251678466797,37.28634262084961,37.41109085083008,21.052631378173828,10.526315689086914,10,10,0,0,0,0,1.8705401420593262,8589934592,1073741824,5013766144,290652160
209,1771648902234,3504,3504,3504,3504,3504,3504,3504,3504,37.90212631225586,37.10438919067383,36.066795349121094,35.875885009765625,36.26620864868164,35.84550476074219,35.85686492919922,36.85800552368164,36.96628952026367,28.571430206298828,25,23.809524536132813,28.571430206298828,5,0,0,0,1.8705401420593262,8589934592,1073741824,5014831104,290652160
205,1771648902444,3504,3504,3504,3504,3504,3504,3504,3504,37.90212631225586,37.10438919067383,36.066795349121094,35.875885009765625,36.26620864868164,35.84550476074219,35.85686492919922,36.85800552368164,36.96628952026367,14.285715103149414,23.809524536132813,9.523809432983398,14.285715103149414,0,0,0,0,1.8705401420593262,8589934592,1073741824,5014814720,290652160
207,1771648902650,3504,3504,3504,3504,3504,3504,3504,3504,37.90212631225586,37.10438919067383,36.066795349121094,35.875885009765625,36.26620864868164,35.84550476074219,35.85686492919922,36.85800552368164,36.96628952026367,23.809524536132813,22.72727394104004,10,5,0,0,0,0,2.9420220851898193,8589934592,1073741824,5014814720,290652160
201,1771648902859,3504,3504,3504,3504,3504,3504,3504,3504,37.90212631225586,37.10438919067383,36.066795349121094,35.875885009765625,36.26620864868164,35.84550476074219,35.85686492919922,36.85800552368164,36.96628952026367,15.000000953674316,10.526315689086914,14.285715103149414,9.523809432983398,0,0,0,0,2.9420220851898193,8589934592,1073741824,5014814720,290652160
206,1771648903061,3504,3504,3504,3504,3504,3504,3504,3504,37.90212631225586,37.10438919067383,36.066795349121094,35.875885009765625,36.26620864868164,35.84550476074219,35.85686492919922,36.85800552368164,36.96628952026367,25,14.285715103149414,19.047618865966797,5.263157844543457,0,0,0,0,2.9420220851898193,8589934592,1073741824,5014847488,290652160
209,1771648903267,3504,3504,3504,3504,3504,3504,3504,3504,37.71381759643555,36.88145446777344,35.910423278808594,35.7348747253418,36.100826263427734,35.713531494140625,35.80805969238281,36.728187561035156,36.81291580200195,25,15.000000953674316,5.263157844543457,13.636363983154297,0,0,0,0,2.9420220851898193,8589934592,1073741824,5014896640,290652160
207,1771648903477,3504,3504,3504,3504,3504,3504,3504,3504,37.71381759643555,36.88145446777344,35.910423278808594,35.7348747253418,36.100826263427734,35.713531494140625,35.80805969238281,36.728187561035156,36.81291580200195,27.272727966308594,14.285715103149414,9.523809432983398,10,0,0,0,0,2.9420220851898193,8589934592,1073741824,5014913024,290652160
207,1771648903686,3504,3504,3504,3504,3504,3504,3504,3504,37.71381759643555,36.88145446777344,35.910423278808594,35.7348747253418,36.100826263427734,35.713531494140625,35.80805969238281,36.728187561035156,36.81291580200195,14.285715103149414,14.285715103149414,9.523809432983398,15.000000953674316,0,0,0,0,2.7192790508270264,8589934592,1073741824,5014913024,290652160
206,1771648903894,3504,3504,3504,3504,3504,3504,3504,3504,37.71381759643555,36.88145446777344,35.910423278808594,35.7348747253418,36.100826263427734,35.713531494140625,35.80805969238281,36.728187561035156,36.81291580200195,23.809524536132813,15.000000953674316,14.285715103149414,13.636363983154297,0,0,0,0,2.7192790508270264,8589934592,1073741824,5014880256,290652160
209,1771648904101,3504,3504,3504,3504,3504,3504,3504,3504,37.71381759643555,36.88145446777344,35.910423278808594,35.7348747253418,36.100826263427734,35.713531494140625,35.80805969238281,36.728187561035156,36.81291580200195,14.285715103149414,15.000000953674316,9.523809432983398,15.000000953674316,0,0,0,0,2.7192790508270264,8589934592,1073741824,5014847488,290652160
205,1771648904311,3504,3504,3504,3504,3504,3504,3504,3504,37.54861831665039,36.724124908447266,35.756935119628906,35.582244873046875,35.98125076293945,35.619503021240234,35.78839874267578,36.59062957763672,36.70981216430664,15.000000953674316,22.72727394104004,9.523809432983398,19.047618865966797,0,0,0,0,2.7192790508270264,8589934592,1073741824,5014814720,290652160
209,1771648904517,3504,3504,3504,3504,3504,3504,3504,3504,37.54861831665039,36.724124908447266,35.756935119628906,35.582244873046875,35.98125076293945,35.619503021240234,35.78839874267578,36.59062957763672,36.70981216430664,14.285715103149414,23.809524536132813,10,14.285715103149414,0,0,0,0,2.7192790508270264,8589934592,1073741824,5014437888,290652160
209,1771648904727,3504,3504,3504,3504,3504,3504,3504,3504,37.54861831665039,36.724124908447266,35.756935119628906,35.582244873046875,35.98125076293945,35.619503021240234,35.78839874267578,36.59062957763672,36.70981216430664,15.000000953674316,20,14.285715103149414,14.285715103149414,0,4.545454502105713,0,0,2.190786361694336,8589934592,1073741824,5014470656,290652160
206,1771648904937,3504,3504,3504,3504,3504,3504,3504,3504,37.54861831665039,36.724124908447266,35.756935119628906,35.582244873046875,35.98125076293945,35.619503021240234,35.78839874267578,36.59062957763672,36.70981216430664,19.047618865966797,14.285715103149414,4.761904716491699,4.761904716491699,0,0,0,0,2.190786361694336,8589934592,1073741824,5014470656,290652160
205,1771648905144,3504,3504,3504,3504,3504,3504,3504,3504,37.54861831665039,36.62095642089844,35.688697814941406,35.47443389892578,35.873680114746094,35.54077911376953,35.7667350769043,36.50828170776367,36.630794525146484,23.809524536132813,33.333335876464844,15.000000953674316,14.285715103149414,0,0,0,0,2.190786361694336,8589934592,1073741824,5014896640,290652160
209,1771648905350,3504,3504,3504,3504,3504,3504,3504,3504,37.43898010253906,36.62095642089844,35.688697814941406,35.47443389892578,35.873680114746094,35.54077911376953,35.7667350769043,36.50828170776367,36.630794525146484,20,19.047618865966797,15.000000953674316,9.523809432983398,4.761904716491699,5,0,4.761904716491699,2.190786361694336,8589934592,1073741824,5014913024,290652160
209,1771648905560,3504,3504,3504,3504,3504,3504,3504,3504,37.43898010253906,36.62095642089844,35.688697814941406,35.47443389892578,35.873680114746094,35.54077911376953,35.7667350769043,36.50828170776367,36.630794525146484,23.809524536132813,10,13.636363983154297,10,4.761904716491699,0,0,0,2.190786361694336,8589934592,1073741824,5014618112,290652160
206,1771648905770,3504,3504,3504,3504,3504,3504,3504,3504,37.43898010253906,36.62095642089844,35.688697814941406,35.47443389892578,35.873680114746094,35.54077911376953,35.7667350769043,36.50828170776367,36.630794525146484,19.047618865966797,10,9.523809432983398,14.285715103149414,0,0,0,0,2.1357262134552,8589934592,1073741824,5014634496,290652160
203,1771648905977,3504,3504,3504,3504,3504,3504,3504,3504,37.43898010253906,36.62095642089844,35.688697814941406,35.47443389892578,35.873680114746094,35.54077911376953,35.7667350769043,36.50828170776367,36.630794525146484,23.809524536132813,14.285715103149414,10,20,0,0,0,0,2.1357262134552,8589934592,1073741824,5014634496,290652160
201,1771648906182,3504,3504,3504,3504,3504,3504,3504,3504,37.46706008911133,36.6277961730957,35.69573211669922,35.471649169921875,35.880859375,35.54254150390625,35.715850830078125,36.47711944580078,36.6280517578125,25,15.000000953674316,14.285715103149414,19.047618865966797,0,0,0,0,2.1357262134552,8589934592,1073741824,5014634496,290652160
207,1771648906383,3504,3504,3504,3504,3504,3504,3504,3504,37.46706008911133,36.6277961730957,35.69573211669922,35.471649169921875,35.880859375,35.54254150390625,35.715850830078125,36.47711944580078,36.6280517578125,10,22.72727394104004,10,15.000000953674316,0,0,0,0,2.1357262134552,8589934592,1073741824,5014765568,290652160
201,1771648906592,3504,3504,3504,3504,3504,3504,3504,3504,37.46706008911133,36.6277961730957,35.69573211669922,35.471649169921875,35.880859375,35.54254150390625,35.715850830078125,36.47711944580078,36.6280517578125,15.000000953674316,15.789472579956055,10,23.809524536132813,0,0,0,0,2.1357262134552,8589934592,1073741824,5014601728,290652160
205,1771648906794,3504,3504,3504,3504,3504,3504,3504,3504,37.46706008911133,36.6277961730957,35.69573211669922,35.471649169921875,35.880859375,35.54254150390625,35.715850830078125,36.47711944580078,36.6280517578125,19.047618865966797,23.809524536132813,10,15.000000953674316,0,0,0,0,2.020461320877075,8589934592,1073741824,5014667264,290652160
200,1771648907000,3504,3504,3504,3504,3504,3504,3504,3504,37.46706008911133,36.6277961730957,35.69573211669922,35.471649169921875,35.880859375,35.54254150390625,35.715850830078125,36.47711944580078,36.6280517578125,10,20,9.523809432983398,15.000000953674316,0,0,0,0,2.020461320877075,8589934592,1073741824,5014585344,290652160
208,1771648907201,3504,3504,3504,3504,3504,3504,3504,3504,37.382110595703125,36.563636779785156,35.65364074707031,35.40765380859375,35.754364013671875,35.48632049560547,35.656272888183594,36.433624267578125,36.582889556884766,21.052631378173828,25,19.047618865966797,15.789472579956055,10,10,9.523809432983398,0,2.020461320877075,8589934592,1073741824,5016043520,290652160
209,1771648907411,3504,3504,3504,3504,3504,3504,3504,3504,37.382110595703125,36.563636779785156,35.65364074707031,35.40765380859375,35.754364013671875,35.48632049560547,35.656272888183594,36.433624267578125,36.582889556884766,14.285715103149414,28.571430206298828,10,13.043478012084961,0,0,0,0,2.020461320877075,8589934592,1073741824,5016059904,290652160
209,1771648907620,3504,3504,3504,3504,3504,3504,3504,3504,37.382110595703125,36.563636779785156,35.65364074707031,35.40765380859375,35.754364013671875,35.48632049560547,35.656272888183594,36.433624267578125,36.582889556884766,19.047618865966797,22.72727394104004,15.000000953674316,5.263157844543457,0,0,0,0,2.020461320877075,8589934592,1073741824,5016272896,290652160
209,1771648907831,3504,3504,3504,3504,3504,3504,3504,3504,37.382110595703125,36.563636779785156,35.65364074707031,35.40765380859375,35.754364013671875,35.48632049560547,35.656272888183594,36.433624267578125,36.582889556884766,19.047618865966797,10.526315689086914,9.523809432983398,4.761904716491699,0,0,0,4.545454502105713,2.031829833984375,8589934592,1073741824,5016272896,290652160
209,1771648908041,3504,3504,3504,3504,3504,3504,3504,3504,37.382110595703125,36.563636779785156,35.65364074707031,35.40765380859375,35.754364013671875,35.48632049560547,35.656272888183594,36.433624267578125,36.582889556884766,23.809524536132813,19.047618865966797,14.285715103149414,9.523809432983398,0,0,0,0,2.031829833984375,8589934592,1073741824,5016109056,290652160
207,1771648908250,3504,3504,3504,3504,3504,3504,3504,3504,37.300559997558594,36.50862503051758,35.618560791015625,35.38013458251953,35.770687103271484,35.44255447387695,35.667789459228516,36.418128967285156,36.54936218261719,19.047618865966797,28.571430206298828,13.636363983154297,9.523809432983398,0,0,0,0,2.031829833984375,8589934592,1073741824,5016109056,290652160
201,1771648908458,3504,3504,3504,3504,3504,3504,3504,3504,37.300559997558594,36.50862503051758,35.618560791015625,35.38013458251953,35.770687103271484,35.44255447387695,35.667789459228516,36.418128967285156,36.54936218261719,15.000000953674316,23.809524536132813,5,13.636363983154297,0,0,0,0,2.031829833984375,8589934592,1073741824,5016059904,290652160
209,1771648908661,3504,3504,3504,3504,3504,3504,3504,3504,37.300559997558594,36.50862503051758,35.618560791015625,35.38013458251953,35.770687103271484,35.44255447387695,35.667789459228516,36.418128967285156,36.54936218261719,10,30.000001907348633,10,5,0,0,0,0,2.8825876712799072,8589934592,1073741824,5016059904,290652160
199,1771648908871,3504,3504,3504,3504,3504,3504,3504,3504,37.300559997558594,36.50862503051758,35.618560791015625,35.38013458251953,35.770687103271484,35.44255447387695,35.667789459228516,36.418128967285156,36.54936218261719,27.272727966308594,23.809524536132813,14.285715103149414,10,0,0,0,0,2.8825876712799072,8589934592,1073741824,5016059904,290652160
208,1771648909071,3504,3504,3504,3504,3504,3504,3504,3504,37.300559997558594,36.50862503051758,35.618560791015625,35.38013458251953,35.770687103271484,35.44255447387695,35.667789459228516,36.418128967285156,36.54936218261719,15.000000953674316,25,10,5,0,0,0,0,2.8825876712799072,8589934592,1073741824,5016076288,290652160
207,1771648909280,3504,3504,3504,3504,3504,3504,3504,3504,37.16287612915039,36.39690399169922,35.51280212402344,35.32560729980469,35.554935455322266,35.354576110839844,35.56020736694336,36.339046478271484,36.39813995361328,15.000000953674316,28.571430206298828,14.285715103149414,14.285715103149414,0,0,0,0,2.8825876712799072,8589934592,1073741824,5016010752,290652160
201,1771648909488,3504,3504,3504,3504,3504,3504,3504,3504,37.16287612915039,36.39690399169922,35.51280212402344,35.32560729980469,35.554935455322266,35.354576110839844,35.56020736694336,36.339046478271484,36.39813995361328,14.285715103149414,20,19.047618865966797,4.761904716491699,0,0,0,0,2.8825876712799072,8589934592,1073741824,5015945216,290652160
209,1771648909691,3504,3504,3504,3504,3504,3504,3504,3504,37.16287612915039,36.39690399169922,35.51280212402344,35.32560729980469,35.554935455322266,35.354576110839844,35.56020736694336,36.339046478271484,36.39813995361328,15.000000953674316,23.809524536132813,15.789472579956055,5.263157844543457,0,0,0,0,2.838433265686035,8589934592,1073741824,5015961600,290652160
208,1771648909900,3504,3504,3504,3504,3504,3504,3504,3504,37.16287612915039,36.39690399169922,35.51280212402344,35.32560729980469,35.554935455322266,35.354576110839844,35.56020736694336,36.339046478271484,36.39813995361328,30.000001907348633,10,18.18181800842285,13.636363983154297,0,0,0,0,2.838433265686035,8589934592,1073741824,5015928832,290652160
209,1771648910108,3504,3504,3504,3504,3504,3504,3504,3504,37.16287612915039,36.39690399169922,35.51280212402344,35.32560729980469,35.554935455322266,35.354576110839844,35.56020736694336,36.339046478271484,36.39813995361328,31.81818199157715,18.18181800842285,5,5,0,0,0,0,2.838433265686035,8589934592,1073741824,5015879680,290652160
209,1771648910318,3504,3504,3504,3504,3504,3504,3504,3504,37.10110855102539,36.339202880859375,35.39793395996094,35.296234130859375,35.48066329956055,35.323326110839844,35.44856262207031,36.28695297241211,36.35900115966797,25,20,19.047618865966797,13.636363983154297,4.761904716491699,4.761904716491699,0,0,2.838433265686035,8589934592,1073741824,5015126016,290652160
208,1771648910528,3504,3504,3504,3504,3504,3504,3504,3504,37.10110855102539,36.339202880859375,35.39793395996094,35.296234130859375,35.48066329956055,35.323326110839844,35.44856262207031,36.28695297241211,36.35900115966797,23.809524536132813,18.18181800842285,14.285715103149414,19.047618865966797,4.545454502105713,4.545454502105713,0,0,2.838433265686035,8589934592,1073741824,5015126016,290652160
207,1771648910738,3504,3504,3504,3504,3504,3504,3504,3504,37.10110855102539,36.339202880859375,35.39793395996094,35.296234130859375,35.48066329956055,35.323326110839844,35.44856262207031,36.28695297241211,36.35900115966797,23.809524536132813,10,9.523809432983398,15.000000953674316,0,0,0,0,2.1010940074920654,8589934592,1073741824,5015273472,290652160
209,1771648910946,3504,3504,3504,3504,3504,3504,3504,3504,37.10110855102539,36.339202880859375,35.39793395996094,35.296234130859375,35.48066329956055,35.323326110839844,35.44856262207031,36.28695297241211,36.35900115966797,23.809524536132813,15.000000953674316,10,15.000000953674316,0,0,0,0,2.1010940074920654,8589934592,1073741824,5015158784,290652160
203,1771648911156,3504,3504,3504,3504,3504,3504,3504,3504,37.184234619140625,36.58615493774414,35.541717529296875,35.365760803222656,35.53171157836914,35.288169860839844,35.443809509277344,36.27104568481445,36.30071258544922,27.272727966308594,18.18181800842285,27.272727966308594,27.272727966308594,35,0,0,0,2.1010940074920654,8589934592,1073741824,5015568384,290652160
199,1771648911361,3504,3504,3504,3504,3504,3504,3504,3504,37.184234619140625,36.58615493774414,35.541717529296875,35.365760803222656,35.53171157836914,35.288169860839844,35.443809509277344,36.27104568481445,36.30071258544922,10.526315689086914,15.000000953674316,5.263157844543457,25,0,0,0,0,2.1010940074920654,8589934592,1073741824,5015568384,290652160
209,1771648911560,3504,3504,3504,3504,3504,3504,3504,3504,37.184234619140625,36.58615493774414,35.541717529296875,35.365760803222656,35.53171157836914,35.288169860839844,35.443809509277344,36.27104568481445,36.30071258544922,15.000000953674316,10.526315689086914,14.285715103149414,28.571430206298828,0,0,0,0,2.1010940074920654,8589934592,1073741824,5015273472,290652160
201,1771648911771,3504,3504,3504,3504,3504,3504,3504,3504,37.184234619140625,36.58615493774414,35.541717529296875,35.365760803222656,35.53171157836914,35.288169860839844,35.443809509277344,36.27104568481445,36.30071258544922,15.000000953674316,18.18181800842285,10,20,0,0,0,0,2.054741382598877,8589934592,1073741824,5015289856,290652160
204,1771648911972,3504,3504,3504,3504,3504,3504,3504,3504,37.184234619140625,36.58615493774414,35.541717529296875,35.365760803222656,35.53171157836914,35.288169860839844,35.443809509277344,36.27104568481445,36.30071258544922,19.047618865966797,10,15.000000953674316,10,0,0,0,0,2.054741382598877,8589934592,1073741824,5015306240,290652160
207,1771648912177,3504,3504,3504,3504,3504,3504,3504,3504,37.07963562011719,36.34446334838867,35.39603042602539,35.282405853271484,35.479469299316406,35.28257751464844,35.453975677490234,36.28953170776367,36.285858154296875,25,15.789472579956055,23.809524536132813,14.285715103149414,0,0,0,0,2.054741382598877,8589934592,1073741824,5012488192,290652160
208,1771648912385,3504,3504,3504,3504,3504,3504,3504,3504,37.07963562011719,36.34446334838867,35.39603042602539,35.282405853271484,35.479469299316406,35.28257751464844,35.453975677490234,36.28953170776367,36.285858154296875,20,13.636363983154297,19.047618865966797,5,0,0,0,0,2.054741382598877,8589934592,1073741824,5012488192,290652160
206,1771648912594,3504,3504,3504,3504,3504,3504,3504,3504,37.07963562011719,36.34446334838867,35.39603042602539,35.282405853271484,35.479469299316406,35.28257751464844,35.453975677490234,36.28953170776367,36.285858154296875,21.7391300201416,14.285715103149414,23.809524536132813,13.636363983154297,0,0,4.545454502105713,0,2.054741382598877,8589934592,1073741824,5012340736,290652160
207,1771648912800,3504,3504,3504,3504,3504,3504,3504,3504,37.07963562011719,36.34446334838867,35.39603042602539,35.282405853271484,35.479469299316406,35.28257751464844,35.453975677490234,36.28953170776367,36.285858154296875,15.000000953674316,15.000000953674316,19.047618865966797,5,0,0,0,0,1.9399828910827637,8589934592,1073741824,5012340736,290652160
201,1771648913008,3504,3504,3504,3504,3504,3504,3504,3504,37.07963562011719,36.34446334838867,35.39603042602539,35.282405853271484,35.479469299316406,35.28257751464844,35.453975677490234,36.28953170776367,36.285858154296875,15.000000953674316,25,20,10,0,0,0,0,1.9399828910827637,8589934592,1073741824,5012520960,290652160
206,1771648913211,3504,3504,3504,3504,3504,3504,3504,3504,36.963829040527344,36.21601486206055,35.248985290527344,35.13984298706055,35.36449432373047,35.18583679199219,35.318458557128906,36.17824935913086,36.15267562866211,15.000000953674316,19.047618865966797,15.789472579956055,9.523809432983398,0,0,0,0,1.9399828910827637,8589934592,1073741824,5012537344,290652160
209,1771648913418,3504,3504,3504,3504,3504,3504,3504,3504,36.963829040527344,36.21601486206055,35.248985290527344,35.13984298706055,35.36449432373047,35.18583679199219,35.318458557128906,36.17824935913086,36.15267562866211,19.047618865966797,25,18.18181800842285,10,0,0,0,0,1.9399828910827637,8589934592,1073741824,5012488192,290652160
209,1771648913627,3504,3504,3504,3504,3504,3504,3504,3504,36.963829040527344,36.21601486206055,35.248985290527344,35.13984298706055,35.36449432373047,35.18583679199219,35.318458557128906,36.17824935913086,36.15267562866211,19.047618865966797,22.72727394104004,20,9.523809432983398,0,0,0,0,1.9399828910827637,8589934592,1073741824,5012602880,290652160
209,1771648913838,3504,3504,3504,3504,3504,3504,3504,3504,36.963829040527344,36.21601486206055,35.248985290527344,35.13984298706055,35.36449432373047,35.18583679199219,35.318458557128906,36.17824935913086,36.15267562866211,14.285715103149414,15.000000953674316,14.285715103149414,9.523809432983398,0,0,0,0,2.409856081008911,8589934592,1073741824,5012635648,290652160
209,1771648914048,3504,3504,3504,3504,3504,3504,3504,3504,36.963829040527344,36.21601486206055,35.248985290527344,35.13984298706055,35.36449432373047,35.18583679199219,35.318458557128906,36.17824935913086,36.15267562866211,25,14.285715103149414,14.285715103149414,9.523809432983398,4.545454502105713,0,0,0,2.409856081008911,8589934592,1073741824,5012635648,290652160
209,1771648914258,3504,3504,3504,3504,3504,3504,3504,3504,37.025718688964844,36.23759460449219,35.257171630859375,35.129173278808594,35.34134292602539,35.158485412597656,35.32676696777344,36.13362503051758,36.1529541015625,19.047618865966797,14.285715103149414,15.000000953674316,14.285715103149414,19.047618865966797,14.285715103149414,4.761904716491699,4.761904716491699,2.409856081008911,8589934592,1073741824,5013635072,290652160
208,1771648914468,3504,3504,3504,3504,3504,3504,3504,3504,37.025718688964844,36.23759460449219,35.257171630859375,35.129173278808594,35.34134292602539,35.158485412597656,35.32676696777344,36.13362503051758,36.1529541015625,23.809524536132813,9.523809432983398,13.636363983154297,15.000000953674316,0,0,0,0,2.409856081008911,8589934592,1073741824,5013520384,290652160
209,1771648914677,3504,3504,3504,3504,3504,3504,3504,3504,37.025718688964844,36.23759460449219,35.257171630859375,35.129173278808594,35.34134292602539,35.158485412597656,35.32676696777344,36.13362503051758,36.1529541015625,20,28.571430206298828,14.285715103149414,18.18181800842285,0,0,0,0,2.8470077514648438,8589934592,1073741824,5013585920,290652160
208,1771648914887,3504,3504,3504,3504,3504,3504,3504,3504,37.025718688964844,36.23759460449219,35.257171630859375,35.129173278808594,35.34134292602539,35.158485412597656,35.32676696777344,36.13362503051758,36.1529541015625,14.285715103149414,25,9.523809432983398,9.523809432983398,0,0,0,0,2.8470077514648438,8589934592,1073741824,5013602304,290652160
207,1771648915096,3504,3504,3504,3504,3504,3504,3504,3504,37.025718688964844,36.23759460449219,35.257171630859375,35.129173278808594,35.34134292602539,35.158485412597656,35.32676696777344,36.13362503051758,36.1529541015625,14.285715103149414,25,10,5,0,0,0,0,2.8470077514648438,8589934592,1073741824,5013602304,290652160
209,1771648915303,3504,3504,3504,3504,3504,3504,3504,3504,36.98810958862305,36.187992095947266,35.230796813964844,35.076358795166016,35.310829162597656,35.14281463623047,35.28125762939453,36.09540557861328,36.105499267578125,28.571430206298828,27.272727966308594,14.285715103149414,14.285715103149414,0,0,0,0,2.8470077514648438,8589934592,1073741824,5013602304,290652160
202,1771648915513,3504,3504,3504,3504,3504,3504,3504,3504,36.98810958862305,36.187992095947266,35.230796813964844,35.076358795166016,35.310829162597656,35.14281463623047,35.28125762939453,36.09540557861328,36.105499267578125,23.809524536132813,19.047618865966797,18.18181800842285,9.523809432983398,0,0,0,0,2.8470077514648438,8589934592,1073741824,5013602304,290652160
208,1771648915717,3504,3504,3504,3504,3504,3504,3504,3504,36.98810958862305,36.187992095947266,35.230796813964844,35.076358795166016,35.310829162597656,35.14281463623047,35.28125762939453,36.09540557861328,36.105499267578125,10.526315689086914,15.000000953674316,5.263157844543457,15.000000953674316,0,0,0,0,2.550426483154297,8589934592,1073741824,5013569536,290652160
203,1771648915926,3504,3504,3504,3504,3504,3504,3504,3504,36.98810958862305,36.187992095947266,35.230796813964844,35.076358795166016,35.310829162597656,35.14281463623047,35.28125762939453,36.09540557861328,36.105499267578125,17.39130401611328,15.000000953674316,9.523809432983398,14.285715103149414,0,0,0,0,2.550426483154297,8589934592,1073741824,5013667840,290652160
206,1771648916129,3504,3504,3504,3504,3504,3504,3504,3504,36.98810958862305,36.187992095947266,35.230796813964844,35.076358795166016,35.310829162597656,35.14281463623047,35.28125762939453,36.09540557861328,36.105499267578125,15.789472579956055,25,5.263157844543457,15.000000953674316,4.761904716491699,0,0,0,2.550426483154297,8589934592,1073741824,5013602304,290652160
206,1771648916337,3504,3504,3504,3504,3504,3504,3504,3504,36.894622802734375,36.12677764892578,35.16371536254883,34.964691162109375,35.242618560791016,35.07032775878906,35.218727111816406,36.045101165771484,36.05271911621094,15.000000953674316,27.272727966308594,13.043478012084961,5,0,0,0,0,2.550426483154297,8589934592,1073741824,5013471232,290652160
206,1771648916544,3504,3504,3504,3504,3504,3504,3504,3504,36.894622802734375,36.12677764892578,35.16371536254883,34.964691162109375,35.242618560791016,35.07032775878906,35.218727111816406,36.045101165771484,36.05271911621094,19.047618865966797,21.052631378173828,10,9.523809432983398,0,0,0,0,2.550426483154297,8589934592,1073741824,5013471232,290652160
209,1771648916751,3504,3504,3504,3504,3504,3504,3504,3504,36.894622802734375,36.12677764892578,35.16371536254883,34.964691162109375,35.242618560791016,35.07032775878906,35.218727111816406,36.045101165771484,36.05271911621094,19.047618865966797,27.272727966308594,5,5,0,0,0,0,2.262906551361084,8589934592,1073741824,5013471232,290652160
209,1771648916960,3504,3504,3504,3504,3504,3504,3504,3504,36.894622802734375,36.12677764892578,35.16371536254883,34.964691162109375,35.242618560791016,35.07032775878906,35.218727111816406,36.045101165771484,36.05271911621094,15.000000953674316,25,14.285715103149414,17.39130401611328,0,0,0,0,2.262906551361084,8589934592,1073741824,5013487616,290652160
204,1771648917170,3504,3504,3504,3504,3504,3504,3504,3504,36.81666946411133,36.025779724121094,35.066200256347656,34.92353820800781,35.197200775146484,34.98234558105469,35.121971130371094,35.934349060058594,36.01382064819336,14.285715103149414,23.809524536132813,14.285715103149414,5,0,0,0,0,2.262906551361084,8589934592,1073741824,5013504000,290652160
209,1771648917375,3504,3504,3504,3504,3504,3504,3504,3504,36.81666946411133,36.025779724121094,35.066200256347656,34.92353820800781,35.197200775146484,34.98234558105469,35.121971130371094,35.934349060058594,36.01382064819336,10,28.571430206298828,9.523809432983398,9.523809432983398,0,0,0,0,2.262906551361084,8589934592,1073741824,5013307392,290652160
207,1771648917585,3504,3504,3504,3504,3504,3504,3504,3504,36.81666946411133,36.025779724121094,35.066200256347656,34.92353820800781,35.197200775146484,34.98234558105469,35.121971130371094,35.934349060058594,36.01382064819336,18.18181800842285,25,10,5,0,0,0,0,2.262906551361084,8589934592,1073741824,5013323776,290652160
206,1771648917794,3504,3504,3504,3504,3504,3504,3504,3504,36.81666946411133,36.025779724121094,35.066200256347656,34.92353820800781,35.197200775146484,34.98234558105469,35.121971130371094,35.934349060058594,36.01382064819336,20,19.047618865966797,9.523809432983398,9.523809432983398,0,0,0,0,1.859475016593933,8589934592,1073741824,5013323776,290652160
209,1771648918001,3504,3504,3504,3504,3504,3504,3504,3504,36.81666946411133,36.025779724121094,35.066200256347656,34.92353820800781,35.197200775146484,34.98234558105469,35.121971130371094,35.934349060058594,36.01382064819336,20,23.809524536132813,14.285715103149414,9.523809432983398,0,0,0,4.545454502105713,1.859475016593933,8589934592,1073741824,5013143552,290652160
209,1771648918211,3504,3504,3504,3504,3504,3504,3504,3504,36.773780822753906,36.006797790527344,34.983131408691406,34.90663146972656,35.17274475097656,34.93479919433594,35.08879852294922,35.88600540161133,35.9481315612793,22.72727394104004,19.047618865966797,5,9.523809432983398,0,0,0,0,1.859475016593933,8589934592,1073741824,5013159936,290652160
209,1771648918421,3504,3504,3504,3504,3504,3504,3504,3504,36.773780822753906,36.006797790527344,34.983131408691406,34.90663146972656,35.17274475097656,34.93479919433594,35.08879852294922,35.88600540161133,35.9481315612793,20,19.047618865966797,9.523809432983398,4.761904716491699,0,0,0,0,1.859475016593933,8589934592,1073741824,5013159936,290652160
202,1771648918631,3504,3504,3504,3504,3504,3504,3504,3504,36.773780822753906,36.006797790527344,34.983131408691406,34.90663146972656,35.17274475097656,34.93479919433594,35.08879852294922,35.88600540161133,35.9481315612793,27.272727966308594,19.047618865966797,14.285715103149414,5,0,0,0,0,1.859475016593933,8589934592,1073741824,5013176320,290652160
207,1771648918834,3504,3504,3504,3504,3504,3504,3504,3504,36.773780822753906,36.006797790527344,34.983131408691406,34.90663146972656,35.17274475097656,34.93479919433594,35.08879852294922,35.88600540161133,35.9481315612793,20,20,14.285715103149414,15.000000953674316,0,0,0,0,2.6058666706085205,8589934592,1073741824,5013405696,290652160
201,1771648919042,3504,3504,3504,3504,3504,3504,3504,3504,36.773780822753906,36.006797790527344,34.983131408691406,34.90663146972656,35.17274475097656,34.93479919433594,35.08879852294922,35.88600540161133,35.9481315612793,28.571430206298828,20,10,14.285715103149414,0,0,0,0,2.6058666706085205,8589934592,1073741824,5013405696,290652160
209,1771648919244,3504,3504,3504,3504,3504,3504,3504,3504,36.73001480102539,36.028717041015625,34.937034606933594,34.88318634033203,35.147647857666016,34.8911018371582,35.025718688964844,35.836875915527344,35.89632797241211,25,15.000000953674316,10,5,0,0,0,0,2.6058666706085205,8589934592,1073741824,5013536768,290652160
208,1771648919454,3504,3504,3504,3504,3504,3504,3504,3504,36.73001480102539,36.028717041015625,34.937034606933594,34.88318634033203,35.147647857666016,34.8911018371582,35.025718688964844,35.836875915527344,35.89632797241211,15.000000953674316,31.81818199157715,14.285715103149414,9.523809432983398,0,0,0,0,2.6058666706085205,8589934592,1073741824,5013536768,290652160
209,1771648919663,3504,3504,3504,3504,3504,3504,3504,3504,36.73001480102539,36.028717041015625,34.937034606933594,34.88318634033203,35.147647857666016,34.8911018371582,35.025718688964844,35.836875915527344,35.89632797241211,23.809524536132813,20,9.523809432983398,9.523809432983398,0,0,0,0,2.2157669067382813,8589934592,1073741824,5013553152,290652160
209,1771648919873,3504,3504,3504,3504,3504,3504,3504,3504,36.73001480102539,36.028717041015625,34.937034606933594,34.88318634033203,35.147647857666016,34.8911018371582,35.025718688964844,35.836875915527344,35.89632797241211,19.047618865966797,19.047618865966797,10,4.761904716491699,0,0,0,0,2.2157669067382813,8589934592,1073741824,5013454848,290652160
208,1771648920083,3504,3504,3504,3504,3504,3504,3504,3504,36.73001480102539,36.028717041015625,34.937034606933594,34.88318634033203,35.147647857666016,34.8911018371582,35.025718688964844,35.836875915527344,35.89632797241211,28.571430206298828,28.571430206298828,22.72727394104004,22.72727394104004,0,0,0,0,2.2157669067382813,8589934592,1073741824,5021646848,290652160
204,1771648920292,3504,3504,3504,3504,3504,3504,3504,3504,36.71949768066406,36.00548553466797,34.89030456542969,34.85428237915039,35.13717269897461,34.8486328125,34.94496536254883,35.80152893066406,35.88117218017578,23.809524536132813,15.000000953674316,10,5,0,0,0,0,2.2157669067382813,8589934592,1073741824,5020729344,290652160
204,1771648920496,3504,3504,3504,3504,3504,3504,3504,3504,36.71949768066406,36.00548553466797,34.89030456542969,34.85428237915039,35.13717269897461,34.8486328125,34.94496536254883,35.80152893066406,35.88117218017578,21.052631378173828,23.809524536132813,20,20,20,19.047618865966797,15.000000953674316,15.000000953674316,2.2157669067382813,8589934592,1073741824,5020794880,290652160
209,1771648920701,3504,3504,3504,3504,3504,3504,3504,3504,36.71949768066406,36.00548553466797,34.89030456542969,34.85428237915039,35.13717269897461,34.8486328125,34.94496536254883,35.80152893066406,35.88117218017578,23.809524536132813,19.047618865966797,14.285715103149414,15.000000953674316,0,0,0,0,2.008916139602661,8589934592,1073741824,5020286976,290652160
200,1771648920910,3504,3504,3504,3504,3504,3504,3504,3504,36.71949768066406,36.00548553466797,34.89030456542969,34.85428237915039,35.13717269897461,34.8486328125,34.94496536254883,35.80152893066406,35.88117218017578,14.285715103149414,15.000000953674316,9.523809432983398,19.047618865966797,0,0,0,0,2.008916139602661,8589934592,1073741824,5020319744,290652160
209,1771648921111,3504,3504,3504,3504,3504,3504,3504,3504,36.71949768066406,36.00548553466797,34.89030456542969,34.85428237915039,35.13717269897461,34.8486328125,34.94496536254883,35.80152893066406,35.88117218017578,20,28.571430206298828,10.526315689086914,20,15.000000953674316,0,0,0,2.008916139602661,8589934592,1073741824,5020827648,290652160
205,1771648921321,3504,3504,3504,3504,3504,3504,3504,3504,37.17529296875,36.5441780090332,35.388389587402344,35.240638732910156,35.32756423950195,35.222415924072266,35.353328704833984,36.224327087402344,36.26292037963867,23.809524536132813,20,19.047618865966797,23.809524536132813,19.047618865966797,0,0,0,2.008916139602661,8589934592,1073741824,5020778496,290652160
209,1771648921527,3504,3504,3504,3504,3504,3504,3504,3504,37.17529296875,36.5441780090332,35.388389587402344,35.240638732910156,35.32756423950195,35.222415924072266,35.353328704833984,36.224327087402344,36.26292037963867,14.285715103149414,14.285715103149414,13.636363983154297,27.272727966308594,0,0,0,0,2.008916139602661,8589934592,1073741824,5020778496,290652160
206,1771648921737,3504,3504,3504,3504,3504,3504,3504,3504,37.17529296875,36.5441780090332,35.388389587402344,35.240638732910156,35.32756423950195,35.222415924072266,35.353328704833984,36.224327087402344,36.26292037963867,15.000000953674316,14.285715103149414,5,25,0,0,0,0,1.986343502998352,8589934592,1073741824,5020598272,290652160
203,1771648921944,3504,3504,3504,3504,3504,3504,3504,3504,37.17529296875,36.5441780090332,35.388389587402344,35.240638732910156,35.32756423950195,35.222415924072266,35.353328704833984,36.224327087402344,36.26292037963867,19.047618865966797,15.000000953674316,14.285715103149414,20,0,0,0,0,1.986343502998352,8589934592,1073741824,5020614656,290652160
202,1771648922148,3504,3504,3504,3504,3504,3504,3504,3504,36.82309341430664,36.064823150634766,35.04655456542969,34.966522216796875,35.2026252746582,34.937217712402344,35.07832717895508,35.91873550415039,35.969417572021484,25,21.052631378173828,20,33.333335876464844,0,0,0,0,1.986343502998352,8589934592,1073741824,5021532160,290652160
209,1771648922351,3504,3504,3504,3504,3504,3504,3504,3504,36.82309341430664,36.064823150634766,35.04655456542969,34.966522216796875,35.2026252746582,34.937217712402344,35.07832717895508,35.91873550415039,35.969417572021484,15.000000953674316,27.272727966308594,20,15.000000953674316,5.263157844543457,5,5,0,1.986343502998352,8589934592,1073741824,5023711232,290652160
205,1771648922561,3504,3504,3504,3504,3504,3504,3504,3504,36.82309341430664,36.064823150634766,35.04655456542969,34.966522216796875,35.2026252746582,34.937217712402344,35.07832717895508,35.91873550415039,35.969417572021484,19.047618865966797,15.000000953674316,14.285715103149414,4.761904716491699,0,0,0,0,1.986343502998352,8589934592,1073741824,5023711232,290652160
209,1771648922767,3504,3504,3504,3504,3504,3504,3504,3504,36.82309341430664,36.064823150634766,35.04655456542969,34.966522216796875,35.2026252746582,34.937217712402344,35.07832717895508,35.91873550415039,35.969417572021484,28.571430206298828,15.000000953674316,5,0,0,0,0,0,2.5029637813568115,8589934592,1073741824,5023711232,290652160
206,1771648922977,3504,3504,3504,3504,3504,3504,3504,3504,36.82309341430664,36.064823150634766,35.04655456542969,34.966522216796875,35.2026252746582,34.937217712402344,35.07832717895508,35.91873550415039,35.969417572021484,33.333335876464844,18.18181800842285,14.285715103149414,18.18181800842285,0,0,0,0,2.5029637813568115,8589934592,1073741824,5023825920,290652160
209,1771648923184,3504,3504,3504,3504,3504,3504,3504,3504,36.752113342285156,35.94312286376953,34.945579528808594,34.870826721191406,35.13874816894531,34.881019592285156,35.025856018066406,35.8489990234375,35.89297866821289,25,10.526315689086914,14.285715103149414,9.523809432983398,0,0,0,0,2.5029637813568115,8589934592,1073741824,5023858688,290652160
209,1771648923394,3504,3504,3504,3504,3504,3504,3504,3504,36.752113342285156,35.94312286376953,34.945579528808594,34.870826721191406,35.13874816894531,34.881019592285156,35.025856018066406,35.8489990234375,35.89297866821289,23.809524536132813,14.285715103149414,14.285715103149414,14.285715103149414,0,0,0,0,2.5029637813568115,8589934592,1073741824,5023858688,290652160
205,1771648923604,3504,3504,3504,3504,3504,3504,3504,3504,36.752113342285156,35.94312286376953,34.945579528808594,34.870826721191406,35.13874816894531,34.881019592285156,35.025856018066406,35.8489990234375,35.89297866821289,19.047618865966797,13.636363983154297,9.523809432983398,19.047618865966797,4.545454502105713,0,4.545454502105713,0,2.5029637813568115,8589934592,1073741824,5023858688,290652160
205,1771648923810,3504,3504,3504,3504,3504,3504,3504,3504,36.752113342285156,35.94312286376953,34.945579528808594,34.870826721191406,35.13874816894531,34.881019592285156,35.025856018066406,35.8489990234375,35.89297866821289,14.285715103149414,20,10,15.000000953674316,0,0,0,0,2.2288498878479004,8589934592,1073741824,5023875072,290652160
209,1771648924016,3504,3504,3504,3504,3504,3504,3504,3504,36.752113342285156,35.94312286376953,34.945579528808594,34.870826721191406,35.13874816894531,34.881019592285156,35.025856018066406,35.8489990234375,35.89297866821289,15.000000953674316,23.809524536132813,9.523809432983398,19.047618865966797,0,0,0,0,2.2288498878479004,8589934592,1073741824,5023875072,290652160
204,1771648924227,3504,3504,3504,3504,3504,3504,3504,3504,36.67048263549805,35.82639694213867,34.849029541015625,34.76502227783203,35.09331130981445,34.78709030151367,34.863685607910156,35.73952865600586,35.814640045166016,19.047618865966797,19.047618865966797,9.523809432983398,14.285715103149414,0,0,0,0,2.2288498878479004,8589934592,1073741824,5023793152,290652160
209,1771648924432,3504,3504,3504,3504,3504,3504,3504,3504,36.67048263549805,35.82639694213867,34.849029541015625,34.76502227783203,35.09331130981445,34.78709030151367,34.863685607910156,35.73952865600586,35.814640045166016,14.285715103149414,15.000000953674316,5,14.285715103149414,0,0,0,0,2.2288498878479004,8589934592,1073741824,5023793152,290652160
207,1771648924642,3504,3504,3504,3504,3504,3504,3504,3504,36.67048263549805,35.82639694213867,34.849029541015625,34.76502227783203,35.09331130981445,34.78709030151367,34.863685607910156,35.73952865600586,35.814640045166016,10,23.809524536132813,14.285715103149414,15.000000953674316,0,0,0,0,2.423065185546875,8589934592,1073741824,5023629312,290652160
209,1771648924849,3504,3504,3504,3504,3504,3504,3504,3504,36.67048263549805,35.82639694213867,34.849029541015625,34.76502227783203,35.09331130981445,34.78709030151367,34.863685607910156,35.73952865600586,35.814640045166016,20,25,14.285715103149414,20,0,0,0,0,2.423065185546875,8589934592,1073741824,5023645696,290652160
200,1771648925059,3504,3504,3504,3504,3504,3504,3504,3504,36.67048263549805,35.82639694213867,34.849029541015625,34.76502227783203,35.09331130981445,34.78709030151367,34.863685607910156,35.73952865600586,35.814640045166016,18.18181800842285,27.272727966308594,23.809524536132813,9.523809432983398,0,0,0,0,2.423065185546875,8589934592,1073741824,5023678464,290652160
209,1771648925260,3504,3504,3504,3504,3504,3504,3504,3504,36.617156982421875,35.7672119140625,34.82341003417969,34.675323486328125,35.05813980102539,34.7166748046875,34.80370330810547,35.66916275024414,35.764007568359375,15.000000953674316,15.789472579956055,15.789472579956055,9.523809432983398,0,0,0,0,2.423065185546875,8589934592,1073741824,5023547392,290652160
208,1771648925470,3504,3504,3504,3504,3504,3504,3504,3504,36.617156982421875,35.7672119140625,34.82341003417969,34.675323486328125,35.05813980102539,34.7166748046875,34.80370330810547,35.66916275024414,35.764007568359375,15.000000953674316,22.72727394104004,14.285715103149414,5,0,0,4.761904716491699,0,2.423065185546875,8589934592,1073741824,5023481856,290652160
201,1771648925679,3504,3504,3504,3504,3504,3504,3504,3504,36.617156982421875,35.7672119140625,34.82341003417969,34.675323486328125,35.05813980102539,34.7166748046875,34.80370330810547,35.66916275024414,35.764007568359375,15.000000953674316,23.809524536132813,18.18181800842285,13.636363983154297,0,0,0,0,1.9980639219284058,8589934592,1073741824,5023481856,290652160
203,1771648925881,3504,3504,3504,3504,3504,3504,3504,3504,36.617156982421875,35.7672119140625,34.82341003417969,34.675323486328125,35.05813980102539,34.7166748046875,34.80370330810547,35.66916275024414,35.764007568359375,19.047618865966797,21.052631378173828,15.000000953674316,5.263157844543457,0,0,0,0,1.9980639219284058,8589934592,1073741824,5023350784,290652160
207,1771648926085,3504,3504,3504,3504,3504,3504,3504,3504,36.617156982421875,35.7672119140625,34.82341003417969,34.675323486328125,35.05813980102539,34.7166748046875,34.80370330810547,35.66916275024414,35.764007568359375,23.809524536132813,23.809524536132813,10.526315689086914,9.523809432983398,0,0,0,0,1.9980639219284058,8589934592,1073741824,5023350784,290652160
205,1771648926294,3504,3504,3504,3504,3504,3504,3504,3504,36.668968200683594,35.77193832397461,34.831512451171875,34.67848205566406,35.05632019042969,34.71669006347656,34.813804626464844,35.693328857421875,35.733009338378906,15.000000953674316,23.809524536132813,14.285715103149414,9.523809432983398,9.523809432983398,5,4.761904716491699,4.545454502105713,1.9980639219284058,8589934592,1073741824,5023596544,290652160
207,1771648926500,3504,3504,3504,3504,3504,3504,3504,3504,36.668968200683594,35.77193832397461,34.831512451171875,34.67848205566406,35.05632019042969,34.71669006347656,34.813804626464844,35.693328857421875,35.733009338378906,20,20,9.523809432983398,9.523809432983398,0,0,0,0,1.9980639219284058,8589934592,1073741824,5023907840,290652160
201,1771648926708,3504,3504,3504,3504,3504,3504,3504,3504,36.668968200683594,35.77193832397461,34.831512451171875,34.67848205566406,35.05632019042969,34.71669006347656,34.813804626464844,35.693328857421875,35.733009338378906,23.809524536132813,19.047618865966797,10,15.000000953674316,0,0,0,0,2.375884532928467,8589934592,1073741824,5023924224,290652160
201,1771648926910,3504,3504,3504,3504,3504,3504,3504,3504,36.668968200683594,35.77193832397461,34.831512451171875,34.67848205566406,35.05632019042969,34.71669006347656,34.813804626464844,35.693328857421875,35.733009338378906,20,20,14.285715103149414,10,0,0,0,0,2.375884532928467,8589934592,1073741824,5023924224,290652160
209,1771648927113,3504,3504,3504,3504,3504,3504,3504,3504,36.668968200683594,35.77193832397461,34.831512451171875,34.67848205566406,35.05632019042969,34.71669006347656,34.813804626464844,35.693328857421875,35.733009338378906,20,25,15.000000953674316,15.000000953674316,0,0,0,0,2.375884532928467,8589934592,1073741824,5023940608,290652160
204,1771648927323,3504,3504,3504,3504,3504,3504,3504,3504,36.61310577392578,35.71397399902344,34.80921936035156,34.639427185058594,35.0478630065918,34.66097640991211,34.80006408691406,35.643089294433594,35.70330810546875,28.571430206298828,40,42.85714340209961,23.809524536132813,0,0,0,0,2.375884532928467,8589934592,1073741824,5023973376,290652160
209,1771648927527,3504,3504,3504,3504,3504,3504,3504,3504,36.61310577392578,35.71397399902344,34.80921936035156,34.639427185058594,35.0478630065918,34.66097640991211,34.80006408691406,35.643089294433594,35.70330810546875,20,14.285715103149414,10.526315689086914,10,0,0,0,0,2.375884532928467,8589934592,1073741824,5024006144,290652160
205,1771648927737,3504,3504,3504,3504,3504,3504,3504,3504,36.61310577392578,35.71397399902344,34.80921936035156,34.639427185058594,35.0478630065918,34.66097640991211,34.80006408691406,35.643089294433594,35.70330810546875,33.333335876464844,14.285715103149414,14.285715103149414,13.636363983154297,0,0,0,0,2.148200035095215,8589934592,1073741824,5024006144,290652160
206,1771648927944,3504,3504,3504,3504,3504,3504,3504,3504,36.61310577392578,35.71397399902344,34.80921936035156,34.639427185058594,35.0478630065918,34.66097640991211,34.80006408691406,35.643089294433594,35.70330810546875,28.571430206298828,14.285715103149414,13.636363983154297,5.263157844543457,0,0,0,0,2.148200035095215,8589934592,1073741824,5023891456,290652160
209,1771648928151,3504,3504,3504,3504,3504,3504,3504,3504,36.54691696166992,35.6424674987793,34.7583122253418,34.551048278808594,35.005088806152344,34.63682556152344,34.70130157470703,35.58905029296875,35.65428161621094,33.333335876464844,10,19.047618865966797,13.636363983154297,0,0,0,0,2.148200035095215,8589934592,1073741824,5023924224,290652160
203,1771648928361,3504,3504,3504,3504,3504,3504,3504,3504,36.54691696166992,35.6424674987793,34.7583122253418,34.551048278808594,35.005088806152344,34.63682556152344,34.70130157470703,35.58905029296875,35.65428161621094,23.809524536132813,15.000000953674316,10,4.761904716491699,0,0,0,0,2.148200035095215,8589934592,1073741824,5023940608,290652160
205,1771648928564,3504,3504,3504,3504,3504,3504,3504,3504,36.54691696166992,35.6424674987793,34.7583122253418,34.551048278808594,35.005088806152344,34.63682556152344,34.70130157470703,35.58905029296875,35.65428161621094,26.3157901763916,18.18181800842285,5,10,0,0,0,0,2.148200035095215,8589934592,1073741824,5023956992,290652160
205,1771648928771,3504,3504,3504,3504,3504,3504,3504,3504,36.54691696166992,35.6424674987793,34.7583122253418,34.551048278808594,35.005088806152344,34.63682556152344,34.70130157470703,35.58905029296875,35.65428161621094,28.571430206298828,15.000000953674316,19.047618865966797,5,0,0,0,0,2.3882460594177246,8589934592,1073741824,5023940608,290652160
201,1771648928977,3504,3504,3504,3504,3504,3504,3504,3504,36.54691696166992,35.6424674987793,34.7583122253418,34.551048278808594,35.005088806152344,34.63682556152344,34.70130157470703,35.58905029296875,35.65428161621094,20,15.000000953674316,10,5,0,0,0,0,2.3882460594177246,8589934592,1073741824,5023924224,290652160
203,1771648929179,3504,3504,3504,3504,3504,3504,3504,3504,36.53218078613281,35.59257888793945,34.68293762207031,34.507781982421875,35.00688171386719,34.578514099121094,34.66817092895508,35.56171798706055,35.62628173828125,35,30.000001907348633,23.809524536132813,23.809524536132813,0,4.761904716491699,0,0,2.3882460594177246,8589934592,1073741824,5024759808,290652160
200,1771648929384,3504,3504,3504,3504,3504,3504,3504,3504,36.53218078613281,35.59257888793945,34.68293762207031,34.507781982421875,35.00688171386719,34.578514099121094,34.66817092895508,35.56171798706055,35.62628173828125,28.571430206298828,19.047618865966797,10,10,0,0,0,0,2.3882460594177246,8589934592,1073741824,5024956416,290652160
9,1771648929584,3504,3504,3504,3504,3504,3504,3504,3504,36.53218078613281,35.59257888793945,34.68293762207031,34.507781982421875,35.00688171386719,34.578514099121094,34.66817092895508,35.56171798706055,35.62628173828125,15.789472579956055,20,15.000000953674316,9.523809432983398,0,0,0,0,2.3882460594177246,8589934592,1073741824,5024120832,290652160
