Delta,Time,CPU_FREQUENCY_0,CPU_FREQUENCY_1,CPU_FREQUENCY_2,CPU_FREQUENCY_3,CPU_FREQUENCY_4,CPU_FREQUENCY_5,CPU_FREQUENCY_6,CPU_FREQUENCY_7,CPU_TEMP_0,CPU_TEMP_1,CPU_TEMP_2,CPU_TEMP_3,CPU_TEMP_4,CPU_TEMP_5,CPU_TEMP_6,CPU_TEMP_7,CPU_TEMP_8,CPU_USAGE_0,CPU_USAGE_1,CPU_USAGE_2,CPU_USAGE_3,CPU_USAGE_4,CPU_USAGE_5,CPU_USAGE_6,CPU_USAGE_7,SYSTEM_POWER (Watts),TOTAL_MEMORY,TOTAL_SWAP,USED_MEMORY,USED_SWAP
0,1771639216780,3504,3504,3504,3504,3504,3504,3504,3504,50.58354568481445,49.79217529296875,48.89820098876953,48.60181427001953,48.980655670166016,48.75495147705078,48.46107482910156,49.62995147705078,49.83176040649414,NaN,0,0,0,0,0,0,0,2.791891098022461,8589934592,1073741824,5292392448,307429376
209,1771639216781,3504,3504,3504,3504,3504,3504,3504,3504,50.58354568481445,49.79217529296875,48.89820098876953,48.60181427001953,48.980655670166016,48.75495147705078,48.46107482910156,49.62995147705078,49.83176040649414,50,0,0,0,0,NaN,0,50,2.791891098022461,8589934592,1073741824,5292392448,307429376
209,1771639216991,3504,3504,3504,3504,3504,3504,3504,3504,50.58354568481445,49.79217529296875,48.89820098876953,48.60181427001953,48.980655670166016,48.75495147705078,48.46107482910156,49.62995147705078,49.83176040649414,19.047618865966797,14.285715103149414,9.523809432983398,14.285715103149414,0,0,0,0,2.791891098022461,8589934592,1073741824,5292392448,307429376
209,1771639217201,3504,3504,3504,3504,3504,3504,3504,3504,49.674373626708984,48.90270233154297,47.796112060546875,47.589622497558594,47.64041519165039,47.661033630371094,47.325775146484375,48.52763366699219,48.6840705871582,25,14.285715103149414,13.636363983154297,10,0,0,0,0,2.791891098022461,8589934592,1073741824,5292392448,307429376
209,1771639217411,3504,3504,3504,3504,3504,3504,3504,3504,49.674373626708984,48.90270233154297,47.796112060546875,47.589622497558594,47.64041519165039,47.661033630371094,47.325775146484375,48.52763366699219,48.6840705871582,23.809524536132813,10,5,9.090909004211426,10,4.761904716491699,4.545454502105713,0,2.791891098022461,8589934592,1073741824,5292539904,307429376
207,1771639217620,3504,3504,3504,3504,3504,3504,3504,3504,49.674373626708984,48.90270233154297,47.796112060546875,47.589622497558594,47.64041519165039,47.661033630371094,47.325775146484375,48.52763366699219,48.6840705871582,27.272727966308594,19.047618865966797,9.523809432983398,4.761904716491699,33.333335876464844,14.285715103149414,0,0,2.791891098022461,8589934592,1073741824,5309120512,307429376
209,1771639217828,3504,3504,3504,3504,3504,3504,3504,3504,49.674373626708984,48.90270233154297,47.796112060546875,47.589622497558594,47.64041519165039,47.661033630371094,47.325775146484375,48.52763366699219,48.6840705871582,10,9.090909004211426,5,0,14.285715103149414,5,4.761904716491699,4.545454502105713,2.3967676162719727,8589934592,1073741824,5308956672,307429376
209,1771639218038,3504,3504,3504,3504,3504,3504,3504,3504,49.674373626708984,48.90270233154297,47.796112060546875,47.589622497558594,47.64041519165039,47.661033630371094,47.325775146484375,48.52763366699219,48.6840705871582,23.809524536132813,10.526315689086914,18.18181800842285,9.523809432983398,25,23.809524536132813,20,5,2.3967676162719727,8589934592,1073741824,5078302720,307429376
209,1771639218248,3504,3504,3504,3504,3504,3504,3504,3504,48.82691192626953,48.495513916015625,47.07109069824219,46.83598327636719,46.67588424682617,46.663604736328125,46.243499755859375,47.36248016357422,47.520668029785156,15.000000953674316,14.285715103149414,10,9.090909004211426,4.545454502105713,0,0,4.545454502105713,2.3967676162719727,8589934592,1073741824,5082185728,307429376
203,1771639218458,3504,3504,3504,3504,3504,3504,3504,3504,48.82691192626953,48.495513916015625,47.07109069824219,46.83598327636719,46.67588424682617,46.663604736328125,46.243499755859375,47.36248016357422,47.520668029785156,14.285715103149414,14.285715103149414,14.285715103149414,5,0,0,0,0,2.3967676162719727,8589934592,1073741824,5082185728,307429376
209,1771639218661,3504,3504,3504,3504,3504,3504,3504,3504,48.82691192626953,48.495513916015625,47.07109069824219,46.83598327636719,46.67588424682617,46.663604736328125,46.243499755859375,47.36248016357422,47.520668029785156,20,23.809524536132813,15.000000953674316,14.285715103149414,0,0,0,0,2.7449121475219727,8589934592,1073741824,5081612288,307429376
209,1771639218871,3504,3504,3504,3504,3504,3504,3504,3504,48.82691192626953,48.495513916015625,47.07109069824219,46.83598327636719,46.67588424682617,46.663604736328125,46.243499755859375,47.36248016357422,47.520668029785156,18.18181800842285,15.000000953674316,22.72727394104004,5,0,0,0,0,2.7449121475219727,8589934592,1073741824,5081792512,307429376
209,1771639219081,3504,3504,3504,3504,3504,3504,3504,3504,48.82691192626953,48.495513916015625,47.07109069824219,46.83598327636719,46.67588424682617,46.663604736328125,46.243499755859375,47.36248016357422,47.520668029785156,23.809524536132813,23.809524536132813,10.526315689086914,14.285715103149414,4.545454502105713,0,4.545454502105713,0,2.7449121475219727,8589934592,1073741824,5081858048,307429376
209,1771639219291,3504,3504,3504,3504,3504,3504,3504,3504,46.766197204589844,46.50007629394531,45.249595642089844,45.05339050292969,45.43601608276367,45.71595764160156,45.04362487792969,46.16171646118164,46.21525573730469,15.000000953674316,23.809524536132813,13.636363983154297,9.090909004211426,0,0,0,0,2.7449121475219727,8589934592,1073741824,5083152384,307429376
208,1771639219501,3504,3504,3504,3504,3504,3504,3504,3504,46.766197204589844,46.50007629394531,45.249595642089844,45.05339050292969,45.43601608276367,45.71595764160156,45.04362487792969,46.16171646118164,46.21525573730469,23.809524536132813,27.272727966308594,10,5,0,0,0,0,2.7449121475219727,8589934592,1073741824,5083234304,307429376
209,1771639219710,3504,3504,3504,3504,3504,3504,3504,3504,46.766197204589844,46.50007629394531,45.249595642089844,45.05339050292969,45.43601608276367,45.71595764160156,45.04362487792969,46.16171646118164,46.21525573730469,20,20,18.18181800842285,14.285715103149414,0,0,0,0,3.027886390686035,8589934592,1073741824,5083103232,307429376
200,1771639219920,3504,3504,3504,3504,3504,3504,3504,3504,46.766197204589844,46.50007629394531,45.249595642089844,45.05339050292969,45.43601608276367,45.71595764160156,45.04362487792969,46.16171646118164,46.21525573730469,13.636363983154297,15.000000953674316,15.000000953674316,9.090909004211426,0,0,0,0,3.027886390686035,8589934592,1073741824,5083103232,307429376
209,1771639220121,3504,3504,3504,3504,3504,3504,3504,3504,46.766197204589844,46.50007629394531,45.249595642089844,45.05339050292969,45.43601608276367,45.71595764160156,45.04362487792969,46.16171646118164,46.21525573730469,15.000000953674316,14.285715103149414,25,5.263157844543457,0,0,0,0,3.027886390686035,8589934592,1073741824,5083103232,307429376
203,1771639220331,3504,3504,3504,3504,3504,3504,3504,3504,45.917301177978516,45.43743133544922,44.33570098876953,44.07984924316406,44.53151321411133,44.70246887207031,44.125755310058594,45.17240905761719,45.32373809814453,25,15.000000953674316,13.636363983154297,5,0,0,0,0,3.027886390686035,8589934592,1073741824,5083103232,307429376
201,1771639220535,3504,3504,3504,3504,3504,3504,3504,3504,45.917301177978516,45.43743133544922,44.33570098876953,44.07984924316406,44.53151321411133,44.70246887207031,44.125755310058594,45.17240905761719,45.32373809814453,31.81818199157715,14.285715103149414,5.263157844543457,9.523809432983398,0,0,0,0,3.027886390686035,8589934592,1073741824,5083348992,307429376
208,1771639220737,3504,3504,3504,3504,3504,3504,3504,3504,45.917301177978516,45.43743133544922,44.33570098876953,44.07984924316406,44.53151321411133,44.70246887207031,44.125755310058594,45.17240905761719,45.32373809814453,26.3157901763916,15.000000953674316,14.285715103149414,10,0,0,0,0,2.3738372325897217,8589934592,1073741824,5083365376,307429376
207,1771639220946,3504,3504,3504,3504,3504,3504,3504,3504,45.917301177978516,45.43743133544922,44.33570098876953,44.07984924316406,44.53151321411133,44.70246887207031,44.125755310058594,45.17240905761719,45.32373809814453,33.333335876464844,14.285715103149414,14.285715103149414,9.523809432983398,0,0,0,0,2.3738372325897217,8589934592,1073741824,5083529216,307429376
209,1771639221154,3504,3504,3504,3504,3504,3504,3504,3504,45.3386116027832,44.6372184753418,43.61127471923828,43.37297058105469,43.8843994140625,43.70185852050781,43.408050537109375,44.43592071533203,44.606021881103516,25,14.285715103149414,5,4.761904716491699,0,0,0,0,2.3738372325897217,8589934592,1073741824,5083545600,307429376
206,1771639221364,3504,3504,3504,3504,3504,3504,3504,3504,45.3386116027832,44.6372184753418,43.61127471923828,43.37297058105469,43.8843994140625,43.70185852050781,43.408050537109375,44.43592071533203,44.606021881103516,23.809524536132813,14.285715103149414,14.285715103149414,19.047618865966797,0,0,0,0,2.3738372325897217,8589934592,1073741824,5083578368,307429376
209,1771639221571,3504,3504,3504,3504,3504,3504,3504,3504,45.3386116027832,44.6372184753418,43.61127471923828,43.37297058105469,43.8843994140625,43.70185852050781,43.408050537109375,44.43592071533203,44.606021881103516,47.619049072265625,30.000001907348633,28.571430206298828,30.000001907348633,38.095237731933594,0,0,0,2.3738372325897217,8589934592,1073741824,5091016704,307429376
204,1771639221781,3504,3504,3504,3504,3504,3504,3504,3504,45.3386116027832,44.6372184753418,43.61127471923828,43.37297058105469,43.8843994140625,43.70185852050781,43.408050537109375,44.43592071533203,44.606021881103516,23.809524536132813,18.18181800842285,14.285715103149414,23.809524536132813,0,0,0,0,2.162909984588623,8589934592,1073741824,5091147776,307429376
201,1771639221986,3504,3504,3504,3504,3504,3504,3504,3504,45.3386116027832,44.6372184753418,43.61127471923828,43.37297058105469,43.8843994140625,43.70185852050781,43.408050537109375,44.43592071533203,44.606021881103516,20,20,14.285715103149414,23.809524536132813,0,0,0,0,2.162909984588623,8589934592,1073741824,5091180544,307429376
201,1771639222188,3504,3504,3504,3504,3504,3504,3504,3504,44.78156661987305,44.40960693359375,43.223968505859375,42.911231994628906,43.34626388549805,43.170654296875,42.869300842285156,43.84376907348633,44.04729461669922,30.000001907348633,26.3157901763916,21.052631378173828,15.789472579956055,0,0,0,0,2.162909984588623,8589934592,1073741824,5091180544,307429376
209,1771639222390,3504,3504,3504,3504,3504,3504,3504,3504,44.78156661987305,44.40960693359375,43.223968505859375,42.911231994628906,43.34626388549805,43.170654296875,42.869300842285156,43.84376907348633,44.04729461669922,20,19.047618865966797,15.000000953674316,9.523809432983398,5,13.636363983154297,5,0,2.162909984588623,8589934592,1073741824,5091180544,307429376
206,1771639222600,3504,3504,3504,3504,3504,3504,3504,3504,44.78156661987305,44.40960693359375,43.223968505859375,42.911231994628906,43.34626388549805,43.170654296875,42.869300842285156,43.84376907348633,44.04729461669922,14.285715103149414,14.285715103149414,19.047618865966797,5,0,0,0,0,2.162909984588623,8589934592,1073741824,5092638720,307429376
203,1771639222806,3504,3504,3504,3504,3504,3504,3504,3504,44.78156661987305,44.40960693359375,43.223968505859375,42.911231994628906,43.34626388549805,43.170654296875,42.869300842285156,43.84376907348633,44.04729461669922,19.047618865966797,20,19.047618865966797,9.523809432983398,0,0,0,0,2.3631207942962646,8589934592,1073741824,5092671488,307429376
199,1771639223010,3504,3504,3504,3504,3504,3504,3504,3504,44.78156661987305,44.40960693359375,43.223968505859375,42.911231994628906,43.34626388549805,43.170654296875,42.869300842285156,43.84376907348633,44.04729461669922,15.000000953674316,23.809524536132813,20,14.285715103149414,0,0,0,0,2.3631207942962646,8589934592,1073741824,5092491264,307429376
208,1771639223211,3504,3504,3504,3504,3504,3504,3504,3504,44.08769989013672,43.723140716552734,42.546905517578125,42.38756561279297,42.74598693847656,42.760704040527344,42.33526611328125,43.362796783447266,43.503387451171875,15.000000953674316,15.789472579956055,15.000000953674316,5.263157844543457,0,0,0,0,2.3631207942962646,8589934592,1073741824,5092491264,307429376
200,1771639223420,3504,3504,3504,3504,3504,3504,3504,3504,44.08769989013672,43.723140716552734,42.546905517578125,42.38756561279297,42.74598693847656,42.760704040527344,42.33526611328125,43.362796783447266,43.503387451171875,14.285715103149414,23.809524536132813,20,9.090909004211426,0,0,0,0,2.3631207942962646,8589934592,1073741824,5092491264,307429376
206,1771639223621,3504,3504,3504,3504,3504,3504,3504,3504,44.08769989013672,43.723140716552734,42.546905517578125,42.38756561279297,42.74598693847656,42.760704040527344,42.33526611328125,43.362796783447266,43.503387451171875,15.789472579956055,14.285715103149414,19.047618865966797,10.526315689086914,0,0,0,0,2.3631207942962646,8589934592,1073741824,5092491264,307429376
209,1771639223828,3504,3504,3504,3504,3504,3504,3504,3504,44.08769989013672,43.723140716552734,42.546905517578125,42.38756561279297,42.74598693847656,42.760704040527344,42.33526611328125,43.362796783447266,43.503387451171875,23.809524536132813,15.789472579956055,15.000000953674316,9.523809432983398,0,0,0,0,2.2744133472442627,8589934592,1073741824,5092458496,307429376
209,1771639224038,3504,3504,3504,3504,3504,3504,3504,3504,44.08769989013672,43.723140716552734,42.546905517578125,42.38756561279297,42.74598693847656,42.760704040527344,42.33526611328125,43.362796783447266,43.503387451171875,23.809524536132813,19.047618865966797,9.523809432983398,4.761904716491699,0,0,0,0,2.2744133472442627,8589934592,1073741824,5092491264,307429376
207,1771639224248,3504,3504,3504,3504,3504,3504,3504,3504,43.609962463378906,43.293052673339844,42.000335693359375,41.794769287109375,42.259098052978516,42.26210021972656,41.83314514160156,42.81055450439453,42.96860122680664,25,19.047618865966797,18.18181800842285,13.636363983154297,0,0,0,0,2.2744133472442627,8589934592,1073741824,5092524032,307429376
209,1771639224456,3504,3504,3504,3504,3504,3504,3504,3504,43.609962463378906,43.293052673339844,42.000335693359375,41.794769287109375,42.259098052978516,42.26210021972656,41.83314514160156,42.81055450439453,42.96860122680664,18.18181800842285,20,5.263157844543457,5,0,0,0,0,2.2744133472442627,8589934592,1073741824,5092425728,307429376
209,1771639224666,3504,3504,3504,3504,3504,3504,3504,3504,43.609962463378906,43.293052673339844,42.000335693359375,41.794769287109375,42.259098052978516,42.26210021972656,41.83314514160156,42.81055450439453,42.96860122680664,15.000000953674316,31.81818199157715,13.636363983154297,5,0,0,0,0,2.1016037464141846,8589934592,1073741824,5092442112,307429376
204,1771639224876,3504,3504,3504,3504,3504,3504,3504,3504,43.609962463378906,43.293052673339844,42.000335693359375,41.794769287109375,42.259098052978516,42.26210021972656,41.83314514160156,42.81055450439453,42.96860122680664,14.285715103149414,20,20,9.523809432983398,0,0,0,0,2.1016037464141846,8589934592,1073741824,5092442112,307429376
207,1771639225081,3504,3504,3504,3504,3504,3504,3504,3504,43.609962463378906,43.293052673339844,42.000335693359375,41.794769287109375,42.259098052978516,42.26210021972656,41.83314514160156,42.81055450439453,42.96860122680664,23.809524536132813,9.523809432983398,15.000000953674316,9.523809432983398,0,0,0,0,2.1016037464141846,8589934592,1073741824,5092442112,307429376
205,1771639225289,3504,3504,3504,3504,3504,3504,3504,3504,43.10238265991211,42.92427062988281,41.49315643310547,41.34130096435547,41.69206237792969,41.647972106933594,41.38963317871094,42.451419830322266,42.55894470214844,23.809524536132813,19.047618865966797,27.272727966308594,9.523809432983398,4.545454502105713,0,0,0,2.1016037464141846,8589934592,1073741824,5092442112,307429376
202,1771639225496,3504,3504,3504,3504,3504,3504,3504,3504,43.10238265991211,42.92427062988281,41.49315643310547,41.34130096435547,41.69206237792969,41.647972106933594,41.38963317871094,42.451419830322266,42.55894470214844,20,20,10,10,0,0,0,0,2.1016037464141846,8589934592,1073741824,5092442112,307429376
205,1771639225699,3504,3504,3504,3504,3504,3504,3504,3504,43.10238265991211,42.92427062988281,41.49315643310547,41.34130096435547,41.69206237792969,41.647972106933594,41.38963317871094,42.451419830322266,42.55894470214844,25,23.809524536132813,10,14.285715103149414,0,0,0,0,2.337305784225464,8589934592,1073741824,5092605952,307429376
209,1771639225904,3504,3504,3504,3504,3504,3504,3504,3504,43.10238265991211,42.92427062988281,41.49315643310547,41.34130096435547,41.69206237792969,41.647972106933594,41.38963317871094,42.451419830322266,42.55894470214844,25,15.000000953674316,14.285715103149414,15.000000953674316,21.052631378173828,10,0,0,2.337305784225464,8589934592,1073741824,5097848832,307429376
208,1771639226114,3504,3504,3504,3504,3504,3504,3504,3504,43.10238265991211,42.92427062988281,41.49315643310547,41.34130096435547,41.69206237792969,41.647972106933594,41.38963317871094,42.451419830322266,42.55894470214844,19.047618865966797,10,14.285715103149414,14.285715103149414,0,0,0,0,2.337305784225464,8589934592,1073741824,5097947136,307429376
209,1771639226323,3504,3504,3504,3504,3504,3504,3504,3504,42.99497604370117,42.84627151489258,41.420509338378906,41.15142822265625,41.41581344604492,41.20921325683594,41.031822204589844,42.14301681518555,42.1834716796875,28.571430206298828,19.047618865966797,10,20,0,0,0,0,2.337305784225464,8589934592,1073741824,5097947136,307429376
203,1771639226533,3504,3504,3504,3504,3504,3504,3504,3504,42.99497604370117,42.84627151489258,41.420509338378906,41.15142822265625,41.41581344604492,41.20921325683594,41.031822204589844,42.14301681518555,42.1834716796875,28.571430206298828,28.571430206298828,22.72727394104004,19.047618865966797,0,0,0,0,2.337305784225464,8589934592,1073741824,5088772096,307429376
200,1771639226736,3504,3504,3504,3504,3504,3504,3504,3504,42.99497604370117,42.84627151489258,41.420509338378906,41.15142822265625,41.41581344604492,41.20921325683594,41.031822204589844,42.14301681518555,42.1834716796875,21.052631378173828,25,10,10,0,0,0,0,2.250824451446533,8589934592,1073741824,5087805440,307429376
201,1771639226938,3504,3504,3504,3504,3504,3504,3504,3504,42.99497604370117,42.84627151489258,41.420509338378906,41.15142822265625,41.41581344604492,41.20921325683594,41.031822204589844,42.14301681518555,42.1834716796875,23.809524536132813,28.571430206298828,10.526315689086914,10,0,0,0,0,2.250824451446533,8589934592,1073741824,5087068160,307429376
209,1771639227139,3504,3504,3504,3504,3504,3504,3504,3504,42.58861541748047,42.077239990234375,40.870452880859375,40.68693542480469,41.026119232177734,40.89973449707031,40.67009735107422,41.75120162963867,41.8607292175293,23.809524536132813,21.052631378173828,15.000000953674316,19.047618865966797,0,0,0,0,2.250824451446533,8589934592,1073741824,5087559680,307429376
209,1771639227349,3504,3504,3504,3504,3504,3504,3504,3504,42.58861541748047,42.077239990234375,40.870452880859375,40.68693542480469,41.026119232177734,40.89973449707031,40.67009735107422,41.75120162963867,41.8607292175293,5.263157844543457,27.272727966308594,18.18181800842285,4.761904716491699,4.761904716491699,4.761904716491699,4.761904716491699,4.545454502105713,2.250824451446533,8589934592,1073741824,5087838208,307429376
200,1771639227559,3504,3504,3504,3504,3504,3504,3504,3504,42.58861541748047,42.077239990234375,40.870452880859375,40.68693542480469,41.026119232177734,40.89973449707031,40.67009735107422,41.75120162963867,41.8607292175293,14.285715103149414,15.000000953674316,10,9.523809432983398,0,0,0,0,2.250824451446533,8589934592,1073741824,5087903744,307429376
199,1771639227760,3504,3504,3504,3504,3504,3504,3504,3504,42.58861541748047,42.077239990234375,40.870452880859375,40.68693542480469,41.026119232177734,40.89973449707031,40.67009735107422,41.75120162963867,41.8607292175293,23.809524536132813,25,10,10,0,0,0,0,2.3250608444213867,8589934592,1073741824,5087002624,307429376
201,1771639227960,3504,3504,3504,3504,3504,3504,3504,3504,42.58861541748047,42.077239990234375,40.870452880859375,40.68693542480469,41.026119232177734,40.89973449707031,40.67009735107422,41.75120162963867,41.8607292175293,21.052631378173828,20,20,10,0,0,0,0,2.3250608444213867,8589934592,1073741824,5094113280,307429376
207,1771639228163,3504,3504,3504,3504,3504,3504,3504,3504,42.27035903930664,41.525821685791016,40.48695373535156,40.40876770019531,40.651939392089844,40.5504150390625,40.40315246582031,41.37482452392578,41.51698303222656,23.809524536132813,20,14.285715103149414,5.263157844543457,0,0,0,0,2.3250608444213867,8589934592,1073741824,5094113280,307429376
209,1771639228371,3504,3504,3504,3504,3504,3504,3504,3504,42.27035903930664,41.525821685791016,40.48695373535156,40.40876770019531,40.651939392089844,40.5504150390625,40.40315246582031,41.37482452392578,41.51698303222656,20,19.047618865966797,5,9.090909004211426,0,0,0,0,2.3250608444213867,8589934592,1073741824,5094096896,307429376
209,1771639228581,3504,3504,3504,3504,3504,3504,3504,3504,42.27035903930664,41.525821685791016,40.48695373535156,40.40876770019531,40.651939392089844,40.5504150390625,40.40315246582031,41.37482452392578,41.51698303222656,22.72727394104004,25,19.047618865966797,9.523809432983398,9.090909004211426,4.761904716491699,0,0,2.3250608444213867,8589934592,1073741824,5094375424,307429376
203,1771639228791,3504,3504,3504,3504,3504,3504,3504,3504,42.27035903930664,41.525821685791016,40.48695373535156,40.40876770019531,40.651939392089844,40.5504150390625,40.40315246582031,41.37482452392578,41.51698303222656,35,42.85714340209961,54.54545593261719,15.000000953674316,0,0,0,0,2.560051202774048,8589934592,1073741824,5104517120,307429376
209,1771639228995,3504,3504,3504,3504,3504,3504,3504,3504,42.27035903930664,41.525821685791016,40.48695373535156,40.40876770019531,40.651939392089844,40.5504150390625,40.40315246582031,41.37482452392578,41.51698303222656,25,33.333335876464844,16.666667938232422,14.285715103149414,0,0,0,0,2.560051202774048,8589934592,1073741824,5104205824,307429376
203,1771639229204,3504,3504,3504,3504,3504,3504,3504,3504,42.034515380859375,41.12490463256836,40.182861328125,40.06739044189453,40.40548324584961,40.23273468017578,40.10724639892578,41.0919189453125,41.210296630859375,19.047618865966797,14.285715103149414,13.636363983154297,19.047618865966797,0,0,0,0,2.560051202774048,8589934592,1073741824,5104287744,307429376
209,1771639229408,3504,3504,3504,3504,3504,3504,3504,3504,42.034515380859375,41.12490463256836,40.182861328125,40.06739044189453,40.40548324584961,40.23273468017578,40.10724639892578,41.0919189453125,41.210296630859375,19.047618865966797,14.285715103149414,14.285715103149414,25,0,0,0,0,2.560051202774048,8589934592,1073741824,5104304128,307429376
209,1771639229619,3504,3504,3504,3504,3504,3504,3504,3504,42.034515380859375,41.12490463256836,40.182861328125,40.06739044189453,40.40548324584961,40.23273468017578,40.10724639892578,41.0919189453125,41.210296630859375,25,20,19.047618865966797,28.571430206298828,0,0,0,0,2.560051202774048,8589934592,1073741824,5105876992,307429376
206,1771639229829,3504,3504,3504,3504,3504,3504,3504,3504,42.034515380859375,41.12490463256836,40.182861328125,40.06739044189453,40.40548324584961,40.23273468017578,40.10724639892578,41.0919189453125,41.210296630859375,23.809524536132813,14.285715103149414,5.263157844543457,19.047618865966797,0,0,0,0,1.916001796722412,8589934592,1073741824,5105762304,307429376
201,1771639230035,3504,3504,3504,3504,3504,3504,3504,3504,42.034515380859375,41.12490463256836,40.182861328125,40.06739044189453,40.40548324584961,40.23273468017578,40.10724639892578,41.0919189453125,41.210296630859375,20,14.285715103149414,18.18181800842285,15.000000953674316,5,4.761904716491699,4.545454502105713,0,1.916001796722412,8589934592,1073741824,5107924992,307429376
209,1771639230237,3504,3504,3504,3504,3504,3504,3504,3504,42.00318145751953,40.99551773071289,40.034088134765625,39.839080810546875,40.14262771606445,39.91355895996094,39.81916809082031,40.84303283691406,40.94587707519531,9.523809432983398,10.526315689086914,0,10,14.285715103149414,15.000000953674316,0,0,1.916001796722412,8589934592,1073741824,5110530048,307429376
209,1771639230448,3504,3504,3504,3504,3504,3504,3504,3504,42.00318145751953,40.99551773071289,40.034088134765625,39.839080810546875,40.14262771606445,39.91355895996094,39.81916809082031,40.84303283691406,40.94587707519531,14.285715103149414,22.72727394104004,9.090909004211426,14.285715103149414,0,0,0,0,1.916001796722412,8589934592,1073741824,5110661120,307429376
209,1771639230658,3504,3504,3504,3504,3504,3504,3504,3504,42.00318145751953,40.99551773071289,40.034088134765625,39.839080810546875,40.14262771606445,39.91355895996094,39.81916809082031,40.84303283691406,40.94587707519531,14.285715103149414,15.000000953674316,10,10,0,0,0,0,2.3133697509765625,8589934592,1073741824,5110677504,307429376
209,1771639230868,3504,3504,3504,3504,3504,3504,3504,3504,42.00318145751953,40.99551773071289,40.034088134765625,39.839080810546875,40.14262771606445,39.91355895996094,39.81916809082031,40.84303283691406,40.94587707519531,20,19.047618865966797,22.72727394104004,13.636363983154297,0,0,0,0,2.3133697509765625,8589934592,1073741824,5110644736,307429376
209,1771639231078,3504,3504,3504,3504,3504,3504,3504,3504,42.00318145751953,40.99551773071289,40.034088134765625,39.839080810546875,40.14262771606445,39.91355895996094,39.81916809082031,40.84303283691406,40.94587707519531,27.272727966308594,28.571430206298828,23.809524536132813,19.047618865966797,27.272727966308594,19.047618865966797,19.047618865966797,14.285715103149414,2.3133697509765625,8589934592,1073741824,5090066432,307429376
202,1771639231287,3504,3504,3504,3504,3504,3504,3504,3504,42.15324020385742,41.259952545166016,40.173675537109375,40.008079528808594,40.198822021484375,40.156288146972656,40.01771545410156,41.109859466552734,41.285526275634766,19.047618865966797,14.285715103149414,19.047618865966797,9.523809432983398,0,0,0,0,2.3133697509765625,8589934592,1073741824,5090279424,307429376
209,1771639231491,3504,3504,3504,3504,3504,3504,3504,3504,42.15324020385742,41.259952545166016,40.173675537109375,40.008079528808594,40.198822021484375,40.156288146972656,40.01771545410156,41.109859466552734,41.285526275634766,21.052631378173828,15.000000953674316,20,10,0,0,0,0,2.3133697509765625,8589934592,1073741824,5090279424,307429376
209,1771639231700,3504,3504,3504,3504,3504,3504,3504,3504,42.15324020385742,41.259952545166016,40.173675537109375,40.008079528808594,40.198822021484375,40.156288146972656,40.01771545410156,41.109859466552734,41.285526275634766,38.095237731933594,36.3636360168457,30.000001907348633,23.809524536132813,35,18.18181800842285,19.047618865966797,19.047618865966797,2.238929271697998,8589934592,1073741824,5090279424,307429376
199,1771639231911,3504,3504,3504,3504,3504,3504,3504,3504,42.15324020385742,41.259952545166016,40.173675537109375,40.008079528808594,40.198822021484375,40.156288146972656,40.01771545410156,41.109859466552734,41.285526275634766,14.285715103149414,15.000000953674316,19.047618865966797,9.523809432983398,0,0,0,0,2.238929271697998,8589934592,1073741824,5088313344,307429376
208,1771639232111,3504,3504,3504,3504,3504,3504,3504,3504,42.15324020385742,41.259952545166016,40.173675537109375,40.008079528808594,40.198822021484375,40.156288146972656,40.01771545410156,41.109859466552734,41.285526275634766,15.000000953674316,15.000000953674316,25,10,0,0,0,0,2.238929271697998,8589934592,1073741824,5088247808,307429376
209,1771639232320,3504,3504,3504,3504,3504,3504,3504,3504,42.04118728637695,41.28959274291992,40.17662048339844,39.875518798828125,40.21946716308594,40.10918426513672,40.010597229003906,41.029178619384766,41.24570083618164,14.285715103149414,14.285715103149414,23.809524536132813,4.761904716491699,0,0,0,0,2.238929271697998,8589934592,1073741824,5088247808,307429376
204,1771639232530,3504,3504,3504,3504,3504,3504,3504,3504,42.04118728637695,41.28959274291992,40.17662048339844,39.875518798828125,40.21946716308594,40.10918426513672,40.010597229003906,41.029178619384766,41.24570083618164,23.809524536132813,14.285715103149414,9.523809432983398,4.761904716491699,4.761904716491699,0,0,0,2.238929271697998,8589934592,1073741824,5088264192,307429376
205,1771639232736,3504,3504,3504,3504,3504,3504,3504,3504,42.04118728637695,41.28959274291992,40.17662048339844,39.875518798828125,40.21946716308594,40.10918426513672,40.010597229003906,41.029178619384766,41.24570083618164,30.000001907348633,10,14.285715103149414,9.523809432983398,0,0,0,0,2.801814556121826,8589934592,1073741824,5088100352,307429376
209,1771639232941,3504,3504,3504,3504,3504,3504,3504,3504,42.04118728637695,41.28959274291992,40.17662048339844,39.875518798828125,40.21946716308594,40.10918426513672,40.010597229003906,41.029178619384766,41.24570083618164,33.333335876464844,15.000000953674316,5,5,0,0,0,0,2.801814556121826,8589934592,1073741824,5088313344,307429376
208,1771639233151,3504,3504,3504,3504,3504,3504,3504,3504,41.30617141723633,40.45698165893555,39.368125915527344,39.158180236816406,39.60397720336914,39.38324737548828,39.24720001220703,40.261077880859375,40.409603118896484,15.000000953674316,23.809524536132813,14.285715103149414,9.523809432983398,0,0,0,0,2.801814556121826,8589934592,1073741824,5088378880,307429376
200,1771639233360,3504,3504,3504,3504,3504,3504,3504,3504,41.30617141723633,40.45698165893555,39.368125915527344,39.158180236816406,39.60397720336914,39.38324737548828,39.24720001220703,40.261077880859375,40.409603118896484,19.047618865966797,22.72727394104004,13.636363983154297,9.523809432983398,0,0,0,0,2.801814556121826,8589934592,1073741824,5088378880,307429376
200,1771639233561,3504,3504,3504,3504,3504,3504,3504,3504,41.30617141723633,40.45698165893555,39.368125915527344,39.158180236816406,39.60397720336914,39.38324737548828,39.24720001220703,40.261077880859375,40.409603118896484,15.789472579956055,16.666667938232422,5.555555820465088,10,0,0,0,0,2.801814556121826,8589934592,1073741824,5088378880,307429376
203,1771639233762,3504,3504,3504,3504,3504,3504,3504,3504,41.30617141723633,40.45698165893555,39.368125915527344,39.158180236816406,39.60397720336914,39.38324737548828,39.24720001220703,40.261077880859375,40.409603118896484,23.809524536132813,23.809524536132813,10,10,0,0,0,0,2.6856155395507813,8589934592,1073741824,5088100352,307429376
206,1771639233966,3504,3504,3504,3504,3504,3504,3504,3504,41.30617141723633,40.45698165893555,39.368125915527344,39.158180236816406,39.60397720336914,39.38324737548828,39.24720001220703,40.261077880859375,40.409603118896484,30.000001907348633,30.000001907348633,20,15.000000953674316,0,0,0,0,2.6856155395507813,8589934592,1073741824,5088526336,307429376
203,1771639234173,3504,3504,3504,3504,3504,3504,3504,3504,40.783935546875,40.185794830322266,39.08116912841797,38.865142822265625,39.19233322143555,39.02008056640625,38.84686279296875,39.913639068603516,40.062255859375,23.809524536132813,19.047618865966797,14.285715103149414,10,0,0,0,0,2.6856155395507813,8589934592,1073741824,5088542720,307429376
209,1771639234377,3504,3504,3504,3504,3504,3504,3504,3504,40.783935546875,40.185794830322266,39.08116912841797,38.865142822265625,39.19233322143555,39.02008056640625,38.84686279296875,39.913639068603516,40.062255859375,23.809524536132813,15.000000953674316,5,4.761904716491699,0,0,0,0,2.6856155395507813,8589934592,1073741824,5088313344,307429376
209,1771639234587,3504,3504,3504,3504,3504,3504,3504,3504,40.783935546875,40.185794830322266,39.08116912841797,38.865142822265625,39.19233322143555,39.02008056640625,38.84686279296875,39.913639068603516,40.062255859375,19.047618865966797,20,18.18181800842285,9.523809432983398,0,0,0,0,2.6856155395507813,8589934592,1073741824,5088313344,307429376
206,1771639234797,3504,3504,3504,3504,3504,3504,3504,3504,40.783935546875,40.185794830322266,39.08116912841797,38.865142822265625,39.19233322143555,39.02008056640625,38.84686279296875,39.913639068603516,40.062255859375,20,22.72727394104004,14.285715103149414,9.523809432983398,0,0,0,0,1.9290622472763062,8589934592,1073741824,5088313344,307429376
205,1771639235004,3504,3504,3504,3504,3504,3504,3504,3504,40.783935546875,40.185794830322266,39.08116912841797,38.865142822265625,39.19233322143555,39.02008056640625,38.84686279296875,39.913639068603516,40.062255859375,15.000000953674316,25,5,9.523809432983398,0,0,0,0,1.9290622472763062,8589934592,1073741824,5085052928,307429376
204,1771639235210,3504,3504,3504,3504,3504,3504,3504,3504,40.45445251464844,40.01424026489258,38.83146667480469,38.68706512451172,38.99687576293945,38.76001739501953,38.69432830810547,39.71076583862305,39.86314010620117,23.809524536132813,19.047618865966797,14.285715103149414,5.263157844543457,0,0,0,0,1.9290622472763062,8589934592,1073741824,5085052928,307429376
203,1771639235416,3504,3504,3504,3504,3504,3504,3504,3504,40.45445251464844,40.01424026489258,38.83146667480469,38.68706512451172,38.99687576293945,38.76001739501953,38.69432830810547,39.71076583862305,39.86314010620117,23.809524536132813,20,10,9.523809432983398,0,0,0,0,1.9290622472763062,8589934592,1073741824,5085364224,307429376
201,1771639235619,3504,3504,3504,3504,3504,3504,3504,3504,40.45445251464844,40.01424026489258,38.83146667480469,38.68706512451172,38.99687576293945,38.76001739501953,38.69432830810547,39.71076583862305,39.86314010620117,15.789472579956055,28.571430206298828,10,19.047618865966797,0,0,0,0,1.9290622472763062,8589934592,1073741824,5085282304,307429376
209,1771639235821,3504,3504,3504,3504,3504,3504,3504,3504,40.45445251464844,40.01424026489258,38.83146667480469,38.68706512451172,38.99687576293945,38.76001739501953,38.69432830810547,39.71076583862305,39.86314010620117,15.000000953674316,15.789472579956055,14.285715103149414,20,0,0,0,0,2.59670352935791,8589934592,1073741824,5085315072,307429376
206,1771639236031,3504,3504,3504,3504,3504,3504,3504,3504,40.45445251464844,40.01424026489258,38.83146667480469,38.68706512451172,38.99687576293945,38.76001739501953,38.69432830810547,39.71076583862305,39.86314010620117,13.636363983154297,18.18181800842285,5,15.000000953674316,0,0,0,0,2.59670352935791,8589934592,1073741824,5085315072,307429376
204,1771639236238,3504,3504,3504,3504,3504,3504,3504,3504,40.178810119628906,39.85049819946289,38.60266876220703,38.46784210205078,38.785037994384766,38.519256591796875,38.493263244628906,39.50645065307617,39.658878326416016,33.333335876464844,35,33.333335876464844,33.333335876464844,0,0,0,0,2.59670352935791,8589934592,1073741824,5087313920,307429376
207,1771639236443,3504,3504,3504,3504,3504,3504,3504,3504,40.178810119628906,39.85049819946289,38.60266876220703,38.46784210205078,38.785037994384766,38.519256591796875,38.493263244628906,39.50645065307617,39.658878326416016,25,28.571430206298828,20,30.000001907348633,0,0,0,0,2.59670352935791,8589934592,1073741824,5086248960,307429376
202,1771639236651,3504,3504,3504,3504,3504,3504,3504,3504,40.178810119628906,39.85049819946289,38.60266876220703,38.46784210205078,38.785037994384766,38.519256591796875,38.493263244628906,39.50645065307617,39.658878326416016,19.047618865966797,19.047618865966797,13.636363983154297,19.047618865966797,0,0,0,0,1.8794336318969727,8589934592,1073741824,5086216192,307429376
207,1771639236854,3504,3504,3504,3504,3504,3504,3504,3504,40.178810119628906,39.85049819946289,38.60266876220703,38.46784210205078,38.785037994384766,38.519256591796875,38.493263244628906,39.50645065307617,39.658878326416016,15.000000953674316,10.526315689086914,10.526315689086914,19.047618865966797,0,0,0,0,1.8794336318969727,8589934592,1073741824,5085970432,307429376
207,1771639237062,3504,3504,3504,3504,3504,3504,3504,3504,40.178810119628906,39.85049819946289,38.60266876220703,38.46784210205078,38.785037994384766,38.519256591796875,38.493263244628906,39.50645065307617,39.658878326416016,19.047618865966797,10,18.18181800842285,20,0,0,0,0,1.8794336318969727,8589934592,1073741824,5085888512,307429376
209,1771639237271,3504,3504,3504,3504,3504,3504,3504,3504,39.97816848754883,39.653358459472656,38.41893768310547,38.20610046386719,38.654937744140625,38.30780029296875,38.331504821777344,39.27620315551758,39.447662353515625,45,31.81818199157715,31.57894515991211,28.571430206298828,0,0,0,0,1.8794336318969727,8589934592,1073741824,5085773824,307429376
209,1771639237481,3504,3504,3504,3504,3504,3504,3504,3504,39.97816848754883,39.653358459472656,38.41893768310547,38.20610046386719,38.654937744140625,38.30780029296875,38.331504821777344,39.27620315551758,39.447662353515625,14.285715103149414,15.000000953674316,13.636363983154297,28.571430206298828,4.761904716491699,4.545454502105713,0,0,1.8794336318969727,8589934592,1073741824,5085822976,307429376
209,1771639237691,3504,3504,3504,3504,3504,3504,3504,3504,39.97816848754883,39.653358459472656,38.41893768310547,38.20610046386719,38.654937744140625,38.30780029296875,38.331504821777344,39.27620315551758,39.447662353515625,14.285715103149414,19.047618865966797,9.523809432983398,14.285715103149414,0,0,0,0,2.3891425132751465,8589934592,1073741824,5085839360,307429376
203,1771639237901,3504,3504,3504,3504,3504,3504,3504,3504,39.97816848754883,39.653358459472656,38.41893768310547,38.20610046386719,38.654937744140625,38.30780029296875,38.331504821777344,39.27620315551758,39.447662353515625,15.000000953674316,22.72727394104004,14.285715103149414,14.285715103149414,13.043478012084961,0,4.545454502105713,4.761904716491699,2.3891425132751465,8589934592,1073741824,5085888512,307429376
203,1771639238105,3504,3504,3504,3504,3504,3504,3504,3504,39.97816848754883,39.653358459472656,38.41893768310547,38.20610046386719,38.654937744140625,38.30780029296875,38.331504821777344,39.27620315551758,39.447662353515625,23.809524536132813,25,15.000000953674316,10,0,0,0,0,2.3891425132751465,8589934592,1073741824,5085921280,307429376
205,1771639238308,3504,3504,3504,3504,3504,3504,3504,3504,40.00215530395508,39.638465881347656,38.3541259765625,38.165283203125,38.52675247192383,38.201377868652344,38.224647521972656,39.20436096191406,39.349578857421875,20,23.809524536132813,10,9.523809432983398,0,0,0,0,2.3891425132751465,8589934592,1073741824,5085937664,307429376
207,1771639238515,3504,3504,3504,3504,3504,3504,3504,3504,40.00215530395508,39.638465881347656,38.3541259765625,38.165283203125,38.52675247192383,38.201377868652344,38.224647521972656,39.20436096191406,39.349578857421875,20,20,23.809524536132813,10,0,5,5,0,2.3891425132751465,8589934592,1073741824,5085954048,307429376
206,1771639238723,3504,3504,3504,3504,3504,3504,3504,3504,40.00215530395508,39.638465881347656,38.3541259765625,38.165283203125,38.52675247192383,38.201377868652344,38.224647521972656,39.20436096191406,39.349578857421875,14.285715103149414,20,19.047618865966797,5,0,0,0,0,2.450965404510498,8589934592,1073741824,5085954048,307429376
206,1771639238929,3504,3504,3504,3504,3504,3504,3504,3504,40.00215530395508,39.638465881347656,38.3541259765625,38.165283203125,38.52675247192383,38.201377868652344,38.224647521972656,39.20436096191406,39.349578857421875,14.285715103149414,23.809524536132813,15.000000953674316,13.636363983154297,0,0,0,0,2.450965404510498,8589934592,1073741824,5085954048,307429376
200,1771639239136,3504,3504,3504,3504,3504,3504,3504,3504,40.00215530395508,39.37076950073242,38.204803466796875,37.970558166503906,38.374855041503906,38.02796173095703,38.03937530517578,39.0936279296875,39.17235565185547,25,20,20,10.526315689086914,0,0,0,0,2.450965404510498,8589934592,1073741824,5086052352,307429376
209,1771639239337,3504,3504,3504,3504,3504,3504,3504,3504,39.89914321899414,39.37076950073242,38.204803466796875,37.970558166503906,38.374855041503906,38.02796173095703,38.03937530517578,39.0936279296875,39.17235565185547,33.333335876464844,19.047618865966797,14.285715103149414,9.523809432983398,0,0,0,0,2.450965404510498,8589934592,1073741824,5086134272,307429376
209,1771639239547,3504,3504,3504,3504,3504,3504,3504,3504,39.89914321899414,39.37076950073242,38.204803466796875,37.970558166503906,38.374855041503906,38.02796173095703,38.03937530517578,39.0936279296875,39.17235565185547,30.000001907348633,15.000000953674316,14.285715103149414,9.523809432983398,0,0,0,0,2.450965404510498,8589934592,1073741824,5086150656,307429376
202,1771639239758,3504,3504,3504,3504,3504,3504,3504,3504,39.89914321899414,39.37076950073242,38.204803466796875,37.970558166503906,38.374855041503906,38.02796173095703,38.03937530517578,39.0936279296875,39.17235565185547,19.047618865966797,13.636363983154297,9.523809432983398,10,0,0,0,0,1.954737663269043,8589934592,1073741824,5086150656,307429376
209,1771639239961,3504,3504,3504,3504,3504,3504,3504,3504,39.89914321899414,39.37076950073242,38.204803466796875,37.970558166503906,38.374855041503906,38.02796173095703,38.03937530517578,39.0936279296875,39.17235565185547,30.000001907348633,10.526315689086914,10,14.285715103149414,0,0,0,0,1.954737663269043,8589934592,1073741824,5086117888,307429376
209,1771639240171,3504,3504,3504,3504,3504,3504,3504,3504,39.809112548828125,39.18510818481445,37.92906188964844,37.79420471191406,38.24459457397461,37.72059631347656,37.88489532470703,38.872108459472656,39.005653381347656,27.272727966308594,27.272727966308594,28.571430206298828,15.000000953674316,14.285715103149414,13.636363983154297,0,9.523809432983398,1.954737663269043,8589934592,1073741824,5087232000,307429376
200,1771639240381,3504,3504,3504,3504,3504,3504,3504,3504,39.809112548828125,39.18510818481445,37.92906188964844,37.79420471191406,38.24459457397461,37.72059631347656,37.88489532470703,38.872108459472656,39.005653381347656,20,14.285715103149414,5,13.636363983154297,0,0,8.69565200805664,0,1.954737663269043,8589934592,1073741824,5087182848,307429376
205,1771639240581,3504,3504,3504,3504,3504,3504,3504,3504,39.809112548828125,39.18510818481445,37.92906188964844,37.79420471191406,38.24459457397461,37.72059631347656,37.88489532470703,38.872108459472656,39.005653381347656,25,15.789472579956055,15.000000953674316,5.263157844543457,0,0,0,0,1.954737663269043,8589934592,1073741824,5087232000,307429376
206,1771639240787,3504,3504,3504,3504,3504,3504,3504,3504,39.809112548828125,39.18510818481445,37.92906188964844,37.79420471191406,38.24459457397461,37.72059631347656,37.88489532470703,38.872108459472656,39.005653381347656,23.809524536132813,15.000000953674316,14.285715103149414,13.636363983154297,0,0,0,0,2.5598437786102295,8589934592,1073741824,5087232000,307429376
209,1771639240994,3504,3504,3504,3504,3504,3504,3504,3504,39.809112548828125,39.18510818481445,37.92906188964844,37.79420471191406,38.24459457397461,37.72059631347656,37.88489532470703,38.872108459472656,39.005653381347656,21.052631378173828,15.000000953674316,10,5,0,0,0,0,2.5598437786102295,8589934592,1073741824,5087150080,307429376
209,1771639241204,3504,3504,3504,3504,3504,3504,3504,3504,39.699310302734375,39.08066940307617,37.850982666015625,37.64495849609375,38.074851989746094,37.530921936035156,37.77959442138672,38.749210357666016,38.87995529174805,27.272727966308594,14.285715103149414,9.523809432983398,15.000000953674316,0,0,0,0,2.5598437786102295,8589934592,1073741824,5087150080,307429376
200,1771639241414,3504,3504,3504,3504,3504,3504,3504,3504,39.699310302734375,39.08066940307617,37.850982666015625,37.64495849609375,38.074851989746094,37.530921936035156,37.77959442138672,38.749210357666016,38.87995529174805,23.809524536132813,13.636363983154297,9.523809432983398,19.047618865966797,0,0,0,0,2.5598437786102295,8589934592,1073741824,5087182848,307429376
209,1771639241615,3504,3504,3504,3504,3504,3504,3504,3504,39.699310302734375,39.08066940307617,37.850982666015625,37.64495849609375,38.074851989746094,37.530921936035156,37.77959442138672,38.749210357666016,38.87995529174805,20,21.052631378173828,20,15.000000953674316,35,0,0,0,2.5598437786102295,8589934592,1073741824,5087182848,307429376
209,1771639241825,3504,3504,3504,3504,3504,3504,3504,3504,39.699310302734375,39.08066940307617,37.850982666015625,37.64495849609375,38.074851989746094,37.530921936035156,37.77959442138672,38.749210357666016,38.87995529174805,23.809524536132813,19.047618865966797,14.285715103149414,9.523809432983398,4.761904716491699,0,0,0,2.4991209506988525,8589934592,1073741824,5087182848,307429376
201,1771639242035,3504,3504,3504,3504,3504,3504,3504,3504,39.699310302734375,39.08066940307617,37.850982666015625,37.64495849609375,38.074851989746094,37.530921936035156,37.77959442138672,38.749210357666016,38.87995529174805,20,9.523809432983398,15.000000953674316,9.523809432983398,4.545454502105713,0,0,0,2.4991209506988525,8589934592,1073741824,5087182848,307429376
206,1771639242237,3504,3504,3504,3504,3504,3504,3504,3504,39.684207916259766,39.19889450073242,37.95454406738281,37.65125274658203,38.00563430786133,37.39263916015625,37.61048126220703,38.64157485961914,38.722965240478516,25,19.047618865966797,19.047618865966797,14.285715103149414,0,0,0,0,2.4991209506988525,8589934592,1073741824,5087526912,307429376
209,1771639242443,3504,3504,3504,3504,3504,3504,3504,3504,39.684207916259766,39.19889450073242,37.95454406738281,37.65125274658203,38.00563430786133,37.39263916015625,37.61048126220703,38.64157485961914,38.722965240478516,14.285715103149414,20,15.000000953674316,5,4.761904716491699,4.761904716491699,0,4.545454502105713,2.4991209506988525,8589934592,1073741824,5087526912,307429376
203,1771639242654,3504,3504,3504,3504,3504,3504,3504,3504,39.684207916259766,39.19889450073242,37.95454406738281,37.65125274658203,38.00563430786133,37.39263916015625,37.61048126220703,38.64157485961914,38.722965240478516,23.809524536132813,10,22.72727394104004,9.523809432983398,0,0,0,0,2.5005271434783936,8589934592,1073741824,5087510528,307429376
202,1771639242858,3504,3504,3504,3504,3504,3504,3504,3504,39.684207916259766,39.19889450073242,37.95454406738281,37.65125274658203,38.00563430786133,37.39263916015625,37.61048126220703,38.64157485961914,38.722965240478516,14.285715103149414,14.285715103149414,15.789472579956055,15.000000953674316,0,0,0,0,2.5005271434783936,8589934592,1073741824,5087592448,307429376
205,1771639243060,3504,3504,3504,3504,3504,3504,3504,3504,39.684207916259766,39.19889450073242,37.95454406738281,37.65125274658203,38.00563430786133,37.39263916015625,37.61048126220703,38.64157485961914,38.722965240478516,15.789472579956055,14.285715103149414,15.000000953674316,14.285715103149414,0,0,0,0,2.5005271434783936,8589934592,1073741824,5087657984,307429376
203,1771639243266,3504,3504,3504,3504,3504,3504,3504,3504,39.358882904052734,38.81447982788086,37.562538146972656,37.42456817626953,37.76421356201172,37.19506072998047,37.422035217285156,38.43476104736328,38.61063003540039,23.809524536132813,20,23.809524536132813,10,0,0,0,0,2.5005271434783936,8589934592,1073741824,5087674368,307429376
202,1771639243471,3504,3504,3504,3504,3504,3504,3504,3504,39.358882904052734,38.81447982788086,37.562538146972656,37.42456817626953,37.76421356201172,37.19506072998047,37.422035217285156,38.43476104736328,38.61063003540039,15.000000953674316,15.000000953674316,19.047618865966797,10,0,0,0,0,2.5005271434783936,8589934592,1073741824,5087723520,307429376
209,1771639243674,3504,3504,3504,3504,3504,3504,3504,3504,39.358882904052734,38.81447982788086,37.562538146972656,37.42456817626953,37.76421356201172,37.19506072998047,37.422035217285156,38.43476104736328,38.61063003540039,20,15.000000953674316,19.047618865966797,18.18181800842285,0,0,0,0,2.389143228530884,8589934592,1073741824,5087739904,307429376
202,1771639243884,3504,3504,3504,3504,3504,3504,3504,3504,39.358882904052734,38.81447982788086,37.562538146972656,37.42456817626953,37.76421356201172,37.19506072998047,37.422035217285156,38.43476104736328,38.61063003540039,18.18181800842285,22.72727394104004,15.000000953674316,5,0,0,0,0,2.389143228530884,8589934592,1073741824,5087739904,307429376
207,1771639244087,3504,3504,3504,3504,3504,3504,3504,3504,39.358882904052734,38.81447982788086,37.562538146972656,37.42456817626953,37.76421356201172,37.19506072998047,37.422035217285156,38.43476104736328,38.61063003540039,15.789472579956055,21.052631378173828,19.047618865966797,14.285715103149414,0,0,0,0,2.389143228530884,8589934592,1073741824,5087739904,307429376
209,1771639244294,3504,3504,3504,3504,3504,3504,3504,3504,39.14070129394531,38.6252326965332,37.38379669189453,37.209815979003906,37.60868835449219,37.04064178466797,37.32618713378906,38.28594970703125,38.48324966430664,19.047618865966797,20,15.000000953674316,5.263157844543457,0,0,0,0,2.389143228530884,8589934592,1073741824,5087723520,307429376
208,1771639244504,3504,3504,3504,3504,3504,3504,3504,3504,39.14070129394531,38.6252326965332,37.38379669189453,37.209815979003906,37.60868835449219,37.04064178466797,37.32618713378906,38.28594970703125,38.48324966430664,14.285715103149414,22.72727394104004,20,9.523809432983398,0,0,0,0,2.389143228530884,8589934592,1073741824,5087756288,307429376
209,1771639244712,3504,3504,3504,3504,3504,3504,3504,3504,39.14070129394531,38.6252326965332,37.38379669189453,37.209815979003906,37.60868835449219,37.04064178466797,37.32618713378906,38.28594970703125,38.48324966430664,25,19.047618865966797,19.047618865966797,9.523809432983398,0,0,0,0,2.179013252258301,8589934592,1073741824,5076566016,307429376
201,1771639244922,3504,3504,3504,3504,3504,3504,3504,3504,39.14070129394531,38.6252326965332,37.38379669189453,37.209815979003906,37.60868835449219,37.04064178466797,37.32618713378906,38.28594970703125,38.48324966430664,19.047618865966797,5,14.285715103149414,0,0,0,0,0,2.179013252258301,8589934592,1073741824,5076582400,307429376
209,1771639245124,3504,3504,3504,3504,3504,3504,3504,3504,39.14070129394531,38.6252326965332,37.38379669189453,37.209815979003906,37.51107406616211,36.894447326660156,37.209632873535156,38.198280334472656,38.376190185546875,55,50,50,45.45454788208008,0,0,0,0,2.179013252258301,8589934592,1073741824,5081202688,307429376
200,1771639245334,3504,3504,3504,3504,3504,3504,3504,3504,39.02130889892578,38.50377655029297,37.36516571044922,37.09928894042969,37.51107406616211,36.894447326660156,37.209632873535156,38.198280334472656,38.376190185546875,85,80.95238494873047,71.42857360839844,75,4.761904716491699,0,0,0,2.179013252258301,8589934592,1073741824,5086035968,307429376
206,1771639245535,3504,3504,3504,3504,3504,3504,3504,3504,39.02130889892578,38.50377655029297,37.36516571044922,37.09928894042969,37.51107406616211,36.894447326660156,37.209632873535156,38.198280334472656,38.376190185546875,71.42857360839844,65,65,65,0,0,0,0,2.179013252258301,8589934592,1073741824,5087297536,307429376
203,1771639245742,3504,3504,3504,3504,3504,3504,3504,3504,39.02130889892578,38.50377655029297,37.36516571044922,37.09928894042969,37.51107406616211,36.894447326660156,37.209632873535156,38.198280334472656,38.376190185546875,65,65,55,55,0,0,0,0,2.349545955657959,8589934592,1073741824,5087625216,307429376
209,1771639245946,3504,3504,3504,3504,3504,3504,3504,3504,39.02130889892578,38.50377655029297,37.36516571044922,37.09928894042969,37.51107406616211,36.894447326660156,37.209632873535156,38.198280334472656,38.376190185546875,45,36.3636360168457,25,19.047618865966797,0,0,0,0,2.349545955657959,8589934592,1073741824,5089394688,307429376
208,1771639246156,3504,3504,3504,3504,3504,3504,3504,3504,39.01005554199219,38.558773040771484,37.361045837402344,37.125099182128906,37.61231994628906,36.95013427734375,37.205909729003906,38.233848571777344,38.41991424560547,33.333335876464844,35,23.809524536132813,23.809524536132813,0,0,0,0,2.349545955657959,8589934592,1073741824,5088608256,307429376
209,1771639246364,3504,3504,3504,3504,3504,3504,3504,3504,39.01005554199219,38.558773040771484,37.361045837402344,37.125099182128906,37.61231994628906,36.95013427734375,37.205909729003906,38.233848571777344,38.41991424560547,28.571430206298828,19.047618865966797,18.18181800842285,10,0,0,0,0,2.349545955657959,8589934592,1073741824,5088706560,307429376
202,1771639246574,3504,3504,3504,3504,3504,3504,3504,3504,39.01005554199219,38.558773040771484,37.361045837402344,37.125099182128906,37.61231994628906,36.95013427734375,37.205909729003906,38.233848571777344,38.41991424560547,31.81818199157715,5,5.263157844543457,4.761904716491699,0,0,0,0,2.349545955657959,8589934592,1073741824,5088706560,307429376
203,1771639246777,3504,3504,3504,3504,3504,3504,3504,3504,39.01005554199219,38.558773040771484,37.361045837402344,37.125099182128906,37.61231994628906,36.95013427734375,37.205909729003906,38.233848571777344,38.41991424560547,26.3157901763916,14.285715103149414,13.636363983154297,14.285715103149414,0,0,0,0,2.0918562412261963,8589934592,1073741824,5088559104,307429376
209,1771639246981,3504,3504,3504,3504,3504,3504,3504,3504,39.01005554199219,38.558773040771484,37.361045837402344,37.125099182128906,37.61231994628906,36.95013427734375,37.205909729003906,38.233848571777344,38.41991424560547,25,15.000000953674316,20,10,0,4.761904716491699,0,0,2.0918562412261963,8589934592,1073741824,5088559104,307429376
209,1771639247191,3504,3504,3504,3504,3504,3504,3504,3504,38.87812042236328,38.290218353271484,37.129791259765625,36.991764068603516,37.31721878051758,36.710872650146484,37.07300567626953,38.04567337036133,38.20509338378906,22.72727394104004,19.047618865966797,19.047618865966797,9.523809432983398,0,0,0,0,2.0918562412261963,8589934592,1073741824,5088559104,307429376
209,1771639247401,3504,3504,3504,3504,3504,3504,3504,3504,38.87812042236328,38.290218353271484,37.129791259765625,36.991764068603516,37.31721878051758,36.710872650146484,37.07300567626953,38.04567337036133,38.20509338378906,20,9.523809432983398,19.047618865966797,0,4.545454502105713,0,0,0,2.0918562412261963,8589934592,1073741824,5088575488,307429376
209,1771639247611,3504,3504,3504,3504,3504,3504,3504,3504,38.87812042236328,38.290218353271484,37.129791259765625,36.991764068603516,37.31721878051758,36.710872650146484,37.07300567626953,38.04567337036133,38.20509338378906,28.571430206298828,19.047618865966797,20,22.72727394104004,20,15.000000953674316,19.047618865966797,18.18181800842285,2.0918562412261963,8589934592,1073741824,5088657408,307429376
206,1771639247821,3504,3504,3504,3504,3504,3504,3504,3504,38.87812042236328,38.290218353271484,37.129791259765625,36.991764068603516,37.31721878051758,36.710872650146484,37.07300567626953,38.04567337036133,38.20509338378906,19.047618865966797,10,14.285715103149414,4.761904716491699,0,0,0,0,2.6631038188934326,8589934592,1073741824,5088657408,307429376
209,1771639248028,3504,3504,3504,3504,3504,3504,3504,3504,38.87812042236328,38.290218353271484,37.129791259765625,36.991764068603516,37.31721878051758,36.710872650146484,37.07300567626953,38.04567337036133,38.20509338378906,33.333335876464844,19.047618865966797,14.285715103149414,5.263157844543457,0,0,0,0,2.6631038188934326,8589934592,1073741824,5088657408,307429376
200,1771639248238,3504,3504,3504,3504,3504,3504,3504,3504,39.150875091552734,38.54301452636719,37.3067626953125,37.188804626464844,37.4190788269043,36.98577117919922,37.25817108154297,38.308841705322266,38.48784637451172,30.000001907348633,14.285715103149414,14.285715103149414,13.636363983154297,0,0,0,0,2.6631038188934326,8589934592,1073741824,5088657408,307429376
205,1771639248438,3504,3504,3504,3504,3504,3504,3504,3504,39.150875091552734,38.54301452636719,37.3067626953125,37.188804626464844,37.4190788269043,36.98577117919922,37.25817108154297,38.308841705322266,38.48784637451172,28.571430206298828,20,5.263157844543457,5,0,0,0,0,2.6631038188934326,8589934592,1073741824,5088526336,307429376
209,1771639248643,3504,3504,3504,3504,3504,3504,3504,3504,39.150875091552734,38.54301452636719,37.3067626953125,37.188804626464844,37.4190788269043,36.98577117919922,37.25817108154297,38.308841705322266,38.48784637451172,25,20,14.285715103149414,9.523809432983398,0,0,0,0,1.9298388957977295,8589934592,1073741824,5088591872,307429376
206,1771639248854,3504,3504,3504,3504,3504,3504,3504,3504,39.150875091552734,38.54301452636719,37.3067626953125,37.188804626464844,37.4190788269043,36.98577117919922,37.25817108154297,38.308841705322266,38.48784637451172,23.809524536132813,10,14.285715103149414,5,10,13.636363983154297,5,0,1.9298388957977295,8589934592,1073741824,5090246656,307429376
209,1771639249061,3504,3504,3504,3504,3504,3504,3504,3504,39.150875091552734,38.54301452636719,37.3067626953125,37.188804626464844,37.4190788269043,36.98577117919922,37.25817108154297,38.308841705322266,38.48784637451172,19.047618865966797,27.272727966308594,10,9.523809432983398,0,0,0,0,1.9298388957977295,8589934592,1073741824,5090263040,307429376
209,1771639249271,3504,3504,3504,3504,3504,3504,3504,3504,38.84856033325195,38.20015335083008,36.99971008300781,36.81660842895508,37.16477966308594,36.55778503417969,36.92195129394531,37.90275573730469,38.064353942871094,20,19.047618865966797,13.636363983154297,14.285715103149414,0,0,0,0,1.9298388957977295,8589934592,1073741824,5090263040,307429376
206,1771639249481,3504,3504,3504,3504,3504,3504,3504,3504,38.84856033325195,38.20015335083008,36.99971008300781,36.81660842895508,37.16477966308594,36.55778503417969,36.92195129394531,37.90275573730469,38.064353942871094,25,10,10,4.761904716491699,0,0,0,0,1.9298388957977295,8589934592,1073741824,5090230272,307429376
209,1771639249688,3504,3504,3504,3504,3504,3504,3504,3504,38.84856033325195,38.20015335083008,36.99971008300781,36.81660842895508,37.16477966308594,36.55778503417969,36.92195129394531,37.90275573730469,38.064353942871094,27.272727966308594,14.285715103149414,9.523809432983398,10,0,0,0,0,2.4770400524139404,8589934592,1073741824,5090164736,307429376
203,1771639249898,3504,3504,3504,3504,3504,3504,3504,3504,38.84856033325195,38.20015335083008,36.99971008300781,36.81660842895508,37.16477966308594,36.55778503417969,36.92195129394531,37.90275573730469,38.064353942871094,23.809524536132813,10,14.285715103149414,9.523809432983398,0,0,0,0,2.4770400524139404,8589934592,1073741824,5090099200,307429376
205,1771639250102,3504,3504,3504,3504,3504,3504,3504,3504,38.84856033325195,38.20015335083008,36.99971008300781,36.81660842895508,37.16477966308594,36.55778503417969,36.92195129394531,37.90275573730469,38.064353942871094,25,18.18181800842285,10,19.047618865966797,0,0,0,0,2.4770400524139404,8589934592,1073741824,5090099200,307429376
201,1771639250308,3504,3504,3504,3504,3504,3504,3504,3504,38.585201263427734,37.964874267578125,36.881370544433594,36.598167419433594,36.988426208496094,36.391090393066406,36.70877456665039,37.714508056640625,37.88852310180664,20,10.526315689086914,10,15.000000953674316,0,0,0,0,2.4770400524139404,8589934592,1073741824,5090099200,307429376
202,1771639250510,3504,3504,3504,3504,3504,3504,3504,3504,38.585201263427734,37.964874267578125,36.881370544433594,36.598167419433594,36.988426208496094,36.391090393066406,36.70877456665039,37.714508056640625,37.88852310180664,15.000000953674316,14.285715103149414,9.523809432983398,19.047618865966797,0,0,0,0,2.4770400524139404,8589934592,1073741824,5086232576,307429376
209,1771639250712,3504,3504,3504,3504,3504,3504,3504,3504,38.585201263427734,37.964874267578125,36.881370544433594,36.598167419433594,36.988426208496094,36.391090393066406,36.70877456665039,37.714508056640625,37.88852310180664,10,14.285715103149414,10,21.052631378173828,0,0,0,0,2.736886739730835,8589934592,1073741824,5086167040,307429376
208,1771639250923,3504,3504,3504,3504,3504,3504,3504,3504,38.585201263427734,37.964874267578125,36.881370544433594,36.598167419433594,36.988426208496094,36.391090393066406,36.70877456665039,37.714508056640625,37.88852310180664,19.047618865966797,10,19.047618865966797,14.285715103149414,0,0,0,0,2.736886739730835,8589934592,1073741824,5086183424,307429376
203,1771639251132,3504,3504,3504,3504,3504,3504,3504,3504,38.585201263427734,37.82556915283203,36.70661926269531,36.51262664794922,36.88252258300781,36.30853271484375,36.56988525390625,37.59101104736328,37.73035430908203,23.809524536132813,15.000000953674316,19.047618865966797,9.523809432983398,0,0,0,0,2.736886739730835,8589934592,1073741824,5086183424,307429376
201,1771639251336,3504,3504,3504,3504,3504,3504,3504,3504,38.352630615234375,37.82556915283203,36.70661926269531,36.51262664794922,36.88252258300781,36.30853271484375,36.56988525390625,37.59101104736328,37.73035430908203,19.047618865966797,23.809524536132813,20,9.523809432983398,0,0,0,0,2.736886739730835,8589934592,1073741824,5085659136,307429376
200,1771639251537,3504,3504,3504,3504,3504,3504,3504,3504,38.352630615234375,37.82556915283203,36.70661926269531,36.51262664794922,36.88252258300781,36.30853271484375,36.56988525390625,37.59101104736328,37.73035430908203,15.000000953674316,19.047618865966797,15.000000953674316,5,0,0,0,0,2.736886739730835,8589934592,1073741824,5085659136,307429376
209,1771639251738,3504,3504,3504,3504,3504,3504,3504,3504,38.352630615234375,37.82556915283203,36.70661926269531,36.51262664794922,36.88252258300781,36.30853271484375,36.56988525390625,37.59101104736328,37.73035430908203,30.000001907348633,22.22222328186035,21.052631378173828,15.789472579956055,40,0,0,0,2.191287040710449,8589934592,1073741824,5086035968,307429376
205,1771639251948,3504,3504,3504,3504,3504,3504,3504,3504,38.352630615234375,37.82556915283203,36.70661926269531,36.51262664794922,36.88252258300781,36.30853271484375,36.56988525390625,37.59101104736328,37.73035430908203,20,22.72727394104004,13.636363983154297,18.18181800842285,13.636363983154297,9.523809432983398,9.090909004211426,4.545454502105713,2.191287040710449,8589934592,1073741824,5086724096,307429376
209,1771639252154,3504,3504,3504,3504,3504,3504,3504,3504,38.52516174316406,38.17525863647461,36.94068908691406,36.634979248046875,36.943729400634766,36.29764938354492,36.58164596557617,37.6005744934082,37.77742385864258,20,14.285715103149414,10,15.000000953674316,0,0,0,0,2.191287040710449,8589934592,1073741824,5086724096,307429376
206,1771639252364,3504,3504,3504,3504,3504,3504,3504,3504,38.52516174316406,38.17525863647461,36.94068908691406,36.634979248046875,36.943729400634766,36.29764938354492,36.58164596557617,37.6005744934082,37.77742385864258,19.047618865966797,5,19.047618865966797,15.000000953674316,0,0,0,0,2.191287040710449,8589934592,1073741824,5086724096,307429376
203,1771639252571,3504,3504,3504,3504,3504,3504,3504,3504,38.52516174316406,38.17525863647461,36.94068908691406,36.634979248046875,36.943729400634766,36.29764938354492,36.58164596557617,37.6005744934082,37.77742385864258,19.047618865966797,15.000000953674316,19.047618865966797,13.636363983154297,5,4.545454502105713,0,0,2.191287040710449,8589934592,1073741824,5086789632,307429376
209,1771639252775,3504,3504,3504,3504,3504,3504,3504,3504,38.52516174316406,38.17525863647461,36.94068908691406,36.634979248046875,36.943729400634766,36.29764938354492,36.58164596557617,37.6005744934082,37.77742385864258,28.571430206298828,19.047618865966797,20,10,0,0,0,0,2.2663512229919434,8589934592,1073741824,5086756864,307429376
202,1771639252985,3504,3504,3504,3504,3504,3504,3504,3504,38.52516174316406,38.17525863647461,36.94068908691406,36.634979248046875,36.943729400634766,36.29764938354492,36.58164596557617,37.6005744934082,37.77742385864258,20,9.523809432983398,9.523809432983398,15.000000953674316,0,0,0,0,2.2663512229919434,8589934592,1073741824,5086756864,307429376
209,1771639253188,3504,3504,3504,3504,3504,3504,3504,3504,38.25338363647461,37.735477447509766,36.60118865966797,36.310791015625,36.82411575317383,36.22200012207031,36.406803131103516,37.43498992919922,37.61018753051758,19.047618865966797,25,14.285715103149414,19.047618865966797,0,0,0,0,2.2663512229919434,8589934592,1073741824,5086838784,307429376
209,1771639253398,3504,3504,3504,3504,3504,3504,3504,3504,38.25338363647461,37.735477447509766,36.60118865966797,36.310791015625,36.82411575317383,36.22200012207031,36.406803131103516,37.43498992919922,37.61018753051758,14.285715103149414,18.18181800842285,5,15.000000953674316,0,0,0,0,2.2663512229919434,8589934592,1073741824,5086887936,307429376
201,1771639253608,3504,3504,3504,3504,3504,3504,3504,3504,38.25338363647461,37.735477447509766,36.60118865966797,36.310791015625,36.82411575317383,36.22200012207031,36.406803131103516,37.43498992919922,37.61018753051758,19.047618865966797,15.000000953674316,10,18.18181800842285,0,0,0,0,2.2663512229919434,8589934592,1073741824,5086855168,307429376
209,1771639253810,3504,3504,3504,3504,3504,3504,3504,3504,38.25338363647461,37.735477447509766,36.60118865966797,36.310791015625,36.82411575317383,36.22200012207031,36.406803131103516,37.43498992919922,37.61018753051758,25,15.000000953674316,19.047618865966797,15.000000953674316,0,0,0,0,2.3022267818450928,8589934592,1073741824,5086871552,307429376
199,1771639254021,3504,3504,3504,3504,3504,3504,3504,3504,38.25338363647461,37.735477447509766,36.60118865966797,36.310791015625,36.82411575317383,36.22200012207031,36.406803131103516,37.43498992919922,37.61018753051758,23.809524536132813,14.285715103149414,14.285715103149414,5,0,0,0,0,2.3022267818450928,8589934592,1073741824,5086724096,307429376
209,1771639254220,3504,3504,3504,3504,3504,3504,3504,3504,38.19105911254883,37.545616149902344,36.47721862792969,35.95022201538086,36.70766067504883,36.124725341796875,36.27497100830078,37.278926849365234,37.49663162231445,21.052631378173828,15.789472579956055,19.047618865966797,14.285715103149414,0,0,0,0,2.3022267818450928,8589934592,1073741824,5086806016,307429376
199,1771639254431,3504,3504,3504,3504,3504,3504,3504,3504,38.19105911254883,37.545616149902344,36.47721862792969,35.95022201538086,36.70766067504883,36.124725341796875,36.27497100830078,37.278926849365234,37.49663162231445,23.809524536132813,14.285715103149414,10,14.285715103149414,0,0,0,0,2.3022267818450928,8589934592,1073741824,5086822400,307429376
205,1771639254631,3504,3504,3504,3504,3504,3504,3504,3504,38.19105911254883,37.545616149902344,36.47721862792969,35.95022201538086,36.70766067504883,36.124725341796875,36.27497100830078,37.278926849365234,37.49663162231445,20,19.047618865966797,20,10,0,0,0,0,2.029926300048828,8589934592,1073741824,5086806016,307429376
209,1771639254837,3504,3504,3504,3504,3504,3504,3504,3504,38.19105911254883,37.545616149902344,36.47721862792969,35.95022201538086,36.70766067504883,36.124725341796875,36.27497100830078,37.278926849365234,37.49663162231445,20,20,20,10,0,0,0,0,2.029926300048828,8589934592,1073741824,5086806016,307429376
207,1771639255047,3504,3504,3504,3504,3504,3504,3504,3504,38.19105911254883,37.545616149902344,36.47721862792969,35.95022201538086,36.70766067504883,36.124725341796875,36.27497100830078,37.278926849365234,37.49663162231445,19.047618865966797,14.285715103149414,18.18181800842285,9.523809432983398,0,0,0,0,2.029926300048828,8589934592,1073741824,5086855168,307429376
205,1771639255256,3504,3504,3504,3504,3504,3504,3504,3504,38.20829391479492,37.454166412353516,36.35289001464844,35.88771057128906,36.60799026489258,36.06102752685547,36.186851501464844,37.19080352783203,37.39400863647461,22.72727394104004,10,15.000000953674316,9.523809432983398,0,0,0,0,2.029926300048828,8589934592,1073741824,5086855168,307429376
209,1771639255461,3504,3504,3504,3504,3504,3504,3504,3504,38.20829391479492,37.454166412353516,36.35289001464844,35.88771057128906,36.60799026489258,36.06102752685547,36.186851501464844,37.19080352783203,37.39400863647461,15.000000953674316,14.285715103149414,23.809524536132813,15.000000953674316,0,0,0,0,2.029926300048828,8589934592,1073741824,5086855168,307429376
204,1771639255672,3504,3504,3504,3504,3504,3504,3504,3504,38.20829391479492,37.454166412353516,36.35289001464844,35.88771057128906,36.60799026489258,36.06102752685547,36.186851501464844,37.19080352783203,37.39400863647461,30.000001907348633,14.285715103149414,10,9.523809432983398,0,0,0,0,2.886631488800049,8589934592,1073741824,5086969856,307429376
209,1771639255877,3504,3504,3504,3504,3504,3504,3504,3504,38.20829391479492,37.454166412353516,36.35289001464844,35.88771057128906,36.60799026489258,36.06102752685547,36.186851501464844,37.19080352783203,37.39400863647461,20,15.000000953674316,10,18.18181800842285,0,0,0,0,2.886631488800049,8589934592,1073741824,5086937088,307429376
209,1771639256087,3504,3504,3504,3504,3504,3504,3504,3504,38.20829391479492,37.454166412353516,36.35289001464844,35.88771057128906,36.60799026489258,36.06102752685547,36.186851501464844,37.19080352783203,37.39400863647461,27.272727966308594,14.285715103149414,9.523809432983398,5.263157844543457,0,0,0,0,2.886631488800049,8589934592,1073741824,5087084544,307429376
209,1771639256297,3504,3504,3504,3504,3504,3504,3504,3504,38.148231506347656,37.35491943359375,36.229923248291016,35.80390548706055,36.54610061645508,35.99187469482422,36.080970764160156,37.102500915527344,37.32863998413086,28.571430206298828,14.285715103149414,9.523809432983398,13.636363983154297,0,0,0,0,2.886631488800049,8589934592,1073741824,5087084544,307429376
209,1771639256507,3504,3504,3504,3504,3504,3504,3504,3504,38.148231506347656,37.35491943359375,36.229923248291016,35.80390548706055,36.54610061645508,35.99187469482422,36.080970764160156,37.102500915527344,37.32863998413086,20,19.047618865966797,14.285715103149414,5,0,0,0,0,2.886631488800049,8589934592,1073741824,5087068160,307429376
204,1771639256717,3504,3504,3504,3504,3504,3504,3504,3504,38.148231506347656,37.35491943359375,36.229923248291016,35.80390548706055,36.54610061645508,35.99187469482422,36.080970764160156,37.102500915527344,37.32863998413086,22.72727394104004,19.047618865966797,13.636363983154297,13.636363983154297,0,0,0,0,2.725980281829834,8589934592,1073741824,5087084544,307429376
200,1771639256922,3504,3504,3504,3504,3504,3504,3504,3504,38.148231506347656,37.35491943359375,36.229923248291016,35.80390548706055,36.54610061645508,35.99187469482422,36.080970764160156,37.102500915527344,37.32863998413086,20,15.000000953674316,10,20,0,0,0,0,2.725980281829834,8589934592,1073741824,5086806016,307429376
201,1771639257123,3504,3504,3504,3504,3504,3504,3504,3504,38.148231506347656,37.35491943359375,36.229923248291016,35.80390548706055,36.54610061645508,35.99187469482422,36.080970764160156,37.102500915527344,37.32863998413086,15.000000953674316,25,15.000000953674316,21.052631378173828,0,0,0,0,2.725980281829834,8589934592,1073741824,5086920704,307429376
205,1771639257325,3504,3504,3504,3504,3504,3504,3504,3504,38.100406646728516,37.25515365600586,36.12598419189453,35.711341857910156,36.38716125488281,35.908790588378906,35.960166931152344,37.00682830810547,37.218082427978516,15.789472579956055,19.047618865966797,20,14.285715103149414,10,5,5,4.761904716491699,2.725980281829834,8589934592,1073741824,5088362496,307429376
209,1771639257531,3504,3504,3504,3504,3504,3504,3504,3504,38.100406646728516,37.25515365600586,36.12598419189453,35.711341857910156,36.38716125488281,35.908790588378906,35.960166931152344,37.00682830810547,37.218082427978516,22.72727394104004,15.000000953674316,19.047618865966797,0,4.545454502105713,0,0,0,2.725980281829834,8589934592,1073741824,5088378880,307429376
202,1771639257740,3504,3504,3504,3504,3504,3504,3504,3504,38.100406646728516,37.25515365600586,36.12598419189453,35.711341857910156,36.38716125488281,35.908790588378906,35.960166931152344,37.00682830810547,37.218082427978516,23.809524536132813,19.047618865966797,15.000000953674316,14.285715103149414,0,0,0,0,2.1793618202209473,8589934592,1073741824,5088378880,307429376
207,1771639257944,3504,3504,3504,3504,3504,3504,3504,3504,38.100406646728516,37.25515365600586,36.12598419189453,35.711341857910156,36.38716125488281,35.908790588378906,35.960166931152344,37.00682830810547,37.218082427978516,11.111111640930176,21.052631378173828,10,9.523809432983398,0,0,0,0,2.1793618202209473,8589934592,1073741824,5088198656,307429376
201,1771639258152,3504,3504,3504,3504,3504,3504,3504,3504,38.11442184448242,37.246028900146484,36.131126403808594,35.696998596191406,36.33754348754883,35.8899040222168,35.932044982910156,36.97749328613281,37.205322265625,22.72727394104004,23.809524536132813,14.285715103149414,10,0,0,0,0,2.1793618202209473,8589934592,1073741824,5088215040,307429376
207,1771639258354,3504,3504,3504,3504,3504,3504,3504,3504,38.11442184448242,37.246028900146484,36.131126403808594,35.696998596191406,36.33754348754883,35.8899040222168,35.932044982910156,36.97749328613281,37.205322265625,20,23.809524536132813,14.285715103149414,5,0,0,0,0,2.1793618202209473,8589934592,1073741824,5088215040,307429376
209,1771639258562,3504,3504,3504,3504,3504,3504,3504,3504,38.11442184448242,37.246028900146484,36.131126403808594,35.696998596191406,36.33754348754883,35.8899040222168,35.932044982910156,36.97749328613281,37.205322265625,19.047618865966797,15.000000953674316,20,13.636363983154297,0,0,0,0,2.1793618202209473,8589934592,1073741824,5088215040,307429376
209,1771639258772,3504,3504,3504,3504,3504,3504,3504,3504,38.11442184448242,37.246028900146484,36.131126403808594,35.696998596191406,36.33754348754883,35.8899040222168,35.932044982910156,36.97749328613281,37.205322265625,45,47.619049072265625,33.333335876464844,55,0,0,0,0,2.1165859699249268,8589934592,1073741824,5106925568,307429376
203,1771639258982,3504,3504,3504,3504,3504,3504,3504,3504,38.11442184448242,37.246028900146484,36.131126403808594,35.696998596191406,36.33754348754883,35.8899040222168,35.932044982910156,36.97749328613281,37.205322265625,33.333335876464844,47.619049072265625,52.38095474243164,28.571430206298828,0,0,0,0,2.1165859699249268,8589934592,1073741824,5111021568,307429376
207,1771639259186,3504,3504,3504,3504,3504,3504,3504,3504,38.05021667480469,37.14027404785156,36.050697326660156,35.579994201660156,36.279117584228516,35.82403564453125,35.850852966308594,36.89070510864258,37.13005828857422,35,50,52.38095474243164,45,0,0,0,0,2.1165859699249268,8589934592,1073741824,5111021568,307429376
208,1771639259395,3504,3504,3504,3504,3504,3504,3504,3504,38.05021667480469,37.14027404785156,36.050697326660156,35.579994201660156,36.279117584228516,35.82403564453125,35.850852966308594,36.89070510864258,37.13005828857422,47.619049072265625,47.619049072265625,30.000001907348633,38.095237731933594,0,0,0,0,2.1165859699249268,8589934592,1073741824,5111021568,307429376
207,1771639259604,3504,3504,3504,3504,3504,3504,3504,3504,38.05021667480469,37.14027404785156,36.050697326660156,35.579994201660156,36.279117584228516,35.82403564453125,35.850852966308594,36.89070510864258,37.13005828857422,50,60.000003814697266,28.571430206298828,19.047618865966797,0,0,0,0,2.1165859699249268,8589934592,1073741824,5111021568,307429376
202,1771639259812,3504,3504,3504,3504,3504,3504,3504,3504,38.05021667480469,37.14027404785156,36.050697326660156,35.579994201660156,36.279117584228516,35.82403564453125,35.850852966308594,36.89070510864258,37.13005828857422,47.619049072265625,36.3636360168457,25,33.333335876464844,0,4.761904716491699,0,4.545454502105713,2.1295502185821533,8589934592,1073741824,5126848512,307429376
200,1771639260015,3504,3504,3504,3504,3504,3504,3504,3504,38.05021667480469,37.14027404785156,36.050697326660156,35.579994201660156,36.279117584228516,35.82403564453125,35.850852966308594,36.89070510864258,37.13005828857422,15.000000953674316,10,19.047618865966797,25,0,0,0,0,2.1295502185821533,8589934592,1073741824,5135958016,307429376
209,1771639260216,3504,3504,3504,3504,3504,3504,3504,3504,38.000694274902344,37.196937561035156,36.075889587402344,35.61028289794922,36.344139099121094,35.84754180908203,35.86117935180664,36.91231155395508,37.09075164794922,33.333335876464844,15.789472579956055,20,10,5,0,4.761904716491699,0,2.1295502185821533,8589934592,1073741824,5136269312,307429376
208,1771639260426,3504,3504,3504,3504,3504,3504,3504,3504,38.000694274902344,37.196937561035156,36.075889587402344,35.61028289794922,36.344139099121094,35.84754180908203,35.86117935180664,36.91231155395508,37.09075164794922,23.809524536132813,13.636363983154297,10,4.761904716491699,0,0,0,0,2.1295502185821533,8589934592,1073741824,5136351232,307429376
201,1771639260635,3504,3504,3504,3504,3504,3504,3504,3504,38.000694274902344,37.196937561035156,36.075889587402344,35.61028289794922,36.344139099121094,35.84754180908203,35.86117935180664,36.91231155395508,37.09075164794922,25,15.000000953674316,13.636363983154297,10,0,0,0,0,2.253355026245117,8589934592,1073741824,5132238848,307429376
200,1771639260837,3504,3504,3504,3504,3504,3504,3504,3504,38.000694274902344,37.196937561035156,36.075889587402344,35.61028289794922,36.344139099121094,35.84754180908203,35.86117935180664,36.91231155395508,37.09075164794922,28.571430206298828,19.047618865966797,5.263157844543457,19.047618865966797,0,0,0,0,2.253355026245117,8589934592,1073741824,5132304384,307429376
209,1771639261038,3504,3504,3504,3504,3504,3504,3504,3504,38.000694274902344,37.196937561035156,36.075889587402344,35.61028289794922,36.344139099121094,35.84754180908203,35.86117935180664,36.91231155395508,37.09075164794922,20,15.000000953674316,14.285715103149414,10.526315689086914,0,0,0,0,2.253355026245117,8589934592,1073741824,5133172736,307429376
207,1771639261248,3504,3504,3504,3504,3504,3504,3504,3504,37.867393493652344,37.026676177978516,35.98106384277344,35.44921112060547,36.1485595703125,35.74447250366211,35.82002639770508,36.8113899230957,36.964717864990234,25,15.000000953674316,15.000000953674316,13.636363983154297,0,0,0,0,2.253355026245117,8589934592,1073741824,5132517376,307429376
209,1771639261456,3504,3504,3504,3504,3504,3504,3504,3504,37.867393493652344,37.026676177978516,35.98106384277344,35.44921112060547,36.1485595703125,35.74447250366211,35.82002639770508,36.8113899230957,36.964717864990234,23.809524536132813,19.047618865966797,9.523809432983398,9.523809432983398,0,0,0,0,2.253355026245117,8589934592,1073741824,5132550144,307429376
209,1771639261666,3504,3504,3504,3504,3504,3504,3504,3504,37.867393493652344,37.026676177978516,35.98106384277344,35.44921112060547,36.1485595703125,35.74447250366211,35.82002639770508,36.8113899230957,36.964717864990234,33.333335876464844,28.571430206298828,10,14.285715103149414,19.047618865966797,0,0,0,3.1598479747772217,8589934592,1073741824,5132550144,307429376
205,1771639261876,3504,3504,3504,3504,3504,3504,3504,3504,37.867393493652344,37.026676177978516,35.98106384277344,35.44921112060547,36.1485595703125,35.74447250366211,35.82002639770508,36.8113899230957,36.964717864990234,30.000001907348633,19.047618865966797,22.72727394104004,15.000000953674316,13.636363983154297,0,0,0,3.1598479747772217,8589934592,1073741824,5132697600,307429376
209,1771639262082,3504,3504,3504,3504,3504,3504,3504,3504,37.867393493652344,37.026676177978516,35.98106384277344,35.44921112060547,36.1485595703125,35.74447250366211,35.82002639770508,36.8113899230957,36.964717864990234,23.809524536132813,19.047618865966797,10,9.523809432983398,0,0,0,0,3.1598479747772217,8589934592,1073741824,5132697600,307429376
209,1771639262292,3504,3504,3504,3504,3504,3504,3504,3504,37.88482666015625,37.12371826171875,36.04079818725586,35.46002960205078,36.171791076660156,35.7026252746582,35.81037902832031,36.76593780517578,36.89366912841797,36.3636360168457,20,19.047618865966797,23.809524536132813,0,0,0,0,3.1598479747772217,8589934592,1073741824,5134729216,307429376
208,1771639262502,3504,3504,3504,3504,3504,3504,3504,3504,37.88482666015625,37.12371826171875,36.04079818725586,35.46002960205078,36.171791076660156,35.7026252746582,35.81037902832031,36.76593780517578,36.89366912841797,20,14.285715103149414,19.047618865966797,19.047618865966797,5,0,0,0,3.1598479747772217,8589934592,1073741824,5134745600,307429376
199,1771639262710,3504,3504,3504,3504,3504,3504,3504,3504,37.88482666015625,37.12371826171875,36.04079818725586,35.46002960205078,36.171791076660156,35.7026252746582,35.81037902832031,36.76593780517578,36.89366912841797,14.285715103149414,15.000000953674316,5,5,4.761904716491699,4.761904716491699,5,0,2.7124428749084473,8589934592,1073741824,5134761984,307429376
209,1771639262910,3504,3504,3504,3504,3504,3504,3504,3504,37.88482666015625,37.12371826171875,36.04079818725586,35.46002960205078,36.171791076660156,35.7026252746582,35.81037902832031,36.76593780517578,36.89366912841797,20,19.047618865966797,10,10,0,0,0,0,2.7124428749084473,8589934592,1073741824,5134893056,307429376
209,1771639263120,3504,3504,3504,3504,3504,3504,3504,3504,37.88482666015625,37.12371826171875,36.04079818725586,35.46002960205078,36.171791076660156,35.7026252746582,35.81037902832031,36.76593780517578,36.89366912841797,20,15.000000953674316,14.285715103149414,13.636363983154297,0,0,0,0,2.7124428749084473,8589934592,1073741824,5134909440,307429376
207,1771639263330,3504,3504,3504,3504,3504,3504,3504,3504,37.81062316894531,36.89336013793945,35.87012481689453,35.38346862792969,36.06178283691406,35.65721130371094,35.807640075683594,36.72096633911133,36.83554458618164,28.571430206298828,14.285715103149414,9.090909004211426,5,0,0,0,0,2.7124428749084473,8589934592,1073741824,5134893056,307429376
206,1771639263539,3504,3504,3504,3504,3504,3504,3504,3504,37.81062316894531,36.89336013793945,35.87012481689453,35.38346862792969,36.06178283691406,35.65721130371094,35.807640075683594,36.72096633911133,36.83554458618164,28.571430206298828,9.523809432983398,5.263157844543457,9.523809432983398,0,0,0,0,2.7124428749084473,8589934592,1073741824,5134893056,307429376
206,1771639263746,3504,3504,3504,3504,3504,3504,3504,3504,37.81062316894531,36.89336013793945,35.87012481689453,35.38346862792969,36.06178283691406,35.65721130371094,35.807640075683594,36.72096633911133,36.83554458618164,25,14.285715103149414,14.285715103149414,9.523809432983398,0,0,0,0,2.2910706996917725,8589934592,1073741824,5134893056,307429376
209,1771639263953,3504,3504,3504,3504,3504,3504,3504,3504,37.81062316894531,36.89336013793945,35.87012481689453,35.38346862792969,36.06178283691406,35.65721130371094,35.807640075683594,36.72096633911133,36.83554458618164,31.81818199157715,14.285715103149414,13.636363983154297,5,0,0,0,0,2.2910706996917725,8589934592,1073741824,5134893056,307429376
199,1771639264163,3504,3504,3504,3504,3504,3504,3504,3504,37.6165771484375,36.76841735839844,35.69197082519531,35.307518005371094,35.91196060180664,35.55443572998047,35.790218353271484,36.55807876586914,36.75407791137695,25,15.000000953674316,10,9.523809432983398,4.761904716491699,4.545454502105713,0,0,2.2910706996917725,8589934592,1073741824,5134630912,307429376
205,1771639264364,3504,3504,3504,3504,3504,3504,3504,3504,37.6165771484375,36.76841735839844,35.69197082519531,35.307518005371094,35.91196060180664,35.55443572998047,35.790218353271484,36.55807876586914,36.75407791137695,25,10,10,15.000000953674316,0,0,0,0,2.2910706996917725,8589934592,1073741824,5134647296,307429376
204,1771639264570,3504,3504,3504,3504,3504,3504,3504,3504,37.6165771484375,36.76841735839844,35.69197082519531,35.307518005371094,35.91196060180664,35.55443572998047,35.790218353271484,36.55807876586914,36.75407791137695,23.809524536132813,15.000000953674316,15.000000953674316,9.523809432983398,0,0,0,0,2.2910706996917725,8589934592,1073741824,5134647296,307429376
208,1771639264774,3504,3504,3504,3504,3504,3504,3504,3504,37.6165771484375,36.76841735839844,35.69197082519531,35.307518005371094,35.91196060180664,35.55443572998047,35.790218353271484,36.55807876586914,36.75407791137695,10,19.047618865966797,19.047618865966797,10,0,0,0,0,1.9432225227355957,8589934592,1073741824,5134745600,307429376
200,1771639264984,3504,3504,3504,3504,3504,3504,3504,3504,37.6165771484375,36.76841735839844,35.69197082519531,35.307518005371094,35.91196060180664,35.55443572998047,35.790218353271484,36.55807876586914,36.75407791137695,14.285715103149414,19.047618865966797,15.000000953674316,4.761904716491699,0,0,0,0,1.9432225227355957,8589934592,1073741824,5134778368,307429376
201,1771639265185,3504,3504,3504,3504,3504,3504,3504,3504,37.460391998291016,36.61878204345703,35.647796630859375,35.23590850830078,35.794212341308594,35.492652893066406,35.765499114990234,36.468265533447266,36.69700241088867,15.000000953674316,15.789472579956055,20,14.285715103149414,0,4.761904716491699,0,0,1.9432225227355957,8589934592,1073741824,5134614528,307429376
209,1771639265386,3504,3504,3504,3504,3504,3504,3504,3504,37.460391998291016,36.61878204345703,35.647796630859375,35.23590850830078,35.794212341308594,35.492652893066406,35.765499114990234,36.468265533447266,36.69700241088867,15.000000953674316,15.000000953674316,23.809524536132813,5.263157844543457,0,0,0,0,1.9432225227355957,8589934592,1073741824,5134630912,307429376
207,1771639265596,3504,3504,3504,3504,3504,3504,3504,3504,37.460391998291016,36.61878204345703,35.647796630859375,35.23590850830078,35.794212341308594,35.492652893066406,35.765499114990234,36.468265533447266,36.69700241088867,15.000000953674316,18.18181800842285,14.285715103149414,19.047618865966797,0,0,0,0,1.9432225227355957,8589934592,1073741824,5134548992,307429376
205,1771639265804,3504,3504,3504,3504,3504,3504,3504,3504,37.460391998291016,36.61878204345703,35.647796630859375,35.23590850830078,35.794212341308594,35.492652893066406,35.765499114990234,36.468265533447266,36.69700241088867,14.285715103149414,15.000000953674316,10,23.809524536132813,0,0,0,0,2.6249256134033203,8589934592,1073741824,5134548992,307429376
209,1771639266010,3504,3504,3504,3504,3504,3504,3504,3504,37.460391998291016,36.61878204345703,35.647796630859375,35.23590850830078,35.794212341308594,35.492652893066406,35.765499114990234,36.468265533447266,36.69700241088867,19.047618865966797,14.285715103149414,10,15.000000953674316,0,0,0,0,2.6249256134033203,8589934592,1073741824,5134319616,307429376
209,1771639266220,3504,3504,3504,3504,3504,3504,3504,3504,37.40144729614258,36.52536392211914,35.630592346191406,35.11967468261719,35.679969787597656,35.436378479003906,35.71996307373047,36.40789794921875,36.63164138793945,19.047618865966797,15.000000953674316,13.636363983154297,14.285715103149414,0,0,0,0,2.6249256134033203,8589934592,1073741824,5134319616,307429376
204,1771639266430,3504,3504,3504,3504,3504,3504,3504,3504,37.40144729614258,36.52536392211914,35.630592346191406,35.11967468261719,35.679969787597656,35.436378479003906,35.71996307373047,36.40789794921875,36.63164138793945,15.000000953674316,19.047618865966797,9.523809432983398,19.047618865966797,0,0,0,0,2.6249256134033203,8589934592,1073741824,5134368768,307429376
201,1771639266635,3504,3504,3504,3504,3504,3504,3504,3504,37.40144729614258,36.52536392211914,35.630592346191406,35.11967468261719,35.679969787597656,35.436378479003906,35.71996307373047,36.40789794921875,36.63164138793945,19.047618865966797,14.285715103149414,10,15.000000953674316,0,0,0,0,2.277703285217285,8589934592,1073741824,5134483456,307429376
209,1771639266837,3504,3504,3504,3504,3504,3504,3504,3504,37.40144729614258,36.52536392211914,35.630592346191406,35.11967468261719,35.679969787597656,35.436378479003906,35.71996307373047,36.40789794921875,36.63164138793945,35,20,15.000000953674316,14.285715103149414,0,0,0,0,2.277703285217285,8589934592,1073741824,5134254080,307429376
208,1771639267047,3504,3504,3504,3504,3504,3504,3504,3504,37.40144729614258,36.52536392211914,35.630592346191406,35.11967468261719,35.679969787597656,35.436378479003906,35.71996307373047,36.40789794921875,36.63164138793945,25,14.285715103149414,14.285715103149414,4.761904716491699,0,0,0,0,2.277703285217285,8589934592,1073741824,5134254080,307429376
208,1771639267256,3504,3504,3504,3504,3504,3504,3504,3504,37.258216857910156,36.495906829833984,35.59580993652344,35.02387237548828,35.63842010498047,35.368186950683594,35.65053176879883,36.37520217895508,36.543155670166016,33.333335876464844,47.619049072265625,15.000000953674316,23.809524536132813,4.761904716491699,0,0,0,2.277703285217285,8589934592,1073741824,5134286848,307429376
209,1771639267465,3504,3504,3504,3504,3504,3504,3504,3504,37.258216857910156,36.495906829833984,35.59580993652344,35.02387237548828,35.63842010498047,35.368186950683594,35.65053176879883,36.37520217895508,36.543155670166016,28.571430206298828,15.000000953674316,13.636363983154297,5,0,0,0,0,2.277703285217285,8589934592,1073741824,5134336000,307429376
209,1771639267675,3504,3504,3504,3504,3504,3504,3504,3504,37.258216857910156,36.495906829833984,35.59580993652344,35.02387237548828,35.63842010498047,35.368186950683594,35.65053176879883,36.37520217895508,36.543155670166016,28.571430206298828,23.809524536132813,19.047618865966797,14.285715103149414,19.047618865966797,23.809524536132813,18.18181800842285,14.285715103149414,2.079571008682251,8589934592,1073741824,5134417920,307429376
203,1771639267885,3504,3504,3504,3504,3504,3504,3504,3504,37.258216857910156,36.495906829833984,35.59580993652344,35.02387237548828,35.63842010498047,35.368186950683594,35.65053176879883,36.37520217895508,36.543155670166016,20,14.285715103149414,10,15.000000953674316,0,0,0,0,2.079571008682251,8589934592,1073741824,5134417920,307429376
207,1771639268089,3504,3504,3504,3504,3504,3504,3504,3504,37.258216857910156,36.495906829833984,35.59580993652344,35.02387237548828,35.63842010498047,35.368186950683594,35.65053176879883,36.37520217895508,36.543155670166016,19.047618865966797,25,15.000000953674316,14.285715103149414,0,0,0,0,2.079571008682251,8589934592,1073741824,5134368768,307429376
209,1771639268297,3504,3504,3504,3504,3504,3504,3504,3504,37.80278015136719,36.922542572021484,35.897064208984375,35.4321403503418,35.93170166015625,35.678497314453125,35.89636993408203,36.74760055541992,36.917640686035156,23.809524536132813,28.571430206298828,18.18181800842285,14.285715103149414,14.285715103149414,10,9.523809432983398,5,2.079571008682251,8589934592,1073741824,5136596992,307429376
209,1771639268507,3504,3504,3504,3504,3504,3504,3504,3504,37.80278015136719,36.922542572021484,35.897064208984375,35.4321403503418,35.93170166015625,35.678497314453125,35.89636993408203,36.74760055541992,36.917640686035156,23.809524536132813,19.047618865966797,10,4.761904716491699,0,0,0,0,2.079571008682251,8589934592,1073741824,5136596992,307429376
204,1771639268718,3504,3504,3504,3504,3504,3504,3504,3504,37.80278015136719,36.922542572021484,35.897064208984375,35.4321403503418,35.93170166015625,35.678497314453125,35.89636993408203,36.74760055541992,36.917640686035156,19.047618865966797,19.047618865966797,9.523809432983398,9.523809432983398,0,0,0,0,2.079740047454834,8589934592,1073741824,5136613376,307429376
209,1771639268923,3504,3504,3504,3504,3504,3504,3504,3504,37.80278015136719,36.922542572021484,35.897064208984375,35.4321403503418,35.93170166015625,35.678497314453125,35.89636993408203,36.74760055541992,36.917640686035156,30.000001907348633,15.000000953674316,19.047618865966797,9.523809432983398,0,0,0,0,2.079740047454834,8589934592,1073741824,5136613376,307429376
201,1771639269133,3504,3504,3504,3504,3504,3504,3504,3504,37.50343704223633,36.64693832397461,35.72107696533203,35.19169616699219,35.73491668701172,35.45008087158203,35.72431182861328,36.47407913208008,36.67365646362305,33.333335876464844,14.285715103149414,14.285715103149414,10,0,0,0,0,2.079740047454834,8589934592,1073741824,5136662528,307429376
207,1771639269336,3504,3504,3504,3504,3504,3504,3504,3504,37.50343704223633,36.64693832397461,35.72107696533203,35.19169616699219,35.73491668701172,35.45008087158203,35.72431182861328,36.47407913208008,36.67365646362305,25,20,15.000000953674316,14.285715103149414,0,0,0,0,2.079740047454834,8589934592,1073741824,5136711680,307429376
207,1771639269544,3504,3504,3504,3504,3504,3504,3504,3504,37.50343704223633,36.64693832397461,35.72107696533203,35.19169616699219,35.73491668701172,35.45008087158203,35.72431182861328,36.47407913208008,36.67365646362305,30.000001907348633,14.285715103149414,10,5,0,0,0,0,2.079740047454834,8589934592,1073741824,5136695296,307429376
209,1771639269752,3504,3504,3504,3504,3504,3504,3504,3504,37.50343704223633,36.64693832397461,35.72107696533203,35.19169616699219,35.73491668701172,35.45008087158203,35.72431182861328,36.47407913208008,36.67365646362305,27.272727966308594,19.047618865966797,14.285715103149414,9.523809432983398,0,0,0,0,2.403902530670166,8589934592,1073741824,5136957440,307429376
201,1771639269962,3504,3504,3504,3504,3504,3504,3504,3504,37.50343704223633,36.64693832397461,35.72107696533203,35.19169616699219,35.73491668701172,35.45008087158203,35.72431182861328,36.47407913208008,36.67365646362305,25,15.000000953674316,9.523809432983398,9.523809432983398,0,0,0,0,2.403902530670166,8589934592,1073741824,5136957440,307429376
205,1771639270164,3504,3504,3504,3504,3504,3504,3504,3504,37.26041793823242,36.396453857421875,35.52888488769531,34.94593811035156,35.5445671081543,35.30144500732422,35.564178466796875,36.32191467285156,36.485904693603516,26.3157901763916,23.809524536132813,23.809524536132813,25,0,0,0,0,2.403902530670166,8589934592,1073741824,5137743872,307429376
208,1771639270371,3504,3504,3504,3504,3504,3504,3504,3504,37.26041793823242,36.396453857421875,35.52888488769531,34.94593811035156,35.5445671081543,35.30144500732422,35.564178466796875,36.32191467285156,36.485904693603516,14.285715103149414,20,15.000000953674316,15.000000953674316,0,0,0,0,2.403902530670166,8589934592,1073741824,5137743872,307429376
206,1771639270579,3504,3504,3504,3504,3504,3504,3504,3504,37.26041793823242,36.396453857421875,35.52888488769531,34.94593811035156,35.5445671081543,35.30144500732422,35.564178466796875,36.32191467285156,36.485904693603516,19.047618865966797,20,14.285715103149414,18.18181800842285,0,0,0,0,2.403902530670166,8589934592,1073741824,5137776640,307429376
207,1771639270786,3504,3504,3504,3504,3504,3504,3504,3504,37.26041793823242,36.396453857421875,35.52888488769531,34.94593811035156,35.5445671081543,35.30144500732422,35.564178466796875,36.32191467285156,36.485904693603516,19.047618865966797,23.809524536132813,5.263157844543457,20,5,0,0,0,2.4772379398345947,8589934592,1073741824,5137776640,307429376
209,1771639270994,3504,3504,3504,3504,3504,3504,3504,3504,37.26041793823242,36.396453857421875,35.52888488769531,34.94593811035156,35.5445671081543,35.30144500732422,35.564178466796875,36.32191467285156,36.485904693603516,25,23.809524536132813,13.636363983154297,10,0,0,0,0,2.4772379398345947,8589934592,1073741824,5137776640,307429376
205,1771639271204,3504,3504,3504,3504,3504,3504,3504,3504,37.16542053222656,36.36256408691406,35.454017639160156,35.185733795166016,35.484195709228516,35.23978042602539,35.49021911621094,36.255279541015625,36.42390441894531,27.272727966308594,23.809524536132813,19.047618865966797,13.636363983154297,0,0,0,0,2.4772379398345947,8589934592,1073741824,5139660800,307429376
207,1771639271410,3504,3504,3504,3504,3504,3504,3504,3504,37.16542053222656,36.36256408691406,35.454017639160156,35.185733795166016,35.484195709228516,35.23978042602539,35.49021911621094,36.255279541015625,36.42390441894531,14.285715103149414,23.809524536132813,20,10.526315689086914,0,0,0,0,2.4772379398345947,8589934592,1073741824,5140529152,307429376
201,1771639271618,3504,3504,3504,3504,3504,3504,3504,3504,37.16542053222656,36.36256408691406,35.454017639160156,35.185733795166016,35.484195709228516,35.23978042602539,35.49021911621094,36.255279541015625,36.42390441894531,60.000003814697266,57.142860412597656,38.095237731933594,33.333335876464844,0,0,0,0,2.4772379398345947,8589934592,1073741824,5144412160,307429376
206,1771639271820,3504,3504,3504,3504,3504,3504,3504,3504,37.16542053222656,36.36256408691406,35.454017639160156,35.185733795166016,35.484195709228516,35.23978042602539,35.49021911621094,36.255279541015625,36.42390441894531,36.842105865478516,35,21.052631378173828,25,42.85714340209961,0,0,0,2.3269264698028564,8589934592,1073741824,5142560768,307429376
208,1771639272027,3504,3504,3504,3504,3504,3504,3504,3504,37.16542053222656,36.36256408691406,35.454017639160156,35.185733795166016,35.484195709228516,35.23978042602539,35.49021911621094,36.255279541015625,36.42390441894531,22.72727394104004,20,13.636363983154297,13.636363983154297,0,0,0,0,2.3269264698028564,8589934592,1073741824,5142593536,307429376
200,1771639272236,3504,3504,3504,3504,3504,3504,3504,3504,37.350467681884766,36.68320846557617,35.653228759765625,35.38379669189453,35.57863998413086,35.258277893066406,35.53765106201172,36.292572021484375,36.42180633544922,19.047618865966797,19.047618865966797,10,5,0,4.761904716491699,0,0,2.3269264698028564,8589934592,1073741824,5142642688,307429376
201,1771639272437,3504,3504,3504,3504,3504,3504,3504,3504,37.350467681884766,36.68320846557617,35.653228759765625,35.38379669189453,35.57863998413086,35.258277893066406,35.53765106201172,36.292572021484375,36.42180633544922,21.052631378173828,25,10,10,0,0,0,0,2.3269264698028564,8589934592,1073741824,5142691840,307429376
209,1771639272639,3504,3504,3504,3504,3504,3504,3504,3504,37.350467681884766,36.68320846557617,35.653228759765625,35.38379669189453,35.57863998413086,35.258277893066406,35.53765106201172,36.292572021484375,36.42180633544922,23.809524536132813,15.000000953674316,15.000000953674316,10,5,0,5,0,2.1423468589782715,8589934592,1073741824,5142724608,307429376
204,1771639272849,3504,3504,3504,3504,3504,3504,3504,3504,37.350467681884766,36.68320846557617,35.653228759765625,35.38379669189453,35.57863998413086,35.258277893066406,35.53765106201172,36.292572021484375,36.42180633544922,20,14.285715103149414,14.285715103149414,9.090909004211426,0,0,0,0,2.1423468589782715,8589934592,1073741824,5142790144,307429376
209,1771639273054,3504,3504,3504,3504,3504,3504,3504,3504,37.350467681884766,36.68320846557617,35.653228759765625,35.38379669189453,35.57863998413086,35.258277893066406,35.53765106201172,36.292572021484375,36.42180633544922,35,40,23.809524536132813,20,0,0,0,0,2.1423468589782715,8589934592,1073741824,5142790144,307429376
205,1771639273264,3504,3504,3504,3504,3504,3504,3504,3504,37.222530364990234,36.33846664428711,35.40553665161133,35.259559631347656,35.44154357910156,35.22632598876953,35.490421295166016,36.24162673950195,36.338623046875,23.809524536132813,20,30.000001907348633,14.285715103149414,0,0,0,0,2.1423468589782715,8589934592,1073741824,5146771456,307429376
205,1771639273470,3504,3504,3504,3504,3504,3504,3504,3504,37.222530364990234,36.33846664428711,35.40553665161133,35.259559631347656,35.44154357910156,35.22632598876953,35.490421295166016,36.24162673950195,36.338623046875,14.285715103149414,13.636363983154297,23.809524536132813,5,9.523809432983398,9.090909004211426,4.761904716491699,4.761904716491699,2.1423468589782715,8589934592,1073741824,5147017216,307429376
209,1771639273677,3504,3504,3504,3504,3504,3504,3504,3504,37.222530364990234,36.33846664428711,35.40553665161133,35.259559631347656,35.44154357910156,35.22632598876953,35.490421295166016,36.24162673950195,36.338623046875,28.571430206298828,15.000000953674316,23.809524536132813,10,0,0,0,0,2.787766933441162,8589934592,1073741824,5147164672,307429376
209,1771639273887,3504,3504,3504,3504,3504,3504,3504,3504,37.222530364990234,36.33846664428711,35.40553665161133,35.259559631347656,35.44154357910156,35.22632598876953,35.490421295166016,36.24162673950195,36.338623046875,14.285715103149414,9.523809432983398,15.000000953674316,9.090909004211426,0,4.545454502105713,0,0,2.787766933441162,8589934592,1073741824,5146853376,307429376
206,1771639274097,3504,3504,3504,3504,3504,3504,3504,3504,37.222530364990234,36.33846664428711,35.40553665161133,35.259559631347656,35.44154357910156,35.22632598876953,35.490421295166016,36.24162673950195,36.338623046875,14.285715103149414,10,28.571430206298828,9.523809432983398,0,0,0,0,2.787766933441162,8589934592,1073741824,5147197440,307429376
209,1771639274304,3504,3504,3504,3504,3504,3504,3504,3504,37.16621017456055,36.29312515258789,35.32334518432617,35.1958122253418,35.38626480102539,35.17115020751953,35.42748260498047,36.15797424316406,36.30451583862305,15.000000953674316,19.047618865966797,28.571430206298828,15.000000953674316,0,0,0,0,2.787766933441162,8589934592,1073741824,5147230208,307429376
205,1771639274514,3504,3504,3504,3504,3504,3504,3504,3504,37.16621017456055,36.29312515258789,35.32334518432617,35.1958122253418,35.38626480102539,35.17115020751953,35.42748260498047,36.15797424316406,36.30451583862305,23.809524536132813,27.272727966308594,9.523809432983398,5,0,0,0,0,2.787766933441162,8589934592,1073741824,5147131904,307429376
206,1771639274720,3504,3504,3504,3504,3504,3504,3504,3504,37.16621017456055,36.29312515258789,35.32334518432617,35.1958122253418,35.38626480102539,35.17115020751953,35.42748260498047,36.15797424316406,36.30451583862305,20,25,14.285715103149414,18.18181800842285,0,0,0,0,2.2295315265655518,8589934592,1073741824,5146918912,307429376
207,1771639274927,3504,3504,3504,3504,3504,3504,3504,3504,37.16621017456055,36.29312515258789,35.32334518432617,35.1958122253418,35.38626480102539,35.17115020751953,35.42748260498047,36.15797424316406,36.30451583862305,23.809524536132813,20,10,10,0,0,0,0,2.2295315265655518,8589934592,1073741824,5146951680,307429376
201,1771639275135,3504,3504,3504,3504,3504,3504,3504,3504,37.16621017456055,36.14959716796875,35.184974670410156,35.10422134399414,35.24468994140625,35.06606674194336,35.27888870239258,36.01985549926758,36.16246795654297,20,14.285715103149414,14.285715103149414,9.523809432983398,0,0,0,0,2.2295315265655518,8589934592,1073741824,5145296896,307429376
200,1771639275337,3504,3504,3504,3504,3504,3504,3504,3504,37.0385627746582,36.14959716796875,35.184974670410156,35.10422134399414,35.24468994140625,35.06606674194336,35.27888870239258,36.01985549926758,36.16246795654297,28.571430206298828,20,15.000000953674316,14.285715103149414,0,0,0,0,2.2295315265655518,8589934592,1073741824,5144969216,307429376
200,1771639275538,3504,3504,3504,3504,3504,3504,3504,3504,37.0385627746582,36.14959716796875,35.184974670410156,35.10422134399414,35.24468994140625,35.06606674194336,35.27888870239258,36.01985549926758,36.16246795654297,26.3157901763916,19.047618865966797,10,5.263157844543457,0,0,0,0,2.2295315265655518,8589934592,1073741824,5145067520,307429376
203,1771639275740,3504,3504,3504,3504,3504,3504,3504,3504,37.0385627746582,36.14959716796875,35.184974670410156,35.10422134399414,35.24468994140625,35.06606674194336,35.27888870239258,36.01985549926758,36.16246795654297,15.000000953674316,10.526315689086914,10,15.000000953674316,0,0,0,0,2.4017786979675293,8589934592,1073741824,5145067520,307429376
209,1771639275943,3504,3504,3504,3504,3504,3504,3504,3504,37.0385627746582,36.14959716796875,35.184974670410156,35.10422134399414,35.24468994140625,35.06606674194336,35.27888870239258,36.01985549926758,36.16246795654297,23.809524536132813,25,10.526315689086914,14.285715103149414,0,0,0,0,2.4017786979675293,8589934592,1073741824,5145067520,307429376
208,1771639276153,3504,3504,3504,3504,3504,3504,3504,3504,36.99463653564453,36.084529876708984,35.126312255859375,35.06437683105469,35.19974899291992,34.975006103515625,35.19774627685547,35.951904296875,36.09404754638672,20,22.72727394104004,13.636363983154297,5,0,0,0,0,2.4017786979675293,8589934592,1073741824,5145067520,307429376
209,1771639276363,3504,3504,3504,3504,3504,3504,3504,3504,36.99463653564453,36.084529876708984,35.126312255859375,35.06437683105469,35.19974899291992,34.975006103515625,35.19774627685547,35.951904296875,36.09404754638672,22.72727394104004,20,14.285715103149414,14.285715103149414,0,0,0,0,2.4017786979675293,8589934592,1073741824,5145116672,307429376
209,1771639276573,3504,3504,3504,3504,3504,3504,3504,3504,36.99463653564453,36.084529876708984,35.126312255859375,35.06437683105469,35.19974899291992,34.975006103515625,35.19774627685547,35.951904296875,36.09404754638672,20,14.285715103149414,14.285715103149414,4.761904716491699,0,0,0,0,2.4017786979675293,8589934592,1073741824,5145362432,307429376
10,1771639276783,3504,3504,3504,3504,3504,3504,3504,3504,36.99463653564453,36.084529876708984,35.126312255859375,35.06437683105469,35.19974899291992,34.975006103515625,35.19774627685547,35.951904296875,36.09404754638672,14.285715103149414,14.285715103149414,20,9.523809432983398,0,0,0,0,2.04270601272583,8589934592,1073741824,5144772608,307429376
