Delta,Time,CPU_FREQUENCY_0,CPU_FREQUENCY_1,CPU_FREQUENCY_2,CPU_FREQUENCY_3,CPU_FREQUENCY_4,CPU_FREQUENCY_5,CPU_FREQUENCY_6,CPU_FREQUENCY_7,CPU_TEMP_0,CPU_TEMP_1,CPU_TEMP_2,CPU_TEMP_3,CPU_TEMP_4,CPU_TEMP_5,CPU_TEMP_6,CPU_TEMP_7,CPU_TEMP_8,CPU_USAGE_0,CPU_USAGE_1,CPU_USAGE_2,CPU_USAGE_3,CPU_USAGE_4,CPU_USAGE_5,CPU_USAGE_6,CPU_USAGE_7,SYSTEM_POWER (Watts),TOTAL_MEMORY,TOTAL_SWAP,USED_MEMORY,USED_SWAP
0,1771641606177,3504,3504,3504,3504,3504,3504,3504,3504,53.11832809448242,52.50798416137695,51.43879699707031,51.24351501464844,51.30290985107422,51.23988342285156,50.943603515625,52.15247344970703,52.29603958129883,25,25,20,25,0,0,0,0,7.505815029144287,8589934592,1073741824,5270880256,299040768
209,1771641606177,3504,3504,3504,3504,3504,3504,3504,3504,53.11832809448242,52.50798416137695,51.43879699707031,51.24351501464844,51.30290985107422,51.23988342285156,50.943603515625,52.15247344970703,52.29603958129883,50,NaN,NaN,0,0,0,0,0,7.505815029144287,8589934592,1073741824,5271568384,299040768
204,1771641606387,3504,3504,3504,3504,3504,3504,3504,3504,53.11832809448242,52.50798416137695,51.43879699707031,51.24351501464844,51.30290985107422,51.23988342285156,50.943603515625,52.15247344970703,52.29603958129883,10,27.272727966308594,9.523809432983398,14.285715103149414,4.761904716491699,0,0,0,7.505815029144287,8589934592,1073741824,5269716992,299040768
209,1771641606592,3504,3504,3504,3504,3504,3504,3504,3504,53.11832809448242,52.50798416137695,51.43879699707031,51.24351501464844,51.30290985107422,51.23988342285156,50.943603515625,52.15247344970703,52.29603958129883,30.000001907348633,35,20,15.000000953674316,0,0,0,0,7.505815029144287,8589934592,1073741824,5269716992,299040768
205,1771641606802,3504,3504,3504,3504,3504,3504,3504,3504,53.11832809448242,52.50798416137695,51.43879699707031,51.24351501464844,51.30290985107422,51.23988342285156,50.943603515625,52.15247344970703,52.29603958129883,25,19.047618865966797,14.285715103149414,14.285715103149414,4.761904716491699,4.761904716491699,0,0,2.849001407623291,8589934592,1073741824,5271191552,299040768
205,1771641607008,3504,3504,3504,3504,3504,3504,3504,3504,53.11832809448242,52.50798416137695,51.43879699707031,51.24351501464844,51.30290985107422,51.23988342285156,50.943603515625,52.15247344970703,52.29603958129883,27.272727966308594,23.809524536132813,9.523809432983398,10,0,0,0,0,2.849001407623291,8589934592,1073741824,5271207936,299040768
209,1771641607214,3504,3504,3504,3504,3504,3504,3504,3504,51.38310623168945,50.525390625,49.723060607910156,49.488525390625,49.831295013427734,49.51336669921875,49.257110595703125,50.53239059448242,50.536529541015625,20,10.526315689086914,14.285715103149414,38.095237731933594,25,25,9.523809432983398,0,2.849001407623291,8589934592,1073741824,5289000960,299040768
199,1771641607425,3504,3504,3504,3504,3504,3504,3504,3504,51.38310623168945,50.525390625,49.723060607910156,49.488525390625,49.831295013427734,49.51336669921875,49.257110595703125,50.53239059448242,50.536529541015625,14.285715103149414,9.090909004211426,9.523809432983398,0,4.761904716491699,4.761904716491699,0,4.545454502105713,2.849001407623291,8589934592,1073741824,5289345024,299040768
206,1771641607625,3504,3504,3504,3504,3504,3504,3504,3504,51.38310623168945,50.525390625,49.723060607910156,49.488525390625,49.831295013427734,49.51336669921875,49.257110595703125,50.53239059448242,50.536529541015625,20,5.263157844543457,15.789472579956055,13.636363983154297,0,0,0,0,2.9425830841064453,8589934592,1073741824,5286428672,299040768
206,1771641607832,3504,3504,3504,3504,3504,3504,3504,3504,51.38310623168945,50.525390625,49.723060607910156,49.488525390625,49.831295013427734,49.51336669921875,49.257110595703125,50.53239059448242,50.536529541015625,19.047618865966797,10,19.047618865966797,0,0,0,0,0,2.9425830841064453,8589934592,1073741824,5285462016,299040768
209,1771641608039,3504,3504,3504,3504,3504,3504,3504,3504,51.38310623168945,50.525390625,49.723060607910156,49.488525390625,49.831295013427734,49.51336669921875,49.257110595703125,50.53239059448242,50.536529541015625,25,18.18181800842285,23.809524536132813,18.18181800842285,0,0,0,0,2.9425830841064453,8589934592,1073741824,5284364288,299040768
209,1771641608249,3504,3504,3504,3504,3504,3504,3504,3504,50.717437744140625,50.08234405517578,49.10089111328125,48.8291015625,49.063079833984375,48.76976776123047,48.42970275878906,49.67265319824219,49.697994232177734,20,15.000000953674316,15.000000953674316,5,0,0,0,0,2.9425830841064453,8589934592,1073741824,5273075712,299040768
209,1771641608459,3504,3504,3504,3504,3504,3504,3504,3504,50.717437744140625,50.08234405517578,49.10089111328125,48.8291015625,49.063079833984375,48.76976776123047,48.42970275878906,49.67265319824219,49.697994232177734,23.809524536132813,13.636363983154297,19.047618865966797,9.523809432983398,0,0,0,0,2.9425830841064453,8589934592,1073741824,5273223168,299040768
205,1771641608669,3504,3504,3504,3504,3504,3504,3504,3504,50.717437744140625,50.08234405517578,49.10089111328125,48.8291015625,49.063079833984375,48.76976776123047,48.42970275878906,49.67265319824219,49.697994232177734,23.809524536132813,14.285715103149414,19.047618865966797,14.285715103149414,30.000001907348633,0,0,0,2.2812867164611816,8589934592,1073741824,5273747456,299040768
201,1771641608875,3504,3504,3504,3504,3504,3504,3504,3504,50.717437744140625,50.08234405517578,49.10089111328125,48.8291015625,49.063079833984375,48.76976776123047,48.42970275878906,49.67265319824219,49.697994232177734,28.571430206298828,21.052631378173828,19.047618865966797,15.000000953674316,9.090909004211426,0,0,0,2.2812867164611816,8589934592,1073741824,5275140096,299040768
204,1771641609077,3504,3504,3504,3504,3504,3504,3504,3504,50.717437744140625,50.08234405517578,49.10089111328125,48.8291015625,49.063079833984375,48.76976776123047,48.42970275878906,49.67265319824219,49.697994232177734,15.000000953674316,23.809524536132813,20,10,0,0,0,0,2.2812867164611816,8589934592,1073741824,5274533888,299040768
205,1771641609282,3504,3504,3504,3504,3504,3504,3504,3504,49.236968994140625,48.98182678222656,47.880615234375,47.543418884277344,47.87251663208008,47.67689514160156,47.37299346923828,48.54745864868164,48.57763671875,19.047618865966797,20,15.000000953674316,13.636363983154297,0,0,0,0,2.2812867164611816,8589934592,1073741824,5274566656,299040768
205,1771641609487,3504,3504,3504,3504,3504,3504,3504,3504,49.236968994140625,48.98182678222656,47.880615234375,47.543418884277344,47.87251663208008,47.67689514160156,47.37299346923828,48.54745864868164,48.57763671875,10,14.285715103149414,14.285715103149414,10,0,0,0,0,2.2812867164611816,8589934592,1073741824,5274583040,299040768
204,1771641609694,3504,3504,3504,3504,3504,3504,3504,3504,49.236968994140625,48.98182678222656,47.880615234375,47.543418884277344,47.87251663208008,47.67689514160156,47.37299346923828,48.54745864868164,48.57763671875,25,14.285715103149414,15.789472579956055,5.263157844543457,0,0,0,0,2.9729206562042236,8589934592,1073741824,5274583040,299040768
209,1771641609898,3504,3504,3504,3504,3504,3504,3504,3504,49.236968994140625,48.98182678222656,47.880615234375,47.543418884277344,47.87251663208008,47.67689514160156,47.37299346923828,48.54745864868164,48.57763671875,23.809524536132813,10.526315689086914,19.047618865966797,14.285715103149414,0,0,0,0,2.9729206562042236,8589934592,1073741824,5274845184,299040768
205,1771641610108,3504,3504,3504,3504,3504,3504,3504,3504,49.236968994140625,48.11589050292969,46.85107421875,46.71514892578125,47.01300048828125,46.962974548339844,46.570289611816406,47.682167053222656,47.790531158447266,23.809524536132813,13.636363983154297,23.809524536132813,9.523809432983398,4.761904716491699,0,4.545454502105713,0,2.9729206562042236,8589934592,1073741824,5275058176,299040768
201,1771641610314,3504,3504,3504,3504,3504,3504,3504,3504,48.49552536010742,48.11589050292969,46.85107421875,46.71514892578125,47.01300048828125,46.962974548339844,46.570289611816406,47.682167053222656,47.790531158447266,21.052631378173828,15.000000953674316,19.047618865966797,9.523809432983398,0,0,0,0,2.9729206562042236,8589934592,1073741824,5275058176,299040768
205,1771641610517,3504,3504,3504,3504,3504,3504,3504,3504,48.49552536010742,48.11589050292969,46.85107421875,46.71514892578125,47.01300048828125,46.962974548339844,46.570289611816406,47.682167053222656,47.790531158447266,23.809524536132813,14.285715103149414,19.047618865966797,5,0,0,0,0,2.9729206562042236,8589934592,1073741824,5274976256,299040768
208,1771641610723,3504,3504,3504,3504,3504,3504,3504,3504,48.49552536010742,48.11589050292969,46.85107421875,46.71514892578125,47.01300048828125,46.962974548339844,46.570289611816406,47.682167053222656,47.790531158447266,19.047618865966797,15.000000953674316,10.526315689086914,9.523809432983398,0,0,0,0,2.0867960453033447,8589934592,1073741824,5274976256,299040768
209,1771641610932,3504,3504,3504,3504,3504,3504,3504,3504,48.49552536010742,48.11589050292969,46.85107421875,46.71514892578125,47.01300048828125,46.962974548339844,46.570289611816406,47.682167053222656,47.790531158447266,19.047618865966797,14.285715103149414,19.047618865966797,5,0,0,0,0,2.0867960453033447,8589934592,1073741824,5272600576,299040768
205,1771641611142,3504,3504,3504,3504,3504,3504,3504,3504,47.83051681518555,47.46906661987305,46.10053253173828,45.992576599121094,46.42845153808594,46.429176330566406,45.9176025390625,47.021358489990234,47.105831146240234,28.571430206298828,15.000000953674316,9.523809432983398,13.636363983154297,0,0,0,0,2.0867960453033447,8589934592,1073741824,5272780800,299040768
209,1771641611348,3504,3504,3504,3504,3504,3504,3504,3504,47.83051681518555,47.46906661987305,46.10053253173828,45.992576599121094,46.42845153808594,46.429176330566406,45.9176025390625,47.021358489990234,47.105831146240234,15.789472579956055,14.285715103149414,14.285715103149414,10.526315689086914,0,0,0,0,2.0867960453033447,8589934592,1073741824,5272764416,299040768
205,1771641611558,3504,3504,3504,3504,3504,3504,3504,3504,47.83051681518555,47.46906661987305,46.10053253173828,45.992576599121094,46.42845153808594,46.429176330566406,45.9176025390625,47.021358489990234,47.105831146240234,31.81818199157715,23.809524536132813,19.047618865966797,27.272727966308594,0,0,0,0,2.0867960453033447,8589934592,1073741824,5274124288,299040768
209,1771641611764,3504,3504,3504,3504,3504,3504,3504,3504,47.83051681518555,47.46906661987305,46.10053253173828,45.992576599121094,46.42845153808594,46.429176330566406,45.9176025390625,47.021358489990234,47.105831146240234,15.000000953674316,15.000000953674316,14.285715103149414,25,0,0,0,0,2.353699207305908,8589934592,1073741824,5274091520,299040768
202,1771641611974,3504,3504,3504,3504,3504,3504,3504,3504,47.83051681518555,47.46906661987305,46.10053253173828,45.992576599121094,46.42845153808594,46.429176330566406,45.9176025390625,47.021358489990234,47.105831146240234,23.809524536132813,14.285715103149414,10,14.285715103149414,0,0,0,0,2.353699207305908,8589934592,1073741824,5273927680,299040768
209,1771641612177,3504,3504,3504,3504,3504,3504,3504,3504,47.12593460083008,46.91657638549805,45.5233154296875,45.4271240234375,45.852577209472656,46.04705810546875,45.447967529296875,46.52608108520508,46.5141716003418,25,15.000000953674316,10,15.000000953674316,0,0,0,0,2.353699207305908,8589934592,1073741824,5274091520,299040768
209,1771641612387,3504,3504,3504,3504,3504,3504,3504,3504,47.12593460083008,46.91657638549805,45.5233154296875,45.4271240234375,45.852577209472656,46.04705810546875,45.447967529296875,46.52608108520508,46.5141716003418,23.809524536132813,13.636363983154297,13.636363983154297,19.047618865966797,4.761904716491699,0,0,0,2.353699207305908,8589934592,1073741824,5274091520,299040768
208,1771641612597,3504,3504,3504,3504,3504,3504,3504,3504,47.12593460083008,46.91657638549805,45.5233154296875,45.4271240234375,45.852577209472656,46.04705810546875,45.447967529296875,46.52608108520508,46.5141716003418,18.18181800842285,5.263157844543457,5,18.18181800842285,0,0,0,0,2.353699207305908,8589934592,1073741824,5274091520,299040768
209,1771641612806,3504,3504,3504,3504,3504,3504,3504,3504,47.12593460083008,46.91657638549805,45.5233154296875,45.4271240234375,45.852577209472656,46.04705810546875,45.447967529296875,46.52608108520508,46.5141716003418,15.789472579956055,14.285715103149414,10,14.285715103149414,0,0,0,0,2.0273025035858154,8589934592,1073741824,5274091520,299040768
209,1771641613016,3504,3504,3504,3504,3504,3504,3504,3504,47.12593460083008,46.91657638549805,45.5233154296875,45.4271240234375,45.852577209472656,46.04705810546875,45.447967529296875,46.52608108520508,46.5141716003418,23.809524536132813,14.285715103149414,13.636363983154297,20,0,0,0,0,2.0273025035858154,8589934592,1073741824,5273944064,299040768
205,1771641613225,3504,3504,3504,3504,3504,3504,3504,3504,46.501773834228516,46.29248809814453,45.09764099121094,44.92449188232422,45.24972915649414,45.648590087890625,44.900421142578125,46.11153030395508,45.98948287963867,19.047618865966797,13.636363983154297,9.523809432983398,19.047618865966797,0,0,0,0,2.0273025035858154,8589934592,1073741824,5273845760,299040768
207,1771641613431,3504,3504,3504,3504,3504,3504,3504,3504,46.501773834228516,46.29248809814453,45.09764099121094,44.92449188232422,45.24972915649414,45.648590087890625,44.900421142578125,46.11153030395508,45.98948287963867,20,10,5.263157844543457,10,0,0,0,0,2.0273025035858154,8589934592,1073741824,5273288704,299040768
201,1771641613639,3504,3504,3504,3504,3504,3504,3504,3504,46.501773834228516,46.29248809814453,45.09764099121094,44.92449188232422,45.24972915649414,45.648590087890625,44.900421142578125,46.11153030395508,45.98948287963867,14.285715103149414,19.047618865966797,9.523809432983398,14.285715103149414,0,4.545454502105713,0,0,1.9670960903167725,8589934592,1073741824,5272485888,299040768
209,1771641613842,3504,3504,3504,3504,3504,3504,3504,3504,46.501773834228516,46.29248809814453,45.09764099121094,44.92449188232422,45.24972915649414,45.648590087890625,44.900421142578125,46.11153030395508,45.98948287963867,15.000000953674316,20,14.285715103149414,19.047618865966797,0,0,0,0,1.9670960903167725,8589934592,1073741824,5272813568,299040768
208,1771641614051,3504,3504,3504,3504,3504,3504,3504,3504,46.501773834228516,46.29248809814453,45.09764099121094,44.92449188232422,45.24972915649414,45.648590087890625,44.900421142578125,46.11153030395508,45.98948287963867,14.285715103149414,19.047618865966797,5,20,0,0,0,0,1.9670960903167725,8589934592,1073741824,5272600576,299040768
200,1771641614260,3504,3504,3504,3504,3504,3504,3504,3504,46.074928283691406,45.68463134765625,44.60576629638672,44.463783264160156,44.8851318359375,45.182472229003906,44.46562957763672,45.570701599121094,45.548744201660156,19.047618865966797,19.047618865966797,14.285715103149414,14.285715103149414,0,0,0,0,1.9670960903167725,8589934592,1073741824,5273354240,299040768
205,1771641614461,3504,3504,3504,3504,3504,3504,3504,3504,46.074928283691406,45.68463134765625,44.60576629638672,44.463783264160156,44.8851318359375,45.182472229003906,44.46562957763672,45.570701599121094,45.548744201660156,23.809524536132813,26.3157901763916,20,21.052631378173828,0,0,0,0,1.9670960903167725,8589934592,1073741824,5274042368,299040768
207,1771641614667,3504,3504,3504,3504,3504,3504,3504,3504,46.074928283691406,45.68463134765625,44.60576629638672,44.463783264160156,44.8851318359375,45.182472229003906,44.46562957763672,45.570701599121094,45.548744201660156,20,14.285715103149414,14.285715103149414,9.090909004211426,9.523809432983398,0,5,4.761904716491699,2.342916488647461,8589934592,1073741824,5274042368,299040768
209,1771641614875,3504,3504,3504,3504,3504,3504,3504,3504,46.074928283691406,45.68463134765625,44.60576629638672,44.463783264160156,44.8851318359375,45.182472229003906,44.46562957763672,45.570701599121094,45.548744201660156,15.000000953674316,15.000000953674316,14.285715103149414,10,0,0,0,0,2.342916488647461,8589934592,1073741824,5274042368,299040768
208,1771641615085,3504,3504,3504,3504,3504,3504,3504,3504,46.074928283691406,45.68463134765625,44.60576629638672,44.463783264160156,44.8851318359375,45.182472229003906,44.46562957763672,45.570701599121094,45.548744201660156,14.285715103149414,23.809524536132813,5,14.285715103149414,4.761904716491699,9.090909004211426,0,0,2.342916488647461,8589934592,1073741824,5273976832,299040768
209,1771641615293,3504,3504,3504,3504,3504,3504,3504,3504,45.85560607910156,45.34607696533203,44.28692626953125,44.10767364501953,44.431739807128906,44.73188018798828,44.105567932128906,45.19923400878906,45.225059509277344,23.809524536132813,9.523809432983398,13.636363983154297,14.285715103149414,0,0,0,0,2.342916488647461,8589934592,1073741824,5274124288,299040768
202,1771641615504,3504,3504,3504,3504,3504,3504,3504,3504,45.85560607910156,45.34607696533203,44.28692626953125,44.10767364501953,44.431739807128906,44.73188018798828,44.105567932128906,45.19923400878906,45.225059509277344,15.000000953674316,14.285715103149414,5.263157844543457,15.000000953674316,0,0,0,0,2.342916488647461,8589934592,1073741824,5274157056,299040768
206,1771641615706,3504,3504,3504,3504,3504,3504,3504,3504,45.85560607910156,45.34607696533203,44.28692626953125,44.10767364501953,44.431739807128906,44.73188018798828,44.105567932128906,45.19923400878906,45.225059509277344,23.809524536132813,15.000000953674316,14.285715103149414,19.047618865966797,0,0,0,0,2.4254891872406006,8589934592,1073741824,5274157056,299040768
208,1771641615913,3504,3504,3504,3504,3504,3504,3504,3504,45.85560607910156,45.34607696533203,44.28692626953125,44.10767364501953,44.431739807128906,44.73188018798828,44.105567932128906,45.19923400878906,45.225059509277344,25,23.809524536132813,14.285715103149414,20,0,0,0,0,2.4254891872406006,8589934592,1073741824,5265489920,299040768
209,1771641616122,3504,3504,3504,3504,3504,3504,3504,3504,45.50144577026367,44.86745071411133,43.868560791015625,43.659446716308594,44.1512336730957,44.15453338623047,43.68666076660156,44.79519271850586,44.782630920410156,19.047618865966797,5,5,14.285715103149414,0,0,0,0,2.4254891872406006,8589934592,1073741824,5268307968,299040768
207,1771641616332,3504,3504,3504,3504,3504,3504,3504,3504,45.50144577026367,44.86745071411133,43.868560791015625,43.659446716308594,44.1512336730957,44.15453338623047,43.68666076660156,44.79519271850586,44.782630920410156,23.809524536132813,14.285715103149414,13.636363983154297,15.000000953674316,0,0,0,0,2.4254891872406006,8589934592,1073741824,5268275200,299040768
201,1771641616539,3504,3504,3504,3504,3504,3504,3504,3504,45.50144577026367,44.86745071411133,43.868560791015625,43.659446716308594,44.1512336730957,44.15453338623047,43.68666076660156,44.79519271850586,44.782630920410156,20,14.285715103149414,14.285715103149414,19.047618865966797,0,4.761904716491699,0,0,2.4254891872406006,8589934592,1073741824,5268242432,299040768
203,1771641616742,3504,3504,3504,3504,3504,3504,3504,3504,45.50144577026367,44.86745071411133,43.868560791015625,43.659446716308594,44.1512336730957,44.15453338623047,43.68666076660156,44.79519271850586,44.782630920410156,23.809524536132813,15.000000953674316,15.000000953674316,10,0,0,0,0,1.9920343160629272,8589934592,1073741824,5267734528,299040768
209,1771641616946,3504,3504,3504,3504,3504,3504,3504,3504,45.50144577026367,44.86745071411133,43.868560791015625,43.659446716308594,44.1512336730957,44.15453338623047,43.68666076660156,44.79519271850586,44.782630920410156,15.789472579956055,14.285715103149414,15.000000953674316,5,0,0,0,0,1.9920343160629272,8589934592,1073741824,5267718144,299040768
208,1771641617156,3504,3504,3504,3504,3504,3504,3504,3504,45.21634292602539,44.50706100463867,43.51033020019531,43.31334686279297,43.85073471069336,43.624267578125,43.28825378417969,44.39799880981445,44.42117691040039,23.809524536132813,5.263157844543457,15.000000953674316,13.043478012084961,0,0,0,0,1.9920343160629272,8589934592,1073741824,5267636224,299040768
209,1771641617365,3504,3504,3504,3504,3504,3504,3504,3504,45.21634292602539,44.50706100463867,43.51033020019531,43.31334686279297,43.85073471069336,43.624267578125,43.28825378417969,44.39799880981445,44.42117691040039,27.272727966308594,18.18181800842285,19.047618865966797,10,0,0,0,0,1.9920343160629272,8589934592,1073741824,5264375808,299040768
207,1771641617575,3504,3504,3504,3504,3504,3504,3504,3504,45.21634292602539,44.50706100463867,43.51033020019531,43.31334686279297,43.85073471069336,43.624267578125,43.28825378417969,44.39799880981445,44.42117691040039,23.809524536132813,14.285715103149414,19.047618865966797,9.523809432983398,0,0,0,0,1.9920343160629272,8589934592,1073741824,5264375808,299040768
206,1771641617783,3504,3504,3504,3504,3504,3504,3504,3504,45.21634292602539,44.50706100463867,43.51033020019531,43.31334686279297,43.85073471069336,43.624267578125,43.28825378417969,44.39799880981445,44.42117691040039,23.809524536132813,14.285715103149414,15.000000953674316,9.523809432983398,0,0,0,0,2.4525721073150635,8589934592,1073741824,5264556032,299040768
201,1771641617990,3504,3504,3504,3504,3504,3504,3504,3504,45.21634292602539,44.50706100463867,43.51033020019531,43.31334686279297,43.85073471069336,43.624267578125,43.28825378417969,44.39799880981445,44.42117691040039,25,20,14.285715103149414,5,0,0,0,0,2.4525721073150635,8589934592,1073741824,5268160512,299040768
209,1771641618192,3504,3504,3504,3504,3504,3504,3504,3504,44.76879119873047,44.234405517578125,43.12548828125,42.906959533691406,43.42158126831055,43.30889129638672,42.956298828125,43.984130859375,44.10234832763672,20,25,20,19.047618865966797,5.263157844543457,5,5,0,2.4525721073150635,8589934592,1073741824,5268504576,299040768
205,1771641618402,3504,3504,3504,3504,3504,3504,3504,3504,44.76879119873047,44.234405517578125,43.12548828125,42.906959533691406,43.42158126831055,43.30889129638672,42.956298828125,43.984130859375,44.10234832763672,20,14.285715103149414,14.285715103149414,9.523809432983398,0,0,0,0,2.4525721073150635,8589934592,1073741824,5268553728,299040768
209,1771641618608,3504,3504,3504,3504,3504,3504,3504,3504,44.76879119873047,44.234405517578125,43.12548828125,42.906959533691406,43.42158126831055,43.30889129638672,42.956298828125,43.984130859375,44.10234832763672,33.333335876464844,28.571430206298828,23.809524536132813,21.052631378173828,4.761904716491699,0,4.761904716491699,4.761904716491699,1.9317806959152222,8589934592,1073741824,5266210816,299040768
206,1771641618818,3504,3504,3504,3504,3504,3504,3504,3504,44.76879119873047,44.234405517578125,43.12548828125,42.906959533691406,43.42158126831055,43.30889129638672,42.956298828125,43.984130859375,44.10234832763672,35,38.095237731933594,28.571430206298828,27.272727966308594,33.333335876464844,0,0,0,1.9317806959152222,8589934592,1073741824,5275926528,299040768
209,1771641619025,3504,3504,3504,3504,3504,3504,3504,3504,44.76879119873047,44.234405517578125,43.12548828125,42.906959533691406,43.42158126831055,43.30889129638672,42.956298828125,43.984130859375,44.10234832763672,18.18181800842285,15.000000953674316,14.285715103149414,15.000000953674316,0,0,0,0,1.9317806959152222,8589934592,1073741824,5275926528,299040768
206,1771641619235,3504,3504,3504,3504,3504,3504,3504,3504,44.655296325683594,44.377559661865234,43.14906311035156,42.89830017089844,43.30643081665039,43.1541748046875,42.85320281982422,43.85508728027344,43.938846588134766,15.000000953674316,13.636363983154297,20,22.72727394104004,0,0,0,0,1.9317806959152222,8589934592,1073741824,5273190400,299040768
205,1771641619441,3504,3504,3504,3504,3504,3504,3504,3504,44.655296325683594,44.377559661865234,43.14906311035156,42.89830017089844,43.30643081665039,43.1541748046875,42.85320281982422,43.85508728027344,43.938846588134766,15.000000953674316,5.263157844543457,9.523809432983398,10.526315689086914,0,0,0,0,1.9317806959152222,8589934592,1073741824,5273436160,299040768
200,1771641619647,3504,3504,3504,3504,3504,3504,3504,3504,44.655296325683594,44.377559661865234,43.14906311035156,42.89830017089844,43.30643081665039,43.1541748046875,42.85320281982422,43.85508728027344,43.938846588134766,14.285715103149414,19.047618865966797,10,18.18181800842285,15.000000953674316,14.285715103149414,4.761904716491699,4.761904716491699,2.064910650253296,8589934592,1073741824,5278236672,299040768
209,1771641619849,3504,3504,3504,3504,3504,3504,3504,3504,44.655296325683594,44.377559661865234,43.14906311035156,42.89830017089844,43.30643081665039,43.1541748046875,42.85320281982422,43.85508728027344,43.938846588134766,20,15.789472579956055,25,15.000000953674316,20,20,20,15.000000953674316,2.064910650253296,8589934592,1073741824,5253300224,299040768
209,1771641620058,3504,3504,3504,3504,3504,3504,3504,3504,44.655296325683594,44.377559661865234,43.14906311035156,42.89830017089844,43.30643081665039,43.1541748046875,42.85320281982422,43.85508728027344,43.938846588134766,9.523809432983398,13.636363983154297,14.285715103149414,0,9.523809432983398,4.761904716491699,0,4.761904716491699,2.064910650253296,8589934592,1073741824,5255708672,299040768
202,1771641620268,3504,3504,3504,3504,3504,3504,3504,3504,44.95545196533203,44.53115463256836,43.30406188964844,43.18920135498047,43.304203033447266,43.35728454589844,43.04484558105469,44.14105987548828,44.21842956542969,14.285715103149414,15.000000953674316,14.285715103149414,14.285715103149414,0,0,0,0,2.064910650253296,8589934592,1073741824,5255692288,299040768
209,1771641620470,3504,3504,3504,3504,3504,3504,3504,3504,44.95545196533203,44.53115463256836,43.30406188964844,43.18920135498047,43.304203033447266,43.35728454589844,43.04484558105469,44.14105987548828,44.21842956542969,30.000001907348633,25,23.809524536132813,25,15.000000953674316,14.285715103149414,15.000000953674316,15.000000953674316,2.064910650253296,8589934592,1073741824,5252186112,299040768
209,1771641620680,3504,3504,3504,3504,3504,3504,3504,3504,44.95545196533203,44.53115463256836,43.30406188964844,43.18920135498047,43.304203033447266,43.35728454589844,43.04484558105469,44.14105987548828,44.21842956542969,14.285715103149414,9.523809432983398,4.761904716491699,14.285715103149414,4.761904716491699,4.761904716491699,0,4.761904716491699,2.5138986110687256,8589934592,1073741824,5252186112,299040768
200,1771641620891,3504,3504,3504,3504,3504,3504,3504,3504,44.95545196533203,44.53115463256836,43.30406188964844,43.18920135498047,43.304203033447266,43.35728454589844,43.04484558105469,44.14105987548828,44.21842956542969,20,14.285715103149414,9.523809432983398,19.047618865966797,0,0,0,0,2.5138986110687256,8589934592,1073741824,5252186112,299040768
206,1771641621091,3504,3504,3504,3504,3504,3504,3504,3504,44.95545196533203,44.53115463256836,43.30406188964844,43.18920135498047,43.304203033447266,43.35728454589844,43.04484558105469,44.14105987548828,44.21842956542969,23.809524536132813,10,5.555555820465088,15.000000953674316,0,0,0,0,2.5138986110687256,8589934592,1073741824,5252186112,299040768
208,1771641621298,3504,3504,3504,3504,3504,3504,3504,3504,44.634437561035156,44.22865295410156,42.996124267578125,42.93903350830078,43.17856216430664,43.2535400390625,42.906036376953125,43.99607849121094,44.065948486328125,15.000000953674316,15.000000953674316,14.285715103149414,14.285715103149414,0,0,0,0,2.5138986110687256,8589934592,1073741824,5252317184,299040768
209,1771641621507,3504,3504,3504,3504,3504,3504,3504,3504,44.634437561035156,44.22865295410156,42.996124267578125,42.93903350830078,43.17856216430664,43.2535400390625,42.906036376953125,43.99607849121094,44.065948486328125,19.047618865966797,14.285715103149414,14.285715103149414,19.047618865966797,0,0,0,0,2.5138986110687256,8589934592,1073741824,5252349952,299040768
207,1771641621717,3504,3504,3504,3504,3504,3504,3504,3504,44.634437561035156,44.22865295410156,42.996124267578125,42.93903350830078,43.17856216430664,43.2535400390625,42.906036376953125,43.99607849121094,44.065948486328125,19.047618865966797,22.72727394104004,13.636363983154297,15.000000953674316,0,0,0,0,2.8030483722686768,8589934592,1073741824,5252349952,299040768
205,1771641621925,3504,3504,3504,3504,3504,3504,3504,3504,44.634437561035156,44.22865295410156,42.996124267578125,42.93903350830078,43.17856216430664,43.2535400390625,42.906036376953125,43.99607849121094,44.065948486328125,14.285715103149414,20,5.263157844543457,22.72727394104004,0,0,0,0,2.8030483722686768,8589934592,1073741824,5252284416,299040768
209,1771641622131,3504,3504,3504,3504,3504,3504,3504,3504,43.77085494995117,43.501216888427734,42.29621124267578,42.14928436279297,42.580596923828125,42.62409973144531,42.14982604980469,43.198081970214844,43.24619674682617,10,14.285715103149414,9.523809432983398,15.000000953674316,0,0,0,0,2.8030483722686768,8589934592,1073741824,5252284416,299040768
208,1771641622341,3504,3504,3504,3504,3504,3504,3504,3504,43.77085494995117,43.501216888427734,42.29621124267578,42.14928436279297,42.580596923828125,42.62409973144531,42.14982604980469,43.198081970214844,43.24619674682617,19.047618865966797,15.000000953674316,14.285715103149414,14.285715103149414,0,0,0,0,2.8030483722686768,8589934592,1073741824,5252087808,299040768
207,1771641622550,3504,3504,3504,3504,3504,3504,3504,3504,43.77085494995117,43.501216888427734,42.29621124267578,42.14928436279297,42.580596923828125,42.62409973144531,42.14982604980469,43.198081970214844,43.24619674682617,15.000000953674316,14.285715103149414,13.636363983154297,15.000000953674316,0,0,0,0,2.8030483722686768,8589934592,1073741824,5252087808,299040768
209,1771641622758,3504,3504,3504,3504,3504,3504,3504,3504,43.77085494995117,43.501216888427734,42.29621124267578,42.14928436279297,42.580596923828125,42.62409973144531,42.14982604980469,43.198081970214844,43.24619674682617,47.619049072265625,38.095237731933594,33.333335876464844,31.81818199157715,0,0,0,0,2.4778740406036377,8589934592,1073741824,5253545984,299040768
200,1771641622968,3504,3504,3504,3504,3504,3504,3504,3504,43.77085494995117,43.501216888427734,42.29621124267578,42.14928436279297,42.580596923828125,42.62409973144531,42.14982604980469,43.198081970214844,43.24619674682617,19.047618865966797,14.285715103149414,5,15.000000953674316,0,0,0,0,2.4778740406036377,8589934592,1073741824,5253693440,299040768
209,1771641623169,3504,3504,3504,3504,3504,3504,3504,3504,43.6185188293457,43.298492431640625,42.01959228515625,41.87866973876953,42.35493087768555,42.355316162109375,41.848243713378906,42.849090576171875,42.93183135986328,25,15.789472579956055,15.789472579956055,15.000000953674316,0,0,0,0,2.4778740406036377,8589934592,1073741824,5253545984,299040768
199,1771641623379,3504,3504,3504,3504,3504,3504,3504,3504,43.6185188293457,43.298492431640625,42.01959228515625,41.87866973876953,42.35493087768555,42.355316162109375,41.848243713378906,42.849090576171875,42.93183135986328,25,23.809524536132813,14.285715103149414,14.285715103149414,4.761904716491699,9.090909004211426,4.761904716491699,0,2.4778740406036377,8589934592,1073741824,5253185536,299040768
200,1771641623579,3504,3504,3504,3504,3504,3504,3504,3504,43.6185188293457,43.298492431640625,42.01959228515625,41.87866973876953,42.35493087768555,42.355316162109375,41.848243713378906,42.849090576171875,42.93183135986328,15.000000953674316,20,15.000000953674316,15.000000953674316,0,0,0,0,2.4778740406036377,8589934592,1073741824,5252907008,299040768
209,1771641623779,3504,3504,3504,3504,3504,3504,3504,3504,43.6185188293457,43.298492431640625,42.01959228515625,41.87866973876953,42.35493087768555,42.355316162109375,41.848243713378906,42.849090576171875,42.93183135986328,14.285715103149414,14.285715103149414,9.523809432983398,20,0,0,0,0,1.9683899879455566,8589934592,1073741824,5252907008,299040768
202,1771641623989,3504,3504,3504,3504,3504,3504,3504,3504,43.6185188293457,43.298492431640625,42.01959228515625,41.87866973876953,42.35493087768555,42.355316162109375,41.848243713378906,42.849090576171875,42.93183135986328,19.047618865966797,15.000000953674316,10,19.047618865966797,0,0,0,0,1.9683899879455566,8589934592,1073741824,5252562944,299040768
209,1771641624191,3504,3504,3504,3504,3504,3504,3504,3504,43.343387603759766,43.18218994140625,41.78321838378906,41.688133239746094,42.16796112060547,42.13795471191406,41.66265106201172,42.7318115234375,42.75428009033203,15.789472579956055,14.285715103149414,15.000000953674316,15.000000953674316,0,0,0,0,1.9683899879455566,8589934592,1073741824,5252595712,299040768
209,1771641624401,3504,3504,3504,3504,3504,3504,3504,3504,43.343387603759766,43.18218994140625,41.78321838378906,41.688133239746094,42.16796112060547,42.13795471191406,41.66265106201172,42.7318115234375,42.75428009033203,22.72727394104004,15.000000953674316,22.72727394104004,9.523809432983398,0,0,0,0,1.9683899879455566,8589934592,1073741824,5252595712,299040768
206,1771641624611,3504,3504,3504,3504,3504,3504,3504,3504,43.343387603759766,43.18218994140625,41.78321838378906,41.688133239746094,42.16796112060547,42.13795471191406,41.66265106201172,42.7318115234375,42.75428009033203,23.809524536132813,14.285715103149414,19.047618865966797,9.523809432983398,0,0,0,0,2.4859206676483154,8589934592,1073741824,5252513792,299040768
209,1771641624819,3504,3504,3504,3504,3504,3504,3504,3504,43.343387603759766,43.18218994140625,41.78321838378906,41.688133239746094,42.16796112060547,42.13795471191406,41.66265106201172,42.7318115234375,42.75428009033203,30.000001907348633,19.047618865966797,25,25,0,0,0,0,2.4859206676483154,8589934592,1073741824,5253365760,299040768
209,1771641625028,3504,3504,3504,3504,3504,3504,3504,3504,43.343387603759766,43.18218994140625,41.78321838378906,41.688133239746094,42.16796112060547,42.13795471191406,41.66265106201172,42.7318115234375,42.75428009033203,22.72727394104004,19.047618865966797,19.047618865966797,13.636363983154297,4.761904716491699,4.761904716491699,0,0,2.4859206676483154,8589934592,1073741824,5253169152,299040768
208,1771641625239,3504,3504,3504,3504,3504,3504,3504,3504,43.110130310058594,42.986907958984375,41.553733825683594,41.45917510986328,41.84743881225586,41.79905700683594,41.440399169921875,42.54359436035156,42.53275680541992,15.789472579956055,14.285715103149414,15.000000953674316,4.761904716491699,0,0,0,0,2.4859206676483154,8589934592,1073741824,5253169152,299040768
208,1771641625448,3504,3504,3504,3504,3504,3504,3504,3504,43.110130310058594,42.986907958984375,41.553733825683594,41.45917510986328,41.84743881225586,41.79905700683594,41.440399169921875,42.54359436035156,42.53275680541992,23.809524536132813,15.000000953674316,9.523809432983398,5,0,0,0,0,2.4859206676483154,8589934592,1073741824,5253169152,299040768
202,1771641625656,3504,3504,3504,3504,3504,3504,3504,3504,43.110130310058594,42.986907958984375,41.553733825683594,41.45917510986328,41.84743881225586,41.79905700683594,41.440399169921875,42.54359436035156,42.53275680541992,19.047618865966797,23.809524536132813,13.636363983154297,9.523809432983398,0,0,0,0,2.1384904384613037,8589934592,1073741824,5253169152,299040768
207,1771641625859,3504,3504,3504,3504,3504,3504,3504,3504,43.110130310058594,42.986907958984375,41.553733825683594,41.45917510986328,41.84743881225586,41.79905700683594,41.440399169921875,42.54359436035156,42.53275680541992,15.000000953674316,28.571430206298828,10.526315689086914,10,0,0,0,0,2.1384904384613037,8589934592,1073741824,5252956160,299040768
209,1771641626066,3504,3504,3504,3504,3504,3504,3504,3504,43.110130310058594,42.986907958984375,41.553733825683594,41.45917510986328,41.84743881225586,41.79905700683594,41.440399169921875,42.54359436035156,42.53275680541992,15.000000953674316,25,9.523809432983398,9.523809432983398,0,0,0,0,2.1384904384613037,8589934592,1073741824,5252956160,299040768
204,1771641626276,3504,3504,3504,3504,3504,3504,3504,3504,42.98918533325195,42.759002685546875,41.2584228515625,41.21482849121094,41.561893463134766,41.46226501464844,41.23932647705078,42.3219108581543,42.251869201660156,22.72727394104004,23.809524536132813,9.523809432983398,4.761904716491699,0,0,0,0,2.1384904384613037,8589934592,1073741824,5252956160,299040768
207,1771641626481,3504,3504,3504,3504,3504,3504,3504,3504,42.98918533325195,42.759002685546875,41.2584228515625,41.21482849121094,41.561893463134766,41.46226501464844,41.23932647705078,42.3219108581543,42.251869201660156,25,14.285715103149414,10,14.285715103149414,0,0,0,0,2.1384904384613037,8589934592,1073741824,5252907008,299040768
207,1771641626689,3504,3504,3504,3504,3504,3504,3504,3504,42.98918533325195,42.759002685546875,41.2584228515625,41.21482849121094,41.561893463134766,41.46226501464844,41.23932647705078,42.3219108581543,42.251869201660156,28.571430206298828,10.526315689086914,14.285715103149414,5.263157844543457,0,0,0,0,2.3454253673553467,8589934592,1073741824,5252907008,299040768
203,1771641626896,3504,3504,3504,3504,3504,3504,3504,3504,42.98918533325195,42.759002685546875,41.2584228515625,41.21482849121094,41.561893463134766,41.46226501464844,41.23932647705078,42.3219108581543,42.251869201660156,19.047618865966797,14.285715103149414,19.047618865966797,13.636363983154297,0,0,0,0,2.3454253673553467,8589934592,1073741824,5252907008,299040768
200,1771641627100,3504,3504,3504,3504,3504,3504,3504,3504,42.98918533325195,42.759002685546875,41.2584228515625,41.21482849121094,41.561893463134766,41.46226501464844,41.23932647705078,42.3219108581543,42.251869201660156,25,14.285715103149414,15.000000953674316,5,0,0,0,0,2.3454253673553467,8589934592,1073741824,5252907008,299040768
209,1771641627300,3504,3504,3504,3504,3504,3504,3504,3504,42.78657531738281,42.52351760864258,41.19446563720703,40.93431854248047,41.314754486083984,41.220794677734375,40.98565673828125,42.152400970458984,42.04350662231445,25,16.666667938232422,20,14.285715103149414,5,5,5,5,2.3454253673553467,8589934592,1073741824,5252907008,299040768
209,1771641627511,3504,3504,3504,3504,3504,3504,3504,3504,42.78657531738281,42.52351760864258,41.19446563720703,40.93431854248047,41.314754486083984,41.220794677734375,40.98565673828125,42.152400970458984,42.04350662231445,15.000000953674316,13.636363983154297,15.000000953674316,0,4.761904716491699,0,0,0,2.3454253673553467,8589934592,1073741824,5253103616,299040768
209,1771641627721,3504,3504,3504,3504,3504,3504,3504,3504,42.78657531738281,42.52351760864258,41.19446563720703,40.93431854248047,41.314754486083984,41.220794677734375,40.98565673828125,42.152400970458984,42.04350662231445,19.047618865966797,9.523809432983398,14.285715103149414,4.761904716491699,0,0,0,0,2.331928014755249,8589934592,1073741824,5253021696,299040768
200,1771641627931,3504,3504,3504,3504,3504,3504,3504,3504,42.78657531738281,42.52351760864258,41.19446563720703,40.93431854248047,41.314754486083984,41.220794677734375,40.98565673828125,42.152400970458984,42.04350662231445,23.809524536132813,19.047618865966797,23.809524536132813,13.636363983154297,4.761904716491699,4.761904716491699,4.761904716491699,4.761904716491699,2.331928014755249,8589934592,1073741824,5253021696,299040768
199,1771641628131,3504,3504,3504,3504,3504,3504,3504,3504,42.8066520690918,42.5316276550293,41.181121826171875,40.9329833984375,41.27459716796875,41.249839782714844,41.02275085449219,42.15867233276367,42.099952697753906,15.000000953674316,20,19.047618865966797,5.263157844543457,0,0,0,0,2.331928014755249,8589934592,1073741824,5253021696,299040768
207,1771641628331,3504,3504,3504,3504,3504,3504,3504,3504,42.8066520690918,42.5316276550293,41.181121826171875,40.9329833984375,41.27459716796875,41.249839782714844,41.02275085449219,42.15867233276367,42.099952697753906,14.285715103149414,25,15.000000953674316,9.523809432983398,0,0,0,0,2.331928014755249,8589934592,1073741824,5252808704,299040768
209,1771641628539,3504,3504,3504,3504,3504,3504,3504,3504,42.8066520690918,42.5316276550293,41.181121826171875,40.9329833984375,41.27459716796875,41.249839782714844,41.02275085449219,42.15867233276367,42.099952697753906,26.3157901763916,25,20,20,10,5,9.523809432983398,4.761904716491699,2.331928014755249,8589934592,1073741824,5253890048,299040768
208,1771641628749,3504,3504,3504,3504,3504,3504,3504,3504,42.8066520690918,42.5316276550293,41.181121826171875,40.9329833984375,41.27459716796875,41.249839782714844,41.02275085449219,42.15867233276367,42.099952697753906,22.72727394104004,22.72727394104004,13.636363983154297,25,28.571430206298828,4.545454502105713,0,4.545454502105713,1.8598047494888306,8589934592,1073741824,5254316032,299040768
206,1771641628958,3504,3504,3504,3504,3504,3504,3504,3504,42.8066520690918,42.5316276550293,41.181121826171875,40.9329833984375,41.27459716796875,41.249839782714844,41.02275085449219,42.15867233276367,42.099952697753906,15.000000953674316,14.285715103149414,10,23.809524536132813,0,0,0,0,1.8598047494888306,8589934592,1073741824,5254086656,299040768
209,1771641629165,3504,3504,3504,3504,3504,3504,3504,3504,42.69326400756836,42.62244415283203,41.16362762451172,40.85044860839844,41.216922760009766,41.07359313964844,40.87232208251953,42.00593566894531,41.95806121826172,15.000000953674316,10,10,19.047618865966797,0,0,0,0,1.8598047494888306,8589934592,1073741824,5254119424,299040768
208,1771641629375,3504,3504,3504,3504,3504,3504,3504,3504,42.69326400756836,42.62244415283203,41.16362762451172,40.85044860839844,41.216922760009766,41.07359313964844,40.87232208251953,42.00593566894531,41.95806121826172,22.72727394104004,19.047618865966797,4.761904716491699,14.285715103149414,0,0,0,0,1.8598047494888306,8589934592,1073741824,5254135808,299040768
209,1771641629583,3504,3504,3504,3504,3504,3504,3504,3504,42.69326400756836,42.62244415283203,41.16362762451172,40.85044860839844,41.216922760009766,41.07359313964844,40.87232208251953,42.00593566894531,41.95806121826172,25,10,14.285715103149414,14.285715103149414,0,0,0,0,1.8598047494888306,8589934592,1073741824,5254184960,299040768
206,1771641629793,3504,3504,3504,3504,3504,3504,3504,3504,42.69326400756836,42.62244415283203,41.16362762451172,40.85044860839844,41.216922760009766,41.07359313964844,40.87232208251953,42.00593566894531,41.95806121826172,23.809524536132813,14.285715103149414,19.047618865966797,9.523809432983398,0,0,0,0,2.7579119205474854,8589934592,1073741824,5254217728,299040768
207,1771641630000,3504,3504,3504,3504,3504,3504,3504,3504,42.69326400756836,42.62244415283203,41.16362762451172,40.85044860839844,41.216922760009766,41.07359313964844,40.87232208251953,42.00593566894531,41.95806121826172,23.809524536132813,14.285715103149414,10,9.523809432983398,0,4.545454502105713,0,0,2.7579119205474854,8589934592,1073741824,5254217728,299040768
205,1771641630208,3504,3504,3504,3504,3504,3504,3504,3504,42.33820343017578,42.07976531982422,40.748252868652344,40.561668395996094,40.91368865966797,40.8197021484375,40.550392150878906,41.694000244140625,41.724449157714844,25,10,10,0,0,0,0,0,2.7579119205474854,8589934592,1073741824,5254168576,299040768
209,1771641630414,3504,3504,3504,3504,3504,3504,3504,3504,42.33820343017578,42.07976531982422,40.748252868652344,40.561668395996094,40.91368865966797,40.8197021484375,40.550392150878906,41.694000244140625,41.724449157714844,25,18.18181800842285,14.285715103149414,14.285715103149414,0,0,0,0,2.7579119205474854,8589934592,1073741824,5254168576,299040768
205,1771641630624,3504,3504,3504,3504,3504,3504,3504,3504,42.33820343017578,42.07976531982422,40.748252868652344,40.561668395996094,40.91368865966797,40.8197021484375,40.550392150878906,41.694000244140625,41.724449157714844,30.434782028198242,15.000000953674316,13.636363983154297,5,0,0,0,0,2.792290687561035,8589934592,1073741824,5254184960,299040768
207,1771641630831,3504,3504,3504,3504,3504,3504,3504,3504,42.33820343017578,42.07976531982422,40.748252868652344,40.561668395996094,40.91368865966797,40.8197021484375,40.550392150878906,41.694000244140625,41.724449157714844,21.052631378173828,14.285715103149414,5,13.636363983154297,0,0,0,0,2.792290687561035,8589934592,1073741824,5254184960,299040768
209,1771641631038,3504,3504,3504,3504,3504,3504,3504,3504,42.33820343017578,42.07976531982422,40.748252868652344,40.561668395996094,40.91368865966797,40.8197021484375,40.550392150878906,41.694000244140625,41.724449157714844,23.809524536132813,15.000000953674316,15.000000953674316,15.000000953674316,0,0,0,0,2.792290687561035,8589934592,1073741824,5254184960,299040768
209,1771641631248,3504,3504,3504,3504,3504,3504,3504,3504,42.2734375,41.60636520385742,40.55067443847656,40.41009521484375,40.740501403808594,40.66717529296875,40.454490661621094,41.49092102050781,41.55447006225586,23.809524536132813,14.285715103149414,13.636363983154297,19.047618865966797,0,0,0,0,2.792290687561035,8589934592,1073741824,5254184960,299040768
206,1771641631457,3504,3504,3504,3504,3504,3504,3504,3504,42.2734375,41.60636520385742,40.55067443847656,40.41009521484375,40.740501403808594,40.66717529296875,40.454490661621094,41.49092102050781,41.55447006225586,19.047618865966797,15.000000953674316,10,19.047618865966797,0,0,0,0,2.792290687561035,8589934592,1073741824,5254184960,299040768
207,1771641631665,3504,3504,3504,3504,3504,3504,3504,3504,42.2734375,41.60636520385742,40.55067443847656,40.41009521484375,40.740501403808594,40.66717529296875,40.454490661621094,41.49092102050781,41.55447006225586,15.000000953674316,18.18181800842285,9.523809432983398,15.000000953674316,0,0,0,0,2.2605457305908203,8589934592,1073741824,5254250496,299040768
202,1771641631873,3504,3504,3504,3504,3504,3504,3504,3504,42.2734375,41.60636520385742,40.55067443847656,40.41009521484375,40.740501403808594,40.66717529296875,40.454490661621094,41.49092102050781,41.55447006225586,19.047618865966797,20,14.285715103149414,9.090909004211426,0,0,0,0,2.2605457305908203,8589934592,1073741824,5254266880,299040768
209,1771641632075,3504,3504,3504,3504,3504,3504,3504,3504,42.2734375,41.60636520385742,40.55067443847656,40.41009521484375,40.740501403808594,40.66717529296875,40.454490661621094,41.49092102050781,41.55447006225586,15.789472579956055,30.000001907348633,14.285715103149414,5.263157844543457,0,0,0,0,2.2605457305908203,8589934592,1073741824,5254250496,299040768
199,1771641632285,3504,3504,3504,3504,3504,3504,3504,3504,42.11269760131836,41.37183380126953,40.34602355957031,40.285560607910156,40.623104095458984,40.532493591308594,40.33735656738281,41.37301254272461,41.389774322509766,21.7391300201416,23.809524536132813,5,4.761904716491699,0,0,0,0,2.2605457305908203,8589934592,1073741824,5254283264,299040768
209,1771641632485,3504,3504,3504,3504,3504,3504,3504,3504,42.11269760131836,41.37183380126953,40.34602355957031,40.285560607910156,40.623104095458984,40.532493591308594,40.33735656738281,41.37301254272461,41.389774322509766,15.789472579956055,25,10,15.000000953674316,0,0,0,0,2.2605457305908203,8589934592,1073741824,5254234112,299040768
202,1771641632695,3504,3504,3504,3504,3504,3504,3504,3504,42.11269760131836,41.37183380126953,40.34602355957031,40.285560607910156,40.623104095458984,40.532493591308594,40.33735656738281,41.37301254272461,41.389774322509766,14.285715103149414,25,9.523809432983398,4.761904716491699,0,4.761904716491699,0,0,2.2846646308898926,8589934592,1073741824,5254234112,299040768
207,1771641632898,3504,3504,3504,3504,3504,3504,3504,3504,42.11269760131836,41.37183380126953,40.34602355957031,40.285560607910156,40.623104095458984,40.532493591308594,40.33735656738281,41.37301254272461,41.389774322509766,20,23.809524536132813,10.526315689086914,9.523809432983398,0,0,0,0,2.2846646308898926,8589934592,1073741824,5254266880,299040768
207,1771641633106,3504,3504,3504,3504,3504,3504,3504,3504,42.11269760131836,41.37183380126953,40.34602355957031,40.109214782714844,40.513118743896484,40.38121032714844,40.17747497558594,41.21855545043945,41.23760223388672,15.000000953674316,33.333335876464844,14.285715103149414,10,0,0,0,0,2.2846646308898926,8589934592,1073741824,5254250496,299040768
208,1771641633314,3504,3504,3504,3504,3504,3504,3504,3504,42.03285217285156,41.19948959350586,40.2266845703125,40.109214782714844,40.513118743896484,40.38121032714844,40.17747497558594,41.21855545043945,41.23760223388672,19.047618865966797,20,13.636363983154297,19.047618865966797,0,0,0,0,2.2846646308898926,8589934592,1073741824,5254316032,299040768
206,1771641633523,3504,3504,3504,3504,3504,3504,3504,3504,42.03285217285156,41.19948959350586,40.2266845703125,40.109214782714844,40.513118743896484,40.38121032714844,40.17747497558594,41.21855545043945,41.23760223388672,14.285715103149414,19.047618865966797,5,14.285715103149414,4.545454502105713,0,0,0,2.2846646308898926,8589934592,1073741824,5245878272,299040768
201,1771641633729,3504,3504,3504,3504,3504,3504,3504,3504,42.03285217285156,41.19948959350586,40.2266845703125,40.109214782714844,40.513118743896484,40.38121032714844,40.17747497558594,41.21855545043945,41.23760223388672,15.000000953674316,19.047618865966797,15.000000953674316,15.000000953674316,0,0,0,0,1.9452078342437744,8589934592,1073741824,5245861888,299040768
209,1771641633931,3504,3504,3504,3504,3504,3504,3504,3504,42.03285217285156,41.19948959350586,40.2266845703125,40.109214782714844,40.513118743896484,40.38121032714844,40.17747497558594,41.21855545043945,41.23760223388672,14.285715103149414,20,9.523809432983398,19.047618865966797,0,0,0,0,1.9452078342437744,8589934592,1073741824,5245616128,299040768
205,1771641634141,3504,3504,3504,3504,3504,3504,3504,3504,42.01814270019531,41.05786895751953,40.00550079345703,39.94695281982422,40.32865524291992,40.228515625,40.03401184082031,41.09236526489258,41.09200668334961,15.000000953674316,15.000000953674316,10,15.000000953674316,0,0,0,0,1.9452078342437744,8589934592,1073741824,5245616128,299040768
202,1771641634347,3504,3504,3504,3504,3504,3504,3504,3504,42.01814270019531,41.05786895751953,40.00550079345703,39.94695281982422,40.32865524291992,40.228515625,40.03401184082031,41.09236526489258,41.09200668334961,14.285715103149414,23.809524536132813,9.523809432983398,19.047618865966797,0,0,0,0,1.9452078342437744,8589934592,1073741824,5245616128,299040768
209,1771641634550,3504,3504,3504,3504,3504,3504,3504,3504,42.01814270019531,41.05786895751953,40.00550079345703,39.94695281982422,40.32865524291992,40.228515625,40.03401184082031,41.09236526489258,41.09200668334961,20,20,15.789472579956055,20,15.000000953674316,5.263157844543457,5.263157844543457,0,1.9452078342437744,8589934592,1073741824,5245616128,299040768
204,1771641634760,3504,3504,3504,3504,3504,3504,3504,3504,42.01814270019531,41.05786895751953,40.00550079345703,39.94695281982422,40.32865524291992,40.228515625,40.03401184082031,41.09236526489258,41.09200668334961,28.571430206298828,28.571430206298828,36.3636360168457,15.000000953674316,0,0,0,0,2.3812928199768066,8589934592,1073741824,5248155648,299040768
209,1771641634965,3504,3504,3504,3504,3504,3504,3504,3504,42.01814270019531,41.05786895751953,40.00550079345703,39.94695281982422,40.32865524291992,40.228515625,40.03401184082031,41.09236526489258,41.09200668334961,15.000000953674316,15.000000953674316,15.000000953674316,14.285715103149414,0,0,0,0,2.3812928199768066,8589934592,1073741824,5248172032,299040768
209,1771641635174,3504,3504,3504,3504,3504,3504,3504,3504,42.23195266723633,41.31812286376953,40.19367218017578,40.09326934814453,40.35546875,40.29917907714844,40.14710998535156,41.265743255615234,41.27509689331055,28.571430206298828,23.809524536132813,28.571430206298828,19.047618865966797,19.047618865966797,26.086956024169922,22.72727394104004,14.285715103149414,2.3812928199768066,8589934592,1073741824,5247139840,299040768
206,1771641635385,3504,3504,3504,3504,3504,3504,3504,3504,42.23195266723633,41.31812286376953,40.19367218017578,40.09326934814453,40.35546875,40.29917907714844,40.14710998535156,41.265743255615234,41.27509689331055,19.047618865966797,14.285715103149414,14.285715103149414,4.761904716491699,0,0,0,4.545454502105713,2.3812928199768066,8589934592,1073741824,5247139840,299040768
209,1771641635591,3504,3504,3504,3504,3504,3504,3504,3504,42.23195266723633,41.31812286376953,40.19367218017578,40.09326934814453,40.35546875,40.29917907714844,40.14710998535156,41.265743255615234,41.27509689331055,19.047618865966797,19.047618865966797,15.000000953674316,14.285715103149414,0,0,0,0,2.3812928199768066,8589934592,1073741824,5247369216,299040768
204,1771641635801,3504,3504,3504,3504,3504,3504,3504,3504,42.23195266723633,41.31812286376953,40.19367218017578,40.09326934814453,40.35546875,40.29917907714844,40.14710998535156,41.265743255615234,41.27509689331055,15.000000953674316,19.047618865966797,19.047618865966797,5,0,0,0,0,2.040618896484375,8589934592,1073741824,5247369216,299040768
200,1771641636007,3504,3504,3504,3504,3504,3504,3504,3504,42.23195266723633,41.31812286376953,40.19367218017578,40.09326934814453,40.35546875,40.29917907714844,40.14710998535156,41.265743255615234,41.27509689331055,28.571430206298828,15.000000953674316,23.809524536132813,14.285715103149414,0,0,0,0,2.040618896484375,8589934592,1073741824,5247434752,299040768
205,1771641636208,3504,3504,3504,3504,3504,3504,3504,3504,42.05109405517578,41.16337203979492,40.104461669921875,39.97184753417969,40.36459732055664,40.25825500488281,40.1072998046875,41.16519546508789,41.13844680786133,15.789472579956055,5.263157844543457,19.047618865966797,5.263157844543457,0,0,0,0,2.040618896484375,8589934592,1073741824,5247434752,299040768
209,1771641636413,3504,3504,3504,3504,3504,3504,3504,3504,42.05109405517578,41.16337203979492,40.104461669921875,39.97184753417969,40.36459732055664,40.25825500488281,40.1072998046875,41.16519546508789,41.13844680786133,19.047618865966797,19.047618865966797,21.052631378173828,13.636363983154297,0,0,0,0,2.040618896484375,8589934592,1073741824,5247434752,299040768
209,1771641636623,3504,3504,3504,3504,3504,3504,3504,3504,42.05109405517578,41.16337203979492,40.104461669921875,39.97184753417969,40.36459732055664,40.25825500488281,40.1072998046875,41.16519546508789,41.13844680786133,15.000000953674316,19.047618865966797,14.285715103149414,5,0,0,0,0,2.394822120666504,8589934592,1073741824,5247303680,299040768
205,1771641636833,3504,3504,3504,3504,3504,3504,3504,3504,42.05109405517578,41.16337203979492,40.104461669921875,39.97184753417969,40.36459732055664,40.25825500488281,40.1072998046875,41.16519546508789,41.13844680786133,22.72727394104004,19.047618865966797,19.047618865966797,13.636363983154297,0,0,0,0,2.394822120666504,8589934592,1073741824,5247303680,299040768
202,1771641637039,3504,3504,3504,3504,3504,3504,3504,3504,42.05109405517578,41.16337203979492,40.104461669921875,39.97184753417969,40.36459732055664,40.25825500488281,40.1072998046875,41.16519546508789,41.13844680786133,19.047618865966797,19.047618865966797,15.000000953674316,10.526315689086914,0,0,0,0,2.394822120666504,8589934592,1073741824,5247303680,299040768
207,1771641637242,3504,3504,3504,3504,3504,3504,3504,3504,41.7727165222168,40.78862380981445,39.894508361816406,39.622344970703125,40.10417556762695,39.898216247558594,39.742027282714844,40.84093475341797,40.82951354980469,36.842105865478516,31.57894515991211,45,19.047618865966797,0,0,0,0,2.394822120666504,8589934592,1073741824,5247303680,299040768
209,1771641637449,3504,3504,3504,3504,3504,3504,3504,3504,41.7727165222168,40.78862380981445,39.894508361816406,39.622344970703125,40.10417556762695,39.898216247558594,39.742027282714844,40.84093475341797,40.82951354980469,14.285715103149414,18.18181800842285,19.047618865966797,9.523809432983398,4.761904716491699,0,0,0,2.394822120666504,8589934592,1073741824,5247303680,299040768
202,1771641637660,3504,3504,3504,3504,3504,3504,3504,3504,41.7727165222168,40.78862380981445,39.894508361816406,39.622344970703125,40.10417556762695,39.898216247558594,39.742027282714844,40.84093475341797,40.82951354980469,19.047618865966797,10,18.18181800842285,4.761904716491699,0,0,0,0,2.1397206783294678,8589934592,1073741824,5247303680,299040768
199,1771641637863,3504,3504,3504,3504,3504,3504,3504,3504,41.7727165222168,40.78862380981445,39.894508361816406,39.622344970703125,40.10417556762695,39.898216247558594,39.742027282714844,40.84093475341797,40.82951354980469,23.809524536132813,10,15.000000953674316,9.523809432983398,0,0,0,0,2.1397206783294678,8589934592,1073741824,5247254528,299040768
208,1771641638064,3504,3504,3504,3504,3504,3504,3504,3504,41.7727165222168,40.78862380981445,39.894508361816406,39.622344970703125,40.10417556762695,39.898216247558594,39.742027282714844,40.84093475341797,40.82951354980469,21.052631378173828,15.000000953674316,21.052631378173828,5.555555820465088,0,0,0,0,2.1397206783294678,8589934592,1073741824,5247320064,299040768
205,1771641638273,3504,3504,3504,3504,3504,3504,3504,3504,41.6860466003418,40.703712463378906,39.74595642089844,39.54845428466797,40.05214309692383,39.77671813964844,39.618186950683594,40.703670501708984,40.71195602416992,23.809524536132813,13.636363983154297,19.047618865966797,13.636363983154297,0,0,0,0,2.1397206783294678,8589934592,1073741824,5247205376,299040768
201,1771641638479,3504,3504,3504,3504,3504,3504,3504,3504,41.6860466003418,40.703712463378906,39.74595642089844,39.54845428466797,40.05214309692383,39.77671813964844,39.618186950683594,40.703670501708984,40.71195602416992,23.809524536132813,10,14.285715103149414,0,0,0,0,0,2.1397206783294678,8589934592,1073741824,5247205376,299040768
205,1771641638681,3504,3504,3504,3504,3504,3504,3504,3504,41.6860466003418,40.703712463378906,39.74595642089844,39.54845428466797,40.05214309692383,39.77671813964844,39.618186950683594,40.703670501708984,40.71195602416992,25,15.000000953674316,20,14.285715103149414,0,0,0,0,2.2242722511291504,8589934592,1073741824,5247909888,299040768
205,1771641638887,3504,3504,3504,3504,3504,3504,3504,3504,41.6860466003418,40.703712463378906,39.74595642089844,39.54845428466797,40.05214309692383,39.77671813964844,39.618186950683594,40.703670501708984,40.71195602416992,20,25,20,10,40,0,0,0,2.2242722511291504,8589934592,1073741824,5247369216,299040768
209,1771641639093,3504,3504,3504,3504,3504,3504,3504,3504,41.6860466003418,40.703712463378906,39.74595642089844,39.54845428466797,40.05214309692383,39.77671813964844,39.618186950683594,40.703670501708984,40.71195602416992,15.000000953674316,23.809524536132813,15.000000953674316,10,0,0,0,0,2.2242722511291504,8589934592,1073741824,5247369216,299040768
203,1771641639303,3504,3504,3504,3504,3504,3504,3504,3504,41.68687438964844,40.94174575805664,39.813720703125,39.574989318847656,39.98133850097656,39.72199249267578,39.57868194580078,40.618560791015625,40.64522933959961,14.285715103149414,19.047618865966797,18.18181800842285,4.761904716491699,0,0,0,0,2.2242722511291504,8589934592,1073741824,5247369216,299040768
209,1771641639506,3504,3504,3504,3504,3504,3504,3504,3504,41.68687438964844,40.94174575805664,39.813720703125,39.574989318847656,39.98133850097656,39.72199249267578,39.57868194580078,40.618560791015625,40.64522933959961,10,15.789472579956055,10,15.000000953674316,0,0,0,0,2.2242722511291504,8589934592,1073741824,5247369216,299040768
209,1771641639716,3504,3504,3504,3504,3504,3504,3504,3504,41.68687438964844,40.94174575805664,39.813720703125,39.574989318847656,39.98133850097656,39.72199249267578,39.57868194580078,40.618560791015625,40.64522933959961,19.047618865966797,19.047618865966797,19.047618865966797,19.047618865966797,0,0,0,0,2.706193208694458,8589934592,1073741824,5244174336,299040768
209,1771641639926,3504,3504,3504,3504,3504,3504,3504,3504,41.68687438964844,40.94174575805664,39.813720703125,39.574989318847656,39.98133850097656,39.72199249267578,39.57868194580078,40.618560791015625,40.64522933959961,19.047618865966797,19.047618865966797,9.523809432983398,9.090909004211426,0,0,0,0,2.706193208694458,8589934592,1073741824,5243731968,299040768
204,1771641640136,3504,3504,3504,3504,3504,3504,3504,3504,41.51157760620117,40.57713317871094,39.51203155517578,39.320777893066406,39.806312561035156,39.610260009765625,39.434349060058594,40.48179626464844,40.499149322509766,20,18.18181800842285,14.285715103149414,5,9.090909004211426,4.761904716491699,4.761904716491699,0,2.706193208694458,8589934592,1073741824,5243748352,299040768
203,1771641640341,3504,3504,3504,3504,3504,3504,3504,3504,41.51157760620117,40.57713317871094,39.51203155517578,39.320777893066406,39.806312561035156,39.610260009765625,39.434349060058594,40.48179626464844,40.499149322509766,19.047618865966797,15.000000953674316,5,4.761904716491699,0,0,0,0,2.706193208694458,8589934592,1073741824,5243748352,299040768
209,1771641640545,3504,3504,3504,3504,3504,3504,3504,3504,41.51157760620117,40.57713317871094,39.51203155517578,39.320777893066406,39.806312561035156,39.610260009765625,39.434349060058594,40.48179626464844,40.499149322509766,23.809524536132813,20,10,10,0,0,0,0,2.706193208694458,8589934592,1073741824,5243748352,299040768
206,1771641640755,3504,3504,3504,3504,3504,3504,3504,3504,41.51157760620117,40.57713317871094,39.51203155517578,39.320777893066406,39.806312561035156,39.610260009765625,39.434349060058594,40.48179626464844,40.499149322509766,20,22.72727394104004,13.636363983154297,5,0,0,0,0,2.319401979446411,8589934592,1073741824,5243748352,299040768
204,1771641640963,3504,3504,3504,3504,3504,3504,3504,3504,41.51157760620117,40.57713317871094,39.51203155517578,39.320777893066406,39.806312561035156,39.610260009765625,39.434349060058594,40.48179626464844,40.499149322509766,22.72727394104004,15.789472579956055,5.263157844543457,9.090909004211426,0,0,0,0,2.319401979446411,8589934592,1073741824,5243650048,299040768
204,1771641641167,3504,3504,3504,3504,3504,3504,3504,3504,41.456295013427734,40.49531173706055,39.46245574951172,39.251686096191406,39.65990447998047,39.48692321777344,39.319374084472656,40.35726547241211,40.39809036254883,20,23.809524536132813,9.523809432983398,5,0,0,0,0,2.319401979446411,8589934592,1073741824,5243633664,299040768
208,1771641641373,3504,3504,3504,3504,3504,3504,3504,3504,41.456295013427734,40.49531173706055,39.46245574951172,39.251686096191406,39.65990447998047,39.48692321777344,39.319374084472656,40.35726547241211,40.39809036254883,20,20,9.523809432983398,10,0,0,0,0,2.319401979446411,8589934592,1073741824,5243633664,299040768
207,1771641641582,3504,3504,3504,3504,3504,3504,3504,3504,41.456295013427734,40.49531173706055,39.46245574951172,39.251686096191406,39.65990447998047,39.48692321777344,39.319374084472656,40.35726547241211,40.39809036254883,33.333335876464844,19.047618865966797,15.000000953674316,13.636363983154297,0,0,0,0,2.319401979446411,8589934592,1073741824,5243584512,299040768
209,1771641641789,3504,3504,3504,3504,3504,3504,3504,3504,41.456295013427734,40.49531173706055,39.46245574951172,39.251686096191406,39.65990447998047,39.48692321777344,39.319374084472656,40.35726547241211,40.39809036254883,23.809524536132813,9.523809432983398,9.523809432983398,5,0,0,0,0,2.1758337020874023,8589934592,1073741824,5243584512,299040768
206,1771641641999,3504,3504,3504,3504,3504,3504,3504,3504,41.456295013427734,40.49531173706055,39.46245574951172,39.251686096191406,39.65990447998047,39.48692321777344,39.319374084472656,40.35726547241211,40.39809036254883,25,14.285715103149414,14.285715103149414,5,0,0,0,0,2.1758337020874023,8589934592,1073741824,5243584512,299040768
201,1771641642206,3504,3504,3504,3504,3504,3504,3504,3504,41.36227798461914,40.42357635498047,39.25739288330078,39.19085693359375,39.54891586303711,39.37092590332031,39.136627197265625,40.23751449584961,40.224761962890625,19.047618865966797,14.285715103149414,15.000000953674316,14.285715103149414,0,0,0,0,2.1758337020874023,8589934592,1073741824,5243584512,299040768
205,1771641642408,3504,3504,3504,3504,3504,3504,3504,3504,41.36227798461914,40.42357635498047,39.25739288330078,39.19085693359375,39.54891586303711,39.37092590332031,39.136627197265625,40.23751449584961,40.224761962890625,25,10.526315689086914,9.523809432983398,19.047618865966797,0,0,0,0,2.1758337020874023,8589934592,1073741824,5243584512,299040768
202,1771641642613,3504,3504,3504,3504,3504,3504,3504,3504,41.36227798461914,40.42357635498047,39.25739288330078,39.19085693359375,39.54891586303711,39.37092590332031,39.136627197265625,40.23751449584961,40.224761962890625,23.809524536132813,14.285715103149414,10.526315689086914,20,0,0,0,0,1.9943287372589111,8589934592,1073741824,5243584512,299040768
206,1771641642816,3504,3504,3504,3504,3504,3504,3504,3504,41.36227798461914,40.42357635498047,39.25739288330078,39.19085693359375,39.54891586303711,39.37092590332031,39.136627197265625,40.23751449584961,40.224761962890625,20,14.285715103149414,13.636363983154297,19.047618865966797,0,0,0,0,1.9943287372589111,8589934592,1073741824,5243584512,299040768
200,1771641643023,3504,3504,3504,3504,3504,3504,3504,3504,41.36227798461914,40.42357635498047,39.25739288330078,39.19085693359375,39.54891586303711,39.37092590332031,39.136627197265625,40.23751449584961,40.224761962890625,25,10,10,15.000000953674316,0,0,0,0,1.9943287372589111,8589934592,1073741824,5243682816,299040768
204,1771641643224,3504,3504,3504,3504,3504,3504,3504,3504,41.223358154296875,40.3256721496582,39.13262176513672,39.143218994140625,39.45555114746094,39.224998474121094,39.01463317871094,40.13324737548828,40.14521408081055,21.052631378173828,20,10,20,0,0,0,0,1.9943287372589111,8589934592,1073741824,5243715584,299040768
209,1771641643429,3504,3504,3504,3504,3504,3504,3504,3504,41.223358154296875,40.3256721496582,39.13262176513672,39.143218994140625,39.45555114746094,39.224998474121094,39.01463317871094,40.13324737548828,40.14521408081055,38.095237731933594,21.052631378173828,23.809524536132813,23.809524536132813,0,0,0,0,1.9943287372589111,8589934592,1073741824,5244354560,299040768
205,1771641643639,3504,3504,3504,3504,3504,3504,3504,3504,41.223358154296875,40.3256721496582,39.13262176513672,39.143218994140625,39.45555114746094,39.224998474121094,39.01463317871094,40.13324737548828,40.14521408081055,14.285715103149414,14.285715103149414,23.809524536132813,15.000000953674316,0,0,0,0,1.8973591327667236,8589934592,1073741824,5245599744,299040768
209,1771641643845,3504,3504,3504,3504,3504,3504,3504,3504,41.223358154296875,40.3256721496582,39.13262176513672,39.143218994140625,39.45555114746094,39.224998474121094,39.01463317871094,40.13324737548828,40.14521408081055,14.285715103149414,13.636363983154297,15.789472579956055,18.18181800842285,0,0,0,0,1.8973591327667236,8589934592,1073741824,5245386752,299040768
201,1771641644055,3504,3504,3504,3504,3504,3504,3504,3504,41.223358154296875,40.3256721496582,39.13262176513672,39.143218994140625,39.45555114746094,39.224998474121094,39.01463317871094,40.13324737548828,40.14521408081055,14.285715103149414,10,14.285715103149414,10,0,0,0,0,1.8973591327667236,8589934592,1073741824,5245386752,299040768
209,1771641644257,3504,3504,3504,3504,3504,3504,3504,3504,41.06226348876953,40.25171661376953,39.081214904785156,39.099952697753906,39.34811019897461,39.134376525878906,38.89366912841797,40.06159210205078,40.05840301513672,15.789472579956055,10,23.809524536132813,15.789472579956055,0,0,0,0,1.8973591327667236,8589934592,1073741824,5245386752,299040768
206,1771641644467,3504,3504,3504,3504,3504,3504,3504,3504,41.06226348876953,40.25171661376953,39.081214904785156,39.099952697753906,39.34811019897461,39.134376525878906,38.89366912841797,40.06159210205078,40.05840301513672,14.285715103149414,14.285715103149414,19.047618865966797,18.18181800842285,0,0,0,0,1.8973591327667236,8589934592,1073741824,5245370368,299040768
206,1771641644674,3504,3504,3504,3504,3504,3504,3504,3504,41.06226348876953,40.25171661376953,39.081214904785156,39.099952697753906,39.34811019897461,39.134376525878906,38.89366912841797,40.06159210205078,40.05840301513672,19.047618865966797,15.000000953674316,20,15.000000953674316,0,0,0,0,2.9255900382995605,8589934592,1073741824,5245419520,299040768
199,1771641644881,3504,3504,3504,3504,3504,3504,3504,3504,41.06226348876953,40.25171661376953,39.081214904785156,39.099952697753906,39.34811019897461,39.134376525878906,38.89366912841797,40.06159210205078,40.05840301513672,23.809524536132813,19.047618865966797,14.285715103149414,19.047618865966797,0,0,0,0,2.9255900382995605,8589934592,1073741824,5245124608,299040768
202,1771641645081,3504,3504,3504,3504,3504,3504,3504,3504,41.06226348876953,40.25171661376953,39.081214904785156,39.099952697753906,39.34811019897461,39.134376525878906,38.89366912841797,40.06159210205078,40.05840301513672,30.000001907348633,20,19.047618865966797,15.000000953674316,0,0,0,0,2.9255900382995605,8589934592,1073741824,5246091264,299040768
206,1771641645284,3504,3504,3504,3504,3504,3504,3504,3504,40.961544036865234,40.18067169189453,39.077003479003906,39.004295349121094,39.202491760253906,39.051795959472656,38.812034606933594,39.960575103759766,39.989013671875,30.000001907348633,10,10.526315689086914,5,5,4.761904716491699,4.761904716491699,0,2.9255900382995605,8589934592,1073741824,5246173184,299040768
206,1771641645491,3504,3504,3504,3504,3504,3504,3504,3504,40.961544036865234,40.18067169189453,39.077003479003906,39.004295349121094,39.202491760253906,39.051795959472656,38.812034606933594,39.960575103759766,39.989013671875,25,14.285715103149414,9.523809432983398,5,0,0,0,0,2.9255900382995605,8589934592,1073741824,5246222336,299040768
209,1771641645698,3504,3504,3504,3504,3504,3504,3504,3504,40.961544036865234,40.18067169189453,39.077003479003906,39.004295349121094,39.202491760253906,39.051795959472656,38.812034606933594,39.960575103759766,39.989013671875,25,15.000000953674316,10,14.285715103149414,0,0,0,0,2.7223598957061768,8589934592,1073741824,5246074880,299040768
208,1771641645908,3504,3504,3504,3504,3504,3504,3504,3504,40.961544036865234,40.18067169189453,39.077003479003906,39.004295349121094,39.202491760253906,39.051795959472656,38.812034606933594,39.960575103759766,39.989013671875,31.81818199157715,14.285715103149414,9.523809432983398,9.523809432983398,0,0,0,0,2.7223598957061768,8589934592,1073741824,5246091264,299040768
199,1771641646116,3504,3504,3504,3504,3504,3504,3504,3504,40.82228469848633,40.098731994628906,39.008201599121094,38.901695251464844,39.17110824584961,38.99445343017578,38.76945495605469,39.878196716308594,39.927371978759766,23.809524536132813,19.047618865966797,14.285715103149414,14.285715103149414,0,0,0,0,2.7223598957061768,8589934592,1073741824,5246124032,299040768
209,1771641646316,3504,3504,3504,3504,3504,3504,3504,3504,40.82228469848633,40.098731994628906,39.008201599121094,38.901695251464844,39.17110824584961,38.99445343017578,38.76945495605469,39.878196716308594,39.927371978759766,21.052631378173828,20,5.263157844543457,5,0,0,0,0,2.7223598957061768,8589934592,1073741824,5245911040,299040768
209,1771641646526,3504,3504,3504,3504,3504,3504,3504,3504,40.82228469848633,40.098731994628906,39.008201599121094,38.901695251464844,39.17110824584961,38.99445343017578,38.76945495605469,39.878196716308594,39.927371978759766,27.272727966308594,15.000000953674316,14.285715103149414,9.523809432983398,0,0,0,0,2.7223598957061768,8589934592,1073741824,5246058496,299040768
209,1771641646736,3504,3504,3504,3504,3504,3504,3504,3504,40.82228469848633,40.098731994628906,39.008201599121094,38.901695251464844,39.17110824584961,38.99445343017578,38.76945495605469,39.878196716308594,39.927371978759766,25,14.285715103149414,13.636363983154297,5,0,0,0,0,2.2730743885040283,8589934592,1073741824,5246058496,299040768
200,1771641646946,3504,3504,3504,3504,3504,3504,3504,3504,40.82228469848633,40.098731994628906,39.008201599121094,38.901695251464844,39.17110824584961,38.99445343017578,38.76945495605469,39.878196716308594,39.927371978759766,19.047618865966797,19.047618865966797,20,13.636363983154297,0,0,0,0,2.2730743885040283,8589934592,1073741824,5246074880,299040768
206,1771641647147,3504,3504,3504,3504,3504,3504,3504,3504,40.66976547241211,40.054107666015625,38.84516906738281,38.784393310546875,39.098670959472656,38.86341094970703,38.74365234375,39.79262161254883,39.8360595703125,23.809524536132813,10,14.285715103149414,10,0,0,0,0,2.2730743885040283,8589934592,1073741824,5246058496,299040768
202,1771641647354,3504,3504,3504,3504,3504,3504,3504,3504,40.66976547241211,40.054107666015625,38.84516906738281,38.784393310546875,39.098670959472656,38.86341094970703,38.74365234375,39.79262161254883,39.8360595703125,15.789472579956055,14.285715103149414,5.263157844543457,10,0,0,0,0,2.2730743885040283,8589934592,1073741824,5246009344,299040768
207,1771641647557,3504,3504,3504,3504,3504,3504,3504,3504,40.66976547241211,40.054107666015625,38.84516906738281,38.784393310546875,39.098670959472656,38.86341094970703,38.74365234375,39.79262161254883,39.8360595703125,20,10,14.285715103149414,20,4.761904716491699,0,0,0,2.2730743885040283,8589934592,1073741824,5246009344,299040768
207,1771641647765,3504,3504,3504,3504,3504,3504,3504,3504,40.66976547241211,40.054107666015625,38.84516906738281,38.784393310546875,39.098670959472656,38.86341094970703,38.74365234375,39.79262161254883,39.8360595703125,22.72727394104004,14.285715103149414,9.523809432983398,14.285715103149414,0,0,0,0,2.0549581050872803,8589934592,1073741824,5246205952,299040768
207,1771641647972,3504,3504,3504,3504,3504,3504,3504,3504,40.66976547241211,40.054107666015625,38.84516906738281,38.784393310546875,39.098670959472656,38.86341094970703,38.74365234375,39.79262161254883,39.8360595703125,20,15.000000953674316,10,19.047618865966797,0,0,0,0,2.0549581050872803,8589934592,1073741824,5246205952,299040768
200,1771641648181,3504,3504,3504,3504,3504,3504,3504,3504,40.550559997558594,39.98095703125,38.71912384033203,38.741355895996094,39.03285598754883,38.802215576171875,38.69667053222656,39.74329376220703,39.79009246826172,23.809524536132813,15.000000953674316,22.72727394104004,23.809524536132813,0,0,0,0,2.0549581050872803,8589934592,1073741824,5246369792,299040768
209,1771641648381,3504,3504,3504,3504,3504,3504,3504,3504,40.550559997558594,39.98095703125,38.71912384033203,38.741355895996094,39.03285598754883,38.802215576171875,38.69667053222656,39.74329376220703,39.79009246826172,25,27.272727966308594,10.526315689086914,15.789472579956055,0,0,0,0,2.0549581050872803,8589934592,1073741824,5246828544,299040768
209,1771641648591,3504,3504,3504,3504,3504,3504,3504,3504,40.550559997558594,39.98095703125,38.71912384033203,38.741355895996094,39.03285598754883,38.802215576171875,38.69667053222656,39.74329376220703,39.79009246826172,23.809524536132813,20,9.523809432983398,13.636363983154297,0,0,0,0,2.0549581050872803,8589934592,1073741824,5246877696,299040768
204,1771641648801,3504,3504,3504,3504,3504,3504,3504,3504,40.550559997558594,39.98095703125,38.71912384033203,38.741355895996094,39.03285598754883,38.802215576171875,38.69667053222656,39.74329376220703,39.79009246826172,23.809524536132813,19.047618865966797,23.809524536132813,19.047618865966797,22.72727394104004,0,0,0,1.9218430519104004,8589934592,1073741824,5247467520,299040768
207,1771641649006,3504,3504,3504,3504,3504,3504,3504,3504,40.550559997558594,39.98095703125,38.71912384033203,38.741355895996094,39.03285598754883,38.802215576171875,38.69667053222656,39.74329376220703,39.79009246826172,15.789472579956055,25,15.000000953674316,15.000000953674316,0,0,0,0,1.9218430519104004,8589934592,1073741824,5247614976,299040768
208,1771641649213,3504,3504,3504,3504,3504,3504,3504,3504,40.606529235839844,40.166297912597656,38.83970642089844,38.78642272949219,39.03464889526367,38.75910949707031,38.645904541015625,39.73074722290039,39.752559661865234,14.285715103149414,19.047618865966797,10,14.285715103149414,0,0,0,0,1.9218430519104004,8589934592,1073741824,5247614976,299040768
201,1771641649422,3504,3504,3504,3504,3504,3504,3504,3504,40.606529235839844,40.166297912597656,38.83970642089844,38.78642272949219,39.03464889526367,38.75910949707031,38.645904541015625,39.73074722290039,39.752559661865234,9.523809432983398,10,13.636363983154297,15.000000953674316,0,0,0,0,1.9218430519104004,8589934592,1073741824,5247614976,299040768
208,1771641649624,3504,3504,3504,3504,3504,3504,3504,3504,40.606529235839844,40.166297912597656,38.83970642089844,38.78642272949219,39.03464889526367,38.75910949707031,38.645904541015625,39.73074722290039,39.752559661865234,25,25,20,23.809524536132813,0,0,0,0,2.3315443992614746,8589934592,1073741824,5248040960,299040768
208,1771641649833,3504,3504,3504,3504,3504,3504,3504,3504,40.606529235839844,40.166297912597656,38.83970642089844,38.78642272949219,39.03464889526367,38.75910949707031,38.645904541015625,39.73074722290039,39.752559661865234,19.047618865966797,19.047618865966797,10,5,9.090909004211426,4.761904716491699,0,0,2.3315443992614746,8589934592,1073741824,5248270336,299040768
200,1771641650041,3504,3504,3504,3504,3504,3504,3504,3504,40.606529235839844,40.166297912597656,38.83970642089844,38.78642272949219,39.03464889526367,38.75910949707031,38.645904541015625,39.73074722290039,39.752559661865234,28.571430206298828,27.272727966308594,14.285715103149414,14.285715103149414,0,0,0,0,2.3315443992614746,8589934592,1073741824,5244698624,299040768
209,1771641650242,3504,3504,3504,3504,3504,3504,3504,3504,40.49879455566406,39.94939422607422,38.67039489746094,38.69087219238281,38.96886444091797,38.683204650878906,38.59259796142578,39.695499420166016,39.69729995727539,10.526315689086914,15.789472579956055,9.523809432983398,10,4.761904716491699,4.761904716491699,5,0,2.3315443992614746,8589934592,1073741824,5244715008,299040768
203,1771641650452,3504,3504,3504,3504,3504,3504,3504,3504,40.49879455566406,39.94939422607422,38.67039489746094,38.69087219238281,38.96886444091797,38.683204650878906,38.59259796142578,39.695499420166016,39.69729995727539,19.047618865966797,19.047618865966797,15.000000953674316,9.090909004211426,0,0,0,0,2.3315443992614746,8589934592,1073741824,5244338176,299040768
201,1771641650656,3504,3504,3504,3504,3504,3504,3504,3504,40.49879455566406,39.94939422607422,38.67039489746094,38.69087219238281,38.96886444091797,38.683204650878906,38.59259796142578,39.695499420166016,39.69729995727539,15.000000953674316,23.809524536132813,10,15.789472579956055,0,0,0,0,3.044466495513916,8589934592,1073741824,5244338176,299040768
207,1771641650858,3504,3504,3504,3504,3504,3504,3504,3504,40.49879455566406,39.94939422607422,38.67039489746094,38.69087219238281,38.96886444091797,38.683204650878906,38.59259796142578,39.695499420166016,39.69729995727539,15.000000953674316,20,14.285715103149414,19.047618865966797,0,0,0,0,3.044466495513916,8589934592,1073741824,5244338176,299040768
208,1771641651066,3504,3504,3504,3504,3504,3504,3504,3504,40.49879455566406,39.94939422607422,38.67039489746094,38.69087219238281,38.96886444091797,38.683204650878906,38.59259796142578,39.695499420166016,39.69729995727539,15.000000953674316,20,10,14.285715103149414,0,0,0,0,3.044466495513916,8589934592,1073741824,5244338176,299040768
205,1771641651274,3504,3504,3504,3504,3504,3504,3504,3504,40.38518524169922,39.860965728759766,38.618919372558594,38.59577941894531,38.846588134765625,38.57627868652344,38.475608825683594,39.60246658325195,39.603233337402344,18.18181800842285,23.809524536132813,10,15.000000953674316,0,0,0,0,3.044466495513916,8589934592,1073741824,5244878848,299040768
207,1771641651481,3504,3504,3504,3504,3504,3504,3504,3504,40.38518524169922,39.860965728759766,38.618919372558594,38.59577941894531,38.846588134765625,38.57627868652344,38.475608825683594,39.60246658325195,39.603233337402344,10,20,19.047618865966797,14.285715103149414,0,0,0,0,3.044466495513916,8589934592,1073741824,5244878848,299040768
208,1771641651688,3504,3504,3504,3504,3504,3504,3504,3504,40.38518524169922,39.860965728759766,38.618919372558594,38.59577941894531,38.846588134765625,38.57627868652344,38.475608825683594,39.60246658325195,39.603233337402344,14.285715103149414,19.047618865966797,15.000000953674316,5,0,0,0,0,2.5886781215667725,8589934592,1073741824,5244878848,299040768
207,1771641651898,3504,3504,3504,3504,3504,3504,3504,3504,40.38518524169922,39.860965728759766,38.618919372558594,38.59577941894531,38.846588134765625,38.57627868652344,38.475608825683594,39.60246658325195,39.603233337402344,10,19.047618865966797,21.7391300201416,4.761904716491699,0,0,0,0,2.5886781215667725,8589934592,1073741824,5244829696,299040768
201,1771641652106,3504,3504,3504,3504,3504,3504,3504,3504,40.38518524169922,39.860965728759766,38.533180236816406,38.46495819091797,38.745975494384766,38.47021484375,38.391876220703125,39.48908996582031,39.503089904785156,23.809524536132813,10.526315689086914,20,9.523809432983398,0,0,0,0,2.5886781215667725,8589934592,1073741824,5244829696,299040768
209,1771641652308,3504,3504,3504,3504,3504,3504,3504,3504,40.250648498535156,39.78038024902344,38.533180236816406,38.46495819091797,38.745975494384766,38.47021484375,38.391876220703125,39.48908996582031,39.503089904785156,23.809524536132813,14.285715103149414,15.789472579956055,5.263157844543457,0,0,0,0,2.5886781215667725,8589934592,1073741824,5244829696,299040768
200,1771641652518,3504,3504,3504,3504,3504,3504,3504,3504,40.250648498535156,39.78038024902344,38.533180236816406,38.46495819091797,38.745975494384766,38.47021484375,38.391876220703125,39.48908996582031,39.503089904785156,20,14.285715103149414,14.285715103149414,14.285715103149414,0,0,0,0,2.5886781215667725,8589934592,1073741824,5244977152,299040768
207,1771641652718,3504,3504,3504,3504,3504,3504,3504,3504,40.250648498535156,39.78038024902344,38.533180236816406,38.46495819091797,38.745975494384766,38.47021484375,38.391876220703125,39.48908996582031,39.503089904785156,28.571430206298828,15.000000953674316,14.285715103149414,9.523809432983398,0,0,0,0,2.1402478218078613,8589934592,1073741824,5244977152,299040768
208,1771641652926,3504,3504,3504,3504,3504,3504,3504,3504,40.250648498535156,39.78038024902344,38.533180236816406,38.46495819091797,38.745975494384766,38.47021484375,38.391876220703125,39.48908996582031,39.503089904785156,15.000000953674316,20,23.809524536132813,10,0,0,0,0,2.1402478218078613,8589934592,1073741824,5245124608,299040768
205,1771641653135,3504,3504,3504,3504,3504,3504,3504,3504,40.032623291015625,39.69896697998047,38.38311004638672,38.3365478515625,38.68927001953125,38.346656799316406,38.323280334472656,39.378875732421875,39.402462005615234,23.809524536132813,18.18181800842285,15.000000953674316,9.523809432983398,0,0,0,0,2.1402478218078613,8589934592,1073741824,5245026304,299040768
209,1771641653341,3504,3504,3504,3504,3504,3504,3504,3504,40.032623291015625,39.69896697998047,38.38311004638672,38.3365478515625,38.68927001953125,38.346656799316406,38.323280334472656,39.378875732421875,39.402462005615234,19.047618865966797,10,15.000000953674316,9.523809432983398,0,0,0,0,2.1402478218078613,8589934592,1073741824,5245059072,299040768
206,1771641653551,3504,3504,3504,3504,3504,3504,3504,3504,40.032623291015625,39.69896697998047,38.38311004638672,38.3365478515625,38.68927001953125,38.346656799316406,38.323280334472656,39.378875732421875,39.402462005615234,20,19.047618865966797,19.047618865966797,9.523809432983398,0,0,0,0,2.1402478218078613,8589934592,1073741824,5245157376,299040768
209,1771641653758,3504,3504,3504,3504,3504,3504,3504,3504,40.032623291015625,39.69896697998047,38.38311004638672,38.3365478515625,38.68927001953125,38.346656799316406,38.323280334472656,39.378875732421875,39.402462005615234,14.285715103149414,15.000000953674316,15.000000953674316,5,0,0,0,0,1.8494712114334106,8589934592,1073741824,5245435904,299040768
206,1771641653968,3504,3504,3504,3504,3504,3504,3504,3504,40.032623291015625,39.69896697998047,38.38311004638672,38.3365478515625,38.68927001953125,38.346656799316406,38.323280334472656,39.378875732421875,39.402462005615234,14.285715103149414,23.809524536132813,14.285715103149414,13.636363983154297,0,0,0,0,1.8494712114334106,8589934592,1073741824,5245452288,299040768
203,1771641654174,3504,3504,3504,3504,3504,3504,3504,3504,39.89354705810547,39.62527847290039,38.270111083984375,38.23699951171875,38.57429122924805,38.266761779785156,38.23683166503906,39.28594970703125,39.295570373535156,15.000000953674316,19.047618865966797,15.000000953674316,5,0,0,0,0,1.8494712114334106,8589934592,1073741824,5245452288,299040768
205,1771641654378,3504,3504,3504,3504,3504,3504,3504,3504,39.89354705810547,39.62527847290039,38.270111083984375,38.23699951171875,38.57429122924805,38.266761779785156,38.23683166503906,39.28594970703125,39.295570373535156,20,9.523809432983398,22.72727394104004,10,0,0,0,0,1.8494712114334106,8589934592,1073741824,5245321216,299040768
208,1771641654584,3504,3504,3504,3504,3504,3504,3504,3504,39.89354705810547,39.62527847290039,38.270111083984375,38.23699951171875,38.57429122924805,38.266761779785156,38.23683166503906,39.28594970703125,39.295570373535156,25,10,10,9.523809432983398,0,0,0,0,1.8494712114334106,8589934592,1073741824,5245353984,299040768
204,1771641654793,3504,3504,3504,3504,3504,3504,3504,3504,39.89354705810547,39.62527847290039,38.270111083984375,38.23699951171875,38.57429122924805,38.266761779785156,38.23683166503906,39.28594970703125,39.295570373535156,18.18181800842285,10,14.285715103149414,19.047618865966797,0,0,0,0,2.538810968399048,8589934592,1073741824,5245353984,299040768
206,1771641654998,3504,3504,3504,3504,3504,3504,3504,3504,39.89354705810547,39.62527847290039,38.270111083984375,38.23699951171875,38.57429122924805,38.266761779785156,38.23683166503906,39.28594970703125,39.295570373535156,25,19.047618865966797,15.000000953674316,15.000000953674316,0,0,0,0,2.538810968399048,8589934592,1073741824,5245353984,299040768
209,1771641655204,3504,3504,3504,3504,3504,3504,3504,3504,39.85039138793945,39.553688049316406,38.24810028076172,38.163291931152344,38.529144287109375,38.20481872558594,38.16046905517578,39.19750213623047,39.231842041015625,28.571430206298828,20,23.809524536132813,15.789472579956055,15.000000953674316,14.285715103149414,15.000000953674316,14.285715103149414,2.538810968399048,8589934592,1073741824,5245353984,299040768
209,1771641655414,3504,3504,3504,3504,3504,3504,3504,3504,39.85039138793945,39.553688049316406,38.24810028076172,38.163291931152344,38.529144287109375,38.20481872558594,38.16046905517578,39.19750213623047,39.231842041015625,15.000000953674316,14.285715103149414,4.761904716491699,8.69565200805664,4.545454502105713,4.761904716491699,0,0,2.538810968399048,8589934592,1073741824,5245779968,299040768
209,1771641655624,3504,3504,3504,3504,3504,3504,3504,3504,39.85039138793945,39.553688049316406,38.24810028076172,38.163291931152344,38.529144287109375,38.20481872558594,38.16046905517578,39.19750213623047,39.231842041015625,23.809524536132813,19.047618865966797,19.047618865966797,10,0,0,0,0,2.224818468093872,8589934592,1073741824,5245779968,299040768
202,1771641655834,3504,3504,3504,3504,3504,3504,3504,3504,39.85039138793945,39.553688049316406,38.24810028076172,38.163291931152344,38.529144287109375,38.20481872558594,38.16046905517578,39.19750213623047,39.231842041015625,27.272727966308594,14.285715103149414,10,9.090909004211426,0,0,0,0,2.224818468093872,8589934592,1073741824,5245763584,299040768
209,1771641656037,3504,3504,3504,3504,3504,3504,3504,3504,39.85039138793945,39.553688049316406,38.24810028076172,38.163291931152344,38.529144287109375,38.20481872558594,38.16046905517578,39.19750213623047,39.231842041015625,15.789472579956055,15.000000953674316,19.047618865966797,5.263157844543457,0,0,0,0,2.224818468093872,8589934592,1073741824,5245779968,299040768
209,1771641656247,3504,3504,3504,3504,3504,3504,3504,3504,40.45774841308594,39.97877883911133,38.64787292480469,38.623016357421875,38.78083801269531,38.60272216796875,38.5299072265625,39.66331100463867,39.699668884277344,19.047618865966797,9.523809432983398,10,9.090909004211426,0,0,4.545454502105713,4.545454502105713,2.224818468093872,8589934592,1073741824,5245763584,299040768
209,1771641656457,3504,3504,3504,3504,3504,3504,3504,3504,40.45774841308594,39.97877883911133,38.64787292480469,38.623016357421875,38.78083801269531,38.60272216796875,38.5299072265625,39.66331100463867,39.699668884277344,23.809524536132813,14.285715103149414,13.636363983154297,10,0,0,0,0,2.224818468093872,8589934592,1073741824,5245730816,299040768
209,1771641656668,3504,3504,3504,3504,3504,3504,3504,3504,40.45774841308594,39.97877883911133,38.64787292480469,38.623016357421875,38.78083801269531,38.60272216796875,38.5299072265625,39.66331100463867,39.699668884277344,22.72727394104004,23.809524536132813,14.285715103149414,14.285715103149414,0,0,0,0,2.019313335418701,8589934592,1073741824,5245730816,299040768
203,1771641656877,3504,3504,3504,3504,3504,3504,3504,3504,40.45774841308594,39.97877883911133,38.64787292480469,38.623016357421875,38.78083801269531,38.60272216796875,38.5299072265625,39.66331100463867,39.699668884277344,20,23.809524536132813,15.000000953674316,9.523809432983398,0,0,0,0,2.019313335418701,8589934592,1073741824,5245861888,299040768
209,1771641657081,3504,3504,3504,3504,3504,3504,3504,3504,40.45774841308594,39.97877883911133,38.64787292480469,38.623016357421875,38.78083801269531,38.60272216796875,38.5299072265625,39.66331100463867,39.699668884277344,23.809524536132813,20,10,5,0,0,0,0,2.019313335418701,8589934592,1073741824,5245812736,299040768
209,1771641657291,3504,3504,3504,3504,3504,3504,3504,3504,39.892826080322266,39.51445007324219,38.23963928222656,38.13279724121094,38.451072692871094,38.13414001464844,38.08544921875,39.1692008972168,39.20873260498047,15.000000953674316,19.047618865966797,13.636363983154297,9.523809432983398,0,4.545454502105713,0,0,2.019313335418701,8589934592,1073741824,5245812736,299040768
209,1771641657501,3504,3504,3504,3504,3504,3504,3504,3504,39.892826080322266,39.51445007324219,38.23963928222656,38.13279724121094,38.451072692871094,38.13414001464844,38.08544921875,39.1692008972168,39.20873260498047,19.047618865966797,20,14.285715103149414,13.636363983154297,0,0,0,0,2.019313335418701,8589934592,1073741824,5245829120,299040768
209,1771641657711,3504,3504,3504,3504,3504,3504,3504,3504,39.892826080322266,39.51445007324219,38.23963928222656,38.13279724121094,38.451072692871094,38.13414001464844,38.08544921875,39.1692008972168,39.20873260498047,14.285715103149414,31.81818199157715,5,5,0,0,0,0,2.3473527431488037,8589934592,1073741824,5245894656,299040768
200,1771641657921,3504,3504,3504,3504,3504,3504,3504,3504,39.892826080322266,39.51445007324219,38.23963928222656,38.13279724121094,38.451072692871094,38.13414001464844,38.08544921875,39.1692008972168,39.20873260498047,15.000000953674316,28.571430206298828,14.285715103149414,9.523809432983398,0,0,0,0,2.3473527431488037,8589934592,1073741824,5245894656,299040768
208,1771641658122,3504,3504,3504,3504,3504,3504,3504,3504,39.83869171142578,39.40523147583008,38.20880889892578,38.03234100341797,38.385093688964844,38.054481506347656,37.99005889892578,39.10908508300781,39.15822982788086,15.000000953674316,25,14.285715103149414,10,0,0,0,0,2.3473527431488037,8589934592,1073741824,5245796352,299040768
209,1771641658331,3504,3504,3504,3504,3504,3504,3504,3504,39.83869171142578,39.40523147583008,38.20880889892578,38.03234100341797,38.385093688964844,38.054481506347656,37.99005889892578,39.10908508300781,39.15822982788086,38.095237731933594,38.095237731933594,25,23.809524536132813,9.090909004211426,4.761904716491699,0,0,2.3473527431488037,8589934592,1073741824,5247385600,299040768
209,1771641658541,3504,3504,3504,3504,3504,3504,3504,3504,39.83869171142578,39.40523147583008,38.20880889892578,38.03234100341797,38.385093688964844,38.054481506347656,37.99005889892578,39.10908508300781,39.15822982788086,14.285715103149414,15.000000953674316,15.000000953674316,4.761904716491699,0,0,0,0,2.3473527431488037,8589934592,1073741824,5247205376,299040768
207,1771641658751,3504,3504,3504,3504,3504,3504,3504,3504,39.83869171142578,39.40523147583008,38.20880889892578,38.03234100341797,38.385093688964844,38.054481506347656,37.99005889892578,39.10908508300781,39.15822982788086,19.047618865966797,13.636363983154297,19.047618865966797,14.285715103149414,0,0,0,0,2.0299735069274902,8589934592,1073741824,5248679936,299040768
209,1771641658959,3504,3504,3504,3504,3504,3504,3504,3504,39.83869171142578,39.40523147583008,38.20880889892578,38.03234100341797,38.385093688964844,38.054481506347656,37.99005889892578,39.10908508300781,39.15822982788086,33.333335876464844,20,18.18181800842285,20,38.095237731933594,0,0,0,2.0299735069274902,8589934592,1073741824,5247467520,299040768
204,1771641659169,3504,3504,3504,3504,3504,3504,3504,3504,40.00601577758789,39.718936920166016,38.43373107910156,38.19879913330078,38.480228424072266,38.077857971191406,38.03987121582031,39.15012741088867,39.1743278503418,20,10,9.523809432983398,9.523809432983398,0,0,0,0,2.0299735069274902,8589934592,1073741824,5247500288,299040768
203,1771641659374,3504,3504,3504,3504,3504,3504,3504,3504,40.00601577758789,39.718936920166016,38.43373107910156,38.19879913330078,38.480228424072266,38.077857971191406,38.03987121582031,39.15012741088867,39.1743278503418,19.047618865966797,19.047618865966797,5.263157844543457,23.809524536132813,0,0,0,0,2.0299735069274902,8589934592,1073741824,5247860736,299040768
209,1771641659577,3504,3504,3504,3504,3504,3504,3504,3504,40.00601577758789,39.718936920166016,38.43373107910156,38.19879913330078,38.480228424072266,38.077857971191406,38.03987121582031,39.15012741088867,39.1743278503418,15.789472579956055,23.809524536132813,14.285715103149414,10,0,0,0,0,2.0299735069274902,8589934592,1073741824,5247926272,299040768
203,1771641659787,3504,3504,3504,3504,3504,3504,3504,3504,40.00601577758789,39.718936920166016,38.43373107910156,38.19879913330078,38.480228424072266,38.077857971191406,38.03987121582031,39.15012741088867,39.1743278503418,22.72727394104004,19.047618865966797,9.523809432983398,13.636363983154297,0,0,0,0,2.0922956466674805,8589934592,1073741824,5247975424,299040768
206,1771641659991,3504,3504,3504,3504,3504,3504,3504,3504,40.00601577758789,39.718936920166016,38.43373107910156,38.19879913330078,38.480228424072266,38.077857971191406,38.03987121582031,39.15012741088867,39.1743278503418,20,20,19.047618865966797,5.263157844543457,0,0,0,0,2.0922956466674805,8589934592,1073741824,5247795200,299040768
209,1771641660198,3504,3504,3504,3504,3504,3504,3504,3504,39.82406234741211,39.3406867980957,38.179168701171875,37.973731994628906,38.35879135131836,37.984764099121094,37.950340270996094,39.077999114990234,39.06574630737305,30.000001907348633,20,10,14.285715103149414,4.761904716491699,4.761904716491699,0,0,2.0922956466674805,8589934592,1073741824,5247795200,299040768
205,1771641660408,3504,3504,3504,3504,3504,3504,3504,3504,39.82406234741211,39.3406867980957,38.179168701171875,37.973731994628906,38.35879135131836,37.984764099121094,37.950340270996094,39.077999114990234,39.06574630737305,19.047618865966797,19.047618865966797,5,0,0,0,0,0,2.0922956466674805,8589934592,1073741824,5247795200,299040768
209,1771641660614,3504,3504,3504,3504,3504,3504,3504,3504,39.82406234741211,39.3406867980957,38.179168701171875,37.973731994628906,38.35879135131836,37.984764099121094,37.950340270996094,39.077999114990234,39.06574630737305,28.571430206298828,15.000000953674316,18.18181800842285,9.523809432983398,0,0,0,0,2.7104299068450928,8589934592,1073741824,5252005888,299040768
209,1771641660825,3504,3504,3504,3504,3504,3504,3504,3504,39.82406234741211,39.3406867980957,38.179168701171875,37.973731994628906,38.35879135131836,37.984764099121094,37.950340270996094,39.077999114990234,39.06574630737305,19.047618865966797,22.72727394104004,10,9.523809432983398,4.545454502105713,0,0,0,2.7104299068450928,8589934592,1073741824,5251383296,299040768
206,1771641661035,3504,3504,3504,3504,3504,3504,3504,3504,39.82406234741211,39.3406867980957,38.179168701171875,37.973731994628906,38.35879135131836,37.984764099121094,37.950340270996094,39.077999114990234,39.06574630737305,19.047618865966797,23.809524536132813,19.047618865966797,9.523809432983398,0,0,0,0,2.7104299068450928,8589934592,1073741824,5252169728,299040768
208,1771641661241,3504,3504,3504,3504,3504,3504,3504,3504,39.83633041381836,39.28506088256836,38.087486267089844,37.934356689453125,38.31925964355469,37.86183166503906,37.906288146972656,38.993186950683594,38.9871826171875,15.000000953674316,20,9.523809432983398,9.523809432983398,0,0,0,0,2.7104299068450928,8589934592,1073741824,5251579904,299040768
208,1771641661450,3504,3504,3504,3504,3504,3504,3504,3504,39.83633041381836,39.28506088256836,38.087486267089844,37.934356689453125,38.31925964355469,37.86183166503906,37.906288146972656,38.993186950683594,38.9871826171875,23.809524536132813,20,20,9.523809432983398,0,0,0,0,2.7104299068450928,8589934592,1073741824,5251514368,299040768
199,1771641661659,3504,3504,3504,3504,3504,3504,3504,3504,39.83633041381836,39.28506088256836,38.087486267089844,37.934356689453125,38.31925964355469,37.86183166503906,37.906288146972656,38.993186950683594,38.9871826171875,23.809524536132813,19.047618865966797,9.523809432983398,5,0,0,0,0,1.8981406688690186,8589934592,1073741824,5251465216,299040768
209,1771641661859,3504,3504,3504,3504,3504,3504,3504,3504,39.83633041381836,39.28506088256836,38.087486267089844,37.934356689453125,38.31925964355469,37.86183166503906,37.906288146972656,38.993186950683594,38.9871826171875,20,20,10,10,0,0,0,0,1.8981406688690186,8589934592,1073741824,5251481600,299040768
204,1771641662069,3504,3504,3504,3504,3504,3504,3504,3504,39.83633041381836,39.28506088256836,38.087486267089844,37.934356689453125,38.31925964355469,37.86183166503906,37.906288146972656,38.993186950683594,38.9871826171875,19.047618865966797,23.809524536132813,10,4.761904716491699,0,0,0,0,1.8981406688690186,8589934592,1073741824,5251432448,299040768
209,1771641662274,3504,3504,3504,3504,3504,3504,3504,3504,39.783416748046875,39.161075592041016,37.92842102050781,37.84501647949219,38.25477981567383,37.730934143066406,37.84968566894531,38.8890380859375,38.8529052734375,14.285715103149414,25,13.636363983154297,10,0,0,0,0,1.8981406688690186,8589934592,1073741824,5251432448,299040768
209,1771641662484,3504,3504,3504,3504,3504,3504,3504,3504,39.783416748046875,39.161075592041016,37.92842102050781,37.84501647949219,38.25477981567383,37.730934143066406,37.84968566894531,38.8890380859375,38.8529052734375,15.000000953674316,23.809524536132813,5.263157844543457,9.523809432983398,0,0,0,0,1.8981406688690186,8589934592,1073741824,5251432448,299040768
203,1771641662694,3504,3504,3504,3504,3504,3504,3504,3504,39.783416748046875,39.161075592041016,37.92842102050781,37.84501647949219,38.25477981567383,37.730934143066406,37.84968566894531,38.8890380859375,38.8529052734375,14.285715103149414,27.272727966308594,9.090909004211426,9.090909004211426,0,0,4.761904716491699,0,2.3930463790893555,8589934592,1073741824,5251121152,299040768
209,1771641662898,3504,3504,3504,3504,3504,3504,3504,3504,39.783416748046875,39.161075592041016,37.92842102050781,37.84501647949219,38.25477981567383,37.730934143066406,37.84968566894531,38.8890380859375,38.8529052734375,10,15.789472579956055,10,5,10,5,0,4.761904716491699,2.3930463790893555,8589934592,1073741824,5251350528,299040768
202,1771641663108,3504,3504,3504,3504,3504,3504,3504,3504,39.783416748046875,39.19697189331055,37.94097900390625,37.85247039794922,38.21817398071289,37.70855712890625,37.78715515136719,38.84910583496094,38.80493927001953,14.285715103149414,23.809524536132813,18.18181800842285,14.285715103149414,0,0,0,0,2.3930463790893555,8589934592,1073741824,5251350528,299040768
209,1771641663311,3504,3504,3504,3504,3504,3504,3504,3504,39.79461669921875,39.19697189331055,37.94097900390625,37.85247039794922,38.21817398071289,37.70855712890625,37.78715515136719,38.84910583496094,38.80493927001953,20,25,10.526315689086914,15.000000953674316,0,0,0,0,2.3930463790893555,8589934592,1073741824,5251350528,299040768
207,1771641663521,3504,3504,3504,3504,3504,3504,3504,3504,39.79461669921875,39.19697189331055,37.94097900390625,37.85247039794922,38.21817398071289,37.70855712890625,37.78715515136719,38.84910583496094,38.80493927001953,14.285715103149414,19.047618865966797,9.523809432983398,14.285715103149414,0,0,0,0,2.3930463790893555,8589934592,1073741824,5251448832,299040768
202,1771641663728,3504,3504,3504,3504,3504,3504,3504,3504,39.79461669921875,39.19697189331055,37.94097900390625,37.85247039794922,38.21817398071289,37.70855712890625,37.78715515136719,38.84910583496094,38.80493927001953,23.809524536132813,14.285715103149414,10,20,0,0,0,0,2.080474853515625,8589934592,1073741824,5251170304,299040768
208,1771641663932,3504,3504,3504,3504,3504,3504,3504,3504,39.79461669921875,39.19697189331055,37.94097900390625,37.85247039794922,38.21817398071289,37.70855712890625,37.78715515136719,38.84910583496094,38.80493927001953,15.789472579956055,10,9.523809432983398,19.047618865966797,0,0,0,0,2.080474853515625,8589934592,1073741824,5251170304,299040768
206,1771641664140,3504,3504,3504,3504,3504,3504,3504,3504,39.71842575073242,39.069889068603516,37.77986145019531,37.724693298339844,38.09367752075195,37.58512878417969,37.73564910888672,38.77021789550781,38.71859359741211,19.047618865966797,14.285715103149414,14.285715103149414,25,0,0,0,0,2.080474853515625,8589934592,1073741824,5250891776,299040768
207,1771641664347,3504,3504,3504,3504,3504,3504,3504,3504,39.71842575073242,39.069889068603516,37.77986145019531,37.724693298339844,38.09367752075195,37.58512878417969,37.73564910888672,38.77021789550781,38.71859359741211,10,14.285715103149414,9.523809432983398,23.809524536132813,0,0,0,0,2.080474853515625,8589934592,1073741824,5250891776,299040768
208,1771641664555,3504,3504,3504,3504,3504,3504,3504,3504,39.71842575073242,39.069889068603516,37.77986145019531,37.724693298339844,38.09367752075195,37.58512878417969,37.73564910888672,38.77021789550781,38.71859359741211,28.571430206298828,20,15.000000953674316,23.809524536132813,4.761904716491699,4.761904716491699,0,4.545454502105713,2.080474853515625,8589934592,1073741824,5251186688,299040768
209,1771641664764,3504,3504,3504,3504,3504,3504,3504,3504,39.71842575073242,39.069889068603516,37.77986145019531,37.724693298339844,38.09367752075195,37.58512878417969,37.73564910888672,38.77021789550781,38.71859359741211,27.272727966308594,23.809524536132813,14.285715103149414,14.285715103149414,0,0,0,0,2.3456172943115234,8589934592,1073741824,5251137536,299040768
205,1771641664974,3504,3504,3504,3504,3504,3504,3504,3504,39.71842575073242,39.069889068603516,37.77986145019531,37.724693298339844,38.09367752075195,37.58512878417969,37.73564910888672,38.77021789550781,38.71859359741211,14.285715103149414,19.047618865966797,9.523809432983398,5,0,0,0,0,2.3456172943115234,8589934592,1073741824,5251235840,299040768
209,1771641665180,3504,3504,3504,3504,3504,3504,3504,3504,39.67369842529297,39.00107192993164,37.767791748046875,37.65791320800781,38.05988311767578,37.51850891113281,37.655540466308594,38.741310119628906,38.655601501464844,30.000001907348633,19.047618865966797,15.000000953674316,14.285715103149414,0,0,0,0,2.3456172943115234,8589934592,1073741824,5250973696,299040768
209,1771641665390,3504,3504,3504,3504,3504,3504,3504,3504,39.67369842529297,39.00107192993164,37.767791748046875,37.65791320800781,38.05988311767578,37.51850891113281,37.655540466308594,38.741310119628906,38.655601501464844,10,9.523809432983398,9.523809432983398,9.523809432983398,4.761904716491699,0,4.761904716491699,0,2.3456172943115234,8589934592,1073741824,5251219456,299040768
206,1771641665601,3504,3504,3504,3504,3504,3504,3504,3504,39.67369842529297,39.00107192993164,37.767791748046875,37.65791320800781,38.05988311767578,37.51850891113281,37.655540466308594,38.741310119628906,38.655601501464844,23.809524536132813,10,13.636363983154297,15.000000953674316,0,0,0,0,2.3456172943115234,8589934592,1073741824,5251268608,299040768
204,1771641665808,3504,3504,3504,3504,3504,3504,3504,3504,39.67369842529297,39.00107192993164,37.767791748046875,37.65791320800781,38.05988311767578,37.51850891113281,37.655540466308594,38.741310119628906,38.655601501464844,14.285715103149414,20,14.285715103149414,18.18181800842285,0,0,0,0,2.0319764614105225,8589934592,1073741824,5251268608,299040768
209,1771641666013,3504,3504,3504,3504,3504,3504,3504,3504,39.67369842529297,39.00107192993164,37.767791748046875,37.65791320800781,38.05988311767578,37.51850891113281,37.655540466308594,38.741310119628906,38.655601501464844,19.047618865966797,19.047618865966797,10.526315689086914,15.000000953674316,0,0,0,0,2.0319764614105225,8589934592,1073741824,5251268608,299040768
9,1771641666222,3504,3504,3504,3504,3504,3504,3504,3504,39.634117126464844,39.003780364990234,37.762664794921875,37.62181091308594,37.98394775390625,37.47154998779297,37.579246520996094,38.70918655395508,38.61680603027344,14.285715103149414,23.809524536132813,9.523809432983398,14.285715103149414,0,0,0,0,2.0319764614105225,8589934592,1073741824,5251252224,299040768
