Delta,Time,CPU_FREQUENCY_0,CPU_FREQUENCY_1,CPU_FREQUENCY_2,CPU_FREQUENCY_3,CPU_FREQUENCY_4,CPU_FREQUENCY_5,CPU_FREQUENCY_6,CPU_FREQUENCY_7,CPU_TEMP_0,CPU_TEMP_1,CPU_TEMP_2,CPU_TEMP_3,CPU_TEMP_4,CPU_TEMP_5,CPU_TEMP_6,CPU_TEMP_7,CPU_TEMP_8,CPU_USAGE_0,CPU_USAGE_1,CPU_USAGE_2,CPU_USAGE_3,CPU_USAGE_4,CPU_USAGE_5,CPU_USAGE_6,CPU_USAGE_7,SYSTEM_POWER (Watts),TOTAL_MEMORY,TOTAL_SWAP,USED_MEMORY,USED_SWAP
0,1771644089701,3504,3504,3504,3504,3504,3504,3504,3504,52.79970169067383,52.21103286743164,51.23982238769531,51.04597473144531,51.30732727050781,51.03033447265625,50.80238342285156,51.96456527709961,52.117313385009766,0,50,0,0,0,0,0,0,2.7679007053375244,8589934592,1073741824,5336809472,290652160
209,1771644089701,3504,3504,3504,3504,3504,3504,3504,3504,52.79970169067383,52.21103286743164,51.23982238769531,51.04597473144531,51.30732727050781,51.03033447265625,50.80238342285156,51.96456527709961,52.117313385009766,100,NaN,100,100,100,50,50,NaN,2.7679007053375244,8589934592,1073741824,5336809472,290652160
209,1771644089911,3504,3504,3504,3504,3504,3504,3504,3504,52.79970169067383,52.21103286743164,51.23982238769531,51.04597473144531,51.30732727050781,51.03033447265625,50.80238342285156,51.96456527709961,52.117313385009766,20,28.571430206298828,19.047618865966797,19.047618865966797,28.571430206298828,20,23.809524536132813,18.18181800842285,2.7679007053375244,8589934592,1073741824,5336809472,290652160
209,1771644090122,3504,3504,3504,3504,3504,3504,3504,3504,52.79970169067383,52.21103286743164,51.23982238769531,51.04597473144531,51.30732727050781,51.03033447265625,50.80238342285156,51.96456527709961,52.117313385009766,23.809524536132813,23.809524536132813,9.523809432983398,9.523809432983398,4.545454502105713,4.761904716491699,4.545454502105713,0,2.7679007053375244,8589934592,1073741824,5336809472,290652160
209,1771644090331,3504,3504,3504,3504,3504,3504,3504,3504,52.560325622558594,51.94538879394531,50.84282684326172,50.687461853027344,50.54671859741211,50.48710632324219,50.26054382324219,51.61148452758789,51.65918731689453,27.272727966308594,19.047618865966797,19.047618865966797,9.523809432983398,0,0,0,0,2.7679007053375244,8589934592,1073741824,5335990272,290652160
209,1771644090541,3504,3504,3504,3504,3504,3504,3504,3504,52.560325622558594,51.94538879394531,50.84282684326172,50.687461853027344,50.54671859741211,50.48710632324219,50.26054382324219,51.61148452758789,51.65918731689453,19.047618865966797,23.809524536132813,9.523809432983398,13.636363983154297,10,14.285715103149414,0,9.090909004211426,2.7679007053375244,8589934592,1073741824,5337595904,290652160
209,1771644090751,3504,3504,3504,3504,3504,3504,3504,3504,52.560325622558594,51.94538879394531,50.84282684326172,50.687461853027344,50.54671859741211,50.48710632324219,50.26054382324219,51.61148452758789,51.65918731689453,5,10,0,0,22.72727394104004,10,0,0,2.3768956661224365,8589934592,1073741824,5348311040,290652160
201,1771644090961,3504,3504,3504,3504,3504,3504,3504,3504,52.560325622558594,51.94538879394531,50.84282684326172,50.687461853027344,50.54671859741211,50.48710632324219,50.26054382324219,51.61148452758789,51.65918731689453,14.285715103149414,19.047618865966797,9.090909004211426,4.761904716491699,0,0,4.545454502105713,0,2.3768956661224365,8589934592,1073741824,5348327424,290652160
205,1771644091164,3504,3504,3504,3504,3504,3504,3504,3504,52.560325622558594,51.94538879394531,50.84282684326172,50.687461853027344,50.54671859741211,50.48710632324219,50.26054382324219,51.61148452758789,51.65918731689453,20,23.809524536132813,19.047618865966797,9.523809432983398,10,4.761904716491699,0,0,2.3768956661224365,8589934592,1073741824,5099192320,290652160
209,1771644091370,3504,3504,3504,3504,3504,3504,3504,3504,51.14701461791992,50.42014694213867,49.42042541503906,49.295799255371094,49.30992126464844,48.97105407714844,48.75038146972656,49.9279670715332,50.00509262084961,23.809524536132813,14.285715103149414,5.263157844543457,10.526315689086914,0,0,0,0,2.3768956661224365,8589934592,1073741824,5099028480,290652160
204,1771644091580,3504,3504,3504,3504,3504,3504,3504,3504,51.14701461791992,50.42014694213867,49.42042541503906,49.295799255371094,49.30992126464844,48.97105407714844,48.75038146972656,49.9279670715332,50.00509262084961,19.047618865966797,10,13.636363983154297,19.047618865966797,0,0,0,0,2.3768956661224365,8589934592,1073741824,5098176512,290652160
209,1771644091785,3504,3504,3504,3504,3504,3504,3504,3504,51.14701461791992,50.42014694213867,49.42042541503906,49.295799255371094,49.30992126464844,48.97105407714844,48.75038146972656,49.9279670715332,50.00509262084961,14.285715103149414,23.809524536132813,5.263157844543457,19.047618865966797,0,0,0,0,3.219304084777832,8589934592,1073741824,5091377152,290652160
207,1771644091995,3504,3504,3504,3504,3504,3504,3504,3504,51.14701461791992,50.42014694213867,49.42042541503906,49.295799255371094,49.30992126464844,48.97105407714844,48.75038146972656,49.9279670715332,50.00509262084961,10,15.000000953674316,13.636363983154297,14.285715103149414,0,0,0,0,3.219304084777832,8589934592,1073741824,5091672064,290652160
209,1771644092204,3504,3504,3504,3504,3504,3504,3504,3504,49.384830474853516,48.86407470703125,47.819374084472656,47.617919921875,47.95822525024414,47.816612243652344,47.503196716308594,48.6800651550293,48.732059478759766,19.047618865966797,19.047618865966797,10,19.047618865966797,0,0,0,0,3.219304084777832,8589934592,1073741824,5091737600,290652160
208,1771644092414,3504,3504,3504,3504,3504,3504,3504,3504,49.384830474853516,48.86407470703125,47.819374084472656,47.617919921875,47.95822525024414,47.816612243652344,47.503196716308594,48.6800651550293,48.732059478759766,25,10,13.636363983154297,20,0,0,0,0,3.219304084777832,8589934592,1073741824,5092360192,290652160
209,1771644092622,3504,3504,3504,3504,3504,3504,3504,3504,49.384830474853516,48.86407470703125,47.819374084472656,47.617919921875,47.95822525024414,47.816612243652344,47.503196716308594,48.6800651550293,48.732059478759766,19.047618865966797,13.636363983154297,5,14.285715103149414,0,0,0,0,3.219304084777832,8589934592,1073741824,5092360192,290652160
202,1771644092832,3504,3504,3504,3504,3504,3504,3504,3504,49.384830474853516,48.86407470703125,47.819374084472656,47.617919921875,47.95822525024414,47.816612243652344,47.503196716308594,48.6800651550293,48.732059478759766,22.72727394104004,23.809524536132813,14.285715103149414,10,0,0,0,0,3.007249593734741,8589934592,1073741824,5092392960,290652160
207,1771644093035,3504,3504,3504,3504,3504,3504,3504,3504,49.384830474853516,48.86407470703125,47.819374084472656,47.617919921875,47.95822525024414,47.816612243652344,47.503196716308594,48.6800651550293,48.732059478759766,20,10.526315689086914,20,13.636363983154297,0,0,0,0,3.007249593734741,8589934592,1073741824,5092474880,290652160
207,1771644093243,3504,3504,3504,3504,3504,3504,3504,3504,48.72660827636719,48.156639099121094,46.92256164550781,46.791221618652344,47.073524475097656,47.07606506347656,46.65971374511719,47.751731872558594,47.90691375732422,20,14.285715103149414,19.047618865966797,10,0,0,0,0,3.007249593734741,8589934592,1073741824,5092491264,290652160
208,1771644093451,3504,3504,3504,3504,3504,3504,3504,3504,48.72660827636719,48.156639099121094,46.92256164550781,46.791221618652344,47.073524475097656,47.07606506347656,46.65971374511719,47.751731872558594,47.90691375732422,23.809524536132813,19.047618865966797,15.000000953674316,9.523809432983398,0,0,0,0,3.007249593734741,8589934592,1073741824,5092442112,290652160
209,1771644093660,3504,3504,3504,3504,3504,3504,3504,3504,48.72660827636719,48.156639099121094,46.92256164550781,46.791221618652344,47.073524475097656,47.07606506347656,46.65971374511719,47.751731872558594,47.90691375732422,23.809524536132813,14.285715103149414,13.636363983154297,5,0,0,0,0,3.007249593734741,8589934592,1073741824,5092638720,290652160
209,1771644093870,3504,3504,3504,3504,3504,3504,3504,3504,48.72660827636719,48.156639099121094,46.92256164550781,46.791221618652344,47.073524475097656,47.07606506347656,46.65971374511719,47.751731872558594,47.90691375732422,25,20,14.285715103149414,9.523809432983398,0,0,0,0,1.9039324522018433,8589934592,1073741824,5092638720,290652160
206,1771644094080,3504,3504,3504,3504,3504,3504,3504,3504,48.72660827636719,48.156639099121094,46.92256164550781,46.791221618652344,47.073524475097656,47.07606506347656,46.65971374511719,47.751731872558594,47.90691375732422,19.047618865966797,22.72727394104004,15.000000953674316,4.761904716491699,0,0,0,0,1.9039324522018433,8589934592,1073741824,5092540416,290652160
207,1771644094287,3504,3504,3504,3504,3504,3504,3504,3504,48.000999450683594,47.51053237915039,46.1595458984375,46.11101531982422,46.48729705810547,46.52613830566406,46.004112243652344,47.07168197631836,47.214149475097656,20,19.047618865966797,19.047618865966797,14.285715103149414,0,0,0,0,1.9039324522018433,8589934592,1073741824,5092540416,290652160
209,1771644094495,3504,3504,3504,3504,3504,3504,3504,3504,48.000999450683594,47.51053237915039,46.1595458984375,46.11101531982422,46.48729705810547,46.52613830566406,46.004112243652344,47.07168197631836,47.214149475097656,19.047618865966797,5.263157844543457,14.285715103149414,5,0,0,0,0,1.9039324522018433,8589934592,1073741824,5090377728,290652160
208,1771644094705,3504,3504,3504,3504,3504,3504,3504,3504,48.000999450683594,47.51053237915039,46.1595458984375,46.11101531982422,46.48729705810547,46.52613830566406,46.004112243652344,47.07168197631836,47.214149475097656,19.047618865966797,18.18181800842285,14.285715103149414,14.285715103149414,0,0,0,0,2.2480576038360596,8589934592,1073741824,5090344960,290652160
203,1771644094914,3504,3504,3504,3504,3504,3504,3504,3504,48.000999450683594,47.51053237915039,46.1595458984375,46.11101531982422,46.48729705810547,46.52613830566406,46.004112243652344,47.07168197631836,47.214149475097656,22.72727394104004,15.000000953674316,10,19.047618865966797,0,0,0,0,2.2480576038360596,8589934592,1073741824,5090344960,290652160
209,1771644095117,3504,3504,3504,3504,3504,3504,3504,3504,48.000999450683594,47.51053237915039,46.1595458984375,46.11101531982422,46.48729705810547,46.52613830566406,46.004112243652344,47.07168197631836,47.214149475097656,21.052631378173828,15.000000953674316,15.000000953674316,15.000000953674316,10,9.523809432983398,0,0,2.2480576038360596,8589934592,1073741824,5091393536,290652160
202,1771644095328,3504,3504,3504,3504,3504,3504,3504,3504,47.374107360839844,47.03459167480469,45.626556396484375,45.501197814941406,45.931026458740234,46.12004852294922,45.5137939453125,46.58281326293945,46.633262634277344,23.809524536132813,18.18181800842285,19.047618865966797,13.636363983154297,0,0,0,0,2.2480576038360596,8589934592,1073741824,5091393536,290652160
203,1771644095531,3504,3504,3504,3504,3504,3504,3504,3504,47.374107360839844,47.03459167480469,45.626556396484375,45.501197814941406,45.931026458740234,46.12004852294922,45.5137939453125,46.58281326293945,46.633262634277344,20,10.526315689086914,9.523809432983398,5,0,0,0,0,2.2480576038360596,8589934592,1073741824,5091557376,290652160
209,1771644095735,3504,3504,3504,3504,3504,3504,3504,3504,47.374107360839844,47.03459167480469,45.626556396484375,45.501197814941406,45.931026458740234,46.12004852294922,45.5137939453125,46.58281326293945,46.633262634277344,25,19.047618865966797,15.000000953674316,15.789472579956055,0,0,0,0,2.2252037525177,8589934592,1073741824,5091459072,290652160
208,1771644095945,3504,3504,3504,3504,3504,3504,3504,3504,47.374107360839844,47.03459167480469,45.626556396484375,45.501197814941406,45.931026458740234,46.12004852294922,45.5137939453125,46.58281326293945,46.633262634277344,19.047618865966797,14.285715103149414,10,18.18181800842285,0,0,0,0,2.2252037525177,8589934592,1073741824,5091459072,290652160
208,1771644096154,3504,3504,3504,3504,3504,3504,3504,3504,47.374107360839844,47.03459167480469,45.626556396484375,45.501197814941406,45.931026458740234,46.12004852294922,45.5137939453125,46.58281326293945,46.633262634277344,19.047618865966797,20,18.18181800842285,15.000000953674316,0,0,0,0,2.2252037525177,8589934592,1073741824,5091409920,290652160
206,1771644096363,3504,3504,3504,3504,3504,3504,3504,3504,46.6794548034668,46.417274475097656,45.17530822753906,45.044944763183594,45.36431121826172,45.734474182128906,45.02848815917969,46.19495391845703,46.115966796875,19.047618865966797,36.3636360168457,20,13.636363983154297,40,0,0,0,2.2252037525177,8589934592,1073741824,5091409920,290652160
209,1771644096570,3504,3504,3504,3504,3504,3504,3504,3504,46.6794548034668,46.417274475097656,45.17530822753906,45.044944763183594,45.36431121826172,45.734474182128906,45.02848815917969,46.19495391845703,46.115966796875,14.285715103149414,25,9.523809432983398,9.523809432983398,0,0,0,0,2.2252037525177,8589934592,1073741824,5089968128,290652160
206,1771644096780,3504,3504,3504,3504,3504,3504,3504,3504,46.6794548034668,46.417274475097656,45.17530822753906,45.044944763183594,45.36431121826172,45.734474182128906,45.02848815917969,46.19495391845703,46.115966796875,14.285715103149414,23.809524536132813,14.285715103149414,5,0,0,0,0,2.0220696926116943,8589934592,1073741824,5089951744,290652160
206,1771644096987,3504,3504,3504,3504,3504,3504,3504,3504,46.6794548034668,46.417274475097656,45.17530822753906,45.044944763183594,45.36431121826172,45.734474182128906,45.02848815917969,46.19495391845703,46.115966796875,15.000000953674316,19.047618865966797,19.047618865966797,5,0,0,0,0,2.0220696926116943,8589934592,1073741824,5089935360,290652160
209,1771644097194,3504,3504,3504,3504,3504,3504,3504,3504,46.431190490722656,46.24098205566406,44.98609924316406,44.75471496582031,45.09518814086914,45.368064880371094,44.64207458496094,45.81040954589844,45.76776885986328,25,25,26.3157901763916,13.636363983154297,0,0,0,0,2.0220696926116943,8589934592,1073741824,5088428032,290652160
205,1771644097404,3504,3504,3504,3504,3504,3504,3504,3504,46.431190490722656,46.24098205566406,44.98609924316406,44.75471496582031,45.09518814086914,45.368064880371094,44.64207458496094,45.81040954589844,45.76776885986328,28.571430206298828,33.333335876464844,23.809524536132813,30.000001907348633,0,0,0,0,2.0220696926116943,8589934592,1073741824,5088428032,290652160
209,1771644097610,3504,3504,3504,3504,3504,3504,3504,3504,46.431190490722656,46.24098205566406,44.98609924316406,44.75471496582031,45.09518814086914,45.368064880371094,44.64207458496094,45.81040954589844,45.76776885986328,14.285715103149414,19.047618865966797,19.047618865966797,5,0,0,0,0,2.0220696926116943,8589934592,1073741824,5089050624,290652160
208,1771644097820,3504,3504,3504,3504,3504,3504,3504,3504,46.431190490722656,46.24098205566406,44.98609924316406,44.75471496582031,45.09518814086914,45.368064880371094,44.64207458496094,45.81040954589844,45.76776885986328,19.047618865966797,10,14.285715103149414,13.636363983154297,0,0,0,0,2.152362585067749,8589934592,1073741824,5089067008,290652160
205,1771644098029,3504,3504,3504,3504,3504,3504,3504,3504,46.431190490722656,46.24098205566406,44.98609924316406,44.75471496582031,45.09518814086914,45.368064880371094,44.64207458496094,45.81040954589844,45.76776885986328,25,19.047618865966797,18.18181800842285,5,0,0,0,0,2.152362585067749,8589934592,1073741824,5088968704,290652160
207,1771644098235,3504,3504,3504,3504,3504,3504,3504,3504,45.98887252807617,45.41489028930664,44.321144104003906,44.18037414550781,44.54859924316406,44.819969177246094,44.20067596435547,45.273529052734375,45.33744430541992,30.000001907348633,19.047618865966797,20,19.047618865966797,9.090909004211426,4.761904716491699,9.090909004211426,0,2.152362585067749,8589934592,1073741824,5089935360,290652160
207,1771644098443,3504,3504,3504,3504,3504,3504,3504,3504,45.98887252807617,45.41489028930664,44.321144104003906,44.18037414550781,44.54859924316406,44.819969177246094,44.20067596435547,45.273529052734375,45.33744430541992,27.272727966308594,15.000000953674316,10,14.285715103149414,0,0,0,0,2.152362585067749,8589934592,1073741824,5089918976,290652160
200,1771644098652,3504,3504,3504,3504,3504,3504,3504,3504,45.98887252807617,45.41489028930664,44.321144104003906,44.18037414550781,44.54859924316406,44.819969177246094,44.20067596435547,45.273529052734375,45.33744430541992,15.000000953674316,19.047618865966797,9.523809432983398,5,0,0,0,0,2.152362585067749,8589934592,1073741824,5089918976,290652160
207,1771644098852,3504,3504,3504,3504,3504,3504,3504,3504,45.98887252807617,45.41489028930664,44.321144104003906,44.18037414550781,44.54859924316406,44.819969177246094,44.20067596435547,45.273529052734375,45.33744430541992,21.052631378173828,15.000000953674316,20,10,0,0,0,0,2.3921916484832764,8589934592,1073741824,5089869824,290652160
207,1771644099060,3504,3504,3504,3504,3504,3504,3504,3504,45.98887252807617,45.41489028930664,44.321144104003906,44.18037414550781,44.54859924316406,44.819969177246094,44.20067596435547,45.273529052734375,45.33744430541992,22.72727394104004,14.285715103149414,15.000000953674316,9.090909004211426,0,0,0,0,2.3921916484832764,8589934592,1073741824,5089853440,290652160
201,1771644099268,3504,3504,3504,3504,3504,3504,3504,3504,45.6799201965332,45.01239013671875,43.96454620361328,43.76744842529297,44.24236297607422,44.30476379394531,43.805152893066406,44.903499603271484,44.947425842285156,30.000001907348633,14.285715103149414,18.18181800842285,10,0,0,0,0,2.3921916484832764,8589934592,1073741824,5089853440,290652160
209,1771644099470,3504,3504,3504,3504,3504,3504,3504,3504,45.6799201965332,45.01239013671875,43.96454620361328,43.76744842529297,44.24236297607422,44.30476379394531,43.805152893066406,44.903499603271484,44.947425842285156,28.571430206298828,15.000000953674316,10,9.523809432983398,0,0,0,0,2.3921916484832764,8589934592,1073741824,5089853440,290652160
206,1771644099680,3504,3504,3504,3504,3504,3504,3504,3504,45.6799201965332,45.01239013671875,43.96454620361328,43.76744842529297,44.24236297607422,44.30476379394531,43.805152893066406,44.903499603271484,44.947425842285156,25,14.285715103149414,10,5,4.545454502105713,0,0,4.545454502105713,2.4038896560668945,8589934592,1073741824,5083348992,290652160
199,1771644099887,3504,3504,3504,3504,3504,3504,3504,3504,45.6799201965332,45.01239013671875,43.96454620361328,43.76744842529297,44.24236297607422,44.30476379394531,43.805152893066406,44.903499603271484,44.947425842285156,19.047618865966797,10,9.523809432983398,20,0,0,0,0,2.4038896560668945,8589934592,1073741824,5083398144,290652160
209,1771644100087,3504,3504,3504,3504,3504,3504,3504,3504,45.6799201965332,45.01239013671875,43.96454620361328,43.76744842529297,44.24236297607422,44.30476379394531,43.805152893066406,44.903499603271484,44.947425842285156,20,10,10.526315689086914,15.000000953674316,0,0,0,0,2.4038896560668945,8589934592,1073741824,5083643904,290652160
204,1771644100297,3504,3504,3504,3504,3504,3504,3504,3504,45.46309280395508,44.666263580322266,43.62225341796875,43.481285095214844,43.9959602355957,43.780906677246094,43.476829528808594,44.579742431640625,44.5582275390625,15.000000953674316,9.523809432983398,9.090909004211426,18.18181800842285,0,4.545454502105713,0,0,2.4038896560668945,8589934592,1073741824,5083643904,290652160
207,1771644100502,3504,3504,3504,3504,3504,3504,3504,3504,45.46309280395508,44.666263580322266,43.62225341796875,43.481285095214844,43.9959602355957,43.780906677246094,43.476829528808594,44.579742431640625,44.5582275390625,23.809524536132813,20,5.263157844543457,5,0,0,0,0,2.4038896560668945,8589934592,1073741824,5083643904,290652160
208,1771644100710,3504,3504,3504,3504,3504,3504,3504,3504,45.46309280395508,44.666263580322266,43.62225341796875,43.481285095214844,43.9959602355957,43.780906677246094,43.476829528808594,44.579742431640625,44.5582275390625,23.809524536132813,23.809524536132813,14.285715103149414,10,0,0,0,0,1.976818561553955,8589934592,1073741824,5078974464,290652160
201,1771644100918,3504,3504,3504,3504,3504,3504,3504,3504,45.46309280395508,44.666263580322266,43.62225341796875,43.481285095214844,43.9959602355957,43.780906677246094,43.476829528808594,44.579742431640625,44.5582275390625,10,25,13.636363983154297,9.523809432983398,0,0,0,0,1.976818561553955,8589934592,1073741824,5082120192,290652160
200,1771644101120,3504,3504,3504,3504,3504,3504,3504,3504,45.46309280395508,44.666263580322266,43.62225341796875,43.481285095214844,43.9959602355957,43.780906677246094,43.476829528808594,44.579742431640625,44.5582275390625,14.285715103149414,25,10,5,0,0,0,0,1.976818561553955,8589934592,1073741824,5082464256,290652160
209,1771644101322,3504,3504,3504,3504,3504,3504,3504,3504,45.09456253051758,44.35813903808594,43.25530242919922,43.094337463378906,43.64363479614258,43.42620086669922,43.094512939453125,44.152381896972656,44.22749710083008,15.789472579956055,25,21.052631378173828,15.000000953674316,4.761904716491699,0,0,0,1.976818561553955,8589934592,1073741824,5078499328,290652160
209,1771644101531,3504,3504,3504,3504,3504,3504,3504,3504,45.09456253051758,44.35813903808594,43.25530242919922,43.094337463378906,43.64363479614258,43.42620086669922,43.094512939453125,44.152381896972656,44.22749710083008,22.72727394104004,22.72727394104004,28.571430206298828,19.047618865966797,0,0,0,0,1.976818561553955,8589934592,1073741824,5083643904,290652160
199,1771644101741,3504,3504,3504,3504,3504,3504,3504,3504,45.09456253051758,44.35813903808594,43.25530242919922,43.094337463378906,43.64363479614258,43.42620086669922,43.094512939453125,44.152381896972656,44.22749710083008,33.333335876464844,25,22.72727394104004,19.047618865966797,0,0,4.761904716491699,0,2.4408199787139893,8589934592,1073741824,5083725824,290652160
208,1771644101941,3504,3504,3504,3504,3504,3504,3504,3504,45.09456253051758,44.35813903808594,43.25530242919922,43.094337463378906,43.64363479614258,43.42620086669922,43.094512939453125,44.152381896972656,44.22749710083008,21.052631378173828,35,20,15.000000953674316,0,0,0,0,2.4408199787139893,8589934592,1073741824,5083660288,290652160
209,1771644102150,3504,3504,3504,3504,3504,3504,3504,3504,45.09456253051758,44.35813903808594,43.25530242919922,43.094337463378906,43.64363479614258,43.42620086669922,43.094512939453125,44.152381896972656,44.22749710083008,15.000000953674316,19.047618865966797,5,4.761904716491699,0,0,0,0,2.4408199787139893,8589934592,1073741824,5083693056,290652160
208,1771644102360,3504,3504,3504,3504,3504,3504,3504,3504,44.74090576171875,44.13862228393555,42.97398376464844,42.815757751464844,43.30110168457031,43.143272399902344,42.89342498779297,43.87300491333008,43.98093795776367,26.086956024169922,23.809524536132813,14.285715103149414,14.285715103149414,0,0,0,0,2.4408199787139893,8589934592,1073741824,5083709440,290652160
200,1771644102569,3504,3504,3504,3504,3504,3504,3504,3504,44.74090576171875,44.13862228393555,42.97398376464844,42.815757751464844,43.30110168457031,43.143272399902344,42.89342498779297,43.87300491333008,43.98093795776367,15.789472579956055,25,14.285715103149414,14.285715103149414,9.090909004211426,4.761904716491699,0,0,2.4408199787139893,8589934592,1073741824,5084479488,290652160
208,1771644102770,3504,3504,3504,3504,3504,3504,3504,3504,44.74090576171875,44.13862228393555,42.97398376464844,42.815757751464844,43.30110168457031,43.143272399902344,42.89342498779297,43.87300491333008,43.98093795776367,20,20,15.000000953674316,15.000000953674316,0,0,0,0,2.0943150520324707,8589934592,1073741824,5084561408,290652160
207,1771644102979,3504,3504,3504,3504,3504,3504,3504,3504,44.74090576171875,44.13862228393555,42.97398376464844,42.815757751464844,43.30110168457031,43.143272399902344,42.89342498779297,43.87300491333008,43.98093795776367,42.85714340209961,47.619049072265625,28.571430206298828,35,0,0,0,0,2.0943150520324707,8589934592,1073741824,5087117312,290652160
209,1771644103187,3504,3504,3504,3504,3504,3504,3504,3504,44.62321090698242,44.067420959472656,42.88745880126953,42.84197235107422,43.149505615234375,42.98695373535156,42.68364715576172,43.70117950439453,43.745018005371094,9.523809432983398,15.000000953674316,20,4.761904716491699,14.285715103149414,15.000000953674316,4.761904716491699,0,2.0943150520324707,8589934592,1073741824,5090656256,290652160
209,1771644103397,3504,3504,3504,3504,3504,3504,3504,3504,44.62321090698242,44.067420959472656,42.88745880126953,42.84197235107422,43.149505615234375,42.98695373535156,42.68364715576172,43.70117950439453,43.745018005371094,15.000000953674316,27.272727966308594,14.285715103149414,14.285715103149414,0,0,0,0,2.0943150520324707,8589934592,1073741824,5090656256,290652160
209,1771644103607,3504,3504,3504,3504,3504,3504,3504,3504,44.62321090698242,44.067420959472656,42.88745880126953,42.84197235107422,43.149505615234375,42.98695373535156,42.68364715576172,43.70117950439453,43.745018005371094,31.81818199157715,23.809524536132813,23.809524536132813,19.047618865966797,19.047618865966797,22.72727394104004,15.000000953674316,27.272727966308594,2.0943150520324707,8589934592,1073741824,5090656256,290652160
202,1771644103817,3504,3504,3504,3504,3504,3504,3504,3504,44.62321090698242,44.067420959472656,42.88745880126953,42.84197235107422,43.149505615234375,42.98695373535156,42.68364715576172,43.70117950439453,43.745018005371094,20,14.285715103149414,4.761904716491699,9.523809432983398,0,0,0,0,2.0361859798431396,8589934592,1073741824,5062541312,290652160
208,1771644104020,3504,3504,3504,3504,3504,3504,3504,3504,44.62321090698242,44.067420959472656,42.88745880126953,42.84197235107422,43.149505615234375,42.98695373535156,42.68364715576172,43.70117950439453,43.745018005371094,20,10,15.000000953674316,15.000000953674316,0,0,0,0,2.0361859798431396,8589934592,1073741824,5062557696,290652160
209,1771644104229,3504,3504,3504,3504,3504,3504,3504,3504,45.04658508300781,44.48999786376953,43.209312438964844,43.17041015625,43.318180084228516,43.51061248779297,43.21887969970703,44.31608963012695,44.485450744628906,36.3636360168457,28.571430206298828,22.72727394104004,20,14.285715103149414,14.285715103149414,14.285715103149414,13.636363983154297,2.0361859798431396,8589934592,1073741824,5060575232,290652160
205,1771644104439,3504,3504,3504,3504,3504,3504,3504,3504,45.04658508300781,44.48999786376953,43.209312438964844,43.17041015625,43.318180084228516,43.51061248779297,43.21887969970703,44.31608963012695,44.485450744628906,25,10,10,13.636363983154297,0,0,0,0,2.0361859798431396,8589934592,1073741824,5060542464,290652160
207,1771644104645,3504,3504,3504,3504,3504,3504,3504,3504,45.04658508300781,44.48999786376953,43.209312438964844,43.17041015625,43.318180084228516,43.51061248779297,43.21887969970703,44.31608963012695,44.485450744628906,25,14.285715103149414,10,5,0,0,0,0,2.0361859798431396,8589934592,1073741824,5060591616,290652160
205,1771644104853,3504,3504,3504,3504,3504,3504,3504,3504,45.04658508300781,44.48999786376953,43.209312438964844,43.17041015625,43.318180084228516,43.51061248779297,43.21887969970703,44.31608963012695,44.485450744628906,28.571430206298828,14.285715103149414,5,9.523809432983398,0,0,0,0,2.487403154373169,8589934592,1073741824,5060591616,290652160
209,1771644105059,3504,3504,3504,3504,3504,3504,3504,3504,45.04658508300781,44.48999786376953,43.209312438964844,43.17041015625,43.318180084228516,43.51061248779297,43.21887969970703,44.31608963012695,44.485450744628906,25,15.000000953674316,19.047618865966797,14.285715103149414,0,0,0,0,2.487403154373169,8589934592,1073741824,5060771840,290652160
209,1771644105269,3504,3504,3504,3504,3504,3504,3504,3504,44.284908294677734,43.80916976928711,42.65791320800781,42.594200134277344,43.016231536865234,42.89569091796875,42.53453826904297,43.59314727783203,43.627662658691406,19.047618865966797,9.523809432983398,14.285715103149414,5,4.761904716491699,9.090909004211426,4.761904716491699,0,2.487403154373169,8589934592,1073741824,5060362240,290652160
209,1771644105479,3504,3504,3504,3504,3504,3504,3504,3504,44.284908294677734,43.80916976928711,42.65791320800781,42.594200134277344,43.016231536865234,42.89569091796875,42.53453826904297,43.59314727783203,43.627662658691406,27.272727966308594,18.18181800842285,22.72727394104004,9.523809432983398,0,0,0,0,2.487403154373169,8589934592,1073741824,5060362240,290652160
209,1771644105689,3504,3504,3504,3504,3504,3504,3504,3504,44.284908294677734,43.80916976928711,42.65791320800781,42.594200134277344,43.016231536865234,42.89569091796875,42.53453826904297,43.59314727783203,43.627662658691406,28.571430206298828,15.000000953674316,20,14.285715103149414,4.761904716491699,0,4.761904716491699,4.761904716491699,2.7020719051361084,8589934592,1073741824,5060673536,290652160
209,1771644105899,3504,3504,3504,3504,3504,3504,3504,3504,44.284908294677734,43.80916976928711,42.65791320800781,42.594200134277344,43.016231536865234,42.89569091796875,42.53453826904297,43.59314727783203,43.627662658691406,23.809524536132813,14.285715103149414,9.523809432983398,9.523809432983398,4.545454502105713,0,0,0,2.7020719051361084,8589934592,1073741824,5060673536,290652160
203,1771644106109,3504,3504,3504,3504,3504,3504,3504,3504,44.284908294677734,43.80916976928711,42.65791320800781,42.594200134277344,43.016231536865234,42.89569091796875,42.53453826904297,43.59314727783203,43.627662658691406,25,9.523809432983398,14.285715103149414,4.761904716491699,0,4.545454502105713,0,0,2.7020719051361084,8589934592,1073741824,5060657152,290652160
209,1771644106313,3504,3504,3504,3504,3504,3504,3504,3504,43.84553909301758,43.49147033691406,42.261749267578125,42.09333801269531,42.53571701049805,42.537025451660156,42.13213348388672,43.13092041015625,43.193809509277344,33.333335876464844,15.000000953674316,19.047618865966797,15.000000953674316,5.263157844543457,0,0,0,2.7020719051361084,8589934592,1073741824,5060968448,290652160
204,1771644106523,3504,3504,3504,3504,3504,3504,3504,3504,43.84553909301758,43.49147033691406,42.261749267578125,42.09333801269531,42.53571701049805,42.537025451660156,42.13213348388672,43.13092041015625,43.193809509277344,25,19.047618865966797,14.285715103149414,9.523809432983398,27.272727966308594,0,0,0,2.7020719051361084,8589934592,1073741824,5060919296,290652160
207,1771644106729,3504,3504,3504,3504,3504,3504,3504,3504,43.84553909301758,43.49147033691406,42.261749267578125,42.09333801269531,42.53571701049805,42.537025451660156,42.13213348388672,43.13092041015625,43.193809509277344,19.047618865966797,19.047618865966797,10.526315689086914,9.523809432983398,0,0,0,0,2.4652533531188965,8589934592,1073741824,5060853760,290652160
209,1771644106937,3504,3504,3504,3504,3504,3504,3504,3504,43.84553909301758,43.49147033691406,42.261749267578125,42.09333801269531,42.53571701049805,42.537025451660156,42.13213348388672,43.13092041015625,43.193809509277344,15.000000953674316,20,10,5,0,0,0,0,2.4652533531188965,8589934592,1073741824,5060870144,290652160
206,1771644107147,3504,3504,3504,3504,3504,3504,3504,3504,43.84553909301758,43.49147033691406,42.261749267578125,42.09333801269531,42.53571701049805,42.537025451660156,42.13213348388672,43.13092041015625,43.193809509277344,19.047618865966797,19.047618865966797,14.285715103149414,9.523809432983398,0,0,0,0,2.4652533531188965,8589934592,1073741824,5060313088,290652160
206,1771644107354,3504,3504,3504,3504,3504,3504,3504,3504,43.793540954589844,43.57968521118164,42.22840881347656,42.00035858154297,42.43412780761719,42.37145233154297,41.938232421875,42.89244079589844,42.998897552490234,19.047618865966797,15.000000953674316,13.636363983154297,9.523809432983398,0,0,0,0,2.4652533531188965,8589934592,1073741824,5060247552,290652160
203,1771644107560,3504,3504,3504,3504,3504,3504,3504,3504,43.793540954589844,43.57968521118164,42.22840881347656,42.00035858154297,42.43412780761719,42.37145233154297,41.938232421875,42.89244079589844,42.998897552490234,20,23.809524536132813,15.000000953674316,9.523809432983398,0,0,0,0,2.4652533531188965,8589934592,1073741824,5059526656,290652160
205,1771644107764,3504,3504,3504,3504,3504,3504,3504,3504,43.793540954589844,43.57968521118164,42.22840881347656,42.00035858154297,42.43412780761719,42.37145233154297,41.938232421875,42.89244079589844,42.998897552490234,23.809524536132813,20,5,5,0,0,0,0,1.8817120790481567,8589934592,1073741824,5059559424,290652160
205,1771644107971,3504,3504,3504,3504,3504,3504,3504,3504,43.793540954589844,43.57968521118164,42.22840881347656,42.00035858154297,42.43412780761719,42.37145233154297,41.938232421875,42.89244079589844,42.998897552490234,15.000000953674316,15.000000953674316,19.047618865966797,9.523809432983398,0,0,0,0,1.8817120790481567,8589934592,1073741824,5059543040,290652160
202,1771644108177,3504,3504,3504,3504,3504,3504,3504,3504,43.793540954589844,43.15727615356445,41.74884033203125,41.637489318847656,42.16376876831055,42.070091247558594,41.65312194824219,42.70987319946289,42.717506408691406,23.809524536132813,23.809524536132813,23.809524536132813,10,0,0,0,0,1.8817120790481567,8589934592,1073741824,5059526656,290652160
207,1771644108379,3504,3504,3504,3504,3504,3504,3504,3504,43.47413635253906,43.15727615356445,41.74884033203125,41.637489318847656,42.16376876831055,42.070091247558594,41.65312194824219,42.70987319946289,42.717506408691406,21.052631378173828,15.000000953674316,15.789472579956055,10,0,0,0,0,1.8817120790481567,8589934592,1073741824,5059559424,290652160
209,1771644108587,3504,3504,3504,3504,3504,3504,3504,3504,43.47413635253906,43.15727615356445,41.74884033203125,41.637489318847656,42.16376876831055,42.070091247558594,41.65312194824219,42.70987319946289,42.717506408691406,19.047618865966797,14.285715103149414,19.047618865966797,19.047618865966797,0,0,0,0,1.8817120790481567,8589934592,1073741824,5059559424,290652160
201,1771644108797,3504,3504,3504,3504,3504,3504,3504,3504,43.47413635253906,43.15727615356445,41.74884033203125,41.637489318847656,42.16376876831055,42.070091247558594,41.65312194824219,42.70987319946289,42.717506408691406,36.3636360168457,40,45.45454788208008,33.333335876464844,0,0,0,0,2.774885416030884,8589934592,1073741824,5059559424,290652160
209,1771644108999,3504,3504,3504,3504,3504,3504,3504,3504,43.47413635253906,43.15727615356445,41.74884033203125,41.637489318847656,42.16376876831055,42.070091247558594,41.65312194824219,42.70987319946289,42.717506408691406,15.000000953674316,14.285715103149414,5.263157844543457,25,0,0,0,0,2.774885416030884,8589934592,1073741824,5060165632,290652160
204,1771644109209,3504,3504,3504,3504,3504,3504,3504,3504,43.17765426635742,43.045021057128906,41.56037139892578,41.46186065673828,41.9725456237793,41.77406311035156,41.455482482910156,42.5867919921875,42.558528900146484,15.000000953674316,9.523809432983398,9.523809432983398,23.809524536132813,0,0,0,0,2.774885416030884,8589934592,1073741824,5060165632,290652160
209,1771644109414,3504,3504,3504,3504,3504,3504,3504,3504,43.17765426635742,43.045021057128906,41.56037139892578,41.46186065673828,41.9725456237793,41.77406311035156,41.455482482910156,42.5867919921875,42.558528900146484,9.523809432983398,10,10,30.000001907348633,0,0,0,0,2.774885416030884,8589934592,1073741824,5060149248,290652160
209,1771644109624,3504,3504,3504,3504,3504,3504,3504,3504,43.17765426635742,43.045021057128906,41.56037139892578,41.46186065673828,41.9725456237793,41.77406311035156,41.455482482910156,42.5867919921875,42.558528900146484,14.285715103149414,14.285715103149414,13.636363983154297,27.272727966308594,0,0,0,0,2.774885416030884,8589934592,1073741824,5060165632,290652160
209,1771644109834,3504,3504,3504,3504,3504,3504,3504,3504,43.17765426635742,43.045021057128906,41.56037139892578,41.46186065673828,41.9725456237793,41.77406311035156,41.455482482910156,42.5867919921875,42.558528900146484,15.000000953674316,10,5,23.809524536132813,0,0,0,0,2.2508902549743652,8589934592,1073741824,5060182016,290652160
209,1771644110043,3504,3504,3504,3504,3504,3504,3504,3504,43.17765426635742,43.045021057128906,41.56037139892578,41.46186065673828,41.9725456237793,41.77406311035156,41.455482482910156,42.5867919921875,42.558528900146484,22.72727394104004,31.81818199157715,19.047618865966797,25,0,0,0,0,2.2508902549743652,8589934592,1073741824,5060165632,290652160
199,1771644110253,3504,3504,3504,3504,3504,3504,3504,3504,43.058074951171875,42.81382751464844,41.275123596191406,41.276580810546875,41.63926696777344,41.46636199951172,41.30474853515625,42.369144439697266,42.38796615600586,15.000000953674316,14.285715103149414,13.636363983154297,15.000000953674316,4.761904716491699,0,4.545454502105713,0,2.2508902549743652,8589934592,1073741824,5059788800,290652160
199,1771644110454,3504,3504,3504,3504,3504,3504,3504,3504,43.058074951171875,42.81382751464844,41.275123596191406,41.276580810546875,41.63926696777344,41.46636199951172,41.30474853515625,42.369144439697266,42.38796615600586,10.526315689086914,5.263157844543457,5.263157844543457,23.809524536132813,0,0,0,0,2.2508902549743652,8589934592,1073741824,5059788800,290652160
208,1771644110654,3504,3504,3504,3504,3504,3504,3504,3504,43.058074951171875,42.81382751464844,41.275123596191406,41.276580810546875,41.63926696777344,41.46636199951172,41.30474853515625,42.369144439697266,42.38796615600586,19.047618865966797,20,15.000000953674316,26.3157901763916,5,5,5,5,2.2508902549743652,8589934592,1073741824,5059280896,290652160
209,1771644110863,3504,3504,3504,3504,3504,3504,3504,3504,43.058074951171875,42.81382751464844,41.275123596191406,41.276580810546875,41.63926696777344,41.46636199951172,41.30474853515625,42.369144439697266,42.38796615600586,19.047618865966797,13.636363983154297,9.523809432983398,22.72727394104004,0,0,0,0,1.93015718460083,8589934592,1073741824,5059248128,290652160
200,1771644111073,3504,3504,3504,3504,3504,3504,3504,3504,43.058074951171875,42.81382751464844,41.275123596191406,41.276580810546875,41.63926696777344,41.46636199951172,41.30474853515625,42.369144439697266,42.38796615600586,20,15.000000953674316,14.285715103149414,20,0,0,0,0,1.93015718460083,8589934592,1073741824,5059248128,290652160
201,1771644111274,3504,3504,3504,3504,3504,3504,3504,3504,43.07975769042969,42.75122833251953,41.28063201904297,41.14851379394531,41.54444885253906,41.385475158691406,41.225120544433594,42.34251403808594,42.26850891113281,23.809524536132813,15.000000953674316,10,20,0,4.761904716491699,0,0,1.93015718460083,8589934592,1073741824,5059313664,290652160
199,1771644111476,3504,3504,3504,3504,3504,3504,3504,3504,43.07975769042969,42.75122833251953,41.28063201904297,41.14851379394531,41.54444885253906,41.385475158691406,41.225120544433594,42.34251403808594,42.26850891113281,15.000000953674316,15.000000953674316,10,15.000000953674316,0,0,0,0,1.93015718460083,8589934592,1073741824,5059313664,290652160
204,1771644111676,3504,3504,3504,3504,3504,3504,3504,3504,43.07975769042969,42.75122833251953,41.28063201904297,41.14851379394531,41.54444885253906,41.385475158691406,41.225120544433594,42.34251403808594,42.26850891113281,15.000000953674316,19.047618865966797,20,20,0,0,0,0,2.3935983180999756,8589934592,1073741824,5059117056,290652160
205,1771644111881,3504,3504,3504,3504,3504,3504,3504,3504,43.07975769042969,42.75122833251953,41.28063201904297,41.14851379394531,41.54444885253906,41.385475158691406,41.225120544433594,42.34251403808594,42.26850891113281,20,5.263157844543457,10,14.285715103149414,0,0,0,0,2.3935983180999756,8589934592,1073741824,5059117056,290652160
206,1771644112087,3504,3504,3504,3504,3504,3504,3504,3504,43.07975769042969,42.75122833251953,41.28063201904297,41.14851379394531,41.54444885253906,41.385475158691406,41.225120544433594,42.34251403808594,42.26850891113281,15.000000953674316,23.809524536132813,10,25,0,0,0,0,2.3935983180999756,8589934592,1073741824,5058920448,290652160
209,1771644112294,3504,3504,3504,3504,3504,3504,3504,3504,42.86042022705078,42.50163269042969,41.16484069824219,40.92584228515625,41.35411834716797,41.20514678955078,41.018951416015625,42.12192153930664,42.07143783569336,14.285715103149414,10,9.523809432983398,19.047618865966797,0,0,0,0,2.3935983180999756,8589934592,1073741824,5058920448,290652160
209,1771644112504,3504,3504,3504,3504,3504,3504,3504,3504,42.86042022705078,42.50163269042969,41.16484069824219,40.92584228515625,41.35411834716797,41.20514678955078,41.018951416015625,42.12192153930664,42.07143783569336,15.000000953674316,14.285715103149414,9.523809432983398,23.809524536132813,0,0,0,0,2.3935983180999756,8589934592,1073741824,5058920448,290652160
206,1771644112714,3504,3504,3504,3504,3504,3504,3504,3504,42.86042022705078,42.50163269042969,41.16484069824219,40.92584228515625,41.35411834716797,41.20514678955078,41.018951416015625,42.12192153930664,42.07143783569336,19.047618865966797,14.285715103149414,18.18181800842285,25,0,0,0,0,2.2386059761047363,8589934592,1073741824,5058838528,290652160
205,1771644112920,3504,3504,3504,3504,3504,3504,3504,3504,42.86042022705078,42.50163269042969,41.16484069824219,40.92584228515625,41.35411834716797,41.20514678955078,41.018951416015625,42.12192153930664,42.07143783569336,14.285715103149414,9.523809432983398,5.263157844543457,27.272727966308594,0,0,0,0,2.2386059761047363,8589934592,1073741824,5059002368,290652160
201,1771644113127,3504,3504,3504,3504,3504,3504,3504,3504,42.86042022705078,42.50163269042969,41.16484069824219,40.92584228515625,41.35411834716797,41.20514678955078,41.018951416015625,42.12192153930664,42.07143783569336,20,15.000000953674316,14.285715103149414,30.000001907348633,0,0,0,0,2.2386059761047363,8589934592,1073741824,5058920448,290652160
205,1771644113329,3504,3504,3504,3504,3504,3504,3504,3504,42.67413330078125,42.21174240112305,40.91880798339844,40.78312683105469,41.15582275390625,41.010948181152344,40.802207946777344,41.8967170715332,41.87922286987305,10,10,9.523809432983398,25,0,0,0,0,2.2386059761047363,8589934592,1073741824,5058920448,290652160
203,1771644113535,3504,3504,3504,3504,3504,3504,3504,3504,42.67413330078125,42.21174240112305,40.91880798339844,40.78312683105469,41.15582275390625,41.010948181152344,40.802207946777344,41.8967170715332,41.87922286987305,14.285715103149414,14.285715103149414,5.263157844543457,23.809524536132813,0,0,0,0,2.2386059761047363,8589934592,1073741824,5058920448,290652160
208,1771644113739,3504,3504,3504,3504,3504,3504,3504,3504,42.67413330078125,42.21174240112305,40.91880798339844,40.78312683105469,41.15582275390625,41.010948181152344,40.802207946777344,41.8967170715332,41.87922286987305,19.047618865966797,19.047618865966797,19.047618865966797,20,0,0,0,0,2.5371317863464355,8589934592,1073741824,5058871296,290652160
209,1771644113947,3504,3504,3504,3504,3504,3504,3504,3504,42.67413330078125,42.21174240112305,40.91880798339844,40.78312683105469,41.15582275390625,41.010948181152344,40.802207946777344,41.8967170715332,41.87922286987305,15.000000953674316,15.000000953674316,9.090909004211426,15.000000953674316,0,0,0,0,2.5371317863464355,8589934592,1073741824,5058871296,290652160
205,1771644114157,3504,3504,3504,3504,3504,3504,3504,3504,42.67413330078125,42.21174240112305,40.91880798339844,40.78312683105469,41.15582275390625,41.010948181152344,40.802207946777344,41.8967170715332,41.87922286987305,15.000000953674316,28.571430206298828,15.789472579956055,18.18181800842285,13.636363983154297,9.523809432983398,4.761904716491699,4.545454502105713,2.5371317863464355,8589934592,1073741824,5060083712,290652160
204,1771644114363,3504,3504,3504,3504,3504,3504,3504,3504,42.60952377319336,42.01302719116211,40.79449462890625,40.72663879394531,41.028133392333984,40.917083740234375,40.663307189941406,41.77592849731445,41.762630462646484,14.285715103149414,10,19.047618865966797,15.000000953674316,0,0,0,0,2.5371317863464355,8589934592,1073741824,5060083712,290652160
207,1771644114568,3504,3504,3504,3504,3504,3504,3504,3504,42.60952377319336,42.01302719116211,40.79449462890625,40.72663879394531,41.028133392333984,40.917083740234375,40.663307189941406,41.77592849731445,41.762630462646484,19.047618865966797,15.000000953674316,19.047618865966797,19.047618865966797,0,0,0,0,2.5371317863464355,8589934592,1073741824,5060296704,290652160
207,1771644114777,3504,3504,3504,3504,3504,3504,3504,3504,42.60952377319336,42.01302719116211,40.79449462890625,40.72663879394531,41.028133392333984,40.917083740234375,40.663307189941406,41.77592849731445,41.762630462646484,15.000000953674316,23.809524536132813,14.285715103149414,14.285715103149414,0,0,0,0,2.4773683547973633,8589934592,1073741824,5060362240,290652160
202,1771644114985,3504,3504,3504,3504,3504,3504,3504,3504,42.60952377319336,42.01302719116211,40.79449462890625,40.72663879394531,41.028133392333984,40.917083740234375,40.663307189941406,41.77592849731445,41.762630462646484,14.285715103149414,23.809524536132813,5.263157844543457,9.523809432983398,0,0,0,0,2.4773683547973633,8589934592,1073741824,5060362240,290652160
200,1771644115188,3504,3504,3504,3504,3504,3504,3504,3504,42.50151062011719,41.82941436767578,40.70420837402344,40.625396728515625,40.91782760620117,40.80595397949219,40.50559997558594,41.61935043334961,41.682823181152344,25,25,14.285715103149414,5.263157844543457,0,0,4.761904716491699,0,2.4773683547973633,8589934592,1073741824,5060411392,290652160
204,1771644115389,3504,3504,3504,3504,3504,3504,3504,3504,42.50151062011719,41.82941436767578,40.70420837402344,40.625396728515625,40.91782760620117,40.80595397949219,40.50559997558594,41.61935043334961,41.682823181152344,28.571430206298828,10,9.523809432983398,10,0,0,0,0,2.4773683547973633,8589934592,1073741824,5060444160,290652160
207,1771644115594,3504,3504,3504,3504,3504,3504,3504,3504,42.50151062011719,41.82941436767578,40.70420837402344,40.625396728515625,40.91782760620117,40.80595397949219,40.50559997558594,41.61935043334961,41.682823181152344,25,14.285715103149414,5.263157844543457,9.523809432983398,0,0,0,0,2.4773683547973633,8589934592,1073741824,5060526080,290652160
201,1771644115802,3504,3504,3504,3504,3504,3504,3504,3504,42.50151062011719,41.82941436767578,40.70420837402344,40.625396728515625,40.91782760620117,40.80595397949219,40.50559997558594,41.61935043334961,41.682823181152344,25,14.285715103149414,18.18181800842285,9.523809432983398,4.545454502105713,0,0,0,2.3342530727386475,8589934592,1073741824,5060493312,290652160
208,1771644116004,3504,3504,3504,3504,3504,3504,3504,3504,42.50151062011719,41.82941436767578,40.70420837402344,40.625396728515625,40.91782760620117,40.80595397949219,40.50559997558594,41.61935043334961,41.682823181152344,30.000001907348633,15.000000953674316,5.263157844543457,10,0,0,0,0,2.3342530727386475,8589934592,1073741824,5060624384,290652160
207,1771644116212,3504,3504,3504,3504,3504,3504,3504,3504,42.292545318603516,41.57917022705078,40.51161193847656,40.46867370605469,40.74007034301758,40.70709991455078,40.44940185546875,41.46855926513672,41.50518798828125,28.571430206298828,15.000000953674316,19.047618865966797,5,0,0,0,0,2.3342530727386475,8589934592,1073741824,5060608000,290652160
209,1771644116420,3504,3504,3504,3504,3504,3504,3504,3504,42.292545318603516,41.57917022705078,40.51161193847656,40.46867370605469,40.74007034301758,40.70709991455078,40.44940185546875,41.46855926513672,41.50518798828125,30.000001907348633,19.047618865966797,15.000000953674316,19.047618865966797,40,0,0,0,2.3342530727386475,8589934592,1073741824,5061050368,290652160
206,1771644116630,3504,3504,3504,3504,3504,3504,3504,3504,42.292545318603516,41.57917022705078,40.51161193847656,40.46867370605469,40.74007034301758,40.70709991455078,40.44940185546875,41.46855926513672,41.50518798828125,23.809524536132813,10,13.636363983154297,9.090909004211426,0,0,0,0,2.3342530727386475,8589934592,1073741824,5061066752,290652160
206,1771644116837,3504,3504,3504,3504,3504,3504,3504,3504,42.292545318603516,41.57917022705078,40.51161193847656,40.46867370605469,40.74007034301758,40.70709991455078,40.44940185546875,41.46855926513672,41.50518798828125,31.81818199157715,19.047618865966797,14.285715103149414,5.263157844543457,0,0,0,0,2.1330525875091553,8589934592,1073741824,5061066752,290652160
209,1771644117044,3504,3504,3504,3504,3504,3504,3504,3504,42.292545318603516,41.57917022705078,40.51161193847656,40.46867370605469,40.74007034301758,40.70709991455078,40.44940185546875,41.46855926513672,41.50518798828125,25,15.000000953674316,10,9.523809432983398,0,0,0,0,2.1330525875091553,8589934592,1073741824,5061001216,290652160
209,1771644117253,3504,3504,3504,3504,3504,3504,3504,3504,42.35614013671875,41.86760711669922,40.677642822265625,40.37309265136719,40.787437438964844,40.67445373535156,40.44026184082031,41.463653564453125,41.49245071411133,33.333335876464844,14.285715103149414,14.285715103149414,14.285715103149414,0,0,0,0,2.1330525875091553,8589934592,1073741824,5052907520,290652160
205,1771644117464,3504,3504,3504,3504,3504,3504,3504,3504,42.35614013671875,41.86760711669922,40.677642822265625,40.37309265136719,40.787437438964844,40.67445373535156,40.44026184082031,41.463653564453125,41.49245071411133,20,14.285715103149414,10,4.761904716491699,0,0,0,0,2.1330525875091553,8589934592,1073741824,5052923904,290652160
208,1771644117670,3504,3504,3504,3504,3504,3504,3504,3504,42.35614013671875,41.86760711669922,40.677642822265625,40.37309265136719,40.787437438964844,40.67445373535156,40.44026184082031,41.463653564453125,41.49245071411133,20,14.285715103149414,23.809524536132813,9.523809432983398,0,0,0,0,2.1330525875091553,8589934592,1073741824,5052891136,290652160
199,1771644117879,3504,3504,3504,3504,3504,3504,3504,3504,42.35614013671875,41.86760711669922,40.677642822265625,40.37309265136719,40.787437438964844,40.67445373535156,40.44026184082031,41.463653564453125,41.49245071411133,27.272727966308594,15.000000953674316,19.047618865966797,10,0,0,0,0,1.9174385070800781,8589934592,1073741824,5052907520,290652160
209,1771644118079,3504,3504,3504,3504,3504,3504,3504,3504,42.35614013671875,41.86760711669922,40.677642822265625,40.37309265136719,40.787437438964844,40.67445373535156,40.44026184082031,41.463653564453125,41.49245071411133,20,14.285715103149414,15.789472579956055,14.285715103149414,0,0,0,0,1.9174385070800781,8589934592,1073741824,5053071360,290652160
205,1771644118289,3504,3504,3504,3504,3504,3504,3504,3504,42.097747802734375,41.27223205566406,40.316246032714844,39.95500946044922,40.61979675292969,40.52393341064453,40.285980224609375,41.31657409667969,41.32436752319336,50,30.000001907348633,40.90909194946289,35,0,0,0,0,1.9174385070800781,8589934592,1073741824,5057232896,290652160
206,1771644118495,3504,3504,3504,3504,3504,3504,3504,3504,42.097747802734375,41.27223205566406,40.316246032714844,39.95500946044922,40.61979675292969,40.52393341064453,40.285980224609375,41.31657409667969,41.32436752319336,23.809524536132813,14.285715103149414,23.809524536132813,14.285715103149414,0,0,0,0,1.9174385070800781,8589934592,1073741824,5055102976,290652160
209,1771644118702,3504,3504,3504,3504,3504,3504,3504,3504,42.097747802734375,41.27223205566406,40.316246032714844,39.95500946044922,40.61979675292969,40.52393341064453,40.285980224609375,41.31657409667969,41.32436752319336,20,15.000000953674316,20,5,0,0,0,0,2.5026588439941406,8589934592,1073741824,5055102976,290652160
208,1771644118912,3504,3504,3504,3504,3504,3504,3504,3504,42.097747802734375,41.27223205566406,40.316246032714844,39.95500946044922,40.61979675292969,40.52393341064453,40.285980224609375,41.31657409667969,41.32436752319336,23.809524536132813,14.285715103149414,15.000000953674316,13.636363983154297,0,0,0,0,2.5026588439941406,8589934592,1073741824,5055102976,290652160
208,1771644119120,3504,3504,3504,3504,3504,3504,3504,3504,42.097747802734375,41.27223205566406,40.316246032714844,39.95500946044922,40.61979675292969,40.52393341064453,40.285980224609375,41.31657409667969,41.32436752319336,22.72727394104004,14.285715103149414,22.72727394104004,5,0,0,0,0,2.5026588439941406,8589934592,1073741824,5055119360,290652160
209,1771644119329,3504,3504,3504,3504,3504,3504,3504,3504,42.064701080322266,41.15862274169922,40.208953857421875,39.83079528808594,40.56100082397461,40.40461730957031,40.16925811767578,41.196292877197266,41.21530532836914,20,14.285715103149414,10,9.523809432983398,0,0,0,0,2.5026588439941406,8589934592,1073741824,5055152128,290652160
203,1771644119539,3504,3504,3504,3504,3504,3504,3504,3504,42.064701080322266,41.15862274169922,40.208953857421875,39.83079528808594,40.56100082397461,40.40461730957031,40.16925811767578,41.196292877197266,41.21530532836914,19.047618865966797,19.047618865966797,22.72727394104004,9.523809432983398,0,0,0,0,2.5026588439941406,8589934592,1073741824,5055152128,290652160
209,1771644119743,3504,3504,3504,3504,3504,3504,3504,3504,42.064701080322266,41.15862274169922,40.208953857421875,39.83079528808594,40.56100082397461,40.40461730957031,40.16925811767578,41.196292877197266,41.21530532836914,26.3157901763916,14.285715103149414,5.263157844543457,9.523809432983398,0,0,0,0,2.2157201766967773,8589934592,1073741824,5055152128,290652160
213,1771644119953,3504,3504,3504,3504,3504,3504,3504,3504,42.064701080322266,41.15862274169922,40.208953857421875,39.83079528808594,40.56100082397461,40.40461730957031,40.16925811767578,41.196292877197266,41.21530532836914,22.72727394104004,23.809524536132813,14.285715103149414,5,0,0,0,0,2.2157201766967773,8589934592,1073741824,5055299584,290652160
209,1771644120167,3504,3504,3504,3504,3504,3504,3504,3504,42.064701080322266,41.15862274169922,40.208953857421875,39.83079528808594,40.56100082397461,40.40461730957031,40.16925811767578,41.196292877197266,41.21530532836914,42.85714340209961,35,40.90909194946289,33.333335876464844,14.285715103149414,18.18181800842285,14.285715103149414,9.523809432983398,2.2157201766967773,8589934592,1073741824,5065015296,290652160
208,1771644120377,3504,3504,3504,3504,3504,3504,3504,3504,42.244972229003906,41.282196044921875,40.26129913330078,39.83790588378906,40.455257415771484,40.35459899902344,40.221649169921875,41.30592727661133,41.33424758911133,9.523809432983398,5,15.000000953674316,4.761904716491699,9.523809432983398,4.761904716491699,4.545454502105713,4.761904716491699,2.2157201766967773,8589934592,1073741824,5065031680,290652160
200,1771644120586,3504,3504,3504,3504,3504,3504,3504,3504,42.244972229003906,41.282196044921875,40.26129913330078,39.83790588378906,40.455257415771484,40.35459899902344,40.221649169921875,41.30592727661133,41.33424758911133,14.285715103149414,18.18181800842285,27.272727966308594,9.523809432983398,0,0,0,0,2.2157201766967773,8589934592,1073741824,5065015296,290652160
209,1771644120787,3504,3504,3504,3504,3504,3504,3504,3504,42.244972229003906,41.282196044921875,40.26129913330078,39.83790588378906,40.455257415771484,40.35459899902344,40.221649169921875,41.30592727661133,41.33424758911133,25,10,10.526315689086914,14.285715103149414,4.761904716491699,0,0,0,1.990561842918396,8589934592,1073741824,5064376320,290652160
204,1771644120997,3504,3504,3504,3504,3504,3504,3504,3504,42.244972229003906,41.282196044921875,40.26129913330078,39.83790588378906,40.455257415771484,40.35459899902344,40.221649169921875,41.30592727661133,41.33424758911133,23.809524536132813,10,19.047618865966797,0,0,0,0,0,1.990561842918396,8589934592,1073741824,5064376320,290652160
201,1771644121202,3504,3504,3504,3504,3504,3504,3504,3504,42.19042205810547,41.353858947753906,40.35401916503906,39.9486083984375,40.61131286621094,40.459129333496094,40.25117492675781,41.31260681152344,41.31055450439453,20,14.285715103149414,20,10,0,0,0,0,1.990561842918396,8589934592,1073741824,5064376320,290652160
209,1771644121404,3504,3504,3504,3504,3504,3504,3504,3504,42.19042205810547,41.353858947753906,40.35401916503906,39.9486083984375,40.61131286621094,40.459129333496094,40.25117492675781,41.31260681152344,41.31055450439453,15.000000953674316,20,20,9.523809432983398,0,0,0,0,1.990561842918396,8589934592,1073741824,5064605696,290652160
206,1771644121614,3504,3504,3504,3504,3504,3504,3504,3504,42.19042205810547,41.353858947753906,40.35401916503906,39.9486083984375,40.61131286621094,40.459129333496094,40.25117492675781,41.31260681152344,41.31055450439453,15.000000953674316,9.523809432983398,14.285715103149414,5,0,0,0,0,1.990561842918396,8589934592,1073741824,5064605696,290652160
206,1771644121820,3504,3504,3504,3504,3504,3504,3504,3504,42.19042205810547,41.353858947753906,40.35401916503906,39.9486083984375,40.61131286621094,40.459129333496094,40.25117492675781,41.31260681152344,41.31055450439453,19.047618865966797,19.047618865966797,19.047618865966797,14.285715103149414,0,0,0,0,1.8716872930526733,8589934592,1073741824,5064245248,290652160
209,1771644122027,3504,3504,3504,3504,3504,3504,3504,3504,42.19042205810547,41.353858947753906,40.35401916503906,39.9486083984375,40.61131286621094,40.459129333496094,40.25117492675781,41.31260681152344,41.31055450439453,14.285715103149414,20,19.047618865966797,5,0,0,0,0,1.8716872930526733,8589934592,1073741824,5064245248,290652160
204,1771644122237,3504,3504,3504,3504,3504,3504,3504,3504,41.93464660644531,40.893558502197266,39.943580627441406,39.56242370605469,40.2424430847168,40.04383087158203,39.918731689453125,40.96214294433594,40.935691833496094,15.000000953674316,14.285715103149414,15.000000953674316,9.523809432983398,0,0,0,0,1.8716872930526733,8589934592,1073741824,5064245248,290652160
201,1771644122441,3504,3504,3504,3504,3504,3504,3504,3504,41.93464660644531,40.893558502197266,39.943580627441406,39.56242370605469,40.2424430847168,40.04383087158203,39.918731689453125,40.96214294433594,40.935691833496094,23.809524536132813,14.285715103149414,19.047618865966797,5,0,0,0,0,1.8716872930526733,8589934592,1073741824,5064212480,290652160
209,1771644122643,3504,3504,3504,3504,3504,3504,3504,3504,41.93464660644531,40.893558502197266,39.943580627441406,39.56242370605469,40.2424430847168,40.04383087158203,39.918731689453125,40.96214294433594,40.935691833496094,14.285715103149414,21.052631378173828,15.000000953674316,9.523809432983398,0,0,0,0,1.8716872930526733,8589934592,1073741824,5064212480,290652160
199,1771644122853,3504,3504,3504,3504,3504,3504,3504,3504,41.93464660644531,40.893558502197266,39.943580627441406,39.56242370605469,40.2424430847168,40.04383087158203,39.918731689453125,40.96214294433594,40.935691833496094,15.000000953674316,19.047618865966797,14.285715103149414,14.285715103149414,0,0,0,0,3.072868585586548,8589934592,1073741824,5064261632,290652160
209,1771644123054,3504,3504,3504,3504,3504,3504,3504,3504,41.93464660644531,40.893558502197266,39.943580627441406,39.56242370605469,40.2424430847168,40.04383087158203,39.918731689453125,40.96214294433594,40.935691833496094,15.000000953674316,10,15.789472579956055,15.000000953674316,0,0,0,0,3.072868585586548,8589934592,1073741824,5060739072,290652160
209,1771644123264,3504,3504,3504,3504,3504,3504,3504,3504,41.82041931152344,40.77610778808594,39.894264221191406,39.45948791503906,40.13615036010742,39.885169982910156,39.756309509277344,40.839107513427734,40.84740447998047,23.809524536132813,14.285715103149414,22.72727394104004,5,0,0,0,0,3.072868585586548,8589934592,1073741824,5060296704,290652160
209,1771644123474,3504,3504,3504,3504,3504,3504,3504,3504,41.82041931152344,40.77610778808594,39.894264221191406,39.45948791503906,40.13615036010742,39.885169982910156,39.756309509277344,40.839107513427734,40.84740447998047,23.809524536132813,19.047618865966797,14.285715103149414,13.636363983154297,0,0,0,0,3.072868585586548,8589934592,1073741824,5060296704,290652160
209,1771644123684,3504,3504,3504,3504,3504,3504,3504,3504,41.82041931152344,40.77610778808594,39.894264221191406,39.45948791503906,40.13615036010742,39.885169982910156,39.756309509277344,40.839107513427734,40.84740447998047,23.809524536132813,9.523809432983398,10,14.285715103149414,0,0,0,0,2.4539597034454346,8589934592,1073741824,5060411392,290652160
207,1771644123893,3504,3504,3504,3504,3504,3504,3504,3504,41.82041931152344,40.77610778808594,39.894264221191406,39.45948791503906,40.13615036010742,39.885169982910156,39.756309509277344,40.839107513427734,40.84740447998047,25,10,9.523809432983398,14.285715103149414,0,0,0,0,2.4539597034454346,8589934592,1073741824,5060182016,290652160
207,1771644124102,3504,3504,3504,3504,3504,3504,3504,3504,41.82041931152344,40.77610778808594,39.894264221191406,39.45948791503906,40.13615036010742,39.885169982910156,39.756309509277344,40.839107513427734,40.84740447998047,23.809524536132813,19.047618865966797,14.285715103149414,5,0,0,0,0,2.4539597034454346,8589934592,1073741824,5060198400,290652160
209,1771644124310,3504,3504,3504,3504,3504,3504,3504,3504,41.69507598876953,40.69182586669922,39.79515838623047,39.33428192138672,40.086387634277344,39.76507568359375,39.63783264160156,40.721981048583984,40.77326583862305,23.809524536132813,23.809524536132813,5,5,0,0,0,0,2.4539597034454346,8589934592,1073741824,5060198400,290652160
199,1771644124520,3504,3504,3504,3504,3504,3504,3504,3504,41.69507598876953,40.69182586669922,39.79515838623047,39.33428192138672,40.086387634277344,39.76507568359375,39.63783264160156,40.721981048583984,40.77326583862305,15.000000953674316,19.047618865966797,9.090909004211426,9.090909004211426,0,0,4.545454502105713,0,2.4539597034454346,8589934592,1073741824,5060198400,290652160
209,1771644124720,3504,3504,3504,3504,3504,3504,3504,3504,41.69507598876953,40.69182586669922,39.79515838623047,39.33428192138672,40.086387634277344,39.76507568359375,39.63783264160156,40.721981048583984,40.77326583862305,25,15.000000953674316,10.526315689086914,10,0,0,0,0,2.204547882080078,8589934592,1073741824,5060100096,290652160
200,1771644124930,3504,3504,3504,3504,3504,3504,3504,3504,41.69507598876953,40.69182586669922,39.79515838623047,39.33428192138672,40.086387634277344,39.76507568359375,39.63783264160156,40.721981048583984,40.77326583862305,22.72727394104004,10,14.285715103149414,9.523809432983398,0,0,0,0,2.204547882080078,8589934592,1073741824,5060132864,290652160
209,1771644125132,3504,3504,3504,3504,3504,3504,3504,3504,41.69507598876953,40.69182586669922,39.79515838623047,39.33428192138672,40.086387634277344,39.76507568359375,39.63783264160156,40.721981048583984,40.77326583862305,21.052631378173828,19.047618865966797,25,15.789472579956055,5,5,4.761904716491699,4.761904716491699,2.204547882080078,8589934592,1073741824,5060886528,290652160
209,1771644125342,3504,3504,3504,3504,3504,3504,3504,3504,41.70821762084961,40.737857818603516,39.71772766113281,39.347564697265625,40.06879806518555,39.728981018066406,39.6265869140625,40.70904541015625,40.695343017578125,9.090909004211426,5,14.285715103149414,18.18181800842285,9.523809432983398,9.523809432983398,5,4.761904716491699,2.204547882080078,8589934592,1073741824,5060755456,290652160
207,1771644125552,3504,3504,3504,3504,3504,3504,3504,3504,41.70821762084961,40.737857818603516,39.71772766113281,39.347564697265625,40.06879806518555,39.728981018066406,39.6265869140625,40.70904541015625,40.695343017578125,14.285715103149414,13.636363983154297,14.285715103149414,19.047618865966797,0,0,0,0,2.204547882080078,8589934592,1073741824,5060935680,290652160
203,1771644125760,3504,3504,3504,3504,3504,3504,3504,3504,41.70821762084961,40.737857818603516,39.71772766113281,39.347564697265625,40.06879806518555,39.728981018066406,39.6265869140625,40.70904541015625,40.695343017578125,20,20,19.047618865966797,10,0,0,0,0,2.1570653915405273,8589934592,1073741824,5061083136,290652160
205,1771644125964,3504,3504,3504,3504,3504,3504,3504,3504,41.70821762084961,40.737857818603516,39.71772766113281,39.347564697265625,40.06879806518555,39.728981018066406,39.6265869140625,40.70904541015625,40.695343017578125,25,14.285715103149414,15.000000953674316,13.636363983154297,0,0,0,0,2.1570653915405273,8589934592,1073741824,5061099520,290652160
205,1771644126170,3504,3504,3504,3504,3504,3504,3504,3504,41.70821762084961,40.737857818603516,39.71772766113281,39.347564697265625,40.06879806518555,39.728981018066406,39.554039001464844,40.63521194458008,40.65999221801758,25,10,9.523809432983398,5.263157844543457,0,0,0,0,2.1570653915405273,8589934592,1073741824,5061050368,290652160
203,1771644126377,3504,3504,3504,3504,3504,3504,3504,3504,41.651039123535156,40.65485763549805,39.66471862792969,39.286041259765625,40.0388298034668,39.69355010986328,39.554039001464844,40.63521194458008,40.65999221801758,36.3636360168457,25,20,19.047618865966797,5,0,0,0,2.1570653915405273,8589934592,1073741824,5061050368,290652160
206,1771644126580,3504,3504,3504,3504,3504,3504,3504,3504,41.651039123535156,40.65485763549805,39.66471862792969,39.286041259765625,40.0388298034668,39.69355010986328,39.554039001464844,40.63521194458008,40.65999221801758,30.000001907348633,23.809524536132813,14.285715103149414,10,36.3636360168457,0,0,0,2.1570653915405273,8589934592,1073741824,5061427200,290652160
206,1771644126787,3504,3504,3504,3504,3504,3504,3504,3504,41.651039123535156,40.65485763549805,39.66471862792969,39.286041259765625,40.0388298034668,39.69355010986328,39.554039001464844,40.63521194458008,40.65999221801758,20,25,14.285715103149414,9.523809432983398,0,0,0,0,1.9308053255081177,8589934592,1073741824,5061427200,290652160
205,1771644126994,3504,3504,3504,3504,3504,3504,3504,3504,41.651039123535156,40.65485763549805,39.66471862792969,39.286041259765625,40.0388298034668,39.69355010986328,39.554039001464844,40.63521194458008,40.65999221801758,20,23.809524536132813,5.263157844543457,9.523809432983398,0,0,0,0,1.9308053255081177,8589934592,1073741824,5061427200,290652160
209,1771644127200,3504,3504,3504,3504,3504,3504,3504,3504,41.66584014892578,40.86941909790039,39.74394989013672,39.32073211669922,40.03239822387695,39.630393981933594,39.52251434326172,40.55949020385742,40.61114501953125,19.047618865966797,30.000001907348633,28.571430206298828,15.000000953674316,0,0,0,0,1.9308053255081177,8589934592,1073741824,5061427200,290652160
203,1771644127410,3504,3504,3504,3504,3504,3504,3504,3504,41.66584014892578,40.86941909790039,39.74394989013672,39.32073211669922,40.03239822387695,39.630393981933594,39.52251434326172,40.55949020385742,40.61114501953125,28.571430206298828,33.333335876464844,23.809524536132813,19.047618865966797,0,4.545454502105713,0,0,1.9308053255081177,8589934592,1073741824,5061427200,290652160
206,1771644127614,3504,3504,3504,3504,3504,3504,3504,3504,41.66584014892578,40.86941909790039,39.74394989013672,39.32073211669922,40.03239822387695,39.630393981933594,39.52251434326172,40.55949020385742,40.61114501953125,15.000000953674316,25,5,10,0,0,0,0,1.9308053255081177,8589934592,1073741824,5061427200,290652160
208,1771644127821,3504,3504,3504,3504,3504,3504,3504,3504,41.66584014892578,40.86941909790039,39.74394989013672,39.32073211669922,40.03239822387695,39.630393981933594,39.52251434326172,40.55949020385742,40.61114501953125,15.000000953674316,23.809524536132813,19.047618865966797,19.047618865966797,0,0,0,0,2.4299328327178955,8589934592,1073741824,5061525504,290652160
204,1771644128030,3504,3504,3504,3504,3504,3504,3504,3504,41.66584014892578,40.86941909790039,39.74394989013672,39.32073211669922,40.03239822387695,39.630393981933594,39.52251434326172,40.55949020385742,40.61114501953125,27.272727966308594,14.285715103149414,23.809524536132813,4.761904716491699,0,0,0,4.761904716491699,2.4299328327178955,8589934592,1073741824,5062164480,290652160
208,1771644128235,3504,3504,3504,3504,3504,3504,3504,3504,41.5343132019043,40.536109924316406,39.504173278808594,39.17254638671875,39.872562408447266,39.528419494628906,39.43501281738281,40.445091247558594,40.46196746826172,25,15.000000953674316,20,10,0,0,0,0,2.4299328327178955,8589934592,1073741824,5062295552,290652160
207,1771644128444,3504,3504,3504,3504,3504,3504,3504,3504,41.5343132019043,40.536109924316406,39.504173278808594,39.17254638671875,39.872562408447266,39.528419494628906,39.43501281738281,40.445091247558594,40.46196746826172,23.809524536132813,14.285715103149414,20,10,0,0,0,0,2.4299328327178955,8589934592,1073741824,5062033408,290652160
208,1771644128652,3504,3504,3504,3504,3504,3504,3504,3504,41.5343132019043,40.536109924316406,39.504173278808594,39.17254638671875,39.872562408447266,39.528419494628906,39.43501281738281,40.445091247558594,40.46196746826172,10,15.000000953674316,22.72727394104004,9.090909004211426,0,0,0,0,2.4299328327178955,8589934592,1073741824,5062033408,290652160
209,1771644128860,3504,3504,3504,3504,3504,3504,3504,3504,41.5343132019043,40.536109924316406,39.504173278808594,39.17254638671875,39.872562408447266,39.528419494628906,39.43501281738281,40.445091247558594,40.46196746826172,10,19.047618865966797,19.047618865966797,5,0,0,0,0,3.167083740234375,8589934592,1073741824,5062033408,290652160
199,1771644129070,3504,3504,3504,3504,3504,3504,3504,3504,41.5343132019043,40.536109924316406,39.504173278808594,39.17254638671875,39.872562408447266,39.528419494628906,39.43501281738281,40.445091247558594,40.46196746826172,14.285715103149414,23.809524536132813,20,13.636363983154297,0,0,0,0,3.167083740234375,8589934592,1073741824,5061869568,290652160
209,1771644129271,3504,3504,3504,3504,3504,3504,3504,3504,41.409873962402344,40.45391845703125,39.426673889160156,39.092872619628906,39.65459442138672,39.398765563964844,39.23529815673828,40.32106018066406,40.358489990234375,15.000000953674316,10,15.000000953674316,15.789472579956055,0,0,0,0,3.167083740234375,8589934592,1073741824,5061918720,290652160
208,1771644129480,3504,3504,3504,3504,3504,3504,3504,3504,41.409873962402344,40.45391845703125,39.426673889160156,39.092872619628906,39.65459442138672,39.398765563964844,39.23529815673828,40.32106018066406,40.358489990234375,14.285715103149414,14.285715103149414,19.047618865966797,18.18181800842285,0,0,0,0,3.167083740234375,8589934592,1073741824,5061918720,290652160
204,1771644129689,3504,3504,3504,3504,3504,3504,3504,3504,41.409873962402344,40.45391845703125,39.426673889160156,39.092872619628906,39.65459442138672,39.398765563964844,39.23529815673828,40.32106018066406,40.358489990234375,19.047618865966797,14.285715103149414,20,15.000000953674316,0,0,0,0,2.3828887939453125,8589934592,1073741824,5061918720,290652160
207,1771644129894,3504,3504,3504,3504,3504,3504,3504,3504,41.409873962402344,40.45391845703125,39.426673889160156,39.092872619628906,39.65459442138672,39.398765563964844,39.23529815673828,40.32106018066406,40.358489990234375,15.000000953674316,10,19.047618865966797,10,0,0,0,0,2.3828887939453125,8589934592,1073741824,5061935104,290652160
207,1771644130102,3504,3504,3504,3504,3504,3504,3504,3504,41.409873962402344,40.45391845703125,39.426673889160156,39.092872619628906,39.65459442138672,39.398765563964844,39.23529815673828,40.32106018066406,40.358489990234375,25,14.285715103149414,19.047618865966797,9.523809432983398,0,0,0,0,2.3828887939453125,8589934592,1073741824,5061935104,290652160
203,1771644130310,3504,3504,3504,3504,3504,3504,3504,3504,41.31169891357422,40.44579315185547,39.21217346191406,38.961029052734375,39.558712005615234,39.27867126464844,39.12641143798828,40.23310852050781,40.23161697387695,27.272727966308594,10,20,5,4.761904716491699,4.761904716491699,0,0,2.3828887939453125,8589934592,1073741824,5061935104,290652160
209,1771644130514,3504,3504,3504,3504,3504,3504,3504,3504,41.31169891357422,40.44579315185547,39.21217346191406,38.961029052734375,39.558712005615234,39.27867126464844,39.12641143798828,40.23310852050781,40.23161697387695,23.809524536132813,14.285715103149414,22.72727394104004,9.523809432983398,0,0,0,0,2.3828887939453125,8589934592,1073741824,5061935104,290652160
206,1771644130724,3504,3504,3504,3504,3504,3504,3504,3504,41.31169891357422,40.44579315185547,39.21217346191406,38.961029052734375,39.558712005615234,39.27867126464844,39.12641143798828,40.23310852050781,40.23161697387695,15.000000953674316,14.285715103149414,20,14.285715103149414,0,0,0,0,2.2639377117156982,8589934592,1073741824,5062000640,290652160
209,1771644130931,3504,3504,3504,3504,3504,3504,3504,3504,41.31169891357422,40.44579315185547,39.21217346191406,38.961029052734375,39.558712005615234,39.27867126464844,39.12641143798828,40.23310852050781,40.23161697387695,19.047618865966797,20,9.523809432983398,10,0,0,0,0,2.2639377117156982,8589934592,1073741824,5062017024,290652160
202,1771644131140,3504,3504,3504,3504,3504,3504,3504,3504,41.31169891357422,40.44579315185547,39.21217346191406,38.961029052734375,39.558712005615234,39.27867126464844,39.12641143798828,40.23310852050781,40.23161697387695,19.047618865966797,18.18181800842285,10,18.18181800842285,0,4.761904716491699,4.545454502105713,0,2.2639377117156982,8589934592,1073741824,5061591040,290652160
207,1771644131343,3504,3504,3504,3504,3504,3504,3504,3504,41.233516693115234,40.40058517456055,39.14812469482422,38.883056640625,39.50271987915039,39.190406799316406,39.04364776611328,40.17467498779297,40.18028259277344,15.789472579956055,5.555555820465088,10,21.052631378173828,0,0,0,0,2.2639377117156982,8589934592,1073741824,5061591040,290652160
209,1771644131551,3504,3504,3504,3504,3504,3504,3504,3504,41.233516693115234,40.40058517456055,39.14812469482422,38.883056640625,39.50271987915039,39.190406799316406,39.04364776611328,40.17467498779297,40.18028259277344,18.18181800842285,21.7391300201416,9.523809432983398,19.047618865966797,0,0,0,0,2.2639377117156982,8589934592,1073741824,5061591040,290652160
202,1771644131761,3504,3504,3504,3504,3504,3504,3504,3504,41.233516693115234,40.40058517456055,39.14812469482422,38.883056640625,39.50271987915039,39.190406799316406,39.04364776611328,40.17467498779297,40.18028259277344,25,25,20,23.809524536132813,0,0,0,0,1.967549204826355,8589934592,1073741824,5061656576,290652160
206,1771644131964,3504,3504,3504,3504,3504,3504,3504,3504,41.233516693115234,40.40058517456055,39.14812469482422,38.883056640625,39.50271987915039,39.190406799316406,39.04364776611328,40.17467498779297,40.18028259277344,23.809524536132813,15.000000953674316,14.285715103149414,10,0,0,0,0,1.967549204826355,8589934592,1073741824,5061656576,290652160
207,1771644132170,3504,3504,3504,3504,3504,3504,3504,3504,41.233516693115234,40.40058517456055,39.14812469482422,38.883056640625,39.50271987915039,39.12340545654297,38.943878173828125,40.089027404785156,40.08937454223633,25,14.285715103149414,10,13.636363983154297,0,0,0,0,1.967549204826355,8589934592,1073741824,5061656576,290652160
208,1771644132378,3504,3504,3504,3504,3504,3504,3504,3504,41.11053466796875,40.25391387939453,39.08324432373047,38.79077911376953,39.43828582763672,39.12340545654297,38.943878173828125,40.089027404785156,40.08937454223633,33.333335876464844,14.285715103149414,9.523809432983398,5.263157844543457,0,0,0,0,1.967549204826355,8589934592,1073741824,5061656576,290652160
209,1771644132587,3504,3504,3504,3504,3504,3504,3504,3504,41.11053466796875,40.25391387939453,39.08324432373047,38.79077911376953,39.43828582763672,39.12340545654297,38.943878173828125,40.089027404785156,40.08937454223633,25,14.285715103149414,14.285715103149414,13.636363983154297,0,0,0,0,1.967549204826355,8589934592,1073741824,5061656576,290652160
206,1771644132797,3504,3504,3504,3504,3504,3504,3504,3504,41.11053466796875,40.25391387939453,39.08324432373047,38.79077911376953,39.43828582763672,39.12340545654297,38.943878173828125,40.089027404785156,40.08937454223633,28.571430206298828,10.526315689086914,14.285715103149414,5,4.545454502105713,0,0,0,1.8125375509262085,8589934592,1073741824,5061623808,290652160
202,1771644133004,3504,3504,3504,3504,3504,3504,3504,3504,41.11053466796875,40.25391387939453,39.08324432373047,38.79077911376953,39.43828582763672,39.12340545654297,38.943878173828125,40.089027404785156,40.08937454223633,23.809524536132813,19.047618865966797,23.809524536132813,9.523809432983398,0,0,0,0,1.8125375509262085,8589934592,1073741824,5061705728,290652160
200,1771644133207,3504,3504,3504,3504,3504,3504,3504,3504,40.99858474731445,40.23119354248047,39.09447479248047,38.76805114746094,39.35258483886719,39.07776641845703,38.850975036621094,40.03236770629883,40.03966522216797,25,20,15.789472579956055,15.000000953674316,10,5.263157844543457,9.523809432983398,0,1.8125375509262085,8589934592,1073741824,5063606272,290652160
209,1771644133408,3504,3504,3504,3504,3504,3504,3504,3504,40.99858474731445,40.23119354248047,39.09447479248047,38.76805114746094,39.35258483886719,39.07776641845703,38.850975036621094,40.03236770629883,40.03966522216797,21.052631378173828,14.285715103149414,14.285715103149414,5,0,0,0,0,1.8125375509262085,8589934592,1073741824,5063639040,290652160
204,1771644133618,3504,3504,3504,3504,3504,3504,3504,3504,40.99858474731445,40.23119354248047,39.09447479248047,38.76805114746094,39.35258483886719,39.07776641845703,38.850975036621094,40.03236770629883,40.03966522216797,22.72727394104004,19.047618865966797,14.285715103149414,9.523809432983398,0,0,0,0,1.8125375509262085,8589934592,1073741824,5061410816,290652160
209,1771644133823,3504,3504,3504,3504,3504,3504,3504,3504,40.99858474731445,40.23119354248047,39.09447479248047,38.76805114746094,39.35258483886719,39.07776641845703,38.850975036621094,40.03236770629883,40.03966522216797,25,20,10,19.047618865966797,0,0,0,0,2.787262439727783,8589934592,1073741824,5061410816,290652160
209,1771644134033,3504,3504,3504,3504,3504,3504,3504,3504,40.99858474731445,40.23119354248047,39.09447479248047,38.76805114746094,39.35258483886719,39.07776641845703,38.850975036621094,40.03236770629883,40.03966522216797,19.047618865966797,14.285715103149414,19.047618865966797,5,0,0,0,0,2.787262439727783,8589934592,1073741824,5061476352,290652160
207,1771644134243,3504,3504,3504,3504,3504,3504,3504,3504,40.94207763671875,40.19235610961914,39.06621551513672,38.7391357421875,39.28988265991211,39.02245330810547,38.82585144042969,39.964080810546875,40.020233154296875,23.809524536132813,10,15.000000953674316,22.72727394104004,0,0,0,0,2.787262439727783,8589934592,1073741824,5061476352,290652160
208,1771644134452,3504,3504,3504,3504,3504,3504,3504,3504,40.94207763671875,40.19235610961914,39.06621551513672,38.7391357421875,39.28988265991211,39.02245330810547,38.82585144042969,39.964080810546875,40.020233154296875,10,14.285715103149414,18.18181800842285,15.000000953674316,0,0,0,0,2.787262439727783,8589934592,1073741824,5061509120,290652160
209,1771644134660,3504,3504,3504,3504,3504,3504,3504,3504,40.94207763671875,40.19235610961914,39.06621551513672,38.7391357421875,39.28988265991211,39.02245330810547,38.82585144042969,39.964080810546875,40.020233154296875,18.18181800842285,14.285715103149414,19.047618865966797,18.18181800842285,0,0,0,0,2.787262439727783,8589934592,1073741824,5061656576,290652160
209,1771644134870,3504,3504,3504,3504,3504,3504,3504,3504,40.94207763671875,40.19235610961914,39.06621551513672,38.7391357421875,39.28988265991211,39.02245330810547,38.82585144042969,39.964080810546875,40.020233154296875,14.285715103149414,10,20,15.000000953674316,0,0,0,0,2.881096839904785,8589934592,1073741824,5061656576,290652160
203,1771644135080,3504,3504,3504,3504,3504,3504,3504,3504,40.94207763671875,40.19235610961914,39.06621551513672,38.7391357421875,39.28988265991211,39.02245330810547,38.82585144042969,39.964080810546875,40.020233154296875,15.000000953674316,18.18181800842285,19.047618865966797,19.047618865966797,0,0,0,0,2.881096839904785,8589934592,1073741824,5061672960,290652160
202,1771644135284,3504,3504,3504,3504,3504,3504,3504,3504,40.75749969482422,40.153568267822266,38.972618103027344,38.633338928222656,39.14645767211914,38.945526123046875,38.770851135253906,39.85074996948242,39.90495300292969,15.000000953674316,5,19.047618865966797,9.523809432983398,9.523809432983398,4.761904716491699,0,0,2.881096839904785,8589934592,1073741824,5061672960,290652160
209,1771644135487,3504,3504,3504,3504,3504,3504,3504,3504,40.75749969482422,40.153568267822266,38.972618103027344,38.633338928222656,39.14645767211914,38.945526123046875,38.770851135253906,39.85074996948242,39.90495300292969,15.000000953674316,25,10,5,0,0,0,0,2.881096839904785,8589934592,1073741824,5061672960,290652160
209,1771644135697,3504,3504,3504,3504,3504,3504,3504,3504,40.75749969482422,40.153568267822266,38.972618103027344,38.633338928222656,39.14645767211914,38.945526123046875,38.770851135253906,39.85074996948242,39.90495300292969,27.272727966308594,14.285715103149414,20,9.523809432983398,0,0,0,0,2.4075233936309814,8589934592,1073741824,5061672960,290652160
208,1771644135907,3504,3504,3504,3504,3504,3504,3504,3504,40.75749969482422,40.153568267822266,38.972618103027344,38.633338928222656,39.14645767211914,38.945526123046875,38.770851135253906,39.85074996948242,39.90495300292969,15.000000953674316,14.285715103149414,19.047618865966797,5,0,0,0,0,2.4075233936309814,8589934592,1073741824,5061689344,290652160
205,1771644136116,3504,3504,3504,3504,3504,3504,3504,3504,40.75749969482422,40.153568267822266,38.972618103027344,38.633338928222656,39.14645767211914,38.945526123046875,38.770851135253906,39.85074996948242,39.90495300292969,28.571430206298828,9.523809432983398,13.636363983154297,9.523809432983398,0,0,0,0,2.4075233936309814,8589934592,1073741824,5061672960,290652160
209,1771644136322,3504,3504,3504,3504,3504,3504,3504,3504,40.670692443847656,40.110435485839844,38.88215637207031,38.597007751464844,39.1266975402832,38.857444763183594,38.743736267089844,39.810123443603516,39.855098724365234,28.571430206298828,15.000000953674316,5.263157844543457,5,0,0,0,0,2.4075233936309814,8589934592,1073741824,5061640192,290652160
204,1771644136532,3504,3504,3504,3504,3504,3504,3504,3504,40.670692443847656,40.110435485839844,38.88215637207031,38.597007751464844,39.1266975402832,38.857444763183594,38.743736267089844,39.810123443603516,39.855098724365234,40,28.571430206298828,19.047618865966797,14.285715103149414,30.000001907348633,0,0,0,2.4075233936309814,8589934592,1073741824,5061935104,290652160
201,1771644136737,3504,3504,3504,3504,3504,3504,3504,3504,40.670692443847656,40.110435485839844,38.88215637207031,38.597007751464844,39.1266975402832,38.857444763183594,38.743736267089844,39.810123443603516,39.855098724365234,25,14.285715103149414,9.523809432983398,9.523809432983398,0,0,0,0,1.8365378379821777,8589934592,1073741824,5062033408,290652160
209,1771644136939,3504,3504,3504,3504,3504,3504,3504,3504,40.670692443847656,40.110435485839844,38.88215637207031,38.597007751464844,39.1266975402832,38.857444763183594,38.743736267089844,39.810123443603516,39.855098724365234,25,10.526315689086914,10,5.263157844543457,0,0,0,0,1.8365378379821777,8589934592,1073741824,5062017024,290652160
204,1771644137149,3504,3504,3504,3504,3504,3504,3504,3504,40.670692443847656,40.110435485839844,38.88215637207031,38.597007751464844,39.1266975402832,38.857444763183594,38.743736267089844,39.810123443603516,39.855098724365234,27.272727966308594,18.18181800842285,10,13.636363983154297,0,0,0,0,1.8365378379821777,8589934592,1073741824,5062049792,290652160
207,1771644137354,3504,3504,3504,3504,3504,3504,3504,3504,40.74652862548828,40.29520797729492,39.035682678222656,38.672882080078125,39.19688034057617,38.855751037597656,38.746063232421875,39.82469177246094,39.864906311035156,15.000000953674316,21.052631378173828,13.636363983154297,5,0,0,0,0,1.8365378379821777,8589934592,1073741824,5062049792,290652160
209,1771644137563,3504,3504,3504,3504,3504,3504,3504,3504,40.74652862548828,40.29520797729492,39.035682678222656,38.672882080078125,39.19688034057617,38.855751037597656,38.746063232421875,39.82469177246094,39.864906311035156,14.285715103149414,22.72727394104004,19.047618865966797,9.523809432983398,0,0,0,0,1.8365378379821777,8589934592,1073741824,5062066176,290652160
209,1771644137772,3504,3504,3504,3504,3504,3504,3504,3504,40.74652862548828,40.29520797729492,39.035682678222656,38.672882080078125,39.19688034057617,38.855751037597656,38.746063232421875,39.82469177246094,39.864906311035156,15.000000953674316,19.047618865966797,20,9.523809432983398,0,0,0,0,2.253913164138794,8589934592,1073741824,5062115328,290652160
204,1771644137982,3504,3504,3504,3504,3504,3504,3504,3504,40.74652862548828,40.29520797729492,39.035682678222656,38.672882080078125,39.19688034057617,38.855751037597656,38.746063232421875,39.82469177246094,39.864906311035156,18.18181800842285,15.000000953674316,18.18181800842285,5,0,0,0,0,2.253913164138794,8589934592,1073741824,5062033408,290652160
201,1771644138187,3504,3504,3504,3504,3504,3504,3504,3504,40.49728775024414,39.98704147338867,38.69257354736328,38.443382263183594,39.04856872558594,38.732627868652344,38.675811767578125,39.71879959106445,39.762290954589844,30.000001907348633,14.285715103149414,15.000000953674316,13.636363983154297,0,0,0,0,2.253913164138794,8589934592,1073741824,5061967872,290652160
207,1771644138389,3504,3504,3504,3504,3504,3504,3504,3504,40.49728775024414,39.98704147338867,38.69257354736328,38.443382263183594,39.04856872558594,38.732627868652344,38.675811767578125,39.71879959106445,39.762290954589844,25,15.000000953674316,10.526315689086914,5.263157844543457,0,0,0,0,2.253913164138794,8589934592,1073741824,5061967872,290652160
206,1771644138597,3504,3504,3504,3504,3504,3504,3504,3504,40.49728775024414,39.98704147338867,38.69257354736328,38.443382263183594,39.04856872558594,38.732627868652344,38.675811767578125,39.71879959106445,39.762290954589844,10,19.047618865966797,9.523809432983398,19.047618865966797,0,0,0,0,2.253913164138794,8589934592,1073741824,5061967872,290652160
203,1771644138804,3504,3504,3504,3504,3504,3504,3504,3504,40.49728775024414,39.98704147338867,38.69257354736328,38.443382263183594,39.04856872558594,38.732627868652344,38.675811767578125,39.71879959106445,39.762290954589844,19.047618865966797,15.789472579956055,10,20,0,0,0,0,2.752915143966675,8589934592,1073741824,5061967872,290652160
201,1771644139008,3504,3504,3504,3504,3504,3504,3504,3504,40.49728775024414,39.98704147338867,38.69257354736328,38.443382263183594,39.04856872558594,38.732627868652344,38.675811767578125,39.71879959106445,39.762290954589844,19.047618865966797,14.285715103149414,14.285715103149414,33.333335876464844,0,0,0,0,2.752915143966675,8589934592,1073741824,5062098944,290652160
202,1771644139210,3504,3504,3504,3504,3504,3504,3504,3504,40.42640686035156,39.95003128051758,38.63709259033203,38.327003479003906,38.95432662963867,38.642066955566406,38.61750030517578,39.650306701660156,39.69669723510742,21.052631378173828,20,10,15.789472579956055,0,0,0,0,2.752915143966675,8589934592,1073741824,5062180864,290652160
206,1771644139413,3504,3504,3504,3504,3504,3504,3504,3504,40.42640686035156,39.95003128051758,38.63709259033203,38.327003479003906,38.95432662963867,38.642066955566406,38.61750030517578,39.650306701660156,39.69669723510742,25,15.000000953674316,10,13.636363983154297,0,0,0,0,2.752915143966675,8589934592,1073741824,5062180864,290652160
207,1771644139620,3504,3504,3504,3504,3504,3504,3504,3504,40.42640686035156,39.95003128051758,38.63709259033203,38.327003479003906,38.95432662963867,38.642066955566406,38.61750030517578,39.650306701660156,39.69669723510742,28.571430206298828,14.285715103149414,14.285715103149414,0,0,0,0,0,2.752915143966675,8589934592,1073741824,5062180864,290652160
206,1771644139828,3504,3504,3504,3504,3504,3504,3504,3504,40.42640686035156,39.95003128051758,38.63709259033203,38.327003479003906,38.95432662963867,38.642066955566406,38.61750030517578,39.650306701660156,39.69669723510742,33.333335876464844,14.285715103149414,10,13.636363983154297,0,0,0,0,2.217580556869507,8589934592,1073741824,5062180864,290652160
207,1771644140035,3504,3504,3504,3504,3504,3504,3504,3504,40.42640686035156,39.95003128051758,38.63709259033203,38.327003479003906,38.95432662963867,38.642066955566406,38.61750030517578,39.650306701660156,39.69669723510742,25,15.000000953674316,14.285715103149414,5,0,0,0,0,2.217580556869507,8589934592,1073741824,5062049792,290652160
209,1771644140243,3504,3504,3504,3504,3504,3504,3504,3504,40.3889045715332,39.88490676879883,38.61615753173828,38.26173400878906,38.87520980834961,38.582366943359375,38.547210693359375,39.603851318359375,39.64453887939453,28.571430206298828,14.285715103149414,9.523809432983398,13.636363983154297,9.090909004211426,9.090909004211426,4.761904716491699,4.761904716491699,2.217580556869507,8589934592,1073741824,5062066176,290652160
207,1771644140453,3504,3504,3504,3504,3504,3504,3504,3504,40.3889045715332,39.88490676879883,38.61615753173828,38.26173400878906,38.87520980834961,38.582366943359375,38.547210693359375,39.603851318359375,39.64453887939453,20,9.523809432983398,5,5,0,0,0,0,2.217580556869507,8589934592,1073741824,5062066176,290652160
202,1771644140661,3504,3504,3504,3504,3504,3504,3504,3504,40.3889045715332,39.88490676879883,38.61615753173828,38.26173400878906,38.87520980834961,38.582366943359375,38.547210693359375,39.603851318359375,39.64453887939453,23.809524536132813,15.000000953674316,14.285715103149414,9.523809432983398,0,0,0,0,2.217580556869507,8589934592,1073741824,5062098944,290652160
205,1771644140864,3504,3504,3504,3504,3504,3504,3504,3504,40.3889045715332,39.88490676879883,38.61615753173828,38.26173400878906,38.87520980834961,38.582366943359375,38.547210693359375,39.603851318359375,39.64453887939453,28.571430206298828,19.047618865966797,15.000000953674316,10,0,0,0,0,2.027339220046997,8589934592,1073741824,5062082560,290652160
208,1771644141070,3504,3504,3504,3504,3504,3504,3504,3504,40.3889045715332,39.88490676879883,38.61615753173828,38.26173400878906,38.87520980834961,38.582366943359375,38.547210693359375,39.603851318359375,39.64453887939453,25,15.000000953674316,13.636363983154297,9.523809432983398,0,0,0,0,2.027339220046997,8589934592,1073741824,5062082560,290652160
205,1771644141279,3504,3504,3504,3504,3504,3504,3504,3504,40.43592071533203,39.87837219238281,38.62388610839844,38.269981384277344,38.87957763671875,38.56840515136719,38.53752899169922,39.589637756347656,39.62036895751953,28.571430206298828,19.047618865966797,5.263157844543457,5,0,0,0,0,2.027339220046997,8589934592,1073741824,5062082560,290652160
203,1771644141485,3504,3504,3504,3504,3504,3504,3504,3504,40.43592071533203,39.87837219238281,38.62388610839844,38.269981384277344,38.87957763671875,38.56840515136719,38.53752899169922,39.589637756347656,39.62036895751953,25,15.000000953674316,13.636363983154297,19.047618865966797,0,0,0,0,2.027339220046997,8589934592,1073741824,5062000640,290652160
204,1771644141689,3504,3504,3504,3504,3504,3504,3504,3504,40.43592071533203,39.87837219238281,38.62388610839844,38.269981384277344,38.87957763671875,38.56840515136719,38.53752899169922,39.589637756347656,39.62036895751953,20,15.000000953674316,14.285715103149414,15.000000953674316,0,0,0,0,1.992064118385315,8589934592,1073741824,5062000640,290652160
207,1771644141894,3504,3504,3504,3504,3504,3504,3504,3504,40.43592071533203,39.87837219238281,38.62388610839844,38.269981384277344,38.87957763671875,38.56840515136719,38.53752899169922,39.589637756347656,39.62036895751953,14.285715103149414,15.000000953674316,5.263157844543457,15.000000953674316,0,0,0,0,1.992064118385315,8589934592,1073741824,5061738496,290652160
209,1771644142102,3504,3504,3504,3504,3504,3504,3504,3504,40.43592071533203,39.87837219238281,38.62388610839844,38.269981384277344,38.87957763671875,38.56840515136719,38.53752899169922,39.589637756347656,39.62036895751953,28.571430206298828,22.72727394104004,14.285715103149414,14.285715103149414,0,0,0,0,1.992064118385315,8589934592,1073741824,5061705728,290652160
204,1771644142312,3504,3504,3504,3504,3504,3504,3504,3504,40.26675033569336,39.79739761352539,38.52604675292969,38.15357971191406,38.799015045166016,38.491371154785156,38.42985534667969,39.4849967956543,39.508705139160156,28.571430206298828,23.809524536132813,14.285715103149414,14.285715103149414,5,4.761904716491699,5,0,1.992064118385315,8589934592,1073741824,5064179712,290652160
208,1771644142516,3504,3504,3504,3504,3504,3504,3504,3504,40.26675033569336,39.79739761352539,38.52604675292969,38.15357971191406,38.799015045166016,38.491371154785156,38.42985534667969,39.4849967956543,39.508705139160156,20,25,15.000000953674316,9.523809432983398,0,0,0,0,1.992064118385315,8589934592,1073741824,5064212480,290652160
202,1771644142725,3504,3504,3504,3504,3504,3504,3504,3504,40.26675033569336,39.79739761352539,38.52604675292969,38.15357971191406,38.799015045166016,38.491371154785156,38.42985534667969,39.4849967956543,39.508705139160156,23.809524536132813,14.285715103149414,14.285715103149414,0,4.761904716491699,0,0,0,2.2051031589508057,8589934592,1073741824,5064441856,290652160
210,1771644142927,3504,3504,3504,3504,3504,3504,3504,3504,40.26675033569336,39.79739761352539,38.52604675292969,38.15357971191406,38.799015045166016,38.491371154785156,38.42985534667969,39.4849967956543,39.508705139160156,36.842105865478516,26.3157901763916,25,30.000001907348633,19.047618865966797,15.000000953674316,10,14.285715103149414,2.2051031589508057,8589934592,1073741824,5064523776,290652160
209,1771644143138,3504,3504,3504,3504,3504,3504,3504,3504,40.26675033569336,39.79739761352539,38.52604675292969,38.15357971191406,38.799015045166016,38.491371154785156,38.42985534667969,39.4849967956543,39.508705139160156,13.636363983154297,13.636363983154297,4.761904716491699,22.72727394104004,0,4.545454502105713,4.545454502105713,0,2.2051031589508057,8589934592,1073741824,5064622080,290652160
205,1771644143348,3504,3504,3504,3504,3504,3504,3504,3504,40.77265548706055,40.17665481567383,38.888877868652344,38.54228210449219,39.018470764160156,38.788780212402344,38.74304962158203,39.8400764465332,39.88691329956055,15.000000953674316,10,9.523809432983398,19.047618865966797,0,0,0,0,2.2051031589508057,8589934592,1073741824,5064622080,290652160
206,1771644143554,3504,3504,3504,3504,3504,3504,3504,3504,40.77265548706055,40.17665481567383,38.888877868652344,38.54228210449219,39.018470764160156,38.788780212402344,38.74304962158203,39.8400764465332,39.88691329956055,18.18181800842285,13.636363983154297,10,28.571430206298828,0,0,0,0,2.2051031589508057,8589934592,1073741824,5064638464,290652160
209,1771644143760,3504,3504,3504,3504,3504,3504,3504,3504,40.77265548706055,40.17665481567383,38.888877868652344,38.54228210449219,39.018470764160156,38.788780212402344,38.74304962158203,39.8400764465332,39.88691329956055,11.111111640930176,10.526315689086914,14.285715103149414,10,4.761904716491699,0,0,0,1.980135440826416,8589934592,1073741824,5064654848,290652160
205,1771644143970,3504,3504,3504,3504,3504,3504,3504,3504,40.77265548706055,40.17665481567383,38.888877868652344,38.54228210449219,39.018470764160156,38.788780212402344,38.74304962158203,39.8400764465332,39.88691329956055,27.272727966308594,10,14.285715103149414,9.523809432983398,0,0,0,0,1.980135440826416,8589934592,1073741824,5064654848,290652160
201,1771644144177,3504,3504,3504,3504,3504,3504,3504,3504,40.77265548706055,39.8418083190918,38.581573486328125,38.350563049316406,38.819305419921875,38.523109436035156,38.476463317871094,39.54119110107422,39.544857025146484,23.809524536132813,22.72727394104004,14.285715103149414,10,0,0,0,0,1.980135440826416,8589934592,1073741824,5064556544,290652160
206,1771644144379,3504,3504,3504,3504,3504,3504,3504,3504,40.33864212036133,39.8418083190918,38.581573486328125,38.350563049316406,38.819305419921875,38.523109436035156,38.476463317871094,39.54119110107422,39.544857025146484,25,15.000000953674316,15.789472579956055,14.285715103149414,0,0,0,0,1.980135440826416,8589934592,1073741824,5064556544,290652160
201,1771644144586,3504,3504,3504,3504,3504,3504,3504,3504,40.33864212036133,39.8418083190918,38.581573486328125,38.350563049316406,38.819305419921875,38.523109436035156,38.476463317871094,39.54119110107422,39.544857025146484,14.285715103149414,19.047618865966797,23.809524536132813,5,0,0,0,0,1.980135440826416,8589934592,1073741824,5064572928,290652160
209,1771644144787,3504,3504,3504,3504,3504,3504,3504,3504,40.33864212036133,39.8418083190918,38.581573486328125,38.350563049316406,38.819305419921875,38.523109436035156,38.476463317871094,39.54119110107422,39.544857025146484,15.789472579956055,15.789472579956055,15.000000953674316,9.523809432983398,0,0,0,0,3.021418333053589,8589934592,1073741824,5064589312,290652160
209,1771644144997,3504,3504,3504,3504,3504,3504,3504,3504,40.33864212036133,39.8418083190918,38.581573486328125,38.350563049316406,38.819305419921875,38.523109436035156,38.476463317871094,39.54119110107422,39.544857025146484,22.72727394104004,19.047618865966797,14.285715103149414,10,0,0,0,0,3.021418333053589,8589934592,1073741824,5064589312,290652160
200,1771644145207,3504,3504,3504,3504,3504,3504,3504,3504,40.17184066772461,39.71892166137695,38.41777801513672,38.409461975097656,38.713775634765625,38.32432556152344,38.333900451660156,39.390403747558594,39.42743682861328,15.000000953674316,23.809524536132813,14.285715103149414,14.285715103149414,0,0,0,0,3.021418333053589,8589934592,1073741824,5064409088,290652160
203,1771644145408,3504,3504,3504,3504,3504,3504,3504,3504,40.17184066772461,39.71892166137695,38.41777801513672,38.409461975097656,38.713775634765625,38.32432556152344,38.333900451660156,39.390403747558594,39.42743682861328,15.000000953674316,15.000000953674316,10.526315689086914,15.000000953674316,5.263157844543457,0,0,0,3.021418333053589,8589934592,1073741824,5064474624,290652160
208,1771644145612,3504,3504,3504,3504,3504,3504,3504,3504,40.17184066772461,39.71892166137695,38.41777801513672,38.409461975097656,38.713775634765625,38.32432556152344,38.333900451660156,39.390403747558594,39.42743682861328,25,15.000000953674316,14.285715103149414,10,0,0,0,0,3.021418333053589,8589934592,1073741824,5064507392,290652160
208,1771644145820,3504,3504,3504,3504,3504,3504,3504,3504,40.17184066772461,39.71892166137695,38.41777801513672,38.409461975097656,38.713775634765625,38.32432556152344,38.333900451660156,39.390403747558594,39.42743682861328,23.809524536132813,15.000000953674316,14.285715103149414,13.636363983154297,0,0,0,0,2.003488302230835,8589934592,1073741824,5064589312,290652160
209,1771644146029,3504,3504,3504,3504,3504,3504,3504,3504,40.17184066772461,39.71892166137695,38.41777801513672,38.409461975097656,38.713775634765625,38.32432556152344,38.333900451660156,39.390403747558594,39.42743682861328,23.809524536132813,22.72727394104004,14.285715103149414,5,0,0,0,0,2.003488302230835,8589934592,1073741824,5064507392,290652160
201,1771644146239,3504,3504,3504,3504,3504,3504,3504,3504,40.101139068603516,39.656524658203125,38.34990692138672,38.334999084472656,38.655338287353516,38.28760528564453,38.269805908203125,39.306800842285156,39.37858581542969,19.047618865966797,15.000000953674316,19.047618865966797,9.523809432983398,0,4.545454502105713,0,0,2.003488302230835,8589934592,1073741824,5064491008,290652160
209,1771644146441,3504,3504,3504,3504,3504,3504,3504,3504,40.101139068603516,39.656524658203125,38.34990692138672,38.334999084472656,38.655338287353516,38.28760528564453,38.269805908203125,39.306800842285156,39.37858581542969,25,19.047618865966797,15.000000953674316,20,14.285715103149414,5.263157844543457,4.761904716491699,9.523809432983398,2.003488302230835,8589934592,1073741824,5065179136,290652160
208,1771644146652,3504,3504,3504,3504,3504,3504,3504,3504,40.101139068603516,39.656524658203125,38.34990692138672,38.334999084472656,38.655338287353516,38.28760528564453,38.269805908203125,39.306800842285156,39.37858581542969,20,14.285715103149414,14.285715103149414,9.523809432983398,28.571430206298828,0,0,0,2.003488302230835,8589934592,1073741824,5065064448,290652160
207,1771644146860,3504,3504,3504,3504,3504,3504,3504,3504,40.101139068603516,39.656524658203125,38.34990692138672,38.334999084472656,38.655338287353516,38.28760528564453,38.269805908203125,39.306800842285156,39.37858581542969,19.047618865966797,10,20,14.285715103149414,0,0,0,0,2.456639289855957,8589934592,1073741824,5065064448,290652160
201,1771644147068,3504,3504,3504,3504,3504,3504,3504,3504,40.101139068603516,39.656524658203125,38.34990692138672,38.334999084472656,38.655338287353516,38.28760528564453,38.269805908203125,39.306800842285156,39.37858581542969,14.285715103149414,14.285715103149414,19.047618865966797,14.285715103149414,0,0,0,0,2.456639289855957,8589934592,1073741824,5065064448,290652160
205,1771644147270,3504,3504,3504,3504,3504,3504,3504,3504,40.31076431274414,39.97107696533203,38.622520446777344,38.55656433105469,38.78086853027344,38.39649963378906,38.370849609375,39.42913818359375,39.49934387207031,20,14.285715103149414,15.000000953674316,20,0,0,0,0,2.456639289855957,8589934592,1073741824,5065064448,290652160
208,1771644147477,3504,3504,3504,3504,3504,3504,3504,3504,40.31076431274414,39.97107696533203,38.622520446777344,38.55656433105469,38.78086853027344,38.39649963378906,38.370849609375,39.42913818359375,39.49934387207031,14.285715103149414,14.285715103149414,20,15.000000953674316,0,0,0,0,2.456639289855957,8589934592,1073741824,5065064448,290652160
201,1771644147685,3504,3504,3504,3504,3504,3504,3504,3504,40.31076431274414,39.97107696533203,38.622520446777344,38.55656433105469,38.78086853027344,38.39649963378906,38.370849609375,39.42913818359375,39.49934387207031,15.000000953674316,10,19.047618865966797,18.18181800842285,0,0,0,0,1.9786417484283447,8589934592,1073741824,5065474048,290652160
200,1771644147886,3504,3504,3504,3504,3504,3504,3504,3504,40.31076431274414,39.97107696533203,38.622520446777344,38.55656433105469,38.78086853027344,38.39649963378906,38.370849609375,39.42913818359375,39.49934387207031,15.000000953674316,15.789472579956055,14.285715103149414,26.3157901763916,0,0,0,0,1.9786417484283447,8589934592,1073741824,5065490432,290652160
206,1771644148087,3504,3504,3504,3504,3504,3504,3504,3504,40.31076431274414,39.97107696533203,38.622520446777344,38.55656433105469,38.78086853027344,38.39649963378906,38.370849609375,39.42913818359375,39.49934387207031,15.000000953674316,10,10,25,0,0,0,0,1.9786417484283447,8589934592,1073741824,5065375744,290652160
209,1771644148294,3504,3504,3504,3504,3504,3504,3504,3504,39.970497131347656,39.60679626464844,38.255401611328125,38.24085998535156,38.66713333129883,38.22503662109375,38.184043884277344,39.24307632446289,39.27379608154297,28.571430206298828,28.571430206298828,15.000000953674316,23.809524536132813,0,4.761904716491699,0,4.545454502105713,1.9786417484283447,8589934592,1073741824,5066653696,290652160
204,1771644148504,3504,3504,3504,3504,3504,3504,3504,3504,39.970497131347656,39.60679626464844,38.255401611328125,38.24085998535156,38.66713333129883,38.22503662109375,38.184043884277344,39.24307632446289,39.27379608154297,15.000000953674316,14.285715103149414,9.523809432983398,14.285715103149414,0,4.545454502105713,0,0,1.9786417484283447,8589934592,1073741824,5066670080,290652160
205,1771644148708,3504,3504,3504,3504,3504,3504,3504,3504,39.970497131347656,39.60679626464844,38.255401611328125,38.24085998535156,38.66713333129883,38.22503662109375,38.184043884277344,39.24307632446289,39.27379608154297,27.272727966308594,15.000000953674316,10,15.000000953674316,0,0,0,0,2.5869433879852295,8589934592,1073741824,5066702848,290652160
205,1771644148914,3504,3504,3504,3504,3504,3504,3504,3504,39.970497131347656,39.60679626464844,38.255401611328125,38.24085998535156,38.66713333129883,38.22503662109375,38.184043884277344,39.24307632446289,39.27379608154297,10.526315689086914,23.809524536132813,14.285715103149414,14.285715103149414,0,0,0,0,2.5869433879852295,8589934592,1073741824,5066735616,290652160
209,1771644149120,3504,3504,3504,3504,3504,3504,3504,3504,39.970497131347656,39.60679626464844,38.255401611328125,38.24085998535156,38.66713333129883,38.22503662109375,38.184043884277344,39.24307632446289,39.27379608154297,23.809524536132813,19.047618865966797,9.523809432983398,5,0,0,0,0,2.5869433879852295,8589934592,1073741824,5066735616,290652160
204,1771644149331,3504,3504,3504,3504,3504,3504,3504,3504,39.938777923583984,39.61421585083008,38.23419952392578,38.11005401611328,38.58451461791992,38.16340637207031,38.149200439453125,39.192264556884766,39.22452926635742,23.809524536132813,15.000000953674316,5,9.523809432983398,0,0,0,0,2.5869433879852295,8589934592,1073741824,5066768384,290652160
201,1771644149535,3504,3504,3504,3504,3504,3504,3504,3504,39.938777923583984,39.61421585083008,38.23419952392578,38.11005401611328,38.58451461791992,38.16340637207031,38.149200439453125,39.192264556884766,39.22452926635742,30.000001907348633,20,20,10,0,0,0,0,2.5869433879852295,8589934592,1073741824,5066817536,290652160
9,1771644149737,3504,3504,3504,3504,3504,3504,3504,3504,39.938777923583984,39.61421585083008,38.23419952392578,38.11005401611328,38.58451461791992,38.16340637207031,38.149200439453125,39.192264556884766,39.22452926635742,28.571430206298828,15.000000953674316,9.523809432983398,9.523809432983398,0,0,0,0,1.8967989683151245,8589934592,1073741824,5066866688,290652160
