Delta,Time,CPU_FREQUENCY_0,CPU_FREQUENCY_1,CPU_FREQUENCY_2,CPU_FREQUENCY_3,CPU_FREQUENCY_4,CPU_FREQUENCY_5,CPU_FREQUENCY_6,CPU_FREQUENCY_7,CPU_TEMP_0,CPU_TEMP_1,CPU_TEMP_2,CPU_TEMP_3,CPU_TEMP_4,CPU_TEMP_5,CPU_TEMP_6,CPU_TEMP_7,CPU_TEMP_8,CPU_USAGE_0,CPU_USAGE_1,CPU_USAGE_2,CPU_USAGE_3,CPU_USAGE_4,CPU_USAGE_5,CPU_USAGE_6,CPU_USAGE_7,SYSTEM_POWER (Watts),TOTAL_MEMORY,TOTAL_SWAP,USED_MEMORY,USED_SWAP
0,1771647569664,3504,3504,3504,3504,3504,3504,3504,3504,50.93252944946289,50.22938919067383,49.38966369628906,49.160247802734375,49.51344680786133,49.208953857421875,48.93778991699219,50.1927490234375,50.29749298095703,0,NaN,50,50,50,50,0,0,2.7065370082855225,8589934592,1073741824,5375639552,290652160
209,1771647569664,3504,3504,3504,3504,3504,3504,3504,3504,50.93252944946289,50.22938919067383,49.38966369628906,49.160247802734375,49.51344680786133,49.208953857421875,48.93778991699219,50.1927490234375,50.29749298095703,0,0,50,50,NaN,100,0,50,2.7065370082855225,8589934592,1073741824,5376589824,290652160
206,1771647569875,3504,3504,3504,3504,3504,3504,3504,3504,50.93252944946289,50.22938919067383,49.38966369628906,49.160247802734375,49.51344680786133,49.208953857421875,48.93778991699219,50.1927490234375,50.29749298095703,23.809524536132813,18.18181800842285,15.000000953674316,10,13.636363983154297,5,9.090909004211426,0,2.7065370082855225,8589934592,1073741824,5373280256,290652160
204,1771647570082,3504,3504,3504,3504,3504,3504,3504,3504,50.93252944946289,50.22938919067383,49.38966369628906,49.160247802734375,49.51344680786133,49.208953857421875,48.93778991699219,50.1927490234375,50.29749298095703,30.000001907348633,15.789472579956055,19.047618865966797,9.523809432983398,15.000000953674316,22.72727394104004,4.761904716491699,4.761904716491699,2.7065370082855225,8589934592,1073741824,5373280256,290652160
209,1771647570287,3504,3504,3504,3504,3504,3504,3504,3504,51.0129280090332,50.34860610961914,49.210670471191406,49.024574279785156,48.73236846923828,48.574623107910156,48.30315399169922,49.543975830078125,49.75482940673828,19.047618865966797,9.523809432983398,4.761904716491699,0,19.047618865966797,10,0,0,2.7065370082855225,8589934592,1073741824,5397200896,290652160
206,1771647570497,3504,3504,3504,3504,3504,3504,3504,3504,51.0129280090332,50.34860610961914,49.210670471191406,49.024574279785156,48.73236846923828,48.574623107910156,48.30315399169922,49.543975830078125,49.75482940673828,14.285715103149414,19.047618865966797,5,4.761904716491699,0,0,0,0,2.7065370082855225,8589934592,1073741824,5397135360,290652160
209,1771647570704,3504,3504,3504,3504,3504,3504,3504,3504,51.0129280090332,50.34860610961914,49.210670471191406,49.024574279785156,48.73236846923828,48.574623107910156,48.30315399169922,49.543975830078125,49.75482940673828,25,15.000000953674316,9.523809432983398,9.523809432983398,0,0,0,0,2.348196268081665,8589934592,1073741824,5392203776,290652160
209,1771647570915,3504,3504,3504,3504,3504,3504,3504,3504,51.0129280090332,50.34860610961914,49.210670471191406,49.024574279785156,48.73236846923828,48.574623107910156,48.30315399169922,49.543975830078125,49.75482940673828,25,14.285715103149414,10,9.523809432983398,0,0,0,0,2.348196268081665,8589934592,1073741824,5388795904,290652160
209,1771647571124,3504,3504,3504,3504,3504,3504,3504,3504,51.0129280090332,50.34860610961914,49.210670471191406,49.024574279785156,48.73236846923828,48.574623107910156,48.30315399169922,49.543975830078125,49.75482940673828,31.81818199157715,18.18181800842285,9.523809432983398,5,0,0,0,0,2.348196268081665,8589934592,1073741824,5388845056,290652160
209,1771647571335,3504,3504,3504,3504,3504,3504,3504,3504,48.717247009277344,48.266456604003906,47.06782531738281,46.86821746826172,47.16973114013672,47.05891418457031,46.65876007080078,47.83485794067383,47.999603271484375,23.809524536132813,20,18.18181800842285,14.285715103149414,0,0,0,0,2.348196268081665,8589934592,1073741824,5385388032,290652160
208,1771647571545,3504,3504,3504,3504,3504,3504,3504,3504,48.717247009277344,48.266456604003906,47.06782531738281,46.86821746826172,47.16973114013672,47.05891418457031,46.65876007080078,47.83485794067383,47.999603271484375,10,23.809524536132813,15.000000953674316,4.761904716491699,0,0,0,0,2.348196268081665,8589934592,1073741824,5383569408,290652160
205,1771647571754,3504,3504,3504,3504,3504,3504,3504,3504,48.717247009277344,48.266456604003906,47.06782531738281,46.86821746826172,47.16973114013672,47.05891418457031,46.65876007080078,47.83485794067383,47.999603271484375,19.047618865966797,19.047618865966797,14.285715103149414,22.72727394104004,0,0,0,0,3.50065279006958,8589934592,1073741824,5363335168,290652160
205,1771647571960,3504,3504,3504,3504,3504,3504,3504,3504,48.717247009277344,48.266456604003906,47.06782531738281,46.86821746826172,47.16973114013672,47.05891418457031,46.65876007080078,47.83485794067383,47.999603271484375,20,20,10,10.526315689086914,0,0,0,0,3.50065279006958,8589934592,1073741824,5365088256,290652160
209,1771647572166,3504,3504,3504,3504,3504,3504,3504,3504,47.309654235839844,47.093013763427734,45.74015808105469,45.5234375,45.99101638793945,46.157188415527344,45.52268981933594,46.635311126708984,46.732154846191406,19.047618865966797,20,13.636363983154297,9.523809432983398,0,0,0,0,3.50065279006958,8589934592,1073741824,5364826112,290652160
208,1771647572376,3504,3504,3504,3504,3504,3504,3504,3504,47.309654235839844,47.093013763427734,45.74015808105469,45.5234375,45.99101638793945,46.157188415527344,45.52268981933594,46.635311126708984,46.732154846191406,33.333335876464844,18.18181800842285,5.263157844543457,9.523809432983398,0,0,0,0,3.50065279006958,8589934592,1073741824,5364826112,290652160
207,1771647572585,3504,3504,3504,3504,3504,3504,3504,3504,47.309654235839844,47.093013763427734,45.74015808105469,45.5234375,45.99101638793945,46.157188415527344,45.52268981933594,46.635311126708984,46.732154846191406,28.571430206298828,9.523809432983398,9.523809432983398,4.761904716491699,0,0,0,0,3.50065279006958,8589934592,1073741824,5364842496,290652160
200,1771647572793,3504,3504,3504,3504,3504,3504,3504,3504,47.309654235839844,47.093013763427734,45.74015808105469,45.5234375,45.99101638793945,46.157188415527344,45.52268981933594,46.635311126708984,46.732154846191406,28.571430206298828,15.000000953674316,13.636363983154297,10,0,0,0,0,3.133121967315674,8589934592,1073741824,5365039104,290652160
209,1771647572994,3504,3504,3504,3504,3504,3504,3504,3504,47.309654235839844,47.093013763427734,45.74015808105469,45.5234375,45.99101638793945,46.157188415527344,45.52268981933594,46.635311126708984,46.732154846191406,35,19.047618865966797,15.000000953674316,14.285715103149414,0,0,0,0,3.133121967315674,8589934592,1073741824,5365284864,290652160
209,1771647573204,3504,3504,3504,3504,3504,3504,3504,3504,46.36723327636719,46.14857482910156,44.979156494140625,44.716033935546875,45.15604782104492,45.48395538330078,44.735862731933594,45.92924880981445,45.918312072753906,23.809524536132813,15.000000953674316,5,4.761904716491699,0,0,0,0,3.133121967315674,8589934592,1073741824,5365301248,290652160
200,1771647573414,3504,3504,3504,3504,3504,3504,3504,3504,46.36723327636719,46.14857482910156,44.979156494140625,44.716033935546875,45.15604782104492,45.48395538330078,44.735862731933594,45.92924880981445,45.918312072753906,20,23.809524536132813,14.285715103149414,14.285715103149414,0,0,0,0,3.133121967315674,8589934592,1073741824,5365465088,290652160
205,1771647573614,3504,3504,3504,3504,3504,3504,3504,3504,46.36723327636719,46.14857482910156,44.979156494140625,44.716033935546875,45.15604782104492,45.48395538330078,44.735862731933594,45.92924880981445,45.918312072753906,10.526315689086914,25,5.263157844543457,5,0,0,0,0,3.133121967315674,8589934592,1073741824,5365415936,290652160
208,1771647573821,3504,3504,3504,3504,3504,3504,3504,3504,46.36723327636719,46.14857482910156,44.979156494140625,44.716033935546875,45.15604782104492,45.48395538330078,44.735862731933594,45.92924880981445,45.918312072753906,18.18181800842285,26.3157901763916,13.636363983154297,9.523809432983398,0,0,0,0,1.9218716621398926,8589934592,1073741824,5365465088,290652160
209,1771647574029,3504,3504,3504,3504,3504,3504,3504,3504,46.36723327636719,46.14857482910156,44.979156494140625,44.716033935546875,45.15604782104492,45.48395538330078,44.735862731933594,45.92924880981445,45.918312072753906,15.000000953674316,30.434782028198242,10,5,0,0,0,0,1.9218716621398926,8589934592,1073741824,5365465088,290652160
201,1771647574239,3504,3504,3504,3504,3504,3504,3504,3504,45.83913803100586,45.34187316894531,44.304893493652344,43.991424560546875,44.476654052734375,44.66950225830078,44.009437561035156,45.170780181884766,45.26757049560547,14.285715103149414,23.809524536132813,9.523809432983398,9.523809432983398,0,0,0,0,1.9218716621398926,8589934592,1073741824,5365465088,290652160
209,1771647574441,3504,3504,3504,3504,3504,3504,3504,3504,45.83913803100586,45.34187316894531,44.304893493652344,43.991424560546875,44.476654052734375,44.66950225830078,44.009437561035156,45.170780181884766,45.26757049560547,25,5.263157844543457,10,15.000000953674316,0,0,0,0,1.9218716621398926,8589934592,1073741824,5365481472,290652160
209,1771647574651,3504,3504,3504,3504,3504,3504,3504,3504,45.83913803100586,45.34187316894531,44.304893493652344,43.991424560546875,44.476654052734375,44.66950225830078,44.009437561035156,45.170780181884766,45.26757049560547,19.047618865966797,14.285715103149414,9.523809432983398,19.047618865966797,0,4.545454502105713,0,0,2.2574105262756348,8589934592,1073741824,5365514240,290652160
209,1771647574861,3504,3504,3504,3504,3504,3504,3504,3504,45.83913803100586,45.34187316894531,44.304893493652344,43.991424560546875,44.476654052734375,44.66950225830078,44.009437561035156,45.170780181884766,45.26757049560547,15.000000953674316,20,18.18181800842285,9.523809432983398,9.523809432983398,4.761904716491699,4.761904716491699,4.761904716491699,2.2574105262756348,8589934592,1073741824,5366284288,290652160
209,1771647575071,3504,3504,3504,3504,3504,3504,3504,3504,45.83913803100586,45.34187316894531,44.304893493652344,43.991424560546875,44.476654052734375,44.66950225830078,44.009437561035156,45.170780181884766,45.26757049560547,18.18181800842285,22.72727394104004,15.000000953674316,14.285715103149414,0,0,0,0,2.2574105262756348,8589934592,1073741824,5366235136,290652160
205,1771647575281,3504,3504,3504,3504,3504,3504,3504,3504,45.53685760498047,44.83268737792969,43.81278991699219,43.53626251220703,44.08342361450195,43.96656036376953,43.53351593017578,44.7192497253418,44.74885940551758,14.285715103149414,19.047618865966797,14.285715103149414,10,0,0,4.761904716491699,0,2.2574105262756348,8589934592,1073741824,5366448128,290652160
209,1771647575487,3504,3504,3504,3504,3504,3504,3504,3504,45.53685760498047,44.83268737792969,43.81278991699219,43.53626251220703,44.08342361450195,43.96656036376953,43.53351593017578,44.7192497253418,44.74885940551758,15.000000953674316,20,10,18.18181800842285,0,0,0,0,2.2574105262756348,8589934592,1073741824,5366513664,290652160
206,1771647575697,3504,3504,3504,3504,3504,3504,3504,3504,45.53685760498047,44.83268737792969,43.81278991699219,43.53626251220703,44.08342361450195,43.96656036376953,43.53351593017578,44.7192497253418,44.74885940551758,19.047618865966797,28.571430206298828,14.285715103149414,10,0,0,0,0,2.2336783409118652,8589934592,1073741824,5366726656,290652160
209,1771647575904,3504,3504,3504,3504,3504,3504,3504,3504,45.53685760498047,44.83268737792969,43.81278991699219,43.53626251220703,44.08342361450195,43.96656036376953,43.53351593017578,44.7192497253418,44.74885940551758,15.000000953674316,23.809524536132813,14.285715103149414,9.523809432983398,0,0,0,0,2.2336783409118652,8589934592,1073741824,5366808576,290652160
206,1771647576114,3504,3504,3504,3504,3504,3504,3504,3504,45.53685760498047,44.83268737792969,43.81278991699219,43.53626251220703,44.08342361450195,43.96656036376953,43.53351593017578,44.7192497253418,44.74885940551758,27.272727966308594,23.809524536132813,9.523809432983398,10,0,0,0,0,2.2336783409118652,8589934592,1073741824,5366939648,290652160
208,1771647576321,3504,3504,3504,3504,3504,3504,3504,3504,44.91727828979492,44.31023406982422,43.219024658203125,42.90068817138672,43.525474548339844,43.360557556152344,42.99309539794922,44.068138122558594,44.219444274902344,15.000000953674316,20,10,14.285715103149414,0,0,0,0,2.2336783409118652,8589934592,1073741824,5366939648,290652160
209,1771647576529,3504,3504,3504,3504,3504,3504,3504,3504,44.91727828979492,44.31023406982422,43.219024658203125,42.90068817138672,43.525474548339844,43.360557556152344,42.99309539794922,44.068138122558594,44.219444274902344,23.809524536132813,10,13.636363983154297,15.000000953674316,0,0,0,0,2.2336783409118652,8589934592,1073741824,5366611968,290652160
199,1771647576739,3504,3504,3504,3504,3504,3504,3504,3504,44.91727828979492,44.31023406982422,43.219024658203125,42.90068817138672,43.525474548339844,43.360557556152344,42.99309539794922,44.068138122558594,44.219444274902344,20,13.636363983154297,5,18.18181800842285,0,0,0,0,2.014835834503174,8589934592,1073741824,5368561664,290652160
209,1771647576939,3504,3504,3504,3504,3504,3504,3504,3504,44.91727828979492,44.31023406982422,43.219024658203125,42.90068817138672,43.525474548339844,43.360557556152344,42.99309539794922,44.068138122558594,44.219444274902344,35,26.3157901763916,21.052631378173828,20,42.85714340209961,0,0,0,2.014835834503174,8589934592,1073741824,5367201792,290652160
207,1771647577149,3504,3504,3504,3504,3504,3504,3504,3504,44.49039077758789,44.23076248168945,42.988525390625,42.74543762207031,43.14358901977539,43.007293701171875,42.615699768066406,43.66520309448242,43.800323486328125,33.333335876464844,14.285715103149414,19.047618865966797,10,0,0,0,0,2.014835834503174,8589934592,1073741824,5365743616,290652160
209,1771647577357,3504,3504,3504,3504,3504,3504,3504,3504,44.49039077758789,44.23076248168945,42.988525390625,42.74543762207031,43.14358901977539,43.007293701171875,42.615699768066406,43.66520309448242,43.800323486328125,28.571430206298828,47.619049072265625,40.90909194946289,22.72727394104004,0,0,0,0,2.014835834503174,8589934592,1073741824,5365743616,290652160
209,1771647577567,3504,3504,3504,3504,3504,3504,3504,3504,44.49039077758789,44.23076248168945,42.988525390625,42.74543762207031,43.14358901977539,43.007293701171875,42.615699768066406,43.66520309448242,43.800323486328125,23.809524536132813,23.809524536132813,23.809524536132813,20,0,4.761904716491699,0,0,2.014835834503174,8589934592,1073741824,5367660544,290652160
207,1771647577777,3504,3504,3504,3504,3504,3504,3504,3504,44.49039077758789,44.23076248168945,42.988525390625,42.74543762207031,43.14358901977539,43.007293701171875,42.615699768066406,43.66520309448242,43.800323486328125,20,9.523809432983398,10,14.285715103149414,0,0,0,0,2.3272669315338135,8589934592,1073741824,5367709696,290652160
207,1771647577985,3504,3504,3504,3504,3504,3504,3504,3504,44.49039077758789,44.23076248168945,42.988525390625,42.74543762207031,43.14358901977539,43.007293701171875,42.615699768066406,43.66520309448242,43.800323486328125,23.809524536132813,30.000001907348633,14.285715103149414,9.523809432983398,0,0,0,0,2.3272669315338135,8589934592,1073741824,5367709696,290652160
207,1771647578193,3504,3504,3504,3504,3504,3504,3504,3504,44.03466796875,43.66917037963867,42.51838684082031,42.26331329345703,42.78232955932617,42.737892150878906,42.21668243408203,43.35096740722656,43.418678283691406,22.72727394104004,19.047618865966797,9.523809432983398,9.523809432983398,0,0,0,0,2.3272669315338135,8589934592,1073741824,5367709696,290652160
208,1771647578402,3504,3504,3504,3504,3504,3504,3504,3504,44.03466796875,43.66917037963867,42.51838684082031,42.26331329345703,42.78232955932617,42.737892150878906,42.21668243408203,43.35096740722656,43.418678283691406,20,23.809524536132813,14.285715103149414,10,0,0,0,0,2.3272669315338135,8589934592,1073741824,5367676928,290652160
209,1771647578611,3504,3504,3504,3504,3504,3504,3504,3504,44.03466796875,43.66917037963867,42.51838684082031,42.26331329345703,42.78232955932617,42.737892150878906,42.21668243408203,43.35096740722656,43.418678283691406,22.72727394104004,15.000000953674316,9.523809432983398,4.761904716491699,0,0,0,0,2.3272669315338135,8589934592,1073741824,5367644160,290652160
205,1771647578821,3504,3504,3504,3504,3504,3504,3504,3504,44.03466796875,43.66917037963867,42.51838684082031,42.26331329345703,42.78232955932617,42.737892150878906,42.21668243408203,43.35096740722656,43.418678283691406,15.789472579956055,22.72727394104004,10,5,0,0,0,0,2.2327165603637695,8589934592,1073741824,5367611392,290652160
207,1771647579027,3504,3504,3504,3504,3504,3504,3504,3504,44.03466796875,43.66917037963867,42.51838684082031,42.26331329345703,42.78232955932617,42.737892150878906,42.21668243408203,43.35096740722656,43.418678283691406,28.571430206298828,20,14.285715103149414,13.636363983154297,0,0,0,0,2.2327165603637695,8589934592,1073741824,5367627776,290652160
209,1771647579234,3504,3504,3504,3504,3504,3504,3504,3504,43.77223205566406,43.41718292236328,42.15342712402344,41.89208221435547,42.398048400878906,42.417884826660156,41.88445281982422,42.9520378112793,43.037872314453125,14.285715103149414,28.571430206298828,10,10,0,0,0,0,2.2327165603637695,8589934592,1073741824,5367660544,290652160
209,1771647579444,3504,3504,3504,3504,3504,3504,3504,3504,43.77223205566406,43.41718292236328,42.15342712402344,41.89208221435547,42.398048400878906,42.417884826660156,41.88445281982422,42.9520378112793,43.037872314453125,23.809524536132813,5,18.18181800842285,9.523809432983398,0,0,0,0,2.2327165603637695,8589934592,1073741824,5367660544,290652160
209,1771647579654,3504,3504,3504,3504,3504,3504,3504,3504,43.77223205566406,43.41718292236328,42.15342712402344,41.89208221435547,42.398048400878906,42.417884826660156,41.88445281982422,42.9520378112793,43.037872314453125,23.809524536132813,19.047618865966797,20,5,0,0,0,0,3.065873861312866,8589934592,1073741824,5361516544,290652160
206,1771647579864,3504,3504,3504,3504,3504,3504,3504,3504,43.77223205566406,43.41718292236328,42.15342712402344,41.89208221435547,42.398048400878906,42.417884826660156,41.88445281982422,42.9520378112793,43.037872314453125,19.047618865966797,22.72727394104004,14.285715103149414,13.636363983154297,0,0,0,0,3.065873861312866,8589934592,1073741824,5361516544,290652160
208,1771647580070,3504,3504,3504,3504,3504,3504,3504,3504,43.77223205566406,43.41718292236328,42.15342712402344,41.89208221435547,42.398048400878906,42.417884826660156,41.88445281982422,42.9520378112793,43.037872314453125,15.000000953674316,15.000000953674316,19.047618865966797,5,0,0,0,0,3.065873861312866,8589934592,1073741824,5360386048,290652160
205,1771647580279,3504,3504,3504,3504,3504,3504,3504,3504,43.593719482421875,43.386165618896484,41.941139221191406,41.68860626220703,42.10852813720703,42.22215270996094,41.737762451171875,42.918243408203125,42.933990478515625,23.809524536132813,33.333335876464844,20,19.047618865966797,28.571430206298828,20,22.72727394104004,19.047618865966797,3.065873861312866,8589934592,1073741824,5360386048,290652160
201,1771647580485,3504,3504,3504,3504,3504,3504,3504,3504,43.593719482421875,43.386165618896484,41.941139221191406,41.68860626220703,42.10852813720703,42.22215270996094,41.737762451171875,42.918243408203125,42.933990478515625,21.052631378173828,15.000000953674316,9.523809432983398,9.523809432983398,0,0,0,0,3.065873861312866,8589934592,1073741824,5360386048,290652160
205,1771647580687,3504,3504,3504,3504,3504,3504,3504,3504,43.593719482421875,43.386165618896484,41.941139221191406,41.68860626220703,42.10852813720703,42.22215270996094,41.737762451171875,42.918243408203125,42.933990478515625,31.81818199157715,15.000000953674316,10.526315689086914,5,0,0,0,0,3.0629589557647705,8589934592,1073741824,5360435200,290652160
209,1771647580893,3504,3504,3504,3504,3504,3504,3504,3504,43.593719482421875,43.386165618896484,41.941139221191406,41.68860626220703,42.10852813720703,42.22215270996094,41.737762451171875,42.918243408203125,42.933990478515625,26.3157901763916,15.000000953674316,13.636363983154297,14.285715103149414,0,0,0,0,3.0629589557647705,8589934592,1073741824,5365399552,290652160
209,1771647581103,3504,3504,3504,3504,3504,3504,3504,3504,43.593719482421875,43.386165618896484,41.941139221191406,41.68860626220703,42.10852813720703,42.22215270996094,41.737762451171875,42.918243408203125,42.933990478515625,28.571430206298828,22.72727394104004,10,15.000000953674316,0,4.761904716491699,0,4.761904716491699,3.0629589557647705,8589934592,1073741824,5366939648,290652160
204,1771647581313,3504,3504,3504,3504,3504,3504,3504,3504,43.34563064575195,43.1467170715332,41.76600646972656,41.556434631347656,41.98599624633789,41.97223663330078,41.54035949707031,42.701019287109375,42.726253509521484,30.000001907348633,30.000001907348633,38.095237731933594,14.285715103149414,4.545454502105713,0,0,0,3.0629589557647705,8589934592,1073741824,5367693312,290652160
206,1771647581518,3504,3504,3504,3504,3504,3504,3504,3504,43.34563064575195,43.1467170715332,41.76600646972656,41.556434631347656,41.98599624633789,41.97223663330078,41.54035949707031,42.701019287109375,42.726253509521484,33.333335876464844,28.571430206298828,15.000000953674316,19.047618865966797,0,0,0,0,3.0629589557647705,8589934592,1073741824,5367889920,290652160
209,1771647581725,3504,3504,3504,3504,3504,3504,3504,3504,43.34563064575195,43.1467170715332,41.76600646972656,41.556434631347656,41.98599624633789,41.97223663330078,41.54035949707031,42.701019287109375,42.726253509521484,14.285715103149414,25,14.285715103149414,5,0,0,0,0,1.9463722705841064,8589934592,1073741824,5367889920,290652160
201,1771647581935,3504,3504,3504,3504,3504,3504,3504,3504,43.34563064575195,43.1467170715332,41.76600646972656,41.556434631347656,41.98599624633789,41.97223663330078,41.54035949707031,42.701019287109375,42.726253509521484,19.047618865966797,28.571430206298828,14.285715103149414,13.636363983154297,0,0,0,0,1.9463722705841064,8589934592,1073741824,5367922688,290652160
200,1771647582137,3504,3504,3504,3504,3504,3504,3504,3504,43.34563064575195,43.1467170715332,41.76600646972656,41.556434631347656,41.98599624633789,41.97223663330078,41.54035949707031,42.701019287109375,42.726253509521484,10,25,5.263157844543457,5.263157844543457,0,0,0,0,1.9463722705841064,8589934592,1073741824,5367758848,290652160
205,1771647582338,3504,3504,3504,3504,3504,3504,3504,3504,42.89205551147461,42.67932891845703,41.22383117675781,41.02400207519531,41.44621658325195,41.313087463378906,40.98424530029297,42.22677993774414,42.24283218383789,15.000000953674316,20,19.047618865966797,10,0,0,0,0,1.9463722705841064,8589934592,1073741824,5367808000,290652160
209,1771647582544,3504,3504,3504,3504,3504,3504,3504,3504,42.89205551147461,42.67932891845703,41.22383117675781,41.02400207519531,41.44621658325195,41.313087463378906,40.98424530029297,42.22677993774414,42.24283218383789,25,19.047618865966797,19.047618865966797,19.047618865966797,19.047618865966797,19.047618865966797,4.761904716491699,0,1.9463722705841064,8589934592,1073741824,5372067840,290652160
206,1771647582754,3504,3504,3504,3504,3504,3504,3504,3504,42.89205551147461,42.67932891845703,41.22383117675781,41.02400207519531,41.44621658325195,41.313087463378906,40.98424530029297,42.22677993774414,42.24283218383789,4.761904716491699,5,0,19.047618865966797,4.761904716491699,4.545454502105713,0,0,2.687114715576172,8589934592,1073741824,5372575744,290652160
209,1771647582961,3504,3504,3504,3504,3504,3504,3504,3504,42.89205551147461,42.67932891845703,41.22383117675781,41.02400207519531,41.44621658325195,41.313087463378906,40.98424530029297,42.22677993774414,42.24283218383789,15.000000953674316,10,9.523809432983398,25,0,0,0,0,2.687114715576172,8589934592,1073741824,5372690432,290652160
209,1771647583170,3504,3504,3504,3504,3504,3504,3504,3504,42.858489990234375,42.61898422241211,41.249794006347656,41.025794982910156,41.31924819946289,41.131744384765625,40.903709411621094,42.04100799560547,42.06217575073242,14.285715103149414,14.285715103149414,9.523809432983398,20,0,0,0,0,2.687114715576172,8589934592,1073741824,5372641280,290652160
200,1771647583380,3504,3504,3504,3504,3504,3504,3504,3504,42.858489990234375,42.61898422241211,41.249794006347656,41.025794982910156,41.31924819946289,41.131744384765625,40.903709411621094,42.04100799560547,42.06217575073242,19.047618865966797,27.272727966308594,9.523809432983398,9.090909004211426,0,0,0,0,2.687114715576172,8589934592,1073741824,5372641280,290652160
205,1771647583581,3504,3504,3504,3504,3504,3504,3504,3504,42.858489990234375,42.61898422241211,41.249794006347656,41.025794982910156,41.31924819946289,41.131744384765625,40.903709411621094,42.04100799560547,42.06217575073242,15.000000953674316,25,15.000000953674316,10.526315689086914,0,0,0,0,2.687114715576172,8589934592,1073741824,5372641280,290652160
209,1771647583787,3504,3504,3504,3504,3504,3504,3504,3504,42.858489990234375,42.61898422241211,41.249794006347656,41.025794982910156,41.31924819946289,41.131744384765625,40.903709411621094,42.04100799560547,42.06217575073242,15.000000953674316,25,5.263157844543457,9.090909004211426,0,0,0,0,1.9349510669708252,8589934592,1073741824,5372657664,290652160
206,1771647583997,3504,3504,3504,3504,3504,3504,3504,3504,42.858489990234375,42.61898422241211,41.249794006347656,41.025794982910156,41.31924819946289,41.131744384765625,40.903709411621094,42.04100799560547,42.06217575073242,22.72727394104004,14.285715103149414,13.043478012084961,14.285715103149414,0,0,0,0,1.9349510669708252,8589934592,1073741824,5372608512,290652160
204,1771647584204,3504,3504,3504,3504,3504,3504,3504,3504,42.432857513427734,41.904380798339844,40.75055694580078,40.62194061279297,40.9222297668457,40.74304962158203,40.52300262451172,41.654052734375,41.751338958740234,20,15.000000953674316,5.263157844543457,15.789472579956055,0,0,0,0,1.9349510669708252,8589934592,1073741824,5372657664,290652160
209,1771647584409,3504,3504,3504,3504,3504,3504,3504,3504,42.432857513427734,41.904380798339844,40.75055694580078,40.62194061279297,40.9222297668457,40.74304962158203,40.52300262451172,41.654052734375,41.751338958740234,15.000000953674316,19.047618865966797,13.636363983154297,18.18181800842285,0,0,0,0,1.9349510669708252,8589934592,1073741824,5372608512,290652160
207,1771647584618,3504,3504,3504,3504,3504,3504,3504,3504,42.432857513427734,41.904380798339844,40.75055694580078,40.62194061279297,40.9222297668457,40.74304962158203,40.52300262451172,41.654052734375,41.751338958740234,14.285715103149414,23.809524536132813,15.000000953674316,14.285715103149414,0,0,0,0,1.9349510669708252,8589934592,1073741824,5372690432,290652160
207,1771647584827,3504,3504,3504,3504,3504,3504,3504,3504,42.432857513427734,41.904380798339844,40.75055694580078,40.62194061279297,40.9222297668457,40.74304962158203,40.52300262451172,41.654052734375,41.751338958740234,14.285715103149414,28.571430206298828,5,0,0,0,0,0,2.5474698543548584,8589934592,1073741824,5372624896,290652160
209,1771647585035,3504,3504,3504,3504,3504,3504,3504,3504,42.432857513427734,41.904380798339844,40.75055694580078,40.62194061279297,40.9222297668457,40.74304962158203,40.52300262451172,41.654052734375,41.751338958740234,15.000000953674316,25,14.285715103149414,13.636363983154297,0,0,0,0,2.5474698543548584,8589934592,1073741824,5372854272,290652160
206,1771647585245,3504,3504,3504,3504,3504,3504,3504,3504,42.15692901611328,41.54375457763672,40.47010040283203,40.414955139160156,40.68885040283203,40.55207061767578,40.39507293701172,41.4467887878418,41.52185821533203,22.72727394104004,28.571430206298828,14.285715103149414,9.523809432983398,0,0,4.761904716491699,0,2.5474698543548584,8589934592,1073741824,5373952000,290652160
203,1771647585452,3504,3504,3504,3504,3504,3504,3504,3504,42.15692901611328,41.54375457763672,40.47010040283203,40.414955139160156,40.68885040283203,40.55207061767578,40.39507293701172,41.4467887878418,41.52185821533203,20,20,10,14.285715103149414,0,0,0,0,2.5474698543548584,8589934592,1073741824,5373984768,290652160
209,1771647585655,3504,3504,3504,3504,3504,3504,3504,3504,42.15692901611328,41.54375457763672,40.47010040283203,40.414955139160156,40.68885040283203,40.55207061767578,40.39507293701172,41.4467887878418,41.52185821533203,20,19.047618865966797,19.047618865966797,15.789472579956055,9.523809432983398,5,4.761904716491699,4.761904716491699,2.1197781562805176,8589934592,1073741824,5373984768,290652160
206,1771647585866,3504,3504,3504,3504,3504,3504,3504,3504,42.15692901611328,41.54375457763672,40.47010040283203,40.414955139160156,40.68885040283203,40.55207061767578,40.39507293701172,41.4467887878418,41.52185821533203,9.523809432983398,19.047618865966797,14.285715103149414,4.761904716491699,0,0,0,0,2.1197781562805176,8589934592,1073741824,5370462208,290652160
204,1771647586072,3504,3504,3504,3504,3504,3504,3504,3504,42.15692901611328,41.54375457763672,40.47010040283203,40.414955139160156,40.68885040283203,40.55207061767578,40.39507293701172,41.4467887878418,41.52185821533203,20,20,15.000000953674316,9.523809432983398,0,0,0,0,2.1197781562805176,8589934592,1073741824,5368610816,290652160
209,1771647586277,3504,3504,3504,3504,3504,3504,3504,3504,42.09164810180664,41.370426177978516,40.357826232910156,40.28855895996094,40.60627365112305,40.42491912841797,40.222145080566406,41.31055450439453,41.352439880371094,28.571430206298828,23.809524536132813,14.285715103149414,10,0,0,0,0,2.1197781562805176,8589934592,1073741824,5368676352,290652160
205,1771647586487,3504,3504,3504,3504,3504,3504,3504,3504,42.09164810180664,41.370426177978516,40.357826232910156,40.28855895996094,40.60627365112305,40.42491912841797,40.222145080566406,41.31055450439453,41.352439880371094,22.72727394104004,20,9.523809432983398,9.523809432983398,0,0,0,0,2.1197781562805176,8589934592,1073741824,5369069568,290652160
203,1771647586693,3504,3504,3504,3504,3504,3504,3504,3504,42.09164810180664,41.370426177978516,40.357826232910156,40.28855895996094,40.60627365112305,40.42491912841797,40.222145080566406,41.31055450439453,41.352439880371094,20,20,10,9.523809432983398,0,0,0,0,1.946873664855957,8589934592,1073741824,5368725504,290652160
209,1771647586897,3504,3504,3504,3504,3504,3504,3504,3504,42.09164810180664,41.370426177978516,40.357826232910156,40.28855895996094,40.60627365112305,40.42491912841797,40.222145080566406,41.31055450439453,41.352439880371094,20,33.333335876464844,15.000000953674316,10,40,0,0,0,1.946873664855957,8589934592,1073741824,5368954880,290652160
209,1771647587106,3504,3504,3504,3504,3504,3504,3504,3504,42.09164810180664,41.370426177978516,40.357826232910156,40.28855895996094,40.60627365112305,40.42491912841797,40.222145080566406,41.31055450439453,41.352439880371094,30.000001907348633,30.000001907348633,27.272727966308594,22.72727394104004,0,0,0,0,1.946873664855957,8589934592,1073741824,5369200640,290652160
208,1771647587316,3504,3504,3504,3504,3504,3504,3504,3504,42.054405212402344,41.452632904052734,40.346946716308594,40.18589782714844,40.485111236572266,40.22504425048828,40.024314880371094,41.12865447998047,41.16724395751953,13.636363983154297,22.72727394104004,23.809524536132813,5,0,0,4.545454502105713,0,1.946873664855957,8589934592,1073741824,5369544704,290652160
209,1771647587526,3504,3504,3504,3504,3504,3504,3504,3504,42.054405212402344,41.452632904052734,40.346946716308594,40.18589782714844,40.485111236572266,40.22504425048828,40.024314880371094,41.12865447998047,41.16724395751953,14.285715103149414,5,25,9.523809432983398,0,0,0,0,1.946873664855957,8589934592,1073741824,5369200640,290652160
209,1771647587735,3504,3504,3504,3504,3504,3504,3504,3504,42.054405212402344,41.452632904052734,40.346946716308594,40.18589782714844,40.485111236572266,40.22504425048828,40.024314880371094,41.12865447998047,41.16724395751953,15.000000953674316,14.285715103149414,23.809524536132813,9.523809432983398,4.545454502105713,0,0,0,2.6049129962921143,8589934592,1073741824,5369200640,290652160
208,1771647587945,3504,3504,3504,3504,3504,3504,3504,3504,42.054405212402344,41.452632904052734,40.346946716308594,40.18589782714844,40.485111236572266,40.22504425048828,40.024314880371094,41.12865447998047,41.16724395751953,13.636363983154297,9.523809432983398,28.571430206298828,5,0,0,0,0,2.6049129962921143,8589934592,1073741824,5369151488,290652160
209,1771647588154,3504,3504,3504,3504,3504,3504,3504,3504,41.840335845947266,40.92540740966797,39.95411682128906,39.844627380371094,40.23575210571289,40.021156311035156,39.92449951171875,40.961124420166016,40.95790481567383,25,20,19.047618865966797,9.523809432983398,0,0,0,0,2.6049129962921143,8589934592,1073741824,5369511936,290652160
209,1771647588364,3504,3504,3504,3504,3504,3504,3504,3504,41.840335845947266,40.92540740966797,39.95411682128906,39.844627380371094,40.23575210571289,40.021156311035156,39.92449951171875,40.961124420166016,40.95790481567383,35,27.272727966308594,23.809524536132813,22.72727394104004,15.000000953674316,19.047618865966797,18.18181800842285,15.000000953674316,2.6049129962921143,8589934592,1073741824,5337038848,290652160
209,1771647588574,3504,3504,3504,3504,3504,3504,3504,3504,41.840335845947266,40.92540740966797,39.95411682128906,39.844627380371094,40.23575210571289,40.021156311035156,39.92449951171875,40.961124420166016,40.95790481567383,13.636363983154297,28.571430206298828,4.761904716491699,0,0,0,0,0,2.6049129962921143,8589934592,1073741824,5338382336,290652160
209,1771647588784,3504,3504,3504,3504,3504,3504,3504,3504,41.840335845947266,40.92540740966797,39.95411682128906,39.844627380371094,40.23575210571289,40.021156311035156,39.92449951171875,40.961124420166016,40.95790481567383,20,23.809524536132813,14.285715103149414,9.523809432983398,0,0,0,0,2.166109561920166,8589934592,1073741824,5338415104,290652160
209,1771647588993,3504,3504,3504,3504,3504,3504,3504,3504,41.840335845947266,40.92540740966797,39.95411682128906,39.844627380371094,40.23575210571289,40.021156311035156,39.92449951171875,40.961124420166016,40.95790481567383,33.333335876464844,25,23.809524536132813,23.809524536132813,23.809524536132813,22.72727394104004,15.000000953674316,14.285715103149414,2.166109561920166,8589934592,1073741824,5338480640,290652160
206,1771647589203,3504,3504,3504,3504,3504,3504,3504,3504,42.683929443359375,41.87001037597656,40.67338562011719,40.65593719482422,40.603538513183594,40.77576446533203,40.62438201904297,41.78360366821289,41.82965850830078,25,13.636363983154297,10,9.523809432983398,4.545454502105713,0,0,0,2.166109561920166,8589934592,1073741824,5338447872,290652160
207,1771647589411,3504,3504,3504,3504,3504,3504,3504,3504,42.683929443359375,41.87001037597656,40.67338562011719,40.65593719482422,40.603538513183594,40.77576446533203,40.62438201904297,41.78360366821289,41.82965850830078,28.571430206298828,10,10,9.523809432983398,0,0,0,0,2.166109561920166,8589934592,1073741824,5338447872,290652160
209,1771647589618,3504,3504,3504,3504,3504,3504,3504,3504,42.683929443359375,41.87001037597656,40.67338562011719,40.65593719482422,40.603538513183594,40.77576446533203,40.62438201904297,41.78360366821289,41.82965850830078,28.571430206298828,14.285715103149414,13.636363983154297,5,0,0,0,0,2.166109561920166,8589934592,1073741824,5338447872,290652160
208,1771647589828,3504,3504,3504,3504,3504,3504,3504,3504,42.683929443359375,41.87001037597656,40.67338562011719,40.65593719482422,40.603538513183594,40.77576446533203,40.62438201904297,41.78360366821289,41.82965850830078,33.333335876464844,19.047618865966797,10,13.636363983154297,0,0,0,0,2.2591660022735596,8589934592,1073741824,5338447872,290652160
209,1771647590037,3504,3504,3504,3504,3504,3504,3504,3504,42.683929443359375,41.87001037597656,40.67338562011719,40.65593719482422,40.603538513183594,40.77576446533203,40.62438201904297,41.78360366821289,41.82965850830078,20,14.285715103149414,9.523809432983398,10,0,0,0,0,2.2591660022735596,8589934592,1073741824,5338497024,290652160
208,1771647590247,3504,3504,3504,3504,3504,3504,3504,3504,41.83803939819336,40.84360885620117,39.90497589111328,39.747406005859375,40.12501525878906,39.91099548339844,39.829322814941406,40.87351608276367,40.90422439575195,14.285715103149414,19.047618865966797,9.523809432983398,5,5,4.761904716491699,4.761904716491699,4.761904716491699,2.2591660022735596,8589934592,1073741824,5338251264,290652160
203,1771647590456,3504,3504,3504,3504,3504,3504,3504,3504,41.83803939819336,40.84360885620117,39.90497589111328,39.747406005859375,40.12501525878906,39.91099548339844,39.829322814941406,40.87351608276367,40.90422439575195,22.72727394104004,15.000000953674316,9.523809432983398,9.090909004211426,0,0,0,0,2.2591660022735596,8589934592,1073741824,5338251264,290652160
201,1771647590660,3504,3504,3504,3504,3504,3504,3504,3504,41.83803939819336,40.84360885620117,39.90497589111328,39.747406005859375,40.12501525878906,39.91099548339844,39.829322814941406,40.87351608276367,40.90422439575195,15.789472579956055,23.809524536132813,15.000000953674316,15.000000953674316,9.090909004211426,4.761904716491699,4.761904716491699,0,3.1578822135925293,8589934592,1073741824,5331714048,290652160
209,1771647590862,3504,3504,3504,3504,3504,3504,3504,3504,41.83803939819336,40.84360885620117,39.90497589111328,39.747406005859375,40.12501525878906,39.91099548339844,39.829322814941406,40.87351608276367,40.90422439575195,30.000001907348633,15.789472579956055,14.285715103149414,10,0,0,0,0,3.1578822135925293,8589934592,1073741824,5331697664,290652160
205,1771647591072,3504,3504,3504,3504,3504,3504,3504,3504,41.83803939819336,40.84360885620117,39.90497589111328,39.747406005859375,40.12501525878906,39.91099548339844,39.829322814941406,40.87351608276367,40.90422439575195,14.285715103149414,14.285715103149414,20,13.636363983154297,0,0,0,0,3.1578822135925293,8589934592,1073741824,5331664896,290652160
209,1771647591277,3504,3504,3504,3504,3504,3504,3504,3504,41.724998474121094,40.77476501464844,39.767486572265625,39.617095947265625,40.01759338378906,39.80091857910156,39.70006561279297,40.77740478515625,40.80270004272461,27.272727966308594,19.047618865966797,28.571430206298828,15.000000953674316,5,4.761904716491699,0,9.523809432983398,3.1578822135925293,8589934592,1073741824,5331533824,290652160
205,1771647591487,3504,3504,3504,3504,3504,3504,3504,3504,41.724998474121094,40.77476501464844,39.767486572265625,39.617095947265625,40.01759338378906,39.80091857910156,39.70006561279297,40.77740478515625,40.80270004272461,14.285715103149414,19.047618865966797,15.000000953674316,9.523809432983398,0,0,0,0,3.1578822135925293,8589934592,1073741824,5331419136,290652160
208,1771647591693,3504,3504,3504,3504,3504,3504,3504,3504,41.724998474121094,40.77476501464844,39.767486572265625,39.617095947265625,40.01759338378906,39.80091857910156,39.70006561279297,40.77740478515625,40.80270004272461,10.526315689086914,15.789472579956055,19.047618865966797,5,0,0,0,0,2.0627543926239014,8589934592,1073741824,5331419136,290652160
209,1771647591902,3504,3504,3504,3504,3504,3504,3504,3504,41.724998474121094,40.77476501464844,39.767486572265625,39.617095947265625,40.01759338378906,39.80091857910156,39.70006561279297,40.77740478515625,40.80270004272461,19.047618865966797,22.72727394104004,20,5,0,0,0,0,2.0627543926239014,8589934592,1073741824,5331451904,290652160
201,1771647592112,3504,3504,3504,3504,3504,3504,3504,3504,41.724998474121094,40.77476501464844,39.767486572265625,39.617095947265625,40.01759338378906,39.80091857910156,39.70006561279297,40.77740478515625,40.80270004272461,19.047618865966797,20,13.636363983154297,9.090909004211426,0,0,0,0,2.0627543926239014,8589934592,1073741824,5331107840,290652160
206,1771647592314,3504,3504,3504,3504,3504,3504,3504,3504,41.541748046875,40.54134750366211,39.50891876220703,39.34278869628906,39.825706481933594,39.574859619140625,39.4454345703125,40.473854064941406,40.50721740722656,25,14.285715103149414,21.052631378173828,10,0,0,0,0,2.0627543926239014,8589934592,1073741824,5331107840,290652160
204,1771647592520,3504,3504,3504,3504,3504,3504,3504,3504,41.541748046875,40.54134750366211,39.50891876220703,39.34278869628906,39.825706481933594,39.574859619140625,39.4454345703125,40.473854064941406,40.50721740722656,20,10,23.809524536132813,9.523809432983398,0,0,0,0,2.0627543926239014,8589934592,1073741824,5331107840,290652160
208,1771647592725,3504,3504,3504,3504,3504,3504,3504,3504,41.541748046875,40.54134750366211,39.50891876220703,39.34278869628906,39.825706481933594,39.574859619140625,39.4454345703125,40.473854064941406,40.50721740722656,23.809524536132813,14.285715103149414,19.047618865966797,5,0,0,0,0,2.6176211833953857,8589934592,1073741824,5331222528,290652160
208,1771647592935,3504,3504,3504,3504,3504,3504,3504,3504,41.541748046875,40.54134750366211,39.50891876220703,39.34278869628906,39.825706481933594,39.574859619140625,39.4454345703125,40.473854064941406,40.50721740722656,23.809524536132813,14.285715103149414,15.000000953674316,14.285715103149414,0,0,0,0,2.6176211833953857,8589934592,1073741824,5331304448,290652160
209,1771647593144,3504,3504,3504,3504,3504,3504,3504,3504,41.541748046875,40.54134750366211,39.50891876220703,39.34278869628906,39.825706481933594,39.574859619140625,39.4454345703125,40.473854064941406,40.259918212890625,19.047618865966797,5.263157844543457,31.81818199157715,9.523809432983398,0,0,0,0,2.6176211833953857,8589934592,1073741824,5331255296,290652160
203,1771647593354,3504,3504,3504,3504,3504,3504,3504,3504,41.3807487487793,40.39833068847656,39.288055419921875,39.16675567626953,39.53462600708008,39.339088439941406,39.14215850830078,40.23965072631836,40.259918212890625,10,14.285715103149414,30.000001907348633,10,0,0,0,0,2.6176211833953857,8589934592,1073741824,5331255296,290652160
203,1771647593558,3504,3504,3504,3504,3504,3504,3504,3504,41.3807487487793,40.39833068847656,39.288055419921875,39.16675567626953,39.53462600708008,39.339088439941406,39.14215850830078,40.23965072631836,40.259918212890625,19.047618865966797,14.285715103149414,23.809524536132813,9.523809432983398,0,0,0,0,2.6176211833953857,8589934592,1073741824,5331222528,290652160
209,1771647593763,3504,3504,3504,3504,3504,3504,3504,3504,41.3807487487793,40.39833068847656,39.288055419921875,39.16675567626953,39.53462600708008,39.339088439941406,39.14215850830078,40.23965072631836,40.259918212890625,20,15.000000953674316,33.333335876464844,15.000000953674316,5,0,4.761904716491699,0,2.5005037784576416,8589934592,1073741824,5332074496,290652160
209,1771647593972,3504,3504,3504,3504,3504,3504,3504,3504,41.3807487487793,40.39833068847656,39.288055419921875,39.16675567626953,39.53462600708008,39.339088439941406,39.14215850830078,40.23965072631836,40.259918212890625,19.047618865966797,19.047618865966797,10.526315689086914,9.523809432983398,0,4.545454502105713,0,4.545454502105713,2.5005037784576416,8589934592,1073741824,5332221952,290652160
208,1771647594182,3504,3504,3504,3504,3504,3504,3504,3504,41.27547836303711,40.341148376464844,39.160491943359375,39.10224914550781,39.45294952392578,39.20622253417969,39.016944885253906,40.16644287109375,40.154685974121094,19.047618865966797,22.72727394104004,19.047618865966797,9.523809432983398,0,0,0,0,2.5005037784576416,8589934592,1073741824,5332434944,290652160
209,1771647594391,3504,3504,3504,3504,3504,3504,3504,3504,41.27547836303711,40.341148376464844,39.160491943359375,39.10224914550781,39.45294952392578,39.20622253417969,39.016944885253906,40.16644287109375,40.154685974121094,20,19.047618865966797,22.72727394104004,5,0,0,0,0,2.5005037784576416,8589934592,1073741824,5332434944,290652160
207,1771647594601,3504,3504,3504,3504,3504,3504,3504,3504,41.27547836303711,40.341148376464844,39.160491943359375,39.10224914550781,39.45294952392578,39.20622253417969,39.016944885253906,40.16644287109375,40.154685974121094,14.285715103149414,15.000000953674316,10,13.636363983154297,0,0,0,0,2.5005037784576416,8589934592,1073741824,5332467712,290652160
204,1771647594809,3504,3504,3504,3504,3504,3504,3504,3504,41.27547836303711,40.341148376464844,39.160491943359375,39.10224914550781,39.45294952392578,39.20622253417969,39.016944885253906,40.16644287109375,40.154685974121094,19.047618865966797,23.809524536132813,19.047618865966797,9.523809432983398,0,0,0,0,2.3170876502990723,8589934592,1073741824,5332434944,290652160
207,1771647595014,3504,3504,3504,3504,3504,3504,3504,3504,41.27547836303711,40.341148376464844,39.160491943359375,39.10224914550781,39.45294952392578,39.20622253417969,39.016944885253906,40.16644287109375,40.154685974121094,20,15.000000953674316,10,10,0,0,0,0,2.3170876502990723,8589934592,1073741824,5332434944,290652160
203,1771647595222,3504,3504,3504,3504,3504,3504,3504,3504,41.01735305786133,40.202476501464844,39.062103271484375,38.908714294433594,39.22440719604492,39.056297302246094,38.843109130859375,40.015506744384766,40.02268981933594,22.72727394104004,23.809524536132813,9.523809432983398,5,9.523809432983398,0,0,0,2.3170876502990723,8589934592,1073741824,5332500480,290652160
208,1771647595426,3504,3504,3504,3504,3504,3504,3504,3504,41.01735305786133,40.202476501464844,39.062103271484375,38.908714294433594,39.22440719604492,39.056297302246094,38.843109130859375,40.015506744384766,40.02268981933594,21.052631378173828,20,15.000000953674316,13.636363983154297,0,0,0,0,2.3170876502990723,8589934592,1073741824,5332336640,290652160
199,1771647595635,3504,3504,3504,3504,3504,3504,3504,3504,41.01735305786133,40.202476501464844,39.062103271484375,38.908714294433594,39.22440719604492,39.056297302246094,38.843109130859375,40.015506744384766,40.02268981933594,23.809524536132813,14.285715103149414,14.285715103149414,5,0,0,0,0,2.3170876502990723,8589934592,1073741824,5332336640,290652160
209,1771647595835,3504,3504,3504,3504,3504,3504,3504,3504,41.01735305786133,40.202476501464844,39.062103271484375,38.908714294433594,39.22440719604492,39.056297302246094,38.843109130859375,40.015506744384766,40.02268981933594,26.3157901763916,25,10.526315689086914,5.263157844543457,0,0,0,0,2.3386433124542236,8589934592,1073741824,5332336640,290652160
207,1771647596045,3504,3504,3504,3504,3504,3504,3504,3504,41.01735305786133,40.202476501464844,39.062103271484375,38.908714294433594,39.22440719604492,39.056297302246094,38.843109130859375,40.015506744384766,40.02268981933594,23.809524536132813,10,9.090909004211426,13.636363983154297,4.761904716491699,0,0,0,2.3386433124542236,8589934592,1073741824,5332336640,290652160
207,1771647596254,3504,3504,3504,3504,3504,3504,3504,3504,40.85065460205078,40.14454650878906,39.01457977294922,38.80604553222656,39.15485763549805,38.954689025878906,38.77325439453125,39.88352584838867,39.92140197753906,19.047618865966797,14.285715103149414,19.047618865966797,10,0,0,0,0,2.3386433124542236,8589934592,1073741824,5322145792,290652160
208,1771647596462,3504,3504,3504,3504,3504,3504,3504,3504,40.85065460205078,40.14454650878906,39.01457977294922,38.80604553222656,39.15485763549805,38.954689025878906,38.77325439453125,39.88352584838867,39.92140197753906,19.047618865966797,19.047618865966797,20,23.809524536132813,0,0,0,0,2.3386433124542236,8589934592,1073741824,5322162176,290652160
201,1771647596670,3504,3504,3504,3504,3504,3504,3504,3504,40.85065460205078,40.14454650878906,39.01457977294922,38.80604553222656,39.15485763549805,38.954689025878906,38.77325439453125,39.88352584838867,39.92140197753906,14.285715103149414,9.523809432983398,14.285715103149414,19.047618865966797,0,0,0,0,2.1898417472839355,8589934592,1073741824,5322194944,290652160
201,1771647596872,3504,3504,3504,3504,3504,3504,3504,3504,40.85065460205078,40.14454650878906,39.01457977294922,38.80604553222656,39.15485763549805,38.954689025878906,38.77325439453125,39.88352584838867,39.92140197753906,28.571430206298828,21.052631378173828,14.285715103149414,15.000000953674316,21.052631378173828,0,0,0,2.1898417472839355,8589934592,1073741824,5322702848,290652160
209,1771647597074,3504,3504,3504,3504,3504,3504,3504,3504,40.85065460205078,40.14454650878906,39.01457977294922,38.80604553222656,39.15485763549805,38.954689025878906,38.77325439453125,39.88352584838867,39.92140197753906,36.842105865478516,38.095237731933594,31.57894515991211,36.842105865478516,19.047618865966797,4.761904716491699,0,0,2.1898417472839355,8589934592,1073741824,5322784768,290652160
208,1771647597284,3504,3504,3504,3504,3504,3504,3504,3504,40.794864654541016,40.33357620239258,39.03923797607422,38.832855224609375,39.154823303222656,38.88465881347656,38.75450897216797,39.81501388549805,39.88731002807617,14.285715103149414,10,15.000000953674316,18.18181800842285,0,0,0,0,2.1898417472839355,8589934592,1073741824,5322784768,290652160
206,1771647597493,3504,3504,3504,3504,3504,3504,3504,3504,40.794864654541016,40.33357620239258,39.03923797607422,38.832855224609375,39.154823303222656,38.88465881347656,38.75450897216797,39.81501388549805,39.88731002807617,23.809524536132813,23.809524536132813,18.18181800842285,15.000000953674316,0,0,0,0,2.1898417472839355,8589934592,1073741824,5322801152,290652160
209,1771647597700,3504,3504,3504,3504,3504,3504,3504,3504,40.794864654541016,40.33357620239258,39.03923797607422,38.832855224609375,39.154823303222656,38.88465881347656,38.75450897216797,39.81501388549805,39.88731002807617,20,23.809524536132813,9.523809432983398,13.636363983154297,0,0,0,0,2.236957550048828,8589934592,1073741824,5322817536,290652160
199,1771647597910,3504,3504,3504,3504,3504,3504,3504,3504,40.794864654541016,40.33357620239258,39.03923797607422,38.832855224609375,39.154823303222656,38.88465881347656,38.75450897216797,39.81501388549805,39.88731002807617,22.72727394104004,19.047618865966797,9.523809432983398,10,0,0,0,0,2.236957550048828,8589934592,1073741824,5322866688,290652160
207,1771647598110,3504,3504,3504,3504,3504,3504,3504,3504,40.794864654541016,40.33357620239258,39.03923797607422,38.832855224609375,39.154823303222656,38.88465881347656,38.75450897216797,39.81501388549805,39.88731002807617,21.052631378173828,20,20,5.263157844543457,0,4.761904716491699,0,0,2.236957550048828,8589934592,1073741824,5322801152,290652160
204,1771647598318,3504,3504,3504,3504,3504,3504,3504,3504,40.539390563964844,40.00000762939453,38.717262268066406,38.65509796142578,39.01188278198242,38.71537780761719,38.696746826171875,39.735260009765625,39.81904602050781,20,15.000000953674316,15.000000953674316,13.636363983154297,0,0,0,0,2.236957550048828,8589934592,1073741824,5322833920,290652160
205,1771647598523,3504,3504,3504,3504,3504,3504,3504,3504,40.539390563964844,40.00000762939453,38.717262268066406,38.65509796142578,39.01188278198242,38.71537780761719,38.696746826171875,39.735260009765625,39.81904602050781,23.809524536132813,15.000000953674316,15.000000953674316,10,0,0,4.761904716491699,0,2.236957550048828,8589934592,1073741824,5322833920,290652160
205,1771647598729,3504,3504,3504,3504,3504,3504,3504,3504,40.539390563964844,40.00000762939453,38.717262268066406,38.65509796142578,39.01188278198242,38.71537780761719,38.696746826171875,39.735260009765625,39.81904602050781,20,13.636363983154297,15.000000953674316,10,0,0,0,0,2.213205337524414,8589934592,1073741824,5322833920,290652160
203,1771647598935,3504,3504,3504,3504,3504,3504,3504,3504,40.539390563964844,40.00000762939453,38.717262268066406,38.65509796142578,39.01188278198242,38.71537780761719,38.696746826171875,39.735260009765625,39.81904602050781,28.571430206298828,15.000000953674316,22.72727394104004,13.636363983154297,0,0,0,0,2.213205337524414,8589934592,1073741824,5322833920,290652160
209,1771647599139,3504,3504,3504,3504,3504,3504,3504,3504,40.539390563964844,40.00000762939453,38.717262268066406,38.65509796142578,39.01188278198242,38.71537780761719,38.696746826171875,39.735260009765625,39.81904602050781,20,21.052631378173828,15.000000953674316,5,0,0,0,0,2.213205337524414,8589934592,1073741824,5322833920,290652160
209,1771647599349,3504,3504,3504,3504,3504,3504,3504,3504,40.33639144897461,39.94454574584961,38.62688446044922,38.52423095703125,38.84172821044922,38.560447692871094,38.57086944580078,39.61458969116211,39.69398498535156,23.809524536132813,18.18181800842285,14.285715103149414,5,0,0,0,0,2.213205337524414,8589934592,1073741824,5322997760,290652160
205,1771647599559,3504,3504,3504,3504,3504,3504,3504,3504,40.33639144897461,39.94454574584961,38.62688446044922,38.52423095703125,38.84172821044922,38.560447692871094,38.57086944580078,39.61458969116211,39.69398498535156,28.571430206298828,20,23.809524536132813,23.809524536132813,4.545454502105713,0,0,0,2.213205337524414,8589934592,1073741824,5323587584,290652160
204,1771647599765,3504,3504,3504,3504,3504,3504,3504,3504,40.33639144897461,39.94454574584961,38.62688446044922,38.52423095703125,38.84172821044922,38.560447692871094,38.57086944580078,39.61458969116211,39.69398498535156,15.000000953674316,20,15.000000953674316,9.523809432983398,0,0,0,0,2.3294761180877686,8589934592,1073741824,5323636736,290652160
209,1771647599970,3504,3504,3504,3504,3504,3504,3504,3504,40.33639144897461,39.94454574584961,38.62688446044922,38.52423095703125,38.84172821044922,38.560447692871094,38.57086944580078,39.61458969116211,39.69398498535156,20,22.72727394104004,15.000000953674316,15.000000953674316,0,0,0,0,2.3294761180877686,8589934592,1073741824,5324128256,290652160
209,1771647600180,3504,3504,3504,3504,3504,3504,3504,3504,40.212982177734375,39.87881088256836,38.58866882324219,38.428810119628906,38.787689208984375,38.44856262207031,38.460060119628906,39.53609085083008,39.5715446472168,31.81818199157715,20,14.285715103149414,19.047618865966797,0,0,0,0,2.3294761180877686,8589934592,1073741824,5330714624,290652160
207,1771647600390,3504,3504,3504,3504,3504,3504,3504,3504,40.212982177734375,39.87881088256836,38.58866882324219,38.428810119628906,38.787689208984375,38.44856262207031,38.460060119628906,39.53609085083008,39.5715446472168,23.809524536132813,14.285715103149414,18.18181800842285,19.047618865966797,4.761904716491699,0,0,0,2.3294761180877686,8589934592,1073741824,5330763776,290652160
203,1771647600599,3504,3504,3504,3504,3504,3504,3504,3504,40.212982177734375,39.87881088256836,38.58866882324219,38.428810119628906,38.787689208984375,38.44856262207031,38.460060119628906,39.53609085083008,39.5715446472168,10.526315689086914,23.809524536132813,10,4.761904716491699,0,0,0,0,2.3294761180877686,8589934592,1073741824,5330812928,290652160
209,1771647600802,3504,3504,3504,3504,3504,3504,3504,3504,40.212982177734375,39.87881088256836,38.58866882324219,38.428810119628906,38.787689208984375,38.44856262207031,38.460060119628906,39.53609085083008,39.5715446472168,19.047618865966797,20,14.285715103149414,9.523809432983398,0,4.761904716491699,4.761904716491699,0,1.9245270490646362,8589934592,1073741824,5330190336,290652160
207,1771647601012,3504,3504,3504,3504,3504,3504,3504,3504,40.212982177734375,39.87881088256836,38.58866882324219,38.428810119628906,38.787689208984375,38.44856262207031,38.460060119628906,39.53609085083008,39.5715446472168,14.285715103149414,23.809524536132813,9.523809432983398,5,0,0,0,0,1.9245270490646362,8589934592,1073741824,5330190336,290652160
204,1771647601220,3504,3504,3504,3504,3504,3504,3504,3504,40.14512252807617,39.815155029296875,38.484046936035156,38.32440948486328,38.72150421142578,38.34819030761719,38.40907287597656,39.40604019165039,39.488372802734375,19.047618865966797,20,10,9.523809432983398,0,0,0,0,1.9245270490646362,8589934592,1073741824,5330255872,290652160
209,1771647601425,3504,3504,3504,3504,3504,3504,3504,3504,40.14512252807617,39.815155029296875,38.484046936035156,38.32440948486328,38.72150421142578,38.34819030761719,38.40907287597656,39.40604019165039,39.488372802734375,15.000000953674316,23.809524536132813,14.285715103149414,14.285715103149414,0,0,0,0,1.9245270490646362,8589934592,1073741824,5330272256,290652160
203,1771647601635,3504,3504,3504,3504,3504,3504,3504,3504,40.14512252807617,39.815155029296875,38.484046936035156,38.32440948486328,38.72150421142578,38.34819030761719,38.40907287597656,39.40604019165039,39.488372802734375,15.000000953674316,19.047618865966797,9.523809432983398,5,0,0,0,0,1.9245270490646362,8589934592,1073741824,5330255872,290652160
209,1771647601840,3504,3504,3504,3504,3504,3504,3504,3504,40.14512252807617,39.815155029296875,38.484046936035156,38.32440948486328,38.72150421142578,38.34819030761719,38.40907287597656,39.40604019165039,39.488372802734375,22.72727394104004,20,5.263157844543457,9.523809432983398,0,0,0,0,2.2693769931793213,8589934592,1073741824,5330108416,290652160
203,1771647602050,3504,3504,3504,3504,3504,3504,3504,3504,40.14512252807617,39.815155029296875,38.484046936035156,38.32440948486328,38.72150421142578,38.34819030761719,38.40907287597656,39.40604019165039,39.488372802734375,15.000000953674316,28.571430206298828,14.285715103149414,5,0,0,0,0,2.2693769931793213,8589934592,1073741824,5329829888,290652160
205,1771647602254,3504,3504,3504,3504,3504,3504,3504,3504,39.972713470458984,39.637794494628906,38.285003662109375,38.158294677734375,38.596519470214844,38.228233337402344,38.27473449707031,39.24523162841797,39.33735656738281,20,15.000000953674316,9.523809432983398,10,0,0,0,0,2.2693769931793213,8589934592,1073741824,5329829888,290652160
202,1771647602460,3504,3504,3504,3504,3504,3504,3504,3504,39.972713470458984,39.637794494628906,38.285003662109375,38.158294677734375,38.596519470214844,38.228233337402344,38.27473449707031,39.24523162841797,39.33735656738281,23.809524536132813,14.285715103149414,10,22.72727394104004,0,0,0,0,2.2693769931793213,8589934592,1073741824,5329829888,290652160
200,1771647602662,3504,3504,3504,3504,3504,3504,3504,3504,39.972713470458984,39.637794494628906,38.285003662109375,38.158294677734375,38.596519470214844,38.228233337402344,38.27473449707031,39.24523162841797,39.33735656738281,25,15.000000953674316,10,5,0,0,0,0,2.4803476333618164,8589934592,1073741824,5328388096,290652160
207,1771647602863,3504,3504,3504,3504,3504,3504,3504,3504,39.972713470458984,39.637794494628906,38.285003662109375,38.158294677734375,38.596519470214844,38.228233337402344,38.27473449707031,39.24523162841797,39.33735656738281,20,10,19.047618865966797,10,0,0,0,0,2.4803476333618164,8589934592,1073741824,5328388096,290652160
206,1771647603070,3504,3504,3504,3504,3504,3504,3504,3504,39.972713470458984,39.637794494628906,38.285003662109375,38.158294677734375,38.596519470214844,38.228233337402344,38.27473449707031,39.24523162841797,39.33735656738281,19.047618865966797,15.000000953674316,20,10,0,0,0,0,2.4803476333618164,8589934592,1073741824,5328453632,290652160
206,1771647603277,3504,3504,3504,3504,3504,3504,3504,3504,39.894386291503906,39.48181915283203,38.22795104980469,38.03888702392578,38.50890350341797,38.119140625,38.18018341064453,39.168800354003906,39.225215911865234,15.000000953674316,19.047618865966797,14.285715103149414,9.523809432983398,0,0,0,0,2.4803476333618164,8589934592,1073741824,5328453632,290652160
202,1771647603484,3504,3504,3504,3504,3504,3504,3504,3504,39.894386291503906,39.48181915283203,38.22795104980469,38.03888702392578,38.50890350341797,38.119140625,38.18018341064453,39.168800354003906,39.225215911865234,14.285715103149414,23.809524536132813,19.047618865966797,4.761904716491699,0,0,0,0,2.4803476333618164,8589934592,1073741824,5328453632,290652160
205,1771647603687,3504,3504,3504,3504,3504,3504,3504,3504,39.894386291503906,39.48181915283203,38.22795104980469,38.03888702392578,38.50890350341797,38.119140625,38.18018341064453,39.168800354003906,39.225215911865234,20,10.526315689086914,20,10,0,0,0,0,2.248741388320923,8589934592,1073741824,5328371712,290652160
206,1771647603893,3504,3504,3504,3504,3504,3504,3504,3504,39.894386291503906,39.48181915283203,38.22795104980469,38.03888702392578,38.50890350341797,38.119140625,38.18018341064453,39.168800354003906,39.225215911865234,20,14.285715103149414,15.789472579956055,9.523809432983398,0,0,0,0,2.248741388320923,8589934592,1073741824,5328388096,290652160
202,1771647604100,3504,3504,3504,3504,3504,3504,3504,3504,39.894386291503906,39.48181915283203,38.22795104980469,38.03888702392578,38.50890350341797,38.119140625,38.18018341064453,39.168800354003906,39.225215911865234,15.000000953674316,22.72727394104004,19.047618865966797,5,0,0,0,0,2.248741388320923,8589934592,1073741824,5328388096,290652160
209,1771647604304,3504,3504,3504,3504,3504,3504,3504,3504,39.885406494140625,39.42045974731445,38.20929718017578,37.93262481689453,38.4475212097168,38.051483154296875,38.06465148925781,39.135231018066406,39.157981872558594,15.000000953674316,25,14.285715103149414,9.523809432983398,0,0,0,0,2.248741388320923,8589934592,1073741824,5328502784,290652160
206,1771647604514,3504,3504,3504,3504,3504,3504,3504,3504,39.885406494140625,39.42045974731445,38.20929718017578,37.93262481689453,38.4475212097168,38.051483154296875,38.06465148925781,39.135231018066406,39.157981872558594,14.285715103149414,20,14.285715103149414,5,0,0,0,0,2.248741388320923,8589934592,1073741824,5328453632,290652160
206,1771647604720,3504,3504,3504,3504,3504,3504,3504,3504,39.885406494140625,39.42045974731445,38.20929718017578,37.93262481689453,38.4475212097168,38.051483154296875,38.06465148925781,39.135231018066406,39.157981872558594,19.047618865966797,23.809524536132813,20,5,0,0,0,0,2.3174874782562256,8589934592,1073741824,5328486400,290652160
206,1771647604926,3504,3504,3504,3504,3504,3504,3504,3504,39.885406494140625,39.42045974731445,38.20929718017578,37.93262481689453,38.4475212097168,38.051483154296875,38.06465148925781,39.135231018066406,39.157981872558594,14.285715103149414,20,15.000000953674316,9.523809432983398,14.285715103149414,10,5,5,2.3174874782562256,8589934592,1073741824,5328961536,290652160
209,1771647605134,3504,3504,3504,3504,3504,3504,3504,3504,39.885406494140625,39.42045974731445,38.20929718017578,37.93262481689453,38.4475212097168,38.051483154296875,38.06465148925781,39.135231018066406,39.157981872558594,15.000000953674316,20,18.18181800842285,5,0,0,0,0,2.3174874782562256,8589934592,1073741824,5328977920,290652160
209,1771647605343,3504,3504,3504,3504,3504,3504,3504,3504,39.94496536254883,39.44831466674805,38.21331024169922,38.025421142578125,38.40769577026367,37.978981018066406,38.03205108642578,39.14335632324219,39.142093658447266,19.047618865966797,27.272727966308594,23.809524536132813,23.809524536132813,20,19.047618865966797,15.000000953674316,14.285715103149414,2.3174874782562256,8589934592,1073741824,5329027072,290652160
209,1771647605554,3504,3504,3504,3504,3504,3504,3504,3504,39.94496536254883,39.44831466674805,38.21331024169922,38.025421142578125,38.40769577026367,37.978981018066406,38.03205108642578,39.14335632324219,39.142093658447266,14.285715103149414,10,5,14.285715103149414,4.545454502105713,0,0,4.761904716491699,2.3174874782562256,8589934592,1073741824,5329027072,290652160
209,1771647605764,3504,3504,3504,3504,3504,3504,3504,3504,39.94496536254883,39.44831466674805,38.21331024169922,38.025421142578125,38.40769577026367,37.978981018066406,38.03205108642578,39.14335632324219,39.142093658447266,19.047618865966797,27.272727966308594,14.285715103149414,9.523809432983398,0,0,0,0,2.1096489429473877,8589934592,1073741824,5329059840,290652160
204,1771647605974,3504,3504,3504,3504,3504,3504,3504,3504,39.94496536254883,39.44831466674805,38.21331024169922,38.025421142578125,38.40769577026367,37.978981018066406,38.03205108642578,39.14335632324219,39.142093658447266,19.047618865966797,25,5,14.285715103149414,0,0,0,0,2.1096489429473877,8589934592,1073741824,5329059840,290652160
209,1771647606178,3504,3504,3504,3504,3504,3504,3504,3504,40.25643539428711,39.722259521484375,38.43424987792969,38.248878479003906,38.58625030517578,38.28197479248047,38.35162353515625,39.40629577636719,39.454185485839844,20,20,19.047618865966797,9.523809432983398,0,0,0,0,2.1096489429473877,8589934592,1073741824,5329010688,290652160
209,1771647606388,3504,3504,3504,3504,3504,3504,3504,3504,40.25643539428711,39.722259521484375,38.43424987792969,38.248878479003906,38.58625030517578,38.28197479248047,38.35162353515625,39.40629577636719,39.454185485839844,14.285715103149414,13.636363983154297,18.18181800842285,15.000000953674316,0,0,0,0,2.1096489429473877,8589934592,1073741824,5329027072,290652160
203,1771647606598,3504,3504,3504,3504,3504,3504,3504,3504,40.25643539428711,39.722259521484375,38.43424987792969,38.248878479003906,38.58625030517578,38.28197479248047,38.35162353515625,39.40629577636719,39.454185485839844,14.285715103149414,25,10,14.285715103149414,0,0,0,0,2.1096489429473877,8589934592,1073741824,5328912384,290652160
207,1771647606802,3504,3504,3504,3504,3504,3504,3504,3504,40.25643539428711,39.722259521484375,38.43424987792969,38.248878479003906,38.58625030517578,38.28197479248047,38.35162353515625,39.40629577636719,39.454185485839844,20,25,10,9.523809432983398,0,0,0,0,2.0746986865997314,8589934592,1073741824,5328928768,290652160
209,1771647607010,3504,3504,3504,3504,3504,3504,3504,3504,40.25643539428711,39.722259521484375,38.43424987792969,38.248878479003906,38.58625030517578,38.28197479248047,38.35162353515625,39.40629577636719,39.454185485839844,23.809524536132813,38.095237731933594,19.047618865966797,15.000000953674316,38.095237731933594,0,0,0,2.0746986865997314,8589934592,1073741824,5329305600,290652160
205,1771647607220,3504,3504,3504,3504,3504,3504,3504,3504,39.983848571777344,39.62937545776367,38.305503845214844,38.012733459472656,38.444576263427734,37.931060791015625,38.00201416015625,39.087493896484375,39.119380950927734,38.095237731933594,27.272727966308594,19.047618865966797,31.81818199157715,0,0,0,0,2.0746986865997314,8589934592,1073741824,5329223680,290652160
209,1771647607427,3504,3504,3504,3504,3504,3504,3504,3504,39.983848571777344,39.62937545776367,38.305503845214844,38.012733459472656,38.444576263427734,37.931060791015625,38.00201416015625,39.087493896484375,39.119380950927734,30.000001907348633,20,25,10,0,0,0,0,2.0746986865997314,8589934592,1073741824,5329256448,290652160
205,1771647607637,3504,3504,3504,3504,3504,3504,3504,3504,39.983848571777344,39.62937545776367,38.305503845214844,38.012733459472656,38.444576263427734,37.931060791015625,38.00201416015625,39.087493896484375,39.119380950927734,19.047618865966797,15.000000953674316,9.523809432983398,19.047618865966797,9.090909004211426,9.523809432983398,4.761904716491699,0,2.0746986865997314,8589934592,1073741824,5329633280,290652160
207,1771647607842,3504,3504,3504,3504,3504,3504,3504,3504,39.983848571777344,39.62937545776367,38.305503845214844,38.012733459472656,38.444576263427734,37.931060791015625,38.00201416015625,39.087493896484375,39.119380950927734,15.000000953674316,14.285715103149414,14.285715103149414,25,0,0,0,0,3.205254077911377,8589934592,1073741824,5329321984,290652160
203,1771647608050,3504,3504,3504,3504,3504,3504,3504,3504,39.983848571777344,39.62937545776367,38.305503845214844,38.012733459472656,38.444576263427734,37.931060791015625,38.00201416015625,39.087493896484375,39.119380950927734,23.809524536132813,14.285715103149414,9.523809432983398,23.809524536132813,0,0,0,0,3.205254077911377,8589934592,1073741824,5329321984,290652160
209,1771647608254,3504,3504,3504,3504,3504,3504,3504,3504,39.900970458984375,39.34968566894531,38.096710205078125,37.89439392089844,38.37637710571289,37.90276336669922,37.961891174316406,39.08918762207031,39.08999252319336,20,15.000000953674316,5.263157844543457,14.285715103149414,0,0,0,0,3.205254077911377,8589934592,1073741824,5329403904,290652160
206,1771647608464,3504,3504,3504,3504,3504,3504,3504,3504,39.900970458984375,39.34968566894531,38.096710205078125,37.89439392089844,38.37637710571289,37.90276336669922,37.961891174316406,39.08918762207031,39.08999252319336,25,10,13.636363983154297,9.523809432983398,0,0,0,0,3.205254077911377,8589934592,1073741824,5329272832,290652160
209,1771647608670,3504,3504,3504,3504,3504,3504,3504,3504,39.900970458984375,39.34968566894531,38.096710205078125,37.89439392089844,38.37637710571289,37.90276336669922,37.961891174316406,39.08918762207031,39.08999252319336,19.047618865966797,14.285715103149414,25,5.263157844543457,0,0,0,0,2.8692007064819336,8589934592,1073741824,5329272832,290652160
206,1771647608880,3504,3504,3504,3504,3504,3504,3504,3504,39.900970458984375,39.34968566894531,38.096710205078125,37.89439392089844,38.37637710571289,37.90276336669922,37.961891174316406,39.08918762207031,39.08999252319336,22.72727394104004,14.285715103149414,27.272727966308594,13.636363983154297,0,0,0,0,2.8692007064819336,8589934592,1073741824,5329289216,290652160
209,1771647609087,3504,3504,3504,3504,3504,3504,3504,3504,39.900970458984375,39.34968566894531,38.096710205078125,37.89439392089844,38.37637710571289,37.90276336669922,37.961891174316406,39.08918762207031,39.08999252319336,15.000000953674316,14.285715103149414,25,9.523809432983398,0,0,0,0,2.8692007064819336,8589934592,1073741824,5329289216,290652160
208,1771647609297,3504,3504,3504,3504,3504,3504,3504,3504,39.792598724365234,39.15156555175781,37.84552764892578,37.76555633544922,38.29486083984375,37.68744659423828,37.885154724121094,38.87778854370117,38.89986038208008,23.809524536132813,19.047618865966797,14.285715103149414,14.285715103149414,0,0,0,0,2.8692007064819336,8589934592,1073741824,5329321984,290652160
204,1771647609506,3504,3504,3504,3504,3504,3504,3504,3504,39.792598724365234,39.15156555175781,37.84552764892578,37.76555633544922,38.29486083984375,37.68744659423828,37.885154724121094,38.87778854370117,38.89986038208008,23.809524536132813,15.000000953674316,5.263157844543457,5,0,0,0,0,2.8692007064819336,8589934592,1073741824,5329321984,290652160
206,1771647609711,3504,3504,3504,3504,3504,3504,3504,3504,39.792598724365234,39.15156555175781,37.84552764892578,37.76555633544922,38.29486083984375,37.68744659423828,37.885154724121094,38.87778854370117,38.89986038208008,15.000000953674316,22.72727394104004,22.72727394104004,5,0,0,0,0,2.294114589691162,8589934592,1073741824,5329223680,290652160
206,1771647609918,3504,3504,3504,3504,3504,3504,3504,3504,39.792598724365234,39.15156555175781,37.84552764892578,37.76555633544922,38.29486083984375,37.68744659423828,37.885154724121094,38.87778854370117,38.89986038208008,15.000000953674316,10.526315689086914,20,19.047618865966797,0,0,0,0,2.294114589691162,8589934592,1073741824,5329223680,290652160
209,1771647610125,3504,3504,3504,3504,3504,3504,3504,3504,39.792598724365234,39.15156555175781,37.84552764892578,37.76555633544922,38.29486083984375,37.68744659423828,37.885154724121094,38.87778854370117,38.89986038208008,15.000000953674316,19.047618865966797,9.523809432983398,19.047618865966797,0,0,0,0,2.294114589691162,8589934592,1073741824,5329158144,290652160
209,1771647610335,3504,3504,3504,3504,3504,3504,3504,3504,39.767826080322266,39.080352783203125,37.796875,37.739967346191406,38.188228607177734,37.599700927734375,37.79698944091797,38.787437438964844,38.796669006347656,14.285715103149414,23.809524536132813,5,5,5,4.761904716491699,4.545454502105713,4.761904716491699,2.294114589691162,8589934592,1073741824,5329174528,290652160
204,1771647610545,3504,3504,3504,3504,3504,3504,3504,3504,39.767826080322266,39.080352783203125,37.796875,37.739967346191406,38.188228607177734,37.599700927734375,37.79698944091797,38.787437438964844,38.796669006347656,31.81818199157715,13.636363983154297,13.636363983154297,13.636363983154297,0,0,0,0,2.294114589691162,8589934592,1073741824,5329174528,290652160
201,1771647610750,3504,3504,3504,3504,3504,3504,3504,3504,39.767826080322266,39.080352783203125,37.796875,37.739967346191406,38.188228607177734,37.599700927734375,37.79698944091797,38.787437438964844,38.796669006347656,20,10.526315689086914,10,10,0,0,0,0,2.0754129886627197,8589934592,1073741824,5329240064,290652160
201,1771647610952,3504,3504,3504,3504,3504,3504,3504,3504,39.767826080322266,39.080352783203125,37.796875,37.739967346191406,38.188228607177734,37.599700927734375,37.79698944091797,38.787437438964844,38.796669006347656,28.571430206298828,25,10,10,0,0,0,0,2.0754129886627197,8589934592,1073741824,5329240064,290652160
205,1771647611153,3504,3504,3504,3504,3504,3504,3504,3504,39.76272964477539,39.092411041259766,37.813079833984375,37.70611572265625,38.13667678833008,37.57853698730469,37.808372497558594,38.808780670166016,38.8046760559082,15.789472579956055,30.000001907348633,15.000000953674316,14.285715103149414,0,0,0,0,2.0754129886627197,8589934592,1073741824,5329076224,290652160
209,1771647611360,3504,3504,3504,3504,3504,3504,3504,3504,39.76272964477539,39.092411041259766,37.813079833984375,37.70611572265625,38.13667678833008,37.57853698730469,37.808372497558594,38.808780670166016,38.8046760559082,28.571430206298828,28.571430206298828,25,15.000000953674316,0,0,0,0,2.0754129886627197,8589934592,1073741824,5329371136,290652160
206,1771647611570,3504,3504,3504,3504,3504,3504,3504,3504,39.76272964477539,39.092411041259766,37.813079833984375,37.70611572265625,38.13667678833008,37.57853698730469,37.808372497558594,38.808780670166016,38.8046760559082,14.285715103149414,15.000000953674316,22.72727394104004,9.523809432983398,0,0,0,0,2.0754129886627197,8589934592,1073741824,5329371136,290652160
207,1771647611779,3504,3504,3504,3504,3504,3504,3504,3504,39.76272964477539,39.092411041259766,37.813079833984375,37.70611572265625,38.13667678833008,37.57853698730469,37.808372497558594,38.808780670166016,38.8046760559082,23.809524536132813,18.18181800842285,20,10,0,0,0,0,2.029212713241577,8589934592,1073741824,5329633280,290652160
206,1771647611987,3504,3504,3504,3504,3504,3504,3504,3504,39.76272964477539,39.092411041259766,37.813079833984375,37.70611572265625,38.13667678833008,37.57853698730469,37.808372497558594,38.808780670166016,38.8046760559082,20,20,9.523809432983398,9.523809432983398,5,5,9.523809432983398,4.761904716491699,2.029212713241577,8589934592,1073741824,5330190336,290652160
208,1771647612194,3504,3504,3504,3504,3504,3504,3504,3504,39.721221923828125,39.020606994628906,37.77403259277344,37.612892150878906,38.079017639160156,37.488372802734375,37.74638366699219,38.755062103271484,38.70766067504883,23.809524536132813,20,14.285715103149414,13.636363983154297,0,0,0,0,2.029212713241577,8589934592,1073741824,5329813504,290652160
199,1771647612403,3504,3504,3504,3504,3504,3504,3504,3504,39.721221923828125,39.020606994628906,37.77403259277344,37.612892150878906,38.079017639160156,37.488372802734375,37.74638366699219,38.755062103271484,38.70766067504883,25,14.285715103149414,14.285715103149414,20,0,0,0,0,2.029212713241577,8589934592,1073741824,5329911808,290652160
208,1771647612604,3504,3504,3504,3504,3504,3504,3504,3504,39.721221923828125,39.020606994628906,37.77403259277344,37.612892150878906,38.079017639160156,37.488372802734375,37.74638366699219,38.755062103271484,38.70766067504883,23.809524536132813,14.285715103149414,5.263157844543457,15.000000953674316,0,0,0,0,2.029212713241577,8589934592,1073741824,5329895424,290652160
204,1771647612813,3504,3504,3504,3504,3504,3504,3504,3504,39.721221923828125,39.020606994628906,37.77403259277344,37.612892150878906,38.079017639160156,37.488372802734375,37.74638366699219,38.755062103271484,38.70766067504883,19.047618865966797,15.000000953674316,18.18181800842285,9.523809432983398,0,0,0,0,1.8783150911331177,8589934592,1073741824,5329960960,290652160
205,1771647613018,3504,3504,3504,3504,3504,3504,3504,3504,39.721221923828125,39.020606994628906,37.77403259277344,37.612892150878906,38.079017639160156,37.488372802734375,37.74638366699219,38.755062103271484,38.70766067504883,25,19.047618865966797,20,9.523809432983398,0,0,0,0,1.8783150911331177,8589934592,1073741824,5327831040,290652160
200,1771647613224,3504,3504,3504,3504,3504,3504,3504,3504,39.6492805480957,38.929107666015625,37.685691833496094,37.503204345703125,37.95429992675781,37.389732360839844,37.58434295654297,38.65696334838867,38.62489700317383,15.000000953674316,15.000000953674316,20,5.263157844543457,0,0,0,0,1.8783150911331177,8589934592,1073741824,5327831040,290652160
200,1771647613424,3504,3504,3504,3504,3504,3504,3504,3504,39.6492805480957,38.929107666015625,37.685691833496094,37.503204345703125,37.95429992675781,37.389732360839844,37.58434295654297,38.65696334838867,38.62489700317383,20,15.000000953674316,20,15.000000953674316,0,0,0,0,1.8783150911331177,8589934592,1073741824,5327831040,290652160
199,1771647613625,3504,3504,3504,3504,3504,3504,3504,3504,39.6492805480957,38.929107666015625,37.685691833496094,37.503204345703125,37.95429992675781,37.389732360839844,37.58434295654297,38.65696334838867,38.62489700317383,20,15.789472579956055,15.000000953674316,19.047618865966797,0,0,0,0,1.8783150911331177,8589934592,1073741824,5327831040,290652160
208,1771647613825,3504,3504,3504,3504,3504,3504,3504,3504,39.6492805480957,38.929107666015625,37.685691833496094,37.503204345703125,37.95429992675781,37.389732360839844,37.58434295654297,38.65696334838867,38.62489700317383,15.000000953674316,23.809524536132813,10,5.263157844543457,0,0,0,0,2.964057207107544,8589934592,1073741824,5327716352,290652160
208,1771647614033,3504,3504,3504,3504,3504,3504,3504,3504,39.6492805480957,38.929107666015625,37.685691833496094,37.503204345703125,37.95429992675781,37.389732360839844,37.58434295654297,38.65696334838867,38.62489700317383,23.809524536132813,23.809524536132813,14.285715103149414,13.636363983154297,0,0,0,0,2.964057207107544,8589934592,1073741824,5327716352,290652160
208,1771647614242,3504,3504,3504,3504,3504,3504,3504,3504,39.46488952636719,38.856239318847656,37.595245361328125,37.46253204345703,37.8948974609375,37.288856506347656,37.511688232421875,38.556583404541016,38.5620231628418,15.000000953674316,20,14.285715103149414,5,0,0,0,0,2.964057207107544,8589934592,1073741824,5327699968,290652160
199,1771647614452,3504,3504,3504,3504,3504,3504,3504,3504,39.46488952636719,38.856239318847656,37.595245361328125,37.46253204345703,37.8948974609375,37.288856506347656,37.511688232421875,38.556583404541016,38.5620231628418,36.3636360168457,19.047618865966797,10,13.636363983154297,0,0,0,0,2.964057207107544,8589934592,1073741824,5327749120,290652160
201,1771647614652,3504,3504,3504,3504,3504,3504,3504,3504,39.46488952636719,38.856239318847656,37.595245361328125,37.46253204345703,37.8948974609375,37.288856506347656,37.511688232421875,38.556583404541016,38.5620231628418,30.000001907348633,15.000000953674316,9.523809432983398,5.555555820465088,0,0,0,0,2.908677101135254,8589934592,1073741824,5327765504,290652160
205,1771647614854,3504,3504,3504,3504,3504,3504,3504,3504,39.46488952636719,38.856239318847656,37.595245361328125,37.46253204345703,37.8948974609375,37.288856506347656,37.511688232421875,38.556583404541016,38.5620231628418,21.052631378173828,25,5.263157844543457,14.285715103149414,0,0,0,0,2.908677101135254,8589934592,1073741824,5327765504,290652160
202,1771647615060,3504,3504,3504,3504,3504,3504,3504,3504,39.46488952636719,38.856239318847656,37.595245361328125,37.46253204345703,37.8948974609375,37.288856506347656,37.511688232421875,38.556583404541016,38.5620231628418,19.047618865966797,23.809524536132813,14.285715103149414,5,0,0,0,0,2.908677101135254,8589934592,1073741824,5327781888,290652160
209,1771647615262,3504,3504,3504,3504,3504,3504,3504,3504,39.336326599121094,38.80255889892578,37.48582458496094,37.408721923828125,37.83909606933594,37.214637756347656,37.49101257324219,38.46634292602539,38.51862335205078,15.000000953674316,30.000001907348633,10,5,0,0,0,0,2.908677101135254,8589934592,1073741824,5327781888,290652160
203,1771647615473,3504,3504,3504,3504,3504,3504,3504,3504,39.336326599121094,38.80255889892578,37.48582458496094,37.408721923828125,37.83909606933594,37.214637756347656,37.49101257324219,38.46634292602539,38.51862335205078,15.000000953674316,19.047618865966797,14.285715103149414,13.636363983154297,4.761904716491699,4.545454502105713,0,4.545454502105713,2.908677101135254,8589934592,1073741824,5327847424,290652160
202,1771647615677,3504,3504,3504,3504,3504,3504,3504,3504,39.336326599121094,38.80255889892578,37.48582458496094,37.408721923828125,37.83909606933594,37.214637756347656,37.49101257324219,38.46634292602539,38.51862335205078,42.85714340209961,35,35,30.000001907348633,0,0,0,0,2.2483530044555664,8589934592,1073741824,5328928768,290652160
205,1771647615880,3504,3504,3504,3504,3504,3504,3504,3504,39.336326599121094,38.80255889892578,37.48582458496094,37.408721923828125,37.83909606933594,37.214637756347656,37.49101257324219,38.46634292602539,38.51862335205078,33.333335876464844,20,14.285715103149414,10,0,0,4.761904716491699,0,2.2483530044555664,8589934592,1073741824,5328945152,290652160
209,1771647616087,3504,3504,3504,3504,3504,3504,3504,3504,39.336326599121094,38.80255889892578,37.48582458496094,37.408721923828125,37.83909606933594,37.214637756347656,37.49101257324219,38.46634292602539,38.51862335205078,21.052631378173828,9.523809432983398,5,14.285715103149414,0,0,0,0,2.2483530044555664,8589934592,1073741824,5328945152,290652160
206,1771647616297,3504,3504,3504,3504,3504,3504,3504,3504,39.30226135253906,38.86872100830078,37.478515625,37.16248321533203,37.80107116699219,37.191925048828125,37.437713623046875,38.44091033935547,38.51359939575195,27.272727966308594,19.047618865966797,14.285715103149414,19.047618865966797,0,0,0,0,2.2483530044555664,8589934592,1073741824,5328994304,290652160
209,1771647616504,3504,3504,3504,3504,3504,3504,3504,3504,39.30226135253906,38.86872100830078,37.478515625,37.16248321533203,37.80107116699219,37.191925048828125,37.437713623046875,38.44091033935547,38.51359939575195,20,15.000000953674316,15.000000953674316,15.000000953674316,9.523809432983398,0,0,0,2.2483530044555664,8589934592,1073741824,5329829888,290652160
204,1771647616714,3504,3504,3504,3504,3504,3504,3504,3504,39.30226135253906,38.86872100830078,37.478515625,37.16248321533203,37.80107116699219,37.191925048828125,37.437713623046875,38.44091033935547,38.51359939575195,14.285715103149414,19.047618865966797,19.047618865966797,14.285715103149414,0,0,0,0,1.8784784078598022,8589934592,1073741824,5329846272,290652160
206,1771647616918,3504,3504,3504,3504,3504,3504,3504,3504,39.30226135253906,38.86872100830078,37.478515625,37.16248321533203,37.80107116699219,37.191925048828125,37.437713623046875,38.44091033935547,38.51359939575195,15.000000953674316,25,25,14.285715103149414,10.526315689086914,0,0,0,1.8784784078598022,8589934592,1073741824,5330272256,290652160
209,1771647617125,3504,3504,3504,3504,3504,3504,3504,3504,39.30226135253906,38.86872100830078,37.478515625,37.16248321533203,37.80107116699219,37.191925048828125,37.437713623046875,38.44091033935547,38.51359939575195,20,14.285715103149414,23.809524536132813,5,27.272727966308594,0,0,0,1.8784784078598022,8589934592,1073741824,5330173952,290652160
209,1771647617335,3504,3504,3504,3504,3504,3504,3504,3504,39.37599182128906,39.08205795288086,37.696563720703125,37.212440490722656,37.86088180541992,37.19720458984375,37.438011169433594,38.46153259277344,38.51404571533203,14.285715103149414,14.285715103149414,20,14.285715103149414,0,4.545454502105713,0,0,1.8784784078598022,8589934592,1073741824,5330173952,290652160
208,1771647617545,3504,3504,3504,3504,3504,3504,3504,3504,39.37599182128906,39.08205795288086,37.696563720703125,37.212440490722656,37.86088180541992,37.19720458984375,37.438011169433594,38.46153259277344,38.51404571533203,9.523809432983398,9.523809432983398,21.7391300201416,19.047618865966797,0,0,0,0,1.8784784078598022,8589934592,1073741824,5330173952,290652160
204,1771647617754,3504,3504,3504,3504,3504,3504,3504,3504,39.37599182128906,39.08205795288086,37.696563720703125,37.212440490722656,37.86088180541992,37.19720458984375,37.438011169433594,38.46153259277344,38.51404571533203,15.000000953674316,5,5.263157844543457,19.047618865966797,0,0,0,0,2.558605909347534,8589934592,1073741824,5330173952,290652160
200,1771647617959,3504,3504,3504,3504,3504,3504,3504,3504,39.37599182128906,39.08205795288086,37.696563720703125,37.212440490722656,37.86088180541992,37.19720458984375,37.438011169433594,38.46153259277344,38.51404571533203,19.047618865966797,28.571430206298828,18.18181800842285,15.000000953674316,0,0,0,0,2.558605909347534,8589934592,1073741824,5330272256,290652160
199,1771647618160,3504,3504,3504,3504,3504,3504,3504,3504,39.243953704833984,38.7142219543457,37.41559600830078,37.04131317138672,37.73274230957031,37.21173095703125,37.39678192138672,38.37142562866211,38.450294494628906,15.000000953674316,21.052631378173828,10.526315689086914,9.523809432983398,0,0,0,0,2.558605909347534,8589934592,1073741824,5330124800,290652160
207,1771647618360,3504,3504,3504,3504,3504,3504,3504,3504,39.243953704833984,38.7142219543457,37.41559600830078,37.04131317138672,37.73274230957031,37.21173095703125,37.39678192138672,38.37142562866211,38.450294494628906,15.000000953674316,33.333335876464844,10.526315689086914,5.263157844543457,0,0,0,0,2.558605909347534,8589934592,1073741824,5330124800,290652160
206,1771647618568,3504,3504,3504,3504,3504,3504,3504,3504,39.243953704833984,38.7142219543457,37.41559600830078,37.04131317138672,37.73274230957031,37.21173095703125,37.39678192138672,38.37142562866211,38.450294494628906,15.000000953674316,25,13.636363983154297,9.523809432983398,0,0,0,0,2.558605909347534,8589934592,1073741824,5330124800,290652160
202,1771647618775,3504,3504,3504,3504,3504,3504,3504,3504,39.243953704833984,38.7142219543457,37.41559600830078,37.04131317138672,37.73274230957031,37.21173095703125,37.39678192138672,38.37142562866211,38.450294494628906,19.047618865966797,23.809524536132813,9.523809432983398,10,0,0,0,0,2.5494472980499268,8589934592,1073741824,5330124800,290652160
201,1771647618978,3504,3504,3504,3504,3504,3504,3504,3504,39.243953704833984,38.7142219543457,37.41559600830078,37.04131317138672,37.73274230957031,37.21173095703125,37.39678192138672,38.37142562866211,38.450294494628906,19.047618865966797,20,15.000000953674316,20,0,0,0,0,2.5494472980499268,8589934592,1073741824,5330092032,290652160
209,1771647619180,3504,3504,3504,3504,3504,3504,3504,3504,39.2765007019043,38.60798263549805,37.36920166015625,37.002628326416016,37.64451217651367,37.073944091796875,37.30823516845703,38.285648345947266,38.41911315917969,15.789472579956055,23.809524536132813,10,10,0,0,0,0,2.5494472980499268,8589934592,1073741824,5330092032,290652160
209,1771647619390,3504,3504,3504,3504,3504,3504,3504,3504,39.2765007019043,38.60798263549805,37.36920166015625,37.002628326416016,37.64451217651367,37.073944091796875,37.30823516845703,38.285648345947266,38.41911315917969,36.3636360168457,14.285715103149414,14.285715103149414,9.523809432983398,0,0,0,0,2.5494472980499268,8589934592,1073741824,5330092032,290652160
209,1771647619601,3504,3504,3504,3504,3504,3504,3504,3504,39.2765007019043,38.60798263549805,37.36920166015625,37.002628326416016,37.64451217651367,37.073944091796875,37.30823516845703,38.285648345947266,38.41911315917969,23.809524536132813,14.285715103149414,4.761904716491699,4.761904716491699,4.545454502105713,0,0,0,2.5494472980499268,8589934592,1073741824,5330092032,290652160
209,1771647619811,3504,3504,3504,3504,3504,3504,3504,3504,39.2765007019043,38.60798263549805,37.36920166015625,37.002628326416016,37.64451217651367,37.073944091796875,37.30823516845703,38.285648345947266,38.41911315917969,23.809524536132813,15.000000953674316,15.000000953674316,14.285715103149414,0,0,0,0,2.2025668621063232,8589934592,1073741824,5329879040,290652160
205,1771647620020,3504,3504,3504,3504,3504,3504,3504,3504,39.2765007019043,38.60798263549805,37.36920166015625,37.002628326416016,37.64451217651367,37.073944091796875,37.30823516845703,38.285648345947266,38.41911315917969,20,23.809524536132813,22.72727394104004,18.18181800842285,0,0,0,0,2.2025668621063232,8589934592,1073741824,5330042880,290652160
207,1771647620226,3504,3504,3504,3504,3504,3504,3504,3504,39.16252899169922,38.542476654052734,37.36229705810547,36.982452392578125,37.584964752197266,36.94293212890625,37.24449920654297,38.252113342285156,38.332401275634766,20,14.285715103149414,10,10.526315689086914,0,0,0,0,2.2025668621063232,8589934592,1073741824,5330059264,290652160
209,1771647620435,3504,3504,3504,3504,3504,3504,3504,3504,39.16252899169922,38.542476654052734,37.36229705810547,36.982452392578125,37.584964752197266,36.94293212890625,37.24449920654297,38.252113342285156,38.332401275634766,23.809524536132813,15.789472579956055,10,9.523809432983398,5,0,4.545454502105713,0,2.2025668621063232,8589934592,1073741824,5330042880,290652160
206,1771647620645,3504,3504,3504,3504,3504,3504,3504,3504,39.16252899169922,38.542476654052734,37.36229705810547,36.982452392578125,37.584964752197266,36.94293212890625,37.24449920654297,38.252113342285156,38.332401275634766,14.285715103149414,27.272727966308594,13.636363983154297,9.090909004211426,0,0,0,0,2.2025668621063232,8589934592,1073741824,5330092032,290652160
205,1771647620852,3504,3504,3504,3504,3504,3504,3504,3504,39.16252899169922,38.542476654052734,37.36229705810547,36.982452392578125,37.584964752197266,36.94293212890625,37.24449920654297,38.252113342285156,38.332401275634766,23.809524536132813,19.047618865966797,14.285715103149414,5,0,0,0,0,1.9940838813781738,8589934592,1073741824,5329764352,290652160
207,1771647621058,3504,3504,3504,3504,3504,3504,3504,3504,39.16252899169922,38.542476654052734,37.36229705810547,36.982452392578125,37.584964752197266,36.94293212890625,37.24449920654297,38.252113342285156,38.332401275634766,15.000000953674316,15.000000953674316,25,14.285715103149414,0,0,0,0,1.9940838813781738,8589934592,1073741824,5329764352,290652160
207,1771647621265,3504,3504,3504,3504,3504,3504,3504,3504,39.04125213623047,38.51272201538086,37.33125305175781,36.96738052368164,37.551204681396484,36.90339660644531,37.22631072998047,38.23468017578125,38.29520034790039,19.047618865966797,23.809524536132813,20,9.523809432983398,0,0,0,0,1.9940838813781738,8589934592,1073741824,5329780736,290652160
204,1771647621474,3504,3504,3504,3504,3504,3504,3504,3504,39.04125213623047,38.51272201538086,37.33125305175781,36.96738052368164,37.551204681396484,36.90339660644531,37.22631072998047,38.23468017578125,38.29520034790039,20,9.523809432983398,19.047618865966797,9.523809432983398,0,0,0,0,1.9940838813781738,8589934592,1073741824,5329731584,290652160
207,1771647621678,3504,3504,3504,3504,3504,3504,3504,3504,39.04125213623047,38.51272201538086,37.33125305175781,36.96738052368164,37.551204681396484,36.90339660644531,37.22631072998047,38.23468017578125,38.29520034790039,23.809524536132813,10,15.000000953674316,5.263157844543457,0,0,0,0,1.866721510887146,8589934592,1073741824,5329731584,290652160
205,1771647621887,3504,3504,3504,3504,3504,3504,3504,3504,39.04125213623047,38.51272201538086,37.33125305175781,36.96738052368164,37.551204681396484,36.90339660644531,37.22631072998047,38.23468017578125,38.29520034790039,28.571430206298828,25,23.809524536132813,14.285715103149414,4.545454502105713,8.69565200805664,0,0,1.866721510887146,8589934592,1073741824,5330829312,290652160
205,1771647622093,3504,3504,3504,3504,3504,3504,3504,3504,39.04125213623047,38.51272201538086,37.33125305175781,36.96738052368164,37.551204681396484,36.90339660644531,37.22631072998047,38.23468017578125,38.29520034790039,19.047618865966797,20,14.285715103149414,14.285715103149414,0,0,0,0,1.866721510887146,8589934592,1073741824,5330829312,290652160
209,1771647622300,3504,3504,3504,3504,3504,3504,3504,3504,38.9807243347168,38.44357681274414,37.265541076660156,36.91335678100586,37.532039642333984,36.825897216796875,37.16625213623047,38.194091796875,38.21303176879883,25,28.571430206298828,10,10,0,0,0,0,1.866721510887146,8589934592,1073741824,5330976768,290652160
203,1771647622510,3504,3504,3504,3504,3504,3504,3504,3504,38.9807243347168,38.44357681274414,37.265541076660156,36.91335678100586,37.532039642333984,36.825897216796875,37.16625213623047,38.194091796875,38.21303176879883,20,23.809524536132813,14.285715103149414,9.523809432983398,0,0,0,0,1.866721510887146,8589934592,1073741824,5330042880,290652160
209,1771647622714,3504,3504,3504,3504,3504,3504,3504,3504,38.9807243347168,38.44357681274414,37.265541076660156,36.91335678100586,37.532039642333984,36.825897216796875,37.16625213623047,38.194091796875,38.21303176879883,23.809524536132813,20,9.523809432983398,14.285715103149414,0,0,0,0,2.376241683959961,8589934592,1073741824,5330042880,290652160
202,1771647622924,3504,3504,3504,3504,3504,3504,3504,3504,38.9807243347168,38.44357681274414,37.265541076660156,36.91335678100586,37.532039642333984,36.825897216796875,37.16625213623047,38.194091796875,38.21303176879883,23.809524536132813,14.285715103149414,10,4.761904716491699,0,0,0,0,2.376241683959961,8589934592,1073741824,5330042880,290652160
207,1771647623126,3504,3504,3504,3504,3504,3504,3504,3504,38.9807243347168,38.44357681274414,37.265541076660156,36.91335678100586,37.532039642333984,36.825897216796875,37.16625213623047,38.194091796875,38.21303176879883,20,23.809524536132813,14.285715103149414,5.263157844543457,0,0,0,0,2.376241683959961,8589934592,1073741824,5330059264,290652160
209,1771647623335,3504,3504,3504,3504,3504,3504,3504,3504,38.93928146362305,38.40353012084961,37.10215759277344,36.872718811035156,37.49871826171875,36.78590393066406,37.13318634033203,38.144203186035156,38.1856689453125,23.809524536132813,20,14.285715103149414,13.636363983154297,0,0,0,0,2.376241683959961,8589934592,1073741824,5330059264,290652160
209,1771647623545,3504,3504,3504,3504,3504,3504,3504,3504,38.93928146362305,38.40353012084961,37.10215759277344,36.872718811035156,37.49871826171875,36.78590393066406,37.13318634033203,38.144203186035156,38.1856689453125,19.047618865966797,20,10,5,0,0,0,0,2.376241683959961,8589934592,1073741824,5330042880,290652160
209,1771647623755,3504,3504,3504,3504,3504,3504,3504,3504,38.93928146362305,38.40353012084961,37.10215759277344,36.872718811035156,37.49871826171875,36.78590393066406,37.13318634033203,38.144203186035156,38.1856689453125,15.000000953674316,22.72727394104004,19.047618865966797,13.636363983154297,0,0,0,0,2.2135872840881348,8589934592,1073741824,5330518016,290652160
205,1771647623965,3504,3504,3504,3504,3504,3504,3504,3504,38.93928146362305,38.40353012084961,37.10215759277344,36.872718811035156,37.49871826171875,36.78590393066406,37.13318634033203,38.144203186035156,38.1856689453125,14.285715103149414,23.809524536132813,19.047618865966797,5,0,0,0,0,2.2135872840881348,8589934592,1073741824,5330485248,290652160
206,1771647624170,3504,3504,3504,3504,3504,3504,3504,3504,38.90525817871094,38.312618255615234,37.00996780395508,37.00856018066406,37.41168975830078,36.71917724609375,37.07786560058594,38.079994201660156,38.1342658996582,15.000000953674316,23.809524536132813,19.047618865966797,9.523809432983398,0,0,0,0,2.2135872840881348,8589934592,1073741824,5330485248,290652160
209,1771647624377,3504,3504,3504,3504,3504,3504,3504,3504,38.90525817871094,38.312618255615234,37.00996780395508,37.00856018066406,37.41168975830078,36.71917724609375,37.07786560058594,38.079994201660156,38.1342658996582,23.809524536132813,20,10.526315689086914,10,0,0,0,0,2.2135872840881348,8589934592,1073741824,5330583552,290652160
209,1771647624587,3504,3504,3504,3504,3504,3504,3504,3504,38.90525817871094,38.312618255615234,37.00996780395508,37.00856018066406,37.41168975830078,36.71917724609375,37.07786560058594,38.079994201660156,38.1342658996582,15.000000953674316,28.571430206298828,13.636363983154297,9.523809432983398,0,0,0,0,2.2135872840881348,8589934592,1073741824,5330616320,290652160
209,1771647624797,3504,3504,3504,3504,3504,3504,3504,3504,38.90525817871094,38.312618255615234,37.00996780395508,37.00856018066406,37.41168975830078,36.71917724609375,37.07786560058594,38.079994201660156,38.1342658996582,19.047618865966797,28.571430206298828,14.285715103149414,14.285715103149414,0,0,0,0,2.2029457092285156,8589934592,1073741824,5330616320,290652160
207,1771647625007,3504,3504,3504,3504,3504,3504,3504,3504,38.90525817871094,38.312618255615234,37.00996780395508,37.00856018066406,37.41168975830078,36.71917724609375,37.07786560058594,38.079994201660156,38.1342658996582,18.18181800842285,23.809524536132813,4.761904716491699,4.761904716491699,0,0,0,0,2.2029457092285156,8589934592,1073741824,5330534400,290652160
209,1771647625215,3504,3504,3504,3504,3504,3504,3504,3504,38.892539978027344,38.28068542480469,36.97352600097656,36.98699188232422,37.3290901184082,36.68824005126953,37.02942657470703,38.0373420715332,38.09146499633789,15.000000953674316,30.000001907348633,14.285715103149414,9.523809432983398,0,0,0,0,2.2029457092285156,8589934592,1073741824,5330550784,290652160
209,1771647625424,3504,3504,3504,3504,3504,3504,3504,3504,38.892539978027344,38.28068542480469,36.97352600097656,36.98699188232422,37.3290901184082,36.68824005126953,37.02942657470703,38.0373420715332,38.09146499633789,27.272727966308594,23.809524536132813,23.809524536132813,19.047618865966797,22.72727394104004,19.047618865966797,18.18181800842285,14.285715103149414,2.2029457092285156,8589934592,1073741824,5330386944,290652160
200,1771647625635,3504,3504,3504,3504,3504,3504,3504,3504,38.892539978027344,38.28068542480469,36.97352600097656,36.98699188232422,37.3290901184082,36.68824005126953,37.02942657470703,38.0373420715332,38.09146499633789,10,5,10,14.285715103149414,0,0,0,0,2.2029457092285156,8589934592,1073741824,5330354176,290652160
209,1771647625835,3504,3504,3504,3504,3504,3504,3504,3504,38.892539978027344,38.28068542480469,36.97352600097656,36.98699188232422,37.3290901184082,36.68824005126953,37.02942657470703,38.0373420715332,38.09146499633789,15.000000953674316,27.272727966308594,10,15.000000953674316,0,0,0,0,2.330078363418579,8589934592,1073741824,5330337792,290652160
209,1771647626046,3504,3504,3504,3504,3504,3504,3504,3504,38.892539978027344,38.28068542480469,36.97352600097656,36.98699188232422,37.3290901184082,36.68824005126953,37.02942657470703,38.0373420715332,38.09146499633789,14.285715103149414,20,9.523809432983398,5,0,0,0,4.545454502105713,2.330078363418579,8589934592,1073741824,5330337792,290652160
209,1771647626255,3504,3504,3504,3504,3504,3504,3504,3504,39.28859329223633,38.78831100463867,37.383766174316406,37.28826141357422,37.54991912841797,37.02307891845703,37.350746154785156,38.39676284790039,38.430973052978516,20,19.047618865966797,15.000000953674316,13.636363983154297,0,0,0,0,2.330078363418579,8589934592,1073741824,5330403328,290652160
204,1771647626465,3504,3504,3504,3504,3504,3504,3504,3504,39.28859329223633,38.78831100463867,37.383766174316406,37.28826141357422,37.54991912841797,37.02307891845703,37.350746154785156,38.39676284790039,38.430973052978516,27.272727966308594,14.285715103149414,18.18181800842285,5,13.636363983154297,4.761904716491699,0,0,2.330078363418579,8589934592,1073741824,5330681856,290652160
209,1771647626670,3504,3504,3504,3504,3504,3504,3504,3504,39.28859329223633,38.78831100463867,37.383766174316406,37.28826141357422,37.54991912841797,37.02307891845703,37.350746154785156,38.39676284790039,38.430973052978516,26.3157901763916,10,10,9.523809432983398,0,0,0,0,2.1216084957122803,8589934592,1073741824,5330698240,290652160
209,1771647626880,3504,3504,3504,3504,3504,3504,3504,3504,39.28859329223633,38.78831100463867,37.383766174316406,37.28826141357422,37.54991912841797,37.02307891845703,37.350746154785156,38.39676284790039,38.430973052978516,22.72727394104004,20,5,4.761904716491699,0,0,0,0,2.1216084957122803,8589934592,1073741824,5330698240,290652160
207,1771647627090,3504,3504,3504,3504,3504,3504,3504,3504,39.28859329223633,38.78831100463867,37.383766174316406,37.28826141357422,37.54991912841797,37.02307891845703,37.350746154785156,38.39676284790039,38.430973052978516,33.333335876464844,31.81818199157715,18.18181800842285,15.000000953674316,40,0,0,0,2.1216084957122803,8589934592,1073741824,5330698240,290652160
204,1771647627298,3504,3504,3504,3504,3504,3504,3504,3504,39.08857727050781,38.803810119628906,37.33848571777344,37.183441162109375,37.51708221435547,36.768341064453125,37.12907409667969,38.13949966430664,38.146263122558594,20,19.047618865966797,9.523809432983398,13.636363983154297,0,0,0,0,2.1216084957122803,8589934592,1073741824,5330944000,290652160
209,1771647627503,3504,3504,3504,3504,3504,3504,3504,3504,39.08857727050781,38.803810119628906,37.33848571777344,37.183441162109375,37.51708221435547,36.768341064453125,37.12907409667969,38.13949966430664,38.146263122558594,23.809524536132813,25,15.000000953674316,5.263157844543457,10,9.523809432983398,9.090909004211426,0,2.1216084957122803,8589934592,1073741824,5331271680,290652160
206,1771647627713,3504,3504,3504,3504,3504,3504,3504,3504,39.08857727050781,38.803810119628906,37.33848571777344,37.183441162109375,37.51708221435547,36.768341064453125,37.12907409667969,38.13949966430664,38.146263122558594,23.809524536132813,10,4.761904716491699,13.636363983154297,0,4.545454502105713,0,0,2.4700357913970947,8589934592,1073741824,5331042304,290652160
209,1771647627920,3504,3504,3504,3504,3504,3504,3504,3504,39.08857727050781,38.803810119628906,37.33848571777344,37.183441162109375,37.51708221435547,36.768341064453125,37.12907409667969,38.13949966430664,38.146263122558594,28.571430206298828,14.285715103149414,10,5,0,0,0,0,2.4700357913970947,8589934592,1073741824,5331091456,290652160
209,1771647628130,3504,3504,3504,3504,3504,3504,3504,3504,39.08857727050781,38.803810119628906,37.33848571777344,37.183441162109375,37.51708221435547,36.768341064453125,37.12907409667969,38.13949966430664,38.146263122558594,21.052631378173828,23.809524536132813,14.285715103149414,14.285715103149414,0,0,0,0,2.4700357913970947,8589934592,1073741824,5331091456,290652160
199,1771647628340,3504,3504,3504,3504,3504,3504,3504,3504,38.9445915222168,38.51167678833008,37.12702178955078,37.063438415527344,37.41408157348633,36.7696533203125,37.107574462890625,38.1283073425293,38.149017333984375,22.72727394104004,23.809524536132813,5,9.523809432983398,0,0,0,4.545454502105713,2.4700357913970947,8589934592,1073741824,5331140608,290652160
209,1771647628540,3504,3504,3504,3504,3504,3504,3504,3504,38.9445915222168,38.51167678833008,37.12702178955078,37.063438415527344,37.41408157348633,36.7696533203125,37.107574462890625,38.1283073425293,38.149017333984375,15.000000953674316,25,18.18181800842285,5,0,0,0,0,2.4700357913970947,8589934592,1073741824,5331075072,290652160
207,1771647628750,3504,3504,3504,3504,3504,3504,3504,3504,38.9445915222168,38.51167678833008,37.12702178955078,37.063438415527344,37.41408157348633,36.7696533203125,37.107574462890625,38.1283073425293,38.149017333984375,15.000000953674316,23.809524536132813,9.523809432983398,9.523809432983398,0,0,0,0,2.421353816986084,8589934592,1073741824,5331075072,290652160
208,1771647628959,3504,3504,3504,3504,3504,3504,3504,3504,38.9445915222168,38.51167678833008,37.12702178955078,37.063438415527344,37.41408157348633,36.7696533203125,37.107574462890625,38.1283073425293,38.149017333984375,19.047618865966797,20,10.526315689086914,5,0,0,0,0,2.421353816986084,8589934592,1073741824,5330829312,290652160
209,1771647629168,3504,3504,3504,3504,3504,3504,3504,3504,38.812843322753906,38.24159240722656,36.94410705566406,36.960060119628906,37.222232818603516,36.58217239379883,36.9852180480957,37.949466705322266,37.978248596191406,23.809524536132813,14.285715103149414,13.636363983154297,22.72727394104004,0,0,0,0,2.421353816986084,8589934592,1073741824,5330845696,290652160
208,1771647629378,3504,3504,3504,3504,3504,3504,3504,3504,38.812843322753906,38.24159240722656,36.94410705566406,36.960060119628906,37.222232818603516,36.58217239379883,36.9852180480957,37.949466705322266,37.978248596191406,23.809524536132813,14.285715103149414,9.523809432983398,15.000000953674316,0,0,0,0,2.421353816986084,8589934592,1073741824,5330845696,290652160
206,1771647629587,3504,3504,3504,3504,3504,3504,3504,3504,38.812843322753906,38.24159240722656,36.94410705566406,36.960060119628906,37.222232818603516,36.58217239379883,36.9852180480957,37.949466705322266,37.978248596191406,20,14.285715103149414,9.523809432983398,19.047618865966797,0,0,0,0,2.421353816986084,8589934592,1073741824,5330845696,290652160
9,1771647629794,3504,3504,3504,3504,3504,3504,3504,3504,38.812843322753906,38.24159240722656,36.94410705566406,36.960060119628906,37.222232818603516,36.58217239379883,36.9852180480957,37.949466705322266,37.978248596191406,23.809524536132813,19.047618865966797,15.000000953674316,20,0,0,0,0,1.9712378978729248,8589934592,1073741824,5330386944,290652160
