Delta,Time,CPU_FREQUENCY_0,CPU_FREQUENCY_1,CPU_FREQUENCY_2,CPU_FREQUENCY_3,CPU_FREQUENCY_4,CPU_FREQUENCY_5,CPU_FREQUENCY_6,CPU_FREQUENCY_7,CPU_TEMP_0,CPU_TEMP_1,CPU_TEMP_2,CPU_TEMP_3,CPU_TEMP_4,CPU_TEMP_5,CPU_TEMP_6,CPU_TEMP_7,CPU_TEMP_8,CPU_USAGE_0,CPU_USAGE_1,CPU_USAGE_2,CPU_USAGE_3,CPU_USAGE_4,CPU_USAGE_5,CPU_USAGE_6,CPU_USAGE_7,SYSTEM_POWER (Watts),TOTAL_MEMORY,TOTAL_SWAP,USED_MEMORY,USED_SWAP
0,1771638522635,3504,3504,3504,3504,3504,3504,3504,3504,53.86665344238281,53.632389068603516,52.424949645996094,52.37477111816406,52.624671936035156,52.406768798828125,52.10192108154297,53.22637176513672,53.43612289428711,NaN,50,0,50,0,0,0,0,9.216187477111816,8589934592,1073741824,5322522624,307429376
204,1771638522635,3504,3504,3504,3504,3504,3504,3504,3504,53.86665344238281,53.632389068603516,52.424949645996094,52.37477111816406,52.624671936035156,52.406768798828125,52.10192108154297,53.22637176513672,53.43612289428711,0,NaN,NaN,0,0,0,0,0,9.216187477111816,8589934592,1073741824,5322522624,307429376
204,1771638522840,3504,3504,3504,3504,3504,3504,3504,3504,53.86665344238281,53.632389068603516,52.424949645996094,52.37477111816406,52.624671936035156,52.406768798828125,52.10192108154297,53.22637176513672,53.43612289428711,28.571430206298828,14.285715103149414,14.285715103149414,5,0,0,0,0,2.8861756324768066,8589934592,1073741824,5322522624,307429376
202,1771638523045,3504,3504,3504,3504,3504,3504,3504,3504,53.86665344238281,53.632389068603516,52.424949645996094,52.37477111816406,52.624671936035156,52.406768798828125,52.10192108154297,53.22637176513672,53.43612289428711,21.052631378173828,30.000001907348633,25,25,10,10,9.090909004211426,4.761904716491699,2.8861756324768066,8589934592,1073741824,5322522624,307429376
204,1771638523248,3504,3504,3504,3504,3504,3504,3504,3504,53.29133224487305,52.681766510009766,51.49858093261719,51.523109436035156,51.428443908691406,51.33440399169922,51.072059631347656,52.21223449707031,52.41698455810547,28.571430206298828,25,23.809524536132813,14.285715103149414,9.523809432983398,4.761904716491699,0,0,2.8861756324768066,8589934592,1073741824,5323177984,307429376
204,1771638523453,3504,3504,3504,3504,3504,3504,3504,3504,53.29133224487305,52.681766510009766,51.49858093261719,51.523109436035156,51.428443908691406,51.33440399169922,51.072059631347656,52.21223449707031,52.41698455810547,20,23.809524536132813,15.000000953674316,5,0,0,0,0,2.8861756324768066,8589934592,1073741824,5323161600,307429376
203,1771638523658,3504,3504,3504,3504,3504,3504,3504,3504,53.29133224487305,52.681766510009766,51.49858093261719,51.523109436035156,51.428443908691406,51.33440399169922,51.072059631347656,52.21223449707031,52.41698455810547,23.809524536132813,20,23.809524536132813,15.000000953674316,0,0,0,0,2.3174703121185303,8589934592,1073741824,5323161600,307429376
204,1771638523861,3504,3504,3504,3504,3504,3504,3504,3504,53.29133224487305,52.681766510009766,51.49858093261719,51.523109436035156,51.428443908691406,51.33440399169922,51.072059631347656,52.21223449707031,52.41698455810547,10.526315689086914,15.000000953674316,20,10,0,9.523809432983398,0,0,2.3174703121185303,8589934592,1073741824,5323161600,307429376
204,1771638524066,3504,3504,3504,3504,3504,3504,3504,3504,53.29133224487305,52.681766510009766,51.49858093261719,51.523109436035156,51.428443908691406,51.33440399169922,51.072059631347656,52.21223449707031,52.41698455810547,9.523809432983398,5,10,14.285715103149414,28.571430206298828,30.000001907348633,5,9.090909004211426,2.3174703121185303,8589934592,1073741824,5323161600,307429376
200,1771638524272,3504,3504,3504,3504,3504,3504,3504,3504,52.12377166748047,51.2801399230957,50.2578125,50.24663543701172,50.186031341552734,49.82917785644531,49.604225158691406,50.877769470214844,50.9678955078125,10,10,0,10,0,0,0,0,2.3174703121185303,8589934592,1073741824,5074632704,307429376
204,1771638524473,3504,3504,3504,3504,3504,3504,3504,3504,52.12377166748047,51.2801399230957,50.2578125,50.24663543701172,50.186031341552734,49.82917785644531,49.604225158691406,50.877769470214844,50.9678955078125,25,20,28.571430206298828,14.285715103149414,0,0,0,0,2.3174703121185303,8589934592,1073741824,5073387520,307429376
203,1771638524678,3504,3504,3504,3504,3504,3504,3504,3504,52.12377166748047,51.2801399230957,50.2578125,50.24663543701172,50.186031341552734,49.82917785644531,49.604225158691406,50.877769470214844,50.9678955078125,20,14.285715103149414,20,5.263157844543457,0,0,0,0,2.8783535957336426,8589934592,1073741824,5073518592,307429376
201,1771638524882,3504,3504,3504,3504,3504,3504,3504,3504,52.12377166748047,51.2801399230957,50.2578125,50.24663543701172,50.186031341552734,49.82917785644531,49.604225158691406,50.877769470214844,50.9678955078125,28.571430206298828,15.000000953674316,20,14.285715103149414,0,0,0,0,2.8783535957336426,8589934592,1073741824,5062180864,307429376
204,1771638525084,3504,3504,3504,3504,3504,3504,3504,3504,52.12377166748047,51.2801399230957,50.2578125,50.24663543701172,50.186031341552734,49.82917785644531,49.604225158691406,50.877769470214844,50.9678955078125,30.000001907348633,15.000000953674316,25,14.285715103149414,0,0,0,0,2.8783535957336426,8589934592,1073741824,5063917568,307429376
204,1771638525289,3504,3504,3504,3504,3504,3504,3504,3504,50.53502655029297,49.73796463012695,48.80268096923828,48.72118377685547,49.13839340209961,48.899658203125,48.621734619140625,49.77909851074219,49.845272064208984,28.571430206298828,25,19.047618865966797,10.526315689086914,0,0,0,0,2.8783535957336426,8589934592,1073741824,5065146368,307429376
200,1771638525494,3504,3504,3504,3504,3504,3504,3504,3504,50.53502655029297,49.73796463012695,48.80268096923828,48.72118377685547,49.13839340209961,48.899658203125,48.621734619140625,49.77909851074219,49.845272064208984,21.052631378173828,15.000000953674316,15.000000953674316,9.523809432983398,0,0,0,0,2.8783535957336426,8589934592,1073741824,5064998912,307429376
204,1771638525695,3504,3504,3504,3504,3504,3504,3504,3504,50.53502655029297,49.73796463012695,48.80268096923828,48.72118377685547,49.13839340209961,48.899658203125,48.621734619140625,49.77909851074219,49.845272064208984,25,15.000000953674316,20,15.000000953674316,0,0,0,0,2.8859429359436035,8589934592,1073741824,5066719232,307429376
202,1771638525900,3504,3504,3504,3504,3504,3504,3504,3504,50.53502655029297,49.73796463012695,48.80268096923828,48.72118377685547,49.13839340209961,48.899658203125,48.621734619140625,49.77909851074219,49.845272064208984,23.809524536132813,14.285715103149414,15.000000953674316,9.523809432983398,0,0,0,0,2.8859429359436035,8589934592,1073741824,5066719232,307429376
202,1771638526103,3504,3504,3504,3504,3504,3504,3504,3504,50.53502655029297,49.73796463012695,48.80268096923828,48.72118377685547,49.13839340209961,48.899658203125,48.621734619140625,49.77909851074219,49.845272064208984,23.809524536132813,14.285715103149414,20,5.263157844543457,0,0,0,0,2.8859429359436035,8589934592,1073741824,5066719232,307429376
204,1771638526306,3504,3504,3504,3504,3504,3504,3504,3504,49.46604537963867,48.939002990722656,47.83404541015625,47.65497589111328,48.09015655517578,47.94072723388672,47.621429443359375,48.827972412109375,48.89053726196289,20,20,10,9.523809432983398,0,0,0,0,2.8859429359436035,8589934592,1073741824,5066817536,307429376
204,1771638526511,3504,3504,3504,3504,3504,3504,3504,3504,49.46604537963867,48.939002990722656,47.83404541015625,47.65497589111328,48.09015655517578,47.94072723388672,47.621429443359375,48.827972412109375,48.89053726196289,23.809524536132813,25,14.285715103149414,10,0,0,0,0,2.8859429359436035,8589934592,1073741824,5066850304,307429376
202,1771638526716,3504,3504,3504,3504,3504,3504,3504,3504,49.46604537963867,48.939002990722656,47.83404541015625,47.65497589111328,48.09015655517578,47.94072723388672,47.621429443359375,48.827972412109375,48.89053726196289,15.789472579956055,15.000000953674316,14.285715103149414,13.636363983154297,0,0,0,0,2.281369209289551,8589934592,1073741824,5066850304,307429376
204,1771638526918,3504,3504,3504,3504,3504,3504,3504,3504,49.46604537963867,48.939002990722656,47.83404541015625,47.65497589111328,48.09015655517578,47.94072723388672,47.621429443359375,48.827972412109375,48.89053726196289,25,23.809524536132813,10,5.263157844543457,0,0,0,0,2.281369209289551,8589934592,1073741824,5066850304,307429376
204,1771638527123,3504,3504,3504,3504,3504,3504,3504,3504,49.46604537963867,48.939002990722656,47.83404541015625,47.65497589111328,48.09015655517578,47.94072723388672,47.621429443359375,48.827972412109375,48.89053726196289,25,20,15.000000953674316,10,0,0,0,0,2.281369209289551,8589934592,1073741824,5066850304,307429376
202,1771638527329,3504,3504,3504,3504,3504,3504,3504,3504,48.92676544189453,48.28395080566406,47.011077880859375,46.90228271484375,47.25035095214844,47.22926330566406,46.86993408203125,47.96394729614258,48.09510803222656,23.809524536132813,10,15.000000953674316,9.523809432983398,0,0,0,0,2.281369209289551,8589934592,1073741824,5066014720,307429376
204,1771638527531,3504,3504,3504,3504,3504,3504,3504,3504,48.92676544189453,48.28395080566406,47.011077880859375,46.90228271484375,47.25035095214844,47.22926330566406,46.86993408203125,47.96394729614258,48.09510803222656,23.809524536132813,15.000000953674316,23.809524536132813,10,0,0,0,0,2.281369209289551,8589934592,1073741824,5064867840,307429376
204,1771638527736,3504,3504,3504,3504,3504,3504,3504,3504,48.92676544189453,48.28395080566406,47.011077880859375,46.90228271484375,47.25035095214844,47.22926330566406,46.86993408203125,47.96394729614258,48.09510803222656,10,14.285715103149414,20,9.523809432983398,0,0,0,0,2.267446517944336,8589934592,1073741824,5064835072,307429376
204,1771638527941,3504,3504,3504,3504,3504,3504,3504,3504,48.92676544189453,48.28395080566406,47.011077880859375,46.90228271484375,47.25035095214844,47.22926330566406,46.86993408203125,47.96394729614258,48.09510803222656,20,14.285715103149414,20,5,0,0,0,0,2.267446517944336,8589934592,1073741824,5064835072,307429376
204,1771638528146,3504,3504,3504,3504,3504,3504,3504,3504,48.161293029785156,47.70757293701172,46.26390075683594,46.26087951660156,46.63930892944336,46.65343475341797,46.221343994140625,47.32061004638672,47.46221160888672,25,15.789472579956055,20,14.285715103149414,4.761904716491699,4.761904716491699,0,0,2.267446517944336,8589934592,1073741824,5065375744,307429376
204,1771638528351,3504,3504,3504,3504,3504,3504,3504,3504,48.161293029785156,47.70757293701172,46.26390075683594,46.26087951660156,46.63930892944336,46.65343475341797,46.221343994140625,47.32061004638672,47.46221160888672,19.047618865966797,25,9.523809432983398,5.263157844543457,0,0,0,0,2.267446517944336,8589934592,1073741824,5065736192,307429376
200,1771638528556,3504,3504,3504,3504,3504,3504,3504,3504,48.161293029785156,47.70757293701172,46.26390075683594,46.26087951660156,46.63930892944336,46.65343475341797,46.221343994140625,47.32061004638672,47.46221160888672,19.047618865966797,18.18181800842285,10,19.047618865966797,0,0,0,0,2.267446517944336,8589934592,1073741824,5065506816,307429376
204,1771638528757,3504,3504,3504,3504,3504,3504,3504,3504,48.161293029785156,47.70757293701172,46.26390075683594,46.26087951660156,46.63930892944336,46.65343475341797,46.221343994140625,47.32061004638672,47.46221160888672,21.052631378173828,5.555555820465088,10,10.526315689086914,0,0,0,0,2.1696972846984863,8589934592,1073741824,5065654272,307429376
204,1771638528961,3504,3504,3504,3504,3504,3504,3504,3504,48.161293029785156,47.70757293701172,46.26390075683594,46.26087951660156,46.63930892944336,46.65343475341797,46.221343994140625,47.32061004638672,47.46221160888672,25,28.571430206298828,19.047618865966797,27.272727966308594,0,0,9.090909004211426,0,2.1696972846984863,8589934592,1073741824,5066915840,307429376
200,1771638529167,3504,3504,3504,3504,3504,3504,3504,3504,47.63557052612305,47.21193313598633,45.728797912597656,45.64720916748047,46.116878509521484,46.29016876220703,45.704994201660156,46.766822814941406,46.91756057739258,28.571430206298828,19.047618865966797,10,5,9.523809432983398,5,0,0,2.1696972846984863,8589934592,1073741824,5068275712,307429376
204,1771638529367,3504,3504,3504,3504,3504,3504,3504,3504,47.63557052612305,47.21193313598633,45.728797912597656,45.64720916748047,46.116878509521484,46.29016876220703,45.704994201660156,46.766822814941406,46.91756057739258,35,20,15.000000953674316,15.789472579956055,0,0,0,0,2.1696972846984863,8589934592,1073741824,5068029952,307429376
204,1771638529573,3504,3504,3504,3504,3504,3504,3504,3504,47.63557052612305,47.21193313598633,45.728797912597656,45.64720916748047,46.116878509521484,46.29016876220703,45.704994201660156,46.766822814941406,46.91756057739258,26.3157901763916,15.000000953674316,14.285715103149414,13.636363983154297,38.095237731933594,0,0,0,2.1696972846984863,8589934592,1073741824,5067620352,307429376
204,1771638529778,3504,3504,3504,3504,3504,3504,3504,3504,47.63557052612305,47.21193313598633,45.728797912597656,45.64720916748047,46.116878509521484,46.29016876220703,45.704994201660156,46.766822814941406,46.91756057739258,31.81818199157715,14.285715103149414,14.285715103149414,5.263157844543457,0,0,0,0,2.058795213699341,8589934592,1073741824,5067325440,307429376
204,1771638529982,3504,3504,3504,3504,3504,3504,3504,3504,47.63557052612305,47.21193313598633,45.728797912597656,45.64720916748047,46.116878509521484,46.29016876220703,45.704994201660156,46.766822814941406,46.91756057739258,30.000001907348633,15.000000953674316,5.263157844543457,14.285715103149414,0,4.761904716491699,0,0,2.058795213699341,8589934592,1073741824,5067358208,307429376
204,1771638530187,3504,3504,3504,3504,3504,3504,3504,3504,47.133907318115234,46.972618103027344,45.49445343017578,45.36273193359375,45.71978759765625,45.996360778808594,45.34413146972656,46.44448471069336,46.429359436035156,19.047618865966797,20,14.285715103149414,9.523809432983398,0,0,0,0,2.058795213699341,8589934592,1073741824,5067309056,307429376
204,1771638530392,3504,3504,3504,3504,3504,3504,3504,3504,47.133907318115234,46.972618103027344,45.49445343017578,45.36273193359375,45.71978759765625,45.996360778808594,45.34413146972656,46.44448471069336,46.429359436035156,15.000000953674316,28.571430206298828,14.285715103149414,5.263157844543457,0,0,0,0,2.058795213699341,8589934592,1073741824,5066899456,307429376
204,1771638530597,3504,3504,3504,3504,3504,3504,3504,3504,47.133907318115234,46.972618103027344,45.49445343017578,45.36273193359375,45.71978759765625,45.996360778808594,45.34413146972656,46.44448471069336,46.429359436035156,20,20,10,9.523809432983398,0,0,0,0,2.058795213699341,8589934592,1073741824,5066866688,307429376
203,1771638530802,3504,3504,3504,3504,3504,3504,3504,3504,47.133907318115234,46.972618103027344,45.49445343017578,45.36273193359375,45.71978759765625,45.996360778808594,45.34413146972656,46.44448471069336,46.429359436035156,20,20,10,5,0,0,0,0,2.1693506240844727,8589934592,1073741824,5066932224,307429376
199,1771638531006,3504,3504,3504,3504,3504,3504,3504,3504,47.133907318115234,46.972618103027344,45.49445343017578,45.36273193359375,45.71978759765625,45.996360778808594,45.34413146972656,46.44448471069336,46.429359436035156,25,19.047618865966797,14.285715103149414,14.285715103149414,0,0,0,0,2.1693506240844727,8589934592,1073741824,5066948608,307429376
203,1771638531206,3504,3504,3504,3504,3504,3504,3504,3504,46.411842346191406,46.03224182128906,44.758689880371094,44.6441650390625,45.09075927734375,45.497589111328125,44.750579833984375,45.919090270996094,45.85580062866211,25,15.789472579956055,5.263157844543457,10,0,0,0,0,2.1693506240844727,8589934592,1073741824,5066981376,307429376
200,1771638531410,3504,3504,3504,3504,3504,3504,3504,3504,46.411842346191406,46.03224182128906,44.758689880371094,44.6441650390625,45.09075927734375,45.497589111328125,44.750579833984375,45.919090270996094,45.85580062866211,20,19.047618865966797,10,10,0,0,0,0,2.1693506240844727,8589934592,1073741824,5066964992,307429376
203,1771638531612,3504,3504,3504,3504,3504,3504,3504,3504,46.411842346191406,46.03224182128906,44.758689880371094,44.6441650390625,45.09075927734375,45.497589111328125,44.750579833984375,45.919090270996094,45.85580062866211,20,21.052631378173828,10,15.000000953674316,0,0,0,0,2.1693506240844727,8589934592,1073741824,5066964992,307429376
204,1771638531816,3504,3504,3504,3504,3504,3504,3504,3504,46.411842346191406,46.03224182128906,44.758689880371094,44.6441650390625,45.09075927734375,45.497589111328125,44.750579833984375,45.919090270996094,45.85580062866211,19.047618865966797,22.72727394104004,19.047618865966797,14.285715103149414,0,0,0,0,2.5075666904449463,8589934592,1073741824,5066964992,307429376
204,1771638532021,3504,3504,3504,3504,3504,3504,3504,3504,46.411842346191406,46.03224182128906,44.758689880371094,44.6441650390625,45.09075927734375,45.497589111328125,44.750579833984375,45.919090270996094,45.85580062866211,19.047618865966797,25,10,10,0,0,0,0,2.5075666904449463,8589934592,1073741824,5066964992,307429376
201,1771638532226,3504,3504,3504,3504,3504,3504,3504,3504,46.02387619018555,45.47532653808594,44.286216735839844,44.16436004638672,44.58718490600586,44.922950744628906,44.30262756347656,45.344879150390625,45.43202590942383,15.789472579956055,15.789472579956055,9.523809432983398,5,0,0,0,0,2.5075666904449463,8589934592,1073741824,5066964992,307429376
202,1771638532428,3504,3504,3504,3504,3504,3504,3504,3504,46.02387619018555,45.47532653808594,44.286216735839844,44.16436004638672,44.58718490600586,44.922950744628906,44.30262756347656,45.344879150390625,45.43202590942383,23.809524536132813,23.809524536132813,10,9.523809432983398,0,0,0,0,2.5075666904449463,8589934592,1073741824,5057757184,307429376
204,1771638532632,3504,3504,3504,3504,3504,3504,3504,3504,46.02387619018555,45.47532653808594,44.286216735839844,44.16436004638672,44.58718490600586,44.922950744628906,44.30262756347656,45.344879150390625,45.43202590942383,10.526315689086914,19.047618865966797,25,5,0,0,0,0,2.5075666904449463,8589934592,1073741824,5059756032,307429376
204,1771638532837,3504,3504,3504,3504,3504,3504,3504,3504,46.02387619018555,45.47532653808594,44.286216735839844,44.16436004638672,44.58718490600586,44.922950744628906,44.30262756347656,45.344879150390625,45.43202590942383,19.047618865966797,15.000000953674316,28.571430206298828,5.263157844543457,0,0,0,0,2.4198532104492188,8589934592,1073741824,5059837952,307429376
202,1771638533042,3504,3504,3504,3504,3504,3504,3504,3504,46.02387619018555,45.47532653808594,44.286216735839844,44.16436004638672,44.58718490600586,44.922950744628906,44.30262756347656,45.344879150390625,45.43202590942383,15.000000953674316,14.285715103149414,25,13.636363983154297,0,0,0,0,2.4198532104492188,8589934592,1073741824,5059837952,307429376
204,1771638533245,3504,3504,3504,3504,3504,3504,3504,3504,45.70355224609375,45.010353088378906,43.91197204589844,43.742591857910156,44.21398162841797,44.36241149902344,43.84387969970703,44.942626953125,44.99138641357422,19.047618865966797,5.263157844543457,20,15.000000953674316,0,4.761904716491699,0,0,2.4198532104492188,8589934592,1073741824,5060608000,307429376
201,1771638533450,3504,3504,3504,3504,3504,3504,3504,3504,45.70355224609375,45.010353088378906,43.91197204589844,43.742591857910156,44.21398162841797,44.36241149902344,43.84387969970703,44.942626953125,44.99138641357422,15.000000953674316,14.285715103149414,20,19.047618865966797,0,0,0,0,2.4198532104492188,8589934592,1073741824,5060575232,307429376
204,1771638533652,3504,3504,3504,3504,3504,3504,3504,3504,45.70355224609375,45.010353088378906,43.91197204589844,43.742591857910156,44.21398162841797,44.36241149902344,43.84387969970703,44.942626953125,44.99138641357422,15.000000953674316,15.000000953674316,19.047618865966797,15.000000953674316,0,0,0,0,1.8105602264404297,8589934592,1073741824,5061083136,307429376
202,1771638533856,3504,3504,3504,3504,3504,3504,3504,3504,45.70355224609375,45.010353088378906,43.91197204589844,43.742591857910156,44.21398162841797,44.36241149902344,43.84387969970703,44.942626953125,44.99138641357422,10,10,15.000000953674316,15.000000953674316,0,0,0,0,1.8105602264404297,8589934592,1073741824,5072764928,307429376
202,1771638534059,3504,3504,3504,3504,3504,3504,3504,3504,45.70355224609375,45.010353088378906,43.91197204589844,43.742591857910156,44.21398162841797,44.36241149902344,43.84387969970703,44.942626953125,44.99138641357422,20,15.000000953674316,15.000000953674316,20,0,0,0,0,1.8105602264404297,8589934592,1073741824,5065490432,307429376
200,1771638534262,3504,3504,3504,3504,3504,3504,3504,3504,45.438201904296875,44.64239501953125,43.512718200683594,43.393287658691406,43.964866638183594,43.8404541015625,43.50165557861328,44.586490631103516,44.61198806762695,14.285715103149414,23.809524536132813,10,15.000000953674316,0,0,0,0,1.8105602264404297,8589934592,1073741824,5063901184,307429376
204,1771638534462,3504,3504,3504,3504,3504,3504,3504,3504,45.438201904296875,44.64239501953125,43.512718200683594,43.393287658691406,43.964866638183594,43.8404541015625,43.50165557861328,44.586490631103516,44.61198806762695,20,26.3157901763916,10,15.000000953674316,0,0,0,0,1.8105602264404297,8589934592,1073741824,5063819264,307429376
204,1771638534667,3504,3504,3504,3504,3504,3504,3504,3504,45.438201904296875,44.64239501953125,43.512718200683594,43.393287658691406,43.964866638183594,43.8404541015625,43.50165557861328,44.586490631103516,44.61198806762695,20,19.047618865966797,14.285715103149414,10,0,0,0,0,2.4950900077819824,8589934592,1073741824,5063999488,307429376
204,1771638534872,3504,3504,3504,3504,3504,3504,3504,3504,45.438201904296875,44.64239501953125,43.512718200683594,43.393287658691406,43.964866638183594,43.8404541015625,43.50165557861328,44.586490631103516,44.61198806762695,25,20,10,9.523809432983398,0,0,0,0,2.4950900077819824,8589934592,1073741824,5063852032,307429376
204,1771638535077,3504,3504,3504,3504,3504,3504,3504,3504,45.438201904296875,44.64239501953125,43.512718200683594,43.393287658691406,43.964866638183594,43.8404541015625,43.50165557861328,44.586490631103516,44.61198806762695,33.333335876464844,42.105262756347656,15.000000953674316,20,5,5,5,4.761904716491699,2.4950900077819824,8589934592,1073741824,5070405632,307429376
202,1771638535282,3504,3504,3504,3504,3504,3504,3504,3504,45.0688591003418,44.33858108520508,43.13994598388672,43.01934814453125,43.58744812011719,43.46320343017578,43.10292053222656,44.17048263549805,44.270416259765625,30.000001907348633,33.333335876464844,23.809524536132813,28.571430206298828,0,0,0,0,2.4950900077819824,8589934592,1073741824,5070700544,307429376
203,1771638535485,3504,3504,3504,3504,3504,3504,3504,3504,45.0688591003418,44.33858108520508,43.13994598388672,43.01934814453125,43.58744812011719,43.46320343017578,43.10292053222656,44.17048263549805,44.270416259765625,14.285715103149414,20,20,5,0,0,0,0,2.4950900077819824,8589934592,1073741824,5070700544,307429376
204,1771638535689,3504,3504,3504,3504,3504,3504,3504,3504,45.0688591003418,44.33858108520508,43.13994598388672,43.01934814453125,43.58744812011719,43.46320343017578,43.10292053222656,44.17048263549805,44.270416259765625,15.000000953674316,19.047618865966797,15.000000953674316,10,0,0,0,0,1.835385799407959,8589934592,1073741824,5070684160,307429376
204,1771638535894,3504,3504,3504,3504,3504,3504,3504,3504,45.0688591003418,44.33858108520508,43.13994598388672,43.01934814453125,43.58744812011719,43.46320343017578,43.10292053222656,44.17048263549805,44.270416259765625,15.000000953674316,15.000000953674316,19.047618865966797,9.523809432983398,0,0,0,0,1.835385799407959,8589934592,1073741824,5070635008,307429376
200,1771638536099,3504,3504,3504,3504,3504,3504,3504,3504,45.0688591003418,44.33858108520508,43.13994598388672,43.01934814453125,43.58744812011719,43.46320343017578,43.10292053222656,44.17048263549805,44.270416259765625,15.000000953674316,15.000000953674316,23.809524536132813,15.000000953674316,0,0,0,0,1.835385799407959,8589934592,1073741824,5070848000,307429376
205,1771638536300,3504,3504,3504,3504,3504,3504,3504,3504,44.6041145324707,44.03910446166992,42.79432678222656,42.73811340332031,43.20029830932617,43.1712646484375,42.844993591308594,43.80351257324219,43.96062088012695,20,15.000000953674316,11.111111640930176,15.000000953674316,0,0,0,0,1.835385799407959,8589934592,1073741824,5071798272,307429376
201,1771638536509,3504,3504,3504,3504,3504,3504,3504,3504,44.6041145324707,44.03910446166992,42.79432678222656,42.73811340332031,43.20029830932617,43.1712646484375,42.844993591308594,43.80351257324219,43.96062088012695,19.047618865966797,18.18181800842285,18.18181800842285,28.571430206298828,27.272727966308594,23.809524536132813,14.285715103149414,9.523809432983398,1.835385799407959,8589934592,1073741824,5074894848,307429376
200,1771638536711,3504,3504,3504,3504,3504,3504,3504,3504,44.6041145324707,44.03910446166992,42.79432678222656,42.73811340332031,43.20029830932617,43.1712646484375,42.844993591308594,43.80351257324219,43.96062088012695,15.789472579956055,10,15.000000953674316,10,10.526315689086914,10.526315689086914,5,10,2.334784984588623,8589934592,1073741824,5053169664,307429376
200,1771638536912,3504,3504,3504,3504,3504,3504,3504,3504,44.6041145324707,44.03910446166992,42.79432678222656,42.73811340332031,43.20029830932617,43.1712646484375,42.844993591308594,43.80351257324219,43.96062088012695,23.809524536132813,10,19.047618865966797,5,0,0,0,0,2.334784984588623,8589934592,1073741824,5053513728,307429376
204,1771638537112,3504,3504,3504,3504,3504,3504,3504,3504,44.6041145324707,44.03910446166992,42.79432678222656,42.73811340332031,43.20029830932617,43.1712646484375,42.844993591308594,43.80351257324219,43.96062088012695,20,15.789472579956055,15.789472579956055,9.523809432983398,0,0,0,0,2.334784984588623,8589934592,1073741824,5053513728,307429376
200,1771638537317,3504,3504,3504,3504,3504,3504,3504,3504,45.20529556274414,44.5168571472168,43.20051574707031,43.251747131347656,43.344425201416016,43.476776123046875,43.14704132080078,44.21099853515625,44.34529113769531,33.333335876464844,23.809524536132813,20,15.789472579956055,15.000000953674316,19.047618865966797,15.000000953674316,14.285715103149414,2.334784984588623,8589934592,1073741824,5053513728,307429376
204,1771638537519,3504,3504,3504,3504,3504,3504,3504,3504,45.20529556274414,44.5168571472168,43.20051574707031,43.251747131347656,43.344425201416016,43.476776123046875,43.14704132080078,44.21099853515625,44.34529113769531,30.000001907348633,15.000000953674316,14.285715103149414,14.285715103149414,0,0,0,0,2.334784984588623,8589934592,1073741824,5051531264,307429376
203,1771638537724,3504,3504,3504,3504,3504,3504,3504,3504,45.20529556274414,44.5168571472168,43.20051574707031,43.251747131347656,43.344425201416016,43.476776123046875,43.14704132080078,44.21099853515625,44.34529113769531,30.000001907348633,19.047618865966797,5.263157844543457,5,0,0,0,0,2.1223719120025635,8589934592,1073741824,5051564032,307429376
204,1771638537928,3504,3504,3504,3504,3504,3504,3504,3504,45.20529556274414,44.5168571472168,43.20051574707031,43.251747131347656,43.344425201416016,43.476776123046875,43.14704132080078,44.21099853515625,44.34529113769531,33.333335876464844,15.000000953674316,14.285715103149414,5,0,0,0,0,2.1223719120025635,8589934592,1073741824,5051564032,307429376
202,1771638538133,3504,3504,3504,3504,3504,3504,3504,3504,45.20529556274414,44.5168571472168,43.20051574707031,43.251747131347656,43.344425201416016,43.476776123046875,43.14704132080078,44.21099853515625,43.990325927734375,25,10.526315689086914,10.526315689086914,19.047618865966797,14.285715103149414,10,9.523809432983398,4.761904716491699,2.1223719120025635,8589934592,1073741824,5051564032,307429376
203,1771638538337,3504,3504,3504,3504,3504,3504,3504,3504,44.71807861328125,44.09943389892578,42.865631103515625,42.91741180419922,43.128604888916016,43.23431396484375,42.81781768798828,43.89170837402344,43.990325927734375,25,14.285715103149414,9.523809432983398,5,0,4.761904716491699,5,0,2.1223719120025635,8589934592,1073741824,5051564032,307429376
203,1771638538541,3504,3504,3504,3504,3504,3504,3504,3504,44.71807861328125,44.09943389892578,42.865631103515625,42.91741180419922,43.128604888916016,43.23431396484375,42.81781768798828,43.89170837402344,43.990325927734375,25,15.000000953674316,13.636363983154297,9.523809432983398,0,0,0,0,2.1223719120025635,8589934592,1073741824,5052760064,307429376
204,1771638538745,3504,3504,3504,3504,3504,3504,3504,3504,44.71807861328125,44.09943389892578,42.865631103515625,42.91741180419922,43.128604888916016,43.23431396484375,42.81781768798828,43.89170837402344,43.990325927734375,25,23.809524536132813,5.263157844543457,10,0,0,0,0,2.90606689453125,8589934592,1073741824,5052776448,307429376
204,1771638538950,3504,3504,3504,3504,3504,3504,3504,3504,44.71807861328125,44.09943389892578,42.865631103515625,42.91741180419922,43.128604888916016,43.23431396484375,42.81781768798828,43.89170837402344,43.990325927734375,19.047618865966797,20,14.285715103149414,5.263157844543457,0,0,0,0,2.90606689453125,8589934592,1073741824,5052776448,307429376
204,1771638539155,3504,3504,3504,3504,3504,3504,3504,3504,43.91288757324219,43.4779167175293,42.19132995605469,42.13397216796875,42.512882232666016,42.64344024658203,42.17443084716797,43.184146881103516,43.26136779785156,25,20,10,13.636363983154297,0,0,0,0,2.90606689453125,8589934592,1073741824,5052760064,307429376
200,1771638539360,3504,3504,3504,3504,3504,3504,3504,3504,43.91288757324219,43.4779167175293,42.19132995605469,42.13397216796875,42.512882232666016,42.64344024658203,42.17443084716797,43.184146881103516,43.26136779785156,23.809524536132813,23.809524536132813,10,9.523809432983398,0,0,0,0,2.90606689453125,8589934592,1073741824,5052776448,307429376
204,1771638539561,3504,3504,3504,3504,3504,3504,3504,3504,43.91288757324219,43.4779167175293,42.19132995605469,42.13397216796875,42.512882232666016,42.64344024658203,42.17443084716797,43.184146881103516,43.26136779785156,30.000001907348633,25,15.000000953674316,11.111111640930176,33.333335876464844,0,0,0,2.90606689453125,8589934592,1073741824,5053284352,307429376
204,1771638539767,3504,3504,3504,3504,3504,3504,3504,3504,43.91288757324219,43.4779167175293,42.19132995605469,42.13397216796875,42.512882232666016,42.64344024658203,42.17443084716797,43.184146881103516,43.26136779785156,20,20,15.000000953674316,13.636363983154297,0,0,0,0,2.734743118286133,8589934592,1073741824,5053333504,307429376
204,1771638539971,3504,3504,3504,3504,3504,3504,3504,3504,43.91288757324219,43.4779167175293,42.19132995605469,42.13397216796875,42.512882232666016,42.64344024658203,42.17443084716797,43.184146881103516,43.26136779785156,20,15.000000953674316,9.523809432983398,5,0,0,0,0,2.734743118286133,8589934592,1073741824,5053300736,307429376
203,1771638540177,3504,3504,3504,3504,3504,3504,3504,3504,43.75523376464844,43.515625,42.08647155761719,41.97087860107422,42.354522705078125,42.38275146484375,41.88770294189453,42.87063980102539,43.02360916137695,14.285715103149414,19.047618865966797,19.047618865966797,20,4.761904716491699,0,0,0,2.734743118286133,8589934592,1073741824,5062492160,307429376
200,1771638540380,3504,3504,3504,3504,3504,3504,3504,3504,43.75523376464844,43.515625,42.08647155761719,41.97087860107422,42.354522705078125,42.38275146484375,41.88770294189453,42.87063980102539,43.02360916137695,15.000000953674316,15.000000953674316,20,15.000000953674316,0,0,0,0,2.734743118286133,8589934592,1073741824,5062508544,307429376
201,1771638540581,3504,3504,3504,3504,3504,3504,3504,3504,43.75523376464844,43.515625,42.08647155761719,41.97087860107422,42.354522705078125,42.38275146484375,41.88770294189453,42.87063980102539,43.02360916137695,10.526315689086914,10,5.263157844543457,23.809524536132813,0,0,0,0,2.734743118286133,8589934592,1073741824,5062361088,307429376
204,1771638540782,3504,3504,3504,3504,3504,3504,3504,3504,43.75523376464844,43.515625,42.08647155761719,41.97087860107422,42.354522705078125,42.38275146484375,41.88770294189453,42.87063980102539,43.02360916137695,23.809524536132813,15.000000953674316,15.000000953674316,10.526315689086914,0,0,0,0,1.9733526706695557,8589934592,1073741824,5061771264,307429376
204,1771638540988,3504,3504,3504,3504,3504,3504,3504,3504,43.75523376464844,43.515625,42.08647155761719,41.97087860107422,42.354522705078125,42.38275146484375,41.88770294189453,42.87063980102539,43.02360916137695,20,14.285715103149414,14.285715103149414,9.523809432983398,0,0,0,0,1.9733526706695557,8589934592,1073741824,5061017600,307429376
204,1771638541193,3504,3504,3504,3504,3504,3504,3504,3504,43.29824447631836,43.055057525634766,41.5540771484375,41.530067443847656,41.99282455444336,42.027565002441406,41.576194763183594,42.66270065307617,42.68022537231445,20,15.000000953674316,14.285715103149414,10,0,0,0,0,1.9733526706695557,8589934592,1073741824,5060722688,307429376
202,1771638541398,3504,3504,3504,3504,3504,3504,3504,3504,43.29824447631836,43.055057525634766,41.5540771484375,41.530067443847656,41.99282455444336,42.027565002441406,41.576194763183594,42.66270065307617,42.68022537231445,23.809524536132813,20,10,9.523809432983398,0,0,0,0,1.9733526706695557,8589934592,1073741824,5060722688,307429376
204,1771638541600,3504,3504,3504,3504,3504,3504,3504,3504,43.29824447631836,43.055057525634766,41.5540771484375,41.530067443847656,41.99282455444336,42.027565002441406,41.576194763183594,42.66270065307617,42.68022537231445,20,20,10,15.000000953674316,0,0,0,0,1.9733526706695557,8589934592,1073741824,5060395008,307429376
204,1771638541805,3504,3504,3504,3504,3504,3504,3504,3504,43.29824447631836,43.055057525634766,41.5540771484375,41.530067443847656,41.99282455444336,42.027565002441406,41.576194763183594,42.66270065307617,42.68022537231445,20,14.285715103149414,10,14.285715103149414,0,0,0,0,2.7953853607177734,8589934592,1073741824,5060182016,307429376
201,1771638542010,3504,3504,3504,3504,3504,3504,3504,3504,43.29824447631836,43.055057525634766,41.5540771484375,41.530067443847656,41.99282455444336,42.027565002441406,41.576194763183594,42.66270065307617,42.68022537231445,25,14.285715103149414,23.809524536132813,10,0,0,0,0,2.7953853607177734,8589934592,1073741824,5060198400,307429376
204,1771638542212,3504,3504,3504,3504,3504,3504,3504,3504,43.054237365722656,42.787513732910156,41.23271942138672,41.28923034667969,41.612396240234375,41.59483337402344,41.35192108154297,42.37856674194336,42.387569427490234,23.809524536132813,10.526315689086914,20,5.263157844543457,0,0,0,0,2.7953853607177734,8589934592,1073741824,5060231168,307429376
204,1771638542417,3504,3504,3504,3504,3504,3504,3504,3504,43.054237365722656,42.787513732910156,41.23271942138672,41.28923034667969,41.612396240234375,41.59483337402344,41.35192108154297,42.37856674194336,42.387569427490234,33.333335876464844,25,25,38.095237731933594,0,0,0,0,2.7953853607177734,8589934592,1073741824,5060231168,307429376
204,1771638542622,3504,3504,3504,3504,3504,3504,3504,3504,43.054237365722656,42.787513732910156,41.23271942138672,41.28923034667969,41.612396240234375,41.59483337402344,41.35192108154297,42.37856674194336,42.387569427490234,25,28.571430206298828,23.809524536132813,23.809524536132813,0,0,0,0,2.7953853607177734,8589934592,1073741824,5061967872,307429376
204,1771638542827,3504,3504,3504,3504,3504,3504,3504,3504,43.054237365722656,42.787513732910156,41.23271942138672,41.28923034667969,41.612396240234375,41.59483337402344,41.35192108154297,42.37856674194336,42.387569427490234,25,14.285715103149414,10,20,0,0,0,0,2.111746072769165,8589934592,1073741824,5062262784,307429376
204,1771638543032,3504,3504,3504,3504,3504,3504,3504,3504,43.054237365722656,42.787513732910156,41.23271942138672,41.28923034667969,41.612396240234375,41.59483337402344,41.35192108154297,42.37856674194336,42.387569427490234,25,15.000000953674316,15.000000953674316,10,0,0,0,0,2.111746072769165,8589934592,1073741824,5062262784,307429376
204,1771638543237,3504,3504,3504,3504,3504,3504,3504,3504,42.87874984741211,42.52206039428711,41.12305450439453,41.040870666503906,41.374412536621094,41.27400207519531,41.12029266357422,42.1932487487793,42.11007308959961,19.047618865966797,14.285715103149414,18.18181800842285,4.761904716491699,5,0,0,0,2.111746072769165,8589934592,1073741824,5062262784,307429376
202,1771638543442,3504,3504,3504,3504,3504,3504,3504,3504,42.87874984741211,42.52206039428711,41.12305450439453,41.040870666503906,41.374412536621094,41.27400207519531,41.12029266357422,42.1932487487793,42.11007308959961,10.526315689086914,5.263157844543457,21.052631378173828,10,5,5,5,5,2.111746072769165,8589934592,1073741824,5062262784,307429376
204,1771638543645,3504,3504,3504,3504,3504,3504,3504,3504,42.87874984741211,42.52206039428711,41.12305450439453,41.040870666503906,41.374412536621094,41.27400207519531,41.12029266357422,42.1932487487793,42.11007308959961,14.285715103149414,14.285715103149414,23.809524536132813,9.523809432983398,0,0,0,0,1.9488401412963867,8589934592,1073741824,5062262784,307429376
203,1771638543850,3504,3504,3504,3504,3504,3504,3504,3504,42.87874984741211,42.52206039428711,41.12305450439453,41.040870666503906,41.374412536621094,41.27400207519531,41.12029266357422,42.1932487487793,42.11007308959961,19.047618865966797,15.000000953674316,25,10,0,0,0,0,1.9488401412963867,8589934592,1073741824,5062164480,307429376
204,1771638544053,3504,3504,3504,3504,3504,3504,3504,3504,42.87874984741211,42.52206039428711,41.12305450439453,41.040870666503906,41.374412536621094,41.27400207519531,41.12029266357422,42.1932487487793,42.11007308959961,10.526315689086914,10,20,10,25,20,19.047618865966797,10,1.9488401412963867,8589934592,1073741824,5062180864,307429376
203,1771638544258,3504,3504,3504,3504,3504,3504,3504,3504,43.03451156616211,42.65426254272461,41.181861877441406,41.1748046875,41.32764434814453,41.36351776123047,41.16343688964844,42.25820541381836,42.23937225341797,15.000000953674316,14.285715103149414,23.809524536132813,9.523809432983398,0,4.545454502105713,0,0,1.9488401412963867,8589934592,1073741824,5062180864,307429376
204,1771638544462,3504,3504,3504,3504,3504,3504,3504,3504,43.03451156616211,42.65426254272461,41.181861877441406,41.1748046875,41.32764434814453,41.36351776123047,41.16343688964844,42.25820541381836,42.23937225341797,15.000000953674316,15.000000953674316,26.3157901763916,5,0,0,0,0,1.9488401412963867,8589934592,1073741824,5061935104,307429376
202,1771638544667,3504,3504,3504,3504,3504,3504,3504,3504,43.03451156616211,42.65426254272461,41.181861877441406,41.1748046875,41.32764434814453,41.36351776123047,41.16343688964844,42.25820541381836,42.23937225341797,14.285715103149414,10,28.571430206298828,14.285715103149414,0,0,0,0,2.396824598312378,8589934592,1073741824,5055676416,307429376
204,1771638544870,3504,3504,3504,3504,3504,3504,3504,3504,43.03451156616211,42.65426254272461,41.181861877441406,41.1748046875,41.32764434814453,41.36351776123047,41.16343688964844,42.25820541381836,42.23937225341797,20,20,20,10,0,0,0,0,2.396824598312378,8589934592,1073741824,5055512576,307429376
204,1771638545075,3504,3504,3504,3504,3504,3504,3504,3504,43.03451156616211,42.65426254272461,41.181861877441406,41.1748046875,41.32764434814453,41.36351776123047,41.16343688964844,42.25820541381836,42.23937225341797,19.047618865966797,19.047618865966797,19.047618865966797,5,0,0,0,0,2.396824598312378,8589934592,1073741824,5055545344,307429376
200,1771638545280,3504,3504,3504,3504,3504,3504,3504,3504,42.60813903808594,42.04107666015625,40.749794006347656,40.74806213378906,41.04703140258789,40.928489685058594,40.73719024658203,41.80780029296875,41.84733200073242,15.000000953674316,20,15.000000953674316,5,0,0,0,0,2.396824598312378,8589934592,1073741824,5055561728,307429376
204,1771638545481,3504,3504,3504,3504,3504,3504,3504,3504,42.60813903808594,42.04107666015625,40.749794006347656,40.74806213378906,41.04703140258789,40.928489685058594,40.73719024658203,41.80780029296875,41.84733200073242,15.000000953674316,23.809524536132813,20,10,0,0,0,0,2.396824598312378,8589934592,1073741824,5055758336,307429376
203,1771638545686,3504,3504,3504,3504,3504,3504,3504,3504,42.60813903808594,42.04107666015625,40.749794006347656,40.74806213378906,41.04703140258789,40.928489685058594,40.73719024658203,41.80780029296875,41.84733200073242,20,15.000000953674316,19.047618865966797,14.285715103149414,0,0,0,0,2.4217922687530518,8589934592,1073741824,5055774720,307429376
204,1771638545890,3504,3504,3504,3504,3504,3504,3504,3504,42.60813903808594,42.04107666015625,40.749794006347656,40.74806213378906,41.04703140258789,40.928489685058594,40.73719024658203,41.80780029296875,41.84733200073242,23.809524536132813,10.526315689086914,20,5,0,0,0,0,2.4217922687530518,8589934592,1073741824,5055692800,307429376
204,1771638546095,3504,3504,3504,3504,3504,3504,3504,3504,42.60813903808594,42.04107666015625,40.749794006347656,40.74806213378906,41.04703140258789,40.928489685058594,40.73719024658203,41.80780029296875,41.84733200073242,20,14.285715103149414,14.285715103149414,10,0,0,0,0,2.4217922687530518,8589934592,1073741824,5055692800,307429376
202,1771638546300,3504,3504,3504,3504,3504,3504,3504,3504,42.41445541381836,41.61232376098633,40.4603271484375,40.497535705566406,40.73381805419922,40.68885040283203,40.47118377685547,41.49973678588867,41.598026275634766,23.809524536132813,20,5.263157844543457,5,0,0,0,0,2.4217922687530518,8589934592,1073741824,5055709184,307429376
203,1771638546502,3504,3504,3504,3504,3504,3504,3504,3504,42.41445541381836,41.61232376098633,40.4603271484375,40.497535705566406,40.73381805419922,40.68885040283203,40.47118377685547,41.49973678588867,41.598026275634766,20,23.809524536132813,14.285715103149414,14.285715103149414,0,0,0,0,2.4217922687530518,8589934592,1073741824,5055709184,307429376
204,1771638546707,3504,3504,3504,3504,3504,3504,3504,3504,42.41445541381836,41.61232376098633,40.4603271484375,40.497535705566406,40.73381805419922,40.68885040283203,40.47118377685547,41.49973678588867,41.598026275634766,20,20,10,5,0,0,0,0,2.5097737312316895,8589934592,1073741824,5055725568,307429376
203,1771638546911,3504,3504,3504,3504,3504,3504,3504,3504,42.41445541381836,41.61232376098633,40.4603271484375,40.497535705566406,40.73381805419922,40.68885040283203,40.47118377685547,41.49973678588867,41.598026275634766,20,20,10,13.636363983154297,0,0,0,0,2.5097737312316895,8589934592,1073741824,5055676416,307429376
204,1771638547116,3504,3504,3504,3504,3504,3504,3504,3504,42.41445541381836,41.61232376098633,40.4603271484375,40.497535705566406,40.73381805419922,40.68885040283203,40.47118377685547,41.49973678588867,41.598026275634766,42.85714340209961,35,33.333335876464844,10.526315689086914,0,0,0,0,2.5097737312316895,8589934592,1073741824,5055840256,307429376
204,1771638547321,3504,3504,3504,3504,3504,3504,3504,3504,42.18586730957031,41.33210372924805,40.281150817871094,40.38728332519531,40.64523696899414,40.49590301513672,40.35736083984375,41.3666877746582,41.38475799560547,20,25,25,10,0,0,0,0,2.5097737312316895,8589934592,1073741824,5055840256,307429376
201,1771638547526,3504,3504,3504,3504,3504,3504,3504,3504,42.18586730957031,41.33210372924805,40.281150817871094,40.38728332519531,40.64523696899414,40.49590301513672,40.35736083984375,41.3666877746582,41.38475799560547,14.285715103149414,23.809524536132813,20,9.523809432983398,0,0,0,0,2.5097737312316895,8589934592,1073741824,5055840256,307429376
204,1771638547728,3504,3504,3504,3504,3504,3504,3504,3504,42.18586730957031,41.33210372924805,40.281150817871094,40.38728332519531,40.64523696899414,40.49590301513672,40.35736083984375,41.3666877746582,41.38475799560547,10.526315689086914,20,19.047618865966797,9.523809432983398,0,0,0,0,2.4729106426239014,8589934592,1073741824,5055905792,307429376
204,1771638547933,3504,3504,3504,3504,3504,3504,3504,3504,42.18586730957031,41.33210372924805,40.281150817871094,40.38728332519531,40.64523696899414,40.49590301513672,40.35736083984375,41.3666877746582,41.38475799560547,23.809524536132813,20,19.047618865966797,5.263157844543457,0,0,0,0,2.4729106426239014,8589934592,1073741824,5055709184,307429376
204,1771638548138,3504,3504,3504,3504,3504,3504,3504,3504,42.18586730957031,41.33210372924805,40.04045104980469,40.19123077392578,40.474464416503906,40.31156921386719,40.16059112548828,41.15739059448242,41.18134307861328,15.000000953674316,23.809524536132813,21.052631378173828,18.18181800842285,0,0,0,0,2.4729106426239014,8589934592,1073741824,5055823872,307429376
199,1771638548343,3504,3504,3504,3504,3504,3504,3504,3504,42.07448196411133,41.12796401977539,40.04045104980469,40.19123077392578,40.474464416503906,40.31156921386719,40.16059112548828,41.15739059448242,41.18134307861328,23.809524536132813,5,14.285715103149414,15.000000953674316,9.523809432983398,0,0,0,2.4729106426239014,8589934592,1073741824,5055938560,307429376
202,1771638548544,3504,3504,3504,3504,3504,3504,3504,3504,42.07448196411133,41.12796401977539,40.04045104980469,40.19123077392578,40.474464416503906,40.31156921386719,40.16059112548828,41.15739059448242,41.18134307861328,25,15.000000953674316,15.000000953674316,15.789472579956055,0,0,0,0,2.4729106426239014,8589934592,1073741824,5055938560,307429376
204,1771638548747,3504,3504,3504,3504,3504,3504,3504,3504,42.07448196411133,41.12796401977539,40.04045104980469,40.19123077392578,40.474464416503906,40.31156921386719,40.16059112548828,41.15739059448242,41.18134307861328,20,14.285715103149414,10,19.047618865966797,0,0,0,0,2.197800636291504,8589934592,1073741824,5055938560,307429376
200,1771638548952,3504,3504,3504,3504,3504,3504,3504,3504,42.07448196411133,41.12796401977539,40.04045104980469,40.19123077392578,40.474464416503906,40.31156921386719,40.16059112548828,41.15739059448242,41.18134307861328,23.809524536132813,14.285715103149414,19.047618865966797,14.285715103149414,0,0,0,0,2.197800636291504,8589934592,1073741824,5055971328,307429376
204,1771638549152,3504,3504,3504,3504,3504,3504,3504,3504,41.997764587402344,40.957393646240234,39.930686950683594,39.996803283691406,40.2390022277832,40.090972900390625,40.00878143310547,41.01588439941406,41.03206253051758,15.789472579956055,5.263157844543457,15.789472579956055,5.263157844543457,0,0,0,0,2.197800636291504,8589934592,1073741824,5056020480,307429376
204,1771638549357,3504,3504,3504,3504,3504,3504,3504,3504,41.997764587402344,40.957393646240234,39.930686950683594,39.996803283691406,40.2390022277832,40.090972900390625,40.00878143310547,41.01588439941406,41.03206253051758,20,14.285715103149414,14.285715103149414,5,0,0,0,0,2.197800636291504,8589934592,1073741824,5056053248,307429376
204,1771638549562,3504,3504,3504,3504,3504,3504,3504,3504,41.997764587402344,40.957393646240234,39.930686950683594,39.996803283691406,40.2390022277832,40.090972900390625,40.00878143310547,41.01588439941406,41.03206253051758,33.333335876464844,35,28.571430206298828,20,30.000001907348633,0,0,0,2.197800636291504,8589934592,1073741824,5056053248,307429376
200,1771638549767,3504,3504,3504,3504,3504,3504,3504,3504,41.997764587402344,40.957393646240234,39.930686950683594,39.996803283691406,40.2390022277832,40.090972900390625,40.00878143310547,41.01588439941406,41.03206253051758,15.000000953674316,5,15.000000953674316,18.18181800842285,0,0,0,0,2.2736330032348633,8589934592,1073741824,5056315392,307429376
204,1771638549968,3504,3504,3504,3504,3504,3504,3504,3504,41.997764587402344,40.957393646240234,39.930686950683594,39.996803283691406,40.2390022277832,40.090972900390625,40.00878143310547,41.01588439941406,41.03206253051758,20,15.000000953674316,21.052631378173828,10,0,0,0,0,2.2736330032348633,8589934592,1073741824,5056299008,307429376
204,1771638550173,3504,3504,3504,3504,3504,3504,3504,3504,41.98506546020508,41.12403869628906,40.01390838623047,39.93724060058594,40.21592330932617,40.033660888671875,39.90962219238281,40.95076370239258,40.950950622558594,20,10,13.636363983154297,5,4.761904716491699,4.761904716491699,0,0,2.2736330032348633,8589934592,1073741824,5056315392,307429376
204,1771638550378,3504,3504,3504,3504,3504,3504,3504,3504,41.98506546020508,41.12403869628906,40.01390838623047,39.93724060058594,40.21592330932617,40.033660888671875,39.90962219238281,40.95076370239258,40.950950622558594,23.809524536132813,14.285715103149414,5.263157844543457,15.000000953674316,0,0,0,0,2.2736330032348633,8589934592,1073741824,5056315392,307429376
204,1771638550583,3504,3504,3504,3504,3504,3504,3504,3504,41.98506546020508,41.12403869628906,40.01390838623047,39.93724060058594,40.21592330932617,40.033660888671875,39.90962219238281,40.95076370239258,40.950950622558594,25,14.285715103149414,14.285715103149414,14.285715103149414,0,0,0,0,2.2736330032348633,8589934592,1073741824,5056315392,307429376
204,1771638550788,3504,3504,3504,3504,3504,3504,3504,3504,41.98506546020508,41.12403869628906,40.01390838623047,39.93724060058594,40.21592330932617,40.033660888671875,39.90962219238281,40.95076370239258,40.950950622558594,28.571430206298828,15.000000953674316,10,5,0,0,0,0,1.8496448993682861,8589934592,1073741824,5056282624,307429376
204,1771638550993,3504,3504,3504,3504,3504,3504,3504,3504,41.98506546020508,41.12403869628906,40.01390838623047,39.93724060058594,40.21592330932617,40.033660888671875,39.90962219238281,40.95076370239258,40.950950622558594,15.789472579956055,15.000000953674316,19.047618865966797,5,0,0,0,0,1.8496448993682861,8589934592,1073741824,5047828480,307429376
201,1771638551198,3504,3504,3504,3504,3504,3504,3504,3504,41.73255920410156,40.701351165771484,39.614356994628906,39.56829833984375,40.04868698120117,39.78199005126953,39.697471618652344,40.733943939208984,40.77822494506836,18.18181800842285,25,15.000000953674316,9.523809432983398,0,0,0,0,1.8496448993682861,8589934592,1073741824,5047828480,307429376
204,1771638551400,3504,3504,3504,3504,3504,3504,3504,3504,41.73255920410156,40.701351165771484,39.614356994628906,39.56829833984375,40.04868698120117,39.78199005126953,39.697471618652344,40.733943939208984,40.77822494506836,15.000000953674316,20,21.052631378173828,10,0,0,0,0,1.8496448993682861,8589934592,1073741824,5047828480,307429376
200,1771638551605,3504,3504,3504,3504,3504,3504,3504,3504,41.73255920410156,40.701351165771484,39.614356994628906,39.56829833984375,40.04868698120117,39.78199005126953,39.697471618652344,40.733943939208984,40.77822494506836,20,20,23.809524536132813,10,0,0,0,0,1.8496448993682861,8589934592,1073741824,5047828480,307429376
204,1771638551806,3504,3504,3504,3504,3504,3504,3504,3504,41.73255920410156,40.701351165771484,39.614356994628906,39.56829833984375,40.04868698120117,39.78199005126953,39.697471618652344,40.733943939208984,40.77822494506836,15.000000953674316,23.809524536132813,15.000000953674316,9.523809432983398,0,0,0,0,2.535963535308838,8589934592,1073741824,5047861248,307429376
200,1771638552010,3504,3504,3504,3504,3504,3504,3504,3504,41.73255920410156,40.701351165771484,39.614356994628906,39.56829833984375,40.04868698120117,39.78199005126953,39.697471618652344,40.733943939208984,40.77822494506836,15.000000953674316,20,19.047618865966797,5.263157844543457,0,0,0,0,2.535963535308838,8589934592,1073741824,5047582720,307429376
204,1771638552211,3504,3504,3504,3504,3504,3504,3504,3504,41.558692932128906,40.57622528076172,39.47540283203125,39.38666534423828,39.897090911865234,39.66941833496094,39.49299621582031,40.5698127746582,40.62543487548828,40,33.333335876464844,25,23.809524536132813,0,0,0,0,2.535963535308838,8589934592,1073741824,5049237504,307429376
203,1771638552416,3504,3504,3504,3504,3504,3504,3504,3504,41.558692932128906,40.57622528076172,39.47540283203125,39.38666534423828,39.897090911865234,39.66941833496094,39.49299621582031,40.5698127746582,40.62543487548828,25,31.57894515991211,30.000001907348633,15.000000953674316,0,0,0,0,2.535963535308838,8589934592,1073741824,5048254464,307429376
204,1771638552620,3504,3504,3504,3504,3504,3504,3504,3504,41.558692932128906,40.57622528076172,39.47540283203125,39.38666534423828,39.897090911865234,39.66941833496094,39.49299621582031,40.5698127746582,40.62543487548828,19.047618865966797,14.285715103149414,19.047618865966797,9.523809432983398,0,0,0,0,2.535963535308838,8589934592,1073741824,5048254464,307429376
200,1771638552825,3504,3504,3504,3504,3504,3504,3504,3504,41.558692932128906,40.57622528076172,39.47540283203125,39.38666534423828,39.897090911865234,39.66941833496094,39.49299621582031,40.5698127746582,40.62543487548828,25,10,20,5.263157844543457,0,0,0,0,2.1461312770843506,8589934592,1073741824,5048483840,307429376
204,1771638553026,3504,3504,3504,3504,3504,3504,3504,3504,41.558692932128906,40.57622528076172,39.47540283203125,39.38666534423828,39.897090911865234,39.66941833496094,39.49299621582031,40.5698127746582,40.62543487548828,30.000001907348633,30.000001907348633,25,20,10,10,5,4.761904716491699,2.1461312770843506,8589934592,1073741824,5050302464,307429376
203,1771638553231,3504,3504,3504,3504,3504,3504,3504,3504,41.54435348510742,40.558067321777344,39.42908477783203,39.34974670410156,39.79292678833008,39.578125,39.39276123046875,40.453304290771484,40.50294876098633,25,25,15.000000953674316,18.18181800842285,0,0,0,4.761904716491699,2.1461312770843506,8589934592,1073741824,5051023360,307429376
204,1771638553436,3504,3504,3504,3504,3504,3504,3504,3504,41.54435348510742,40.558067321777344,39.42908477783203,39.34974670410156,39.79292678833008,39.578125,39.39276123046875,40.453304290771484,40.50294876098633,42.85714340209961,47.619049072265625,38.095237731933594,35,20,19.047618865966797,15.000000953674316,15.000000953674316,2.1461312770843506,8589934592,1073741824,5052907520,307429376
204,1771638553641,3504,3504,3504,3504,3504,3504,3504,3504,41.54435348510742,40.558067321777344,39.42908477783203,39.34974670410156,39.79292678833008,39.578125,39.39276123046875,40.453304290771484,40.50294876098633,25,10,10,9.523809432983398,0,0,0,0,2.0877554416656494,8589934592,1073741824,5052907520,307429376
204,1771638553846,3504,3504,3504,3504,3504,3504,3504,3504,41.54435348510742,40.558067321777344,39.42908477783203,39.34974670410156,39.79292678833008,39.578125,39.39276123046875,40.453304290771484,40.50294876098633,33.333335876464844,20,10,5.263157844543457,0,0,0,0,2.0877554416656494,8589934592,1073741824,5052940288,307429376
202,1771638554051,3504,3504,3504,3504,3504,3504,3504,3504,41.54435348510742,40.558067321777344,39.42908477783203,39.34974670410156,39.79292678833008,39.578125,39.39276123046875,40.453304290771484,40.50294876098633,30.000001907348633,14.285715103149414,14.285715103149414,5,0,0,0,0,2.0877554416656494,8589934592,1073741824,5052956672,307429376
200,1771638554253,3504,3504,3504,3504,3504,3504,3504,3504,41.76607894897461,40.809471130371094,39.59284210205078,39.55316162109375,39.90412902832031,39.830406188964844,39.65928649902344,40.7066764831543,40.75408935546875,15.789472579956055,15.000000953674316,5.263157844543457,19.047618865966797,0,0,0,0,2.0877554416656494,8589934592,1073741824,5052743680,307429376
201,1771638554454,3504,3504,3504,3504,3504,3504,3504,3504,41.76607894897461,40.809471130371094,39.59284210205078,39.55316162109375,39.90412902832031,39.830406188964844,39.65928649902344,40.7066764831543,40.75408935546875,28.571430206298828,14.285715103149414,15.000000953674316,15.000000953674316,0,0,0,0,2.0877554416656494,8589934592,1073741824,5053136896,307429376
204,1771638554656,3504,3504,3504,3504,3504,3504,3504,3504,41.76607894897461,40.809471130371094,39.59284210205078,39.55316162109375,39.90412902832031,39.830406188964844,39.65928649902344,40.7066764831543,40.75408935546875,20,15.789472579956055,15.000000953674316,14.285715103149414,0,0,0,0,2.0499255657196045,8589934592,1073741824,5053317120,307429376
199,1771638554861,3504,3504,3504,3504,3504,3504,3504,3504,41.76607894897461,40.809471130371094,39.59284210205078,39.55316162109375,39.90412902832031,39.830406188964844,39.65928649902344,40.7066764831543,40.75408935546875,30.000001907348633,14.285715103149414,9.523809432983398,5.263157844543457,0,0,0,0,2.0499255657196045,8589934592,1073741824,5053349888,307429376
204,1771638555062,3504,3504,3504,3504,3504,3504,3504,3504,41.76607894897461,40.809471130371094,39.59284210205078,39.55316162109375,39.90412902832031,39.830406188964844,39.65928649902344,40.7066764831543,40.75408935546875,15.000000953674316,15.000000953674316,20,19.047618865966797,0,0,0,0,2.0499255657196045,8589934592,1073741824,5053366272,307429376
203,1771638555267,3504,3504,3504,3504,3504,3504,3504,3504,41.276405334472656,40.34357833862305,39.087890625,39.15240478515625,39.52133560180664,39.32881164550781,39.14459228515625,40.18973159790039,40.2376708984375,19.047618865966797,15.789472579956055,10,5,0,0,0,0,2.0499255657196045,8589934592,1073741824,5053120512,307429376
204,1771638555471,3504,3504,3504,3504,3504,3504,3504,3504,41.276405334472656,40.34357833862305,39.087890625,39.15240478515625,39.52133560180664,39.32881164550781,39.14459228515625,40.18973159790039,40.2376708984375,20,28.571430206298828,9.523809432983398,10,0,0,0,0,2.0499255657196045,8589934592,1073741824,5053104128,307429376
204,1771638555676,3504,3504,3504,3504,3504,3504,3504,3504,41.276405334472656,40.34357833862305,39.087890625,39.15240478515625,39.52133560180664,39.32881164550781,39.14459228515625,40.18973159790039,40.2376708984375,28.571430206298828,15.000000953674316,10,9.523809432983398,0,0,0,0,2.79807186126709,8589934592,1073741824,5053104128,307429376
202,1771638555881,3504,3504,3504,3504,3504,3504,3504,3504,41.276405334472656,40.34357833862305,39.087890625,39.15240478515625,39.52133560180664,39.32881164550781,39.14459228515625,40.18973159790039,40.2376708984375,30.000001907348633,14.285715103149414,14.285715103149414,5,0,0,0,0,2.79807186126709,8589934592,1073741824,5053431808,307429376
200,1771638556084,3504,3504,3504,3504,3504,3504,3504,3504,41.276405334472656,40.34357833862305,39.087890625,39.15240478515625,39.52133560180664,39.32881164550781,39.14459228515625,40.18973159790039,40.2376708984375,25,10,10,14.285715103149414,4.761904716491699,0,4.761904716491699,0,2.79807186126709,8589934592,1073741824,5053448192,307429376
204,1771638556285,3504,3504,3504,3504,3504,3504,3504,3504,41.051151275634766,40.19811248779297,39.015464782714844,39.074256896972656,39.24127960205078,39.117950439453125,38.88787841796875,40.035648345947266,40.08729553222656,30.000001907348633,15.000000953674316,14.285715103149414,5.263157844543457,0,0,0,0,2.79807186126709,8589934592,1073741824,5053120512,307429376
203,1771638556490,3504,3504,3504,3504,3504,3504,3504,3504,41.051151275634766,40.19811248779297,39.015464782714844,39.074256896972656,39.24127960205078,39.117950439453125,38.88787841796875,40.035648345947266,40.08729553222656,25,14.285715103149414,5.263157844543457,9.523809432983398,0,0,0,0,2.79807186126709,8589934592,1073741824,5050662912,307429376
200,1771638556695,3504,3504,3504,3504,3504,3504,3504,3504,41.051151275634766,40.19811248779297,39.015464782714844,39.074256896972656,39.24127960205078,39.117950439453125,38.88787841796875,40.035648345947266,40.08729553222656,28.571430206298828,10.526315689086914,23.809524536132813,5,0,0,0,0,2.796055555343628,8589934592,1073741824,5051170816,307429376
204,1771638556896,3504,3504,3504,3504,3504,3504,3504,3504,41.051151275634766,40.19811248779297,39.015464782714844,39.074256896972656,39.24127960205078,39.117950439453125,38.88787841796875,40.035648345947266,40.08729553222656,20,14.285715103149414,15.000000953674316,10,0,0,0,0,2.796055555343628,8589934592,1073741824,5051203584,307429376
204,1771638557100,3504,3504,3504,3504,3504,3504,3504,3504,41.051151275634766,40.19811248779297,39.015464782714844,39.074256896972656,39.24127960205078,39.117950439453125,38.88787841796875,40.035648345947266,40.08729553222656,15.000000953674316,20,15.000000953674316,15.000000953674316,0,0,0,0,2.796055555343628,8589934592,1073741824,5051203584,307429376
204,1771638557305,3504,3504,3504,3504,3504,3504,3504,3504,40.751808166503906,40.07550811767578,38.75407409667969,38.87812042236328,39.117130279541016,38.988494873046875,38.775978088378906,39.856685638427734,39.96181869506836,15.000000953674316,15.000000953674316,9.523809432983398,22.72727394104004,0,0,0,0,2.796055555343628,8589934592,1073741824,5051039744,307429376
200,1771638557511,3504,3504,3504,3504,3504,3504,3504,3504,40.751808166503906,40.07550811767578,38.75407409667969,38.87812042236328,39.117130279541016,38.988494873046875,38.775978088378906,39.856685638427734,39.96181869506836,15.000000953674316,13.636363983154297,5,25,0,0,0,0,2.796055555343628,8589934592,1073741824,5051056128,307429376
204,1771638557711,3504,3504,3504,3504,3504,3504,3504,3504,40.751808166503906,40.07550811767578,38.75407409667969,38.87812042236328,39.117130279541016,38.988494873046875,38.775978088378906,39.856685638427734,39.96181869506836,15.000000953674316,10.526315689086914,15.000000953674316,26.3157901763916,0,0,0,0,2.223485231399536,8589934592,1073741824,5051056128,307429376
201,1771638557916,3504,3504,3504,3504,3504,3504,3504,3504,40.751808166503906,40.07550811767578,38.75407409667969,38.87812042236328,39.117130279541016,38.988494873046875,38.775978088378906,39.856685638427734,39.96181869506836,14.285715103149414,10,5,23.809524536132813,0,0,0,0,2.223485231399536,8589934592,1073741824,5050859520,307429376
204,1771638558118,3504,3504,3504,3504,3504,3504,3504,3504,40.751808166503906,40.07550811767578,38.75407409667969,38.87812042236328,39.117130279541016,38.988494873046875,38.775978088378906,39.856685638427734,39.96181869506836,20,20,15.000000953674316,25,0,0,0,0,2.223485231399536,8589934592,1073741824,5050728448,307429376
204,1771638558323,3504,3504,3504,3504,3504,3504,3504,3504,40.53075408935547,39.98949432373047,38.63066101074219,38.750701904296875,39.05770492553711,38.83491516113281,38.736480712890625,39.75505447387695,39.81932830810547,20,19.047618865966797,5,5,5,4.761904716491699,0,0,2.223485231399536,8589934592,1073741824,5050777600,307429376
204,1771638558529,3504,3504,3504,3504,3504,3504,3504,3504,40.53075408935547,39.98949432373047,38.63066101074219,38.750701904296875,39.05770492553711,38.83491516113281,38.736480712890625,39.75505447387695,39.81932830810547,23.809524536132813,20,9.523809432983398,5,4.761904716491699,0,0,0,2.223485231399536,8589934592,1073741824,5050236928,307429376
202,1771638558734,3504,3504,3504,3504,3504,3504,3504,3504,40.53075408935547,39.98949432373047,38.63066101074219,38.750701904296875,39.05770492553711,38.83491516113281,38.736480712890625,39.75505447387695,39.81932830810547,20,20,14.285715103149414,9.090909004211426,0,0,0,0,2.1990320682525635,8589934592,1073741824,5050253312,307429376
204,1771638558937,3504,3504,3504,3504,3504,3504,3504,3504,40.53075408935547,39.98949432373047,38.63066101074219,38.750701904296875,39.05770492553711,38.83491516113281,38.736480712890625,39.75505447387695,39.81932830810547,25,30.000001907348633,20,15.000000953674316,0,0,0,0,2.1990320682525635,8589934592,1073741824,5050925056,307429376
204,1771638559142,3504,3504,3504,3504,3504,3504,3504,3504,40.53075408935547,39.98560333251953,38.630462646484375,38.74390411376953,38.92860794067383,38.75078582763672,38.658226013183594,39.723480224609375,39.75018310546875,14.285715103149414,19.047618865966797,15.000000953674316,5,4.545454502105713,4.545454502105713,0,0,2.1990320682525635,8589934592,1073741824,5050925056,307429376
204,1771638559347,3504,3504,3504,3504,3504,3504,3504,3504,40.42050552368164,39.98560333251953,38.630462646484375,38.74390411376953,38.92860794067383,38.75078582763672,38.658226013183594,39.723480224609375,39.75018310546875,14.285715103149414,23.809524536132813,15.000000953674316,5,0,0,0,0,2.1990320682525635,8589934592,1073741824,5050925056,307429376
201,1771638559552,3504,3504,3504,3504,3504,3504,3504,3504,40.42050552368164,39.98560333251953,38.630462646484375,38.74390411376953,38.92860794067383,38.75078582763672,38.658226013183594,39.723480224609375,39.75018310546875,21.052631378173828,25,33.333335876464844,19.047618865966797,35,0,0,0,2.1990320682525635,8589934592,1073741824,5051121664,307429376
202,1771638559754,3504,3504,3504,3504,3504,3504,3504,3504,40.42050552368164,39.98560333251953,38.630462646484375,38.74390411376953,38.92860794067383,38.75078582763672,38.658226013183594,39.723480224609375,39.75018310546875,20,15.000000953674316,20,10,0,0,0,0,2.0757522583007813,8589934592,1073741824,5050843136,307429376
204,1771638559956,3504,3504,3504,3504,3504,3504,3504,3504,40.42050552368164,39.98560333251953,38.630462646484375,38.74390411376953,38.92860794067383,38.75078582763672,38.658226013183594,39.723480224609375,39.75018310546875,15.000000953674316,10,23.809524536132813,5,0,0,0,0,2.0757522583007813,8589934592,1073741824,5050826752,307429376
204,1771638560161,3504,3504,3504,3504,3504,3504,3504,3504,40.441078186035156,40.1517448425293,38.725921630859375,38.751495361328125,38.92915344238281,38.638343811035156,38.6318359375,39.67721939086914,39.68597412109375,19.047618865966797,15.000000953674316,26.3157901763916,14.285715103149414,0,0,0,0,2.0757522583007813,8589934592,1073741824,5050826752,307429376
202,1771638560366,3504,3504,3504,3504,3504,3504,3504,3504,40.441078186035156,40.1517448425293,38.725921630859375,38.751495361328125,38.92915344238281,38.638343811035156,38.6318359375,39.67721939086914,39.68597412109375,14.285715103149414,15.000000953674316,23.809524536132813,5,0,0,0,0,2.0757522583007813,8589934592,1073741824,5050875904,307429376
204,1771638560569,3504,3504,3504,3504,3504,3504,3504,3504,40.441078186035156,40.1517448425293,38.725921630859375,38.751495361328125,38.92915344238281,38.638343811035156,38.6318359375,39.67721939086914,39.68597412109375,15.789472579956055,19.047618865966797,25,19.047618865966797,0,0,0,0,2.0757522583007813,8589934592,1073741824,5051023360,307429376
203,1771638560774,3504,3504,3504,3504,3504,3504,3504,3504,40.441078186035156,40.1517448425293,38.725921630859375,38.751495361328125,38.92915344238281,38.638343811035156,38.6318359375,39.67721939086914,39.68597412109375,19.047618865966797,10,20,5,0,0,0,0,2.1997358798980713,8589934592,1073741824,5051056128,307429376
204,1771638560978,3504,3504,3504,3504,3504,3504,3504,3504,40.441078186035156,40.1517448425293,38.725921630859375,38.751495361328125,38.92915344238281,38.638343811035156,38.6318359375,39.67721939086914,39.68597412109375,23.809524536132813,14.285715103149414,23.809524536132813,9.523809432983398,0,0,0,0,2.1997358798980713,8589934592,1073741824,5051072512,307429376
204,1771638561183,3504,3504,3504,3504,3504,3504,3504,3504,40.09614181518555,39.755638122558594,38.33720397949219,38.455657958984375,38.731319427490234,38.431358337402344,38.4356689453125,39.50779342651367,39.48433303833008,25,10,15.000000953674316,5.263157844543457,0,0,0,0,2.1997358798980713,8589934592,1073741824,5051088896,307429376
201,1771638561388,3504,3504,3504,3504,3504,3504,3504,3504,40.09614181518555,39.755638122558594,38.33720397949219,38.455657958984375,38.731319427490234,38.431358337402344,38.4356689453125,39.50779342651367,39.48433303833008,20,10,20,9.523809432983398,0,0,0,0,2.1997358798980713,8589934592,1073741824,5051105280,307429376
204,1771638561589,3504,3504,3504,3504,3504,3504,3504,3504,40.09614181518555,39.755638122558594,38.33720397949219,38.455657958984375,38.731319427490234,38.431358337402344,38.4356689453125,39.50779342651367,39.48433303833008,28.571430206298828,20,20,20,0,0,0,0,2.1997358798980713,8589934592,1073741824,5051400192,307429376
199,1771638561794,3504,3504,3504,3504,3504,3504,3504,3504,40.09614181518555,39.755638122558594,38.33720397949219,38.455657958984375,38.731319427490234,38.431358337402344,38.4356689453125,39.50779342651367,39.48433303833008,15.789472579956055,14.285715103149414,9.523809432983398,15.000000953674316,0,0,0,0,3.0586678981781006,8589934592,1073741824,5051416576,307429376
204,1771638561995,3504,3504,3504,3504,3504,3504,3504,3504,40.09614181518555,39.755638122558594,38.33720397949219,38.455657958984375,38.731319427490234,38.431358337402344,38.4356689453125,39.50779342651367,39.48433303833008,25,5.263157844543457,10,15.000000953674316,0,0,0,0,3.0586678981781006,8589934592,1073741824,5051285504,307429376
204,1771638562200,3504,3504,3504,3504,3504,3504,3504,3504,39.9600944519043,39.60868835449219,38.227638244628906,38.296356201171875,38.63259506225586,38.30232238769531,38.32096862792969,39.353759765625,39.3773193359375,23.809524536132813,15.000000953674316,10,19.047618865966797,0,0,0,0,3.0586678981781006,8589934592,1073741824,5051285504,307429376
204,1771638562405,3504,3504,3504,3504,3504,3504,3504,3504,39.9600944519043,39.60868835449219,38.227638244628906,38.296356201171875,38.63259506225586,38.30232238769531,38.32096862792969,39.353759765625,39.3773193359375,15.789472579956055,14.285715103149414,9.523809432983398,20,0,0,0,0,3.0586678981781006,8589934592,1073741824,5051318272,307429376
203,1771638562610,3504,3504,3504,3504,3504,3504,3504,3504,39.9600944519043,39.60868835449219,38.227638244628906,38.296356201171875,38.63259506225586,38.30232238769531,38.32096862792969,39.353759765625,39.3773193359375,19.047618865966797,14.285715103149414,10,20,0,0,0,0,3.0586678981781006,8589934592,1073741824,5051318272,307429376
200,1771638562813,3504,3504,3504,3504,3504,3504,3504,3504,39.9600944519043,39.60868835449219,38.227638244628906,38.296356201171875,38.63259506225586,38.30232238769531,38.32096862792969,39.353759765625,39.3773193359375,19.047618865966797,15.000000953674316,10,23.809524536132813,0,0,0,0,2.761261224746704,8589934592,1073741824,5051416576,307429376
204,1771638563014,3504,3504,3504,3504,3504,3504,3504,3504,39.9600944519043,39.60868835449219,38.227638244628906,38.296356201171875,38.63259506225586,38.30232238769531,38.32096862792969,39.353759765625,39.3773193359375,21.052631378173828,10.526315689086914,15.000000953674316,21.052631378173828,0,0,0,0,2.761261224746704,8589934592,1073741824,5051465728,307429376
204,1771638563219,3504,3504,3504,3504,3504,3504,3504,3504,39.86998748779297,39.47426223754883,38.17951202392578,38.133277893066406,38.504066467285156,38.175010681152344,38.19482421875,39.184349060058594,39.25895309448242,19.047618865966797,19.047618865966797,15.000000953674316,10,0,0,0,0,2.761261224746704,8589934592,1073741824,5051498496,307429376
203,1771638563424,3504,3504,3504,3504,3504,3504,3504,3504,39.86998748779297,39.47426223754883,38.17951202392578,38.133277893066406,38.504066467285156,38.175010681152344,38.19482421875,39.184349060058594,39.25895309448242,10,25,18.18181800842285,13.636363983154297,4.761904716491699,0,4.761904716491699,4.761904716491699,2.761261224746704,8589934592,1073741824,5051580416,307429376
204,1771638563628,3504,3504,3504,3504,3504,3504,3504,3504,39.86998748779297,39.47426223754883,38.17951202392578,38.133277893066406,38.504066467285156,38.175010681152344,38.19482421875,39.184349060058594,39.25895309448242,15.000000953674316,19.047618865966797,15.789472579956055,5,0,0,0,0,2.761261224746704,8589934592,1073741824,5051547648,307429376
204,1771638563833,3504,3504,3504,3504,3504,3504,3504,3504,39.86998748779297,39.47426223754883,38.17951202392578,38.133277893066406,38.504066467285156,38.175010681152344,38.19482421875,39.184349060058594,39.25895309448242,14.285715103149414,19.047618865966797,23.809524536132813,10,0,0,0,0,2.2245543003082275,8589934592,1073741824,5051547648,307429376
200,1771638564038,3504,3504,3504,3504,3504,3504,3504,3504,39.86998748779297,39.47426223754883,38.17951202392578,38.133277893066406,38.504066467285156,38.175010681152344,38.19482421875,39.184349060058594,39.25895309448242,10,19.047618865966797,15.000000953674316,4.761904716491699,0,4.761904716491699,4.761904716491699,0,2.2245543003082275,8589934592,1073741824,5051514880,307429376
204,1771638564239,3504,3504,3504,3504,3504,3504,3504,3504,39.90045166015625,39.41267013549805,38.117408752441406,38.083587646484375,38.41067123413086,38.084197998046875,38.09559631347656,39.16764831542969,39.168312072753906,15.000000953674316,16.666667938232422,20,10,0,0,0,0,2.2245543003082275,8589934592,1073741824,5051498496,307429376
204,1771638564444,3504,3504,3504,3504,3504,3504,3504,3504,39.90045166015625,39.41267013549805,38.117408752441406,38.083587646484375,38.41067123413086,38.084197998046875,38.09559631347656,39.16764831542969,39.168312072753906,10,22.72727394104004,20,5,0,0,0,0,2.2245543003082275,8589934592,1073741824,5051465728,307429376
204,1771638564649,3504,3504,3504,3504,3504,3504,3504,3504,39.90045166015625,39.41267013549805,38.117408752441406,38.083587646484375,38.41067123413086,38.084197998046875,38.09559631347656,39.16764831542969,39.168312072753906,15.000000953674316,15.000000953674316,23.809524536132813,19.047618865966797,0,0,0,0,2.0877552032470703,8589934592,1073741824,5051498496,307429376
202,1771638564854,3504,3504,3504,3504,3504,3504,3504,3504,39.90045166015625,39.41267013549805,38.117408752441406,38.083587646484375,38.41067123413086,38.084197998046875,38.09559631347656,39.16764831542969,39.168312072753906,15.000000953674316,10,19.047618865966797,15.000000953674316,4.761904716491699,0,0,0,2.0877552032470703,8589934592,1073741824,5051498496,307429376
203,1771638565056,3504,3504,3504,3504,3504,3504,3504,3504,39.90045166015625,39.41267013549805,38.117408752441406,38.083587646484375,38.41067123413086,38.084197998046875,38.09559631347656,39.16764831542969,39.168312072753906,31.81818199157715,20,20,15.789472579956055,0,0,0,0,2.0877552032470703,8589934592,1073741824,5051695104,307429376
204,1771638565260,3504,3504,3504,3504,3504,3504,3504,3504,39.842044830322266,39.28351974487305,37.897857666015625,37.927520751953125,38.3658332824707,37.951934814453125,37.94268035888672,39.09621810913086,39.063507080078125,15.789472579956055,14.285715103149414,15.000000953674316,19.047618865966797,0,0,0,0,2.0877552032470703,8589934592,1073741824,5051957248,307429376
199,1771638565465,3504,3504,3504,3504,3504,3504,3504,3504,39.842044830322266,39.28351974487305,37.897857666015625,37.927520751953125,38.3658332824707,37.951934814453125,37.94268035888672,39.09621810913086,39.063507080078125,15.000000953674316,15.789472579956055,20,15.000000953674316,0,0,0,0,2.0877552032470703,8589934592,1073741824,5051875328,307429376
203,1771638565665,3504,3504,3504,3504,3504,3504,3504,3504,39.842044830322266,39.28351974487305,37.897857666015625,37.927520751953125,38.3658332824707,37.951934814453125,37.94268035888672,39.09621810913086,39.063507080078125,19.047618865966797,15.000000953674316,20,9.523809432983398,0,0,0,0,1.9383618831634521,8589934592,1073741824,5051875328,307429376
204,1771638565869,3504,3504,3504,3504,3504,3504,3504,3504,39.842044830322266,39.28351974487305,37.897857666015625,37.927520751953125,38.3658332824707,37.951934814453125,37.94268035888672,39.09621810913086,39.063507080078125,20,14.285715103149414,23.809524536132813,10,0,0,0,0,1.9383618831634521,8589934592,1073741824,5051908096,307429376
203,1771638566074,3504,3504,3504,3504,3504,3504,3504,3504,39.842044830322266,39.28351974487305,37.897857666015625,37.927520751953125,38.3658332824707,37.951934814453125,37.94268035888672,39.09621810913086,39.063507080078125,23.809524536132813,20,25,15.000000953674316,0,0,0,0,1.9383618831634521,8589934592,1073741824,5052416000,307429376
204,1771638566278,3504,3504,3504,3504,3504,3504,3504,3504,39.81660079956055,39.20843505859375,37.82587432861328,37.87837219238281,38.32390213012695,37.83873748779297,37.91241455078125,39.01628875732422,38.96520233154297,20,20,20,9.523809432983398,0,0,0,0,1.9383618831634521,8589934592,1073741824,5052432384,307429376
202,1771638566482,3504,3504,3504,3504,3504,3504,3504,3504,39.81660079956055,39.20843505859375,37.82587432861328,37.87837219238281,38.32390213012695,37.83873748779297,37.91241455078125,39.01628875732422,38.96520233154297,21.052631378173828,19.047618865966797,15.000000953674316,10,0,0,0,0,1.9383618831634521,8589934592,1073741824,5052530688,307429376
204,1771638566686,3504,3504,3504,3504,3504,3504,3504,3504,39.81660079956055,39.20843505859375,37.82587432861328,37.87837219238281,38.32390213012695,37.83873748779297,37.91241455078125,39.01628875732422,38.96520233154297,23.809524536132813,10,19.047618865966797,14.285715103149414,0,0,0,0,2.622779607772827,8589934592,1073741824,5052530688,307429376
202,1771638566891,3504,3504,3504,3504,3504,3504,3504,3504,39.81660079956055,39.20843505859375,37.82587432861328,37.87837219238281,38.32390213012695,37.83873748779297,37.91241455078125,39.01628875732422,38.96520233154297,23.809524536132813,19.047618865966797,19.047618865966797,5.263157844543457,0,0,0,0,2.622779607772827,8589934592,1073741824,5052530688,307429376
200,1771638567094,3504,3504,3504,3504,3504,3504,3504,3504,39.81660079956055,39.20843505859375,37.82587432861328,37.87837219238281,38.32390213012695,37.83873748779297,37.91241455078125,39.01628875732422,38.96520233154297,25,21.052631378173828,5.263157844543457,9.523809432983398,0,0,0,0,2.622779607772827,8589934592,1073741824,5049958400,307429376
202,1771638567294,3504,3504,3504,3504,3504,3504,3504,3504,39.77529525756836,39.0970458984375,37.768516540527344,37.81275177001953,38.26622009277344,37.720375061035156,37.854888916015625,38.878421783447266,38.84275436401367,15.789472579956055,20,14.285715103149414,10,0,0,0,0,2.622779607772827,8589934592,1073741824,5049958400,307429376
204,1771638567497,3504,3504,3504,3504,3504,3504,3504,3504,39.77529525756836,39.0970458984375,37.768516540527344,37.81275177001953,38.26622009277344,37.720375061035156,37.854888916015625,38.878421783447266,38.84275436401367,23.809524536132813,28.571430206298828,10.526315689086914,14.285715103149414,0,0,0,0,2.622779607772827,8589934592,1073741824,5049974784,307429376
202,1771638567702,3504,3504,3504,3504,3504,3504,3504,3504,39.77529525756836,39.0970458984375,37.768516540527344,37.81275177001953,38.26622009277344,37.720375061035156,37.854888916015625,38.878421783447266,38.84275436401367,14.285715103149414,25,9.523809432983398,5,0,0,0,0,2.958322048187256,8589934592,1073741824,5049991168,307429376
199,1771638567906,3504,3504,3504,3504,3504,3504,3504,3504,39.77529525756836,39.0970458984375,37.768516540527344,37.81275177001953,38.26622009277344,37.720375061035156,37.854888916015625,38.878421783447266,38.84275436401367,15.000000953674316,28.571430206298828,10,5,0,0,0,0,2.958322048187256,8589934592,1073741824,5049909248,307429376
203,1771638568106,3504,3504,3504,3504,3504,3504,3504,3504,39.77529525756836,39.0970458984375,37.768516540527344,37.81275177001953,38.26622009277344,37.720375061035156,37.854888916015625,38.878421783447266,38.84275436401367,20,21.052631378173828,20,10.526315689086914,0,0,0,0,2.958322048187256,8589934592,1073741824,5049860096,307429376
200,1771638568309,3504,3504,3504,3504,3504,3504,3504,3504,39.74503707885742,39.01081466674805,37.680419921875,37.689430236816406,38.07579040527344,37.599945068359375,37.747535705566406,38.74711227416992,38.73968505859375,15.789472579956055,23.809524536132813,23.809524536132813,14.285715103149414,0,0,0,0,2.958322048187256,8589934592,1073741824,5049860096,307429376
204,1771638568510,3504,3504,3504,3504,3504,3504,3504,3504,39.74503707885742,39.01081466674805,37.680419921875,37.689430236816406,38.07579040527344,37.599945068359375,37.747535705566406,38.74711227416992,38.73968505859375,23.809524536132813,10.526315689086914,5.263157844543457,5,9.523809432983398,13.636363983154297,5,4.761904716491699,2.958322048187256,8589934592,1073741824,5049860096,307429376
204,1771638568715,3504,3504,3504,3504,3504,3504,3504,3504,39.74503707885742,39.01081466674805,37.680419921875,37.689430236816406,38.07579040527344,37.599945068359375,37.747535705566406,38.74711227416992,38.73968505859375,20,10,10,10,0,0,0,0,2.425475835800171,8589934592,1073741824,5049860096,307429376
204,1771638568920,3504,3504,3504,3504,3504,3504,3504,3504,39.74503707885742,39.01081466674805,37.680419921875,37.689430236816406,38.07579040527344,37.599945068359375,37.747535705566406,38.74711227416992,38.73968505859375,21.052631378173828,19.047618865966797,14.285715103149414,4.761904716491699,0,0,0,0,2.425475835800171,8589934592,1073741824,5049860096,307429376
204,1771638569125,3504,3504,3504,3504,3504,3504,3504,3504,39.74503707885742,39.01081466674805,37.680419921875,37.689430236816406,38.07579040527344,37.599945068359375,37.747535705566406,38.74711227416992,38.73968505859375,27.272727966308594,19.047618865966797,14.285715103149414,10,0,0,0,0,2.425475835800171,8589934592,1073741824,5049745408,307429376
201,1771638569330,3504,3504,3504,3504,3504,3504,3504,3504,39.68632507324219,38.97581100463867,37.58606719970703,37.5987548828125,37.97325134277344,37.49810791015625,37.684600830078125,38.703582763671875,38.696006774902344,15.000000953674316,5.263157844543457,10,14.285715103149414,0,0,0,0,2.425475835800171,8589934592,1073741824,5049761792,307429376
201,1771638569532,3504,3504,3504,3504,3504,3504,3504,3504,39.68632507324219,38.97581100463867,37.58606719970703,37.5987548828125,37.97325134277344,37.49810791015625,37.684600830078125,38.703582763671875,38.696006774902344,33.333335876464844,33.333335876464844,20,20,25,0,0,0,2.425475835800171,8589934592,1073741824,5051236352,307429376
204,1771638569734,3504,3504,3504,3504,3504,3504,3504,3504,39.68632507324219,38.97581100463867,37.58606719970703,37.5987548828125,37.97325134277344,37.49810791015625,37.684600830078125,38.703582763671875,38.696006774902344,21.052631378173828,25,10,5.263157844543457,10.526315689086914,0,0,0,2.039052724838257,8589934592,1073741824,5051269120,307429376
204,1771638569939,3504,3504,3504,3504,3504,3504,3504,3504,39.68632507324219,38.97581100463867,37.58606719970703,37.5987548828125,37.97325134277344,37.49810791015625,37.684600830078125,38.703582763671875,38.696006774902344,28.571430206298828,15.000000953674316,10,9.523809432983398,0,0,0,0,2.039052724838257,8589934592,1073741824,5051318272,307429376
199,1771638570144,3504,3504,3504,3504,3504,3504,3504,3504,39.715126037597656,39.24005889892578,37.77458190917969,37.693878173828125,38.02143096923828,37.487548828125,37.64585876464844,38.69282150268555,38.73770523071289,20,14.285715103149414,14.285715103149414,5,0,0,0,0,2.039052724838257,8589934592,1073741824,5051203584,307429376
203,1771638570344,3504,3504,3504,3504,3504,3504,3504,3504,39.715126037597656,39.24005889892578,37.77458190917969,37.693878173828125,38.02143096923828,37.487548828125,37.64585876464844,38.69282150268555,38.73770523071289,25,10.526315689086914,20,14.285715103149414,0,0,0,0,2.039052724838257,8589934592,1073741824,5051236352,307429376
204,1771638570549,3504,3504,3504,3504,3504,3504,3504,3504,39.715126037597656,39.24005889892578,37.77458190917969,37.693878173828125,38.02143096923828,37.487548828125,37.64585876464844,38.69282150268555,38.73770523071289,23.809524536132813,9.523809432983398,15.000000953674316,5,0,0,0,0,2.039052724838257,8589934592,1073741824,5051170816,307429376
204,1771638570754,3504,3504,3504,3504,3504,3504,3504,3504,39.715126037597656,39.24005889892578,37.77458190917969,37.693878173828125,38.02143096923828,37.487548828125,37.64585876464844,38.69282150268555,38.73770523071289,25,15.000000953674316,9.523809432983398,9.523809432983398,0,0,0,0,1.9253971576690674,8589934592,1073741824,5051203584,307429376
204,1771638570959,3504,3504,3504,3504,3504,3504,3504,3504,39.715126037597656,39.24005889892578,37.77458190917969,37.693878173828125,38.02143096923828,37.487548828125,37.64585876464844,38.69282150268555,38.73770523071289,20,20,5.263157844543457,5,0,0,0,0,1.9253971576690674,8589934592,1073741824,5051203584,307429376
204,1771638571164,3504,3504,3504,3504,3504,3504,3504,3504,39.469051361083984,38.80154800415039,37.40643310546875,37.45990753173828,37.792659759521484,37.30659484863281,37.49401092529297,38.51939392089844,38.546566009521484,19.047618865966797,19.047618865966797,9.523809432983398,5,0,0,0,0,1.9253971576690674,8589934592,1073741824,5051187200,307429376
204,1771638571368,3504,3504,3504,3504,3504,3504,3504,3504,39.469051361083984,38.80154800415039,37.40643310546875,37.45990753173828,37.792659759521484,37.30659484863281,37.49401092529297,38.51939392089844,38.546566009521484,21.052631378173828,23.809524536132813,14.285715103149414,9.523809432983398,0,0,0,0,1.9253971576690674,8589934592,1073741824,5051187200,307429376
204,1771638571573,3504,3504,3504,3504,3504,3504,3504,3504,39.469051361083984,38.80154800415039,37.40643310546875,37.45990753173828,37.792659759521484,37.30659484863281,37.49401092529297,38.51939392089844,38.546566009521484,14.285715103149414,15.789472579956055,15.000000953674316,10,0,0,0,0,1.9253971576690674,8589934592,1073741824,5051187200,307429376
204,1771638571778,3504,3504,3504,3504,3504,3504,3504,3504,39.469051361083984,38.80154800415039,37.40643310546875,37.45990753173828,37.792659759521484,37.30659484863281,37.49401092529297,38.51939392089844,38.546566009521484,15.000000953674316,28.571430206298828,14.285715103149414,9.523809432983398,0,0,0,0,2.9962480068206787,8589934592,1073741824,5051187200,307429376
204,1771638571983,3504,3504,3504,3504,3504,3504,3504,3504,39.469051361083984,38.80154800415039,37.40643310546875,37.45990753173828,37.792659759521484,37.30659484863281,37.49401092529297,38.51939392089844,38.546566009521484,14.285715103149414,33.333335876464844,15.000000953674316,10,0,0,0,0,2.9962480068206787,8589934592,1073741824,5051187200,307429376
204,1771638572188,3504,3504,3504,3504,3504,3504,3504,3504,39.31512451171875,38.70199966430664,37.37494659423828,37.41520690917969,37.68244934082031,37.129615783691406,37.375694274902344,38.37613296508789,38.449745178222656,15.000000953674316,25,10,10,0,0,0,0,2.9962480068206787,8589934592,1073741824,5050695680,307429376
201,1771638572393,3504,3504,3504,3504,3504,3504,3504,3504,39.31512451171875,38.70199966430664,37.37494659423828,37.41520690917969,37.68244934082031,37.129615783691406,37.375694274902344,38.37613296508789,38.449745178222656,14.285715103149414,25,9.523809432983398,5,0,0,0,0,2.9962480068206787,8589934592,1073741824,5050695680,307429376
202,1771638572596,3504,3504,3504,3504,3504,3504,3504,3504,39.31512451171875,38.70199966430664,37.37494659423828,37.41520690917969,37.68244934082031,37.129615783691406,37.375694274902344,38.37613296508789,38.449745178222656,20,28.571430206298828,20,18.18181800842285,0,0,0,0,2.9962480068206787,8589934592,1073741824,5050695680,307429376
204,1771638572799,3504,3504,3504,3504,3504,3504,3504,3504,39.31512451171875,38.70199966430664,37.37494659423828,37.41520690917969,37.68244934082031,37.129615783691406,37.375694274902344,38.37613296508789,38.449745178222656,15.789472579956055,21.052631378173828,20,5.555555820465088,0,0,0,0,2.2622251510620117,8589934592,1073741824,5050695680,307429376
203,1771638573003,3504,3504,3504,3504,3504,3504,3504,3504,39.31512451171875,38.70199966430664,37.37494659423828,37.41520690917969,37.68244934082031,37.129615783691406,37.375694274902344,38.37613296508789,38.449745178222656,27.272727966308594,23.809524536132813,20,14.285715103149414,4.761904716491699,0,0,0,2.2622251510620117,8589934592,1073741824,5050695680,307429376
204,1771638573207,3504,3504,3504,3504,3504,3504,3504,3504,39.20344161987305,38.62333297729492,37.342979431152344,37.348243713378906,37.61115264892578,37.069881439208984,37.314048767089844,38.305973052978516,38.357601165771484,15.789472579956055,20,10,9.523809432983398,0,0,0,0,2.2622251510620117,8589934592,1073741824,5051416576,307429376
204,1771638573412,3504,3504,3504,3504,3504,3504,3504,3504,39.20344161987305,38.62333297729492,37.342979431152344,37.348243713378906,37.61115264892578,37.069881439208984,37.314048767089844,38.305973052978516,38.357601165771484,28.571430206298828,30.000001907348633,23.809524536132813,28.571430206298828,19.047618865966797,19.047618865966797,19.047618865966797,14.285715103149414,2.2622251510620117,8589934592,1073741824,5051465728,307429376
204,1771638573617,3504,3504,3504,3504,3504,3504,3504,3504,39.20344161987305,38.62333297729492,37.342979431152344,37.348243713378906,37.61115264892578,37.069881439208984,37.314048767089844,38.305973052978516,38.357601165771484,10,19.047618865966797,5,0,5,0,4.761904716491699,0,2.2622251510620117,8589934592,1073741824,5051400192,307429376
204,1771638573822,3504,3504,3504,3504,3504,3504,3504,3504,39.20344161987305,38.62333297729492,37.342979431152344,37.348243713378906,37.61115264892578,37.069881439208984,37.314048767089844,38.305973052978516,38.357601165771484,20,28.571430206298828,14.285715103149414,14.285715103149414,0,0,0,0,2.0637431144714355,8589934592,1073741824,5051858944,307429376
203,1771638574027,3504,3504,3504,3504,3504,3504,3504,3504,39.20344161987305,38.62333297729492,37.342979431152344,37.348243713378906,37.61115264892578,37.069881439208984,37.314048767089844,38.305973052978516,38.357601165771484,15.000000953674316,20,15.000000953674316,9.523809432983398,0,0,0,0,2.0637431144714355,8589934592,1073741824,5051858944,307429376
202,1771638574231,3504,3504,3504,3504,3504,3504,3504,3504,39.560882568359375,38.91846466064453,37.56421661376953,37.61163330078125,37.78337478637695,37.39646911621094,37.57533264160156,38.63247299194336,38.688907623291016,19.047618865966797,23.809524536132813,14.285715103149414,15.000000953674316,0,0,0,0,2.0637431144714355,8589934592,1073741824,5051891712,307429376
204,1771638574434,3504,3504,3504,3504,3504,3504,3504,3504,39.560882568359375,38.91846466064453,37.56421661376953,37.61163330078125,37.78337478637695,37.39646911621094,37.57533264160156,38.63247299194336,38.688907623291016,10,15.789472579956055,21.052631378173828,5.263157844543457,0,0,0,0,2.0637431144714355,8589934592,1073741824,5052055552,307429376
204,1771638574639,3504,3504,3504,3504,3504,3504,3504,3504,39.560882568359375,38.91846466064453,37.56421661376953,37.61163330078125,37.78337478637695,37.39646911621094,37.57533264160156,38.63247299194336,38.688907623291016,14.285715103149414,23.809524536132813,22.72727394104004,13.636363983154297,0,0,0,0,2.162933588027954,8589934592,1073741824,5052186624,307429376
204,1771638574844,3504,3504,3504,3504,3504,3504,3504,3504,39.560882568359375,38.91846466064453,37.56421661376953,37.61163330078125,37.78337478637695,37.39646911621094,37.57533264160156,38.63247299194336,38.688907623291016,20,30.000001907348633,21.052631378173828,10,0,0,0,0,2.162933588027954,8589934592,1073741824,5052022784,307429376
204,1771638575049,3504,3504,3504,3504,3504,3504,3504,3504,39.560882568359375,38.91846466064453,37.56421661376953,37.61163330078125,37.78337478637695,37.39646911621094,37.57533264160156,38.63247299194336,38.688907623291016,10,19.047618865966797,19.047618865966797,9.523809432983398,0,0,0,0,2.162933588027954,8589934592,1073741824,5052071936,307429376
204,1771638575254,3504,3504,3504,3504,3504,3504,3504,3504,39.10755920410156,38.501670837402344,37.19837188720703,37.21971893310547,37.559471130371094,36.96543884277344,37.23523712158203,38.23563766479492,38.27412414550781,14.285715103149414,20,20,10.526315689086914,0,0,0,0,2.162933588027954,8589934592,1073741824,5052121088,307429376
204,1771638575459,3504,3504,3504,3504,3504,3504,3504,3504,39.10755920410156,38.501670837402344,37.19837188720703,37.21971893310547,37.559471130371094,36.96543884277344,37.23523712158203,38.23563766479492,38.27412414550781,15.000000953674316,15.000000953674316,19.047618865966797,19.047618865966797,0,0,0,0,2.162933588027954,8589934592,1073741824,5052350464,307429376
204,1771638575665,3504,3504,3504,3504,3504,3504,3504,3504,39.10755920410156,38.501670837402344,37.19837188720703,37.21971893310547,37.559471130371094,36.96543884277344,37.23523712158203,38.23563766479492,38.27412414550781,15.000000953674316,14.285715103149414,25,9.523809432983398,0,0,0,0,2.399704694747925,8589934592,1073741824,5052350464,307429376
202,1771638575870,3504,3504,3504,3504,3504,3504,3504,3504,39.10755920410156,38.501670837402344,37.19837188720703,37.21971893310547,37.559471130371094,36.96543884277344,37.23523712158203,38.23563766479492,38.27412414550781,25,10,15.000000953674316,10,0,0,0,0,2.399704694747925,8589934592,1073741824,5052596224,307429376
204,1771638576073,3504,3504,3504,3504,3504,3504,3504,3504,39.10755920410156,38.501670837402344,37.19837188720703,37.21971893310547,37.559471130371094,36.96543884277344,37.23523712158203,38.23563766479492,38.27412414550781,25,15.000000953674316,20,10,0,0,0,0,2.399704694747925,8589934592,1073741824,5052907520,307429376
203,1771638576278,3504,3504,3504,3504,3504,3504,3504,3504,38.983131408691406,38.3913688659668,37.027000427246094,37.06938934326172,37.492557525634766,36.84016418457031,37.13710021972656,38.12351608276367,38.151981353759766,19.047618865966797,20,9.523809432983398,9.523809432983398,0,0,0,0,2.399704694747925,8589934592,1073741824,5052940288,307429376
204,1771638576482,3504,3504,3504,3504,3504,3504,3504,3504,38.983131408691406,38.3913688659668,37.027000427246094,37.06938934326172,37.492557525634766,36.84016418457031,37.13710021972656,38.12351608276367,38.151981353759766,15.000000953674316,23.809524536132813,15.000000953674316,20,0,0,0,0,2.399704694747925,8589934592,1073741824,5053071360,307429376
201,1771638576687,3504,3504,3504,3504,3504,3504,3504,3504,38.983131408691406,38.3913688659668,37.027000427246094,37.06938934326172,37.492557525634766,36.84016418457031,37.13710021972656,38.12351608276367,38.151981353759766,14.285715103149414,23.809524536132813,14.285715103149414,15.000000953674316,0,0,0,0,2.2014949321746826,8589934592,1073741824,5053071360,307429376
204,1771638576889,3504,3504,3504,3504,3504,3504,3504,3504,38.983131408691406,38.3913688659668,37.027000427246094,37.06938934326172,37.492557525634766,36.84016418457031,37.13710021972656,38.12351608276367,38.151981353759766,15.000000953674316,15.789472579956055,10,23.809524536132813,0,0,0,0,2.2014949321746826,8589934592,1073741824,5053071360,307429376
204,1771638577094,3504,3504,3504,3504,3504,3504,3504,3504,38.983131408691406,38.3913688659668,37.027000427246094,37.06938934326172,37.492557525634766,36.84016418457031,37.13710021972656,38.12351608276367,38.151981353759766,35,19.047618865966797,15.000000953674316,40,0,0,0,0,2.2014949321746826,8589934592,1073741824,5053153280,307429376
202,1771638577299,3504,3504,3504,3504,3504,3504,3504,3504,38.88814163208008,38.2629280090332,36.959815979003906,36.99738693237305,37.3768424987793,36.73150634765625,37.060848236083984,38.010040283203125,38.123435974121094,23.809524536132813,19.047618865966797,30.000001907348633,14.285715103149414,0,0,0,0,2.2014949321746826,8589934592,1073741824,5053153280,307429376
204,1771638577502,3504,3504,3504,3504,3504,3504,3504,3504,38.88814163208008,38.2629280090332,36.959815979003906,36.99738693237305,37.3768424987793,36.73150634765625,37.060848236083984,38.010040283203125,38.123435974121094,25,15.000000953674316,19.047618865966797,10,0,0,0,0,2.2014949321746826,8589934592,1073741824,5053153280,307429376
200,1771638577707,3504,3504,3504,3504,3504,3504,3504,3504,38.88814163208008,38.2629280090332,36.959815979003906,36.99738693237305,37.3768424987793,36.73150634765625,37.060848236083984,38.010040283203125,38.123435974121094,20,10,23.809524536132813,5.263157844543457,0,0,0,0,2.387204885482788,8589934592,1073741824,5053202432,307429376
202,1771638577908,3504,3504,3504,3504,3504,3504,3504,3504,38.88814163208008,38.2629280090332,36.959815979003906,36.99738693237305,37.3768424987793,36.73150634765625,37.060848236083984,38.010040283203125,38.123435974121094,28.571430206298828,15.789472579956055,21.052631378173828,19.047618865966797,0,0,0,0,2.387204885482788,8589934592,1073741824,5053317120,307429376
200,1771638578111,3504,3504,3504,3504,3504,3504,3504,3504,38.88814163208008,38.2629280090332,36.959815979003906,36.99738693237305,37.3768424987793,36.73150634765625,37.060848236083984,38.010040283203125,38.123435974121094,26.3157901763916,23.809524536132813,20,15.000000953674316,0,0,0,0,2.387204885482788,8589934592,1073741824,5054267392,307429376
204,1771638578312,3504,3504,3504,3504,3504,3504,3504,3504,38.861759185791016,38.19180679321289,36.930076599121094,36.9930305480957,37.26365661621094,36.63652038574219,36.994544982910156,37.95671463012695,37.997100830078125,23.809524536132813,20,15.000000953674316,5,0,0,0,0,2.387204885482788,8589934592,1073741824,5054300160,307429376
200,1771638578517,3504,3504,3504,3504,3504,3504,3504,3504,38.861759185791016,38.19180679321289,36.930076599121094,36.9930305480957,37.26365661621094,36.63652038574219,36.994544982910156,37.95671463012695,37.997100830078125,20,15.000000953674316,14.285715103149414,9.523809432983398,5,4.761904716491699,0,0,2.387204885482788,8589934592,1073741824,5054283776,307429376
204,1771638578718,3504,3504,3504,3504,3504,3504,3504,3504,38.861759185791016,38.19180679321289,36.930076599121094,36.9930305480957,37.26365661621094,36.63652038574219,36.994544982910156,37.95671463012695,37.997100830078125,20,20,5.263157844543457,5,0,0,0,0,2.014035940170288,8589934592,1073741824,5054251008,307429376
204,1771638578923,3504,3504,3504,3504,3504,3504,3504,3504,38.861759185791016,38.19180679321289,36.930076599121094,36.9930305480957,37.26365661621094,36.63652038574219,36.994544982910156,37.95671463012695,37.997100830078125,25,23.809524536132813,13.636363983154297,14.285715103149414,0,0,0,0,2.014035940170288,8589934592,1073741824,5054267392,307429376
204,1771638579128,3504,3504,3504,3504,3504,3504,3504,3504,38.861759185791016,38.19180679321289,36.930076599121094,36.9930305480957,37.26365661621094,36.63652038574219,36.994544982910156,37.95671463012695,37.997100830078125,20,15.000000953674316,10,5,0,0,0,0,2.014035940170288,8589934592,1073741824,5054087168,307429376
200,1771638579333,3504,3504,3504,3504,3504,3504,3504,3504,38.85913848876953,38.1701774597168,36.92789077758789,36.97344970703125,37.19118881225586,36.58526611328125,36.94300842285156,37.879966735839844,37.972137451171875,23.809524536132813,14.285715103149414,5,0,9.523809432983398,10,4.761904716491699,4.545454502105713,2.014035940170288,8589934592,1073741824,5054447616,307429376
199,1771638579535,3504,3504,3504,3504,3504,3504,3504,3504,38.85913848876953,38.1701774597168,36.92789077758789,36.97344970703125,37.19118881225586,36.58526611328125,36.94300842285156,37.879966735839844,37.972137451171875,30.000001907348633,20,20,19.047618865966797,10,0,0,0,2.014035940170288,8589934592,1073741824,5054922752,307429376
199,1771638579735,3504,3504,3504,3504,3504,3504,3504,3504,38.85913848876953,38.1701774597168,36.92789077758789,36.97344970703125,37.19118881225586,36.58526611328125,36.94300842285156,37.879966735839844,37.972137451171875,30.000001907348633,15.789472579956055,10.526315689086914,10,30.000001907348633,0,0,0,2.661734104156494,8589934592,1073741824,5054808064,307429376
204,1771638579936,3504,3504,3504,3504,3504,3504,3504,3504,38.85913848876953,38.1701774597168,36.92789077758789,36.97344970703125,37.19118881225586,36.58526611328125,36.94300842285156,37.879966735839844,37.972137451171875,25,23.809524536132813,14.285715103149414,10,0,0,0,0,2.661734104156494,8589934592,1073741824,5054824448,307429376
201,1771638580141,3504,3504,3504,3504,3504,3504,3504,3504,39.0509147644043,38.55265426635742,37.168540954589844,37.145912170410156,37.276573181152344,36.6562614440918,37.011695861816406,37.95517349243164,37.98772430419922,25,21.052631378173828,10,10,0,0,0,0,2.661734104156494,8589934592,1073741824,5054693376,307429376
200,1771638580343,3504,3504,3504,3504,3504,3504,3504,3504,39.0509147644043,38.55265426635742,37.168540954589844,37.145912170410156,37.276573181152344,36.6562614440918,37.011695861816406,37.95517349243164,37.98772430419922,25,14.285715103149414,10,15.000000953674316,0,0,0,0,2.661734104156494,8589934592,1073741824,5055283200,307429376
204,1771638580544,3504,3504,3504,3504,3504,3504,3504,3504,39.0509147644043,38.55265426635742,37.168540954589844,37.145912170410156,37.276573181152344,36.6562614440918,37.011695861816406,37.95517349243164,37.98772430419922,30.000001907348633,15.000000953674316,15.000000953674316,14.285715103149414,0,0,0,0,2.661734104156494,8589934592,1073741824,5055315968,307429376
201,1771638580749,3504,3504,3504,3504,3504,3504,3504,3504,39.0509147644043,38.55265426635742,37.168540954589844,37.145912170410156,37.276573181152344,36.6562614440918,37.011695861816406,37.95517349243164,37.98772430419922,23.809524536132813,14.285715103149414,19.047618865966797,5.263157844543457,0,0,0,0,2.0016889572143555,8589934592,1073741824,5055217664,307429376
201,1771638580952,3504,3504,3504,3504,3504,3504,3504,3504,39.0509147644043,38.55265426635742,37.168540954589844,37.145912170410156,37.276573181152344,36.6562614440918,37.011695861816406,37.95517349243164,37.98772430419922,15.000000953674316,5.263157844543457,25,5,0,0,0,0,2.0016889572143555,8589934592,1073741824,5055217664,307429376
204,1771638581153,3504,3504,3504,3504,3504,3504,3504,3504,38.778282165527344,38.04008865356445,36.85820770263672,36.8125,37.059146881103516,36.468448638916016,36.757972717285156,37.74244689941406,37.82354736328125,20,20,25,14.285715103149414,0,0,0,0,2.0016889572143555,8589934592,1073741824,5055234048,307429376
200,1771638581358,3504,3504,3504,3504,3504,3504,3504,3504,38.778282165527344,38.04008865356445,36.85820770263672,36.8125,37.059146881103516,36.468448638916016,36.757972717285156,37.74244689941406,37.82354736328125,14.285715103149414,22.72727394104004,15.000000953674316,5,0,0,0,0,2.0016889572143555,8589934592,1073741824,5055201280,307429376
204,1771638581560,3504,3504,3504,3504,3504,3504,3504,3504,38.778282165527344,38.04008865356445,36.85820770263672,36.8125,37.059146881103516,36.468448638916016,36.757972717285156,37.74244689941406,37.82354736328125,15.789472579956055,15.789472579956055,20,13.636363983154297,0,0,0,0,2.0016889572143555,8589934592,1073741824,5055332352,307429376
204,1771638581765,3504,3504,3504,3504,3504,3504,3504,3504,38.778282165527344,38.04008865356445,36.85820770263672,36.8125,37.059146881103516,36.468448638916016,36.757972717285156,37.74244689941406,37.82354736328125,15.000000953674316,20,15.000000953674316,5.263157844543457,0,0,0,0,2.637798309326172,8589934592,1073741824,5055332352,307429376
202,1771638581970,3504,3504,3504,3504,3504,3504,3504,3504,38.778282165527344,38.04008865356445,36.85820770263672,36.8125,37.059146881103516,36.468448638916016,36.757972717285156,37.74244689941406,37.82354736328125,14.285715103149414,19.047618865966797,19.047618865966797,5,0,0,0,0,2.637798309326172,8589934592,1073741824,5055348736,307429376
204,1771638582173,3504,3504,3504,3504,3504,3504,3504,3504,38.680816650390625,37.941165924072266,36.72327423095703,36.67205810546875,36.966487884521484,36.38287353515625,36.650753021240234,37.657249450683594,37.7263298034668,21.052631378173828,21.052631378173828,19.047618865966797,10,0,0,0,0,2.637798309326172,8589934592,1073741824,5055348736,307429376
204,1771638582378,3504,3504,3504,3504,3504,3504,3504,3504,38.680816650390625,37.941165924072266,36.72327423095703,36.67205810546875,36.966487884521484,36.38287353515625,36.650753021240234,37.657249450683594,37.7263298034668,31.81818199157715,10,5.263157844543457,9.523809432983398,0,0,0,0,2.637798309326172,8589934592,1073741824,5055381504,307429376
203,1771638582583,3504,3504,3504,3504,3504,3504,3504,3504,38.680816650390625,37.941165924072266,36.72327423095703,36.67205810546875,36.966487884521484,36.38287353515625,36.650753021240234,37.657249450683594,37.7263298034668,30.000001907348633,18.18181800842285,13.636363983154297,9.523809432983398,0,0,0,0,2.637798309326172,8589934592,1073741824,5055250432,307429376
9,1771638582787,3504,3504,3504,3504,3504,3504,3504,3504,38.680816650390625,37.941165924072266,36.72327423095703,36.67205810546875,36.966487884521484,36.38287353515625,36.650753021240234,37.657249450683594,37.7263298034668,30.000001907348633,15.789472579956055,15.789472579956055,15.000000953674316,0,0,0,0,2.051891803741455,8589934592,1073741824,5056774144,307429376
