Delta,Time,CPU_FREQUENCY_0,CPU_FREQUENCY_1,CPU_FREQUENCY_2,CPU_FREQUENCY_3,CPU_FREQUENCY_4,CPU_FREQUENCY_5,CPU_FREQUENCY_6,CPU_FREQUENCY_7,CPU_TEMP_0,CPU_TEMP_1,CPU_TEMP_2,CPU_TEMP_3,CPU_TEMP_4,CPU_TEMP_5,CPU_TEMP_6,CPU_TEMP_7,CPU_TEMP_8,CPU_USAGE_0,CPU_USAGE_1,CPU_USAGE_2,CPU_USAGE_3,CPU_USAGE_4,CPU_USAGE_5,CPU_USAGE_6,CPU_USAGE_7,SYSTEM_POWER (Watts),TOTAL_MEMORY,TOTAL_SWAP,USED_MEMORY,USED_SWAP
0,1771638424162,3504,3504,3504,3504,3504,3504,3504,3504,80.45779418945313,78.4889144897461,76.9848403930664,77.7524185180664,64.12612915039063,76.57756805419922,76.83488464355469,77.72990417480469,81.13330078125,66.66667175292969,66.66667175292969,100,100,100,100,100,80,19.329864501953125,8589934592,1073741824,5378654208,307429376
204,1771638424162,3504,3504,3504,3504,3504,3504,3504,3504,81.62561798095703,79.93070983886719,78.24185943603516,78.94324493408203,65.20361328125,77.76251983642578,77.99578094482422,79.04364776611328,81.13330078125,66.66667175292969,100,50,66.66667175292969,100,100,75,100,19.329864501953125,8589934592,1073741824,5378670592,307429376
200,1771638424367,3504,3504,3504,3504,3504,3504,3504,3504,81.62561798095703,79.93070983886719,78.24185943603516,78.94324493408203,65.20361328125,77.76251983642578,77.99578094482422,79.04364776611328,81.13330078125,80,76.19047546386719,76.19047546386719,76.19047546386719,90.47618865966797,90,95,90.47618865966797,19.329864501953125,8589934592,1073741824,5384863744,307429376
204,1771638424567,3504,3504,3504,3504,3504,3504,3504,3504,81.62561798095703,79.93070983886719,78.24185943603516,78.94324493408203,65.20361328125,77.76251983642578,77.99578094482422,79.04364776611328,81.13330078125,80,78.94737243652344,75,75,95,94.73684692382813,90,89.47368621826172,19.329864501953125,8589934592,1073741824,5401575424,307429376
204,1771638424772,3504,3504,3504,3504,3504,3504,3504,3504,81.62561798095703,79.93070983886719,78.24185943603516,78.94324493408203,65.20361328125,77.76251983642578,77.99578094482422,79.04364776611328,81.13330078125,80,80,75,80,90.47618865966797,90.47618865966797,95,90.47618865966797,18.920215606689453,8589934592,1073741824,5401362432,307429376
201,1771638424977,3504,3504,3504,3504,3504,3504,3504,3504,81.62561798095703,79.93070983886719,78.24185943603516,78.94324493408203,65.20361328125,77.76251983642578,77.99578094482422,79.04364776611328,81.13330078125,80.95238494873047,76.19047546386719,77.2727279663086,76.19047546386719,95,90.47618865966797,90.47618865966797,89.47368621826172,18.920215606689453,8589934592,1073741824,5417959424,307429376
206,1771638425179,3504,3504,3504,3504,3504,3504,3504,3504,84.14668273925781,82.2350845336914,81.09772491455078,81.87226104736328,66.7546157836914,80.7413101196289,80.90174865722656,81.7229995727539,83.77591705322266,84.21052551269531,80,78.94737243652344,78.94737243652344,90,90,95,86.36363983154297,18.920215606689453,8589934592,1073741824,5417959424,307429376
204,1771638425386,3504,3504,3504,3504,3504,3504,3504,3504,84.14668273925781,82.2350845336914,81.09772491455078,81.87226104736328,66.7546157836914,80.7413101196289,80.90174865722656,81.7229995727539,83.77591705322266,80.95238494873047,80,80,77.2727279663086,90.47618865966797,90.47618865966797,86.36363983154297,89.47368621826172,18.920215606689453,8589934592,1073741824,5417959424,307429376
204,1771638425591,3504,3504,3504,3504,3504,3504,3504,3504,84.14668273925781,82.2350845336914,81.09772491455078,81.87226104736328,66.7546157836914,80.7413101196289,80.90174865722656,81.7229995727539,83.77591705322266,80.95238494873047,80.95238494873047,77.2727279663086,80,90.47618865966797,94.73684692382813,94.73684692382813,90.90909576416016,18.920215606689453,8589934592,1073741824,5417959424,307429376
204,1771638425796,3504,3504,3504,3504,3504,3504,3504,3504,84.14668273925781,82.2350845336914,81.09772491455078,81.87226104736328,66.7546157836914,80.7413101196289,80.90174865722656,81.7229995727539,83.77591705322266,80,80,78.94737243652344,76.19047546386719,90,90.47618865966797,85.71428680419922,85,19.378358840942383,8589934592,1073741824,5162254336,307429376
204,1771638426001,3504,3504,3504,3504,3504,3504,3504,3504,84.14668273925781,82.2350845336914,81.09772491455078,81.87226104736328,66.7546157836914,80.7413101196289,80.90174865722656,81.7229995727539,83.77591705322266,85.71428680419922,80.95238494873047,77.2727279663086,85,95,90.47618865966797,95,85,19.378358840942383,8589934592,1073741824,5164875776,307429376
204,1771638426206,3504,3504,3504,3504,3504,3504,3504,3504,85.20187377929688,83.22911071777344,82.09606170654297,82.97721862792969,67.63726806640625,81.45543670654297,81.590576171875,82.33595275878906,84.3707046508789,85,85,84.21052551269531,85,90.47618865966797,95,90,85.71428680419922,19.378358840942383,8589934592,1073741824,5149425664,307429376
201,1771638426411,3504,3504,3504,3504,3504,3504,3504,3504,85.20187377929688,83.22911071777344,82.09606170654297,82.97721862792969,67.63726806640625,81.45543670654297,81.590576171875,82.33595275878906,84.3707046508789,80.95238494873047,76.19047546386719,80.95238494873047,80.95238494873047,90,95,90.47618865966797,90,19.378358840942383,8589934592,1073741824,5155586048,307429376
204,1771638426612,3504,3504,3504,3504,3504,3504,3504,3504,85.20187377929688,83.22911071777344,82.09606170654297,82.97721862792969,67.63726806640625,81.45543670654297,81.590576171875,82.33595275878906,84.3707046508789,78.94737243652344,85,75,75,90.47618865966797,86.36363983154297,90,85.71428680419922,19.378358840942383,8589934592,1073741824,5150670848,307429376
205,1771638426818,3504,3504,3504,3504,3504,3504,3504,3504,85.20187377929688,83.22911071777344,82.09606170654297,82.97721862792969,67.63726806640625,81.45543670654297,81.590576171875,82.33595275878906,84.3707046508789,80.95238494873047,76.19047546386719,80,80,95,90,90.47618865966797,89.47368621826172,20.797739028930664,8589934592,1073741824,5165400064,307429376
202,1771638427023,3504,3504,3504,3504,3504,3504,3504,3504,85.20187377929688,83.22911071777344,82.09606170654297,82.97721862792969,67.63726806640625,81.45543670654297,81.590576171875,82.33595275878906,84.3707046508789,80,80,76.19047546386719,80,90,95,90,90.47618865966797,20.797739028930664,8589934592,1073741824,5161910272,307429376
203,1771638427225,3504,3504,3504,3504,3504,3504,3504,3504,86.13166809082031,84.06484985351563,82.94039916992188,83.81061553955078,68.41619873046875,82.2104721069336,82.53946685791016,83.06831359863281,85.40641021728516,80.95238494873047,75,76.19047546386719,75,90,90.47618865966797,85,85.71428680419922,20.797739028930664,8589934592,1073741824,5165547520,307429376
201,1771638427434,3504,3504,3504,3504,3504,3504,3504,3504,86.13166809082031,84.06484985351563,82.94039916992188,83.81061553955078,68.41619873046875,82.2104721069336,82.53946685791016,83.06831359863281,85.40641021728516,80,80,80,76.19047546386719,90.47618865966797,94.73684692382813,95,89.47368621826172,20.797739028930664,8589934592,1073741824,5165547520,307429376
204,1771638427636,3504,3504,3504,3504,3504,3504,3504,3504,86.13166809082031,84.06484985351563,82.94039916992188,83.81061553955078,68.41619873046875,82.2104721069336,82.53946685791016,83.06831359863281,85.40641021728516,80.95238494873047,80,75,75,85,90.47618865966797,85.71428680419922,90.90909576416016,20.797739028930664,8589934592,1073741824,5165547520,307429376
201,1771638427841,3504,3504,3504,3504,3504,3504,3504,3504,86.13166809082031,84.06484985351563,82.94039916992188,83.81061553955078,68.41619873046875,82.2104721069336,82.53946685791016,83.06831359863281,85.40641021728516,84.21052551269531,80.95238494873047,84.21052551269531,80.95238494873047,95.23809814453125,90.47618865966797,90.47618865966797,89.47368621826172,20.647258758544922,8589934592,1073741824,5149523968,307429376
203,1771638428043,3504,3504,3504,3504,3504,3504,3504,3504,86.13166809082031,84.06484985351563,82.94039916992188,83.81061553955078,68.41619873046875,82.2104721069336,82.53946685791016,83.06831359863281,85.40641021728516,80.95238494873047,80,76.19047546386719,75,95,90,90,85.71428680419922,20.647258758544922,8589934592,1073741824,5151948800,307429376
204,1771638428246,3504,3504,3504,3504,3504,3504,3504,3504,86.72972869873047,84.76415252685547,83.59070587158203,84.45306396484375,68.9739761352539,82.97150421142578,83.2049789428711,83.8204116821289,86.1190414428711,75,80,80,80,90.47618865966797,90,95,85.71428680419922,20.647258758544922,8589934592,1073741824,5149523968,307429376
202,1771638428451,3504,3504,3504,3504,3504,3504,3504,3504,86.72972869873047,84.76415252685547,83.59070587158203,84.45306396484375,68.9739761352539,82.97150421142578,83.2049789428711,83.8204116821289,86.1190414428711,80.95238494873047,80,80,76.19047546386719,90,95,90,89.47368621826172,20.647258758544922,8589934592,1073741824,5149523968,307429376
204,1771638428653,3504,3504,3504,3504,3504,3504,3504,3504,86.72972869873047,84.76415252685547,83.59070587158203,84.45306396484375,68.9739761352539,82.97150421142578,83.2049789428711,83.8204116821289,86.1190414428711,75,76.19047546386719,72.7272720336914,73.68421173095703,90.47618865966797,85.71428680419922,85.71428680419922,90.47618865966797,20.78434944152832,8589934592,1073741824,5149523968,307429376
204,1771638428858,3504,3504,3504,3504,3504,3504,3504,3504,86.72972869873047,84.76415252685547,83.59070587158203,84.45306396484375,68.9739761352539,82.97150421142578,83.2049789428711,83.8204116821289,86.1190414428711,85,76.19047546386719,73.68421173095703,75,94.73684692382813,90,89.47368621826172,85,20.78434944152832,8589934592,1073741824,5166809088,307429376
206,1771638429062,3504,3504,3504,3504,3504,3504,3504,3504,86.72972869873047,84.76415252685547,83.59070587158203,84.45306396484375,68.9739761352539,82.97150421142578,83.2049789428711,83.8204116821289,86.1190414428711,80,80,80,76.19047546386719,90.47618865966797,95,90.90909576416016,85.71428680419922,20.78434944152832,8589934592,1073741824,5145837568,307429376
204,1771638429269,3504,3504,3504,3504,3504,3504,3504,3504,87.14785766601563,85.31871795654297,84.14192962646484,84.94513702392578,69.3700942993164,83.41281127929688,83.55052185058594,84.24284362792969,86.5256118774414,85.71428680419922,85,80.95238494873047,77.2727279663086,90,85.71428680419922,95,95,20.78434944152832,8589934592,1073741824,5145837568,307429376
200,1771638429474,3504,3504,3504,3504,3504,3504,3504,3504,87.14785766601563,85.31871795654297,84.14192962646484,84.94513702392578,69.3700942993164,83.41281127929688,83.55052185058594,84.24284362792969,86.5256118774414,80,75,75,78.94737243652344,90.47618865966797,90.47618865966797,90.47618865966797,85.71428680419922,20.78434944152832,8589934592,1073741824,5145837568,307429376
204,1771638429674,3504,3504,3504,3504,3504,3504,3504,3504,87.14785766601563,85.31871795654297,84.14192962646484,84.94513702392578,69.3700942993164,83.41281127929688,83.55052185058594,84.24284362792969,86.5256118774414,75,71.42857360839844,75,75,90,94.73684692382813,85,90,20.539899826049805,8589934592,1073741824,5145837568,307429376
205,1771638429879,3504,3504,3504,3504,3504,3504,3504,3504,87.14785766601563,85.31871795654297,84.14192962646484,84.94513702392578,69.3700942993164,83.41281127929688,83.55052185058594,84.24284362792969,86.5256118774414,80.95238494873047,80,77.2727279663086,76.19047546386719,90,90.47618865966797,90.47618865966797,85.71428680419922,20.539899826049805,8589934592,1073741824,5148196864,307429376
204,1771638430085,3504,3504,3504,3504,3504,3504,3504,3504,87.14785766601563,85.31871795654297,84.14192962646484,84.94513702392578,69.3700942993164,83.41281127929688,83.55052185058594,84.24284362792969,86.5256118774414,80,80,80,80,95,90,95,90,20.539899826049805,8589934592,1073741824,5165285376,307429376
204,1771638430290,3504,3504,3504,3504,3504,3504,3504,3504,87.62580871582031,85.73953247070313,84.54286193847656,85.47180938720703,69.97195434570313,84.01078033447266,84.03974914550781,84.85771179199219,87.0853271484375,80.95238494873047,76.19047546386719,75,71.42857360839844,90.47618865966797,90.47618865966797,90,85,20.539899826049805,8589934592,1073741824,5160960000,307429376
203,1771638430496,3504,3504,3504,3504,3504,3504,3504,3504,87.62580871582031,85.73953247070313,84.54286193847656,85.47180938720703,69.97195434570313,84.01078033447266,84.03974914550781,84.85771179199219,87.0853271484375,84.21052551269531,80,80,80,85,90.47618865966797,90.47618865966797,90.47618865966797,20.539899826049805,8589934592,1073741824,5165252608,307429376
204,1771638430700,3504,3504,3504,3504,3504,3504,3504,3504,87.62580871582031,85.73953247070313,84.54286193847656,85.47180938720703,69.97195434570313,84.01078033447266,84.03974914550781,84.85771179199219,87.0853271484375,77.2727279663086,75,80,78.94737243652344,90.47618865966797,89.47368621826172,90,90.47618865966797,20.370811462402344,8589934592,1073741824,5158731776,307429376
204,1771638430905,3504,3504,3504,3504,3504,3504,3504,3504,87.62580871582031,85.73953247070313,84.54286193847656,85.47180938720703,69.97195434570313,84.01078033447266,84.03974914550781,84.85771179199219,87.0853271484375,85,80,76.19047546386719,77.2727279663086,90.47618865966797,95.23809814453125,90.47618865966797,90,20.370811462402344,8589934592,1073741824,5160812544,307429376
203,1771638431111,3504,3504,3504,3504,3504,3504,3504,3504,87.62580871582031,85.73953247070313,84.54286193847656,85.47180938720703,69.97195434570313,84.01078033447266,84.03974914550781,84.85771179199219,87.0853271484375,75,77.2727279663086,75,71.42857360839844,90,90.47618865966797,90,85,20.370811462402344,8589934592,1073741824,5160599552,307429376
204,1771638431315,3504,3504,3504,3504,3504,3504,3504,3504,88.42525482177734,86.23711395263672,85.08106994628906,86.1343994140625,70.52153015136719,84.57942199707031,84.67516326904297,85.34777069091797,87.61358642578125,85,80,80.95238494873047,80,95,95,85,85.71428680419922,20.370811462402344,8589934592,1073741824,5140840448,307429376
197,1771638431527,3504,3504,3504,3504,3504,3504,3504,3504,88.42525482177734,86.23711395263672,85.08106994628906,86.1343994140625,70.52153015136719,84.57942199707031,84.67516326904297,85.34777069091797,87.61358642578125,80.95238494873047,80.95238494873047,80.95238494873047,85,90.90909576416016,90.90909576416016,90.90909576416016,94.73684692382813,20.370811462402344,8589934592,1073741824,5147312128,307429376
200,1771638431725,3504,3504,3504,3504,3504,3504,3504,3504,88.42525482177734,86.23711395263672,85.08106994628906,86.1343994140625,70.52153015136719,84.57942199707031,84.67516326904297,85.34777069091797,87.61358642578125,85.71428680419922,84.21052551269531,85,80.95238494873047,85,94.73684692382813,89.47368621826172,85.71428680419922,20.43132209777832,8589934592,1073741824,5149589504,307429376
203,1771638431926,3504,3504,3504,3504,3504,3504,3504,3504,88.42525482177734,86.23711395263672,85.08106994628906,86.1343994140625,70.52153015136719,84.57942199707031,84.67516326904297,85.34777069091797,87.61358642578125,84.21052551269531,80,78.94737243652344,75,94.73684692382813,90.47618865966797,94.73684692382813,90.47618865966797,20.43132209777832,8589934592,1073741824,5167398912,307429376
204,1771638432129,3504,3504,3504,3504,3504,3504,3504,3504,88.42525482177734,86.23711395263672,85.08106994628906,86.1343994140625,70.52153015136719,84.57942199707031,84.67516326904297,85.34777069091797,87.61358642578125,80,80,76.19047546386719,75,85.71428680419922,90,90.90909576416016,90,20.43132209777832,8589934592,1073741824,5167529984,307429376
201,1771638432334,3504,3504,3504,3504,3504,3504,3504,3504,88.99596405029297,86.9859390258789,85.80020904541016,86.7828598022461,71.1604995727539,85.50479888916016,85.62004852294922,86.22119140625,88.6012954711914,80.95238494873047,76.19047546386719,75,80,90,90.47618865966797,95,85.71428680419922,20.43132209777832,8589934592,1073741824,5147623424,307429376
204,1771638432535,3504,3504,3504,3504,3504,3504,3504,3504,88.99596405029297,86.9859390258789,85.80020904541016,86.7828598022461,71.1604995727539,85.50479888916016,85.62004852294922,86.22119140625,88.6012954711914,80,80.95238494873047,76.19047546386719,76.19047546386719,90,94.73684692382813,94.73684692382813,89.47368621826172,20.43132209777832,8589934592,1073741824,5167972352,307429376
202,1771638432740,3504,3504,3504,3504,3504,3504,3504,3504,88.99596405029297,86.9859390258789,85.80020904541016,86.7828598022461,71.1604995727539,85.50479888916016,85.62004852294922,86.22119140625,88.6012954711914,80,78.94737243652344,80,75,90.47618865966797,90.47618865966797,86.36363983154297,85.71428680419922,20.670677185058594,8589934592,1073741824,5146689536,307429376
204,1771638432943,3504,3504,3504,3504,3504,3504,3504,3504,88.99596405029297,86.9859390258789,85.80020904541016,86.7828598022461,71.1604995727539,85.50479888916016,85.62004852294922,86.22119140625,88.6012954711914,80,76.19047546386719,78.94737243652344,78.94737243652344,90,90,90,95,20.670677185058594,8589934592,1073741824,5167284224,307429376
207,1771638433148,3504,3504,3504,3504,3504,3504,3504,3504,89.13395690917969,87.23035430908203,86.03960418701172,86.94629669189453,71.59233093261719,85.96317291259766,86.03988647460938,86.70014190673828,89.01441955566406,80.95238494873047,80,77.2727279663086,71.42857360839844,90.47618865966797,90,90.47618865966797,85.71428680419922,20.670677185058594,8589934592,1073741824,5152866304,307429376
204,1771638433355,3504,3504,3504,3504,3504,3504,3504,3504,89.13395690917969,87.23035430908203,86.03960418701172,86.94629669189453,71.59233093261719,85.96317291259766,86.03988647460938,86.70014190673828,89.01441955566406,80.95238494873047,76.19047546386719,75,80.95238494873047,90.47618865966797,90.47618865966797,90,89.47368621826172,20.670677185058594,8589934592,1073741824,5152342016,307429376
208,1771638433560,3504,3504,3504,3504,3504,3504,3504,3504,89.13395690917969,87.23035430908203,86.03960418701172,86.94629669189453,71.59233093261719,85.96317291259766,86.03988647460938,86.70014190673828,89.01441955566406,78.94737243652344,80,80.95238494873047,75,89.47368621826172,95,90.47618865966797,86.36363983154297,20.670677185058594,8589934592,1073741824,5151014912,307429376
204,1771638433769,3504,3504,3504,3504,3504,3504,3504,3504,89.13395690917969,87.23035430908203,86.03960418701172,86.94629669189453,71.59233093261719,85.96317291259766,86.03988647460938,86.70014190673828,89.01441955566406,77.2727279663086,76.19047546386719,75,80.95238494873047,90.90909576416016,85.71428680419922,95,85.71428680419922,21.022729873657227,8589934592,1073741824,5150638080,307429376
204,1771638433974,3504,3504,3504,3504,3504,3504,3504,3504,89.13395690917969,87.23035430908203,86.03960418701172,86.94629669189453,71.59233093261719,85.96317291259766,86.03988647460938,86.70014190673828,89.01441955566406,80.95238494873047,80,76.19047546386719,80,90,90,90,90,21.022729873657227,8589934592,1073741824,5148819456,307429376
203,1771638434179,3504,3504,3504,3504,3504,3504,3504,3504,89.76532745361328,87.82881164550781,86.65094757080078,87.5938720703125,71.922607421875,86.28437042236328,86.27104949951172,87.03885650634766,89.19918823242188,80,80.95238494873047,78.94737243652344,76.19047546386719,90.47618865966797,95,90.47618865966797,90,21.022729873657227,8589934592,1073741824,5148246016,307429376
205,1771638434382,3504,3504,3504,3504,3504,3504,3504,3504,89.76532745361328,87.82881164550781,86.65094757080078,87.5938720703125,71.922607421875,86.28437042236328,86.27104949951172,87.03885650634766,89.19918823242188,80,75,77.2727279663086,80,89.47368621826172,90.47618865966797,90.47618865966797,85.71428680419922,21.022729873657227,8589934592,1073741824,5150162944,307429376
205,1771638434588,3504,3504,3504,3504,3504,3504,3504,3504,89.76532745361328,87.82881164550781,86.65094757080078,87.5938720703125,71.922607421875,86.28437042236328,86.27104949951172,87.03885650634766,89.19918823242188,78.94737243652344,75,75,75,95.23809814453125,86.36363983154297,90,85.71428680419922,21.022729873657227,8589934592,1073741824,5142872064,307429376
201,1771638434794,3504,3504,3504,3504,3504,3504,3504,3504,89.76532745361328,87.82881164550781,86.65094757080078,87.5938720703125,71.922607421875,86.28437042236328,86.27104949951172,87.03885650634766,89.19918823242188,77.2727279663086,80.95238494873047,75,75,85.71428680419922,95,90,89.47368621826172,20.278770446777344,8589934592,1073741824,5142560768,307429376
204,1771638434996,3504,3504,3504,3504,3504,3504,3504,3504,89.76532745361328,87.82881164550781,86.65094757080078,87.5938720703125,71.922607421875,86.28437042236328,86.27104949951172,87.03885650634766,89.19918823242188,73.68421173095703,75,75,75,95,85,85.71428680419922,86.36363983154297,20.278770446777344,8589934592,1073741824,5142593536,307429376
204,1771638435201,3504,3504,3504,3504,3504,3504,3504,3504,89.86957550048828,88.17129516601563,86.90506744384766,87.71062469482422,72.16089630126953,86.14714050292969,86.35836029052734,86.86763763427734,89.28860473632813,80.95238494873047,80.95238494873047,80,77.2727279663086,90,95,85,89.47368621826172,20.278770446777344,8589934592,1073741824,5142593536,307429376
204,1771638435406,3504,3504,3504,3504,3504,3504,3504,3504,89.86957550048828,88.17129516601563,86.90506744384766,87.71062469482422,72.16089630126953,86.14714050292969,86.35836029052734,86.86763763427734,89.28860473632813,76.19047546386719,75,77.2727279663086,76.19047546386719,90.47618865966797,90,95.23809814453125,85.71428680419922,20.278770446777344,8589934592,1073741824,5148590080,307429376
209,1771638435611,3504,3504,3504,3504,3504,3504,3504,3504,89.86957550048828,88.17129516601563,86.90506744384766,87.71062469482422,72.16089630126953,86.14714050292969,86.35836029052734,86.86763763427734,89.28860473632813,80,80,80,80,90.47618865966797,90.47618865966797,90.47618865966797,90,20.278770446777344,8589934592,1073741824,5142953984,307429376
204,1771638435821,3504,3504,3504,3504,3504,3504,3504,3504,89.86957550048828,88.17129516601563,86.90506744384766,87.71062469482422,72.16089630126953,86.14714050292969,86.35836029052734,86.86763763427734,89.28860473632813,81.81818389892578,81.81818389892578,76.19047546386719,80,90.47618865966797,85.71428680419922,90,90.90909576416016,20.956632614135742,8589934592,1073741824,5145837568,307429376
203,1771638436026,3504,3504,3504,3504,3504,3504,3504,3504,89.86957550048828,88.17129516601563,86.90506744384766,87.71062469482422,72.16089630126953,86.14714050292969,86.35836029052734,86.86763763427734,89.28860473632813,84.21052551269531,80,78.94737243652344,76.19047546386719,90,95.23809814453125,90.47618865966797,90,20.956632614135742,8589934592,1073741824,5149196288,307429376
207,1771638436229,3504,3504,3504,3504,3504,3504,3504,3504,90.47868347167969,88.55003356933594,87.34683227539063,88.3216552734375,72.53221893310547,86.92565155029297,87.07782745361328,87.7140121459961,90.01819610595703,80,75,76.19047546386719,80,95,90,90,85,20.956632614135742,8589934592,1073741824,5149196288,307429376
204,1771638436437,3504,3504,3504,3504,3504,3504,3504,3504,90.47868347167969,88.55003356933594,87.34683227539063,88.3216552734375,72.53221893310547,86.92565155029297,87.07782745361328,87.7140121459961,90.01819610595703,80.95238494873047,80,77.2727279663086,80.95238494873047,95.23809814453125,90.47618865966797,90.47618865966797,90.47618865966797,20.956632614135742,8589934592,1073741824,5146509312,307429376
207,1771638436642,3504,3504,3504,3504,3504,3504,3504,3504,90.47868347167969,88.55003356933594,87.34683227539063,88.3216552734375,72.53221893310547,86.92565155029297,87.07782745361328,87.7140121459961,90.01819610595703,80.95238494873047,80.95238494873047,78.94737243652344,75,90.47618865966797,90,90,85.71428680419922,20.379430770874023,8589934592,1073741824,5155684352,307429376
205,1771638436850,3504,3504,3504,3504,3504,3504,3504,3504,90.47868347167969,88.55003356933594,87.34683227539063,88.3216552734375,72.53221893310547,86.92565155029297,87.07782745361328,87.7140121459961,90.01819610595703,85.71428680419922,85.71428680419922,80.95238494873047,80.95238494873047,95.23809814453125,90.47618865966797,95,90,20.379430770874023,8589934592,1073741824,5163417600,307429376
204,1771638437055,3504,3504,3504,3504,3504,3504,3504,3504,90.47868347167969,88.55003356933594,87.34683227539063,88.3216552734375,72.53221893310547,86.92565155029297,87.07782745361328,87.7140121459961,90.01819610595703,75,75,80,76.19047546386719,94.73684692382813,95,90,85.71428680419922,20.379430770874023,8589934592,1073741824,5160517632,307429376
201,1771638437260,3504,3504,3504,3504,3504,3504,3504,3504,90.99718475341797,89.44742584228516,88.01726531982422,88.73576354980469,72.98493957519531,87.13771057128906,87.21046447753906,87.9747314453125,90.26436614990234,80.95238494873047,80,76.19047546386719,80,90.47618865966797,90.47618865966797,86.9565200805664,90,20.379430770874023,8589934592,1073741824,5207670784,307429376
204,1771638437462,3504,3504,3504,3504,3504,3504,3504,3504,90.99718475341797,89.44742584228516,88.01726531982422,88.73576354980469,72.98493957519531,87.13771057128906,87.21046447753906,87.9747314453125,90.26436614990234,84.21052551269531,80,78.94737243652344,80,95,94.73684692382813,89.47368621826172,90,20.379430770874023,8589934592,1073741824,5195972608,307429376
205,1771638437667,3504,3504,3504,3504,3504,3504,3504,3504,90.99718475341797,89.44742584228516,88.01726531982422,88.73576354980469,72.98493957519531,87.13771057128906,87.21046447753906,87.9747314453125,90.26436614990234,76.19047546386719,76.19047546386719,72.7272720336914,76.19047546386719,90.47618865966797,90.47618865966797,85.71428680419922,90,20.408355712890625,8589934592,1073741824,5201264640,307429376
204,1771638437873,3504,3504,3504,3504,3504,3504,3504,3504,90.99718475341797,89.44742584228516,88.01726531982422,88.73576354980469,72.98493957519531,87.13771057128906,87.21046447753906,87.9747314453125,90.26436614990234,85,80.95238494873047,85,78.94737243652344,95,90.47618865966797,95,90.90909576416016,20.408355712890625,8589934592,1073741824,5182308352,307429376
201,1771638438078,3504,3504,3504,3504,3504,3504,3504,3504,90.99718475341797,89.44742584228516,88.01726531982422,88.73576354980469,72.98493957519531,87.13771057128906,87.21046447753906,87.9747314453125,90.26436614990234,80.95238494873047,80,80.95238494873047,80.95238494873047,90.47618865966797,95,95.23809814453125,89.47368621826172,20.408355712890625,8589934592,1073741824,5179211776,307429376
204,1771638438280,3504,3504,3504,3504,3504,3504,3504,3504,91.7288589477539,89.86173248291016,88.4803695678711,89.40741729736328,73.45201110839844,87.78324890136719,87.990234375,88.60626983642578,91.16015625,80,75,73.68421173095703,75,90,90.47618865966797,90,86.36363983154297,20.408355712890625,8589934592,1073741824,5178900480,307429376
204,1771638438485,3504,3504,3504,3504,3504,3504,3504,3504,91.7288589477539,89.86173248291016,88.4803695678711,89.40741729736328,73.45201110839844,87.78324890136719,87.990234375,88.60626983642578,91.16015625,80,76.19047546386719,80.95238494873047,75,90.47618865966797,90,90.47618865966797,90,20.408355712890625,8589934592,1073741824,5165793280,307429376
202,1771638438690,3504,3504,3504,3504,3504,3504,3504,3504,91.7288589477539,89.86173248291016,88.4803695678711,89.40741729736328,73.45201110839844,87.78324890136719,87.990234375,88.60626983642578,91.16015625,75,78.94737243652344,75,76.19047546386719,89.47368621826172,90,90,89.47368621826172,20.88730812072754,8589934592,1073741824,5165629440,307429376
204,1771638438893,3504,3504,3504,3504,3504,3504,3504,3504,91.7288589477539,89.86173248291016,88.4803695678711,89.40741729736328,73.45201110839844,87.78324890136719,87.990234375,88.60626983642578,91.16015625,85,80.95238494873047,75,80.95238494873047,90.47618865966797,90,89.47368621826172,90.47618865966797,20.88730812072754,8589934592,1073741824,5166284800,307429376
205,1771638439097,3504,3504,3504,3504,3504,3504,3504,3504,91.7288589477539,89.86173248291016,88.4803695678711,89.40741729736328,73.45201110839844,87.78324890136719,87.990234375,88.60626983642578,91.16015625,76.19047546386719,75,76.19047546386719,75,90.47618865966797,95.23809814453125,90.47618865966797,90,20.88730812072754,8589934592,1073741824,5165596672,307429376
204,1771638439303,3504,3504,3504,3504,3504,3504,3504,3504,91.82132720947266,89.87262725830078,88.65322875976563,89.54579162597656,73.70785522460938,88.2900619506836,88.41983795166016,88.96562194824219,91.432373046875,80,80,85,76.19047546386719,90,90,90,90,20.88730812072754,8589934592,1073741824,5166104576,307429376
206,1771638439508,3504,3504,3504,3504,3504,3504,3504,3504,91.82132720947266,89.87262725830078,88.65322875976563,89.54579162597656,73.70785522460938,88.2900619506836,88.41983795166016,88.96562194824219,91.432373046875,80,76.19047546386719,76.19047546386719,80,95,90.47618865966797,86.36363983154297,90,20.88730812072754,8589934592,1073741824,5166612480,307429376
204,1771638439714,3504,3504,3504,3504,3504,3504,3504,3504,91.82132720947266,89.87262725830078,88.65322875976563,89.54579162597656,73.70785522460938,88.2900619506836,88.41983795166016,88.96562194824219,91.432373046875,80.95238494873047,76.19047546386719,80,76.19047546386719,90,90.47618865966797,90,90.90909576416016,20.795269012451172,8589934592,1073741824,5166088192,307429376
204,1771638439919,3504,3504,3504,3504,3504,3504,3504,3504,91.82132720947266,89.87262725830078,88.65322875976563,89.54579162597656,73.70785522460938,88.2900619506836,88.41983795166016,88.96562194824219,91.432373046875,80.95238494873047,80.95238494873047,80.95238494873047,78.94737243652344,90.47618865966797,95,90.47618865966797,85.71428680419922,20.795269012451172,8589934592,1073741824,5167808512,307429376
204,1771638440124,3504,3504,3504,3504,3504,3504,3504,3504,91.82132720947266,89.87262725830078,88.65322875976563,89.54579162597656,73.70785522460938,88.2900619506836,88.41983795166016,88.96562194824219,91.432373046875,85,84.21052551269531,78.94737243652344,77.2727279663086,95.23809814453125,90,90,95,20.795269012451172,8589934592,1073741824,5167923200,307429376
204,1771638440329,3504,3504,3504,3504,3504,3504,3504,3504,92.19791412353516,90.56648254394531,89.21271514892578,89.92987060546875,74.0121078491211,88.6203842163086,88.89144134521484,89.25238037109375,91.9126205444336,80,76.19047546386719,76.19047546386719,75,90.47618865966797,90.47618865966797,94.73684692382813,85.71428680419922,20.795269012451172,8589934592,1073741824,5167513600,307429376
204,1771638440534,3504,3504,3504,3504,3504,3504,3504,3504,92.19791412353516,90.56648254394531,89.21271514892578,89.92987060546875,74.0121078491211,88.6203842163086,88.89144134521484,89.25238037109375,91.9126205444336,80.95238494873047,75,75,73.68421173095703,89.47368621826172,90,86.36363983154297,90,20.795269012451172,8589934592,1073741824,5167693824,307429376
204,1771638440739,3504,3504,3504,3504,3504,3504,3504,3504,92.19791412353516,90.56648254394531,89.21271514892578,89.92987060546875,74.0121078491211,88.6203842163086,88.89144134521484,89.25238037109375,91.9126205444336,80,76.19047546386719,76.19047546386719,77.2727279663086,90.47618865966797,95,90,90,20.66252326965332,8589934592,1073741824,5167611904,307429376
201,1771638440944,3504,3504,3504,3504,3504,3504,3504,3504,92.19791412353516,90.56648254394531,89.21271514892578,89.92987060546875,74.0121078491211,88.6203842163086,88.89144134521484,89.25238037109375,91.9126205444336,76.19047546386719,75,76.19047546386719,75,90,85.71428680419922,95,85.71428680419922,20.66252326965332,8589934592,1073741824,5155700736,307429376
204,1771638441146,3504,3504,3504,3504,3504,3504,3504,3504,92.44160461425781,90.59827423095703,89.32747650146484,90.22753143310547,74.28739929199219,88.95823669433594,89.10879516601563,89.70216369628906,92.10157012939453,80,80.95238494873047,78.94737243652344,80,90.47618865966797,90.47618865966797,90,90,20.66252326965332,8589934592,1073741824,5153800192,307429376
208,1771638441351,3504,3504,3504,3504,3504,3504,3504,3504,92.44160461425781,90.59827423095703,89.32747650146484,90.22753143310547,74.28739929199219,88.95823669433594,89.10879516601563,89.70216369628906,92.10157012939453,78.94737243652344,78.94737243652344,76.19047546386719,80,89.47368621826172,95,90.47618865966797,90,20.66252326965332,8589934592,1073741824,5151670272,307429376
200,1771638441559,3504,3504,3504,3504,3504,3504,3504,3504,92.44160461425781,90.59827423095703,89.32747650146484,90.22753143310547,74.28739929199219,88.95823669433594,89.10879516601563,89.70216369628906,92.10157012939453,80.95238494873047,77.2727279663086,80.95238494873047,76.19047546386719,90.90909576416016,90,95.23809814453125,86.36363983154297,20.66252326965332,8589934592,1073741824,5151752192,307429376
202,1771638441760,3504,3504,3504,3504,3504,3504,3504,3504,92.44160461425781,90.59827423095703,89.32747650146484,90.22753143310547,74.28739929199219,88.95823669433594,89.10879516601563,89.70216369628906,92.10157012939453,76.19047546386719,78.94737243652344,75,73.68421173095703,89.47368621826172,90,85,89.47368621826172,20.489002227783203,8589934592,1073741824,5152227328,307429376
204,1771638441962,3504,3504,3504,3504,3504,3504,3504,3504,92.44160461425781,90.59827423095703,89.32747650146484,90.22753143310547,74.28739929199219,88.95823669433594,89.10879516601563,89.70216369628906,92.10157012939453,80,76.19047546386719,76.19047546386719,76.19047546386719,86.36363983154297,90.47618865966797,90.47618865966797,90.47618865966797,20.489002227783203,8589934592,1073741824,5151686656,307429376
206,1771638442167,3504,3504,3504,3504,3504,3504,3504,3504,92.72325134277344,90.86520385742188,89.63429260253906,90.50743865966797,74.58883666992188,89.27421569824219,89.40626525878906,90.03076171875,92.48701477050781,80,75,73.68421173095703,76.19047546386719,89.47368621826172,90,89.47368621826172,89.47368621826172,20.489002227783203,8589934592,1073741824,5148524544,307429376
203,1771638442375,3504,3504,3504,3504,3504,3504,3504,3504,92.72325134277344,90.86520385742188,89.63429260253906,90.50743865966797,74.58883666992188,89.27421569824219,89.40626525878906,90.03076171875,92.48701477050781,80.95238494873047,80,80.95238494873047,80,90.47618865966797,90,90,90.90909576416016,20.489002227783203,8589934592,1073741824,5147639808,307429376
207,1771638442578,3504,3504,3504,3504,3504,3504,3504,3504,92.72325134277344,90.86520385742188,89.63429260253906,90.50743865966797,74.58883666992188,89.27421569824219,89.40626525878906,90.03076171875,92.48701477050781,80,80,75,76.19047546386719,90.47618865966797,95.23809814453125,90.90909576416016,90,20.489002227783203,8589934592,1073741824,5147639808,307429376
204,1771638442787,3504,3504,3504,3504,3504,3504,3504,3504,92.72325134277344,90.86520385742188,89.63429260253906,90.50743865966797,74.58883666992188,89.27421569824219,89.40626525878906,90.03076171875,92.48701477050781,77.2727279663086,76.19047546386719,77.2727279663086,75,90,90.47618865966797,90,90,21.301071166992188,8589934592,1073741824,5147639808,307429376
201,1771638442992,3504,3504,3504,3504,3504,3504,3504,3504,92.72325134277344,90.86520385742188,89.63429260253906,90.50743865966797,74.58883666992188,89.27421569824219,89.40626525878906,90.03076171875,92.48701477050781,80,80.95238494873047,78.94737243652344,80,94.73684692382813,85.71428680419922,90.47618865966797,85.71428680419922,21.301071166992188,8589934592,1073741824,5147639808,307429376
203,1771638443193,3504,3504,3504,3504,3504,3504,3504,3504,93.04161071777344,91.27622985839844,89.95852661132813,90.8485107421875,74.90242767333984,89.66339874267578,89.74443817138672,90.35629272460938,92.82463836669922,85,80,76.19047546386719,80,90.90909576416016,90,90.47618865966797,90,21.301071166992188,8589934592,1073741824,5149442048,307429376
204,1771638443397,3504,3504,3504,3504,3504,3504,3504,3504,93.04161071777344,91.27622985839844,89.95852661132813,90.8485107421875,74.90242767333984,89.66339874267578,89.74443817138672,90.35629272460938,92.82463836669922,75,76.19047546386719,75,71.42857360839844,90,95,89.47368621826172,90,21.301071166992188,8589934592,1073741824,5148426240,307429376
202,1771638443602,3504,3504,3504,3504,3504,3504,3504,3504,93.04161071777344,91.27622985839844,89.95852661132813,90.8485107421875,74.90242767333984,89.66339874267578,89.74443817138672,90.35629272460938,92.82463836669922,85.71428680419922,85,80.95238494873047,80.95238494873047,90.47618865966797,89.47368621826172,95.23809814453125,86.36363983154297,21.301071166992188,8589934592,1073741824,5148426240,307429376
204,1771638443804,3504,3504,3504,3504,3504,3504,3504,3504,93.04161071777344,91.27622985839844,89.95852661132813,90.8485107421875,74.90242767333984,89.66339874267578,89.74443817138672,90.35629272460938,92.82463836669922,84.21052551269531,80,84.21052551269531,78.94737243652344,90,90.90909576416016,89.47368621826172,90,20.66622543334961,8589934592,1073741824,5148426240,307429376
203,1771638444009,3504,3504,3504,3504,3504,3504,3504,3504,93.04161071777344,91.27622985839844,89.95852661132813,90.8485107421875,74.90242767333984,89.66339874267578,89.74443817138672,90.35629272460938,92.82463836669922,80,80,76.19047546386719,80,90,94.73684692382813,90.90909576416016,89.47368621826172,20.66622543334961,8589934592,1073741824,5148426240,307429376
206,1771638444212,3504,3504,3504,3504,3504,3504,3504,3504,93.59819793701172,91.65982818603516,90.36660766601563,91.31204223632813,75.25521087646484,89.87319946289063,89.90523529052734,90.64498138427734,92.9086685180664,80.95238494873047,80.95238494873047,80,76.19047546386719,90.47618865966797,90.47618865966797,95,90.47618865966797,20.66622543334961,8589934592,1073741824,5150588928,307429376
204,1771638444418,3504,3504,3504,3504,3504,3504,3504,3504,93.59819793701172,91.65982818603516,90.36660766601563,91.31204223632813,75.25521087646484,89.87319946289063,89.90523529052734,90.64498138427734,92.9086685180664,80,80,76.19047546386719,80.95238494873047,95,90.90909576416016,90,85.71428680419922,20.66622543334961,8589934592,1073741824,5144821760,307429376
204,1771638444623,3504,3504,3504,3504,3504,3504,3504,3504,93.59819793701172,91.65982818603516,90.36660766601563,91.31204223632813,75.25521087646484,89.87319946289063,89.90523529052734,90.64498138427734,92.9086685180664,81.81818389892578,80.95238494873047,80,75,90.47618865966797,89.47368621826172,90.47618865966797,90,20.66622543334961,8589934592,1073741824,5141905408,307429376
202,1771638444828,3504,3504,3504,3504,3504,3504,3504,3504,93.59819793701172,91.65982818603516,90.36660766601563,91.31204223632813,75.25521087646484,89.87319946289063,89.90523529052734,90.64498138427734,92.9086685180664,84.21052551269531,80,80,80,85,90.47618865966797,90,90,20.591798782348633,8589934592,1073741824,5144068096,307429376
204,1771638445031,3504,3504,3504,3504,3504,3504,3504,3504,93.59819793701172,91.65982818603516,90.36660766601563,91.31204223632813,75.25521087646484,89.87319946289063,89.90523529052734,90.64498138427734,92.9086685180664,80,80,76.19047546386719,75,95,90,90.47618865966797,85.71428680419922,20.591798782348633,8589934592,1073741824,5144068096,307429376
204,1771638445236,3504,3504,3504,3504,3504,3504,3504,3504,93.59475708007813,91.97322082519531,90.54499816894531,91.34312438964844,75.54286193847656,90.16568756103516,90.1849365234375,90.95886993408203,93.23701477050781,85.71428680419922,80.95238494873047,80,80,90.47618865966797,90.47618865966797,90,90,20.591798782348633,8589934592,1073741824,5142937600,307429376
201,1771638445441,3504,3504,3504,3504,3504,3504,3504,3504,93.59475708007813,91.97322082519531,90.54499816894531,91.34312438964844,75.54286193847656,90.16568756103516,90.1849365234375,90.95886993408203,93.23701477050781,80,78.94737243652344,76.19047546386719,80.95238494873047,95,90,90.47618865966797,90.47618865966797,20.591798782348633,8589934592,1073741824,5153685504,307429376
201,1771638445643,3504,3504,3504,3504,3504,3504,3504,3504,93.59475708007813,91.97322082519531,90.54499816894531,91.34312438964844,75.54286193847656,90.16568756103516,90.1849365234375,90.95886993408203,93.23701477050781,80,76.19047546386719,78.94737243652344,75,90,90.47618865966797,90,85,21.158533096313477,8589934592,1073741824,5148311552,307429376
201,1771638445844,3504,3504,3504,3504,3504,3504,3504,3504,93.59475708007813,91.97322082519531,90.54499816894531,91.34312438964844,75.54286193847656,90.16568756103516,90.1849365234375,90.95886993408203,93.23701477050781,76.19047546386719,80,80,76.19047546386719,95,89.47368621826172,89.47368621826172,90,21.158533096313477,8589934592,1073741824,5142921216,307429376
204,1771638446046,3504,3504,3504,3504,3504,3504,3504,3504,93.59475708007813,91.97322082519531,90.54499816894531,91.34312438964844,75.54286193847656,90.16568756103516,90.1849365234375,90.95886993408203,93.23701477050781,80,78.94737243652344,76.19047546386719,78.94737243652344,90.47618865966797,90,90.47618865966797,90,21.158533096313477,8589934592,1073741824,5143494656,307429376
202,1771638446251,3504,3504,3504,3504,3504,3504,3504,3504,93.93199157714844,92.39153289794922,90.99390411376953,91.7270736694336,75.89105987548828,90.56214904785156,90.62332916259766,91.28375244140625,93.64453125,80,77.2727279663086,80,76.19047546386719,90,90.47618865966797,90,85.71428680419922,21.158533096313477,8589934592,1073741824,5145591808,307429376
204,1771638446453,3504,3504,3504,3504,3504,3504,3504,3504,93.93199157714844,92.39153289794922,90.99390411376953,91.7270736694336,75.89105987548828,90.56214904785156,90.62332916259766,91.28375244140625,93.64453125,80,78.94737243652344,76.19047546386719,80,90.47618865966797,90,95,90,21.158533096313477,8589934592,1073741824,5143068672,307429376
204,1771638446658,3504,3504,3504,3504,3504,3504,3504,3504,93.93199157714844,92.39153289794922,90.99390411376953,91.7270736694336,75.89105987548828,90.56214904785156,90.62332916259766,91.28375244140625,93.64453125,80.95238494873047,71.42857360839844,75,76.19047546386719,90,90.47618865966797,85.71428680419922,85,20.569482803344727,8589934592,1073741824,5143494656,307429376
204,1771638446863,3504,3504,3504,3504,3504,3504,3504,3504,93.93199157714844,92.39153289794922,90.99390411376953,91.7270736694336,75.89105987548828,90.56214904785156,90.62332916259766,91.28375244140625,93.64453125,80,80.95238494873047,80,75,90,95,90.47618865966797,90.47618865966797,20.569482803344727,8589934592,1073741824,5146329088,307429376
204,1771638447068,3504,3504,3504,3504,3504,3504,3504,3504,93.93199157714844,92.39153289794922,90.99390411376953,91.7270736694336,75.89105987548828,90.56214904785156,90.62332916259766,91.28375244140625,93.64453125,80,75,75,75,90,90,89.47368621826172,89.47368621826172,20.569482803344727,8589934592,1073741824,5143068672,307429376
204,1771638447273,3504,3504,3504,3504,3504,3504,3504,3504,94.10038757324219,92.31355285644531,90.99403381347656,91.79975891113281,75.99971771240234,90.52597045898438,90.56178283691406,91.22795867919922,93.64476013183594,80,80,77.2727279663086,76.19047546386719,86.36363983154297,90.47618865966797,90.47618865966797,90.47618865966797,20.569482803344727,8589934592,1073741824,5144068096,307429376
204,1771638447478,3504,3504,3504,3504,3504,3504,3504,3504,94.10038757324219,92.31355285644531,90.99403381347656,91.79975891113281,75.99971771240234,90.52597045898438,90.56178283691406,91.22795867919922,93.64476013183594,76.19047546386719,80.95238494873047,78.94737243652344,80,94.73684692382813,90,85.71428680419922,90.47618865966797,20.569482803344727,8589934592,1073741824,5161762816,307429376
204,1771638447683,3504,3504,3504,3504,3504,3504,3504,3504,94.10038757324219,92.31355285644531,90.99403381347656,91.79975891113281,75.99971771240234,90.52597045898438,90.56178283691406,91.22795867919922,93.64476013183594,80,75,76.19047546386719,71.42857360839844,90.47618865966797,90.47618865966797,95,85,21.24700927734375,8589934592,1073741824,5161762816,307429376
204,1771638447888,3504,3504,3504,3504,3504,3504,3504,3504,94.10038757324219,92.31355285644531,90.99403381347656,91.79975891113281,75.99971771240234,90.52597045898438,90.56178283691406,91.22795867919922,93.64476013183594,80.95238494873047,80,80,78.94737243652344,90.47618865966797,90,90,86.36363983154297,21.24700927734375,8589934592,1073741824,5161762816,307429376
202,1771638448093,3504,3504,3504,3504,3504,3504,3504,3504,94.10038757324219,92.31355285644531,90.99403381347656,91.79975891113281,75.99971771240234,90.52597045898438,90.56178283691406,91.22795867919922,93.64476013183594,80,76.19047546386719,75,76.19047546386719,90,95.23809814453125,90.47618865966797,90,21.24700927734375,8589934592,1073741824,5161762816,307429376
204,1771638448296,3504,3504,3504,3504,3504,3504,3504,3504,94.66500091552734,92.89678192138672,91.59099578857422,92.3957290649414,76.3443603515625,91.01483154296875,91.03202056884766,91.8294677734375,94.15325164794922,80.95238494873047,78.94737243652344,80,80,95,90.47618865966797,90.47618865966797,90,21.24700927734375,8589934592,1073741824,5159976960,307429376
204,1771638448501,3504,3504,3504,3504,3504,3504,3504,3504,94.66500091552734,92.89678192138672,91.59099578857422,92.3957290649414,76.3443603515625,91.01483154296875,91.03202056884766,91.8294677734375,94.15325164794922,80,76.19047546386719,80,76.19047546386719,90.47618865966797,94.73684692382813,90,85,21.24700927734375,8589934592,1073741824,5133647872,307429376
204,1771638448706,3504,3504,3504,3504,3504,3504,3504,3504,94.66500091552734,92.89678192138672,91.59099578857422,92.3957290649414,76.3443603515625,91.01483154296875,91.03202056884766,91.8294677734375,94.15325164794922,80,76.19047546386719,77.2727279663086,80,95,90.47618865966797,90,90.47618865966797,21.050912857055664,8589934592,1073741824,5133647872,307429376
201,1771638448911,3504,3504,3504,3504,3504,3504,3504,3504,94.66500091552734,92.89678192138672,91.59099578857422,92.3957290649414,76.3443603515625,91.01483154296875,91.03202056884766,91.8294677734375,94.15325164794922,80,78.94737243652344,80,76.19047546386719,90.47618865966797,90,90.47618865966797,85,21.050912857055664,8589934592,1073741824,5133647872,307429376
204,1771638449112,3504,3504,3504,3504,3504,3504,3504,3504,94.66500091552734,92.89678192138672,91.59099578857422,92.3957290649414,76.3443603515625,91.01483154296875,91.03202056884766,91.8294677734375,94.15325164794922,80.95238494873047,80,75,75,90,90.47618865966797,94.73684692382813,90,21.050912857055664,8589934592,1073741824,5133647872,307429376
202,1771638449317,3504,3504,3504,3504,3504,3504,3504,3504,95.04643249511719,93.30355834960938,91.92184448242188,92.68630981445313,76.53962707519531,91.12525177001953,91.06360626220703,92.03125,94.16604614257813,78.94737243652344,77.2727279663086,85.71428680419922,80,95,90,90.47618865966797,85.71428680419922,21.050912857055664,8589934592,1073741824,5162795008,307429376
204,1771638449520,3504,3504,3504,3504,3504,3504,3504,3504,95.04643249511719,93.30355834960938,91.92184448242188,92.68630981445313,76.53962707519531,91.12525177001953,91.06360626220703,92.03125,94.16604614257813,80.95238494873047,80,80,80,95,95,90.47618865966797,90,21.050912857055664,8589934592,1073741824,5161123840,307429376
205,1771638449725,3504,3504,3504,3504,3504,3504,3504,3504,95.04643249511719,93.30355834960938,91.92184448242188,92.68630981445313,76.53962707519531,91.12525177001953,91.06360626220703,92.03125,94.16604614257813,80,80,76.19047546386719,76.19047546386719,90.47618865966797,90.47618865966797,90.47618865966797,85.71428680419922,20.978031158447266,8589934592,1073741824,5160337408,307429376
204,1771638449930,3504,3504,3504,3504,3504,3504,3504,3504,95.04643249511719,93.30355834960938,91.92184448242188,92.68630981445313,76.53962707519531,91.12525177001953,91.06360626220703,92.03125,94.16604614257813,80.95238494873047,75,73.68421173095703,75,90,90,94.73684692382813,89.47368621826172,20.978031158447266,8589934592,1073741824,5162893312,307429376
204,1771638450135,3504,3504,3504,3504,3504,3504,3504,3504,95.04643249511719,93.30355834960938,91.92184448242188,92.68630981445313,76.53962707519531,91.12525177001953,91.06360626220703,92.37791442871094,94.34843444824219,80,80.95238494873047,80.95238494873047,80.95238494873047,90.47618865966797,85.71428680419922,95,86.36363983154297,20.978031158447266,8589934592,1073741824,5139021824,307429376
202,1771638450340,3504,3504,3504,3504,3504,3504,3504,3504,95.13549041748047,93.46636962890625,92.10552215576172,92.88915252685547,76.6856689453125,91.39302062988281,91.2503662109375,92.37791442871094,94.34843444824219,75,80,75,76.19047546386719,90,94.73684692382813,86.36363983154297,89.47368621826172,20.978031158447266,8589934592,1073741824,5148000256,307429376
202,1771638450543,3504,3504,3504,3504,3504,3504,3504,3504,95.13549041748047,93.46636962890625,92.10552215576172,92.88915252685547,76.6856689453125,91.39302062988281,91.2503662109375,92.37791442871094,94.34843444824219,80.95238494873047,80.95238494873047,75,78.94737243652344,90,90.90909576416016,90,86.36363983154297,20.978031158447266,8589934592,1073741824,5154521088,307429376
204,1771638450746,3504,3504,3504,3504,3504,3504,3504,3504,95.13549041748047,93.46636962890625,92.10552215576172,92.88915252685547,76.6856689453125,91.39302062988281,91.2503662109375,92.37791442871094,94.34843444824219,80,78.94737243652344,80.95238494873047,76.19047546386719,90.47618865966797,90,95,85,21.10991096496582,8589934592,1073741824,5160632320,307429376
204,1771638450951,3504,3504,3504,3504,3504,3504,3504,3504,95.13549041748047,93.46636962890625,92.10552215576172,92.88915252685547,76.6856689453125,91.39302062988281,91.2503662109375,92.37791442871094,94.34843444824219,80.95238494873047,77.2727279663086,80,75,95,90,90,89.47368621826172,21.10991096496582,8589934592,1073741824,5141708800,307429376
201,1771638451156,3504,3504,3504,3504,3504,3504,3504,3504,95.5709457397461,93.73838806152344,92.37300872802734,93.2283706665039,76.98760223388672,91.54366302490234,91.54552459716797,92.42076873779297,94.57330322265625,78.94737243652344,75,75,80,90,95.23809814453125,85.71428680419922,85.71428680419922,21.10991096496582,8589934592,1073741824,5144395776,307429376
204,1771638451357,3504,3504,3504,3504,3504,3504,3504,3504,95.5709457397461,93.73838806152344,92.37300872802734,93.2283706665039,76.98760223388672,91.54366302490234,91.54552459716797,92.42076873779297,94.57330322265625,76.19047546386719,78.94737243652344,75,71.42857360839844,90.47618865966797,90,89.47368621826172,85,21.10991096496582,8589934592,1073741824,5161222144,307429376
204,1771638451562,3504,3504,3504,3504,3504,3504,3504,3504,95.5709457397461,93.73838806152344,92.37300872802734,93.2283706665039,76.98760223388672,91.54366302490234,91.54552459716797,92.42076873779297,94.57330322265625,75,72.7272720336914,75,75,85,90,90.90909576416016,85,21.10991096496582,8589934592,1073741824,5160353792,307429376
200,1771638451767,3504,3504,3504,3504,3504,3504,3504,3504,95.5709457397461,93.73838806152344,92.37300872802734,93.2283706665039,76.98760223388672,91.54366302490234,91.54552459716797,92.42076873779297,94.57330322265625,76.19047546386719,75,71.42857360839844,80,95,90,89.47368621826172,90.47618865966797,20.706937789916992,8589934592,1073741824,5162942464,307429376
204,1771638451967,3504,3504,3504,3504,3504,3504,3504,3504,95.5709457397461,93.73838806152344,92.37300872802734,93.2283706665039,76.98760223388672,91.54366302490234,91.54552459716797,92.42076873779297,94.57330322265625,78.94737243652344,78.94737243652344,78.94737243652344,75,85.71428680419922,90.47618865966797,90.47618865966797,85,20.706937789916992,8589934592,1073741824,5162942464,307429376
204,1771638452172,3504,3504,3504,3504,3504,3504,3504,3504,95.41726684570313,93.54423522949219,92.23626708984375,93.11551666259766,77.06573486328125,91.59282684326172,91.76287841796875,92.48016357421875,94.88664245605469,80.95238494873047,80.95238494873047,77.2727279663086,80.95238494873047,90,90,90,95,20.706937789916992,8589934592,1073741824,5162942464,307429376
204,1771638452377,3504,3504,3504,3504,3504,3504,3504,3504,95.41726684570313,93.54423522949219,92.23626708984375,93.11551666259766,77.06573486328125,91.59282684326172,91.76287841796875,92.48016357421875,94.88664245605469,75,75,75,75,90,90,84.21052551269531,90.47618865966797,20.706937789916992,8589934592,1073741824,5138300928,307429376
204,1771638452582,3504,3504,3504,3504,3504,3504,3504,3504,95.41726684570313,93.54423522949219,92.23626708984375,93.11551666259766,77.06573486328125,91.59282684326172,91.76287841796875,92.48016357421875,94.88664245605469,80.95238494873047,75,80.95238494873047,80,90,90.47618865966797,95.45454406738281,85.71428680419922,20.706937789916992,8589934592,1073741824,5134090240,307429376
204,1771638452787,3504,3504,3504,3504,3504,3504,3504,3504,95.41726684570313,93.54423522949219,92.23626708984375,93.11551666259766,77.06573486328125,91.59282684326172,91.76287841796875,92.48016357421875,94.88664245605469,85,76.19047546386719,75,76.19047546386719,86.36363983154297,90,90.47618865966797,90,21.170686721801758,8589934592,1073741824,5134090240,307429376
203,1771638452992,3504,3504,3504,3504,3504,3504,3504,3504,95.41726684570313,93.54423522949219,92.23626708984375,93.11551666259766,77.06573486328125,91.59282684326172,91.76287841796875,92.48016357421875,94.88664245605469,80.95238494873047,80,80,75,90,95,90,90.47618865966797,21.170686721801758,8589934592,1073741824,5134090240,307429376
204,1771638453195,3504,3504,3504,3504,3504,3504,3504,3504,95.48017883300781,93.74063873291016,92.40680694580078,93.16619110107422,77.34739685058594,91.99027252197266,92.26670837402344,92.84941864013672,95.38883972167969,75,75,75,80,95,86.36363983154297,85.71428680419922,90,21.170686721801758,8589934592,1073741824,5134090240,307429376
202,1771638453400,3504,3504,3504,3504,3504,3504,3504,3504,95.48017883300781,93.74063873291016,92.40680694580078,93.16619110107422,77.34739685058594,91.99027252197266,92.26670837402344,92.84941864013672,95.38883972167969,80,80.95238494873047,80,76.19047546386719,85.71428680419922,89.47368621826172,95,85,21.170686721801758,8589934592,1073741824,5135777792,307429376
215,1771638453603,3504,3504,3504,3504,3504,3504,3504,3504,95.48017883300781,93.74063873291016,92.40680694580078,93.16619110107422,77.34739685058594,91.99027252197266,92.26670837402344,92.84941864013672,95.38883972167969,80,76.19047546386719,80.95238494873047,75,90,90.47618865966797,85.71428680419922,90,21.170686721801758,8589934592,1073741824,5133189120,307429376
204,1771638453819,3504,3504,3504,3504,3504,3504,3504,3504,95.48017883300781,93.74063873291016,92.40680694580078,93.16619110107422,77.34739685058594,91.99027252197266,92.26670837402344,92.84941864013672,95.38883972167969,80.95238494873047,75,72.7272720336914,72.7272720336914,95.23809814453125,90.47618865966797,95,90.47618865966797,20.823822021484375,8589934592,1073741824,5135613952,307429376
207,1771638454024,3504,3504,3504,3504,3504,3504,3504,3504,95.48017883300781,93.74063873291016,92.40680694580078,93.16619110107422,77.34739685058594,91.99027252197266,92.26670837402344,92.84941864013672,95.38883972167969,76.19047546386719,76.19047546386719,73.68421173095703,73.68421173095703,90,90.47618865966797,90.47618865966797,85.71428680419922,20.823822021484375,8589934592,1073741824,5187043328,307429376
204,1771638454231,3504,3504,3504,3504,3504,3504,3504,3504,95.58171844482422,93.92571258544922,92.41019439697266,93.18058776855469,77.55220794677734,91.98990631103516,92.13615417480469,93.02178192138672,95.37676239013672,80,76.19047546386719,77.2727279663086,72.7272720336914,90.47618865966797,85,90,85.71428680419922,20.823822021484375,8589934592,1073741824,5179408384,307429376
207,1771638454436,3504,3504,3504,3504,3504,3504,3504,3504,95.58171844482422,93.92571258544922,92.41019439697266,93.18058776855469,77.55220794677734,91.98990631103516,92.13615417480469,93.02178192138672,95.37676239013672,77.2727279663086,75,75,78.94737243652344,90.47618865966797,90.47618865966797,86.36363983154297,90.47618865966797,20.823822021484375,8589934592,1073741824,5177835520,307429376
201,1771638454643,3504,3504,3504,3504,3504,3504,3504,3504,95.58171844482422,93.92571258544922,92.41019439697266,93.18058776855469,77.55220794677734,91.98990631103516,92.13615417480469,93.02178192138672,95.37676239013672,80,80.95238494873047,80.95238494873047,71.42857360839844,90,90,90,89.47368621826172,20.639862060546875,8589934592,1073741824,5178900480,307429376
200,1771638454845,3504,3504,3504,3504,3504,3504,3504,3504,95.58171844482422,93.92571258544922,92.41019439697266,93.18058776855469,77.55220794677734,91.98990631103516,92.13615417480469,93.02178192138672,95.37676239013672,80,75,75,80.95238494873047,90,90.47618865966797,90,90.47618865966797,20.639862060546875,8589934592,1073741824,5176279040,307429376
204,1771638455045,3504,3504,3504,3504,3504,3504,3504,3504,95.58171844482422,93.92571258544922,92.41019439697266,93.18058776855469,77.55220794677734,91.98990631103516,92.13615417480469,93.02178192138672,95.37676239013672,80,78.94737243652344,80,75,90.47618865966797,90,90,90,20.639862060546875,8589934592,1073741824,5176279040,307429376
203,1771638455250,3504,3504,3504,3504,3504,3504,3504,3504,95.70792388916016,94.16288757324219,92.78939056396484,93.46785736083984,77.7132797241211,92.34468841552734,92.55552673339844,93.25316619873047,95.76828002929688,80.95238494873047,76.19047546386719,78.94737243652344,75,90.47618865966797,90,90.47618865966797,86.36363983154297,20.639862060546875,8589934592,1073741824,5176279040,307429376
204,1771638455454,3504,3504,3504,3504,3504,3504,3504,3504,95.70792388916016,94.16288757324219,92.78939056396484,93.46785736083984,77.7132797241211,92.34468841552734,92.55552673339844,93.25316619873047,95.76828002929688,78.94737243652344,76.19047546386719,80.95238494873047,80,94.73684692382813,90.47618865966797,89.47368621826172,89.47368621826172,20.639862060546875,8589934592,1073741824,5147230208,307429376
204,1771638455659,3504,3504,3504,3504,3504,3504,3504,3504,95.70792388916016,94.16288757324219,92.78939056396484,93.46785736083984,77.7132797241211,92.34468841552734,92.55552673339844,93.25316619873047,95.76828002929688,80.95238494873047,80,76.19047546386719,76.19047546386719,90.47618865966797,90,90.47618865966797,81.81818389892578,20.650060653686523,8589934592,1073741824,5145706496,307429376
204,1771638455864,3504,3504,3504,3504,3504,3504,3504,3504,95.70792388916016,94.16288757324219,92.78939056396484,93.46785736083984,77.7132797241211,92.34468841552734,92.55552673339844,93.25316619873047,95.76828002929688,76.19047546386719,76.19047546386719,70,75,90,90.47618865966797,90.47618865966797,89.47368621826172,20.650060653686523,8589934592,1073741824,5144739840,307429376
204,1771638456069,3504,3504,3504,3504,3504,3504,3504,3504,95.70792388916016,94.16288757324219,92.78939056396484,93.46785736083984,77.7132797241211,92.34468841552734,92.55552673339844,93.25316619873047,95.76828002929688,80,78.94737243652344,75,75,90.47618865966797,89.47368621826172,89.47368621826172,85.71428680419922,20.650060653686523,8589934592,1073741824,5147312128,307429376
204,1771638456274,3504,3504,3504,3504,3504,3504,3504,3504,96.20965576171875,94.74032592773438,93.32891082763672,93.98316192626953,77.9269790649414,92.35786437988281,92.31078338623047,93.32152557373047,95.44117736816406,80,80,76.19047546386719,76.19047546386719,95,90.47618865966797,90.47618865966797,90,20.650060653686523,8589934592,1073741824,5130338304,307429376
200,1771638456478,3504,3504,3504,3504,3504,3504,3504,3504,96.20965576171875,94.74032592773438,93.32891082763672,93.98316192626953,77.9269790649414,92.35786437988281,92.31078338623047,93.32152557373047,95.44117736816406,80.95238494873047,76.19047546386719,80,75,85.71428680419922,90.47618865966797,90,85,20.650060653686523,8589934592,1073741824,5132943360,307429376
204,1771638456679,3504,3504,3504,3504,3504,3504,3504,3504,96.20965576171875,94.74032592773438,93.32891082763672,93.98316192626953,77.9269790649414,92.35786437988281,92.31078338623047,93.32152557373047,95.44117736816406,84.21052551269531,80.95238494873047,80,80,94.73684692382813,95,86.36363983154297,90.47618865966797,21.341922760009766,8589934592,1073741824,5133041664,307429376
209,1771638456884,3504,3504,3504,3504,3504,3504,3504,3504,96.20965576171875,94.74032592773438,93.32891082763672,93.98316192626953,77.9269790649414,92.35786437988281,92.31078338623047,93.32152557373047,95.44117736816406,71.42857360839844,73.68421173095703,76.19047546386719,75,90.47618865966797,89.47368621826172,89.47368621826172,89.47368621826172,21.341922760009766,8589934592,1073741824,5128601600,307429376
203,1771638457094,3504,3504,3504,3504,3504,3504,3504,3504,96.20965576171875,94.74032592773438,93.32891082763672,93.98316192626953,77.9269790649414,92.35786437988281,92.31078338623047,93.32152557373047,95.44117736816406,80.95238494873047,80.95238494873047,75,80.95238494873047,85.71428680419922,90.90909576416016,86.36363983154297,85.71428680419922,21.341922760009766,8589934592,1073741824,5134680064,307429376
210,1771638457298,3504,3504,3504,3504,3504,3504,3504,3504,96.49592590332031,94.73397064208984,93.32164001464844,94.10598754882813,78.08487701416016,92.66968536376953,92.93353271484375,93.5416030883789,96.06044006347656,75,75,70,70,95,85.71428680419922,94.73684692382813,85.71428680419922,21.341922760009766,8589934592,1073741824,5131665408,307429376
206,1771638457509,3504,3504,3504,3504,3504,3504,3504,3504,96.49592590332031,94.73397064208984,93.32164001464844,94.10598754882813,78.08487701416016,92.66968536376953,92.93353271484375,93.5416030883789,96.06044006347656,80.95238494873047,76.19047546386719,77.2727279663086,77.2727279663086,85.71428680419922,95,90.47618865966797,86.36363983154297,21.341922760009766,8589934592,1073741824,5134761984,307429376
209,1771638457715,3504,3504,3504,3504,3504,3504,3504,3504,96.49592590332031,94.73397064208984,93.32164001464844,94.10598754882813,78.08487701416016,92.66968536376953,92.93353271484375,93.5416030883789,96.06044006347656,80.95238494873047,76.19047546386719,80,75,95,86.36363983154297,85.71428680419922,85,21.082103729248047,8589934592,1073741824,5131567104,307429376
207,1771638457925,3504,3504,3504,3504,3504,3504,3504,3504,96.49592590332031,94.73397064208984,93.32164001464844,94.10598754882813,78.08487701416016,92.66968536376953,92.93353271484375,93.5416030883789,96.06044006347656,75,76.19047546386719,76.19047546386719,71.42857360839844,86.36363983154297,90,90.90909576416016,85.71428680419922,21.082103729248047,8589934592,1073741824,5134794752,307429376
204,1771638458132,3504,3504,3504,3504,3504,3504,3504,3504,96.49592590332031,94.73397064208984,93.32164001464844,94.10598754882813,78.08487701416016,92.66968536376953,92.93353271484375,93.5416030883789,96.06044006347656,77.2727279663086,76.19047546386719,76.19047546386719,76.19047546386719,90.47618865966797,95,90,85.71428680419922,21.082103729248047,8589934592,1073741824,5131255808,307429376
204,1771638458337,3504,3504,3504,3504,3504,3504,3504,3504,96.303466796875,94.73844909667969,93.30415344238281,93.96855163574219,78.17127227783203,92.74040222167969,92.78331756591797,93.6926040649414,95.81782531738281,78.94737243652344,80,80,80,90,86.36363983154297,90.47618865966797,90,21.082103729248047,8589934592,1073741824,5131272192,307429376
203,1771638458542,3504,3504,3504,3504,3504,3504,3504,3504,96.303466796875,94.73844909667969,93.30415344238281,93.96855163574219,78.17127227783203,92.74040222167969,92.78331756591797,93.6926040649414,95.81782531738281,80,75,76.19047546386719,75,95,95,89.47368621826172,84.21052551269531,21.082103729248047,8589934592,1073741824,5134499840,307429376
202,1771638458748,3504,3504,3504,3504,3504,3504,3504,3504,96.303466796875,94.73844909667969,93.30415344238281,93.96855163574219,78.17127227783203,92.74040222167969,92.78331756591797,93.6926040649414,95.81782531738281,80.95238494873047,80.95238494873047,76.19047546386719,76.19047546386719,90.90909576416016,90,90.90909576416016,86.9565200805664,21.118541717529297,8589934592,1073741824,5131141120,307429376
205,1771638458951,3504,3504,3504,3504,3504,3504,3504,3504,96.303466796875,94.73844909667969,93.30415344238281,93.96855163574219,78.17127227783203,92.74040222167969,92.78331756591797,93.6926040649414,95.81782531738281,76.19047546386719,75,78.94737243652344,76.19047546386719,89.47368621826172,95,84.21052551269531,89.47368621826172,21.118541717529297,8589934592,1073741824,5131157504,307429376
204,1771638459156,3504,3504,3504,3504,3504,3504,3504,3504,96.94640350341797,95.25064086914063,93.84564208984375,94.55895233154297,78.43682098388672,92.7894058227539,93.0167007446289,93.70809173583984,96.09431457519531,80,76.19047546386719,71.42857360839844,75,90.47618865966797,90,90.47618865966797,85,21.118541717529297,8589934592,1073741824,5131059200,307429376
204,1771638459361,3504,3504,3504,3504,3504,3504,3504,3504,96.94640350341797,95.25064086914063,93.84564208984375,94.55895233154297,78.43682098388672,92.7894058227539,93.0167007446289,93.70809173583984,96.09431457519531,85,80,76.19047546386719,76.19047546386719,94.73684692382813,90.90909576416016,90.47618865966797,90,21.118541717529297,8589934592,1073741824,5150670848,307429376
200,1771638459566,3504,3504,3504,3504,3504,3504,3504,3504,96.94640350341797,95.25064086914063,93.84564208984375,94.55895233154297,78.43682098388672,92.7894058227539,93.0167007446289,93.70809173583984,96.09431457519531,80.95238494873047,80,78.94737243652344,78.94737243652344,90.90909576416016,94.73684692382813,90,86.36363983154297,21.118541717529297,8589934592,1073741824,5150769152,307429376
204,1771638459767,3504,3504,3504,3504,3504,3504,3504,3504,96.94640350341797,95.25064086914063,93.84564208984375,94.55895233154297,78.43682098388672,92.7894058227539,93.0167007446289,93.70809173583984,96.09431457519531,80,80,80,80,89.47368621826172,90.47618865966797,90.47618865966797,90,20.93821144104004,8589934592,1073741824,5136252928,307429376
204,1771638459972,3504,3504,3504,3504,3504,3504,3504,3504,96.94640350341797,95.25064086914063,93.84564208984375,94.55895233154297,78.43682098388672,92.7894058227539,93.0167007446289,93.70809173583984,96.09431457519531,85,77.2727279663086,76.19047546386719,77.2727279663086,90.47618865966797,90.47618865966797,94.73684692382813,85.71428680419922,20.93821144104004,8589934592,1073741824,5136547840,307429376
202,1771638460177,3504,3504,3504,3504,3504,3504,3504,3504,96.64823150634766,95.19493103027344,93.73097229003906,94.26099395751953,78.60342407226563,93.3284912109375,93.47209167480469,94.2511215209961,96.6347885131836,76.19047546386719,78.94737243652344,75,75,90.47618865966797,90,85,89.47368621826172,20.93821144104004,8589934592,1073741824,5136580608,307429376
204,1771638460380,3504,3504,3504,3504,3504,3504,3504,3504,96.64823150634766,95.19493103027344,93.73097229003906,94.26099395751953,78.60342407226563,93.3284912109375,93.47209167480469,94.2511215209961,96.6347885131836,78.94737243652344,75,75,78.94737243652344,85.71428680419922,90.47618865966797,90.90909576416016,85.71428680419922,20.93821144104004,8589934592,1073741824,5136629760,307429376
204,1771638460585,3504,3504,3504,3504,3504,3504,3504,3504,96.64823150634766,95.19493103027344,93.73097229003906,94.26099395751953,78.60342407226563,93.3284912109375,93.47209167480469,94.2511215209961,96.6347885131836,76.19047546386719,76.19047546386719,75,75,89.47368621826172,89.47368621826172,85,85,20.93821144104004,8589934592,1073741824,5132353536,307429376
202,1771638460790,3504,3504,3504,3504,3504,3504,3504,3504,96.64823150634766,95.19493103027344,93.73097229003906,94.26099395751953,78.60342407226563,93.3284912109375,93.47209167480469,94.2511215209961,96.6347885131836,80.95238494873047,80,77.2727279663086,71.42857360839844,90.47618865966797,95.23809814453125,85,85.71428680419922,20.78026008605957,8589934592,1073741824,5135646720,307429376
202,1771638460993,3504,3504,3504,3504,3504,3504,3504,3504,96.64823150634766,95.19493103027344,93.73097229003906,94.26099395751953,78.60342407226563,93.3284912109375,93.47209167480469,94.2511215209961,96.6347885131836,80,75,73.68421173095703,76.19047546386719,95,90,90.47618865966797,85,20.78026008605957,8589934592,1073741824,5136695296,307429376
204,1771638461196,3504,3504,3504,3504,3504,3504,3504,3504,97.0804443359375,95.44625091552734,94.04100036621094,94.70867919921875,78.68441772460938,93.18126678466797,93.2469482421875,94.0989990234375,96.25923919677734,78.94737243652344,76.19047546386719,71.42857360839844,75,90,85.71428680419922,90,85.71428680419922,20.78026008605957,8589934592,1073741824,5133500416,307429376
201,1771638461400,3504,3504,3504,3504,3504,3504,3504,3504,97.0804443359375,95.44625091552734,94.04100036621094,94.70867919921875,78.68441772460938,93.18126678466797,93.2469482421875,94.0989990234375,96.25923919677734,76.19047546386719,76.19047546386719,76.19047546386719,75,90.47618865966797,90,90.47618865966797,89.47368621826172,20.78026008605957,8589934592,1073741824,5151014912,307429376
204,1771638461603,3504,3504,3504,3504,3504,3504,3504,3504,97.0804443359375,95.44625091552734,94.04100036621094,94.70867919921875,78.68441772460938,93.18126678466797,93.2469482421875,94.0989990234375,96.25923919677734,80.95238494873047,78.94737243652344,78.94737243652344,75,90,90,89.47368621826172,85.71428680419922,20.78026008605957,8589934592,1073741824,5151703040,307429376
208,1771638461808,3504,3504,3504,3504,3504,3504,3504,3504,97.0804443359375,95.44625091552734,94.04100036621094,94.70867919921875,78.68441772460938,93.18126678466797,93.2469482421875,94.0989990234375,96.25923919677734,80,80,76.19047546386719,76.19047546386719,90,90.47618865966797,95,89.47368621826172,20.759567260742188,8589934592,1073741824,5151014912,307429376
204,1771638462016,3504,3504,3504,3504,3504,3504,3504,3504,97.0804443359375,95.44625091552734,94.04100036621094,94.70867919921875,78.68441772460938,93.18126678466797,93.2469482421875,94.0989990234375,96.25923919677734,80,75,70,80,85.71428680419922,90,85.71428680419922,86.36363983154297,20.759567260742188,8589934592,1073741824,5150965760,307429376
204,1771638462221,3504,3504,3504,3504,3504,3504,3504,3504,96.9887466430664,95.38719940185547,94.0100326538086,94.67670440673828,78.80657958984375,93.44913482666016,93.62492370605469,94.41653442382813,96.7001724243164,76.19047546386719,77.2727279663086,71.42857360839844,71.42857360839844,90.47618865966797,90,95.23809814453125,85.71428680419922,20.759567260742188,8589934592,1073741824,5151227904,307429376
204,1771638462426,3504,3504,3504,3504,3504,3504,3504,3504,96.9887466430664,95.38719940185547,94.0100326538086,94.67670440673828,78.80657958984375,93.44913482666016,93.62492370605469,94.41653442382813,96.7001724243164,75,76.19047546386719,76.19047546386719,75,90,85.71428680419922,85.71428680419922,90,20.759567260742188,8589934592,1073741824,5143019520,307429376
204,1771638462631,3504,3504,3504,3504,3504,3504,3504,3504,96.9887466430664,95.38719940185547,94.0100326538086,94.67670440673828,78.80657958984375,93.44913482666016,93.62492370605469,94.41653442382813,96.7001724243164,80,75,75,76.19047546386719,90,95,90,90.47618865966797,20.759567260742188,8589934592,1073741824,5134581760,307429376
204,1771638462836,3504,3504,3504,3504,3504,3504,3504,3504,96.9887466430664,95.38719940185547,94.0100326538086,94.67670440673828,78.80657958984375,93.44913482666016,93.62492370605469,94.41653442382813,96.7001724243164,77.2727279663086,75,75,75,90.47618865966797,86.36363983154297,90,90,21.516403198242188,8589934592,1073741824,5134614528,307429376
204,1771638463041,3504,3504,3504,3504,3504,3504,3504,3504,96.9887466430664,95.38719940185547,94.0100326538086,94.67670440673828,78.80657958984375,93.44913482666016,93.62492370605469,94.41653442382813,96.7001724243164,80,80.95238494873047,80,80,90.47618865966797,89.47368621826172,90.47618865966797,85,21.516403198242188,8589934592,1073741824,5134598144,307429376
204,1771638463245,3504,3504,3504,3504,3504,3504,3504,3504,97.19416809082031,95.60687255859375,94.18950653076172,94.89249420166016,78.95934295654297,93.70084381103516,94.06486511230469,94.56507110595703,97.20423126220703,80,76.19047546386719,76.19047546386719,75,94.73684692382813,90.47618865966797,85.71428680419922,86.36363983154297,21.516403198242188,8589934592,1073741824,5134499840,307429376
204,1771638463450,3504,3504,3504,3504,3504,3504,3504,3504,97.19416809082031,95.60687255859375,94.18950653076172,94.89249420166016,78.95934295654297,93.70084381103516,94.06486511230469,94.56507110595703,97.20423126220703,75,73.68421173095703,75,72.7272720336914,90.47618865966797,85,90,89.47368621826172,21.516403198242188,8589934592,1073741824,5134745600,307429376
204,1771638463655,3504,3504,3504,3504,3504,3504,3504,3504,97.19416809082031,95.60687255859375,94.18950653076172,94.89249420166016,78.95934295654297,93.70084381103516,94.06486511230469,94.56507110595703,97.20423126220703,80,75,75,75,85.71428680419922,90.47618865966797,90.47618865966797,85,21.368139266967773,8589934592,1073741824,5135433728,307429376
201,1771638463860,3504,3504,3504,3504,3504,3504,3504,3504,97.19416809082031,95.60687255859375,94.18950653076172,94.89249420166016,78.95934295654297,93.70084381103516,94.06486511230469,94.56507110595703,97.20423126220703,77.2727279663086,76.19047546386719,75,80,90.47618865966797,95,95,86.36363983154297,21.368139266967773,8589934592,1073741824,5135417344,307429376
206,1771638464062,3504,3504,3504,3504,3504,3504,3504,3504,97.19416809082031,95.60687255859375,94.18950653076172,94.89249420166016,78.95934295654297,93.70084381103516,94.06486511230469,94.56507110595703,97.20423126220703,78.94737243652344,75,76.19047546386719,80,89.47368621826172,90,90.47618865966797,89.47368621826172,21.368139266967773,8589934592,1073741824,5135384576,307429376
204,1771638464269,3504,3504,3504,3504,3504,3504,3504,3504,97.54767608642578,95.80068969726563,94.45513916015625,95.21723937988281,79.11273956298828,93.92655181884766,94.00887298583984,94.92752838134766,97.0420913696289,77.2727279663086,80.95238494873047,75,76.19047546386719,90.47618865966797,90.90909576416016,89.47368621826172,85.71428680419922,21.368139266967773,8589934592,1073741824,5131911168,307429376
209,1771638464474,3504,3504,3504,3504,3504,3504,3504,3504,97.54767608642578,95.80068969726563,94.45513916015625,95.21723937988281,79.11273956298828,93.92655181884766,94.00887298583984,94.92752838134766,97.0420913696289,73.68421173095703,75,71.42857360839844,75,85.71428680419922,94.73684692382813,85.71428680419922,85,21.368139266967773,8589934592,1073741824,5134893056,307429376
204,1771638464684,3504,3504,3504,3504,3504,3504,3504,3504,97.54767608642578,95.80068969726563,94.45513916015625,95.21723937988281,79.11273956298828,93.92655181884766,94.00887298583984,94.92752838134766,97.0420913696289,80.95238494873047,76.19047546386719,80.95238494873047,76.19047546386719,95,86.36363983154297,90.47618865966797,86.36363983154297,20.666276931762695,8589934592,1073741824,5131714560,307429376
209,1771638464889,3504,3504,3504,3504,3504,3504,3504,3504,97.54767608642578,95.80068969726563,94.45513916015625,95.21723937988281,79.11273956298828,93.92655181884766,94.00887298583984,94.92752838134766,97.0420913696289,80,80.95238494873047,75,76.19047546386719,90,95,90,85.71428680419922,20.666276931762695,8589934592,1073741824,5134860288,307429376
204,1771638465098,3504,3504,3504,3504,3504,3504,3504,3504,97.54767608642578,95.80068969726563,94.45513916015625,95.21723937988281,79.11273956298828,93.92655181884766,94.00887298583984,94.92752838134766,97.0420913696289,80,75,77.2727279663086,75,86.36363983154297,90.47618865966797,90.47618865966797,90,20.666276931762695,8589934592,1073741824,5132861440,307429376
204,1771638465303,3504,3504,3504,3504,3504,3504,3504,3504,97.87962341308594,96.04944610595703,94.69469451904297,95.47975158691406,79.26055908203125,93.87177276611328,94.06441497802734,94.78876495361328,97.17127227783203,77.2727279663086,72.7272720336914,73.68421173095703,70,95,85.71428680419922,85.71428680419922,85.71428680419922,20.666276931762695,8589934592,1073741824,5132189696,307429376
204,1771638465508,3504,3504,3504,3504,3504,3504,3504,3504,97.87962341308594,96.04944610595703,94.69469451904297,95.47975158691406,79.26055908203125,93.87177276611328,94.06441497802734,94.78876495361328,97.17127227783203,80,80,76.19047546386719,77.2727279663086,90,90,95,85,20.666276931762695,8589934592,1073741824,5132713984,307429376
213,1771638465713,3504,3504,3504,3504,3504,3504,3504,3504,97.87962341308594,96.04944610595703,94.69469451904297,95.47975158691406,79.26055908203125,93.87177276611328,94.06441497802734,94.78876495361328,97.17127227783203,76.19047546386719,78.94737243652344,76.19047546386719,75,85.71428680419922,90.47618865966797,85.71428680419922,90,20.700767517089844,8589934592,1073741824,5133074432,307429376
204,1771638465927,3504,3504,3504,3504,3504,3504,3504,3504,97.87962341308594,96.04944610595703,94.69469451904297,95.47975158691406,79.26055908203125,93.87177276611328,94.06441497802734,94.78876495361328,97.17127227783203,85,77.2727279663086,80.95238494873047,80.95238494873047,95.23809814453125,90.47618865966797,85.71428680419922,90.90909576416016,20.700767517089844,8589934592,1073741824,5136007168,307429376
208,1771638466132,3504,3504,3504,3504,3504,3504,3504,3504,97.87962341308594,96.04944610595703,94.69469451904297,95.47975158691406,79.26055908203125,93.87177276611328,94.06441497802734,94.78876495361328,97.17127227783203,76.19047546386719,76.19047546386719,76.19047546386719,75,85,95,95,89.47368621826172,20.700767517089844,8589934592,1073741824,5132615680,307429376
204,1771638466340,3504,3504,3504,3504,3504,3504,3504,3504,97.92788696289063,96.13802337646484,94.78691101074219,95.52346801757813,79.45977020263672,94.21159362792969,94.37159729003906,95.13199615478516,97.49359893798828,80.95238494873047,70,73.68421173095703,75,86.36363983154297,90,90.47618865966797,85.71428680419922,20.700767517089844,8589934592,1073741824,5135876096,307429376
202,1771638466545,3504,3504,3504,3504,3504,3504,3504,3504,97.92788696289063,96.13802337646484,94.78691101074219,95.52346801757813,79.45977020263672,94.21159362792969,94.37159729003906,95.13199615478516,97.49359893798828,76.19047546386719,76.19047546386719,72.7272720336914,77.2727279663086,95.23809814453125,86.36363983154297,90,85.71428680419922,20.700767517089844,8589934592,1073741824,5132697600,307429376
215,1771638466748,3504,3504,3504,3504,3504,3504,3504,3504,97.92788696289063,96.13802337646484,94.78691101074219,95.52346801757813,79.45977020263672,94.21159362792969,94.37159729003906,95.13199615478516,97.49359893798828,80,80,78.94737243652344,75,89.47368621826172,95,90.47618865966797,85,20.565597534179688,8589934592,1073741824,5132730368,307429376
204,1771638466964,3504,3504,3504,3504,3504,3504,3504,3504,97.92788696289063,96.13802337646484,94.78691101074219,95.52346801757813,79.45977020263672,94.21159362792969,94.37159729003906,95.13199615478516,97.49359893798828,80.95238494873047,76.19047546386719,76.19047546386719,76.19047546386719,90.90909576416016,90.47618865966797,90.47618865966797,86.9565200805664,20.565597534179688,8589934592,1073741824,5136007168,307429376
204,1771638467169,3504,3504,3504,3504,3504,3504,3504,3504,98.00092315673828,96.39459228515625,95.02540588378906,95.64427947998047,79.64427185058594,94.45084381103516,94.51449584960938,95.42412567138672,97.53376770019531,80,80,77.2727279663086,80,90,90.47618865966797,90.90909576416016,90,20.565597534179688,8589934592,1073741824,5132795904,307429376
204,1771638467374,3504,3504,3504,3504,3504,3504,3504,3504,98.00092315673828,96.39459228515625,95.02540588378906,95.64427947998047,79.64427185058594,94.45084381103516,94.51449584960938,95.42412567138672,97.53376770019531,76.19047546386719,76.19047546386719,75,70,85.71428680419922,90,89.47368621826172,85,20.565597534179688,8589934592,1073741824,5134368768,307429376
199,1771638467579,3504,3504,3504,3504,3504,3504,3504,3504,98.00092315673828,96.39459228515625,95.02540588378906,95.64427947998047,79.64427185058594,94.45084381103516,94.51449584960938,95.42412567138672,97.53376770019531,76.19047546386719,75,70,71.42857360839844,90,90,90.47618865966797,90,20.565597534179688,8589934592,1073741824,5131157504,307429376
204,1771638467779,3504,3504,3504,3504,3504,3504,3504,3504,98.00092315673828,96.39459228515625,95.02540588378906,95.64427947998047,79.64427185058594,94.45084381103516,94.51449584960938,95.42412567138672,97.53376770019531,78.94737243652344,78.94737243652344,75,80.95238494873047,85,90,90,85.71428680419922,21.305171966552734,8589934592,1073741824,5130272768,307429376
204,1771638467984,3504,3504,3504,3504,3504,3504,3504,3504,98.00092315673828,96.39459228515625,95.02540588378906,95.64427947998047,79.64427185058594,94.45084381103516,94.51449584960938,95.42412567138672,97.53376770019531,75,77.2727279663086,75,70,90.47618865966797,90.47618865966797,90,90,21.305171966552734,8589934592,1073741824,5150425088,307429376
203,1771638468189,3504,3504,3504,3504,3504,3504,3504,3504,97.96460723876953,96.3003921508789,94.92057800292969,95.58197021484375,79.7719955444336,94.7462387084961,94.59477996826172,95.62644958496094,97.71147918701172,80.95238494873047,76.19047546386719,76.19047546386719,75,90.47618865966797,85.71428680419922,90.47618865966797,85,21.305171966552734,8589934592,1073741824,5150408704,307429376
203,1771638468392,3504,3504,3504,3504,3504,3504,3504,3504,97.96460723876953,96.3003921508789,94.92057800292969,95.58197021484375,79.7719955444336,94.7462387084961,94.59477996826172,95.62644958496094,97.71147918701172,75,78.94737243652344,75,76.19047546386719,89.47368621826172,94.73684692382813,90,90,21.305171966552734,8589934592,1073741824,5150375936,307429376
204,1771638468595,3504,3504,3504,3504,3504,3504,3504,3504,97.96460723876953,96.3003921508789,94.92057800292969,95.58197021484375,79.7719955444336,94.7462387084961,94.59477996826172,95.62644958496094,97.71147918701172,80.95238494873047,75,75,78.94737243652344,90.47618865966797,90.90909576416016,90,85.71428680419922,21.305171966552734,8589934592,1073741824,5134352384,307429376
205,1771638468800,3504,3504,3504,3504,3504,3504,3504,3504,97.96460723876953,96.3003921508789,94.92057800292969,95.58197021484375,79.7719955444336,94.7462387084961,94.59477996826172,95.62644958496094,97.71147918701172,75,76.19047546386719,76.19047546386719,71.42857360839844,90,90,90.47618865966797,90,21.5231876373291,8589934592,1073741824,5134663680,307429376
206,1771638469006,3504,3504,3504,3504,3504,3504,3504,3504,97.96460723876953,96.3003921508789,94.92057800292969,95.58197021484375,79.7719955444336,94.7462387084961,94.59477996826172,95.62644958496094,97.71147918701172,85,80,76.19047546386719,76.19047546386719,90,95,90.47618865966797,90,21.5231876373291,8589934592,1073741824,5134647296,307429376
204,1771638469212,3504,3504,3504,3504,3504,3504,3504,3504,98.45696258544922,96.63162231445313,95.26543426513672,95.9808578491211,79.98880004882813,94.90767669677734,94.95594787597656,95.8097152709961,98.1711196899414,77.2727279663086,75,73.68421173095703,78.94737243652344,90.90909576416016,85.71428680419922,90,90.47618865966797,21.5231876373291,8589934592,1073741824,5136908288,307429376
210,1771638469417,3504,3504,3504,3504,3504,3504,3504,3504,98.45696258544922,96.63162231445313,95.26543426513672,95.9808578491211,79.98880004882813,94.90767669677734,94.95594787597656,95.8097152709961,98.1711196899414,78.94737243652344,77.2727279663086,71.42857360839844,72.7272720336914,90.47618865966797,90.47618865966797,85,85.71428680419922,21.5231876373291,8589934592,1073741824,5134401536,307429376
204,1771638469627,3504,3504,3504,3504,3504,3504,3504,3504,98.45696258544922,96.63162231445313,95.26543426513672,95.9808578491211,79.98880004882813,94.90767669677734,94.95594787597656,95.8097152709961,98.1711196899414,76.19047546386719,80,76.19047546386719,80,95,89.47368621826172,90.47618865966797,90,21.5231876373291,8589934592,1073741824,5137596416,307429376
210,1771638469832,3504,3504,3504,3504,3504,3504,3504,3504,98.45696258544922,96.63162231445313,95.26543426513672,95.9808578491211,79.98880004882813,94.90767669677734,94.95594787597656,95.8097152709961,98.1711196899414,80.95238494873047,71.42857360839844,76.19047546386719,75,90,86.36363983154297,90.47618865966797,86.36363983154297,21.04742431640625,8589934592,1073741824,5135450112,307429376
202,1771638470043,3504,3504,3504,3504,3504,3504,3504,3504,98.45696258544922,96.63162231445313,95.26543426513672,95.9808578491211,79.98880004882813,94.90767669677734,94.95594787597656,95.8097152709961,98.1711196899414,80,80,80,77.2727279663086,90.90909576416016,90,90.47618865966797,90,21.04742431640625,8589934592,1073741824,5137645568,307429376
207,1771638470245,3504,3504,3504,3504,3504,3504,3504,3504,98.38217163085938,97.051513671875,95.61359405517578,96.078857421875,80.18695831298828,94.80113983154297,95.03218841552734,95.7493896484375,98.25138854980469,75,76.19047546386719,75,73.68421173095703,95,90.47618865966797,89.47368621826172,86.36363983154297,21.04742431640625,8589934592,1073741824,5134417920,307429376
211,1771638470453,3504,3504,3504,3504,3504,3504,3504,3504,98.38217163085938,97.051513671875,95.61359405517578,96.078857421875,80.18695831298828,94.80113983154297,95.03218841552734,95.7493896484375,98.25138854980469,76.19047546386719,71.42857360839844,71.42857360839844,76.19047546386719,85.71428680419922,90.47618865966797,86.36363983154297,89.47368621826172,21.04742431640625,8589934592,1073741824,5133910016,307429376
201,1771638470665,3504,3504,3504,3504,3504,3504,3504,3504,98.38217163085938,97.051513671875,95.61359405517578,96.078857421875,80.18695831298828,94.80113983154297,95.03218841552734,95.7493896484375,98.25138854980469,76.19047546386719,80,77.2727279663086,77.2727279663086,90,90.47618865966797,90,85.71428680419922,20.92096710205078,8589934592,1073741824,5133926400,307429376
200,1771638470867,3504,3504,3504,3504,3504,3504,3504,3504,98.38217163085938,97.051513671875,95.61359405517578,96.078857421875,80.18695831298828,94.80113983154297,95.03218841552734,95.7493896484375,98.25138854980469,80,76.19047546386719,75,75,90,90,86.36363983154297,85,20.92096710205078,8589934592,1073741824,5133877248,307429376
204,1771638471067,3504,3504,3504,3504,3504,3504,3504,3504,98.38217163085938,97.051513671875,95.61359405517578,96.078857421875,80.18695831298828,94.80113983154297,95.03218841552734,95.7493896484375,98.25138854980469,80,78.94737243652344,78.94737243652344,75,85.71428680419922,95,88.8888931274414,85.71428680419922,20.92096710205078,8589934592,1073741824,5152473088,307429376
205,1771638471273,3504,3504,3504,3504,3504,3504,3504,3504,98.90789031982422,96.76734924316406,95.4962158203125,96.46659088134766,80.22927856445313,94.67256927490234,94.91973876953125,95.52799224853516,98.15531158447266,76.19047546386719,76.19047546386719,71.42857360839844,75,85.71428680419922,90,86.36363983154297,90,20.92096710205078,8589934592,1073741824,5152489472,307429376
203,1771638471478,3504,3504,3504,3504,3504,3504,3504,3504,98.90789031982422,96.76734924316406,95.4962158203125,96.46659088134766,80.22927856445313,94.67256927490234,94.91973876953125,95.52799224853516,98.15531158447266,80,76.19047546386719,80.95238494873047,80,89.47368621826172,90.90909576416016,90,90.47618865966797,20.92096710205078,8589934592,1073741824,5152473088,307429376
204,1771638471682,3504,3504,3504,3504,3504,3504,3504,3504,98.90789031982422,96.76734924316406,95.4962158203125,96.46659088134766,80.22927856445313,94.67256927490234,94.91973876953125,95.52799224853516,98.15531158447266,80,78.94737243652344,78.94737243652344,76.19047546386719,90.47618865966797,94.73684692382813,90.47618865966797,85,20.664766311645508,8589934592,1073741824,5152473088,307429376
204,1771638471887,3504,3504,3504,3504,3504,3504,3504,3504,98.90789031982422,96.76734924316406,95.4962158203125,96.46659088134766,80.22927856445313,94.67256927490234,94.91973876953125,95.52799224853516,98.15531158447266,80,72.7272720336914,71.42857360839844,75,85.71428680419922,90.47618865966797,89.47368621826172,85,20.664766311645508,8589934592,1073741824,5152260096,307429376
204,1771638472092,3504,3504,3504,3504,3504,3504,3504,3504,98.90789031982422,96.76734924316406,95.4962158203125,96.46659088134766,80.22927856445313,94.67256927490234,94.91973876953125,95.52799224853516,98.15531158447266,80.95238494873047,80,80,76.19047546386719,94.73684692382813,90,90.47618865966797,90.47618865966797,20.664766311645508,8589934592,1073741824,5152260096,307429376
204,1771638472297,3504,3504,3504,3504,3504,3504,3504,3504,99.03477478027344,96.93534088134766,95.69032287597656,96.61141967773438,80.41191864013672,95.22472381591797,95.33934783935547,96.12429809570313,98.5362777709961,80,75,76.19047546386719,75,90.47618865966797,90.47618865966797,90.47618865966797,90,20.664766311645508,8589934592,1073741824,5152276480,307429376
204,1771638472502,3504,3504,3504,3504,3504,3504,3504,3504,99.03477478027344,96.93534088134766,95.69032287597656,96.61141967773438,80.41191864013672,95.22472381591797,95.33934783935547,96.12429809570313,98.5362777709961,76.19047546386719,76.19047546386719,71.42857360839844,76.19047546386719,85.71428680419922,90,85,85.71428680419922,20.664766311645508,8589934592,1073741824,5139628032,307429376
204,1771638472707,3504,3504,3504,3504,3504,3504,3504,3504,99.03477478027344,96.93534088134766,95.69032287597656,96.61141967773438,80.41191864013672,95.22472381591797,95.33934783935547,96.12429809570313,98.5362777709961,76.19047546386719,75,75,75,95,90.47618865966797,85.71428680419922,90.47618865966797,21.256893157958984,8589934592,1073741824,5136072704,307429376
204,1771638472912,3504,3504,3504,3504,3504,3504,3504,3504,99.03477478027344,96.93534088134766,95.69032287597656,96.61141967773438,80.41191864013672,95.22472381591797,95.33934783935547,96.12429809570313,98.5362777709961,80,80,80,75,90.47618865966797,90,90.47618865966797,85.71428680419922,21.256893157958984,8589934592,1073741824,5136154624,307429376
205,1771638473118,3504,3504,3504,3504,3504,3504,3504,3504,99.03477478027344,96.93534088134766,95.69032287597656,96.61141967773438,80.41191864013672,95.22472381591797,95.33934783935547,96.12429809570313,98.5362777709961,80,76.19047546386719,75,75,90,90,90,84.21052551269531,21.256893157958984,8589934592,1073741824,5136842752,307429376
201,1771638473323,3504,3504,3504,3504,3504,3504,3504,3504,99.03657531738281,97.21528625488281,95.92113494873047,96.64543151855469,80.57914733886719,95.22270202636719,95.27179718017578,96.08495330810547,98.46564483642578,76.19047546386719,75,76.19047546386719,76.19047546386719,90.47618865966797,90.47618865966797,90.47618865966797,86.36363983154297,21.256893157958984,8589934592,1073741824,5136842752,307429376
208,1771638473525,3504,3504,3504,3504,3504,3504,3504,3504,99.03657531738281,97.21528625488281,95.92113494873047,96.64543151855469,80.57914733886719,95.22270202636719,95.27179718017578,96.08495330810547,98.46564483642578,75,75,76.19047546386719,71.42857360839844,85,85,84.21052551269531,89.47368621826172,21.256893157958984,8589934592,1073741824,5136859136,307429376
206,1771638473734,3504,3504,3504,3504,3504,3504,3504,3504,99.03657531738281,97.21528625488281,95.92113494873047,96.64543151855469,80.57914733886719,95.22270202636719,95.27179718017578,96.08495330810547,98.46564483642578,80,76.19047546386719,80,75,90.47618865966797,90.47618865966797,90.90909576416016,85.71428680419922,20.993738174438477,8589934592,1073741824,5133697024,307429376
207,1771638473941,3504,3504,3504,3504,3504,3504,3504,3504,99.03657531738281,97.21528625488281,95.92113494873047,96.64543151855469,80.57914733886719,95.22270202636719,95.27179718017578,96.08495330810547,98.46564483642578,80.95238494873047,75,75,76.19047546386719,90,90,90.47618865966797,90.47618865966797,20.993738174438477,8589934592,1073741824,5136924672,307429376
204,1771638474148,3504,3504,3504,3504,3504,3504,3504,3504,98.90492248535156,97.18704223632813,95.83674621582031,96.5387954711914,80.65702056884766,95.54340362548828,95.6618881225586,96.44757843017578,98.8505630493164,76.19047546386719,77.2727279663086,76.19047546386719,75,90.47618865966797,90.90909576416016,90,90,20.993738174438477,8589934592,1073741824,5133713408,307429376
204,1771638474353,3504,3504,3504,3504,3504,3504,3504,3504,98.90492248535156,97.18704223632813,95.83674621582031,96.5387954711914,80.65702056884766,95.54340362548828,95.6618881225586,96.44757843017578,98.8505630493164,80,75,75,80.95238494873047,85,90.47618865966797,90,85,20.993738174438477,8589934592,1073741824,5133762560,307429376
203,1771638474558,3504,3504,3504,3504,3504,3504,3504,3504,98.90492248535156,97.18704223632813,95.83674621582031,96.5387954711914,80.65702056884766,95.54340362548828,95.6618881225586,96.44757843017578,98.8505630493164,77.2727279663086,75,76.19047546386719,71.42857360839844,90.47618865966797,89.47368621826172,85.71428680419922,85.71428680419922,20.993738174438477,8589934592,1073741824,5133287424,307429376
204,1771638474762,3504,3504,3504,3504,3504,3504,3504,3504,98.90492248535156,97.18704223632813,95.83674621582031,96.5387954711914,80.65702056884766,95.54340362548828,95.6618881225586,96.44757843017578,98.8505630493164,78.94737243652344,75,75,78.94737243652344,90.47618865966797,90.47618865966797,90,95,20.666471481323242,8589934592,1073741824,5139824640,307429376
201,1771638474966,3504,3504,3504,3504,3504,3504,3504,3504,98.90492248535156,97.18704223632813,95.83674621582031,96.5387954711914,80.65702056884766,95.54340362548828,95.6618881225586,96.44757843017578,98.8505630493164,80,80,80,76.19047546386719,90,90.47618865966797,90,85.71428680419922,20.666471481323242,8589934592,1073741824,5171773440,307429376
204,1771638475167,3504,3504,3504,3504,3504,3504,3504,3504,99.20655822753906,97.37445068359375,95.97145080566406,96.72807312011719,80.82959747314453,95.54483795166016,95.7126693725586,96.5516357421875,99.0405044555664,80.95238494873047,80,80.95238494873047,78.94737243652344,90.47618865966797,89.47368621826172,95.23809814453125,90.47618865966797,20.666471481323242,8589934592,1073741824,5165416448,307429376
205,1771638475372,3504,3504,3504,3504,3504,3504,3504,3504,99.20655822753906,97.37445068359375,95.97145080566406,96.72807312011719,80.82959747314453,95.54483795166016,95.7126693725586,96.5516357421875,99.0405044555664,80,76.19047546386719,75,76.19047546386719,89.47368621826172,95,85,89.47368621826172,20.666471481323242,8589934592,1073741824,5168660480,307429376
208,1771638475578,3504,3504,3504,3504,3504,3504,3504,3504,99.20655822753906,97.37445068359375,95.97145080566406,96.72807312011719,80.82959747314453,95.54483795166016,95.7126693725586,96.5516357421875,99.0405044555664,80,76.19047546386719,75,76.19047546386719,95.23809814453125,90,90,86.36363983154297,20.666471481323242,8589934592,1073741824,5165449216,307429376
202,1771638475786,3504,3504,3504,3504,3504,3504,3504,3504,99.20655822753906,97.37445068359375,95.97145080566406,96.72807312011719,80.82959747314453,95.54483795166016,95.7126693725586,96.5516357421875,99.0405044555664,80.95238494873047,80,76.19047546386719,77.2727279663086,85.71428680419922,90.90909576416016,90.90909576416016,90,20.678407669067383,8589934592,1073741824,5162106880,307429376
206,1771638475989,3504,3504,3504,3504,3504,3504,3504,3504,99.20655822753906,97.37445068359375,95.97145080566406,96.72807312011719,80.82959747314453,95.54483795166016,95.7126693725586,96.5516357421875,99.0405044555664,80,76.19047546386719,75,73.68421173095703,90,90,89.47368621826172,85.71428680419922,20.678407669067383,8589934592,1073741824,5165318144,307429376
210,1771638476195,3504,3504,3504,3504,3504,3504,3504,3504,99.63941192626953,97.80135345458984,96.55400848388672,97.21648406982422,81.15135955810547,96.05335998535156,96.1445541381836,96.916015625,99.29940032958984,76.19047546386719,78.94737243652344,76.19047546386719,75,90,90.47618865966797,90,89.47368621826172,20.678407669067383,8589934592,1073741824,5148803072,307429376
204,1771638476405,3504,3504,3504,3504,3504,3504,3504,3504,99.63941192626953,97.80135345458984,96.55400848388672,97.21648406982422,81.15135955810547,96.05335998535156,96.1445541381836,96.916015625,99.29940032958984,80,77.2727279663086,76.19047546386719,76.19047546386719,90.47618865966797,90,90.90909576416016,85.71428680419922,20.678407669067383,8589934592,1073741824,5152079872,307429376
204,1771638476610,3504,3504,3504,3504,3504,3504,3504,3504,99.63941192626953,97.80135345458984,96.55400848388672,97.21648406982422,81.15135955810547,96.05335998535156,96.1445541381836,96.916015625,99.29940032958984,80.95238494873047,76.19047546386719,76.19047546386719,75,90.47618865966797,85.71428680419922,90,90.47618865966797,20.678407669067383,8589934592,1073741824,5152292864,307429376
204,1771638476815,3504,3504,3504,3504,3504,3504,3504,3504,99.63941192626953,97.80135345458984,96.55400848388672,97.21648406982422,81.15135955810547,96.05335998535156,96.1445541381836,96.916015625,99.29940032958984,75,70,70,71.42857360839844,94.73684692382813,90.47618865966797,85,84.21052551269531,21.17544174194336,8589934592,1073741824,5149196288,307429376
206,1771638477020,3504,3504,3504,3504,3504,3504,3504,3504,99.63941192626953,97.80135345458984,96.55400848388672,97.21648406982422,81.15135955810547,96.05335998535156,96.1445541381836,96.916015625,99.29940032958984,75,76.19047546386719,75,71.42857360839844,90.47618865966797,90,90.90909576416016,81.81818389892578,21.17544174194336,8589934592,1073741824,5154750464,307429376
200,1771638477228,3504,3504,3504,3504,3504,3504,3504,3504,99.71717834472656,98.01528930664063,96.7603988647461,97.37924194335938,81.2029037475586,95.91038513183594,95.89795684814453,96.85618591308594,99.02584838867188,80.95238494873047,80,80.95238494873047,80,90.47618865966797,90.47618865966797,90,85.71428680419922,21.17544174194336,8589934592,1073741824,5149163520,307429376
204,1771638477429,3504,3504,3504,3504,3504,3504,3504,3504,99.71717834472656,98.01528930664063,96.7603988647461,97.37924194335938,81.2029037475586,95.91038513183594,95.89795684814453,96.85618591308594,99.02584838867188,75,76.19047546386719,76.19047546386719,76.19047546386719,90.47618865966797,89.47368621826172,90,89.47368621826172,21.17544174194336,8589934592,1073741824,5146558464,307429376
200,1771638477634,3504,3504,3504,3504,3504,3504,3504,3504,99.71717834472656,98.01528930664063,96.7603988647461,97.37924194335938,81.2029037475586,95.91038513183594,95.89795684814453,96.85618591308594,99.02584838867188,80.95238494873047,75,78.94737243652344,75,90,86.36363983154297,90.47618865966797,86.36363983154297,21.17544174194336,8589934592,1073741824,5146558464,307429376
204,1771638477834,3504,3504,3504,3504,3504,3504,3504,3504,99.71717834472656,98.01528930664063,96.7603988647461,97.37924194335938,81.2029037475586,95.91038513183594,95.89795684814453,96.85618591308594,99.02584838867188,75,73.68421173095703,75,75,95,89.47368621826172,89.47368621826172,84.21052551269531,20.775676727294922,8589934592,1073741824,5146558464,307429376
204,1771638478039,3504,3504,3504,3504,3504,3504,3504,3504,99.71717834472656,98.01528930664063,96.7603988647461,97.37924194335938,81.2029037475586,95.91038513183594,95.89795684814453,96.85618591308594,99.02584838867188,76.19047546386719,76.19047546386719,76.19047546386719,75,85.71428680419922,85.71428680419922,90.47618865966797,85.71428680419922,20.775676727294922,8589934592,1073741824,5151670272,307429376
201,1771638478244,3504,3504,3504,3504,3504,3504,3504,3504,99.58551788330078,97.99140930175781,96.66939544677734,97.29527282714844,81.29283142089844,96.076904296875,96.16642761230469,97.01385498046875,99.28816986083984,78.94737243652344,73.68421173095703,75,75,90,90.47618865966797,90,90,20.775676727294922,8589934592,1073741824,5152047104,307429376
204,1771638478445,3504,3504,3504,3504,3504,3504,3504,3504,99.58551788330078,97.99140930175781,96.66939544677734,97.29527282714844,81.29283142089844,96.076904296875,96.16642761230469,97.01385498046875,99.28816986083984,76.19047546386719,77.2727279663086,76.19047546386719,75,95,89.47368621826172,85.71428680419922,85.71428680419922,20.775676727294922,8589934592,1073741824,5148737536,307429376
210,1771638478650,3504,3504,3504,3504,3504,3504,3504,3504,99.58551788330078,97.99140930175781,96.66939544677734,97.29527282714844,81.29283142089844,96.076904296875,96.16642761230469,97.01385498046875,99.28816986083984,78.94737243652344,78.94737243652344,75,75,85.71428680419922,90,94.73684692382813,85,21.11835479736328,8589934592,1073741824,5134729216,307429376
200,1771638478861,3504,3504,3504,3504,3504,3504,3504,3504,99.58551788330078,97.99140930175781,96.66939544677734,97.29527282714844,81.29283142089844,96.076904296875,96.16642761230469,97.01385498046875,99.28816986083984,77.2727279663086,80.95238494873047,80,76.19047546386719,90,90.90909576416016,86.36363983154297,90.47618865966797,21.11835479736328,8589934592,1073741824,5137776640,307429376
205,1771638479062,3504,3504,3504,3504,3504,3504,3504,3504,99.58551788330078,97.99140930175781,96.66939544677734,97.29527282714844,81.29283142089844,96.076904296875,96.16642761230469,97.01385498046875,99.28816986083984,80,75,76.19047546386719,76.19047546386719,95,90,90,89.47368621826172,21.11835479736328,8589934592,1073741824,5135400960,307429376
205,1771638479268,3504,3504,3504,3504,3504,3504,3504,3504,99.88518524169922,98.16834259033203,96.90220642089844,97.54332733154297,81.39009094238281,96.3714828491211,96.55585479736328,97.2951431274414,99.70317077636719,80,80.95238494873047,80,76.19047546386719,90.47618865966797,90,90.47618865966797,90.47618865966797,21.11835479736328,8589934592,1073741824,5134925824,307429376
204,1771638479473,3504,3504,3504,3504,3504,3504,3504,3504,99.88518524169922,98.16834259033203,96.90220642089844,97.54332733154297,81.39009094238281,96.3714828491211,96.55585479736328,97.2951431274414,99.70317077636719,85,80,80,80,85,90.47618865966797,94.73684692382813,85.71428680419922,21.11835479736328,8589934592,1073741824,5138137088,307429376
202,1771638479678,3504,3504,3504,3504,3504,3504,3504,3504,99.88518524169922,98.16834259033203,96.90220642089844,97.54332733154297,81.39009094238281,96.3714828491211,96.55585479736328,97.2951431274414,99.70317077636719,80.95238494873047,76.19047546386719,76.19047546386719,80,95,90.47618865966797,90.47618865966797,90,20.699420928955078,8589934592,1073741824,5136826368,307429376
204,1771638479880,3504,3504,3504,3504,3504,3504,3504,3504,99.88518524169922,98.16834259033203,96.90220642089844,97.54332733154297,81.39009094238281,96.3714828491211,96.55585479736328,97.2951431274414,99.70317077636719,80,80,75,78.94737243652344,90.47618865966797,95,90,85,20.699420928955078,8589934592,1073741824,5138219008,307429376
204,1771638480085,3504,3504,3504,3504,3504,3504,3504,3504,99.88518524169922,98.16834259033203,96.90220642089844,97.54332733154297,81.39009094238281,96.3714828491211,96.55585479736328,97.2951431274414,99.70317077636719,80.95238494873047,75,80,72.7272720336914,85.71428680419922,90,90.90909576416016,85.71428680419922,20.699420928955078,8589934592,1073741824,5138366464,307429376
202,1771638480292,3504,3504,3504,3504,3504,3504,3504,3504,100.43584442138672,98.3570327758789,97.11410522460938,98.03793334960938,81.63903045654297,96.8351058959961,96.79421997070313,97.79693603515625,99.921142578125,80,80,76.19047546386719,80.95238494873047,95,90.47618865966797,89.47368621826172,90,20.699420928955078,8589934592,1073741824,5138726912,307429376
200,1771638480495,3504,3504,3504,3504,3504,3504,3504,3504,100.43584442138672,98.3570327758789,97.11410522460938,98.03793334960938,81.63903045654297,96.8351058959961,96.79421997070313,97.79693603515625,99.921142578125,76.19047546386719,80.95238494873047,80,73.68421173095703,90.47618865966797,90,90.47618865966797,90.90909576416016,20.699420928955078,8589934592,1073741824,5140594688,307429376
203,1771638480695,3504,3504,3504,3504,3504,3504,3504,3504,100.43584442138672,98.3570327758789,97.11410522460938,98.03793334960938,81.63903045654297,96.8351058959961,96.79421997070313,97.79693603515625,99.921142578125,84.21052551269531,75,75,75,95,94.73684692382813,90,89.47368621826172,21.376083374023438,8589934592,1073741824,5140594688,307429376
210,1771638480899,3504,3504,3504,3504,3504,3504,3504,3504,100.43584442138672,98.3570327758789,97.11410522460938,98.03793334960938,81.63903045654297,96.8351058959961,96.79421997070313,97.79693603515625,99.921142578125,76.19047546386719,75,78.94737243652344,76.19047546386719,90,86.36363983154297,90,90,21.376083374023438,8589934592,1073741824,5140594688,307429376
204,1771638481109,3504,3504,3504,3504,3504,3504,3504,3504,100.43584442138672,98.3570327758789,97.11410522460938,98.03793334960938,81.63903045654297,96.8351058959961,96.79421997070313,97.79693603515625,99.921142578125,76.19047546386719,76.19047546386719,73.91304016113281,71.42857360839844,90.47618865966797,90.47618865966797,90.90909576416016,86.36363983154297,21.376083374023438,8589934592,1073741824,5136302080,307429376
207,1771638481315,3504,3504,3504,3504,3504,3504,3504,3504,100.66112518310547,98.88330841064453,97.6371078491211,98.24436950683594,81.9319076538086,97.05696868896484,97.21803283691406,97.97718811035156,100.49005889892578,80.95238494873047,75,75,76.19047546386719,90,90,90,89.47368621826172,21.376083374023438,8589934592,1073741824,5138382848,307429376
204,1771638481522,3504,3504,3504,3504,3504,3504,3504,3504,100.66112518310547,98.88330841064453,97.6371078491211,98.24436950683594,81.9319076538086,97.05696868896484,97.21803283691406,97.97718811035156,100.49005889892578,80,77.2727279663086,75,75,90.47618865966797,85.71428680419922,90.47618865966797,86.36363983154297,21.376083374023438,8589934592,1073741824,5138284544,307429376
205,1771638481727,3504,3504,3504,3504,3504,3504,3504,3504,100.66112518310547,98.88330841064453,97.6371078491211,98.24436950683594,81.9319076538086,97.05696868896484,97.21803283691406,97.97718811035156,100.49005889892578,75,80,76.19047546386719,75,90.47618865966797,94.73684692382813,90,90,20.903778076171875,8589934592,1073741824,5142167552,307429376
210,1771638481932,3504,3504,3504,3504,3504,3504,3504,3504,100.66112518310547,98.88330841064453,97.6371078491211,98.24436950683594,81.9319076538086,97.05696868896484,97.21803283691406,97.97718811035156,100.49005889892578,85.71428680419922,80,76.19047546386719,80.95238494873047,94.73684692382813,90.90909576416016,85,90.47618865966797,20.903778076171875,8589934592,1073741824,5140643840,307429376
202,1771638482143,3504,3504,3504,3504,3504,3504,3504,3504,100.66112518310547,99.01130676269531,97.7440414428711,98.21978759765625,82.00743103027344,97.00978088378906,97.1480941772461,97.92909240722656,100.38524627685547,76.19047546386719,76.19047546386719,76.19047546386719,75,90.90909576416016,85.71428680419922,95.45454406738281,85.71428680419922,20.903778076171875,8589934592,1073741824,5138989056,307429376
204,1771638482345,3504,3504,3504,3504,3504,3504,3504,3504,100.54058837890625,99.01130676269531,97.7440414428711,98.21978759765625,82.00743103027344,97.00978088378906,97.1480941772461,97.92909240722656,100.38524627685547,85,80,78.94737243652344,80.95238494873047,95,90,85,89.47368621826172,20.903778076171875,8589934592,1073741824,5141446656,307429376
203,1771638482550,3504,3504,3504,3504,3504,3504,3504,3504,100.54058837890625,99.01130676269531,97.7440414428711,98.21978759765625,82.00743103027344,97.00978088378906,97.1480941772461,97.92909240722656,100.38524627685547,75,76.19047546386719,76.19047546386719,75,90.47618865966797,90,95,85.71428680419922,20.903778076171875,8589934592,1073741824,5141446656,307429376
204,1771638482754,3504,3504,3504,3504,3504,3504,3504,3504,100.54058837890625,99.01130676269531,97.7440414428711,98.21978759765625,82.00743103027344,97.00978088378906,97.1480941772461,97.92909240722656,100.38524627685547,80,78.94737243652344,80,80,90,90.47618865966797,90.47618865966797,85.71428680419922,21.467344284057617,8589934592,1073741824,5141446656,307429376
203,1771638482959,3504,3504,3504,3504,3504,3504,3504,3504,100.54058837890625,99.01130676269531,97.7440414428711,98.21978759765625,82.00743103027344,97.00978088378906,97.1480941772461,97.92909240722656,100.38524627685547,80.95238494873047,81.81818389892578,75,76.19047546386719,90.47618865966797,90,90,90,21.467344284057617,8589934592,1073741824,5141446656,307429376
204,1771638483162,3504,3504,3504,3504,3504,3504,3504,3504,100.89462280273438,99.20560455322266,97.94058227539063,98.50640106201172,82.14836883544922,97.07870483398438,97.20654296875,98.0495834350586,100.32779693603516,80,80,80.95238494873047,75,89.47368621826172,90,90.47618865966797,90,21.467344284057617,8589934592,1073741824,5141741568,307429376
204,1771638483367,3504,3504,3504,3504,3504,3504,3504,3504,100.89462280273438,99.20560455322266,97.94058227539063,98.50640106201172,82.14836883544922,97.07870483398438,97.20654296875,98.0495834350586,100.32779693603516,80,78.94737243652344,75,75,90.47618865966797,90.47618865966797,85,85.71428680419922,21.467344284057617,8589934592,1073741824,5139546112,307429376
204,1771638483572,3504,3504,3504,3504,3504,3504,3504,3504,100.89462280273438,99.20560455322266,97.94058227539063,98.50640106201172,82.14836883544922,97.07870483398438,97.20654296875,98.0495834350586,100.32779693603516,76.19047546386719,76.19047546386719,75,76.19047546386719,90.47618865966797,95,90.47618865966797,89.47368621826172,21.467344284057617,8589934592,1073741824,5141282816,307429376
203,1771638483777,3504,3504,3504,3504,3504,3504,3504,3504,100.89462280273438,99.20560455322266,97.94058227539063,98.50640106201172,82.14836883544922,97.07870483398438,97.20654296875,98.0495834350586,100.32779693603516,80,80,76.19047546386719,75,90,90.47618865966797,90,80.95238494873047,21.085416793823242,8589934592,1073741824,5142413312,307429376
204,1771638483980,3504,3504,3504,3504,3504,3504,3504,3504,100.89462280273438,99.20560455322266,97.94058227539063,98.50640106201172,82.14836883544922,97.07870483398438,97.20654296875,98.0495834350586,100.32779693603516,80,77.2727279663086,80,75,90,94.73684692382813,95,90.47618865966797,21.085416793823242,8589934592,1073741824,5139841024,307429376
14,1771638484185,3504,3504,3504,3504,3504,3504,3504,3504,101.32447052001953,99.25979614257813,98.05137634277344,98.80343627929688,82.25347137451172,97.23857879638672,97.36302185058594,98.16629791259766,100.57832336425781,80.95238494873047,78.94737243652344,80.95238494873047,80.95238494873047,90.47618865966797,90.47618865966797,90,90,21.085416793823242,8589934592,1073741824,5140840448,307429376
