Delta,Time,CPU_FREQUENCY_0,CPU_FREQUENCY_1,CPU_FREQUENCY_2,CPU_FREQUENCY_3,CPU_FREQUENCY_4,CPU_FREQUENCY_5,CPU_FREQUENCY_6,CPU_FREQUENCY_7,CPU_TEMP_0,CPU_TEMP_1,CPU_TEMP_2,CPU_TEMP_3,CPU_TEMP_4,CPU_TEMP_5,CPU_TEMP_6,CPU_TEMP_7,CPU_TEMP_8,CPU_USAGE_0,CPU_USAGE_1,CPU_USAGE_2,CPU_USAGE_3,CPU_USAGE_4,CPU_USAGE_5,CPU_USAGE_6,CPU_USAGE_7,SYSTEM_POWER (Watts),TOTAL_MEMORY,TOTAL_SWAP,USED_MEMORY,USED_SWAP
0,1771644291880,3504,3504,3504,3504,3504,3504,3504,3504,50.67698287963867,49.96121597290039,48.99794006347656,48.74506378173828,48.999366760253906,48.827362060546875,48.534034729003906,49.82151412963867,49.979434967041016,100,50,50,100,0,50,0,0,2.864619493484497,8589934592,1073741824,5412536320,290652160
209,1771644291881,3504,3504,3504,3504,3504,3504,3504,3504,50.67698287963867,49.96121597290039,48.99794006347656,48.74506378173828,48.999366760253906,48.827362060546875,48.534034729003906,49.82151412963867,49.979434967041016,0,NaN,NaN,0,0,0,0,0,2.864619493484497,8589934592,1073741824,5412536320,290652160
209,1771644292091,3504,3504,3504,3504,3504,3504,3504,3504,50.67698287963867,49.96121597290039,48.99794006347656,48.74506378173828,48.999366760253906,48.827362060546875,48.534034729003906,49.82151412963867,49.979434967041016,14.285715103149414,18.18181800842285,19.047618865966797,14.285715103149414,4.545454502105713,0,0,0,2.864619493484497,8589934592,1073741824,5412536320,290652160
207,1771644292300,3504,3504,3504,3504,3504,3504,3504,3504,49.55137252807617,48.85462188720703,47.69007873535156,47.556312561035156,47.481571197509766,47.420501708984375,47.032745361328125,48.281639099121094,48.43452453613281,18.18181800842285,15.000000953674316,19.047618865966797,5,0,0,0,0,2.864619493484497,8589934592,1073741824,5412536320,290652160
209,1771644292508,3504,3504,3504,3504,3504,3504,3504,3504,49.55137252807617,48.85462188720703,47.69007873535156,47.556312561035156,47.481571197509766,47.420501708984375,47.032745361328125,48.281639099121094,48.43452453613281,20,14.285715103149414,19.047618865966797,13.636363983154297,9.523809432983398,4.761904716491699,4.761904716491699,0,2.864619493484497,8589934592,1073741824,5379145728,290652160
208,1771644292719,3504,3504,3504,3504,3504,3504,3504,3504,49.55137252807617,48.85462188720703,47.69007873535156,47.556312561035156,47.481571197509766,47.420501708984375,47.032745361328125,48.281639099121094,48.43452453613281,25,13.636363983154297,14.285715103149414,5,0,4.545454502105713,0,0,2.7238199710845947,8589934592,1073741824,5379162112,290652160
209,1771644292928,3504,3504,3504,3504,3504,3504,3504,3504,49.55137252807617,48.85462188720703,47.69007873535156,47.556312561035156,47.481571197509766,47.420501708984375,47.032745361328125,48.281639099121094,48.43452453613281,23.809524536132813,20,20,13.636363983154297,0,0,0,0,2.7238199710845947,8589934592,1073741824,5379162112,290652160
201,1771644293138,3504,3504,3504,3504,3504,3504,3504,3504,49.55137252807617,48.85462188720703,47.69007873535156,47.556312561035156,47.481571197509766,47.420501708984375,47.032745361328125,48.281639099121094,48.43452453613281,28.571430206298828,20,18.18181800842285,15.000000953674316,20,20,13.636363983154297,4.761904716491699,2.7238199710845947,8589934592,1073741824,5379162112,290652160
205,1771644293339,3504,3504,3504,3504,3504,3504,3504,3504,47.871315002441406,47.44929885864258,46.03667449951172,45.896209716796875,46.20209884643555,46.29380798339844,45.687767028808594,46.849952697753906,47.04098892211914,25,14.285715103149414,10,5,19.047618865966797,15.000000953674316,0,4.761904716491699,2.7238199710845947,8589934592,1073741824,5379162112,290652160
209,1771644293545,3504,3504,3504,3504,3504,3504,3504,3504,47.871315002441406,47.44929885864258,46.03667449951172,45.896209716796875,46.20209884643555,46.29380798339844,45.687767028808594,46.849952697753906,47.04098892211914,9.523809432983398,10.526315689086914,0,4.761904716491699,10.526315689086914,9.523809432983398,0,0,2.7238199710845947,8589934592,1073741824,5397512192,290652160
208,1771644293755,3504,3504,3504,3504,3504,3504,3504,3504,47.871315002441406,47.44929885864258,46.03667449951172,45.896209716796875,46.20209884643555,46.29380798339844,45.687767028808594,46.849952697753906,47.04098892211914,25,19.047618865966797,13.636363983154297,5,0,4.545454502105713,0,0,2.6991212368011475,8589934592,1073741824,5395841024,290652160
204,1771644293964,3504,3504,3504,3504,3504,3504,3504,3504,47.871315002441406,47.44929885864258,46.03667449951172,45.896209716796875,46.20209884643555,46.29380798339844,45.687767028808594,46.849952697753906,47.04098892211914,23.809524536132813,14.285715103149414,9.523809432983398,9.523809432983398,0,0,0,0,2.6991212368011475,8589934592,1073741824,5395841024,290652160
208,1771644294169,3504,3504,3504,3504,3504,3504,3504,3504,47.871315002441406,47.44929885864258,46.03667449951172,45.896209716796875,46.20209884643555,46.29380798339844,45.687767028808594,46.849952697753906,46.31911087036133,25,19.047618865966797,10,10,0,0,0,0,2.6991212368011475,8589934592,1073741824,5395841024,290652160
206,1771644294378,3504,3504,3504,3504,3504,3504,3504,3504,47.49907684326172,47.09425354003906,45.72478485107422,45.560935974121094,45.557735443115234,45.81610107421875,45.03932189941406,46.32271194458008,46.31911087036133,22.72727394104004,10,9.523809432983398,18.18181800842285,0,0,0,0,2.6991212368011475,8589934592,1073741824,5395841024,290652160
208,1771644294586,3504,3504,3504,3504,3504,3504,3504,3504,47.49907684326172,47.09425354003906,45.72478485107422,45.560935974121094,45.557735443115234,45.81610107421875,45.03932189941406,46.32271194458008,46.31911087036133,20,19.047618865966797,15.000000953674316,10,0,0,0,0,2.6991212368011475,8589934592,1073741824,5385191424,290652160
206,1771644294795,3504,3504,3504,3504,3504,3504,3504,3504,47.49907684326172,47.09425354003906,45.72478485107422,45.560935974121094,45.557735443115234,45.81610107421875,45.03932189941406,46.32271194458008,46.31911087036133,19.047618865966797,28.571430206298828,14.285715103149414,14.285715103149414,0,0,0,0,1.97665536403656,8589934592,1073741824,5385207808,290652160
208,1771644295002,3504,3504,3504,3504,3504,3504,3504,3504,47.49907684326172,47.09425354003906,45.72478485107422,45.560935974121094,45.557735443115234,45.81610107421875,45.03932189941406,46.32271194458008,46.31911087036133,25,20,14.285715103149414,10,0,0,0,0,1.97665536403656,8589934592,1073741824,5387370496,290652160
207,1771644295211,3504,3504,3504,3504,3504,3504,3504,3504,45.94887161254883,45.390560150146484,44.30467224121094,44.05773162841797,44.47392654418945,44.658363342285156,44.029449462890625,45.17921829223633,45.3050422668457,19.047618865966797,23.809524536132813,10,4.761904716491699,0,0,0,0,1.97665536403656,8589934592,1073741824,5387419648,290652160
208,1771644295419,3504,3504,3504,3504,3504,3504,3504,3504,45.94887161254883,45.390560150146484,44.30467224121094,44.05773162841797,44.47392654418945,44.658363342285156,44.029449462890625,45.17921829223633,45.3050422668457,19.047618865966797,23.809524536132813,14.285715103149414,14.285715103149414,0,0,0,0,1.97665536403656,8589934592,1073741824,5387386880,290652160
209,1771644295628,3504,3504,3504,3504,3504,3504,3504,3504,45.94887161254883,45.390560150146484,44.30467224121094,44.05773162841797,44.47392654418945,44.658363342285156,44.029449462890625,45.17921829223633,45.3050422668457,14.285715103149414,23.809524536132813,14.285715103149414,9.523809432983398,0,0,0,0,1.97665536403656,8589934592,1073741824,5387403264,290652160
209,1771644295838,3504,3504,3504,3504,3504,3504,3504,3504,45.94887161254883,45.390560150146484,44.30467224121094,44.05773162841797,44.47392654418945,44.658363342285156,44.029449462890625,45.17921829223633,45.3050422668457,19.047618865966797,19.047618865966797,19.047618865966797,5,0,0,0,0,3.16469144821167,8589934592,1073741824,5387436032,290652160
209,1771644296048,3504,3504,3504,3504,3504,3504,3504,3504,45.94887161254883,45.390560150146484,44.30467224121094,44.05773162841797,44.47392654418945,44.658363342285156,44.029449462890625,45.17921829223633,45.3050422668457,23.809524536132813,19.047618865966797,19.047618865966797,13.043478012084961,0,0,0,0,3.16469144821167,8589934592,1073741824,5387976704,290652160
202,1771644296258,3504,3504,3504,3504,3504,3504,3504,3504,45.43938446044922,44.66384506225586,43.61101531982422,43.380027770996094,43.95899200439453,43.742652893066406,43.335418701171875,44.51418685913086,44.654991149902344,19.047618865966797,15.000000953674316,18.18181800842285,5,0,0,0,0,3.16469144821167,8589934592,1073741824,5388025856,290652160
209,1771644296461,3504,3504,3504,3504,3504,3504,3504,3504,45.43938446044922,44.66384506225586,43.61101531982422,43.380027770996094,43.95899200439453,43.742652893066406,43.335418701171875,44.51418685913086,44.654991149902344,21.052631378173828,19.047618865966797,15.000000953674316,10.526315689086914,0,0,0,0,3.16469144821167,8589934592,1073741824,5388075008,290652160
209,1771644296671,3504,3504,3504,3504,3504,3504,3504,3504,45.43938446044922,44.66384506225586,43.61101531982422,43.380027770996094,43.95899200439453,43.742652893066406,43.335418701171875,44.51418685913086,44.654991149902344,19.047618865966797,19.047618865966797,5.263157844543457,18.18181800842285,0,0,0,0,3.16469144821167,8589934592,1073741824,5385945088,290652160
204,1771644296881,3504,3504,3504,3504,3504,3504,3504,3504,45.43938446044922,44.66384506225586,43.61101531982422,43.380027770996094,43.95899200439453,43.742652893066406,43.335418701171875,44.51418685913086,44.654991149902344,33.333335876464844,20,13.636363983154297,14.285715103149414,4.545454502105713,0,0,0,2.000128746032715,8589934592,1073741824,5386469376,290652160
205,1771644297086,3504,3504,3504,3504,3504,3504,3504,3504,45.43938446044922,44.66384506225586,43.61101531982422,43.380027770996094,43.95899200439453,43.742652893066406,43.335418701171875,44.51418685913086,44.654991149902344,25,20,14.285715103149414,10,31.57894515991211,0,0,0,2.000128746032715,8589934592,1073741824,5386158080,290652160
208,1771644297291,3504,3504,3504,3504,3504,3504,3504,3504,44.91975402832031,44.43849182128906,43.220672607421875,42.9088134765625,43.38558578491211,43.20252990722656,42.82408142089844,43.900577545166016,44.08312225341797,33.333335876464844,31.81818199157715,21.052631378173828,20,0,0,0,0,2.000128746032715,8589934592,1073741824,5386158080,290652160
209,1771644297500,3504,3504,3504,3504,3504,3504,3504,3504,44.91975402832031,44.43849182128906,43.220672607421875,42.9088134765625,43.38558578491211,43.20252990722656,42.82408142089844,43.900577545166016,44.08312225341797,25,10.526315689086914,18.18181800842285,18.18181800842285,0,4.761904716491699,4.761904716491699,0,2.000128746032715,8589934592,1073741824,5386158080,290652160
209,1771644297710,3504,3504,3504,3504,3504,3504,3504,3504,44.91975402832031,44.43849182128906,43.220672607421875,42.9088134765625,43.38558578491211,43.20252990722656,42.82408142089844,43.900577545166016,44.08312225341797,23.809524536132813,13.636363983154297,14.285715103149414,5,0,0,0,0,2.35807204246521,8589934592,1073741824,5386797056,290652160
207,1771644297920,3504,3504,3504,3504,3504,3504,3504,3504,44.91975402832031,44.43849182128906,43.220672607421875,42.9088134765625,43.38558578491211,43.20252990722656,42.82408142089844,43.900577545166016,44.08312225341797,19.047618865966797,19.047618865966797,19.047618865966797,19.047618865966797,0,0,0,0,2.35807204246521,8589934592,1073741824,5386911744,290652160
209,1771644298128,3504,3504,3504,3504,3504,3504,3504,3504,44.91975402832031,44.43849182128906,43.220672607421875,42.9088134765625,43.38558578491211,43.20252990722656,42.82408142089844,43.900577545166016,44.08312225341797,19.047618865966797,20,15.000000953674316,9.523809432983398,0,0,0,0,2.35807204246521,8589934592,1073741824,5386797056,290652160
209,1771644298338,3504,3504,3504,3504,3504,3504,3504,3504,44.26645278930664,43.81696701049805,42.638755798339844,42.501197814941406,42.90597915649414,42.86219787597656,42.38005828857422,43.50802993774414,43.592193603515625,15.000000953674316,23.809524536132813,5,4.761904716491699,0,0,0,0,2.35807204246521,8589934592,1073741824,5386715136,290652160
201,1771644298548,3504,3504,3504,3504,3504,3504,3504,3504,44.26645278930664,43.81696701049805,42.638755798339844,42.501197814941406,42.90597915649414,42.86219787597656,42.38005828857422,43.50802993774414,43.592193603515625,22.72727394104004,23.809524536132813,13.636363983154297,14.285715103149414,0,0,0,0,2.35807204246521,8589934592,1073741824,5386715136,290652160
209,1771644298750,3504,3504,3504,3504,3504,3504,3504,3504,44.26645278930664,43.81696701049805,42.638755798339844,42.501197814941406,42.90597915649414,42.86219787597656,42.38005828857422,43.50802993774414,43.592193603515625,23.809524536132813,20,20,14.285715103149414,4.761904716491699,0,0,0,2.2622289657592773,8589934592,1073741824,5382750208,290652160
209,1771644298959,3504,3504,3504,3504,3504,3504,3504,3504,44.26645278930664,43.81696701049805,42.638755798339844,42.501197814941406,42.90597915649414,42.86219787597656,42.38005828857422,43.50802993774414,43.592193603515625,21.052631378173828,14.285715103149414,5,10,0,0,0,0,2.2622289657592773,8589934592,1073741824,5383061504,290652160
203,1771644299170,3504,3504,3504,3504,3504,3504,3504,3504,44.26645278930664,43.81696701049805,42.638755798339844,42.501197814941406,42.90597915649414,42.86219787597656,42.38005828857422,43.50802993774414,43.592193603515625,18.18181800842285,18.18181800842285,14.285715103149414,10,0,0,0,0,2.2622289657592773,8589934592,1073741824,5383110656,290652160
209,1771644299373,3504,3504,3504,3504,3504,3504,3504,3504,43.770668029785156,43.41650390625,42.16980743408203,41.93220520019531,42.387508392333984,42.442962646484375,41.92363739013672,42.9600944519043,43.1197395324707,15.000000953674316,15.000000953674316,14.285715103149414,14.285715103149414,0,0,0,0,2.2622289657592773,8589934592,1073741824,5383127040,290652160
203,1771644299583,3504,3504,3504,3504,3504,3504,3504,3504,43.770668029785156,43.41650390625,42.16980743408203,41.93220520019531,42.387508392333984,42.442962646484375,41.92363739013672,42.9600944519043,43.1197395324707,19.047618865966797,19.047618865966797,19.047618865966797,9.523809432983398,0,0,0,0,2.2622289657592773,8589934592,1073741824,5382324224,290652160
209,1771644299788,3504,3504,3504,3504,3504,3504,3504,3504,43.770668029785156,43.41650390625,42.16980743408203,41.93220520019531,42.387508392333984,42.442962646484375,41.92363739013672,42.9600944519043,43.1197395324707,20,15.789472579956055,20,10,0,0,0,0,2.0128796100616455,8589934592,1073741824,5382324224,290652160
206,1771644299998,3504,3504,3504,3504,3504,3504,3504,3504,43.770668029785156,43.41650390625,42.16980743408203,41.93220520019531,42.387508392333984,42.442962646484375,41.92363739013672,42.9600944519043,43.1197395324707,19.047618865966797,19.047618865966797,14.285715103149414,9.090909004211426,0,0,0,0,2.0128796100616455,8589934592,1073741824,5382324224,290652160
202,1771644300204,3504,3504,3504,3504,3504,3504,3504,3504,43.439083099365234,43.16688537597656,41.73530578613281,41.53886413574219,42.03466033935547,41.98847198486328,41.49938201904297,42.66996765136719,42.725528717041016,20,28.571430206298828,19.047618865966797,10,4.545454502105713,0,0,0,2.0128796100616455,8589934592,1073741824,5388648448,290652160
209,1771644300407,3504,3504,3504,3504,3504,3504,3504,3504,43.439083099365234,43.16688537597656,41.73530578613281,41.53886413574219,42.03466033935547,41.98847198486328,41.49938201904297,42.66996765136719,42.725528717041016,20,20,15.000000953674316,5,0,0,0,0,2.0128796100616455,8589934592,1073741824,5388681216,290652160
202,1771644300617,3504,3504,3504,3504,3504,3504,3504,3504,43.439083099365234,43.16688537597656,41.73530578613281,41.53886413574219,42.03466033935547,41.98847198486328,41.49938201904297,42.66996765136719,42.725528717041016,22.72727394104004,19.047618865966797,15.000000953674316,9.523809432983398,0,0,0,0,2.0128796100616455,8589934592,1073741824,5388025856,290652160
209,1771644300820,3504,3504,3504,3504,3504,3504,3504,3504,43.439083099365234,43.16688537597656,41.73530578613281,41.53886413574219,42.03466033935547,41.98847198486328,41.49938201904297,42.66996765136719,42.725528717041016,21.052631378173828,25,10,10,0,0,0,0,2.3451778888702393,8589934592,1073741824,5387730944,290652160
209,1771644301029,3504,3504,3504,3504,3504,3504,3504,3504,43.439083099365234,43.16688537597656,41.73530578613281,41.53886413574219,42.03466033935547,41.98847198486328,41.49938201904297,42.66996765136719,42.725528717041016,19.047618865966797,19.047618865966797,19.047618865966797,9.523809432983398,0,0,0,0,2.3451778888702393,8589934592,1073741824,5387354112,290652160
209,1771644301240,3504,3504,3504,3504,3504,3504,3504,3504,43.0571403503418,42.8302001953125,41.320762634277344,41.17784881591797,41.58641052246094,41.43010711669922,41.132171630859375,42.33491897583008,42.349342346191406,27.272727966308594,10,9.523809432983398,9.523809432983398,0,0,0,0,2.3451778888702393,8589934592,1073741824,5387878400,290652160
203,1771644301450,3504,3504,3504,3504,3504,3504,3504,3504,43.0571403503418,42.8302001953125,41.320762634277344,41.17784881591797,41.58641052246094,41.43010711669922,41.132171630859375,42.33491897583008,42.349342346191406,25,19.047618865966797,19.047618865966797,14.285715103149414,0,0,0,0,2.3451778888702393,8589934592,1073741824,5387960320,290652160
209,1771644301654,3504,3504,3504,3504,3504,3504,3504,3504,43.0571403503418,42.8302001953125,41.320762634277344,41.17784881591797,41.58641052246094,41.43010711669922,41.132171630859375,42.33491897583008,42.349342346191406,30.000001907348633,22.72727394104004,19.047618865966797,20,0,0,0,0,2.3451778888702393,8589934592,1073741824,5379309568,290652160
206,1771644301864,3504,3504,3504,3504,3504,3504,3504,3504,43.0571403503418,42.8302001953125,41.320762634277344,41.17784881591797,41.58641052246094,41.43010711669922,41.132171630859375,42.33491897583008,42.349342346191406,28.571430206298828,10,15.000000953674316,9.523809432983398,0,0,0,0,2.274135112762451,8589934592,1073741824,5382160384,290652160
209,1771644302071,3504,3504,3504,3504,3504,3504,3504,3504,43.0571403503418,42.8302001953125,41.320762634277344,41.17784881591797,41.58641052246094,41.43010711669922,41.132171630859375,42.33491897583008,42.349342346191406,23.809524536132813,15.000000953674316,14.285715103149414,9.523809432983398,0,0,0,0,2.274135112762451,8589934592,1073741824,5381914624,290652160
207,1771644302281,3504,3504,3504,3504,3504,3504,3504,3504,42.78717041015625,42.442718505859375,41.084747314453125,40.84419250488281,41.21400833129883,41.07341003417969,40.799476623535156,42.032257080078125,42.00305938720703,33.333335876464844,19.047618865966797,10,14.285715103149414,0,0,0,0,2.274135112762451,8589934592,1073741824,5381914624,290652160
209,1771644302489,3504,3504,3504,3504,3504,3504,3504,3504,42.78717041015625,42.442718505859375,41.084747314453125,40.84419250488281,41.21400833129883,41.07341003417969,40.799476623535156,42.032257080078125,42.00305938720703,23.809524536132813,10,14.285715103149414,5,4.761904716491699,0,0,0,2.274135112762451,8589934592,1073741824,5379096576,290652160
205,1771644302699,3504,3504,3504,3504,3504,3504,3504,3504,42.78717041015625,42.442718505859375,41.084747314453125,40.84419250488281,41.21400833129883,41.07341003417969,40.799476623535156,42.032257080078125,42.00305938720703,19.047618865966797,19.047618865966797,9.523809432983398,9.090909004211426,4.761904716491699,4.761904716491699,4.545454502105713,0,2.0013060569763184,8589934592,1073741824,5380079616,290652160
209,1771644302905,3504,3504,3504,3504,3504,3504,3504,3504,42.78717041015625,42.442718505859375,41.084747314453125,40.84419250488281,41.21400833129883,41.07341003417969,40.799476623535156,42.032257080078125,42.00305938720703,10,14.285715103149414,14.285715103149414,15.000000953674316,0,0,0,0,2.0013060569763184,8589934592,1073741824,5380292608,290652160
204,1771644303114,3504,3504,3504,3504,3504,3504,3504,3504,42.78717041015625,42.442718505859375,41.084747314453125,40.84419250488281,41.21400833129883,41.07341003417969,40.799476623535156,42.032257080078125,42.00305938720703,19.047618865966797,23.809524536132813,9.523809432983398,14.285715103149414,0,0,0,0,2.0013060569763184,8589934592,1073741824,5385207808,290652160
200,1771644303319,3504,3504,3504,3504,3504,3504,3504,3504,42.54267501831055,42.015380859375,40.76283264160156,40.58912658691406,40.92924499511719,40.787109375,40.51521301269531,41.69083786010742,41.80512619018555,25,19.047618865966797,14.285715103149414,10,0,0,0,0,2.0013060569763184,8589934592,1073741824,5385207808,290652160
200,1771644303520,3504,3504,3504,3504,3504,3504,3504,3504,42.54267501831055,42.015380859375,40.76283264160156,40.58912658691406,40.92924499511719,40.787109375,40.51521301269531,41.69083786010742,41.80512619018555,20,21.052631378173828,5.555555820465088,9.523809432983398,0,0,0,0,2.0013060569763184,8589934592,1073741824,5385207808,290652160
205,1771644303721,3504,3504,3504,3504,3504,3504,3504,3504,42.54267501831055,42.015380859375,40.76283264160156,40.58912658691406,40.92924499511719,40.787109375,40.51521301269531,41.69083786010742,41.80512619018555,10.526315689086914,15.000000953674316,22.72727394104004,5.263157844543457,0,0,0,0,2.511411666870117,8589934592,1073741824,5385207808,290652160
209,1771644303927,3504,3504,3504,3504,3504,3504,3504,3504,42.54267501831055,42.015380859375,40.76283264160156,40.58912658691406,40.92924499511719,40.787109375,40.51521301269531,41.69083786010742,41.80512619018555,19.047618865966797,10,15.000000953674316,14.285715103149414,0,0,0,0,2.511411666870117,8589934592,1073741824,5382504448,290652160
209,1771644304137,3504,3504,3504,3504,3504,3504,3504,3504,42.54267501831055,42.015380859375,40.76283264160156,40.58912658691406,40.92924499511719,40.787109375,40.51521301269531,41.69083786010742,41.80512619018555,23.809524536132813,14.285715103149414,19.047618865966797,4.761904716491699,0,0,0,0,2.511411666870117,8589934592,1073741824,5382504448,290652160
209,1771644304347,3504,3504,3504,3504,3504,3504,3504,3504,42.22698211669922,41.51402282714844,40.41814422607422,40.3653564453125,40.66427230834961,40.531272888183594,40.25849914550781,41.39760971069336,41.47928237915039,28.571430206298828,22.72727394104004,14.285715103149414,15.000000953674316,4.761904716491699,0,4.761904716491699,0,2.511411666870117,8589934592,1073741824,5383061504,290652160
204,1771644304557,3504,3504,3504,3504,3504,3504,3504,3504,42.22698211669922,41.51402282714844,40.41814422607422,40.3653564453125,40.66427230834961,40.531272888183594,40.25849914550781,41.39760971069336,41.47928237915039,52.38095474243164,35,30.000001907348633,31.81818199157715,0,0,0,4.545454502105713,2.511411666870117,8589934592,1073741824,5392646144,290652160
208,1771644304762,3504,3504,3504,3504,3504,3504,3504,3504,42.22698211669922,41.51402282714844,40.41814422607422,40.3653564453125,40.66427230834961,40.531272888183594,40.25849914550781,41.39760971069336,41.47928237915039,33.333335876464844,38.095237731933594,28.571430206298828,20,0,9.090909004211426,0,0,1.8825008869171143,8589934592,1073741824,5392646144,290652160
204,1771644304971,3504,3504,3504,3504,3504,3504,3504,3504,42.22698211669922,41.51402282714844,40.41814422607422,40.3653564453125,40.66427230834961,40.531272888183594,40.25849914550781,41.39760971069336,41.47928237915039,15.000000953674316,23.809524536132813,19.047618865966797,9.523809432983398,0,0,0,0,1.8825008869171143,8589934592,1073741824,5394300928,290652160
209,1771644305176,3504,3504,3504,3504,3504,3504,3504,3504,42.22698211669922,41.33099365234375,40.302947998046875,40.21531677246094,40.554481506347656,40.35221862792969,40.08787536621094,41.24518966674805,41.319374084472656,10,20,10.526315689086914,10,0,0,0,0,1.8825008869171143,8589934592,1073741824,5394333696,290652160
207,1771644305386,3504,3504,3504,3504,3504,3504,3504,3504,42.12086486816406,41.33099365234375,40.302947998046875,40.21531677246094,40.554481506347656,40.35221862792969,40.08787536621094,41.24518966674805,41.319374084472656,27.272727966308594,19.047618865966797,13.636363983154297,9.523809432983398,0,0,0,0,1.8825008869171143,8589934592,1073741824,5394317312,290652160
203,1771644305594,3504,3504,3504,3504,3504,3504,3504,3504,42.12086486816406,41.33099365234375,40.302947998046875,40.21531677246094,40.554481506347656,40.35221862792969,40.08787536621094,41.24518966674805,41.319374084472656,23.809524536132813,15.000000953674316,10,5,0,0,0,0,1.8825008869171143,8589934592,1073741824,5394317312,290652160
209,1771644305798,3504,3504,3504,3504,3504,3504,3504,3504,42.12086486816406,41.33099365234375,40.302947998046875,40.21531677246094,40.554481506347656,40.35221862792969,40.08787536621094,41.24518966674805,41.319374084472656,15.789472579956055,30.000001907348633,9.523809432983398,9.523809432983398,14.285715103149414,14.285715103149414,0,0,2.2162792682647705,8589934592,1073741824,5394317312,290652160
209,1771644306008,3504,3504,3504,3504,3504,3504,3504,3504,42.12086486816406,41.33099365234375,40.302947998046875,40.21531677246094,40.554481506347656,40.35221862792969,40.08787536621094,41.24518966674805,41.319374084472656,19.047618865966797,31.81818199157715,19.047618865966797,14.285715103149414,20,20,23.809524536132813,14.285715103149414,2.2162792682647705,8589934592,1073741824,5393694720,290652160
209,1771644306218,3504,3504,3504,3504,3504,3504,3504,3504,42.551422119140625,41.73227310180664,40.516510009765625,40.43956756591797,40.532073974609375,40.58171081542969,40.338653564453125,41.54872512817383,41.58473205566406,9.523809432983398,23.809524536132813,9.523809432983398,5,4.545454502105713,0,0,0,2.2162792682647705,8589934592,1073741824,5394022400,290652160
204,1771644306428,3504,3504,3504,3504,3504,3504,3504,3504,42.551422119140625,41.73227310180664,40.516510009765625,40.43956756591797,40.532073974609375,40.58171081542969,40.338653564453125,41.54872512817383,41.58473205566406,19.047618865966797,25,14.285715103149414,13.636363983154297,0,0,0,0,2.2162792682647705,8589934592,1073741824,5394022400,290652160
209,1771644306633,3504,3504,3504,3504,3504,3504,3504,3504,42.551422119140625,41.73227310180664,40.516510009765625,40.43956756591797,40.532073974609375,40.58171081542969,40.338653564453125,41.54872512817383,41.58473205566406,25,28.571430206298828,20,20,15.000000953674316,14.285715103149414,15.000000953674316,15.000000953674316,2.2162792682647705,8589934592,1073741824,5394022400,290652160
209,1771644306843,3504,3504,3504,3504,3504,3504,3504,3504,42.551422119140625,41.73227310180664,40.516510009765625,40.43956756591797,40.532073974609375,40.58171081542969,40.338653564453125,41.54872512817383,41.58473205566406,10,15.000000953674316,9.523809432983398,9.523809432983398,0,0,0,0,2.155799627304077,8589934592,1073741824,5394022400,290652160
209,1771644307053,3504,3504,3504,3504,3504,3504,3504,3504,42.551422119140625,41.73227310180664,40.516510009765625,40.43956756591797,40.532073974609375,40.58171081542969,40.338653564453125,41.54872512817383,41.58473205566406,31.81818199157715,27.272727966308594,15.000000953674316,19.047618865966797,40,0,0,0,2.155799627304077,8589934592,1073741824,5390434304,290652160
207,1771644307263,3504,3504,3504,3504,3504,3504,3504,3504,42.417598724365234,41.8783073425293,40.620208740234375,40.43780517578125,40.56489944458008,40.53282928466797,40.307159423828125,41.463783264160156,41.54607009887695,33.333335876464844,35,19.047618865966797,42.85714340209961,0,0,0,0,2.155799627304077,8589934592,1073741824,5390270464,290652160
206,1771644307471,3504,3504,3504,3504,3504,3504,3504,3504,42.417598724365234,41.8783073425293,40.620208740234375,40.43780517578125,40.56489944458008,40.53282928466797,40.307159423828125,41.463783264160156,41.54607009887695,15.000000953674316,18.18181800842285,14.285715103149414,28.571430206298828,0,0,0,0,2.155799627304077,8589934592,1073741824,5390565376,290652160
209,1771644307678,3504,3504,3504,3504,3504,3504,3504,3504,42.417598724365234,41.8783073425293,40.620208740234375,40.43780517578125,40.56489944458008,40.53282928466797,40.307159423828125,41.463783264160156,41.54607009887695,14.285715103149414,15.000000953674316,13.636363983154297,15.000000953674316,4.761904716491699,0,0,0,2.820866107940674,8589934592,1073741824,5390680064,290652160
207,1771644307888,3504,3504,3504,3504,3504,3504,3504,3504,42.417598724365234,41.8783073425293,40.620208740234375,40.43780517578125,40.56489944458008,40.53282928466797,40.307159423828125,41.463783264160156,41.54607009887695,10,19.047618865966797,5,18.18181800842285,0,0,0,0,2.820866107940674,8589934592,1073741824,5390729216,290652160
207,1771644308096,3504,3504,3504,3504,3504,3504,3504,3504,42.417598724365234,41.8783073425293,40.620208740234375,40.43780517578125,40.56489944458008,40.53282928466797,40.307159423828125,41.463783264160156,41.54607009887695,18.18181800842285,20,20,15.000000953674316,0,0,0,0,2.820866107940674,8589934592,1073741824,5390761984,290652160
206,1771644308304,3504,3504,3504,3504,3504,3504,3504,3504,41.881465911865234,40.89518737792969,39.86470031738281,39.709266662597656,40.131187438964844,39.92070007324219,39.73017120361328,40.867652893066406,40.938812255859375,19.047618865966797,19.047618865966797,14.285715103149414,0,0,0,0,0,2.820866107940674,8589934592,1073741824,5390712832,290652160
208,1771644308511,3504,3504,3504,3504,3504,3504,3504,3504,41.881465911865234,40.89518737792969,39.86470031738281,39.709266662597656,40.131187438964844,39.92070007324219,39.73017120361328,40.867652893066406,40.938812255859375,25,19.047618865966797,5,14.285715103149414,0,0,0,0,2.820866107940674,8589934592,1073741824,5390778368,290652160
205,1771644308720,3504,3504,3504,3504,3504,3504,3504,3504,41.881465911865234,40.89518737792969,39.86470031738281,39.709266662597656,40.131187438964844,39.92070007324219,39.73017120361328,40.867652893066406,40.938812255859375,23.809524536132813,15.000000953674316,13.636363983154297,9.090909004211426,0,0,0,0,2.7370893955230713,8589934592,1073741824,5390778368,290652160
209,1771644308925,3504,3504,3504,3504,3504,3504,3504,3504,41.881465911865234,40.89518737792969,39.86470031738281,39.709266662597656,40.131187438964844,39.92070007324219,39.73017120361328,40.867652893066406,40.938812255859375,15.789472579956055,20,10,5.263157844543457,9.523809432983398,4.761904716491699,9.090909004211426,0,2.7370893955230713,8589934592,1073741824,5391106048,290652160
202,1771644309135,3504,3504,3504,3504,3504,3504,3504,3504,41.881465911865234,40.89518737792969,39.86470031738281,39.709266662597656,40.131187438964844,39.92070007324219,39.73017120361328,40.867652893066406,40.938812255859375,19.047618865966797,18.18181800842285,10,9.523809432983398,0,4.761904716491699,0,0,2.7370893955230713,8589934592,1073741824,5391106048,290652160
209,1771644309338,3504,3504,3504,3504,3504,3504,3504,3504,41.624481201171875,40.656028747558594,39.554466247558594,39.456695556640625,39.904964447021484,39.6224365234375,39.43922424316406,40.56291961669922,40.62105178833008,15.000000953674316,15.000000953674316,14.285715103149414,10,0,0,0,0,2.7370893955230713,8589934592,1073741824,5391155200,290652160
206,1771644309548,3504,3504,3504,3504,3504,3504,3504,3504,41.624481201171875,40.656028747558594,39.554466247558594,39.456695556640625,39.904964447021484,39.6224365234375,39.43922424316406,40.56291961669922,40.62105178833008,22.72727394104004,9.523809432983398,9.523809432983398,14.285715103149414,0,0,0,0,2.7370893955230713,8589934592,1073741824,5391286272,290652160
209,1771644309754,3504,3504,3504,3504,3504,3504,3504,3504,41.624481201171875,40.656028747558594,39.554466247558594,39.456695556640625,39.904964447021484,39.6224365234375,39.43922424316406,40.56291961669922,40.62105178833008,15.000000953674316,10,23.809524536132813,13.636363983154297,0,0,0,0,2.002143621444702,8589934592,1073741824,5390778368,290652160
204,1771644309964,3504,3504,3504,3504,3504,3504,3504,3504,41.624481201171875,40.656028747558594,39.554466247558594,39.456695556640625,39.904964447021484,39.6224365234375,39.43922424316406,40.56291961669922,40.62105178833008,27.272727966308594,10,10,5,0,0,0,0,2.002143621444702,8589934592,1073741824,5388926976,290652160
207,1771644310169,3504,3504,3504,3504,3504,3504,3504,3504,41.624481201171875,40.656028747558594,39.554466247558594,39.456695556640625,39.904964447021484,39.418128967285156,39.12232971191406,40.313838958740234,40.390987396240234,26.3157901763916,14.285715103149414,15.000000953674316,9.523809432983398,0,0,0,4.761904716491699,2.002143621444702,8589934592,1073741824,5387288576,290652160
207,1771644310378,3504,3504,3504,3504,3504,3504,3504,3504,41.42982864379883,40.47293472290039,39.369346618652344,39.192291259765625,39.5828857421875,39.418128967285156,39.12232971191406,40.313838958740234,40.390987396240234,19.047618865966797,14.285715103149414,22.72727394104004,5,0,0,0,0,2.002143621444702,8589934592,1073741824,5387190272,290652160
207,1771644310586,3504,3504,3504,3504,3504,3504,3504,3504,41.42982864379883,40.47293472290039,39.369346618652344,39.192291259765625,39.5828857421875,39.418128967285156,39.12232971191406,40.313838958740234,40.390987396240234,14.285715103149414,19.047618865966797,14.285715103149414,9.090909004211426,0,0,0,0,2.002143621444702,8589934592,1073741824,5387550720,290652160
204,1771644310794,3504,3504,3504,3504,3504,3504,3504,3504,41.42982864379883,40.47293472290039,39.369346618652344,39.192291259765625,39.5828857421875,39.418128967285156,39.12232971191406,40.313838958740234,40.390987396240234,15.000000953674316,20,21.052631378173828,10,0,0,0,0,2.5700576305389404,8589934592,1073741824,5387436032,290652160
206,1771644310999,3504,3504,3504,3504,3504,3504,3504,3504,41.42982864379883,40.47293472290039,39.369346618652344,39.192291259765625,39.5828857421875,39.418128967285156,39.12232971191406,40.313838958740234,40.390987396240234,20,19.047618865966797,22.72727394104004,10,0,0,0,0,2.5700576305389404,8589934592,1073741824,5387288576,290652160
209,1771644311206,3504,3504,3504,3504,3504,3504,3504,3504,41.24612808227539,40.35091781616211,39.11366271972656,39.10028839111328,39.423282623291016,39.173973083496094,38.90660858154297,40.129112243652344,40.184837341308594,28.571430206298828,23.809524536132813,15.000000953674316,10,4.761904716491699,0,0,0,2.5700576305389404,8589934592,1073741824,5387091968,290652160
207,1771644311416,3504,3504,3504,3504,3504,3504,3504,3504,41.24612808227539,40.35091781616211,39.11366271972656,39.10028839111328,39.423282623291016,39.173973083496094,38.90660858154297,40.129112243652344,40.184837341308594,36.3636360168457,35,38.095237731933594,28.571430206298828,0,0,0,0,2.5700576305389404,8589934592,1073741824,5390614528,290652160
209,1771644311625,3504,3504,3504,3504,3504,3504,3504,3504,41.24612808227539,40.35091781616211,39.11366271972656,39.10028839111328,39.423282623291016,39.173973083496094,38.90660858154297,40.129112243652344,40.184837341308594,25,27.272727966308594,23.809524536132813,13.636363983154297,0,0,0,0,2.5700576305389404,8589934592,1073741824,5388500992,290652160
209,1771644311835,3504,3504,3504,3504,3504,3504,3504,3504,41.24612808227539,40.35091781616211,39.11366271972656,39.10028839111328,39.423282623291016,39.173973083496094,38.90660858154297,40.129112243652344,40.184837341308594,19.047618865966797,10,14.285715103149414,15.000000953674316,0,0,0,0,1.9667240381240845,8589934592,1073741824,5388468224,290652160
209,1771644312044,3504,3504,3504,3504,3504,3504,3504,3504,41.24612808227539,40.35091781616211,39.11366271972656,39.10028839111328,39.423282623291016,39.173973083496094,38.90660858154297,40.129112243652344,40.184837341308594,10,14.285715103149414,19.047618865966797,14.285715103149414,0,0,0,0,1.9667240381240845,8589934592,1073741824,5388140544,290652160
203,1771644312254,3504,3504,3504,3504,3504,3504,3504,3504,40.8889045715332,40.21717834472656,39.05506134033203,38.92058563232422,39.24901580810547,39.04301452636719,38.796783447265625,39.96798324584961,40.04765319824219,19.047618865966797,14.285715103149414,15.000000953674316,19.047618865966797,0,0,0,0,1.9667240381240845,8589934592,1073741824,5388091392,290652160
201,1771644312458,3504,3504,3504,3504,3504,3504,3504,3504,40.8889045715332,40.21717834472656,39.05506134033203,38.92058563232422,39.24901580810547,39.04301452636719,38.796783447265625,39.96798324584961,40.04765319824219,19.047618865966797,15.000000953674316,10,19.047618865966797,0,0,0,0,1.9667240381240845,8589934592,1073741824,5388091392,290652160
208,1771644312661,3504,3504,3504,3504,3504,3504,3504,3504,40.8889045715332,40.21717834472656,39.05506134033203,38.92058563232422,39.24901580810547,39.04301452636719,38.796783447265625,39.96798324584961,40.04765319824219,20,20,10,10.526315689086914,5,5,5,5,1.9667240381240845,8589934592,1073741824,5388025856,290652160
208,1771644312870,3504,3504,3504,3504,3504,3504,3504,3504,40.8889045715332,40.21717834472656,39.05506134033203,38.92058563232422,39.24901580810547,39.04301452636719,38.796783447265625,39.96798324584961,40.04765319824219,15.000000953674316,19.047618865966797,9.523809432983398,4.761904716491699,0,0,0,0,2.394200086593628,8589934592,1073741824,5387681792,290652160
206,1771644313079,3504,3504,3504,3504,3504,3504,3504,3504,40.8889045715332,40.21717834472656,39.05506134033203,38.92058563232422,39.24901580810547,39.04301452636719,38.796783447265625,39.96798324584961,40.04765319824219,22.72727394104004,28.571430206298828,18.18181800842285,13.636363983154297,4.761904716491699,9.090909004211426,4.761904716491699,0,2.394200086593628,8589934592,1073741824,5381734400,290652160
207,1771644313286,3504,3504,3504,3504,3504,3504,3504,3504,40.76312255859375,40.16952896118164,38.99061584472656,38.839813232421875,39.14076614379883,38.970542907714844,38.796409606933594,39.912296295166016,40.03389358520508,10,30.000001907348633,5.263157844543457,5,0,0,0,0,2.394200086593628,8589934592,1073741824,5382078464,290652160
208,1771644313494,3504,3504,3504,3504,3504,3504,3504,3504,40.76312255859375,40.16952896118164,38.99061584472656,38.839813232421875,39.14076614379883,38.970542907714844,38.796409606933594,39.912296295166016,40.03389358520508,10,23.809524536132813,18.18181800842285,9.523809432983398,0,0,0,0,2.394200086593628,8589934592,1073741824,5382062080,290652160
200,1771644313702,3504,3504,3504,3504,3504,3504,3504,3504,40.76312255859375,40.16952896118164,38.99061584472656,38.839813232421875,39.14076614379883,38.970542907714844,38.796409606933594,39.912296295166016,40.03389358520508,9.523809432983398,23.809524536132813,9.523809432983398,5,14.285715103149414,9.523809432983398,4.545454502105713,8.69565200805664,2.332880973815918,8589934592,1073741824,5381718016,290652160
209,1771644313904,3504,3504,3504,3504,3504,3504,3504,3504,40.76312255859375,40.16952896118164,38.99061584472656,38.839813232421875,39.14076614379883,38.970542907714844,38.796409606933594,39.912296295166016,40.03389358520508,14.285715103149414,21.052631378173828,5.263157844543457,10,0,0,0,0,2.332880973815918,8589934592,1073741824,5381750784,290652160
205,1771644314114,3504,3504,3504,3504,3504,3504,3504,3504,40.76312255859375,40.16952896118164,38.99061584472656,38.839813232421875,39.14076614379883,38.970542907714844,38.796409606933594,39.912296295166016,40.03389358520508,20,19.047618865966797,9.523809432983398,13.636363983154297,0,0,0,0,2.332880973815918,8589934592,1073741824,5382094848,290652160
206,1771644314320,3504,3504,3504,3504,3504,3504,3504,3504,40.63257598876953,40.11746597290039,38.85011291503906,38.72016906738281,39.03163528442383,38.793235778808594,38.69602966308594,39.788028717041016,39.91828155517578,23.809524536132813,28.571430206298828,14.285715103149414,5.263157844543457,0,0,0,0,2.332880973815918,8589934592,1073741824,5382324224,290652160
209,1771644314526,3504,3504,3504,3504,3504,3504,3504,3504,40.63257598876953,40.11746597290039,38.85011291503906,38.72016906738281,39.03163528442383,38.793235778808594,38.69602966308594,39.788028717041016,39.91828155517578,19.047618865966797,19.047618865966797,14.285715103149414,18.18181800842285,0,0,0,0,2.332880973815918,8589934592,1073741824,5382324224,290652160
200,1771644314736,3504,3504,3504,3504,3504,3504,3504,3504,40.63257598876953,40.11746597290039,38.85011291503906,38.72016906738281,39.03163528442383,38.793235778808594,38.69602966308594,39.788028717041016,39.91828155517578,15.000000953674316,20,10,10,0,0,0,0,2.0741679668426514,8589934592,1073741824,5381963776,290652160
200,1771644314938,3504,3504,3504,3504,3504,3504,3504,3504,40.63257598876953,40.11746597290039,38.85011291503906,38.72016906738281,39.03163528442383,38.793235778808594,38.69602966308594,39.788028717041016,39.91828155517578,15.000000953674316,20,10,14.285715103149414,0,0,0,0,2.0741679668426514,8589934592,1073741824,5381996544,290652160
209,1771644315138,3504,3504,3504,3504,3504,3504,3504,3504,40.63257598876953,40.11746597290039,38.85011291503906,38.72016906738281,39.03163528442383,38.793235778808594,38.69602966308594,39.788028717041016,39.91828155517578,15.000000953674316,23.809524536132813,10,15.789472579956055,0,0,0,0,2.0741679668426514,8589934592,1073741824,5381996544,290652160
205,1771644315348,3504,3504,3504,3504,3504,3504,3504,3504,40.302886962890625,39.87788391113281,38.620521545410156,38.42186737060547,38.830474853515625,38.532562255859375,38.47554016113281,39.610023498535156,39.693058013916016,19.047618865966797,15.000000953674316,10,14.285715103149414,0,0,0,0,2.0741679668426514,8589934592,1073741824,5382275072,290652160
206,1771644315554,3504,3504,3504,3504,3504,3504,3504,3504,40.302886962890625,39.87788391113281,38.620521545410156,38.42186737060547,38.830474853515625,38.532562255859375,38.47554016113281,39.610023498535156,39.693058013916016,20,25,13.636363983154297,9.523809432983398,0,0,0,0,2.0741679668426514,8589934592,1073741824,5382275072,290652160
200,1771644315761,3504,3504,3504,3504,3504,3504,3504,3504,40.302886962890625,39.87788391113281,38.620521545410156,38.42186737060547,38.830474853515625,38.532562255859375,38.47554016113281,39.610023498535156,39.693058013916016,19.047618865966797,27.272727966308594,14.285715103149414,15.000000953674316,0,0,0,0,2.4986679553985596,8589934592,1073741824,5382684672,290652160
209,1771644315961,3504,3504,3504,3504,3504,3504,3504,3504,40.302886962890625,39.87788391113281,38.620521545410156,38.42186737060547,38.830474853515625,38.532562255859375,38.47554016113281,39.610023498535156,39.693058013916016,15.789472579956055,26.3157901763916,5.555555820465088,9.523809432983398,0,0,0,0,2.4986679553985596,8589934592,1073741824,5382799360,290652160
209,1771644316171,3504,3504,3504,3504,3504,3504,3504,3504,40.302886962890625,39.87788391113281,38.620521545410156,38.42186737060547,38.830474853515625,38.39418029785156,38.32703399658203,39.462738037109375,39.531375885009766,18.18181800842285,15.000000953674316,9.090909004211426,14.285715103149414,0,0,0,0,2.4986679553985596,8589934592,1073741824,5382995968,290652160
206,1771644316381,3504,3504,3504,3504,3504,3504,3504,3504,40.07461929321289,39.78868865966797,38.482147216796875,38.206939697265625,38.72909164428711,38.39418029785156,38.32703399658203,39.462738037109375,39.531375885009766,33.333335876464844,36.3636360168457,28.571430206298828,20,0,0,0,0,2.4986679553985596,8589934592,1073741824,5391335424,290652160
205,1771644316588,3504,3504,3504,3504,3504,3504,3504,3504,40.07461929321289,39.78868865966797,38.482147216796875,38.206939697265625,38.72909164428711,38.39418029785156,38.32703399658203,39.462738037109375,39.531375885009766,14.285715103149414,28.571430206298828,10,9.523809432983398,0,0,0,0,2.4986679553985596,8589934592,1073741824,5391384576,290652160
207,1771644316794,3504,3504,3504,3504,3504,3504,3504,3504,40.07461929321289,39.78868865966797,38.482147216796875,38.206939697265625,38.72909164428711,38.39418029785156,38.32703399658203,39.462738037109375,39.531375885009766,15.000000953674316,23.809524536132813,23.809524536132813,9.523809432983398,0,0,0,0,2.464629888534546,8589934592,1073741824,5391319040,290652160
209,1771644317002,3504,3504,3504,3504,3504,3504,3504,3504,40.07461929321289,39.78868865966797,38.482147216796875,38.206939697265625,38.72909164428711,38.39418029785156,38.32703399658203,39.462738037109375,39.531375885009766,23.809524536132813,20,20,19.047618865966797,23.809524536132813,0,0,0,2.464629888534546,8589934592,1073741824,5391319040,290652160
208,1771644317212,3504,3504,3504,3504,3504,3504,3504,3504,40.075599670410156,39.9234733581543,38.49296569824219,38.217193603515625,38.68873596191406,38.3131103515625,38.274559020996094,39.37253952026367,39.44874954223633,19.047618865966797,23.809524536132813,27.272727966308594,10,4.761904716491699,0,0,0,2.464629888534546,8589934592,1073741824,5391319040,290652160
205,1771644317421,3504,3504,3504,3504,3504,3504,3504,3504,40.075599670410156,39.9234733581543,38.49296569824219,38.217193603515625,38.68873596191406,38.3131103515625,38.274559020996094,39.37253952026367,39.44874954223633,21.052631378173828,20,23.809524536132813,20,10,4.761904716491699,0,0,2.464629888534546,8589934592,1073741824,5394219008,290652160
208,1771644317627,3504,3504,3504,3504,3504,3504,3504,3504,40.075599670410156,39.9234733581543,38.49296569824219,38.217193603515625,38.68873596191406,38.3131103515625,38.274559020996094,39.37253952026367,39.44874954223633,14.285715103149414,14.285715103149414,15.000000953674316,18.18181800842285,4.761904716491699,0,0,0,2.464629888534546,8589934592,1073741824,5394366464,290652160
200,1771644317836,3504,3504,3504,3504,3504,3504,3504,3504,40.075599670410156,39.9234733581543,38.49296569824219,38.217193603515625,38.68873596191406,38.3131103515625,38.274559020996094,39.37253952026367,39.44874954223633,19.047618865966797,9.523809432983398,28.571430206298828,10,0,0,0,0,2.2039921283721924,8589934592,1073741824,5394382848,290652160
203,1771644318038,3504,3504,3504,3504,3504,3504,3504,3504,40.075599670410156,39.9234733581543,38.49296569824219,38.217193603515625,38.68873596191406,38.3131103515625,38.274559020996094,39.37253952026367,39.44874954223633,20,15.789472579956055,15.000000953674316,9.523809432983398,0,0,0,0,2.2039921283721924,8589934592,1073741824,5394399232,290652160
202,1771644318242,3504,3504,3504,3504,3504,3504,3504,3504,40.055328369140625,39.75990676879883,38.39485168457031,38.17280578613281,38.658660888671875,38.28868103027344,38.23310089111328,39.362152099609375,39.419551849365234,19.047618865966797,23.809524536132813,15.000000953674316,10.526315689086914,0,0,0,0,2.2039921283721924,8589934592,1073741824,5394415616,290652160
209,1771644318445,3504,3504,3504,3504,3504,3504,3504,3504,40.055328369140625,39.75990676879883,38.39485168457031,38.17280578613281,38.658660888671875,38.28868103027344,38.23310089111328,39.362152099609375,39.419551849365234,15.000000953674316,15.000000953674316,15.789472579956055,4.761904716491699,0,0,0,0,2.2039921283721924,8589934592,1073741824,5394415616,290652160
206,1771644318654,3504,3504,3504,3504,3504,3504,3504,3504,40.055328369140625,39.75990676879883,38.39485168457031,38.17280578613281,38.658660888671875,38.28868103027344,38.23310089111328,39.362152099609375,39.419551849365234,14.285715103149414,22.72727394104004,19.047618865966797,9.523809432983398,0,0,0,0,2.2039921283721924,8589934592,1073741824,5394415616,290652160
208,1771644318861,3504,3504,3504,3504,3504,3504,3504,3504,40.055328369140625,39.75990676879883,38.39485168457031,38.17280578613281,38.658660888671875,38.28868103027344,38.23310089111328,39.362152099609375,39.419551849365234,15.000000953674316,10.526315689086914,22.72727394104004,10,4.761904716491699,4.761904716491699,0,4.545454502105713,2.3119866847991943,8589934592,1073741824,5394726912,290652160
200,1771644319070,3504,3504,3504,3504,3504,3504,3504,3504,40.055328369140625,39.75990676879883,38.39485168457031,38.17280578613281,38.658660888671875,38.28868103027344,38.23310089111328,39.362152099609375,39.419551849365234,23.809524536132813,14.285715103149414,15.000000953674316,9.090909004211426,0,0,0,0,2.3119866847991943,8589934592,1073741824,5394530304,290652160
209,1771644319271,3504,3504,3504,3504,3504,3504,3504,3504,39.85438919067383,39.50809097290039,38.2109375,37.926513671875,38.45368957519531,38.08795166015625,38.018638610839844,39.16398239135742,39.23535919189453,10,23.809524536132813,19.047618865966797,10,0,0,0,0,2.3119866847991943,8589934592,1073741824,5394579456,290652160
199,1771644319481,3504,3504,3504,3504,3504,3504,3504,3504,39.85438919067383,39.50809097290039,38.2109375,37.926513671875,38.45368957519531,38.08795166015625,38.018638610839844,39.16398239135742,39.23535919189453,14.285715103149414,25,10,5,0,0,4.545454502105713,0,2.3119866847991943,8589934592,1073741824,5394513920,290652160
209,1771644319682,3504,3504,3504,3504,3504,3504,3504,3504,39.85438919067383,39.50809097290039,38.2109375,37.926513671875,38.45368957519531,38.08795166015625,38.018638610839844,39.16398239135742,39.23535919189453,20,25,10,10,0,0,0,0,2.2885360717773438,8589934592,1073741824,5394563072,290652160
202,1771644319891,3504,3504,3504,3504,3504,3504,3504,3504,39.85438919067383,39.50809097290039,38.2109375,37.926513671875,38.45368957519531,38.08795166015625,38.018638610839844,39.16398239135742,39.23535919189453,25,23.809524536132813,19.047618865966797,14.285715103149414,0,0,0,0,2.2885360717773438,8589934592,1073741824,5382258688,290652160
209,1771644320094,3504,3504,3504,3504,3504,3504,3504,3504,39.85438919067383,39.50809097290039,38.2109375,37.926513671875,38.45368957519531,38.08795166015625,38.018638610839844,39.16398239135742,39.23535919189453,23.809524536132813,20,10,9.523809432983398,0,0,0,0,2.2885360717773438,8589934592,1073741824,5382275072,290652160
206,1771644320304,3504,3504,3504,3504,3504,3504,3504,3504,39.83848190307617,39.38505935668945,38.11241912841797,37.836700439453125,38.38282012939453,37.9140625,37.93272399902344,39.093170166015625,39.079933166503906,10,23.809524536132813,14.285715103149414,5,0,0,0,0,2.2885360717773438,8589934592,1073741824,5382324224,290652160
207,1771644320511,3504,3504,3504,3504,3504,3504,3504,3504,39.83848190307617,39.38505935668945,38.11241912841797,37.836700439453125,38.38282012939453,37.9140625,37.93272399902344,39.093170166015625,39.079933166503906,28.571430206298828,19.047618865966797,14.285715103149414,9.523809432983398,0,0,0,0,2.2885360717773438,8589934592,1073741824,5382471680,290652160
201,1771644320719,3504,3504,3504,3504,3504,3504,3504,3504,39.83848190307617,39.38505935668945,38.11241912841797,37.836700439453125,38.38282012939453,37.9140625,37.93272399902344,39.093170166015625,39.079933166503906,15.000000953674316,23.809524536132813,15.000000953674316,14.285715103149414,0,0,0,0,2.321173906326294,8589934592,1073741824,5382553600,290652160
200,1771644320921,3504,3504,3504,3504,3504,3504,3504,3504,39.83848190307617,39.38505935668945,38.11241912841797,37.836700439453125,38.38282012939453,37.9140625,37.93272399902344,39.093170166015625,39.079933166503906,20,26.3157901763916,19.047618865966797,10.526315689086914,0,0,0,0,2.321173906326294,8589934592,1073741824,5382488064,290652160
205,1771644321122,3504,3504,3504,3504,3504,3504,3504,3504,39.83848190307617,39.38505935668945,38.11241912841797,37.836700439453125,38.38282012939453,37.9140625,37.93272399902344,39.093170166015625,39.079933166503906,28.571430206298828,25,15.789472579956055,30.000001907348633,0,0,0,0,2.321173906326294,8589934592,1073741824,5382225920,290652160
207,1771644321327,3504,3504,3504,3504,3504,3504,3504,3504,39.819793701171875,39.277015686035156,37.94085693359375,37.746421813964844,38.3380126953125,37.80742645263672,37.87358856201172,38.970794677734375,38.974937438964844,23.809524536132813,47.619049072265625,23.809524536132813,19.047618865966797,0,0,0,0,2.321173906326294,8589934592,1073741824,5379670016,290652160
208,1771644321536,3504,3504,3504,3504,3504,3504,3504,3504,39.819793701171875,39.277015686035156,37.94085693359375,37.746421813964844,38.3380126953125,37.80742645263672,37.87358856201172,38.970794677734375,38.974937438964844,25,19.047618865966797,15.000000953674316,14.285715103149414,0,0,0,0,2.321173906326294,8589934592,1073741824,5379686400,290652160
209,1771644321745,3504,3504,3504,3504,3504,3504,3504,3504,39.819793701171875,39.277015686035156,37.94085693359375,37.746421813964844,38.3380126953125,37.80742645263672,37.87358856201172,38.970794677734375,38.974937438964844,19.047618865966797,15.789472579956055,9.523809432983398,5,0,0,0,0,2.0385794639587402,8589934592,1073741824,5379571712,290652160
203,1771644321954,3504,3504,3504,3504,3504,3504,3504,3504,39.819793701171875,39.277015686035156,37.94085693359375,37.746421813964844,38.3380126953125,37.80742645263672,37.87358856201172,38.970794677734375,38.974937438964844,19.047618865966797,22.72727394104004,23.809524536132813,14.285715103149414,0,0,0,0,2.0385794639587402,8589934592,1073741824,5379571712,290652160
202,1771644322158,3504,3504,3504,3504,3504,3504,3504,3504,39.819793701171875,39.277015686035156,37.94085693359375,37.746421813964844,38.3380126953125,37.80742645263672,37.87358856201172,38.970794677734375,38.974937438964844,15.789472579956055,20,20,14.285715103149414,0,0,0,0,2.0385794639587402,8589934592,1073741824,5379571712,290652160
209,1771644322361,3504,3504,3504,3504,3504,3504,3504,3504,39.81235885620117,39.18110656738281,37.84519958496094,37.73992156982422,38.292938232421875,37.69182586669922,37.8272705078125,38.886207580566406,38.888160705566406,28.571430206298828,25,14.285715103149414,15.000000953674316,10,10,5.263157844543457,0,2.0385794639587402,8589934592,1073741824,5379571712,290652160
206,1771644322571,3504,3504,3504,3504,3504,3504,3504,3504,39.81235885620117,39.18110656738281,37.84519958496094,37.73992156982422,38.292938232421875,37.69182586669922,37.8272705078125,38.886207580566406,38.888160705566406,23.809524536132813,14.285715103149414,5,5,4.545454502105713,4.545454502105713,4.545454502105713,0,2.0385794639587402,8589934592,1073741824,5381013504,290652160
207,1771644322777,3504,3504,3504,3504,3504,3504,3504,3504,39.81235885620117,39.18110656738281,37.84519958496094,37.73992156982422,38.292938232421875,37.69182586669922,37.8272705078125,38.886207580566406,38.888160705566406,25,23.809524536132813,19.047618865966797,18.18181800842285,15.789472579956055,20,14.285715103149414,15.000000953674316,2.0499837398529053,8589934592,1073741824,5381226496,290652160
208,1771644322986,3504,3504,3504,3504,3504,3504,3504,3504,39.81235885620117,39.18110656738281,37.84519958496094,37.73992156982422,38.292938232421875,37.69182586669922,37.8272705078125,38.886207580566406,38.888160705566406,19.047618865966797,19.047618865966797,14.285715103149414,5,0,0,0,0,2.0499837398529053,8589934592,1073741824,5381275648,290652160
209,1771644323195,3504,3504,3504,3504,3504,3504,3504,3504,40.19047927856445,39.56584167480469,38.24559020996094,38.03846740722656,38.42057418823242,38.075706481933594,38.106475830078125,39.25006866455078,39.305999755859375,20,33.333335876464844,14.285715103149414,9.523809432983398,0,0,0,0,2.0499837398529053,8589934592,1073741824,5381292032,290652160
209,1771644323405,3504,3504,3504,3504,3504,3504,3504,3504,40.19047927856445,39.56584167480469,38.24559020996094,38.03846740722656,38.42057418823242,38.075706481933594,38.106475830078125,39.25006866455078,39.305999755859375,18.18181800842285,25,10,5,0,0,0,0,2.0499837398529053,8589934592,1073741824,5381275648,290652160
205,1771644323614,3504,3504,3504,3504,3504,3504,3504,3504,40.19047927856445,39.56584167480469,38.24559020996094,38.03846740722656,38.42057418823242,38.075706481933594,38.106475830078125,39.25006866455078,39.305999755859375,20,22.72727394104004,9.090909004211426,9.090909004211426,0,0,0,0,2.0499837398529053,8589934592,1073741824,5381292032,290652160
209,1771644323821,3504,3504,3504,3504,3504,3504,3504,3504,40.19047927856445,39.56584167480469,38.24559020996094,38.03846740722656,38.42057418823242,38.075706481933594,38.106475830078125,39.25006866455078,39.305999755859375,23.809524536132813,15.789472579956055,5.263157844543457,14.285715103149414,0,0,0,0,1.9309663772583008,8589934592,1073741824,5381292032,290652160
206,1771644324031,3504,3504,3504,3504,3504,3504,3504,3504,40.19047927856445,39.56584167480469,38.24559020996094,38.03846740722656,38.42057418823242,38.075706481933594,38.106475830078125,39.25006866455078,39.305999755859375,15.000000953674316,22.72727394104004,9.523809432983398,5,0,0,0,0,1.9309663772583008,8589934592,1073741824,5381292032,290652160
209,1771644324238,3504,3504,3504,3504,3504,3504,3504,3504,39.774532318115234,39.09196090698242,37.79059600830078,37.511940002441406,38.14436340332031,37.55956268310547,37.721336364746094,38.79387283325195,38.826202392578125,22.72727394104004,20,13.636363983154297,4.761904716491699,0,0,0,0,1.9309663772583008,8589934592,1073741824,5381292032,290652160
204,1771644324448,3504,3504,3504,3504,3504,3504,3504,3504,39.774532318115234,39.09196090698242,37.79059600830078,37.511940002441406,38.14436340332031,37.55956268310547,37.721336364746094,38.79387283325195,38.826202392578125,20,22.72727394104004,9.523809432983398,9.523809432983398,0,0,0,0,1.9309663772583008,8589934592,1073741824,5381324800,290652160
207,1771644324652,3504,3504,3504,3504,3504,3504,3504,3504,39.774532318115234,39.09196090698242,37.79059600830078,37.511940002441406,38.14436340332031,37.55956268310547,37.721336364746094,38.79387283325195,38.826202392578125,10,15.789472579956055,5.263157844543457,20,0,0,0,0,1.9309663772583008,8589934592,1073741824,5381324800,290652160
208,1771644324861,3504,3504,3504,3504,3504,3504,3504,3504,39.774532318115234,39.09196090698242,37.79059600830078,37.511940002441406,38.14436340332031,37.55956268310547,37.721336364746094,38.79387283325195,38.826202392578125,14.285715103149414,19.047618865966797,13.636363983154297,19.047618865966797,0,0,0,0,2.656240940093994,8589934592,1073741824,5381324800,290652160
209,1771644325070,3504,3504,3504,3504,3504,3504,3504,3504,39.774532318115234,39.09196090698242,37.79059600830078,37.511940002441406,38.14436340332031,37.55956268310547,37.721336364746094,38.79387283325195,38.826202392578125,19.047618865966797,14.285715103149414,5,14.285715103149414,0,0,0,0,2.656240940093994,8589934592,1073741824,5381275648,290652160
209,1771644325280,3504,3504,3504,3504,3504,3504,3504,3504,39.70009231567383,38.957855224609375,37.71015930175781,37.444236755371094,37.955135345458984,37.36595153808594,37.53309631347656,38.654701232910156,38.65660858154297,14.285715103149414,19.047618865966797,9.523809432983398,10,0,0,0,0,2.656240940093994,8589934592,1073741824,5381226496,290652160
209,1771644325490,3504,3504,3504,3504,3504,3504,3504,3504,39.70009231567383,38.957855224609375,37.71015930175781,37.444236755371094,37.955135345458984,37.36595153808594,37.53309631347656,38.654701232910156,38.65660858154297,14.285715103149414,20,15.000000953674316,18.18181800842285,0,0,0,0,2.656240940093994,8589934592,1073741824,5381160960,290652160
206,1771644325700,3504,3504,3504,3504,3504,3504,3504,3504,39.70009231567383,38.957855224609375,37.71015930175781,37.444236755371094,37.955135345458984,37.36595153808594,37.53309631347656,38.654701232910156,38.65660858154297,14.285715103149414,22.72727394104004,19.047618865966797,9.523809432983398,0,0,0,0,2.466078042984009,8589934592,1073741824,5381193728,290652160
209,1771644325906,3504,3504,3504,3504,3504,3504,3504,3504,39.70009231567383,38.957855224609375,37.71015930175781,37.444236755371094,37.955135345458984,37.36595153808594,37.53309631347656,38.654701232910156,38.65660858154297,20,15.000000953674316,22.72727394104004,10,0,0,0,0,2.466078042984009,8589934592,1073741824,5379129344,290652160
202,1771644326116,3504,3504,3504,3504,3504,3504,3504,3504,39.70009231567383,38.957855224609375,37.71015930175781,37.444236755371094,37.955135345458984,37.36595153808594,37.53309631347656,38.654701232910156,38.65660858154297,19.047618865966797,9.523809432983398,15.000000953674316,4.761904716491699,0,0,0,0,2.466078042984009,8589934592,1073741824,5379129344,290652160
203,1771644326319,3504,3504,3504,3504,3504,3504,3504,3504,39.59891891479492,38.86074447631836,37.54777526855469,37.40171813964844,37.84567642211914,37.25343322753906,37.44361877441406,38.558658599853516,38.54514694213867,15.000000953674316,20,23.809524536132813,5,0,0,0,0,2.466078042984009,8589934592,1073741824,5379162112,290652160
209,1771644326523,3504,3504,3504,3504,3504,3504,3504,3504,39.59891891479492,38.86074447631836,37.54777526855469,37.40171813964844,37.84567642211914,37.25343322753906,37.44361877441406,38.558658599853516,38.54514694213867,19.047618865966797,19.047618865966797,20,14.285715103149414,0,0,0,0,2.466078042984009,8589934592,1073741824,5379194880,290652160
204,1771644326732,3504,3504,3504,3504,3504,3504,3504,3504,39.59891891479492,38.86074447631836,37.54777526855469,37.40171813964844,37.84567642211914,37.25343322753906,37.44361877441406,38.558658599853516,38.54514694213867,15.000000953674316,20,10,5,0,0,0,0,2.1579692363739014,8589934592,1073741824,5379194880,290652160
206,1771644326938,3504,3504,3504,3504,3504,3504,3504,3504,39.59891891479492,38.86074447631836,37.54777526855469,37.40171813964844,37.84567642211914,37.25343322753906,37.44361877441406,38.558658599853516,38.54514694213867,14.285715103149414,14.285715103149414,19.047618865966797,20,0,0,0,0,2.1579692363739014,8589934592,1073741824,5379194880,290652160
209,1771644327145,3504,3504,3504,3504,3504,3504,3504,3504,39.59891891479492,38.86074447631836,37.54777526855469,37.40171813964844,37.84567642211914,37.25343322753906,37.44361877441406,38.558658599853516,38.54514694213867,23.809524536132813,25,19.047618865966797,19.047618865966797,31.81818199157715,0,0,0,2.1579692363739014,8589934592,1073741824,5379506176,290652160
209,1771644327355,3504,3504,3504,3504,3504,3504,3504,3504,39.547401428222656,39.0333366394043,37.624908447265625,37.401702880859375,37.85383605957031,37.192962646484375,37.39031219482422,38.48461151123047,38.54792022705078,15.000000953674316,19.047618865966797,20,14.285715103149414,0,0,0,0,2.1579692363739014,8589934592,1073741824,5379276800,290652160
207,1771644327564,3504,3504,3504,3504,3504,3504,3504,3504,39.547401428222656,39.0333366394043,37.624908447265625,37.401702880859375,37.85383605957031,37.192962646484375,37.39031219482422,38.48461151123047,38.54792022705078,14.285715103149414,19.047618865966797,14.285715103149414,9.523809432983398,0,0,0,0,2.1579692363739014,8589934592,1073741824,5379276800,290652160
204,1771644327772,3504,3504,3504,3504,3504,3504,3504,3504,39.547401428222656,39.0333366394043,37.624908447265625,37.401702880859375,37.85383605957031,37.192962646484375,37.39031219482422,38.48461151123047,38.54792022705078,25,5,4.761904716491699,4.761904716491699,10,9.523809432983398,4.761904716491699,4.761904716491699,2.336014747619629,8589934592,1073741824,5378883584,290652160
209,1771644327978,3504,3504,3504,3504,3504,3504,3504,3504,39.547401428222656,39.0333366394043,37.624908447265625,37.401702880859375,37.85383605957031,37.192962646484375,37.39031219482422,38.48461151123047,38.54792022705078,28.571430206298828,14.285715103149414,10,5,0,0,0,0,2.336014747619629,8589934592,1073741824,5378949120,290652160
209,1771644328188,3504,3504,3504,3504,3504,3504,3504,3504,39.5433235168457,38.911590576171875,37.55780029296875,37.392982482910156,37.83318328857422,37.236351013183594,37.42427062988281,38.518375396728516,38.54953384399414,33.333335876464844,23.809524536132813,27.272727966308594,19.047618865966797,0,0,0,0,2.336014747619629,8589934592,1073741824,5379653632,290652160
209,1771644328398,3504,3504,3504,3504,3504,3504,3504,3504,39.5433235168457,38.911590576171875,37.55780029296875,37.392982482910156,37.83318328857422,37.236351013183594,37.42427062988281,38.518375396728516,38.54953384399414,23.809524536132813,23.809524536132813,14.285715103149414,13.636363983154297,0,0,0,0,2.336014747619629,8589934592,1073741824,5379588096,290652160
209,1771644328608,3504,3504,3504,3504,3504,3504,3504,3504,39.5433235168457,38.911590576171875,37.55780029296875,37.392982482910156,37.83318328857422,37.236351013183594,37.42427062988281,38.518375396728516,38.54953384399414,19.047618865966797,19.047618865966797,14.285715103149414,5,0,0,0,0,2.336014747619629,8589934592,1073741824,5379637248,290652160
209,1771644328818,3504,3504,3504,3504,3504,3504,3504,3504,39.5433235168457,38.911590576171875,37.55780029296875,37.392982482910156,37.83318328857422,37.236351013183594,37.42427062988281,38.518375396728516,38.54953384399414,19.047618865966797,30.000001907348633,10,14.285715103149414,0,0,0,0,2.193000316619873,8589934592,1073741824,5379620864,290652160
209,1771644329028,3504,3504,3504,3504,3504,3504,3504,3504,39.5433235168457,38.911590576171875,37.55780029296875,37.392982482910156,37.83318328857422,37.236351013183594,37.42427062988281,38.518375396728516,38.54953384399414,15.000000953674316,23.809524536132813,9.523809432983398,4.761904716491699,0,0,0,0,2.193000316619873,8589934592,1073741824,5379620864,290652160
209,1771644329238,3504,3504,3504,3504,3504,3504,3504,3504,39.322025299072266,38.73392105102539,37.391014099121094,37.28706359863281,37.72028732299805,37.099517822265625,37.291297912597656,38.369651794433594,38.47382736206055,14.285715103149414,28.571430206298828,9.523809432983398,5,0,0,0,0,2.193000316619873,8589934592,1073741824,5379653632,290652160
206,1771644329448,3504,3504,3504,3504,3504,3504,3504,3504,39.322025299072266,38.73392105102539,37.391014099121094,37.28706359863281,37.72028732299805,37.099517822265625,37.291297912597656,38.369651794433594,38.47382736206055,19.047618865966797,31.81818199157715,10,9.523809432983398,0,0,0,0,2.193000316619873,8589934592,1073741824,5379653632,290652160
206,1771644329654,3504,3504,3504,3504,3504,3504,3504,3504,39.322025299072266,38.73392105102539,37.391014099121094,37.28706359863281,37.72028732299805,37.099517822265625,37.291297912597656,38.369651794433594,38.47382736206055,19.047618865966797,15.000000953674316,14.285715103149414,9.523809432983398,0,0,0,0,2.193000316619873,8589934592,1073741824,5379653632,290652160
209,1771644329862,3504,3504,3504,3504,3504,3504,3504,3504,39.322025299072266,38.73392105102539,37.391014099121094,37.28706359863281,37.72028732299805,37.099517822265625,37.291297912597656,38.369651794433594,38.47382736206055,21.052631378173828,15.000000953674316,14.285715103149414,19.047618865966797,0,0,0,0,2.0976548194885254,8589934592,1073741824,5379620864,290652160
205,1771644330072,3504,3504,3504,3504,3504,3504,3504,3504,39.322025299072266,38.73392105102539,37.391014099121094,37.28706359863281,37.72028732299805,37.099517822265625,37.291297912597656,38.369651794433594,38.47382736206055,21.7391300201416,14.285715103149414,5,14.285715103149414,0,0,0,0,2.0976548194885254,8589934592,1073741824,5379506176,290652160
209,1771644330278,3504,3504,3504,3504,3504,3504,3504,3504,39.22926330566406,38.622920989990234,37.365478515625,37.17120361328125,37.615562438964844,37.00141525268555,37.187828063964844,38.292484283447266,38.35078048706055,20,10,9.523809432983398,14.285715103149414,0,0,0,0,2.0976548194885254,8589934592,1073741824,5379506176,290652160
205,1771644330488,3504,3504,3504,3504,3504,3504,3504,3504,39.22926330566406,38.622920989990234,37.365478515625,37.17120361328125,37.615562438964844,37.00141525268555,37.187828063964844,38.292484283447266,38.35078048706055,25,19.047618865966797,18.18181800842285,10,0,0,0,0,2.0976548194885254,8589934592,1073741824,5379506176,290652160
208,1771644330694,3504,3504,3504,3504,3504,3504,3504,3504,39.22926330566406,38.622920989990234,37.365478515625,37.17120361328125,37.615562438964844,37.00141525268555,37.187828063964844,38.292484283447266,38.35078048706055,28.571430206298828,14.285715103149414,15.000000953674316,19.047618865966797,0,0,0,0,2.8703973293304443,8589934592,1073741824,5379506176,290652160
209,1771644330902,3504,3504,3504,3504,3504,3504,3504,3504,39.22926330566406,38.622920989990234,37.365478515625,37.17120361328125,37.615562438964844,37.00141525268555,37.187828063964844,38.292484283447266,38.35078048706055,19.047618865966797,19.047618865966797,15.000000953674316,23.809524536132813,0,0,0,0,2.8703973293304443,8589934592,1073741824,5380259840,290652160
206,1771644331112,3504,3504,3504,3504,3504,3504,3504,3504,39.22926330566406,38.622920989990234,37.365478515625,37.17120361328125,37.615562438964844,37.00141525268555,37.187828063964844,38.292484283447266,38.35078048706055,14.285715103149414,9.523809432983398,4.761904716491699,23.809524536132813,8.69565200805664,0,0,0,2.8703973293304443,8589934592,1073741824,5380096000,290652160
207,1771644331319,3504,3504,3504,3504,3504,3504,3504,3504,39.16268539428711,38.57160949707031,37.336219787597656,37.088645935058594,37.563480377197266,36.92046356201172,37.11305236816406,38.254512786865234,38.3179817199707,19.047618865966797,15.000000953674316,13.636363983154297,15.000000953674316,0,0,0,0,2.8703973293304443,8589934592,1073741824,5380128768,290652160
209,1771644331527,3504,3504,3504,3504,3504,3504,3504,3504,39.16268539428711,38.57160949707031,37.336219787597656,37.088645935058594,37.563480377197266,36.92046356201172,37.11305236816406,38.254512786865234,38.3179817199707,15.000000953674316,18.18181800842285,10.526315689086914,19.047618865966797,0,0,0,0,2.8703973293304443,8589934592,1073741824,5380046848,290652160
206,1771644331737,3504,3504,3504,3504,3504,3504,3504,3504,39.16268539428711,38.57160949707031,37.336219787597656,37.088645935058594,37.563480377197266,36.92046356201172,37.11305236816406,38.254512786865234,38.3179817199707,19.047618865966797,20,13.636363983154297,13.636363983154297,0,0,0,0,2.610348701477051,8589934592,1073741824,5380046848,290652160
207,1771644331945,3504,3504,3504,3504,3504,3504,3504,3504,39.16268539428711,38.57160949707031,37.336219787597656,37.088645935058594,37.563480377197266,36.92046356201172,37.11305236816406,38.254512786865234,38.3179817199707,25,14.285715103149414,14.285715103149414,5,0,0,0,0,2.610348701477051,8589934592,1073741824,5380276224,290652160
207,1771644332153,3504,3504,3504,3504,3504,3504,3504,3504,39.16268539428711,38.57160949707031,37.336219787597656,37.088645935058594,37.563480377197266,36.92046356201172,37.11305236816406,38.254512786865234,38.3179817199707,30.000001907348633,15.000000953674316,10,5.263157844543457,0,0,0,0,2.610348701477051,8589934592,1073741824,5380161536,290652160
207,1771644332361,3504,3504,3504,3504,3504,3504,3504,3504,39.097999572753906,38.46757507324219,37.26222229003906,37.03607940673828,37.47820281982422,36.82045364379883,37.07390594482422,38.19862365722656,38.24734878540039,27.272727966308594,23.809524536132813,15.000000953674316,13.636363983154297,0,0,0,0,2.610348701477051,8589934592,1073741824,5380227072,290652160
200,1771644332569,3504,3504,3504,3504,3504,3504,3504,3504,39.097999572753906,38.46757507324219,37.26222229003906,37.03607940673828,37.47820281982422,36.82045364379883,37.07390594482422,38.19862365722656,38.24734878540039,25,9.523809432983398,9.523809432983398,10,0,0,0,0,2.610348701477051,8589934592,1073741824,5380227072,290652160
209,1771644332770,3504,3504,3504,3504,3504,3504,3504,3504,39.097999572753906,38.46757507324219,37.26222229003906,37.03607940673828,37.47820281982422,36.82045364379883,37.07390594482422,38.19862365722656,38.24734878540039,10,15.000000953674316,10,14.285715103149414,5,5,5,0,2.216277599334717,8589934592,1073741824,5380227072,290652160
209,1771644332980,3504,3504,3504,3504,3504,3504,3504,3504,39.097999572753906,38.46757507324219,37.26222229003906,37.03607940673828,37.47820281982422,36.82045364379883,37.07390594482422,38.19862365722656,38.24734878540039,19.047618865966797,25,9.523809432983398,5,0,0,0,0,2.216277599334717,8589934592,1073741824,5380210688,290652160
203,1771644333190,3504,3504,3504,3504,3504,3504,3504,3504,39.04225158691406,38.422119140625,37.18168640136719,37.03294372558594,37.40961837768555,36.80421447753906,37.07383346557617,38.16911315917969,38.22053909301758,28.571430206298828,19.047618865966797,14.285715103149414,14.285715103149414,0,0,0,0,2.216277599334717,8589934592,1073741824,5380259840,290652160
209,1771644333394,3504,3504,3504,3504,3504,3504,3504,3504,39.04225158691406,38.422119140625,37.18168640136719,37.03294372558594,37.40961837768555,36.80421447753906,37.07383346557617,38.16911315917969,38.22053909301758,20,23.809524536132813,5.263157844543457,5,0,0,0,0,2.216277599334717,8589934592,1073741824,5380210688,290652160
199,1771644333604,3504,3504,3504,3504,3504,3504,3504,3504,39.04225158691406,38.422119140625,37.18168640136719,37.03294372558594,37.40961837768555,36.80421447753906,37.07383346557617,38.16911315917969,38.22053909301758,14.285715103149414,23.809524536132813,13.043478012084961,9.090909004211426,0,0,0,0,2.216277599334717,8589934592,1073741824,5380210688,290652160
206,1771644333804,3504,3504,3504,3504,3504,3504,3504,3504,39.04225158691406,38.422119140625,37.18168640136719,37.03294372558594,37.40961837768555,36.80421447753906,37.07383346557617,38.16911315917969,38.22053909301758,21.052631378173828,30.000001907348633,10.526315689086914,10.526315689086914,0,0,0,0,2.062594175338745,8589934592,1073741824,5380210688,290652160
209,1771644334011,3504,3504,3504,3504,3504,3504,3504,3504,39.04225158691406,38.422119140625,37.18168640136719,37.03294372558594,37.40961837768555,36.80421447753906,37.07383346557617,38.16911315917969,38.22053909301758,22.72727394104004,15.000000953674316,9.523809432983398,9.523809432983398,0,0,0,0,2.062594175338745,8589934592,1073741824,5380145152,290652160
209,1771644334222,3504,3504,3504,3504,3504,3504,3504,3504,38.959529876708984,38.31991958618164,37.02095031738281,36.97638702392578,37.309078216552734,36.673500061035156,37.00421142578125,38.05821990966797,38.13203048706055,25,20,14.285715103149414,9.523809432983398,0,0,0,0,2.062594175338745,8589934592,1073741824,5380177920,290652160
209,1771644334431,3504,3504,3504,3504,3504,3504,3504,3504,38.959529876708984,38.31991958618164,37.02095031738281,36.97638702392578,37.309078216552734,36.673500061035156,37.00421142578125,38.05821990966797,38.13203048706055,31.81818199157715,19.047618865966797,14.285715103149414,14.285715103149414,0,0,0,0,2.062594175338745,8589934592,1073741824,5380177920,290652160
209,1771644334642,3504,3504,3504,3504,3504,3504,3504,3504,38.959529876708984,38.31991958618164,37.02095031738281,36.97638702392578,37.309078216552734,36.673500061035156,37.00421142578125,38.05821990966797,38.13203048706055,25,19.047618865966797,14.285715103149414,13.636363983154297,0,0,0,0,2.062594175338745,8589934592,1073741824,5380177920,290652160
202,1771644334852,3504,3504,3504,3504,3504,3504,3504,3504,38.959529876708984,38.31991958618164,37.02095031738281,36.97638702392578,37.309078216552734,36.673500061035156,37.00421142578125,38.05821990966797,38.13203048706055,20,18.18181800842285,10,15.000000953674316,0,0,0,0,2.0510141849517822,8589934592,1073741824,5380177920,290652160
209,1771644335055,3504,3504,3504,3504,3504,3504,3504,3504,38.959529876708984,38.31991958618164,37.02095031738281,36.97638702392578,37.309078216552734,36.673500061035156,37.00421142578125,38.05821990966797,38.13203048706055,28.571430206298828,10.526315689086914,10,10,0,0,0,0,2.0510141849517822,8589934592,1073741824,5381029888,290652160
205,1771644335264,3504,3504,3504,3504,3504,3504,3504,3504,38.84651565551758,38.241764068603516,36.966819763183594,36.832515716552734,37.304927825927734,36.59673309326172,36.92738723754883,37.99690628051758,38.096214294433594,27.272727966308594,27.272727966308594,18.18181800842285,9.523809432983398,0,0,0,0,2.0510141849517822,8589934592,1073741824,5381029888,290652160
207,1771644335470,3504,3504,3504,3504,3504,3504,3504,3504,38.84651565551758,38.241764068603516,36.966819763183594,36.832515716552734,37.304927825927734,36.59673309326172,36.92738723754883,37.99690628051758,38.096214294433594,26.3157901763916,20,20,25,0,0,0,0,2.0510141849517822,8589934592,1073741824,5382144000,290652160
206,1771644335678,3504,3504,3504,3504,3504,3504,3504,3504,38.84651565551758,38.241764068603516,36.966819763183594,36.832515716552734,37.304927825927734,36.59673309326172,36.92738723754883,37.99690628051758,38.096214294433594,28.571430206298828,20,19.047618865966797,23.809524536132813,0,0,0,0,2.086787462234497,8589934592,1073741824,5383880704,290652160
209,1771644335885,3504,3504,3504,3504,3504,3504,3504,3504,38.84651565551758,38.241764068603516,36.966819763183594,36.832515716552734,37.304927825927734,36.59673309326172,36.92738723754883,37.99690628051758,38.096214294433594,23.809524536132813,19.047618865966797,10.526315689086914,27.272727966308594,0,0,0,0,2.086787462234497,8589934592,1073741824,5383880704,290652160
207,1771644336094,3504,3504,3504,3504,3504,3504,3504,3504,38.84651565551758,38.241764068603516,36.966819763183594,36.832515716552734,37.304927825927734,36.59673309326172,36.92738723754883,37.99690628051758,38.096214294433594,23.809524536132813,19.047618865966797,18.18181800842285,5.263157844543457,0,0,0,0,2.086787462234497,8589934592,1073741824,5383946240,290652160
209,1771644336302,3504,3504,3504,3504,3504,3504,3504,3504,38.84656524658203,38.31203079223633,36.953346252441406,36.71512222290039,37.27909469604492,36.57863235473633,36.856414794921875,37.95949935913086,38.05791473388672,30.000001907348633,23.809524536132813,14.285715103149414,13.636363983154297,0,0,0,0,2.086787462234497,8589934592,1073741824,5381980160,290652160
206,1771644336513,3504,3504,3504,3504,3504,3504,3504,3504,38.84656524658203,38.31203079223633,36.953346252441406,36.71512222290039,37.27909469604492,36.57863235473633,36.856414794921875,37.95949935913086,38.05791473388672,20,10,14.285715103149414,15.000000953674316,0,0,0,0,2.086787462234497,8589934592,1073741824,5381980160,290652160
203,1771644336719,3504,3504,3504,3504,3504,3504,3504,3504,38.84656524658203,38.31203079223633,36.953346252441406,36.71512222290039,37.27909469604492,36.57863235473633,36.856414794921875,37.95949935913086,38.05791473388672,23.809524536132813,19.047618865966797,15.000000953674316,10,0,0,0,0,2.8129708766937256,8589934592,1073741824,5381980160,290652160
202,1771644336923,3504,3504,3504,3504,3504,3504,3504,3504,38.84656524658203,38.31203079223633,36.953346252441406,36.71512222290039,37.27909469604492,36.57863235473633,36.856414794921875,37.95949935913086,38.05791473388672,25,19.047618865966797,19.047618865966797,14.285715103149414,0,0,0,0,2.8129708766937256,8589934592,1073741824,5381980160,290652160
209,1771644337125,3504,3504,3504,3504,3504,3504,3504,3504,38.84656524658203,38.31203079223633,36.953346252441406,36.71512222290039,37.27909469604492,36.57863235473633,36.856414794921875,37.95949935913086,38.05791473388672,50,55,30.000001907348633,30.000001907348633,38.095237731933594,0,0,0,2.8129708766937256,8589934592,1073741824,5380456448,290652160
202,1771644337335,3504,3504,3504,3504,3504,3504,3504,3504,38.932003021240234,38.55917739868164,37.13874053955078,36.883453369140625,37.26520538330078,36.57019805908203,36.82814025878906,37.92901611328125,38.0430793762207,25,19.047618865966797,14.285715103149414,14.285715103149414,0,0,0,0,2.8129708766937256,8589934592,1073741824,5380816896,290652160
203,1771644337538,3504,3504,3504,3504,3504,3504,3504,3504,38.932003021240234,38.55917739868164,37.13874053955078,36.883453369140625,37.26520538330078,36.57019805908203,36.82814025878906,37.92901611328125,38.0430793762207,20,21.052631378173828,10,5,0,0,0,0,2.8129708766937256,8589934592,1073741824,5380816896,290652160
209,1771644337742,3504,3504,3504,3504,3504,3504,3504,3504,38.932003021240234,38.55917739868164,37.13874053955078,36.883453369140625,37.26520538330078,36.57019805908203,36.82814025878906,37.92901611328125,38.0430793762207,25,19.047618865966797,10,5,5,0,4.761904716491699,4.761904716491699,2.9185266494750977,8589934592,1073741824,5380849664,290652160
206,1771644337952,3504,3504,3504,3504,3504,3504,3504,3504,38.932003021240234,38.55917739868164,37.13874053955078,36.883453369140625,37.26520538330078,36.57019805908203,36.82814025878906,37.92901611328125,38.0430793762207,27.272727966308594,9.523809432983398,14.285715103149414,9.523809432983398,0,0,0,0,2.9185266494750977,8589934592,1073741824,5380898816,290652160
203,1771644338159,3504,3504,3504,3504,3504,3504,3504,3504,38.932003021240234,38.55917739868164,37.13874053955078,36.883453369140625,37.26520538330078,36.57019805908203,36.82814025878906,37.92901611328125,38.0430793762207,30.000001907348633,15.000000953674316,14.285715103149414,9.523809432983398,0,0,0,0,2.9185266494750977,8589934592,1073741824,5380898816,290652160
209,1771644338363,3504,3504,3504,3504,3504,3504,3504,3504,38.83740234375,38.23656463623047,36.96815490722656,36.838531494140625,37.2083854675293,36.55448913574219,36.82672882080078,37.93769454956055,38.02970886230469,20,15.000000953674316,20,9.523809432983398,0,0,0,0,2.9185266494750977,8589934592,1073741824,5380849664,290652160
209,1771644338573,3504,3504,3504,3504,3504,3504,3504,3504,38.83740234375,38.23656463623047,36.96815490722656,36.838531494140625,37.2083854675293,36.55448913574219,36.82672882080078,37.93769454956055,38.02970886230469,14.285715103149414,19.047618865966797,15.000000953674316,4.761904716491699,0,0,0,0,2.9185266494750977,8589934592,1073741824,5380849664,290652160
202,1771644338783,3504,3504,3504,3504,3504,3504,3504,3504,38.83740234375,38.23656463623047,36.96815490722656,36.838531494140625,37.2083854675293,36.55448913574219,36.82672882080078,37.93769454956055,38.02970886230469,23.809524536132813,28.571430206298828,22.72727394104004,20,0,0,0,0,2.3610401153564453,8589934592,1073741824,5381980160,290652160
208,1771644338986,3504,3504,3504,3504,3504,3504,3504,3504,38.83740234375,38.23656463623047,36.96815490722656,36.838531494140625,37.2083854675293,36.55448913574219,36.82672882080078,37.93769454956055,38.02970886230469,20,20,5.263157844543457,9.523809432983398,0,0,0,0,2.3610401153564453,8589934592,1073741824,5381996544,290652160
200,1771644339195,3504,3504,3504,3504,3504,3504,3504,3504,38.772216796875,38.05526351928711,36.90125274658203,36.67060470581055,37.09743881225586,36.458221435546875,36.70226287841797,37.79227066040039,37.86922836303711,28.571430206298828,19.047618865966797,14.285715103149414,5,0,0,0,0,2.3610401153564453,8589934592,1073741824,5382012928,290652160
208,1771644339396,3504,3504,3504,3504,3504,3504,3504,3504,38.772216796875,38.05526351928711,36.90125274658203,36.67060470581055,37.09743881225586,36.458221435546875,36.70226287841797,37.79227066040039,37.86922836303711,25,15.000000953674316,9.523809432983398,14.285715103149414,0,0,0,0,2.3610401153564453,8589934592,1073741824,5382111232,290652160
209,1771644339604,3504,3504,3504,3504,3504,3504,3504,3504,38.772216796875,38.05526351928711,36.90125274658203,36.67060470581055,37.09743881225586,36.458221435546875,36.70226287841797,37.79227066040039,37.86922836303711,25,10,5.263157844543457,5,0,0,0,0,2.3610401153564453,8589934592,1073741824,5382127616,290652160
204,1771644339815,3504,3504,3504,3504,3504,3504,3504,3504,38.772216796875,38.05526351928711,36.90125274658203,36.67060470581055,37.09743881225586,36.458221435546875,36.70226287841797,37.79227066040039,37.86922836303711,28.571430206298828,14.285715103149414,13.636363983154297,9.523809432983398,0,0,0,0,1.9319370985031128,8589934592,1073741824,5382078464,290652160
199,1771644340020,3504,3504,3504,3504,3504,3504,3504,3504,38.772216796875,38.05526351928711,36.90125274658203,36.67060470581055,37.09743881225586,36.458221435546875,36.70226287841797,37.79227066040039,37.86922836303711,20,22.72727394104004,9.523809432983398,5,0,0,0,0,1.9319370985031128,8589934592,1073741824,5382078464,290652160
200,1771644340220,3504,3504,3504,3504,3504,3504,3504,3504,38.739356994628906,37.988155364990234,36.85787582397461,36.614105224609375,37.033390045166016,36.420379638671875,36.643775939941406,37.727394104003906,37.800357818603516,25,20,20,14.285715103149414,0,0,0,0,1.9319370985031128,8589934592,1073741824,5382291456,290652160
205,1771644340422,3504,3504,3504,3504,3504,3504,3504,3504,38.739356994628906,37.988155364990234,36.85787582397461,36.614105224609375,37.033390045166016,36.420379638671875,36.643775939941406,37.727394104003906,37.800357818603516,20,15.000000953674316,20,5,0,0,0,0,1.9319370985031128,8589934592,1073741824,5382356992,290652160
209,1771644340628,3504,3504,3504,3504,3504,3504,3504,3504,38.739356994628906,37.988155364990234,36.85787582397461,36.614105224609375,37.033390045166016,36.420379638671875,36.643775939941406,37.727394104003906,37.800357818603516,14.285715103149414,15.789472579956055,10.526315689086914,9.523809432983398,0,0,0,0,1.9319370985031128,8589934592,1073741824,5382307840,290652160
209,1771644340838,3504,3504,3504,3504,3504,3504,3504,3504,38.739356994628906,37.988155364990234,36.85787582397461,36.614105224609375,37.033390045166016,36.420379638671875,36.643775939941406,37.727394104003906,37.800357818603516,19.047618865966797,28.571430206298828,13.636363983154297,5,0,0,0,0,2.6796131134033203,8589934592,1073741824,5382373376,290652160
199,1771644341048,3504,3504,3504,3504,3504,3504,3504,3504,38.739356994628906,37.988155364990234,36.85787582397461,36.614105224609375,37.033390045166016,36.420379638671875,36.643775939941406,37.727394104003906,37.800357818603516,19.047618865966797,22.72727394104004,14.285715103149414,9.523809432983398,0,0,0,0,2.6796131134033203,8589934592,1073741824,5381996544,290652160
205,1771644341248,3504,3504,3504,3504,3504,3504,3504,3504,38.694580078125,37.94647216796875,36.80119323730469,36.586830139160156,37.00481033325195,36.35154342651367,36.57538604736328,37.68036651611328,37.74367904663086,50,55,26.3157901763916,25,0,0,0,0,2.6796131134033203,8589934592,1073741824,5385306112,290652160
209,1771644341455,3504,3504,3504,3504,3504,3504,3504,3504,38.694580078125,37.94647216796875,36.80119323730469,36.586830139160156,37.00481033325195,36.35154342651367,36.57538604736328,37.68036651611328,37.74367904663086,50,33.333335876464844,40.90909194946289,35,0,0,0,0,2.6796131134033203,8589934592,1073741824,5387993088,290652160
205,1771644341665,3504,3504,3504,3504,3504,3504,3504,3504,38.694580078125,37.94647216796875,36.80119323730469,36.586830139160156,37.00481033325195,36.35154342651367,36.57538604736328,37.68036651611328,37.74367904663086,22.72727394104004,20,10,9.523809432983398,0,0,0,0,2.6796131134033203,8589934592,1073741824,5387927552,290652160
200,1771644341870,3504,3504,3504,3504,3504,3504,3504,3504,38.694580078125,37.94647216796875,36.80119323730469,36.586830139160156,37.00481033325195,36.35154342651367,36.57538604736328,37.68036651611328,37.74367904663086,42.105262756347656,42.105262756347656,35,28.571430206298828,0,0,0,0,2.288726806640625,8589934592,1073741824,5388271616,290652160
209,1771644342071,3504,3504,3504,3504,3504,3504,3504,3504,38.694580078125,37.94647216796875,36.80119323730469,36.586830139160156,37.00481033325195,36.35154342651367,36.57538604736328,37.68036651611328,37.74367904663086,57.142860412597656,42.85714340209961,50,42.105262756347656,15.000000953674316,19.047618865966797,15.000000953674316,10.526315689086914,2.288726806640625,8589934592,1073741824,5388320768,290652160
206,1771644342281,3504,3504,3504,3504,3504,3504,3504,3504,39.01756286621094,38.32435607910156,37.0716552734375,36.883033752441406,37.225860595703125,36.66270446777344,36.87143325805664,38.01982879638672,38.06412887573242,14.285715103149414,23.809524536132813,14.285715103149414,4.761904716491699,4.761904716491699,4.761904716491699,0,4.545454502105713,2.288726806640625,8589934592,1073741824,5388697600,290652160
203,1771644342488,3504,3504,3504,3504,3504,3504,3504,3504,39.01756286621094,38.32435607910156,37.0716552734375,36.883033752441406,37.225860595703125,36.66270446777344,36.87143325805664,38.01982879638672,38.06412887573242,14.285715103149414,20,19.047618865966797,13.636363983154297,0,0,0,0,2.288726806640625,8589934592,1073741824,5388353536,290652160
209,1771644342692,3504,3504,3504,3504,3504,3504,3504,3504,39.01756286621094,38.32435607910156,37.0716552734375,36.883033752441406,37.225860595703125,36.66270446777344,36.87143325805664,38.01982879638672,38.06412887573242,15.000000953674316,23.809524536132813,15.000000953674316,5.263157844543457,0,0,0,0,2.0983598232269287,8589934592,1073741824,5388091392,290652160
204,1771644342902,3504,3504,3504,3504,3504,3504,3504,3504,39.01756286621094,38.32435607910156,37.0716552734375,36.883033752441406,37.225860595703125,36.66270446777344,36.87143325805664,38.01982879638672,38.06412887573242,40,28.571430206298828,25,31.81818199157715,0,0,4.545454502105713,0,2.0983598232269287,8589934592,1073741824,5389139968,290652160
209,1771644343108,3504,3504,3504,3504,3504,3504,3504,3504,39.01756286621094,38.32435607910156,37.0716552734375,36.883033752441406,37.225860595703125,36.66270446777344,36.87143325805664,38.01982879638672,38.06412887573242,42.85714340209961,35,52.38095474243164,57.894737243652344,0,0,0,0,2.0983598232269287,8589934592,1073741824,5389533184,290652160
201,1771644343318,3504,3504,3504,3504,3504,3504,3504,3504,38.790122985839844,38.11482620239258,36.922576904296875,36.71042251586914,37.171024322509766,36.500701904296875,36.758827209472656,37.85356140136719,37.89617156982422,23.809524536132813,19.047618865966797,27.272727966308594,14.285715103149414,0,0,0,0,2.0983598232269287,8589934592,1073741824,5390237696,290652160
200,1771644343520,3504,3504,3504,3504,3504,3504,3504,3504,38.790122985839844,38.11482620239258,36.922576904296875,36.71042251586914,37.171024322509766,36.500701904296875,36.758827209472656,37.85356140136719,37.89617156982422,30.000001907348633,23.809524536132813,21.052631378173828,19.047618865966797,0,0,0,0,2.0983598232269287,8589934592,1073741824,5390188544,290652160
200,1771644343721,3504,3504,3504,3504,3504,3504,3504,3504,38.790122985839844,38.11482620239258,36.922576904296875,36.71042251586914,37.171024322509766,36.500701904296875,36.758827209472656,37.85356140136719,37.89617156982422,20,15.000000953674316,20,5,0,0,0,0,2.6544575691223145,8589934592,1073741824,5390204928,290652160
202,1771644343922,3504,3504,3504,3504,3504,3504,3504,3504,38.790122985839844,38.11482620239258,36.922576904296875,36.71042251586914,37.171024322509766,36.500701904296875,36.758827209472656,37.85356140136719,37.89617156982422,21.052631378173828,10.526315689086914,20,10,0,0,0,0,2.6544575691223145,8589934592,1073741824,5390188544,290652160
209,1771644344126,3504,3504,3504,3504,3504,3504,3504,3504,38.790122985839844,38.11482620239258,36.922576904296875,36.71042251586914,37.171024322509766,36.500701904296875,36.758827209472656,37.85356140136719,37.89617156982422,28.571430206298828,19.047618865966797,23.809524536132813,10,0,0,0,0,2.6544575691223145,8589934592,1073741824,5390270464,290652160
203,1771644344336,3504,3504,3504,3504,3504,3504,3504,3504,38.54838562011719,37.94115447998047,36.81632995605469,36.578922271728516,36.99665451049805,36.360069274902344,36.57659912109375,37.687400817871094,37.720130920410156,15.000000953674316,10,19.047618865966797,9.523809432983398,0,0,0,0,2.6544575691223145,8589934592,1073741824,5390319616,290652160
208,1771644344540,3504,3504,3504,3504,3504,3504,3504,3504,38.54838562011719,37.94115447998047,36.81632995605469,36.578922271728516,36.99665451049805,36.360069274902344,36.57659912109375,37.687400817871094,37.720130920410156,23.809524536132813,14.285715103149414,15.000000953674316,5,0,0,0,0,2.6544575691223145,8589934592,1073741824,5390319616,290652160
205,1771644344749,3504,3504,3504,3504,3504,3504,3504,3504,38.54838562011719,37.94115447998047,36.81632995605469,36.578922271728516,36.99665451049805,36.360069274902344,36.57659912109375,37.687400817871094,37.720130920410156,18.18181800842285,15.000000953674316,23.809524536132813,13.636363983154297,4.545454502105713,0,0,0,2.0389206409454346,8589934592,1073741824,5390434304,290652160
209,1771644344955,3504,3504,3504,3504,3504,3504,3504,3504,38.54838562011719,37.94115447998047,36.81632995605469,36.578922271728516,36.99665451049805,36.360069274902344,36.57659912109375,37.687400817871094,37.720130920410156,15.000000953674316,10,25,5,0,0,0,0,2.0389206409454346,8589934592,1073741824,5390434304,290652160
206,1771644345164,3504,3504,3504,3504,3504,3504,3504,3504,38.54838562011719,37.94115447998047,36.81632995605469,36.578922271728516,36.99665451049805,36.360069274902344,36.57659912109375,37.687400817871094,37.720130920410156,20,22.72727394104004,28.571430206298828,15.000000953674316,0,0,0,0,2.0389206409454346,8589934592,1073741824,5391040512,290652160
206,1771644345371,3504,3504,3504,3504,3504,3504,3504,3504,38.39768600463867,37.85523223876953,36.712921142578125,36.51274871826172,36.90911102294922,36.30046844482422,36.48960876464844,37.61835861206055,37.66181182861328,14.285715103149414,15.000000953674316,25,13.636363983154297,0,0,0,0,2.0389206409454346,8589934592,1073741824,5391024128,290652160
209,1771644345578,3504,3504,3504,3504,3504,3504,3504,3504,38.39768600463867,37.85523223876953,36.712921142578125,36.51274871826172,36.90911102294922,36.30046844482422,36.48960876464844,37.61835861206055,37.66181182861328,15.000000953674316,15.000000953674316,23.809524536132813,5,0,0,0,0,2.0389206409454346,8589934592,1073741824,5391106048,290652160
209,1771644345788,3504,3504,3504,3504,3504,3504,3504,3504,38.39768600463867,37.85523223876953,36.712921142578125,36.51274871826172,36.90911102294922,36.30046844482422,36.48960876464844,37.61835861206055,37.66181182861328,19.047618865966797,13.636363983154297,25,14.285715103149414,0,0,0,0,2.3242921829223633,8589934592,1073741824,5391171584,290652160
208,1771644345998,3504,3504,3504,3504,3504,3504,3504,3504,38.39768600463867,37.85523223876953,36.712921142578125,36.51274871826172,36.90911102294922,36.30046844482422,36.48960876464844,37.61835861206055,37.66181182861328,23.809524536132813,19.047618865966797,18.18181800842285,9.523809432983398,0,0,0,0,2.3242921829223633,8589934592,1073741824,5391171584,290652160
204,1771644346207,3504,3504,3504,3504,3504,3504,3504,3504,38.332794189453125,37.812870025634766,36.6309814453125,36.440391540527344,36.88016891479492,36.262939453125,36.397705078125,37.56188201904297,37.556907653808594,23.809524536132813,10,10,15.000000953674316,0,0,0,0,2.3242921829223633,8589934592,1073741824,5391122432,290652160
209,1771644346411,3504,3504,3504,3504,3504,3504,3504,3504,38.332794189453125,37.812870025634766,36.6309814453125,36.440391540527344,36.88016891479492,36.262939453125,36.397705078125,37.56188201904297,37.556907653808594,10.526315689086914,20,13.636363983154297,23.809524536132813,0,0,0,0,2.3242921829223633,8589934592,1073741824,5391253504,290652160
209,1771644346621,3504,3504,3504,3504,3504,3504,3504,3504,38.332794189453125,37.812870025634766,36.6309814453125,36.440391540527344,36.88016891479492,36.262939453125,36.397705078125,37.56188201904297,37.556907653808594,13.636363983154297,19.047618865966797,5,19.047618865966797,0,0,0,0,2.3242921829223633,8589934592,1073741824,5391204352,290652160
208,1771644346831,3504,3504,3504,3504,3504,3504,3504,3504,38.332794189453125,37.812870025634766,36.6309814453125,36.440391540527344,36.88016891479492,36.262939453125,36.397705078125,37.56188201904297,37.556907653808594,14.285715103149414,19.047618865966797,9.523809432983398,15.000000953674316,0,0,0,0,2.3352317810058594,8589934592,1073741824,5391204352,290652160
204,1771644347040,3504,3504,3504,3504,3504,3504,3504,3504,38.332794189453125,37.812870025634766,36.6309814453125,36.440391540527344,36.88016891479492,36.262939453125,36.397705078125,37.56188201904297,37.556907653808594,28.571430206298828,31.81818199157715,19.047618865966797,22.72727394104004,0,0,0,0,2.3352317810058594,8589934592,1073741824,5389926400,290652160
200,1771644347245,3504,3504,3504,3504,3504,3504,3504,3504,38.38052749633789,38.04218673706055,36.79902648925781,36.50507354736328,36.915611267089844,36.250457763671875,36.37571716308594,37.524879455566406,37.55747985839844,30.000001907348633,21.052631378173828,20,25,42.85714340209961,4.761904716491699,0,4.545454502105713,2.3352317810058594,8589934592,1073741824,5390991360,290652160
208,1771644347446,3504,3504,3504,3504,3504,3504,3504,3504,38.38052749633789,38.04218673706055,36.79902648925781,36.50507354736328,36.915611267089844,36.250457763671875,36.37571716308594,37.524879455566406,37.55747985839844,15.000000953674316,14.285715103149414,25,10,0,0,0,0,2.3352317810058594,8589934592,1073741824,5391171584,290652160
209,1771644347655,3504,3504,3504,3504,3504,3504,3504,3504,38.38052749633789,38.04218673706055,36.79902648925781,36.50507354736328,36.915611267089844,36.250457763671875,36.37571716308594,37.524879455566406,37.55747985839844,20,14.285715103149414,19.047618865966797,4.761904716491699,0,0,0,0,2.3352317810058594,8589934592,1073741824,5391171584,290652160
200,1771644347865,3504,3504,3504,3504,3504,3504,3504,3504,38.38052749633789,38.04218673706055,36.79902648925781,36.50507354736328,36.915611267089844,36.250457763671875,36.37571716308594,37.524879455566406,37.55747985839844,19.047618865966797,25,19.047618865966797,9.523809432983398,0,4.761904716491699,0,0,2.0038230419158936,8589934592,1073741824,5391122432,290652160
209,1771644348066,3504,3504,3504,3504,3504,3504,3504,3504,38.38052749633789,38.04218673706055,36.79902648925781,36.50507354736328,36.915611267089844,36.250457763671875,36.37571716308594,37.524879455566406,37.55747985839844,20,10.526315689086914,15.000000953674316,20,0,0,0,0,2.0038230419158936,8589934592,1073741824,5391204352,290652160
209,1771644348276,3504,3504,3504,3504,3504,3504,3504,3504,38.43544387817383,37.876766204833984,36.73370361328125,36.53038787841797,36.90692138671875,36.302608489990234,36.37938690185547,37.59562301635742,37.589046478271484,19.047618865966797,14.285715103149414,19.047618865966797,9.523809432983398,0,0,0,0,2.0038230419158936,8589934592,1073741824,5391056896,290652160
209,1771644348486,3504,3504,3504,3504,3504,3504,3504,3504,38.43544387817383,37.876766204833984,36.73370361328125,36.53038787841797,36.90692138671875,36.302608489990234,36.37938690185547,37.59562301635742,37.589046478271484,19.047618865966797,18.18181800842285,15.000000953674316,10,4.761904716491699,0,0,0,2.0038230419158936,8589934592,1073741824,5391106048,290652160
209,1771644348696,3504,3504,3504,3504,3504,3504,3504,3504,38.43544387817383,37.876766204833984,36.73370361328125,36.53038787841797,36.90692138671875,36.302608489990234,36.37938690185547,37.59562301635742,37.589046478271484,23.809524536132813,14.285715103149414,9.523809432983398,9.090909004211426,4.761904716491699,4.761904716491699,9.090909004211426,0,2.621387481689453,8589934592,1073741824,5391368192,290652160
208,1771644348905,3504,3504,3504,3504,3504,3504,3504,3504,38.43544387817383,37.876766204833984,36.73370361328125,36.53038787841797,36.90692138671875,36.302608489990234,36.37938690185547,37.59562301635742,37.589046478271484,23.809524536132813,20,9.523809432983398,5,0,0,0,0,2.621387481689453,8589934592,1073741824,5391384576,290652160
204,1771644349115,3504,3504,3504,3504,3504,3504,3504,3504,38.43544387817383,37.876766204833984,36.73370361328125,36.53038787841797,36.90692138671875,36.302608489990234,36.37938690185547,37.59562301635742,37.589046478271484,19.047618865966797,18.18181800842285,19.047618865966797,14.285715103149414,0,0,0,0,2.621387481689453,8589934592,1073741824,5391400960,290652160
200,1771644349320,3504,3504,3504,3504,3504,3504,3504,3504,38.291404724121094,37.81496810913086,36.627357482910156,36.402748107910156,36.85860824584961,36.28009033203125,36.38843536376953,37.52847671508789,37.5433464050293,20,10,23.809524536132813,9.523809432983398,0,0,0,0,2.621387481689453,8589934592,1073741824,5391400960,290652160
208,1771644349521,3504,3504,3504,3504,3504,3504,3504,3504,38.291404724121094,37.81496810913086,36.627357482910156,36.402748107910156,36.85860824584961,36.28009033203125,36.38843536376953,37.52847671508789,37.5433464050293,20,15.000000953674316,20,5,0,0,0,0,2.621387481689453,8589934592,1073741824,5391351808,290652160
204,1771644349730,3504,3504,3504,3504,3504,3504,3504,3504,38.291404724121094,37.81496810913086,36.627357482910156,36.402748107910156,36.85860824584961,36.28009033203125,36.38843536376953,37.52847671508789,37.5433464050293,14.285715103149414,10,25,9.523809432983398,0,0,0,0,2.182543992996216,8589934592,1073741824,5391269888,290652160
209,1771644349935,3504,3504,3504,3504,3504,3504,3504,3504,38.291404724121094,37.81496810913086,36.627357482910156,36.402748107910156,36.85860824584961,36.28009033203125,36.38843536376953,37.52847671508789,37.5433464050293,15.000000953674316,15.000000953674316,20,10,0,0,0,0,2.182543992996216,8589934592,1073741824,5391269888,290652160
208,1771644350145,3504,3504,3504,3504,3504,3504,3504,3504,38.291404724121094,37.81496810913086,36.627357482910156,36.402748107910156,36.85860824584961,36.28009033203125,36.38843536376953,37.52847671508789,37.5433464050293,14.285715103149414,18.18181800842285,28.571430206298828,9.523809432983398,0,0,0,0,2.182543992996216,8589934592,1073741824,5391286272,290652160
200,1771644350354,3504,3504,3504,3504,3504,3504,3504,3504,38.19379425048828,37.636474609375,36.52696990966797,36.26664733886719,36.820003509521484,36.158409118652344,36.25048065185547,37.39717102050781,37.45829391479492,15.000000953674316,19.047618865966797,23.809524536132813,9.523809432983398,0,0,0,0,2.182543992996216,8589934592,1073741824,5391007744,290652160
200,1771644350555,3504,3504,3504,3504,3504,3504,3504,3504,38.19379425048828,37.636474609375,36.52696990966797,36.26664733886719,36.820003509521484,36.158409118652344,36.25048065185547,37.39717102050781,37.45829391479492,14.285715103149414,15.000000953674316,25,10,0,0,0,0,2.182543992996216,8589934592,1073741824,5391024128,290652160
204,1771644350756,3504,3504,3504,3504,3504,3504,3504,3504,38.19379425048828,37.636474609375,36.52696990966797,36.26664733886719,36.820003509521484,36.158409118652344,36.25048065185547,37.39717102050781,37.45829391479492,26.3157901763916,10.526315689086914,23.809524536132813,10,0,0,0,0,2.395202875137329,8589934592,1073741824,5390942208,290652160
203,1771644350961,3504,3504,3504,3504,3504,3504,3504,3504,38.19379425048828,37.636474609375,36.52696990966797,36.26664733886719,36.820003509521484,36.158409118652344,36.25048065185547,37.39717102050781,37.45829391479492,23.809524536132813,14.285715103149414,20,10,0,0,0,0,2.395202875137329,8589934592,1073741824,5390925824,290652160
207,1771644351164,3504,3504,3504,3504,3504,3504,3504,3504,38.19379425048828,37.636474609375,36.52696990966797,36.26664733886719,36.820003509521484,36.158409118652344,36.25048065185547,37.39717102050781,37.45829391479492,19.047618865966797,14.285715103149414,25,5,0,0,0,0,2.395202875137329,8589934592,1073741824,5390942208,290652160
201,1771644351373,3504,3504,3504,3504,3504,3504,3504,3504,38.176185607910156,37.592872619628906,36.49304962158203,36.2084846496582,36.779327392578125,36.130062103271484,36.19078063964844,37.339778900146484,37.404170989990234,20,10,14.285715103149414,9.523809432983398,0,0,0,0,2.395202875137329,8589934592,1073741824,5390827520,290652160
209,1771644351575,3504,3504,3504,3504,3504,3504,3504,3504,38.176185607910156,37.592872619628906,36.49304962158203,36.2084846496582,36.779327392578125,36.130062103271484,36.19078063964844,37.339778900146484,37.404170989990234,20,15.789472579956055,20,15.000000953674316,0,0,0,0,2.395202875137329,8589934592,1073741824,5390860288,290652160
203,1771644351784,3504,3504,3504,3504,3504,3504,3504,3504,38.176185607910156,37.592872619628906,36.49304962158203,36.2084846496582,36.779327392578125,36.130062103271484,36.19078063964844,37.339778900146484,37.404170989990234,14.285715103149414,23.809524536132813,9.523809432983398,22.72727394104004,0,0,0,0,2.027506113052368,8589934592,1073741824,5390942208,290652160
9,1771644351988,3504,3504,3504,3504,3504,3504,3504,3504,38.176185607910156,37.592872619628906,36.49304962158203,36.2084846496582,36.779327392578125,36.130062103271484,36.19078063964844,37.339778900146484,37.404170989990234,20,20,20,20,0,0,0,0,2.027506113052368,8589934592,1073741824,5390123008,290652160
