Delta,Time,CPU_FREQUENCY_0,CPU_FREQUENCY_1,CPU_FREQUENCY_2,CPU_FREQUENCY_3,CPU_FREQUENCY_4,CPU_FREQUENCY_5,CPU_FREQUENCY_6,CPU_FREQUENCY_7,CPU_TEMP_0,CPU_TEMP_1,CPU_TEMP_2,CPU_TEMP_3,CPU_TEMP_4,CPU_TEMP_5,CPU_TEMP_6,CPU_TEMP_7,CPU_TEMP_8,CPU_USAGE_0,CPU_USAGE_1,CPU_USAGE_2,CPU_USAGE_3,CPU_USAGE_4,CPU_USAGE_5,CPU_USAGE_6,CPU_USAGE_7,SYSTEM_POWER (Watts),TOTAL_MEMORY,TOTAL_SWAP,USED_MEMORY,USED_SWAP
0,1771646773277,3504,3504,3504,3504,3504,3504,3504,3504,88.22303009033203,86.44137573242188,84.97872161865234,85.59098052978516,71.51398468017578,84.67050170898438,84.78836822509766,85.75447845458984,87.95968627929688,100,100,100,NaN,100,100,100,100,17.12018394470215,8589934592,1073741824,5320605696,290652160
208,1771646773277,3504,3504,3504,3504,3504,3504,3504,3504,88.22303009033203,86.44137573242188,84.97872161865234,85.59098052978516,71.51398468017578,84.67050170898438,84.78836822509766,85.75447845458984,87.95968627929688,NaN,100,0,50,50,NaN,100,50,17.12018394470215,8589934592,1073741824,5336563712,290652160
207,1771646773488,3504,3504,3504,3504,3504,3504,3504,3504,88.22303009033203,86.44137573242188,84.97872161865234,85.59098052978516,71.51398468017578,84.67050170898438,84.78836822509766,85.75447845458984,87.95968627929688,77.2727279663086,76.19047546386719,78.94737243652344,80,95.23809814453125,90.90909576416016,90.47618865966797,90.47618865966797,17.12018394470215,8589934592,1073741824,5332795392,290652160
204,1771646773695,3504,3504,3504,3504,3504,3504,3504,3504,88.22303009033203,86.44137573242188,84.97872161865234,85.59098052978516,71.51398468017578,84.67050170898438,84.78836822509766,85.75447845458984,87.95968627929688,80,76.19047546386719,77.2727279663086,76.19047546386719,95,95,95.23809814453125,90.47618865966797,19.08404541015625,8589934592,1073741824,5341773824,290652160
210,1771646773899,3504,3504,3504,3504,3504,3504,3504,3504,88.22303009033203,86.44137573242188,84.97872161865234,85.59098052978516,71.51398468017578,84.67050170898438,84.78836822509766,85.75447845458984,87.95968627929688,80.95238494873047,80,75,76.19047546386719,90.47618865966797,90,90,90,19.08404541015625,8589934592,1073741824,5351063552,290652160
217,1771646774110,3504,3504,3504,3504,3504,3504,3504,3504,88.22303009033203,86.44137573242188,84.97872161865234,85.59098052978516,71.51398468017578,84.67050170898438,84.78836822509766,85.75447845458984,87.95968627929688,75,75,76.19047546386719,75,90.47618865966797,90.47618865966797,86.36363983154297,90,19.08404541015625,8589934592,1073741824,5031444480,290652160
200,1771646774328,3504,3504,3504,3504,3504,3504,3504,3504,90.61075592041016,88.99282836914063,87.67979431152344,88.30123138427734,72.6965560913086,87.15119934082031,87.18961334228516,87.93283081054688,90.19193267822266,81.81818389892578,81.81818389892578,77.2727279663086,80.95238494873047,90.90909576416016,90.47618865966797,95.23809814453125,86.9565200805664,19.08404541015625,8589934592,1073741824,5020876800,290652160
205,1771646774528,3504,3504,3504,3504,3504,3504,3504,3504,90.61075592041016,88.99282836914063,87.67979431152344,88.30123138427734,72.6965560913086,87.15119934082031,87.18961334228516,87.93283081054688,90.19193267822266,85,80,78.94737243652344,77.2727279663086,95,90.90909576416016,90,89.47368621826172,19.08404541015625,8589934592,1073741824,5020876800,290652160
209,1771646774734,3504,3504,3504,3504,3504,3504,3504,3504,90.61075592041016,88.99282836914063,87.67979431152344,88.30123138427734,72.6965560913086,87.15119934082031,87.18961334228516,87.93283081054688,90.19193267822266,80,80.95238494873047,80.95238494873047,80,90,95,90.47618865966797,90.47618865966797,20.095996856689453,8589934592,1073741824,5012226048,290652160
209,1771646774944,3504,3504,3504,3504,3504,3504,3504,3504,90.61075592041016,88.99282836914063,87.67979431152344,88.30123138427734,72.6965560913086,87.15119934082031,87.18961334228516,87.93283081054688,90.19193267822266,81.81818389892578,80.95238494873047,80.95238494873047,80,90.47618865966797,95.23809814453125,95,90.90909576416016,20.095996856689453,8589934592,1073741824,5005770752,290652160
201,1771646775153,3504,3504,3504,3504,3504,3504,3504,3504,90.61075592041016,88.99282836914063,87.67979431152344,88.30123138427734,72.6965560913086,87.15119934082031,87.18961334228516,87.93283081054688,90.19193267822266,90,85,85.71428680419922,85.71428680419922,95.23809814453125,95,90.90909576416016,95,20.095996856689453,8589934592,1073741824,5027807232,290652160
209,1771646775355,3504,3504,3504,3504,3504,3504,3504,3504,91.80767822265625,90.0152359008789,88.7430419921875,89.35369873046875,73.6708984375,88.65532684326172,88.67838287353516,89.3626937866211,91.7508773803711,76.19047546386719,76.19047546386719,76.19047546386719,75,90,90.47618865966797,95,85.71428680419922,20.095996856689453,8589934592,1073741824,5022728192,290652160
205,1771646775565,3504,3504,3504,3504,3504,3504,3504,3504,91.80767822265625,90.0152359008789,88.7430419921875,89.35369873046875,73.6708984375,88.65532684326172,88.67838287353516,89.3626937866211,91.7508773803711,85,80,75,76.19047546386719,95.23809814453125,90.47618865966797,90,90,20.095996856689453,8589934592,1073741824,5023481856,290652160
209,1771646775770,3504,3504,3504,3504,3504,3504,3504,3504,91.80767822265625,90.0152359008789,88.7430419921875,89.35369873046875,73.6708984375,88.65532684326172,88.67838287353516,89.3626937866211,91.7508773803711,80,76.19047546386719,76.19047546386719,76.19047546386719,90.47618865966797,90,90.47618865966797,90.47618865966797,20.46653938293457,8589934592,1073741824,5023547392,290652160
202,1771646775981,3504,3504,3504,3504,3504,3504,3504,3504,91.80767822265625,90.0152359008789,88.7430419921875,89.35369873046875,73.6708984375,88.65532684326172,88.67838287353516,89.3626937866211,91.7508773803711,77.2727279663086,76.19047546386719,75,80,95,90.47618865966797,90.90909576416016,90,20.46653938293457,8589934592,1073741824,5044731904,290652160
209,1771646776183,3504,3504,3504,3504,3504,3504,3504,3504,92.58154296875,90.86284637451172,89.61672973632813,90.29247283935547,74.37866973876953,89.09791564941406,89.11610412597656,89.8493423461914,92.2018814086914,80,80,80.95238494873047,75,85.71428680419922,90.47618865966797,90,86.36363983154297,20.46653938293457,8589934592,1073741824,5045059584,290652160
201,1771646776393,3504,3504,3504,3504,3504,3504,3504,3504,92.58154296875,90.86284637451172,89.61672973632813,90.29247283935547,74.37866973876953,89.09791564941406,89.11610412597656,89.8493423461914,92.2018814086914,85,80.95238494873047,80,81.81818389892578,95,95,95,95,20.46653938293457,8589934592,1073741824,5023989760,290652160
209,1771646776595,3504,3504,3504,3504,3504,3504,3504,3504,92.58154296875,90.86284637451172,89.61672973632813,90.29247283935547,74.37866973876953,89.09791564941406,89.11610412597656,89.8493423461914,92.2018814086914,76.19047546386719,75,75,75,90.47618865966797,90,90,85.71428680419922,20.46653938293457,8589934592,1073741824,5024055296,290652160
209,1771646776805,3504,3504,3504,3504,3504,3504,3504,3504,92.58154296875,90.86284637451172,89.61672973632813,90.29247283935547,74.37866973876953,89.09791564941406,89.11610412597656,89.8493423461914,92.2018814086914,85,80,77.2727279663086,76.19047546386719,90.47618865966797,95.23809814453125,90.90909576416016,90,20.76736068725586,8589934592,1073741824,5024268288,290652160
206,1771646777015,3504,3504,3504,3504,3504,3504,3504,3504,92.58154296875,90.86284637451172,89.61672973632813,90.29247283935547,74.37866973876953,89.09791564941406,89.11610412597656,89.8493423461914,92.2018814086914,80.95238494873047,77.2727279663086,80,76.19047546386719,90.47618865966797,86.36363983154297,90,95.23809814453125,20.76736068725586,8589934592,1073741824,5044928512,290652160
208,1771646777222,3504,3504,3504,3504,3504,3504,3504,3504,93.41759490966797,91.53170013427734,90.35054779052734,91.13163757324219,75.0479507446289,89.9782485961914,90.11638641357422,90.62580871582031,93.1904525756836,80.95238494873047,80,76.19047546386719,75,90,95,90,85.71428680419922,20.76736068725586,8589934592,1073741824,5045043200,290652160
203,1771646777431,3504,3504,3504,3504,3504,3504,3504,3504,93.41759490966797,91.53170013427734,90.35054779052734,91.13163757324219,75.0479507446289,89.9782485961914,90.11638641357422,90.62580871582031,93.1904525756836,80,80,78.94737243652344,80,90.47618865966797,90.47618865966797,95.23809814453125,89.47368621826172,20.76736068725586,8589934592,1073741824,5024595968,290652160
209,1771646777635,3504,3504,3504,3504,3504,3504,3504,3504,93.41759490966797,91.53170013427734,90.35054779052734,91.13163757324219,75.0479507446289,89.9782485961914,90.11638641357422,90.62580871582031,93.1904525756836,80.95238494873047,77.2727279663086,81.81818389892578,77.2727279663086,90,95,90.47618865966797,86.9565200805664,20.76736068725586,8589934592,1073741824,5024645120,290652160
204,1771646777845,3504,3504,3504,3504,3504,3504,3504,3504,93.41759490966797,91.53170013427734,90.35054779052734,91.13163757324219,75.0479507446289,89.9782485961914,90.11638641357422,90.62580871582031,93.1904525756836,80.95238494873047,80.95238494873047,76.19047546386719,80,90,95.23809814453125,95.23809814453125,90,21.104223251342773,8589934592,1073741824,5024645120,290652160
209,1771646778049,3504,3504,3504,3504,3504,3504,3504,3504,93.41759490966797,91.53170013427734,90.35054779052734,91.13163757324219,75.0479507446289,89.9782485961914,90.11638641357422,90.62580871582031,93.1904525756836,80.95238494873047,78.94737243652344,80,75,95.23809814453125,85.71428680419922,90.47618865966797,90,21.104223251342773,8589934592,1073741824,5024858112,290652160
209,1771646778260,3504,3504,3504,3504,3504,3504,3504,3504,93.96084594726563,92.2164077758789,91.00909423828125,91.67788696289063,75.60552215576172,90.4193115234375,90.29888153076172,91.22615814208984,93.26702880859375,80,76.19047546386719,71.42857360839844,76.19047546386719,90.90909576416016,90.47618865966797,90,85.71428680419922,21.104223251342773,8589934592,1073741824,5041995776,290652160
209,1771646778470,3504,3504,3504,3504,3504,3504,3504,3504,93.96084594726563,92.2164077758789,91.00909423828125,91.67788696289063,75.60552215576172,90.4193115234375,90.29888153076172,91.22615814208984,93.26702880859375,76.19047546386719,81.81818389892578,80.95238494873047,80.95238494873047,90.47618865966797,90.47618865966797,90.90909576416016,90.90909576416016,21.104223251342773,8589934592,1073741824,5021237248,290652160
203,1771646778680,3504,3504,3504,3504,3504,3504,3504,3504,93.96084594726563,92.2164077758789,91.00909423828125,91.67788696289063,75.60552215576172,90.4193115234375,90.29888153076172,91.22615814208984,93.26702880859375,80.95238494873047,80,76.19047546386719,77.2727279663086,95,95,90.47618865966797,90,20.91665267944336,8589934592,1073741824,5021220864,290652160
209,1771646778883,3504,3504,3504,3504,3504,3504,3504,3504,93.96084594726563,92.2164077758789,91.00909423828125,91.67788696289063,75.60552215576172,90.4193115234375,90.29888153076172,91.22615814208984,93.26702880859375,80,76.19047546386719,80,78.94737243652344,90.47618865966797,90,90,90,20.91665267944336,8589934592,1073741824,5021007872,290652160
202,1771646779093,3504,3504,3504,3504,3504,3504,3504,3504,93.96084594726563,92.2164077758789,91.00909423828125,91.67788696289063,75.60552215576172,90.4193115234375,90.29888153076172,91.22615814208984,93.26702880859375,81.81818389892578,80.95238494873047,76.19047546386719,80.95238494873047,95.23809814453125,90.90909576416016,95.23809814453125,90.47618865966797,20.91665267944336,8589934592,1073741824,5031952384,290652160
209,1771646779296,3504,3504,3504,3504,3504,3504,3504,3504,94.39566802978516,92.9299545288086,91.60523223876953,92.10985565185547,76.21414184570313,90.96709442138672,91.05276489257813,91.73925018310547,94.08224487304688,78.94737243652344,78.94737243652344,80,76.19047546386719,90.47618865966797,90,85,85.71428680419922,20.91665267944336,8589934592,1073741824,5021892608,290652160
209,1771646779506,3504,3504,3504,3504,3504,3504,3504,3504,94.39566802978516,92.9299545288086,91.60523223876953,92.10985565185547,76.21414184570313,90.96709442138672,91.05276489257813,91.73925018310547,94.08224487304688,85.71428680419922,80.95238494873047,77.2727279663086,80,90,90.47618865966797,95.23809814453125,95,20.91665267944336,8589934592,1073741824,5041799168,290652160
205,1771646779716,3504,3504,3504,3504,3504,3504,3504,3504,94.39566802978516,92.9299545288086,91.60523223876953,92.10985565185547,76.21414184570313,90.96709442138672,91.05276489257813,91.73925018310547,94.08224487304688,76.19047546386719,77.2727279663086,78.94737243652344,76.19047546386719,90.47618865966797,95.23809814453125,85.71428680419922,85.71428680419922,20.972412109375,8589934592,1073741824,5021188096,290652160
209,1771646779922,3504,3504,3504,3504,3504,3504,3504,3504,94.39566802978516,92.9299545288086,91.60523223876953,92.10985565185547,76.21414184570313,90.96709442138672,91.05276489257813,91.73925018310547,94.08224487304688,80,80,77.2727279663086,80.95238494873047,90,90,95,86.36363983154297,20.972412109375,8589934592,1073741824,5021188096,290652160
200,1771646780132,3504,3504,3504,3504,3504,3504,3504,3504,94.39566802978516,92.9299545288086,91.60523223876953,92.10985565185547,76.21414184570313,90.96709442138672,91.05276489257813,91.73925018310547,94.08224487304688,80.95238494873047,77.2727279663086,80.95238494873047,80.95238494873047,90.90909576416016,95.23809814453125,90.47618865966797,90,20.972412109375,8589934592,1073741824,5020811264,290652160
209,1771646780333,3504,3504,3504,3504,3504,3504,3504,3504,95.20468139648438,93.14447021484375,91.95738983154297,92.82512664794922,76.54596710205078,91.32588958740234,91.4640121459961,92.16358947753906,94.51873016357422,80.95238494873047,84.21052551269531,78.94737243652344,80,95,90,95,90,20.972412109375,8589934592,1073741824,5020385280,290652160
209,1771646780543,3504,3504,3504,3504,3504,3504,3504,3504,95.20468139648438,93.14447021484375,91.95738983154297,92.82512664794922,76.54596710205078,91.32588958740234,91.4640121459961,92.16358947753906,94.51873016357422,85,80.95238494873047,77.2727279663086,80,90.47618865966797,90.90909576416016,90.47618865966797,90.90909576416016,20.972412109375,8589934592,1073741824,5026267136,290652160
209,1771646780753,3504,3504,3504,3504,3504,3504,3504,3504,95.20468139648438,93.14447021484375,91.95738983154297,92.82512664794922,76.54596710205078,91.32588958740234,91.4640121459961,92.16358947753906,94.51873016357422,81.81818389892578,76.19047546386719,80,77.2727279663086,90,95.23809814453125,95.23809814453125,90,20.872133255004883,8589934592,1073741824,5020401664,290652160
207,1771646780963,3504,3504,3504,3504,3504,3504,3504,3504,95.20468139648438,93.14447021484375,91.95738983154297,92.82512664794922,76.54596710205078,91.32588958740234,91.4640121459961,92.16358947753906,94.51873016357422,73.68421173095703,80.95238494873047,77.2727279663086,80,90.47618865966797,90,90.47618865966797,85.71428680419922,20.872133255004883,8589934592,1073741824,5020450816,290652160
205,1771646781170,3504,3504,3504,3504,3504,3504,3504,3504,95.20468139648438,93.14447021484375,91.95738983154297,92.82512664794922,76.54596710205078,91.32588958740234,91.4640121459961,92.16358947753906,94.51873016357422,81.81818389892578,80.95238494873047,80,76.19047546386719,90.90909576416016,90.47618865966797,90.90909576416016,90.47618865966797,20.872133255004883,8589934592,1073741824,5040635904,290652160
206,1771646781376,3504,3504,3504,3504,3504,3504,3504,3504,95.77998352050781,93.97056579589844,92.7266845703125,93.41878509521484,77.14160919189453,92.1700210571289,92.30770874023438,93.13882446289063,95.33316802978516,75,75,76.19047546386719,76.19047546386719,94.73684692382813,90.47618865966797,89.47368621826172,90.47618865966797,20.872133255004883,8589934592,1073741824,5040619520,290652160
202,1771646781582,3504,3504,3504,3504,3504,3504,3504,3504,95.77998352050781,93.97056579589844,92.7266845703125,93.41878509521484,77.14160919189453,92.1700210571289,92.30770874023438,93.13882446289063,95.33316802978516,80,80,80,75,90.47618865966797,90.47618865966797,90.47618865966797,90,20.872133255004883,8589934592,1073741824,5040685056,290652160
209,1771646781785,3504,3504,3504,3504,3504,3504,3504,3504,95.77998352050781,93.97056579589844,92.7266845703125,93.41878509521484,77.14160919189453,92.1700210571289,92.30770874023438,93.13882446289063,95.33316802978516,80.95238494873047,80.95238494873047,80,76.19047546386719,95,94.73684692382813,95,90.47618865966797,20.783050537109375,8589934592,1073741824,5041831936,290652160
208,1771646781995,3504,3504,3504,3504,3504,3504,3504,3504,95.77998352050781,93.97056579589844,92.7266845703125,93.41878509521484,77.14160919189453,92.1700210571289,92.30770874023438,93.13882446289063,95.33316802978516,80.95238494873047,80,77.2727279663086,80,86.36363983154297,90.90909576416016,90.47618865966797,85,20.783050537109375,8589934592,1073741824,5022105600,290652160
202,1771646782203,3504,3504,3504,3504,3504,3504,3504,3504,95.99484252929688,94.42849731445313,93.08771514892578,93.65242767333984,77.5577163696289,92.27466583251953,92.59590148925781,93.1991195678711,95.68274688720703,80.95238494873047,76.19047546386719,80,80.95238494873047,95,90,86.36363983154297,90.90909576416016,20.783050537109375,8589934592,1073741824,5021777920,290652160
209,1771646782406,3504,3504,3504,3504,3504,3504,3504,3504,95.99484252929688,94.42849731445313,93.08771514892578,93.65242767333984,77.5577163696289,92.27466583251953,92.59590148925781,93.1991195678711,95.68274688720703,80,80.95238494873047,80,75,90,95,90,94.73684692382813,20.783050537109375,8589934592,1073741824,5021794304,290652160
209,1771646782616,3504,3504,3504,3504,3504,3504,3504,3504,95.99484252929688,94.42849731445313,93.08771514892578,93.65242767333984,77.5577163696289,92.27466583251953,92.59590148925781,93.1991195678711,95.68274688720703,85,76.19047546386719,76.19047546386719,80.95238494873047,90.90909576416016,90.90909576416016,90.47618865966797,95.23809814453125,20.783050537109375,8589934592,1073741824,5021794304,290652160
209,1771646782826,3504,3504,3504,3504,3504,3504,3504,3504,95.99484252929688,94.42849731445313,93.08771514892578,93.65242767333984,77.5577163696289,92.27466583251953,92.59590148925781,93.1991195678711,95.68274688720703,80.95238494873047,80,76.19047546386719,77.2727279663086,90,95,90.47618865966797,90.47618865966797,21.009891510009766,8589934592,1073741824,5021794304,290652160
209,1771646783036,3504,3504,3504,3504,3504,3504,3504,3504,95.99484252929688,94.42849731445313,93.08771514892578,93.65242767333984,77.5577163696289,92.27466583251953,92.59590148925781,93.1991195678711,95.68274688720703,77.2727279663086,76.19047546386719,76.19047546386719,75,90.47618865966797,90.47618865966797,90,85.71428680419922,21.009891510009766,8589934592,1073741824,5021794304,290652160
209,1771646783246,3504,3504,3504,3504,3504,3504,3504,3504,96.58489227294922,94.81439971923828,93.53446960449219,94.2476806640625,77.94500732421875,92.8890151977539,93.28175354003906,93.70355987548828,96.50170135498047,80,80.95238494873047,80,76.19047546386719,95.23809814453125,90.47618865966797,90.90909576416016,90.47618865966797,21.009891510009766,8589934592,1073741824,5015257088,290652160
209,1771646783456,3504,3504,3504,3504,3504,3504,3504,3504,96.58489227294922,94.81439971923828,93.53446960449219,94.2476806640625,77.94500732421875,92.8890151977539,93.28175354003906,93.70355987548828,96.50170135498047,81.81818389892578,76.19047546386719,76.19047546386719,76.19047546386719,95,90.47618865966797,90,90,21.009891510009766,8589934592,1073741824,5015257088,290652160
214,1771646783666,3504,3504,3504,3504,3504,3504,3504,3504,96.58489227294922,94.81439971923828,93.53446960449219,94.2476806640625,77.94500732421875,92.8890151977539,93.28175354003906,93.70355987548828,96.50170135498047,85,85,81.81818389892578,80.95238494873047,90.90909576416016,90.47618865966797,90.47618865966797,90.90909576416016,21.009891510009766,8589934592,1073741824,5030199296,290652160
205,1771646783880,3504,3504,3504,3504,3504,3504,3504,3504,96.58489227294922,94.81439971923828,93.53446960449219,94.2476806640625,77.94500732421875,92.8890151977539,93.28175354003906,93.70355987548828,96.50170135498047,81.81818389892578,82.60869598388672,80.95238494873047,80.95238494873047,95.45454406738281,90.90909576416016,95.23809814453125,90.90909576416016,21.219539642333984,8589934592,1073741824,5030182912,290652160
212,1771646784086,3504,3504,3504,3504,3504,3504,3504,3504,96.58489227294922,94.81439971923828,93.53446960449219,94.2476806640625,77.94500732421875,92.8890151977539,93.28175354003906,93.70355987548828,96.50170135498047,80,78.94737243652344,80,80,90,90,90,90,21.219539642333984,8589934592,1073741824,5030002688,290652160
202,1771646784299,3504,3504,3504,3504,3504,3504,3504,3504,96.98709106445313,95.50709533691406,94.07723236083984,94.5688705444336,78.39154052734375,93.3154525756836,93.50802612304688,94.32305908203125,96.76403045654297,85.71428680419922,77.2727279663086,76.19047546386719,80.95238494873047,90.90909576416016,95.23809814453125,90.90909576416016,95.23809814453125,21.219539642333984,8589934592,1073741824,5009244160,290652160
212,1771646784501,3504,3504,3504,3504,3504,3504,3504,3504,96.98709106445313,95.50709533691406,94.07723236083984,94.5688705444336,78.39154052734375,93.3154525756836,93.50802612304688,94.32305908203125,96.76403045654297,75,80,76.19047546386719,76.19047546386719,90,85.71428680419922,95,85,21.219539642333984,8589934592,1073741824,5009276928,290652160
203,1771646784713,3504,3504,3504,3504,3504,3504,3504,3504,96.98709106445313,95.50709533691406,94.07723236083984,94.5688705444336,78.39154052734375,93.3154525756836,93.50802612304688,94.32305908203125,96.76403045654297,85.71428680419922,80.95238494873047,85.71428680419922,85,95,95,90.90909576416016,90.90909576416016,21.283641815185547,8589934592,1073741824,5012111360,290652160
209,1771646784917,3504,3504,3504,3504,3504,3504,3504,3504,96.98709106445313,95.50709533691406,94.07723236083984,94.5688705444336,78.39154052734375,93.3154525756836,93.50802612304688,94.32305908203125,96.76403045654297,80.95238494873047,80,75,76.19047546386719,90.47618865966797,90.47618865966797,95,89.47368621826172,21.283641815185547,8589934592,1073741824,5012111360,290652160
211,1771646785127,3504,3504,3504,3504,3504,3504,3504,3504,96.98709106445313,95.50709533691406,94.07723236083984,94.5688705444336,78.39154052734375,93.3154525756836,93.50802612304688,94.32305908203125,96.76403045654297,80.95238494873047,80.95238494873047,76.19047546386719,80.95238494873047,90.47618865966797,90.47618865966797,90.47618865966797,90.47618865966797,21.283641815185547,8589934592,1073741824,5012111360,290652160
211,1771646785338,3504,3504,3504,3504,3504,3504,3504,3504,97.47134399414063,95.60475158691406,94.34156036376953,95.05668640136719,78.72721099853516,93.70374298095703,93.83871459960938,94.70015716552734,97.00695037841797,80.95238494873047,76.19047546386719,77.2727279663086,81.81818389892578,90.47618865966797,90.47618865966797,90.47618865966797,90.90909576416016,21.283641815185547,8589934592,1073741824,5037015040,290652160
209,1771646785550,3504,3504,3504,3504,3504,3504,3504,3504,97.47134399414063,95.60475158691406,94.34156036376953,95.05668640136719,78.72721099853516,93.70374298095703,93.83871459960938,94.70015716552734,97.00695037841797,80.95238494873047,75,80,73.68421173095703,95.23809814453125,90.47618865966797,95.23809814453125,90,21.283641815185547,8589934592,1073741824,5015879680,290652160
208,1771646785760,3504,3504,3504,3504,3504,3504,3504,3504,97.47134399414063,95.60475158691406,94.34156036376953,95.05668640136719,78.72721099853516,93.70374298095703,93.83871459960938,94.70015716552734,97.00695037841797,80.95238494873047,77.2727279663086,77.2727279663086,81.81818389892578,95,90.47618865966797,90,86.9565200805664,20.908203125,8589934592,1073741824,5015879680,290652160
209,1771646785968,3504,3504,3504,3504,3504,3504,3504,3504,97.47134399414063,95.60475158691406,94.34156036376953,95.05668640136719,78.72721099853516,93.70374298095703,93.83871459960938,94.70015716552734,97.00695037841797,85,81.81818389892578,84.21052551269531,80.95238494873047,86.36363983154297,95.23809814453125,91.30435180664063,90,20.908203125,8589934592,1073741824,5015879680,290652160
209,1771646786178,3504,3504,3504,3504,3504,3504,3504,3504,97.47134399414063,95.60475158691406,94.95993041992188,95.6578598022461,79.10858154296875,94.35848999023438,94.52861022949219,95.33922576904297,97.73180389404297,80.95238494873047,80,77.2727279663086,76.19047546386719,95.23809814453125,90.47618865966797,94.73684692382813,95.23809814453125,20.908203125,8589934592,1073741824,5015879680,290652160
209,1771646786388,3504,3504,3504,3504,3504,3504,3504,3504,97.96692657470703,96.2465591430664,94.95993041992188,95.6578598022461,79.10858154296875,94.35848999023438,94.52861022949219,95.33922576904297,97.73180389404297,85.71428680419922,81.81818389892578,80.95238494873047,80.95238494873047,95,95,90.90909576416016,90,20.908203125,8589934592,1073741824,5024710656,290652160
200,1771646786598,3504,3504,3504,3504,3504,3504,3504,3504,97.96692657470703,96.2465591430664,94.95993041992188,95.6578598022461,79.10858154296875,94.35848999023438,94.52861022949219,95.33922576904297,97.73180389404297,76.19047546386719,78.94737243652344,75,76.19047546386719,90.47618865966797,90.90909576416016,90.47618865966797,86.36363983154297,20.908203125,8589934592,1073741824,5024710656,290652160
200,1771646786799,3504,3504,3504,3504,3504,3504,3504,3504,97.96692657470703,96.2465591430664,94.95993041992188,95.6578598022461,79.10858154296875,94.35848999023438,94.52861022949219,95.33922576904297,97.73180389404297,85,80,80,78.94737243652344,95.23809814453125,89.47368621826172,95,94.73684692382813,21.464717864990234,8589934592,1073741824,5025382400,290652160
209,1771646787000,3504,3504,3504,3504,3504,3504,3504,3504,97.96692657470703,96.2465591430664,94.95993041992188,95.6578598022461,79.10858154296875,94.35848999023438,94.52861022949219,95.33922576904297,97.73180389404297,80,80,80,76.19047546386719,90,90.47618865966797,90,85.71428680419922,21.464717864990234,8589934592,1073741824,5025382400,290652160
210,1771646787210,3504,3504,3504,3504,3504,3504,3504,3504,98.1679458618164,96.85618591308594,95.48007202148438,95.9059066772461,79.46977233886719,94.46521759033203,94.58177185058594,95.42272186279297,97.75605773925781,75,72.7272720336914,72.7272720336914,75,95.23809814453125,85.71428680419922,90.47618865966797,85.71428680419922,21.464717864990234,8589934592,1073741824,5045616640,290652160
209,1771646787421,3504,3504,3504,3504,3504,3504,3504,3504,98.1679458618164,96.85618591308594,95.48007202148438,95.9059066772461,79.46977233886719,94.46521759033203,94.58177185058594,95.42272186279297,97.75605773925781,81.81818389892578,80,73.68421173095703,76.19047546386719,85.71428680419922,90.90909576416016,90.47618865966797,90.47618865966797,21.464717864990234,8589934592,1073741824,5045616640,290652160
204,1771646787631,3504,3504,3504,3504,3504,3504,3504,3504,98.1679458618164,96.85618591308594,95.48007202148438,95.9059066772461,79.46977233886719,94.46521759033203,94.58177185058594,95.42272186279297,97.75605773925781,76.19047546386719,76.19047546386719,77.2727279663086,76.19047546386719,95.23809814453125,94.73684692382813,90.47618865966797,85.71428680419922,21.464717864990234,8589934592,1073741824,5025562624,290652160
209,1771646787836,3504,3504,3504,3504,3504,3504,3504,3504,98.1679458618164,96.85618591308594,95.48007202148438,95.9059066772461,79.46977233886719,94.46521759033203,94.58177185058594,95.42272186279297,97.75605773925781,85,80,80,80.95238494873047,90.47618865966797,90.90909576416016,90,95,21.34402847290039,8589934592,1073741824,5025775616,290652160
212,1771646788046,3504,3504,3504,3504,3504,3504,3504,3504,98.1679458618164,96.85618591308594,95.48007202148438,95.9059066772461,79.46977233886719,94.46521759033203,94.58177185058594,95.42272186279297,97.75605773925781,80.95238494873047,80.95238494873047,76.19047546386719,76.19047546386719,90,95,95.23809814453125,90.47618865966797,21.34402847290039,8589934592,1073741824,5025775616,290652160
210,1771646788259,3504,3504,3504,3504,3504,3504,3504,3504,98.5425796508789,96.59280395507813,95.33419799804688,96.1501235961914,79.64627075195313,94.81278991699219,95.06803131103516,95.69123077392578,98.2582778930664,80.95238494873047,77.2727279663086,77.2727279663086,76.19047546386719,90.90909576416016,90.47618865966797,90.47618865966797,90.47618865966797,21.34402847290039,8589934592,1073741824,5045878784,290652160
209,1771646788469,3504,3504,3504,3504,3504,3504,3504,3504,98.5425796508789,96.59280395507813,95.33419799804688,96.1501235961914,79.64627075195313,94.81278991699219,95.06803131103516,95.69123077392578,98.2582778930664,85,80.95238494873047,80,80,95,90.47618865966797,90.47618865966797,90.47618865966797,21.34402847290039,8589934592,1073741824,5025759232,290652160
208,1771646788679,3504,3504,3504,3504,3504,3504,3504,3504,98.5425796508789,96.59280395507813,95.33419799804688,96.1501235961914,79.64627075195313,94.81278991699219,95.06803131103516,95.69123077392578,98.2582778930664,81.81818389892578,80.95238494873047,76.19047546386719,78.26087188720703,90.47618865966797,95.23809814453125,90.47618865966797,90.47618865966797,21.32139778137207,8589934592,1073741824,5025759232,290652160
207,1771646788888,3504,3504,3504,3504,3504,3504,3504,3504,98.5425796508789,96.59280395507813,95.33419799804688,96.1501235961914,79.64627075195313,94.81278991699219,95.06803131103516,95.69123077392578,98.2582778930664,80.95238494873047,80.95238494873047,80.95238494873047,78.94737243652344,90.90909576416016,90.90909576416016,90.47618865966797,90.47618865966797,21.32139778137207,8589934592,1073741824,5045944320,290652160
212,1771646789096,3504,3504,3504,3504,3504,3504,3504,3504,98.5425796508789,96.59280395507813,95.33419799804688,96.1501235961914,79.64627075195313,94.81278991699219,95.06803131103516,95.69123077392578,98.2582778930664,80,85,80.95238494873047,76.19047546386719,94.73684692382813,95,90.47618865966797,90.47618865966797,21.32139778137207,8589934592,1073741824,5025792000,290652160
209,1771646789308,3504,3504,3504,3504,3504,3504,3504,3504,99.24308013916016,97.38833618164063,96.13490295410156,96.84738159179688,80.1513442993164,95.33248138427734,95.451171875,96.23703002929688,98.55287170410156,77.2727279663086,76.19047546386719,76.19047546386719,80.95238494873047,90.90909576416016,85.71428680419922,95.23809814453125,85.71428680419922,21.32139778137207,8589934592,1073741824,5025857536,290652160
207,1771646789518,3504,3504,3504,3504,3504,3504,3504,3504,99.24308013916016,97.38833618164063,96.13490295410156,96.84738159179688,80.1513442993164,95.33248138427734,95.451171875,96.23703002929688,98.55287170410156,85,80,80,76.19047546386719,95.45454406738281,90.90909576416016,90.47618865966797,90,21.32139778137207,8589934592,1073741824,5026185216,290652160
205,1771646789726,3504,3504,3504,3504,3504,3504,3504,3504,99.24308013916016,97.38833618164063,96.13490295410156,96.84738159179688,80.1513442993164,95.33248138427734,95.451171875,96.23703002929688,98.55287170410156,76.19047546386719,77.2727279663086,77.2727279663086,80.95238494873047,90,90,90.47618865966797,90.47618865966797,21.082006454467773,8589934592,1073741824,5046091776,290652160
201,1771646789931,3504,3504,3504,3504,3504,3504,3504,3504,99.24308013916016,97.38833618164063,96.13490295410156,96.84738159179688,80.1513442993164,95.33248138427734,95.451171875,96.23703002929688,98.55287170410156,85,80,80,76.19047546386719,95.23809814453125,95,90.47618865966797,85.71428680419922,21.082006454467773,8589934592,1073741824,5046173696,290652160
209,1771646790133,3504,3504,3504,3504,3504,3504,3504,3504,99.24308013916016,97.38833618164063,96.13490295410156,96.84738159179688,80.1513442993164,95.33248138427734,95.451171875,96.23703002929688,98.55287170410156,80,75,75,75,95,90,94.73684692382813,90,21.082006454467773,8589934592,1073741824,5046140928,290652160
205,1771646790344,3504,3504,3504,3504,3504,3504,3504,3504,99.24380493164063,97.68663787841797,96.42317962646484,96.94503021240234,80.45142364501953,95.56733703613281,95.6907730102539,96.458984375,98.78681182861328,77.2727279663086,77.2727279663086,76.19047546386719,80,85.71428680419922,90.47618865966797,85.71428680419922,90.90909576416016,21.082006454467773,8589934592,1073741824,5024759808,290652160
209,1771646790550,3504,3504,3504,3504,3504,3504,3504,3504,99.24380493164063,97.68663787841797,96.42317962646484,96.94503021240234,80.45142364501953,95.56733703613281,95.6907730102539,96.458984375,98.78681182861328,80,78.94737243652344,76.19047546386719,76.19047546386719,95.23809814453125,90.47618865966797,90.90909576416016,89.47368621826172,21.082006454467773,8589934592,1073741824,5023449088,290652160
206,1771646790759,3504,3504,3504,3504,3504,3504,3504,3504,99.24380493164063,97.68663787841797,96.42317962646484,96.94503021240234,80.45142364501953,95.56733703613281,95.6907730102539,96.458984375,98.78681182861328,85,81.81818389892578,80.95238494873047,80.95238494873047,95,90.47618865966797,90,95.45454406738281,21.47016716003418,8589934592,1073741824,5023481856,290652160
209,1771646790966,3504,3504,3504,3504,3504,3504,3504,3504,99.24380493164063,97.68663787841797,96.42317962646484,96.94503021240234,80.45142364501953,95.56733703613281,95.6907730102539,96.458984375,98.78681182861328,77.2727279663086,76.19047546386719,76.19047546386719,76.19047546386719,90.47618865966797,90,90.47618865966797,90,21.47016716003418,8589934592,1073741824,5039669248,290652160
207,1771646791176,3504,3504,3504,3504,3504,3504,3504,3504,99.24380493164063,97.68663787841797,96.42317962646484,96.98052215576172,80.68412780761719,95.82207489013672,96.24751281738281,96.67119598388672,99.47730255126953,80,80,80,76.19047546386719,90.47618865966797,90.90909576416016,90.47618865966797,86.36363983154297,21.47016716003418,8589934592,1073741824,5022629888,290652160
213,1771646791384,3504,3504,3504,3504,3504,3504,3504,3504,99.34654998779297,97.77246856689453,96.53215026855469,96.98052215576172,80.68412780761719,95.82207489013672,96.24751281738281,96.67119598388672,99.47730255126953,80,80,80.95238494873047,80,95,90,90.47618865966797,90,21.47016716003418,8589934592,1073741824,5023350784,290652160
204,1771646791597,3504,3504,3504,3504,3504,3504,3504,3504,99.34654998779297,97.77246856689453,96.53215026855469,96.98052215576172,80.68412780761719,95.82207489013672,96.24751281738281,96.67119598388672,99.47730255126953,82.60869598388672,77.2727279663086,76.19047546386719,76.19047546386719,90.90909576416016,90.90909576416016,90.47618865966797,90,21.47016716003418,8589934592,1073741824,5023367168,290652160
205,1771646791803,3504,3504,3504,3504,3504,3504,3504,3504,99.34654998779297,97.77246856689453,96.53215026855469,96.98052215576172,80.68412780761719,95.82207489013672,96.24751281738281,96.67119598388672,99.47730255126953,85,85.71428680419922,80,80.95238494873047,90,95,90,90.90909576416016,21.219688415527344,8589934592,1073741824,5023678464,290652160
205,1771646792009,3504,3504,3504,3504,3504,3504,3504,3504,99.34654998779297,97.77246856689453,96.53215026855469,96.98052215576172,80.68412780761719,95.82207489013672,96.24751281738281,96.67119598388672,99.47730255126953,85,85,80.95238494873047,85,100,90.47618865966797,90.47618865966797,90,21.219688415527344,8589934592,1073741824,5024104448,290652160
205,1771646792214,3504,3504,3504,3504,3504,3504,3504,3504,99.97537231445313,98.18171691894531,96.8714828491211,97.44966888427734,81.02554321289063,95.8702163696289,96.0943603515625,96.88420104980469,99.4127197265625,75,75,75,76.19047546386719,90.90909576416016,95,95,90,21.219688415527344,8589934592,1073741824,5034246144,290652160
210,1771646792420,3504,3504,3504,3504,3504,3504,3504,3504,99.97537231445313,98.18171691894531,96.8714828491211,97.44966888427734,81.02554321289063,95.8702163696289,96.0943603515625,96.88420104980469,99.4127197265625,80,76.19047546386719,76.19047546386719,76.19047546386719,90,90.47618865966797,85.71428680419922,86.36363983154297,21.219688415527344,8589934592,1073741824,5027790848,290652160
200,1771646792631,3504,3504,3504,3504,3504,3504,3504,3504,99.97537231445313,98.18171691894531,96.8714828491211,97.44966888427734,81.02554321289063,95.8702163696289,96.0943603515625,96.88420104980469,99.4127197265625,77.2727279663086,76.19047546386719,76.19047546386719,80.95238494873047,95.23809814453125,90.47618865966797,90.47618865966797,90,21.219688415527344,8589934592,1073741824,5027807232,290652160
201,1771646792831,3504,3504,3504,3504,3504,3504,3504,3504,99.97537231445313,98.18171691894531,96.8714828491211,97.44966888427734,81.02554321289063,95.8702163696289,96.0943603515625,96.88420104980469,99.4127197265625,85,80,80,75,94.73684692382813,95,90.47618865966797,90.47618865966797,21.09132194519043,8589934592,1073741824,5047549952,290652160
213,1771646793033,3504,3504,3504,3504,3504,3504,3504,3504,99.97537231445313,98.18171691894531,96.8714828491211,97.44966888427734,81.02554321289063,95.8702163696289,96.0943603515625,96.88420104980469,99.4127197265625,80,80,78.94737243652344,78.94737243652344,90.47618865966797,90,90,89.47368621826172,21.09132194519043,8589934592,1073741824,5023350784,290652160
205,1771646793246,3504,3504,3504,3504,3504,3504,3504,3504,100.30091857910156,98.45821380615234,97.1943588256836,97.7907943725586,81.26541900634766,96.04126739501953,96.18887329101563,97.07638549804688,99.44598388671875,81.81818389892578,80.95238494873047,77.2727279663086,80.95238494873047,90.47618865966797,90.90909576416016,95.23809814453125,86.36363983154297,21.09132194519043,8589934592,1073741824,5017272320,290652160
201,1771646793452,3504,3504,3504,3504,3504,3504,3504,3504,100.30091857910156,98.45821380615234,97.1943588256836,97.7907943725586,81.26541900634766,96.04126739501953,96.18887329101563,97.07638549804688,99.44598388671875,85,80.95238494873047,80.95238494873047,76.19047546386719,90.47618865966797,95,90,90.47618865966797,21.09132194519043,8589934592,1073741824,5016518656,290652160
209,1771646793654,3504,3504,3504,3504,3504,3504,3504,3504,100.30091857910156,98.45821380615234,97.1943588256836,97.7907943725586,81.26541900634766,96.04126739501953,96.18887329101563,97.07638549804688,99.44598388671875,75,78.94737243652344,75,78.94737243652344,90,90.47618865966797,90,94.73684692382813,21.09132194519043,8589934592,1073741824,5017452544,290652160
203,1771646793863,3504,3504,3504,3504,3504,3504,3504,3504,100.30091857910156,98.45821380615234,97.1943588256836,97.7907943725586,81.26541900634766,96.04126739501953,96.18887329101563,97.07638549804688,99.44598388671875,80.95238494873047,77.2727279663086,80,77.2727279663086,95.23809814453125,94.73684692382813,90.47618865966797,90.47618865966797,21.767559051513672,8589934592,1073741824,5017468928,290652160
209,1771646794067,3504,3504,3504,3504,3504,3504,3504,3504,100.30091857910156,98.45821380615234,97.1943588256836,97.7907943725586,81.26541900634766,96.04126739501953,96.18887329101563,97.07638549804688,99.44598388671875,80,80,76.19047546386719,75,95,90.47618865966797,90,85.71428680419922,21.767559051513672,8589934592,1073741824,5017468928,290652160
205,1771646794277,3504,3504,3504,3504,3504,3504,3504,3504,100.64482879638672,98.68122100830078,97.41385650634766,98.13426208496094,81.49817657470703,96.67636108398438,96.91984558105469,97.60655975341797,100.20674896240234,80.95238494873047,80,80.95238494873047,76.19047546386719,85.71428680419922,90.90909576416016,95.23809814453125,90,21.767559051513672,8589934592,1073741824,5017468928,290652160
209,1771646794483,3504,3504,3504,3504,3504,3504,3504,3504,100.64482879638672,98.68122100830078,97.41385650634766,98.13426208496094,81.49817657470703,96.67636108398438,96.91984558105469,97.60655975341797,100.20674896240234,84.21052551269531,86.36363983154297,80,80.95238494873047,90.47618865966797,94.73684692382813,85.71428680419922,90.90909576416016,21.767559051513672,8589934592,1073741824,5017468928,290652160
201,1771646794693,3504,3504,3504,3504,3504,3504,3504,3504,100.64482879638672,98.68122100830078,97.41385650634766,98.13426208496094,81.49817657470703,96.67636108398438,96.91984558105469,97.60655975341797,100.20674896240234,81.81818389892578,85,80.95238494873047,80.95238494873047,90.47618865966797,90.90909576416016,95,90.47618865966797,21.244169235229492,8589934592,1073741824,5042405376,290652160
204,1771646794895,3504,3504,3504,3504,3504,3504,3504,3504,100.64482879638672,98.68122100830078,97.41385650634766,98.13426208496094,81.49817657470703,96.67636108398438,96.91984558105469,97.60655975341797,100.20674896240234,85,80.95238494873047,80,80,100,90,86.36363983154297,89.47368621826172,21.244169235229492,8589934592,1073741824,5021155328,290652160
209,1771646795100,3504,3504,3504,3504,3504,3504,3504,3504,100.64482879638672,98.68122100830078,97.41385650634766,98.13426208496094,81.49817657470703,96.67636108398438,96.91984558105469,97.60655975341797,100.20674896240234,76.19047546386719,75,76.19047546386719,75,86.36363983154297,90,89.47368621826172,86.36363983154297,21.244169235229492,8589934592,1073741824,5012471808,290652160
204,1771646795311,3504,3504,3504,3504,3504,3504,3504,3504,100.7160415649414,98.8257827758789,97.65931701660156,98.31609344482422,81.7355728149414,96.78943634033203,96.86007690429688,97.72632598876953,100.06634521484375,80,80,75,80,90,90.90909576416016,95.23809814453125,90,21.244169235229492,8589934592,1073741824,5012471808,290652160
209,1771646795516,3504,3504,3504,3504,3504,3504,3504,3504,100.7160415649414,98.8257827758789,97.65931701660156,98.31609344482422,81.7355728149414,96.78943634033203,96.86007690429688,97.72632598876953,100.06634521484375,80.95238494873047,77.2727279663086,80,77.2727279663086,95.23809814453125,90,90.47618865966797,90.47618865966797,21.244169235229492,8589934592,1073741824,5012471808,290652160
209,1771646795726,3504,3504,3504,3504,3504,3504,3504,3504,100.7160415649414,98.8257827758789,97.65931701660156,98.31609344482422,81.7355728149414,96.78943634033203,96.86007690429688,97.72632598876953,100.06634521484375,80.95238494873047,76.19047546386719,76.19047546386719,80.95238494873047,90,90.90909576416016,90.47618865966797,90,21.298782348632813,8589934592,1073741824,5021171712,290652160
211,1771646795936,3504,3504,3504,3504,3504,3504,3504,3504,100.7160415649414,98.8257827758789,97.65931701660156,98.31609344482422,81.7355728149414,96.78943634033203,96.86007690429688,97.72632598876953,100.06634521484375,76.19047546386719,78.94737243652344,73.91304016113281,75,90.90909576416016,90,90.47618865966797,86.36363983154297,21.298782348632813,8589934592,1073741824,5039702016,290652160
201,1771646796152,3504,3504,3504,3504,3504,3504,3504,3504,100.7160415649414,98.8257827758789,97.65931701660156,98.31609344482422,81.7355728149414,96.78943634033203,96.86007690429688,97.72632598876953,100.06634521484375,86.36363983154297,81.81818389892578,80,77.2727279663086,95.23809814453125,90.47618865966797,90.90909576416016,90.47618865966797,21.298782348632813,8589934592,1073741824,5021204480,290652160
209,1771646796353,3504,3504,3504,3504,3504,3504,3504,3504,100.70840454101563,99.0413589477539,97.82357788085938,98.37029266357422,81.94125366210938,97.28755950927734,97.41564178466797,98.18981170654297,100.64962768554688,84.21052551269531,80,80,80,90.47618865966797,90.47618865966797,94.73684692382813,95,21.298782348632813,8589934592,1073741824,5021204480,290652160
209,1771646796563,3504,3504,3504,3504,3504,3504,3504,3504,100.70840454101563,99.0413589477539,97.82357788085938,98.37029266357422,81.94125366210938,97.28755950927734,97.41564178466797,98.18981170654297,100.64962768554688,77.2727279663086,77.2727279663086,77.2727279663086,76.19047546386719,90,90.47618865966797,86.36363983154297,90.47618865966797,21.298782348632813,8589934592,1073741824,5021204480,290652160
206,1771646796773,3504,3504,3504,3504,3504,3504,3504,3504,100.70840454101563,99.0413589477539,97.82357788085938,98.37029266357422,81.94125366210938,97.28755950927734,97.41564178466797,98.18981170654297,100.64962768554688,80.95238494873047,80,75,80,95.23809814453125,90,95,85.71428680419922,21.483367919921875,8589934592,1073741824,5022253056,290652160
209,1771646796980,3504,3504,3504,3504,3504,3504,3504,3504,100.70840454101563,99.0413589477539,97.82357788085938,98.37029266357422,81.94125366210938,97.28755950927734,97.41564178466797,98.18981170654297,100.64962768554688,80,80.95238494873047,80.95238494873047,76.19047546386719,85.71428680419922,90.47618865966797,90.47618865966797,90.47618865966797,21.483367919921875,8589934592,1073741824,5039882240,290652160
209,1771646797190,3504,3504,3504,3504,3504,3504,3504,3504,101.13994598388672,99.25932312011719,98.091064453125,98.74490356445313,82.21298217773438,97.53766632080078,97.74567413330078,98.48158264160156,100.95709228515625,85,76.19047546386719,76.19047546386719,80.95238494873047,95.23809814453125,90.47618865966797,90.90909576416016,90,21.483367919921875,8589934592,1073741824,5029904384,290652160
210,1771646797401,3504,3504,3504,3504,3504,3504,3504,3504,101.13994598388672,99.25932312011719,98.091064453125,98.74490356445313,82.21298217773438,97.53766632080078,97.74567413330078,98.48158264160156,100.95709228515625,81.81818389892578,80.95238494873047,80.95238494873047,80,90,90.47618865966797,94.73684692382813,90.47618865966797,21.483367919921875,8589934592,1073741824,5021319168,290652160
208,1771646797612,3504,3504,3504,3504,3504,3504,3504,3504,101.13994598388672,99.25932312011719,98.091064453125,98.74490356445313,82.21298217773438,97.53766632080078,97.74567413330078,98.48158264160156,100.95709228515625,76.19047546386719,80.95238494873047,80,73.91304016113281,90.47618865966797,95,86.36363983154297,90.90909576416016,21.483367919921875,8589934592,1073741824,5021351936,290652160
208,1771646797820,3504,3504,3504,3504,3504,3504,3504,3504,101.13994598388672,99.25932312011719,98.091064453125,98.74490356445313,82.21298217773438,97.53766632080078,97.74567413330078,98.48158264160156,100.95709228515625,80.95238494873047,76.19047546386719,76.19047546386719,80,90.90909576416016,90.47618865966797,95,85.71428680419922,21.1593074798584,8589934592,1073741824,5030117376,290652160
208,1771646798028,3504,3504,3504,3504,3504,3504,3504,3504,101.13994598388672,99.25932312011719,98.091064453125,98.74490356445313,82.21298217773438,97.53766632080078,97.74567413330078,98.48158264160156,100.95709228515625,85,80,80.95238494873047,76.19047546386719,90,90.90909576416016,90.90909576416016,90,21.1593074798584,8589934592,1073741824,5039898624,290652160
211,1771646798237,3504,3504,3504,3504,3504,3504,3504,3504,101.65046691894531,99.67990112304688,98.54349517822266,99.25695037841797,82.43832397460938,97.76319885253906,97.92737579345703,98.7265625,101.10737609863281,80,76.19047546386719,76.19047546386719,76.19047546386719,90.90909576416016,95,90,85.71428680419922,21.1593074798584,8589934592,1073741824,5021515776,290652160
200,1771646798449,3504,3504,3504,3504,3504,3504,3504,3504,101.65046691894531,99.67990112304688,98.54349517822266,99.25695037841797,82.43832397460938,97.76319885253906,97.92737579345703,98.7265625,101.10737609863281,80.95238494873047,76.19047546386719,76.19047546386719,76.19047546386719,95,90.90909576416016,95.45454406738281,90.47618865966797,21.1593074798584,8589934592,1073741824,5021433856,290652160
209,1771646798650,3504,3504,3504,3504,3504,3504,3504,3504,101.65046691894531,99.67990112304688,98.54349517822266,99.25695037841797,82.43832397460938,97.76319885253906,97.92737579345703,98.7265625,101.10737609863281,76.19047546386719,78.94737243652344,80,78.94737243652344,90,90,90,90,21.1593074798584,8589934592,1073741824,5021433856,290652160
209,1771646798860,3504,3504,3504,3504,3504,3504,3504,3504,101.65046691894531,99.67990112304688,98.54349517822266,99.25695037841797,82.43832397460938,97.76319885253906,97.92737579345703,98.7265625,101.10737609863281,80.95238494873047,73.91304016113281,76.19047546386719,77.2727279663086,85.71428680419922,90.90909576416016,90.47618865966797,90.90909576416016,21.823740005493164,8589934592,1073741824,5021483008,290652160
211,1771646799069,3504,3504,3504,3504,3504,3504,3504,3504,101.65046691894531,99.67990112304688,98.54349517822266,99.25695037841797,82.43832397460938,97.76319885253906,97.92737579345703,98.7265625,101.10737609863281,80,75,76.19047546386719,76.19047546386719,90.90909576416016,94.73684692382813,90,95.23809814453125,21.823740005493164,8589934592,1073741824,5039210496,290652160
201,1771646799281,3504,3504,3504,3504,3504,3504,3504,3504,101.74653625488281,99.72960662841797,98.59210205078125,99.34551239013672,82.60503387451172,98.08822631835938,98.45381164550781,99.03154754638672,101.67081451416016,81.81818389892578,76.19047546386719,80,76.19047546386719,90,90.47618865966797,90.90909576416016,90,21.823740005493164,8589934592,1073741824,5021466624,290652160
205,1771646799483,3504,3504,3504,3504,3504,3504,3504,3504,101.74653625488281,99.72960662841797,98.59210205078125,99.34551239013672,82.60503387451172,98.08822631835938,98.45381164550781,99.03154754638672,101.67081451416016,76.19047546386719,78.94737243652344,76.19047546386719,80,90.47618865966797,90.47618865966797,90,85.71428680419922,21.823740005493164,8589934592,1073741824,5021466624,290652160
210,1771646799689,3504,3504,3504,3504,3504,3504,3504,3504,101.74653625488281,99.72960662841797,98.59210205078125,99.34551239013672,82.60503387451172,98.08822631835938,98.45381164550781,99.03154754638672,101.67081451416016,80,80.95238494873047,80,80,95,90,95,90,21.9105281829834,8589934592,1073741824,5021253632,290652160
209,1771646799899,3504,3504,3504,3504,3504,3504,3504,3504,101.74653625488281,99.72960662841797,98.59210205078125,99.34551239013672,82.60503387451172,98.08822631835938,98.45381164550781,99.03154754638672,101.67081451416016,80,77.2727279663086,81.81818389892578,76.19047546386719,90.47618865966797,90.90909576416016,90.47618865966797,90.90909576416016,21.9105281829834,8589934592,1073741824,5022531584,290652160
206,1771646800109,3504,3504,3504,3504,3504,3504,3504,3504,101.74653625488281,99.72960662841797,98.59210205078125,99.34551239013672,82.60503387451172,98.08822631835938,98.45381164550781,99.03154754638672,101.67081451416016,80.95238494873047,75,80,76.19047546386719,85.71428680419922,95,90.47618865966797,90,21.9105281829834,8589934592,1073741824,5039620096,290652160
209,1771646800316,3504,3504,3504,3504,3504,3504,3504,3504,101.98503112792969,100.07017517089844,98.87308502197266,99.5941390991211,82.8475341796875,98.16255187988281,98.48812103271484,99.12446594238281,101.64469146728516,80,80.95238494873047,76.19047546386719,75,95.23809814453125,85.71428680419922,85.71428680419922,90.47618865966797,21.9105281829834,8589934592,1073741824,5025546240,290652160
206,1771646800526,3504,3504,3504,3504,3504,3504,3504,3504,101.98503112792969,100.07017517089844,98.87308502197266,99.5941390991211,82.8475341796875,98.16255187988281,98.48812103271484,99.12446594238281,101.64469146728516,81.81818389892578,77.2727279663086,76.19047546386719,76.19047546386719,90.47618865966797,90.47618865966797,90.47618865966797,90.47618865966797,21.9105281829834,8589934592,1073741824,4999200768,290652160
210,1771646800732,3504,3504,3504,3504,3504,3504,3504,3504,101.98503112792969,100.07017517089844,98.87308502197266,99.5941390991211,82.8475341796875,98.16255187988281,98.48812103271484,99.12446594238281,101.64469146728516,80,78.94737243652344,80,80,90,90,90.47618865966797,90,21.48135757446289,8589934592,1073741824,5006344192,290652160
209,1771646800943,3504,3504,3504,3504,3504,3504,3504,3504,101.98503112792969,100.07017517089844,98.87308502197266,99.5941390991211,82.8475341796875,98.16255187988281,98.48812103271484,99.12446594238281,101.64469146728516,77.2727279663086,76.19047546386719,77.2727279663086,72.7272720336914,95.23809814453125,85.71428680419922,90.47618865966797,86.36363983154297,21.48135757446289,8589934592,1073741824,5006360576,290652160
209,1771646801153,3504,3504,3504,3504,3504,3504,3504,3504,101.98503112792969,100.07017517089844,98.87308502197266,99.5941390991211,82.8475341796875,98.16255187988281,98.48812103271484,99.12446594238281,101.64469146728516,80,80.95238494873047,78.94737243652344,76.19047546386719,90.90909576416016,95.23809814453125,95.23809814453125,90.47618865966797,21.48135757446289,8589934592,1073741824,5006245888,290652160
202,1771646801363,3504,3504,3504,3504,3504,3504,3504,3504,101.93321990966797,100.42115783691406,99.15568542480469,99.61459350585938,83.10123443603516,98.45610809326172,98.69379425048828,99.35719299316406,101.91012573242188,80.95238494873047,80.95238494873047,78.26087188720703,80,95,90.90909576416016,85,89.47368621826172,21.48135757446289,8589934592,1073741824,5025546240,290652160
203,1771646801566,3504,3504,3504,3504,3504,3504,3504,3504,101.93321990966797,100.42115783691406,99.15568542480469,99.61459350585938,83.10123443603516,98.45610809326172,98.69379425048828,99.35719299316406,101.91012573242188,85,80,84.21052551269531,76.19047546386719,90,89.47368621826172,90.47618865966797,86.36363983154297,21.48135757446289,8589934592,1073741824,5026217984,290652160
204,1771646801769,3504,3504,3504,3504,3504,3504,3504,3504,101.93321990966797,100.42115783691406,99.15568542480469,99.61459350585938,83.10123443603516,98.45610809326172,98.69379425048828,99.35719299316406,101.91012573242188,80,80,75,80,90,90.47618865966797,94.73684692382813,89.47368621826172,21.543548583984375,8589934592,1073741824,5026217984,290652160
216,1771646801974,3504,3504,3504,3504,3504,3504,3504,3504,101.93321990966797,100.42115783691406,99.15568542480469,99.61459350585938,83.10123443603516,98.45610809326172,98.69379425048828,99.35719299316406,101.91012573242188,85.71428680419922,80.95238494873047,80.95238494873047,80,95,90,90.47618865966797,90.47618865966797,21.543548583984375,8589934592,1073741824,5026529280,290652160
208,1771646802191,3504,3504,3504,3504,3504,3504,3504,3504,102.54344177246094,100.8360595703125,99.59121704101563,100.1618881225586,83.36504364013672,98.46823120117188,98.65691375732422,99.49317169189453,101.85891723632813,77.2727279663086,76.19047546386719,77.2727279663086,77.2727279663086,90.90909576416016,95.45454406738281,90.90909576416016,85.71428680419922,21.543548583984375,8589934592,1073741824,5007409152,290652160
209,1771646802399,3504,3504,3504,3504,3504,3504,3504,3504,102.54344177246094,100.8360595703125,99.59121704101563,100.1618881225586,83.36504364013672,98.46823120117188,98.65691375732422,99.49317169189453,101.85891723632813,85,80.95238494873047,80,80.95238494873047,95.23809814453125,90.47618865966797,95.23809814453125,95.45454406738281,21.543548583984375,8589934592,1073741824,5007409152,290652160
215,1771646802609,3504,3504,3504,3504,3504,3504,3504,3504,102.54344177246094,100.8360595703125,99.59121704101563,100.1618881225586,83.36504364013672,98.46823120117188,98.65691375732422,99.49317169189453,101.85891723632813,80.95238494873047,77.2727279663086,76.19047546386719,80,90.47618865966797,95.23809814453125,86.36363983154297,90,21.543548583984375,8589934592,1073741824,5026840576,290652160
207,1771646802825,3504,3504,3504,3504,3504,3504,3504,3504,102.54344177246094,100.8360595703125,99.59121704101563,100.1618881225586,83.36504364013672,98.46823120117188,98.65691375732422,99.49317169189453,101.85891723632813,80.95238494873047,80.95238494873047,81.81818389892578,77.2727279663086,91.30435180664063,90.47618865966797,95,86.36363983154297,21.089799880981445,8589934592,1073741824,5006884864,290652160
209,1771646803033,3504,3504,3504,3504,3504,3504,3504,3504,102.54344177246094,100.8360595703125,99.59121704101563,100.1618881225586,83.36504364013672,98.46823120117188,98.65691375732422,99.49317169189453,101.85891723632813,80.95238494873047,78.94737243652344,76.19047546386719,76.19047546386719,94.73684692382813,95.23809814453125,90.47618865966797,90.47618865966797,21.089799880981445,8589934592,1073741824,5006901248,290652160
206,1771646803243,3504,3504,3504,3504,3504,3504,3504,3504,103.30146789550781,101.33531188964844,100.2115478515625,100.89016723632813,83.66004180908203,99.1094741821289,99.40052795410156,100.02376556396484,102.64668273925781,85.71428680419922,73.91304016113281,80,80,90.47618865966797,90.90909576416016,90.47618865966797,95,21.089799880981445,8589934592,1073741824,5026070528,290652160
209,1771646803449,3504,3504,3504,3504,3504,3504,3504,3504,103.30146789550781,101.33531188964844,100.2115478515625,100.89016723632813,83.66004180908203,99.1094741821289,99.40052795410156,100.02376556396484,102.64668273925781,80.95238494873047,80,80,77.2727279663086,90.47618865966797,90.47618865966797,90.47618865966797,86.36363983154297,21.089799880981445,8589934592,1073741824,5006000128,290652160
204,1771646803662,3504,3504,3504,3504,3504,3504,3504,3504,103.30146789550781,101.33531188964844,100.2115478515625,100.89016723632813,83.66004180908203,99.1094741821289,99.40052795410156,100.02376556396484,102.64668273925781,80,80.95238494873047,77.2727279663086,80,90.90909576416016,94.73684692382813,90.47618865966797,90,21.089799880981445,8589934592,1073741824,5006753792,290652160
209,1771646803867,3504,3504,3504,3504,3504,3504,3504,3504,103.30146789550781,101.33531188964844,100.2115478515625,100.89016723632813,83.66004180908203,99.1094741821289,99.40052795410156,100.02376556396484,102.64668273925781,80.95238494873047,78.94737243652344,80,76.19047546386719,90,90.47618865966797,95,90.47618865966797,21.913700103759766,8589934592,1073741824,5006655488,290652160
209,1771646804077,3504,3504,3504,3504,3504,3504,3504,3504,103.30146789550781,101.33531188964844,100.2115478515625,100.89016723632813,83.66004180908203,99.1094741821289,99.40052795410156,100.02376556396484,102.64668273925781,80.95238494873047,77.2727279663086,76.19047546386719,75,90,95.45454406738281,90.47618865966797,90.47618865966797,21.913700103759766,8589934592,1073741824,5006671872,290652160
206,1771646804287,3504,3504,3504,3504,3504,3504,3504,3504,103.052734375,101.10939025878906,99.9985580444336,100.60318756103516,83.81471252441406,99.18944549560547,99.41851043701172,100.11939239501953,102.6924057006836,76.19047546386719,77.2727279663086,76.19047546386719,77.2727279663086,90.90909576416016,90,90,85.71428680419922,21.913700103759766,8589934592,1073741824,5025841152,290652160
207,1771646804494,3504,3504,3504,3504,3504,3504,3504,3504,103.052734375,101.10939025878906,99.9985580444336,100.60318756103516,83.81471252441406,99.18944549560547,99.41851043701172,100.11939239501953,102.6924057006836,85,80,77.2727279663086,76.19047546386719,90,90.47618865966797,86.9565200805664,90.47618865966797,21.913700103759766,8589934592,1073741824,5025873920,290652160
207,1771646804702,3504,3504,3504,3504,3504,3504,3504,3504,103.052734375,101.10939025878906,99.9985580444336,100.60318756103516,83.81471252441406,99.18944549560547,99.41851043701172,100.11939239501953,102.6924057006836,81.81818389892578,80,84.21052551269531,85,90.90909576416016,90.47618865966797,94.73684692382813,85.71428680419922,21.750219345092773,8589934592,1073741824,5026234368,290652160
206,1771646804910,3504,3504,3504,3504,3504,3504,3504,3504,103.052734375,101.10939025878906,99.9985580444336,100.60318756103516,83.81471252441406,99.18944549560547,99.41851043701172,100.11939239501953,102.6924057006836,80,80.95238494873047,76.19047546386719,76.19047546386719,95,95,86.36363983154297,95,21.750219345092773,8589934592,1073741824,5007048704,290652160
209,1771646805117,3504,3504,3504,3504,3504,3504,3504,3504,103.052734375,101.10939025878906,99.9985580444336,100.60318756103516,83.81471252441406,99.18944549560547,99.41851043701172,100.11939239501953,102.6924057006836,85.71428680419922,85.71428680419922,80.95238494873047,85,95.23809814453125,90.47618865966797,95,90.47618865966797,21.750219345092773,8589934592,1073741824,5007572992,290652160
206,1771646805327,3504,3504,3504,3504,3504,3504,3504,3504,103.15663146972656,101.63814544677734,100.38504791259766,100.77049255371094,84.10907745361328,99.42106628417969,99.62188720703125,100.2950439453125,102.9015884399414,80.95238494873047,76.19047546386719,75,76.19047546386719,90.47618865966797,90.47618865966797,90.47618865966797,90.47618865966797,21.750219345092773,8589934592,1073741824,5014306816,290652160
209,1771646805534,3504,3504,3504,3504,3504,3504,3504,3504,103.15663146972656,101.63814544677734,100.38504791259766,100.77049255371094,84.10907745361328,99.42106628417969,99.62188720703125,100.2950439453125,102.9015884399414,80,80.95238494873047,81.81818389892578,80,90.47618865966797,90.47618865966797,90,95,21.750219345092773,8589934592,1073741824,5014306816,290652160
208,1771646805744,3504,3504,3504,3504,3504,3504,3504,3504,103.15663146972656,101.63814544677734,100.38504791259766,100.77049255371094,84.10907745361328,99.42106628417969,99.62188720703125,100.2950439453125,102.9015884399414,80.95238494873047,80,76.19047546386719,76.19047546386719,90,90.47618865966797,90.90909576416016,90.47618865966797,21.313833236694336,8589934592,1073741824,5014306816,290652160
207,1771646805953,3504,3504,3504,3504,3504,3504,3504,3504,103.15663146972656,101.63814544677734,100.38504791259766,100.77049255371094,84.10907745361328,99.42106628417969,99.62188720703125,100.2950439453125,102.9015884399414,76.19047546386719,75,75,76.19047546386719,90.47618865966797,90,90,86.36363983154297,21.313833236694336,8589934592,1073741824,5014306816,290652160
206,1771646806160,3504,3504,3504,3504,3504,3504,3504,3504,103.15663146972656,101.63814544677734,100.38504791259766,100.77049255371094,84.10907745361328,99.42106628417969,99.62188720703125,100.2950439453125,102.9015884399414,80,77.2727279663086,76.19047546386719,76.19047546386719,85.71428680419922,90.47618865966797,90.47618865966797,90,21.313833236694336,8589934592,1073741824,5004951552,290652160
212,1771646806366,3504,3504,3504,3504,3504,3504,3504,3504,103.30562591552734,101.37238311767578,100.21440887451172,100.85353088378906,84.31460571289063,99.81605529785156,99.9001235961914,100.65054321289063,103.24581909179688,80.95238494873047,85,80,80,95,90.90909576416016,95.23809814453125,90,21.313833236694336,8589934592,1073741824,5004951552,290652160
209,1771646806579,3504,3504,3504,3504,3504,3504,3504,3504,103.30562591552734,101.37238311767578,100.21440887451172,100.85353088378906,84.31460571289063,99.81605529785156,99.9001235961914,100.65054321289063,103.24581909179688,80.95238494873047,80.95238494873047,76.19047546386719,77.2727279663086,90.90909576416016,94.73684692382813,90.47618865966797,86.36363983154297,21.313833236694336,8589934592,1073741824,5024694272,290652160
209,1771646806788,3504,3504,3504,3504,3504,3504,3504,3504,103.30562591552734,101.37238311767578,100.21440887451172,100.85353088378906,84.31460571289063,99.81605529785156,99.9001235961914,100.65054321289063,103.24581909179688,85.71428680419922,80.95238494873047,80.95238494873047,76.19047546386719,94.73684692382813,90.90909576416016,95,90.47618865966797,21.341999053955078,8589934592,1073741824,5004984320,290652160
209,1771646806998,3504,3504,3504,3504,3504,3504,3504,3504,103.30562591552734,101.37238311767578,100.21440887451172,100.85353088378906,84.31460571289063,99.81605529785156,99.9001235961914,100.65054321289063,103.24581909179688,80,76.19047546386719,75,75,86.9565200805664,95,90.90909576416016,90,21.341999053955078,8589934592,1073741824,5005000704,290652160
206,1771646807208,3504,3504,3504,3504,3504,3504,3504,3504,103.92337036132813,102.012939453125,100.8829345703125,101.5357894897461,84.49612426757813,100.10755157470703,100.05998229980469,100.98971557617188,103.2739028930664,81.81818389892578,80.95238494873047,81.81818389892578,77.2727279663086,95.23809814453125,90.90909576416016,95.23809814453125,86.36363983154297,21.341999053955078,8589934592,1073741824,5024727040,290652160
209,1771646807414,3504,3504,3504,3504,3504,3504,3504,3504,103.92337036132813,102.012939453125,100.8829345703125,101.5357894897461,84.49612426757813,100.10755157470703,100.05998229980469,100.98971557617188,103.2739028930664,80,76.19047546386719,76.19047546386719,75,90.47618865966797,90,90,95,21.341999053955078,8589934592,1073741824,5006409728,290652160
209,1771646807624,3504,3504,3504,3504,3504,3504,3504,3504,103.92337036132813,102.012939453125,100.8829345703125,101.5357894897461,84.49612426757813,100.10755157470703,100.05998229980469,100.98971557617188,103.2739028930664,80.95238494873047,80,80,80,94.73684692382813,90.47618865966797,90.47618865966797,90.47618865966797,21.341999053955078,8589934592,1073741824,5006409728,290652160
209,1771646807834,3504,3504,3504,3504,3504,3504,3504,3504,103.92337036132813,102.012939453125,100.8829345703125,101.5357894897461,84.49612426757813,100.10755157470703,100.05998229980469,100.98971557617188,103.2739028930664,80.95238494873047,71.42857360839844,71.42857360839844,71.42857360839844,86.36363983154297,90.47618865966797,90.90909576416016,80.95238494873047,21.72379493713379,8589934592,1073741824,5006409728,290652160
208,1771646808044,3504,3504,3504,3504,3504,3504,3504,3504,103.92337036132813,102.012939453125,100.8829345703125,101.5357894897461,84.49612426757813,100.10755157470703,100.05998229980469,100.98971557617188,103.2739028930664,80.95238494873047,80.95238494873047,80.95238494873047,81.81818389892578,95,95.23809814453125,95,90.90909576416016,21.72379493713379,8589934592,1073741824,5006409728,290652160
209,1771646808253,3504,3504,3504,3504,3504,3504,3504,3504,103.97675323486328,102.15042114257813,100.9539794921875,101.59455108642578,84.68418884277344,100.0473861694336,100.11524200439453,100.9293441772461,103.39855194091797,80,76.19047546386719,77.2727279663086,75,90.47618865966797,90.47618865966797,90.47618865966797,90,21.72379493713379,8589934592,1073741824,5006458880,290652160
206,1771646808463,3504,3504,3504,3504,3504,3504,3504,3504,103.97675323486328,102.15042114257813,100.9539794921875,101.59455108642578,84.68418884277344,100.0473861694336,100.11524200439453,100.9293441772461,103.39855194091797,80.95238494873047,80,80,76.19047546386719,95.23809814453125,90.47618865966797,90.47618865966797,90.47618865966797,21.72379493713379,8589934592,1073741824,5025677312,290652160
210,1771646808670,3504,3504,3504,3504,3504,3504,3504,3504,103.97675323486328,102.15042114257813,100.9539794921875,101.59455108642578,84.68418884277344,100.0473861694336,100.11524200439453,100.9293441772461,103.39855194091797,80.95238494873047,77.2727279663086,76.19047546386719,80.95238494873047,95.23809814453125,90.47618865966797,90.47618865966797,85,21.72379493713379,8589934592,1073741824,5015093248,290652160
209,1771646808881,3504,3504,3504,3504,3504,3504,3504,3504,103.97675323486328,102.15042114257813,100.9539794921875,101.59455108642578,84.68418884277344,100.0473861694336,100.11524200439453,100.9293441772461,103.39855194091797,80,80,80.95238494873047,75,90.90909576416016,95,90.47618865966797,90.47618865966797,22.159299850463867,8589934592,1073741824,5006589952,290652160
206,1771646809090,3504,3504,3504,3504,3504,3504,3504,3504,103.97675323486328,102.15042114257813,100.9539794921875,101.59455108642578,84.68418884277344,100.0473861694336,100.11524200439453,100.9293441772461,103.39855194091797,81.81818389892578,76.19047546386719,75,81.81818389892578,95,95.45454406738281,95,86.36363983154297,22.159299850463867,8589934592,1073741824,5006589952,290652160
201,1771646809297,3504,3504,3504,3504,3504,3504,3504,3504,104.33618927001953,102.66693878173828,101.32978057861328,101.81375885009766,84.91130828857422,100.30116271972656,100.22781372070313,101.23148345947266,103.52738189697266,76.19047546386719,76.19047546386719,80.95238494873047,76.19047546386719,90.47618865966797,90.47618865966797,90.90909576416016,90,22.159299850463867,8589934592,1073741824,5006606336,290652160
211,1771646809502,3504,3504,3504,3504,3504,3504,3504,3504,104.33618927001953,102.66693878173828,101.32978057861328,101.81375885009766,84.91130828857422,100.30116271972656,100.22781372070313,101.23148345947266,103.52738189697266,80,80.95238494873047,80,80,94.73684692382813,89.47368621826172,90,90.47618865966797,22.159299850463867,8589934592,1073741824,5006573568,290652160
205,1771646809714,3504,3504,3504,3504,3504,3504,3504,3504,104.33618927001953,102.66693878173828,101.32978057861328,101.81375885009766,84.91130828857422,100.30116271972656,100.22781372070313,101.23148345947266,103.52738189697266,80,80,77.2727279663086,76.19047546386719,90.90909576416016,90.90909576416016,95,95,21.678150177001953,8589934592,1073741824,5006458880,290652160
209,1771646809920,3504,3504,3504,3504,3504,3504,3504,3504,104.33618927001953,102.66693878173828,101.32978057861328,101.81375885009766,84.91130828857422,100.30116271972656,100.22781372070313,101.23148345947266,103.52738189697266,85.71428680419922,80,85,80.95238494873047,90.47618865966797,90.47618865966797,90.90909576416016,90.47618865966797,21.678150177001953,8589934592,1073741824,5026824192,290652160
202,1771646810130,3504,3504,3504,3504,3504,3504,3504,3504,104.33618927001953,102.66693878173828,101.32978057861328,101.81375885009766,84.91130828857422,100.30116271972656,100.22781372070313,101.23148345947266,103.52738189697266,80.95238494873047,77.2727279663086,75,75,90.47618865966797,90.47618865966797,95,90.47618865966797,21.678150177001953,8589934592,1073741824,5027528704,290652160
200,1771646810333,3504,3504,3504,3504,3504,3504,3504,3504,104.14163970947266,102.43180847167969,101.23726654052734,101.71862030029297,85.09310913085938,101.02069854736328,101.12843322753906,101.83841705322266,104.48786163330078,80.95238494873047,80,76.19047546386719,76.19047546386719,95,90,90.47618865966797,90.47618865966797,21.678150177001953,8589934592,1073741824,5027545088,290652160
209,1771646810533,3504,3504,3504,3504,3504,3504,3504,3504,104.14163970947266,102.43180847167969,101.23726654052734,101.71862030029297,85.09310913085938,101.02069854736328,101.12843322753906,101.83841705322266,104.48786163330078,80,75,75,75,89.47368621826172,95,90,89.47368621826172,21.678150177001953,8589934592,1073741824,5026807808,290652160
207,1771646810742,3504,3504,3504,3504,3504,3504,3504,3504,104.14163970947266,102.43180847167969,101.23726654052734,101.71862030029297,85.09310913085938,101.02069854736328,101.12843322753906,101.83841705322266,104.48786163330078,85.71428680419922,85,80.95238494873047,80,90.47618865966797,90.47618865966797,95,86.36363983154297,21.891136169433594,8589934592,1073741824,5008703488,290652160
203,1771646810950,3504,3504,3504,3504,3504,3504,3504,3504,104.14163970947266,102.43180847167969,101.23726654052734,101.71862030029297,85.09310913085938,101.02069854736328,101.12843322753906,101.83841705322266,104.48786163330078,80,80.95238494873047,80,76.19047546386719,90.90909576416016,95,86.36363983154297,90,21.891136169433594,8589934592,1073741824,5008654336,290652160
211,1771646811153,3504,3504,3504,3504,3504,3504,3504,3504,104.14163970947266,102.43180847167969,101.23726654052734,101.71862030029297,85.09310913085938,101.02069854736328,101.12843322753906,101.83841705322266,104.48786163330078,80,80,76.19047546386719,80,90,95,95,95.23809814453125,21.891136169433594,8589934592,1073741824,5008654336,290652160
200,1771646811365,3504,3504,3504,3504,3504,3504,3504,3504,104.9314193725586,102.8061752319336,101.74354553222656,102.45439910888672,85.28246307373047,100.7994155883789,100.86898040771484,101.65707397460938,104.20631408691406,80.95238494873047,77.2727279663086,80,77.2727279663086,95,90.47618865966797,90,85.71428680419922,21.891136169433594,8589934592,1073741824,5026775040,290652160
216,1771646811566,3504,3504,3504,3504,3504,3504,3504,3504,104.9314193725586,102.8061752319336,101.74354553222656,102.45439910888672,85.28246307373047,100.7994155883789,100.86898040771484,101.65707397460938,104.20631408691406,80,78.94737243652344,76.19047546386719,78.94737243652344,90.47618865966797,90,90.47618865966797,89.47368621826172,21.891136169433594,8589934592,1073741824,5026627584,290652160
209,1771646811783,3504,3504,3504,3504,3504,3504,3504,3504,104.9314193725586,102.8061752319336,101.74354553222656,102.45439910888672,85.28246307373047,100.7994155883789,100.86898040771484,101.65707397460938,104.20631408691406,78.26087188720703,82.60869598388672,80.95238494873047,77.2727279663086,91.30435180664063,90.90909576416016,95.45454406738281,86.9565200805664,21.659690856933594,8589934592,1073741824,5008556032,290652160
209,1771646811993,3504,3504,3504,3504,3504,3504,3504,3504,104.9314193725586,102.8061752319336,101.74354553222656,102.45439910888672,85.28246307373047,100.7994155883789,100.86898040771484,101.65707397460938,104.20631408691406,84.21052551269531,80,76.19047546386719,80.95238494873047,95.23809814453125,90.47618865966797,90,94.73684692382813,21.659690856933594,8589934592,1073741824,5008572416,290652160
209,1771646812203,3504,3504,3504,3504,3504,3504,3504,3504,104.78612518310547,103.17806243896484,102.00035095214844,102.44029235839844,85.450927734375,101.06610107421875,101.11221313476563,101.91026306152344,104.4185791015625,77.2727279663086,76.19047546386719,77.2727279663086,71.42857360839844,90,90.47618865966797,86.36363983154297,86.9565200805664,21.659690856933594,8589934592,1073741824,5026693120,290652160
205,1771646812413,3504,3504,3504,3504,3504,3504,3504,3504,104.78612518310547,103.17806243896484,102.00035095214844,102.44029235839844,85.450927734375,101.06610107421875,101.11221313476563,101.91026306152344,104.4185791015625,75,76.19047546386719,75,80.95238494873047,90.47618865966797,90.90909576416016,95,90,21.659690856933594,8589934592,1073741824,5026562048,290652160
209,1771646812618,3504,3504,3504,3504,3504,3504,3504,3504,104.78612518310547,103.17806243896484,102.00035095214844,102.44029235839844,85.450927734375,101.06610107421875,101.11221313476563,101.91026306152344,104.4185791015625,81.81818389892578,80.95238494873047,80,75,95.23809814453125,89.47368621826172,90.47618865966797,90,21.659690856933594,8589934592,1073741824,5008441344,290652160
204,1771646812828,3504,3504,3504,3504,3504,3504,3504,3504,104.78612518310547,103.17806243896484,102.00035095214844,102.44029235839844,85.450927734375,101.06610107421875,101.11221313476563,101.91026306152344,104.4185791015625,80,80,76.19047546386719,80.95238494873047,90,90.90909576416016,95,86.36363983154297,21.517011642456055,8589934592,1073741824,5008441344,290652160
209,1771646813033,3504,3504,3504,3504,3504,3504,3504,3504,104.78612518310547,103.17806243896484,102.00035095214844,102.44029235839844,85.450927734375,101.06610107421875,101.11221313476563,101.91026306152344,104.4185791015625,80,80.95238494873047,77.2727279663086,76.19047546386719,95,90,90.90909576416016,90.47618865966797,21.517011642456055,8589934592,1073741824,5009293312,290652160
208,1771646813243,3504,3504,3504,3504,3504,3504,3504,3504,104.88975524902344,103.14231872558594,101.952880859375,102.48876953125,85.55404663085938,101.26163482666016,101.21492767333984,102.14495086669922,104.46241760253906,80.95238494873047,76.19047546386719,75,76.19047546386719,90.90909576416016,95.23809814453125,94.73684692382813,90,21.517011642456055,8589934592,1073741824,5009293312,290652160
209,1771646813451,3504,3504,3504,3504,3504,3504,3504,3504,104.88975524902344,103.14231872558594,101.952880859375,102.48876953125,85.55404663085938,101.26163482666016,101.21492767333984,102.14495086669922,104.46241760253906,80,78.94737243652344,80,80,95,90.47618865966797,90.90909576416016,90,21.517011642456055,8589934592,1073741824,5026889728,290652160
207,1771646813661,3504,3504,3504,3504,3504,3504,3504,3504,104.88975524902344,103.14231872558594,101.952880859375,102.48876953125,85.55404663085938,101.26163482666016,101.21492767333984,102.14495086669922,104.46241760253906,81.81818389892578,77.2727279663086,77.2727279663086,80.95238494873047,90.47618865966797,85.71428680419922,90.47618865966797,90.90909576416016,21.517011642456055,8589934592,1073741824,5008867328,290652160
209,1771646813869,3504,3504,3504,3504,3504,3504,3504,3504,104.88975524902344,103.14231872558594,101.952880859375,102.48876953125,85.55404663085938,101.26163482666016,101.21492767333984,102.14495086669922,104.46241760253906,80,76.19047546386719,80,80,90.90909576416016,95.23809814453125,95,90,22.68385124206543,8589934592,1073741824,5008818176,290652160
211,1771646814079,3504,3504,3504,3504,3504,3504,3504,3504,104.88975524902344,103.14231872558594,101.952880859375,102.48876953125,85.55404663085938,101.26163482666016,101.21492767333984,102.14495086669922,104.46241760253906,80.95238494873047,80,80.95238494873047,77.2727279663086,94.73684692382813,90,90.47618865966797,90.90909576416016,22.68385124206543,8589934592,1073741824,5008900096,290652160
209,1771646814291,3504,3504,3504,3504,3504,3504,3504,3504,105.18299102783203,103.41532897949219,102.2588882446289,102.76148986816406,85.77536010742188,101.58538055419922,101.65452575683594,102.40077209472656,104.97686004638672,80.95238494873047,81.81818389892578,76.19047546386719,80,90.90909576416016,90.90909576416016,90.47618865966797,85,22.68385124206543,8589934592,1073741824,5027020800,290652160
202,1771646814501,3504,3504,3504,3504,3504,3504,3504,3504,105.18299102783203,103.41532897949219,102.2588882446289,102.76148986816406,85.77536010742188,101.58538055419922,101.65452575683594,102.40077209472656,104.97686004638672,81.81818389892578,76.19047546386719,80.95238494873047,78.26087188720703,90.47618865966797,95,90.47618865966797,90.90909576416016,22.68385124206543,8589934592,1073741824,5008916480,290652160
209,1771646814703,3504,3504,3504,3504,3504,3504,3504,3504,105.18299102783203,103.41532897949219,102.2588882446289,102.76148986816406,85.77536010742188,101.58538055419922,101.65452575683594,102.40077209472656,104.97686004638672,78.94737243652344,80.95238494873047,80,84.21052551269531,90.47618865966797,90,95.23809814453125,94.73684692382813,22.261791229248047,8589934592,1073741824,5027807232,290652160
212,1771646814913,3504,3504,3504,3504,3504,3504,3504,3504,105.18299102783203,103.41532897949219,102.2588882446289,102.76148986816406,85.77536010742188,101.58538055419922,101.65452575683594,102.40077209472656,104.97686004638672,85.71428680419922,78.94737243652344,80,75,90,90.90909576416016,90,90.47618865966797,22.261791229248047,8589934592,1073741824,5009735680,290652160
206,1771646815126,3504,3504,3504,3504,3504,3504,3504,3504,105.18299102783203,103.41532897949219,102.2588882446289,102.76148986816406,85.77536010742188,101.58538055419922,101.65452575683594,102.40077209472656,104.97686004638672,80.95238494873047,77.2727279663086,81.81818389892578,77.2727279663086,95.23809814453125,90.47618865966797,90.90909576416016,90.90909576416016,22.261791229248047,8589934592,1073741824,5009752064,290652160
210,1771646815333,3504,3504,3504,3504,3504,3504,3504,3504,105.27011108398438,103.34848022460938,102.22285461425781,102.78135681152344,85.94132995605469,101.54804229736328,101.6723403930664,102.40398406982422,105.03517150878906,80.95238494873047,76.19047546386719,75,75,90.90909576416016,95,90.47618865966797,90,22.261791229248047,8589934592,1073741824,5009752064,290652160
207,1771646815543,3504,3504,3504,3504,3504,3504,3504,3504,105.27011108398438,103.34848022460938,102.22285461425781,102.78135681152344,85.94132995605469,101.54804229736328,101.6723403930664,102.40398406982422,105.03517150878906,76.19047546386719,80.95238494873047,76.19047546386719,77.2727279663086,95,90.90909576416016,90,86.9565200805664,22.261791229248047,8589934592,1073741824,5027889152,290652160
209,1771646815751,3504,3504,3504,3504,3504,3504,3504,3504,105.27011108398438,103.34848022460938,102.22285461425781,102.78135681152344,85.94132995605469,101.54804229736328,101.6723403930664,102.40398406982422,105.03517150878906,80.95238494873047,76.19047546386719,76.19047546386719,75,90,90,90.47618865966797,89.47368621826172,21.757368087768555,8589934592,1073741824,5002280960,290652160
213,1771646815961,3504,3504,3504,3504,3504,3504,3504,3504,105.27011108398438,103.34848022460938,102.22285461425781,102.78135681152344,85.94132995605469,101.54804229736328,101.6723403930664,102.40398406982422,105.03517150878906,80.95238494873047,80,80.95238494873047,76.19047546386719,90.47618865966797,95.23809814453125,90.47618865966797,90.47618865966797,21.757368087768555,8589934592,1073741824,5010210816,290652160
208,1771646816176,3504,3504,3504,3504,3504,3504,3504,3504,105.27011108398438,103.76690673828125,102.6399154663086,103.27498626708984,86.07806396484375,101.65983581542969,101.65853881835938,102.48072052001953,104.98770904541016,85.71428680419922,85.71428680419922,77.2727279663086,80.95238494873047,90.90909576416016,95.23809814453125,90.90909576416016,90.47618865966797,21.757368087768555,8589934592,1073741824,5010407424,290652160
209,1771646816385,3504,3504,3504,3504,3504,3504,3504,3504,105.77486419677734,103.76690673828125,102.6399154663086,103.27498626708984,86.07806396484375,101.65983581542969,101.65853881835938,102.48072052001953,104.98770904541016,76.19047546386719,72.7272720336914,76.19047546386719,77.2727279663086,90.47618865966797,90.90909576416016,85.71428680419922,86.36363983154297,21.757368087768555,8589934592,1073741824,5026250752,290652160
209,1771646816596,3504,3504,3504,3504,3504,3504,3504,3504,105.77486419677734,103.76690673828125,102.6399154663086,103.27498626708984,86.07806396484375,101.65983581542969,101.65853881835938,102.48072052001953,104.98770904541016,80.95238494873047,75,76.19047546386719,75,95.23809814453125,90,90.47618865966797,90.47618865966797,21.757368087768555,8589934592,1073741824,5026791424,290652160
208,1771646816806,3504,3504,3504,3504,3504,3504,3504,3504,105.77486419677734,103.76690673828125,102.6399154663086,103.27498626708984,86.07806396484375,101.65983581542969,101.65853881835938,102.48072052001953,104.98770904541016,80,80,80,80.95238494873047,90.47618865966797,90.47618865966797,90.47618865966797,90.47618865966797,21.695459365844727,8589934592,1073741824,5008736256,290652160
205,1771646817014,3504,3504,3504,3504,3504,3504,3504,3504,105.77486419677734,103.76690673828125,102.6399154663086,103.27498626708984,86.07806396484375,101.65983581542969,101.65853881835938,102.48072052001953,104.98770904541016,76.19047546386719,77.2727279663086,76.19047546386719,70,90.47618865966797,90.90909576416016,90,85,21.695459365844727,8589934592,1073741824,5008736256,290652160
209,1771646817220,3504,3504,3504,3504,3504,3504,3504,3504,105.68973541259766,103.7286376953125,102.60700988769531,103.2121353149414,86.12960052490234,101.56068420410156,101.63142395019531,102.31239318847656,104.96098327636719,80,80,76.19047546386719,80.95238494873047,90,90,90,90.47618865966797,21.695459365844727,8589934592,1073741824,5008752640,290652160
207,1771646817430,3504,3504,3504,3504,3504,3504,3504,3504,105.68973541259766,103.7286376953125,102.60700988769531,103.2121353149414,86.12960052490234,101.56068420410156,101.63142395019531,102.31239318847656,104.96098327636719,77.2727279663086,76.19047546386719,80,76.19047546386719,86.36363983154297,95,90.90909576416016,85.71428680419922,21.695459365844727,8589934592,1073741824,5008703488,290652160
208,1771646817637,3504,3504,3504,3504,3504,3504,3504,3504,105.68973541259766,103.7286376953125,102.60700988769531,103.2121353149414,86.12960052490234,101.56068420410156,101.63142395019531,102.31239318847656,104.96098327636719,80,75,76.19047546386719,76.19047546386719,95,86.36363983154297,90,90.47618865966797,21.695459365844727,8589934592,1073741824,5008785408,290652160
207,1771646817846,3504,3504,3504,3504,3504,3504,3504,3504,105.68973541259766,103.7286376953125,102.60700988769531,103.2121353149414,86.12960052490234,101.56068420410156,101.63142395019531,102.31239318847656,104.96098327636719,80,77.2727279663086,76.19047546386719,80.95238494873047,90.47618865966797,90.47618865966797,90.90909576416016,95,21.6822566986084,8589934592,1073741824,5026889728,290652160
200,1771646818054,3504,3504,3504,3504,3504,3504,3504,3504,105.68973541259766,103.7286376953125,102.60700988769531,103.2121353149414,86.12960052490234,101.56068420410156,101.63142395019531,102.31239318847656,104.96098327636719,77.2727279663086,76.19047546386719,75,75,90,90,90,85.71428680419922,21.6822566986084,8589934592,1073741824,5026889728,290652160
214,1771646818254,3504,3504,3504,3504,3504,3504,3504,3504,105.29657745361328,103.54290771484375,102.35371398925781,102.82420349121094,86.17293548583984,102.05904388427734,102.15076446533203,102.8434829711914,105.42618560791016,80,80,80,75,90,90.47618865966797,90.47618865966797,90,21.6822566986084,8589934592,1073741824,5026906112,290652160
209,1771646818469,3504,3504,3504,3504,3504,3504,3504,3504,105.29657745361328,103.54290771484375,102.35371398925781,102.82420349121094,86.17293548583984,102.05904388427734,102.15076446533203,102.8434829711914,105.42618560791016,80.95238494873047,80,78.26087188720703,77.2727279663086,90.90909576416016,95,90.47618865966797,86.36363983154297,21.6822566986084,8589934592,1073741824,5008736256,290652160
203,1771646818679,3504,3504,3504,3504,3504,3504,3504,3504,105.29657745361328,103.54290771484375,102.35371398925781,102.82420349121094,86.17293548583984,102.05904388427734,102.15076446533203,102.8434829711914,105.42618560791016,85.71428680419922,77.2727279663086,80,80.95238494873047,90.47618865966797,95,90.47618865966797,90,22.17220115661621,8589934592,1073741824,5008769024,290652160
209,1771646818883,3504,3504,3504,3504,3504,3504,3504,3504,105.29657745361328,103.54290771484375,102.35371398925781,102.82420349121094,86.17293548583984,102.05904388427734,102.15076446533203,102.8434829711914,105.42618560791016,78.94737243652344,80,75,78.94737243652344,95,90.90909576416016,95,90.47618865966797,22.17220115661621,8589934592,1073741824,5008769024,290652160
206,1771646819093,3504,3504,3504,3504,3504,3504,3504,3504,105.29657745361328,103.54290771484375,102.35371398925781,102.82420349121094,86.17293548583984,102.05904388427734,102.15076446533203,102.8434829711914,105.42618560791016,78.26087188720703,76.19047546386719,76.19047546386719,76.19047546386719,90.47618865966797,90.47618865966797,90.47618865966797,85.71428680419922,22.17220115661621,8589934592,1073741824,5026840576,290652160
207,1771646819300,3504,3504,3504,3504,3504,3504,3504,3504,106.21284484863281,104.22949981689453,103.07067108154297,103.67426300048828,86.43335723876953,102.06199645996094,102.00838470458984,102.91986846923828,105.29290771484375,80,80,80.95238494873047,81.81818389892578,95.23809814453125,90.47618865966797,90,90.47618865966797,22.17220115661621,8589934592,1073741824,5000757248,290652160
208,1771646819508,3504,3504,3504,3504,3504,3504,3504,3504,106.21284484863281,104.22949981689453,103.07067108154297,103.67426300048828,86.43335723876953,102.06199645996094,102.00838470458984,102.91986846923828,105.29290771484375,85,80.95238494873047,80.95238494873047,80,90.47618865966797,95,90.90909576416016,95,22.17220115661621,8589934592,1073741824,5009047552,290652160
200,1771646819717,3504,3504,3504,3504,3504,3504,3504,3504,106.21284484863281,104.22949981689453,103.07067108154297,103.67426300048828,86.43335723876953,102.06199645996094,102.00838470458984,102.91986846923828,105.29290771484375,81.81818389892578,80.95238494873047,75,76.19047546386719,95,90.90909576416016,94.73684692382813,90.47618865966797,22.255266189575195,8589934592,1073741824,5009047552,290652160
209,1771646819917,3504,3504,3504,3504,3504,3504,3504,3504,106.21284484863281,104.22949981689453,103.07067108154297,103.67426300048828,86.43335723876953,102.06199645996094,102.00838470458984,102.91986846923828,105.29290771484375,78.94737243652344,75,80,78.94737243652344,90,89.47368621826172,90.47618865966797,90,22.255266189575195,8589934592,1073741824,5009752064,290652160
203,1771646820127,3504,3504,3504,3504,3504,3504,3504,3504,106.21284484863281,104.22949981689453,103.07067108154297,103.67426300048828,86.43335723876953,102.06199645996094,102.00838470458984,102.91986846923828,105.29290771484375,80.95238494873047,80,77.2727279663086,76.19047546386719,90.90909576416016,95.23809814453125,90.90909576416016,90.47618865966797,22.255266189575195,8589934592,1073741824,5016846336,290652160
201,1771646820331,3504,3504,3504,3504,3504,3504,3504,3504,106.36726379394531,104.44598388671875,103.29698181152344,103.87545013427734,86.77725982666016,102.53240203857422,102.6272201538086,103.31476593017578,106.00104522705078,78.94737243652344,76.19047546386719,80,77.2727279663086,90,90.47618865966797,89.47368621826172,90.47618865966797,22.255266189575195,8589934592,1073741824,5016846336,290652160
209,1771646820533,3504,3504,3504,3504,3504,3504,3504,3504,106.36726379394531,104.44598388671875,103.29698181152344,103.87545013427734,86.77725982666016,102.53240203857422,102.6272201538086,103.31476593017578,106.00104522705078,77.2727279663086,80,78.94737243652344,78.94737243652344,90,94.73684692382813,90.47618865966797,84.21052551269531,22.255266189575195,8589934592,1073741824,5016846336,290652160
208,1771646820743,3504,3504,3504,3504,3504,3504,3504,3504,106.36726379394531,104.44598388671875,103.29698181152344,103.87545013427734,86.77725982666016,102.53240203857422,102.6272201538086,103.31476593017578,106.00104522705078,80,80.95238494873047,76.19047546386719,76.19047546386719,90.47618865966797,90.47618865966797,90.47618865966797,90.90909576416016,22.124635696411133,8589934592,1073741824,5033738240,290652160
209,1771646820951,3504,3504,3504,3504,3504,3504,3504,3504,106.36726379394531,104.44598388671875,103.29698181152344,103.87545013427734,86.77725982666016,102.53240203857422,102.6272201538086,103.31476593017578,106.00104522705078,80.95238494873047,80.95238494873047,76.19047546386719,76.19047546386719,95.23809814453125,95.23809814453125,90.47618865966797,90,22.124635696411133,8589934592,1073741824,5016010752,290652160
209,1771646821161,3504,3504,3504,3504,3504,3504,3504,3504,106.36726379394531,104.44598388671875,103.29698181152344,103.87545013427734,86.77725982666016,102.53240203857422,102.6272201538086,103.31476593017578,106.00104522705078,80.95238494873047,80,81.81818389892578,80,90,90.47618865966797,90,85.71428680419922,22.124635696411133,8589934592,1073741824,5016141824,290652160
209,1771646821371,3504,3504,3504,3504,3504,3504,3504,3504,106.62515258789063,104.59740447998047,103.4902114868164,104.08787536621094,86.84851837158203,102.44869995117188,102.39757537841797,103.23324584960938,105.75334167480469,80.95238494873047,76.19047546386719,75,77.2727279663086,95.45454406738281,95.45454406738281,90.47618865966797,90.90909576416016,22.124635696411133,8589934592,1073741824,5022171136,290652160
201,1771646821581,3504,3504,3504,3504,3504,3504,3504,3504,106.62515258789063,104.59740447998047,103.4902114868164,104.08787536621094,86.84851837158203,102.44869995117188,102.39757537841797,103.23324584960938,105.75334167480469,80.95238494873047,80.95238494873047,80.95238494873047,76.19047546386719,90.47618865966797,85.71428680419922,90.90909576416016,90,22.124635696411133,8589934592,1073741824,5023678464,290652160
209,1771646821783,3504,3504,3504,3504,3504,3504,3504,3504,106.62515258789063,104.59740447998047,103.4902114868164,104.08787536621094,86.84851837158203,102.44869995117188,102.39757537841797,103.23324584960938,105.75334167480469,80,76.19047546386719,80,75,90,95,89.47368621826172,90.47618865966797,21.86397933959961,8589934592,1073741824,5024808960,290652160
207,1771646821992,3504,3504,3504,3504,3504,3504,3504,3504,106.62515258789063,104.59740447998047,103.4902114868164,104.08787536621094,86.84851837158203,102.44869995117188,102.39757537841797,103.23324584960938,105.75334167480469,80,76.19047546386719,76.19047546386719,76.19047546386719,90,90,95.23809814453125,85.71428680419922,21.86397933959961,8589934592,1073741824,5015781376,290652160
206,1771646822202,3504,3504,3504,3504,3504,3504,3504,3504,106.4177017211914,104.61180877685547,103.45469665527344,103.92765045166016,87.00743103027344,102.818359375,102.88077545166016,103.6026611328125,106.16860961914063,76.19047546386719,80,80,78.94737243652344,90.47618865966797,90.47618865966797,90.47618865966797,90.47618865966797,21.86397933959961,8589934592,1073741824,5015781376,290652160
207,1771646822408,3504,3504,3504,3504,3504,3504,3504,3504,106.4177017211914,104.61180877685547,103.45469665527344,103.92765045166016,87.00743103027344,102.818359375,102.88077545166016,103.6026611328125,106.16860961914063,80.95238494873047,80.95238494873047,76.19047546386719,81.81818389892578,95.23809814453125,95.23809814453125,95.23809814453125,94.73684692382813,21.86397933959961,8589934592,1073741824,5015781376,290652160
204,1771646822616,3504,3504,3504,3504,3504,3504,3504,3504,106.4177017211914,104.61180877685547,103.45469665527344,103.92765045166016,87.00743103027344,102.818359375,102.88077545166016,103.6026611328125,106.16860961914063,76.19047546386719,76.19047546386719,75,76.19047546386719,90.47618865966797,85.71428680419922,90,85.71428680419922,21.86397933959961,8589934592,1073741824,5015781376,290652160
207,1771646822821,3504,3504,3504,3504,3504,3504,3504,3504,106.4177017211914,104.61180877685547,103.45469665527344,103.92765045166016,87.00743103027344,102.818359375,102.88077545166016,103.6026611328125,106.16860961914063,85,80,80.95238494873047,80,95,90,85.71428680419922,95,21.52988052368164,8589934592,1073741824,5032919040,290652160
209,1771646823028,3504,3504,3504,3504,3504,3504,3504,3504,106.4177017211914,104.61180877685547,103.45469665527344,103.92765045166016,87.00743103027344,102.818359375,102.88077545166016,103.6026611328125,106.16860961914063,80,80,80,80,90,95.23809814453125,95.23809814453125,86.36363983154297,21.52988052368164,8589934592,1073741824,5016010752,290652160
209,1771646823238,3504,3504,3504,3504,3504,3504,3504,3504,106.4789047241211,104.86271667480469,103.70482635498047,104.04865264892578,87.14374542236328,103.03669738769531,103.11627960205078,103.77537536621094,106.4515151977539,85.71428680419922,80.95238494873047,81.81818389892578,77.2727279663086,90.90909576416016,90.47618865966797,90,95,21.52988052368164,8589934592,1073741824,5017337856,290652160
204,1771646823448,3504,3504,3504,3504,3504,3504,3504,3504,106.4789047241211,104.86271667480469,103.70482635498047,104.04865264892578,87.14374542236328,103.03669738769531,103.11627960205078,103.77537536621094,106.4515151977539,81.81818389892578,80,80,80,90,95.23809814453125,90,86.36363983154297,21.52988052368164,8589934592,1073741824,5017141248,290652160
209,1771646823653,3504,3504,3504,3504,3504,3504,3504,3504,106.4789047241211,104.86271667480469,103.70482635498047,104.04865264892578,87.14374542236328,103.03669738769531,103.11627960205078,103.77537536621094,106.4515151977539,80,81.81818389892578,80.95238494873047,80,90.90909576416016,90,90.90909576416016,90,21.52988052368164,8589934592,1073741824,5034016768,290652160
206,1771646823863,3504,3504,3504,3504,3504,3504,3504,3504,106.4789047241211,104.86271667480469,103.70482635498047,104.04865264892578,87.14374542236328,103.03669738769531,103.11627960205078,103.77537536621094,106.4515151977539,80.95238494873047,80,76.19047546386719,76.19047546386719,95,90.47618865966797,90.47618865966797,90.90909576416016,22.317495346069336,8589934592,1073741824,5034049536,290652160
199,1771646824070,3504,3504,3504,3504,3504,3504,3504,3504,106.4789047241211,104.86271667480469,103.70482635498047,104.04865264892578,87.14374542236328,103.03669738769531,103.11627960205078,103.77537536621094,106.4515151977539,80,71.42857360839844,76.19047546386719,75,90.47618865966797,90.47618865966797,90,90,22.317495346069336,8589934592,1073741824,5009735680,290652160
200,1771646824270,3504,3504,3504,3504,3504,3504,3504,3504,106.90505981445313,104.96981048583984,103.7602767944336,104.40644836425781,87.34635162353516,103.0844955444336,103.10292053222656,103.81468963623047,106.49266815185547,78.94737243652344,80,80,77.2727279663086,90,94.73684692382813,90.47618865966797,90,22.317495346069336,8589934592,1073741824,5012062208,290652160
210,1771646824470,3504,3504,3504,3504,3504,3504,3504,3504,106.90505981445313,104.96981048583984,103.7602767944336,104.40644836425781,87.34635162353516,103.0844955444336,103.10292053222656,103.81468963623047,106.49266815185547,76.19047546386719,73.68421173095703,73.68421173095703,73.68421173095703,90,85.71428680419922,90,89.47368621826172,22.317495346069336,8589934592,1073741824,5033951232,290652160
211,1771646824681,3504,3504,3504,3504,3504,3504,3504,3504,106.90505981445313,104.96981048583984,103.7602767944336,104.40644836425781,87.34635162353516,103.0844955444336,103.10292053222656,103.81468963623047,106.49266815185547,80.95238494873047,81.81818389892578,80.95238494873047,75,90.47618865966797,90.47618865966797,90,90.47618865966797,22.128562927246094,8589934592,1073741824,5034229760,290652160
210,1771646824893,3504,3504,3504,3504,3504,3504,3504,3504,106.90505981445313,104.96981048583984,103.7602767944336,104.40644836425781,87.34635162353516,103.0844955444336,103.10292053222656,103.81468963623047,106.49266815185547,80.95238494873047,80,77.2727279663086,78.26087188720703,90.90909576416016,90,90.90909576416016,90.47618865966797,22.128562927246094,8589934592,1073741824,5017354240,290652160
209,1771646825103,3504,3504,3504,3504,3504,3504,3504,3504,106.90505981445313,104.96981048583984,103.7602767944336,104.40644836425781,87.34635162353516,103.0844955444336,103.10292053222656,103.81468963623047,106.49266815185547,77.2727279663086,77.2727279663086,75,80,90,90.90909576416016,90.47618865966797,86.36363983154297,22.128562927246094,8589934592,1073741824,5034360832,290652160
202,1771646825313,3504,3504,3504,3504,3504,3504,3504,3504,106.43010711669922,104.56160736083984,103.28489685058594,103.82466125488281,87.27899932861328,102.81279754638672,102.94598388671875,103.67221069335938,106.3954086303711,80,80.95238494873047,80.95238494873047,76.19047546386719,95.23809814453125,90.47618865966797,90.47618865966797,90,22.128562927246094,8589934592,1073741824,5037408256,290652160
209,1771646825516,3504,3504,3504,3504,3504,3504,3504,3504,106.43010711669922,104.56160736083984,103.28489685058594,103.82466125488281,87.27899932861328,102.81279754638672,102.94598388671875,103.67221069335938,106.3954086303711,80,75,76.19047546386719,80,85.71428680419922,90.47618865966797,95,86.36363983154297,22.128562927246094,8589934592,1073741824,5009948672,290652160
206,1771646825726,3504,3504,3504,3504,3504,3504,3504,3504,106.43010711669922,104.56160736083984,103.28489685058594,103.82466125488281,87.27899932861328,102.81279754638672,102.94598388671875,103.67221069335938,106.3954086303711,80.95238494873047,80.95238494873047,80.95238494873047,76.19047546386719,95.23809814453125,95,90.47618865966797,90,21.858524322509766,8589934592,1073741824,5020499968,290652160
210,1771646825933,3504,3504,3504,3504,3504,3504,3504,3504,106.43010711669922,104.56160736083984,103.28489685058594,103.82466125488281,87.27899932861328,102.81279754638672,102.94598388671875,103.67221069335938,106.3954086303711,80,80,80,80.95238494873047,90,95,90.47618865966797,90,21.858524322509766,8589934592,1073741824,5017501696,290652160
209,1771646826143,3504,3504,3504,3504,3504,3504,3504,3504,106.43010711669922,104.56160736083984,103.28489685058594,103.82466125488281,87.27899932861328,102.81279754638672,102.94598388671875,103.67221069335938,106.3954086303711,81.81818389892578,80.95238494873047,80.95238494873047,80.95238494873047,95.23809814453125,90.90909576416016,95.23809814453125,90.47618865966797,21.858524322509766,8589934592,1073741824,5038620672,290652160
202,1771646826353,3504,3504,3504,3504,3504,3504,3504,3504,107.40359497070313,105.46586608886719,104.35330963134766,104.91162109375,87.603759765625,103.43299865722656,103.16191864013672,104.28834533691406,106.48884582519531,80,76.19047546386719,71.42857360839844,76.19047546386719,90.47618865966797,90.47618865966797,90,85.71428680419922,21.858524322509766,8589934592,1073741824,5017468928,290652160
209,1771646826556,3504,3504,3504,3504,3504,3504,3504,3504,107.40359497070313,105.46586608886719,104.35330963134766,104.91162109375,87.603759765625,103.43299865722656,103.16191864013672,104.28834533691406,106.48884582519531,85.71428680419922,80.95238494873047,80,80,90,94.73684692382813,95,90.47618865966797,21.858524322509766,8589934592,1073741824,5017501696,290652160
203,1771646826766,3504,3504,3504,3504,3504,3504,3504,3504,107.40359497070313,105.46586608886719,104.35330963134766,104.91162109375,87.603759765625,103.43299865722656,103.16191864013672,104.28834533691406,106.48884582519531,80,75,80.95238494873047,80.95238494873047,90.47618865966797,90.90909576416016,86.36363983154297,90.47618865966797,21.49604606628418,8589934592,1073741824,5017501696,290652160
200,1771646826969,3504,3504,3504,3504,3504,3504,3504,3504,107.40359497070313,105.46586608886719,104.35330963134766,104.91162109375,87.603759765625,103.43299865722656,103.16191864013672,104.28834533691406,106.48884582519531,80,80.95238494873047,75,75,95,94.73684692382813,95,90.47618865966797,21.49604606628418,8589934592,1073741824,5017534464,290652160
209,1771646827170,3504,3504,3504,3504,3504,3504,3504,3504,107.40359497070313,105.46586608886719,104.35330963134766,104.91162109375,87.603759765625,103.43299865722656,103.16191864013672,104.28834533691406,106.48884582519531,85.71428680419922,84.21052551269531,80.95238494873047,80,90.47618865966797,90.47618865966797,90,90,21.49604606628418,8589934592,1073741824,5017534464,290652160
209,1771646827380,3504,3504,3504,3504,3504,3504,3504,3504,107.45174407958984,105.61627960205078,104.47506713867188,104.9851303100586,87.8459701538086,103.58821868896484,103.6934585571289,104.32425689697266,107.03886413574219,80,72.7272720336914,75,76.19047546386719,90.47618865966797,86.36363983154297,86.36363983154297,90.47618865966797,21.49604606628418,8589934592,1073741824,5038555136,290652160
215,1771646827590,3504,3504,3504,3504,3504,3504,3504,3504,107.45174407958984,105.61627960205078,104.47506713867188,104.9851303100586,87.8459701538086,103.58821868896484,103.6934585571289,104.32425689697266,107.03886413574219,81.81818389892578,80,80.95238494873047,80.95238494873047,95,94.73684692382813,90,90,21.49604606628418,8589934592,1073741824,5039095808,290652160
203,1771646827806,3504,3504,3504,3504,3504,3504,3504,3504,107.45174407958984,105.61627960205078,104.47506713867188,104.9851303100586,87.8459701538086,103.58821868896484,103.6934585571289,104.32425689697266,107.03886413574219,81.81818389892578,81.81818389892578,80.95238494873047,77.2727279663086,95.23809814453125,90.90909576416016,90.90909576416016,85.71428680419922,21.79953956604004,8589934592,1073741824,5016256512,290652160
209,1771646828009,3504,3504,3504,3504,3504,3504,3504,3504,107.45174407958984,105.61627960205078,104.47506713867188,104.9851303100586,87.8459701538086,103.58821868896484,103.6934585571289,104.32425689697266,107.03886413574219,78.94737243652344,75,76.19047546386719,73.68421173095703,90.47618865966797,90,90,90.47618865966797,21.79953956604004,8589934592,1073741824,5016158208,290652160
200,1771646828219,3504,3504,3504,3504,3504,3504,3504,3504,107.28670501708984,105.73523712158203,104.49251556396484,104.89576721191406,87.91854858398438,103.49939727783203,103.41677856445313,104.21895599365234,106.81255340576172,77.2727279663086,76.19047546386719,75,77.2727279663086,95.23809814453125,90.90909576416016,90.47618865966797,90,21.79953956604004,8589934592,1073741824,5016141824,290652160
201,1771646828420,3504,3504,3504,3504,3504,3504,3504,3504,107.28670501708984,105.73523712158203,104.49251556396484,104.89576721191406,87.91854858398438,103.49939727783203,103.41677856445313,104.21895599365234,106.81255340576172,84.21052551269531,80,80.95238494873047,78.94737243652344,90,90,94.73684692382813,90.47618865966797,21.79953956604004,8589934592,1073741824,5015896064,290652160
206,1771646828622,3504,3504,3504,3504,3504,3504,3504,3504,107.28670501708984,105.73523712158203,104.49251556396484,104.89576721191406,87.91854858398438,103.49939727783203,103.41677856445313,104.21895599365234,106.81255340576172,85,80,84.21052551269531,76.19047546386719,95,90,86.36363983154297,95,21.79953956604004,8589934592,1073741824,5025071104,290652160
200,1771646828828,3504,3504,3504,3504,3504,3504,3504,3504,107.28670501708984,105.73523712158203,104.49251556396484,104.89576721191406,87.91854858398438,103.49939727783203,103.41677856445313,104.21895599365234,106.81255340576172,75,80.95238494873047,76.19047546386719,75,85.71428680419922,90,94.73684692382813,85.71428680419922,22.024736404418945,8589934592,1073741824,5033033728,290652160
206,1771646829029,3504,3504,3504,3504,3504,3504,3504,3504,107.28670501708984,105.73523712158203,104.49251556396484,104.89576721191406,87.91854858398438,103.49939727783203,103.41677856445313,104.21895599365234,106.81255340576172,85,80,80,80,95,90.47618865966797,90.47618865966797,95,22.024736404418945,8589934592,1073741824,5032280064,290652160
211,1771646829236,3504,3504,3504,3504,3504,3504,3504,3504,107.46183776855469,105.6752700805664,104.48123168945313,105.01078033447266,88.00431823730469,104.01944732666016,104.05364227294922,104.73981475830078,107.45623016357422,80.95238494873047,80,75,75,90.47618865966797,95,90.47618865966797,85.71428680419922,22.024736404418945,8589934592,1073741824,5032345600,290652160
211,1771646829448,3504,3504,3504,3504,3504,3504,3504,3504,107.46183776855469,105.6752700805664,104.48123168945313,105.01078033447266,88.00431823730469,104.01944732666016,104.05364227294922,104.73981475830078,107.45623016357422,76.19047546386719,76.19047546386719,71.42857360839844,76.19047546386719,90.47618865966797,90.47618865966797,90,85,22.024736404418945,8589934592,1073741824,5016469504,290652160
210,1771646829659,3504,3504,3504,3504,3504,3504,3504,3504,107.46183776855469,105.6752700805664,104.48123168945313,105.01078033447266,88.00431823730469,104.01944732666016,104.05364227294922,104.73981475830078,107.45623016357422,80.95238494873047,80.95238494873047,81.81818389892578,76.19047546386719,85.71428680419922,90.90909576416016,90.90909576416016,90.90909576416016,22.024736404418945,8589934592,1073741824,5016305664,290652160
209,1771646829870,3504,3504,3504,3504,3504,3504,3504,3504,107.46183776855469,105.6752700805664,104.48123168945313,105.01078033447266,88.00431823730469,104.01944732666016,104.05364227294922,104.73981475830078,107.45623016357422,80.95238494873047,80.95238494873047,76.19047546386719,77.2727279663086,95.23809814453125,95,85.71428680419922,90,22.214183807373047,8589934592,1073741824,5016715264,290652160
202,1771646830080,3504,3504,3504,3504,3504,3504,3504,3504,107.46183776855469,105.6752700805664,104.48123168945313,105.01078033447266,88.00431823730469,104.01944732666016,104.05364227294922,104.73981475830078,107.45623016357422,85,77.2727279663086,80.95238494873047,80.95238494873047,95.23809814453125,90.47618865966797,90.47618865966797,90.90909576416016,22.214183807373047,8589934592,1073741824,5032476672,290652160
209,1771646830283,3504,3504,3504,3504,3504,3504,3504,3504,107.85263061523438,106.0158920288086,104.79180145263672,105.31095886230469,88.04920959472656,103.711181640625,103.65885162353516,104.42700958251953,106.99742889404297,81.81818389892578,85,80,84.21052551269531,95,95.23809814453125,94.73684692382813,90,22.214183807373047,8589934592,1073741824,5022302208,290652160
208,1771646830493,3504,3504,3504,3504,3504,3504,3504,3504,107.85263061523438,106.0158920288086,104.79180145263672,105.31095886230469,88.04920959472656,103.711181640625,103.65885162353516,104.42700958251953,106.99742889404297,80,80,77.2727279663086,77.2727279663086,95,85,86.36363983154297,90,22.214183807373047,8589934592,1073741824,5016453120,290652160
206,1771646830701,3504,3504,3504,3504,3504,3504,3504,3504,107.85263061523438,106.0158920288086,104.79180145263672,105.31095886230469,88.04920959472656,103.711181640625,103.65885162353516,104.42700958251953,106.99742889404297,80.95238494873047,76.19047546386719,75,75,90.47618865966797,90.47618865966797,90,86.36363983154297,21.804096221923828,8589934592,1073741824,5016879104,290652160
208,1771646830907,3504,3504,3504,3504,3504,3504,3504,3504,107.85263061523438,106.0158920288086,104.79180145263672,105.31095886230469,88.04920959472656,103.711181640625,103.65885162353516,104.42700958251953,106.99742889404297,80,80,80,80.95238494873047,90.47618865966797,95.23809814453125,90.90909576416016,95,21.804096221923828,8589934592,1073741824,5016879104,290652160
209,1771646831116,3504,3504,3504,3504,3504,3504,3504,3504,107.85263061523438,106.0158920288086,104.79180145263672,105.31095886230469,88.04920959472656,103.711181640625,103.65885162353516,104.42700958251953,106.99742889404297,81.81818389892578,80.95238494873047,80,80.95238494873047,90.47618865966797,90.47618865966797,90,90.47618865966797,21.804096221923828,8589934592,1073741824,5017026560,290652160
210,1771646831326,3504,3504,3504,3504,3504,3504,3504,3504,107.74467468261719,105.96165466308594,104.77099609375,105.25879669189453,88.16555786132813,104.02424621582031,104.2430419921875,104.72796630859375,107.68107604980469,80,76.19047546386719,77.2727279663086,76.19047546386719,90.47618865966797,90.47618865966797,90.47618865966797,90,21.804096221923828,8589934592,1073741824,5033017344,290652160
210,1771646831537,3504,3504,3504,3504,3504,3504,3504,3504,107.74467468261719,105.96165466308594,104.77099609375,105.25879669189453,88.16555786132813,104.02424621582031,104.2430419921875,104.72796630859375,107.68107604980469,76.19047546386719,77.2727279663086,76.19047546386719,76.19047546386719,85.71428680419922,90.47618865966797,85.71428680419922,86.9565200805664,21.804096221923828,8589934592,1073741824,5032984576,290652160
202,1771646831748,3504,3504,3504,3504,3504,3504,3504,3504,107.74467468261719,105.96165466308594,104.77099609375,105.25879669189453,88.16555786132813,104.02424621582031,104.2430419921875,104.72796630859375,107.68107604980469,81.81818389892578,80,76.19047546386719,80,90.47618865966797,90,90.47618865966797,89.47368621826172,22.322811126708984,8589934592,1073741824,5015781376,290652160
209,1771646831951,3504,3504,3504,3504,3504,3504,3504,3504,107.74467468261719,105.96165466308594,104.77099609375,105.25879669189453,88.16555786132813,104.02424621582031,104.2430419921875,104.72796630859375,107.68107604980469,83.33332824707031,80,80,76.19047546386719,90,95,95,90.90909576416016,22.322811126708984,8589934592,1073741824,5015781376,290652160
208,1771646832161,3504,3504,3504,3504,3504,3504,3504,3504,107.74467468261719,105.96165466308594,104.77099609375,105.25879669189453,88.16555786132813,104.02424621582031,104.2430419921875,104.72796630859375,107.68107604980469,81.81818389892578,80.95238494873047,80.95238494873047,75,90.90909576416016,86.9565200805664,85.71428680419922,90,22.322811126708984,8589934592,1073741824,5014994944,290652160
211,1771646832370,3504,3504,3504,3504,3504,3504,3504,3504,107.52698516845703,105.78079223632813,104.6155014038086,105.0675277709961,88.14192962646484,103.91055297851563,104.05337524414063,104.62495422363281,107.44702911376953,80.95238494873047,80.95238494873047,80.95238494873047,77.2727279663086,95,94.73684692382813,95.23809814453125,85.71428680419922,22.322811126708984,8589934592,1073741824,5014913024,290652160
201,1771646832581,3504,3504,3504,3504,3504,3504,3504,3504,107.52698516845703,105.78079223632813,104.6155014038086,105.0675277709961,88.14192962646484,103.91055297851563,104.05337524414063,104.62495422363281,107.44702911376953,76.19047546386719,75,76.19047546386719,76.19047546386719,90,90.90909576416016,90.47618865966797,90.47618865966797,22.322811126708984,8589934592,1073741824,5030985728,290652160
209,1771646832783,3504,3504,3504,3504,3504,3504,3504,3504,107.52698516845703,105.78079223632813,104.6155014038086,105.0675277709961,88.14192962646484,103.91055297851563,104.05337524414063,104.62495422363281,107.44702911376953,85,80.95238494873047,80,80,90.90909576416016,95,90.47618865966797,90,21.88767433166504,8589934592,1073741824,5016944640,290652160
206,1771646832993,3504,3504,3504,3504,3504,3504,3504,3504,107.52698516845703,105.78079223632813,104.6155014038086,105.0675277709961,88.14192962646484,103.91055297851563,104.05337524414063,104.62495422363281,107.44702911376953,80.95238494873047,76.19047546386719,76.19047546386719,76.19047546386719,90,90.90909576416016,90,85,21.88767433166504,8589934592,1073741824,5014929408,290652160
203,1771646833199,3504,3504,3504,3504,3504,3504,3504,3504,108.1474380493164,106.19644927978516,105.01744842529297,105.66181182861328,88.36458587646484,104.27967834472656,104.09095001220703,105.06198120117188,107.34172058105469,80,80.95238494873047,80,80.95238494873047,95,94.73684692382813,90.47618865966797,86.36363983154297,21.88767433166504,8589934592,1073741824,5014945792,290652160
8,1771646833403,3504,3504,3504,3504,3504,3504,3504,3504,108.1474380493164,106.19644927978516,105.01744842529297,105.66181182861328,88.36458587646484,104.27967834472656,104.09095001220703,105.06198120117188,107.34172058105469,80,80,76.19047546386719,75,95.23809814453125,90.47618865966797,85.71428680419922,85,21.88767433166504,8589934592,1073741824,5015076864,290652160
