Delta,Time,CPU_FREQUENCY_0,CPU_FREQUENCY_1,CPU_FREQUENCY_2,CPU_FREQUENCY_3,CPU_FREQUENCY_4,CPU_FREQUENCY_5,CPU_FREQUENCY_6,CPU_FREQUENCY_7,CPU_TEMP_0,CPU_TEMP_1,CPU_TEMP_2,CPU_TEMP_3,CPU_TEMP_4,CPU_TEMP_5,CPU_TEMP_6,CPU_TEMP_7,CPU_TEMP_8,CPU_USAGE_0,CPU_USAGE_1,CPU_USAGE_2,CPU_USAGE_3,CPU_USAGE_4,CPU_USAGE_5,CPU_USAGE_6,CPU_USAGE_7,SYSTEM_POWER (Watts),TOTAL_MEMORY,TOTAL_SWAP,USED_MEMORY,USED_SWAP
0,1771648664782,3504,3504,3504,3504,3504,3504,3504,3504,48.434505462646484,47.9937629699707,46.78523254394531,46.68031311035156,46.82164001464844,46.83814239501953,46.31781005859375,47.49525451660156,47.63964080810547,50,0,0,50,0,0,0,0,2.592092990875244,8589934592,1073741824,5297848320,290652160
209,1771648664782,3504,3504,3504,3504,3504,3504,3504,3504,48.434505462646484,47.9937629699707,46.78523254394531,46.68031311035156,46.82164001464844,46.83814239501953,46.31781005859375,47.49525451660156,47.63964080810547,0,50,NaN,0,NaN,0,0,0,2.592092990875244,8589934592,1073741824,5298634752,290652160
209,1771648664993,3504,3504,3504,3504,3504,3504,3504,3504,48.434505462646484,47.9937629699707,46.78523254394531,46.68031311035156,46.82164001464844,46.83814239501953,46.31781005859375,47.49525451660156,47.63964080810547,15.000000953674316,23.809524536132813,18.18181800842285,15.000000953674316,9.090909004211426,4.545454502105713,0,0,2.592092990875244,8589934592,1073741824,5298946048,290652160
209,1771648665202,3504,3504,3504,3504,3504,3504,3504,3504,47.29436492919922,47.04323196411133,45.70349884033203,45.552886962890625,45.58303451538086,45.92967224121094,45.18980407714844,46.42860794067383,46.387359619140625,19.047618865966797,28.571430206298828,15.000000953674316,22.72727394104004,9.523809432983398,5,9.523809432983398,0,2.592092990875244,8589934592,1073741824,5299847168,290652160
209,1771648665412,3504,3504,3504,3504,3504,3504,3504,3504,47.29436492919922,47.04323196411133,45.70349884033203,45.552886962890625,45.58303451538086,45.92967224121094,45.18980407714844,46.42860794067383,46.387359619140625,14.285715103149414,5,0,10,19.047618865966797,10,0,4.761904716491699,2.592092990875244,8589934592,1073741824,5308694528,290652160
206,1771648665622,3504,3504,3504,3504,3504,3504,3504,3504,47.29436492919922,47.04323196411133,45.70349884033203,45.552886962890625,45.58303451538086,45.92967224121094,45.18980407714844,46.42860794067383,46.387359619140625,14.285715103149414,13.636363983154297,13.636363983154297,18.18181800842285,4.761904716491699,4.545454502105713,4.545454502105713,0,2.592092990875244,8589934592,1073741824,5306335232,290652160
204,1771648665829,3504,3504,3504,3504,3504,3504,3504,3504,47.29436492919922,47.04323196411133,45.70349884033203,45.552886962890625,45.58303451538086,45.92967224121094,45.18980407714844,46.42860794067383,46.387359619140625,20,15.000000953674316,25,10,0,0,0,0,2.5090537071228027,8589934592,1073741824,5303255040,290652160
209,1771648666033,3504,3504,3504,3504,3504,3504,3504,3504,47.29436492919922,47.04323196411133,45.70349884033203,45.552886962890625,45.58303451538086,45.92967224121094,45.18980407714844,46.42860794067383,46.387359619140625,33.333335876464844,19.047618865966797,19.047618865966797,20,0,0,0,0,2.5090537071228027,8589934592,1073741824,5303500800,290652160
203,1771648666243,3504,3504,3504,3504,3504,3504,3504,3504,46.24403381347656,45.82937240600586,44.677452087402344,44.43537139892578,44.568626403808594,44.728294372558594,44.077728271484375,45.29999542236328,45.256309509277344,33.333335876464844,10,14.285715103149414,9.523809432983398,0,0,0,0,2.5090537071228027,8589934592,1073741824,5303500800,290652160
207,1771648666447,3504,3504,3504,3504,3504,3504,3504,3504,46.24403381347656,45.82937240600586,44.677452087402344,44.43537139892578,44.568626403808594,44.728294372558594,44.077728271484375,45.29999542236328,45.256309509277344,20,19.047618865966797,14.285715103149414,10,0,0,0,0,2.5090537071228027,8589934592,1073741824,5301469184,290652160
206,1771648666655,3504,3504,3504,3504,3504,3504,3504,3504,46.24403381347656,45.82937240600586,44.677452087402344,44.43537139892578,44.568626403808594,44.728294372558594,44.077728271484375,45.29999542236328,45.256309509277344,33.333335876464844,28.571430206298828,20,22.72727394104004,4.761904716491699,4.545454502105713,0,0,2.8013951778411865,8589934592,1073741824,5299716096,290652160
208,1771648666862,3504,3504,3504,3504,3504,3504,3504,3504,46.24403381347656,45.82937240600586,44.677452087402344,44.43537139892578,44.568626403808594,44.728294372558594,44.077728271484375,45.29999542236328,45.256309509277344,20,25,14.285715103149414,10,0,0,0,0,2.8013951778411865,8589934592,1073741824,5299798016,290652160
209,1771648667071,3504,3504,3504,3504,3504,3504,3504,3504,46.24403381347656,45.82937240600586,44.677452087402344,44.43537139892578,44.568626403808594,44.728294372558594,44.077728271484375,45.29999542236328,45.256309509277344,19.047618865966797,25,20,14.285715103149414,0,0,0,0,2.8013951778411865,8589934592,1073741824,5290360832,290652160
209,1771648667281,3504,3504,3504,3504,3504,3504,3504,3504,44.823081970214844,44.30228042602539,43.244544982910156,43.075950622558594,43.52985382080078,43.33522033691406,42.90955352783203,44.01746368408203,44.12392044067383,20,19.047618865966797,14.285715103149414,4.761904716491699,4.761904716491699,4.761904716491699,0,0,2.8013951778411865,8589934592,1073741824,5290098688,290652160
207,1771648667491,3504,3504,3504,3504,3504,3504,3504,3504,44.823081970214844,44.30228042602539,43.244544982910156,43.075950622558594,43.52985382080078,43.33522033691406,42.90955352783203,44.01746368408203,44.12392044067383,27.272727966308594,14.285715103149414,5,9.523809432983398,0,0,0,0,2.8013951778411865,8589934592,1073741824,5290213376,290652160
206,1771648667699,3504,3504,3504,3504,3504,3504,3504,3504,44.823081970214844,44.30228042602539,43.244544982910156,43.075950622558594,43.52985382080078,43.33522033691406,42.90955352783203,44.01746368408203,44.12392044067383,20,10,18.18181800842285,5,0,0,0,0,2.5599727630615234,8589934592,1073741824,5290115072,290652160
206,1771648667906,3504,3504,3504,3504,3504,3504,3504,3504,44.823081970214844,44.30228042602539,43.244544982910156,43.075950622558594,43.52985382080078,43.33522033691406,42.90955352783203,44.01746368408203,44.12392044067383,23.809524536132813,18.18181800842285,15.000000953674316,13.636363983154297,0,0,0,0,2.5599727630615234,8589934592,1073741824,5290147840,290652160
206,1771648668112,3504,3504,3504,3504,3504,3504,3504,3504,44.823081970214844,44.30228042602539,43.244544982910156,43.075950622558594,43.52985382080078,43.33522033691406,42.90955352783203,44.01746368408203,44.12392044067383,20,10,14.285715103149414,10.526315689086914,0,0,0,0,2.5599727630615234,8589934592,1073741824,5289836544,290652160
202,1771648668319,3504,3504,3504,3504,3504,3504,3504,3504,43.950531005859375,43.653076171875,42.494407653808594,42.358673095703125,42.66466522216797,42.687774658203125,42.150184631347656,43.249427795410156,43.31319046020508,27.272727966308594,19.047618865966797,10,10,0,0,0,0,2.5599727630615234,8589934592,1073741824,5290016768,290652160
209,1771648668522,3504,3504,3504,3504,3504,3504,3504,3504,43.950531005859375,43.653076171875,42.494407653808594,42.358673095703125,42.66466522216797,42.687774658203125,42.150184631347656,43.249427795410156,43.31319046020508,21.052631378173828,15.000000953674316,5,13.636363983154297,5,0,0,0,2.5599727630615234,8589934592,1073741824,5290229760,290652160
208,1771648668732,3504,3504,3504,3504,3504,3504,3504,3504,43.950531005859375,43.653076171875,42.494407653808594,42.358673095703125,42.66466522216797,42.687774658203125,42.150184631347656,43.249427795410156,43.31319046020508,28.571430206298828,10,9.523809432983398,5,0,0,4.545454502105713,4.545454502105713,2.0428466796875,8589934592,1073741824,5290164224,290652160
204,1771648668941,3504,3504,3504,3504,3504,3504,3504,3504,43.950531005859375,43.653076171875,42.494407653808594,42.358673095703125,42.66466522216797,42.687774658203125,42.150184631347656,43.249427795410156,43.31319046020508,19.047618865966797,19.047618865966797,9.523809432983398,9.523809432983398,0,0,0,0,2.0428466796875,8589934592,1073741824,5290131456,290652160
207,1771648669146,3504,3504,3504,3504,3504,3504,3504,3504,43.950531005859375,43.176902770996094,41.84815216064453,41.70585632324219,42.025691986083984,42.04150390625,41.55198669433594,42.64690399169922,42.696632385253906,15.000000953674316,25,14.285715103149414,10,0,0,0,0,2.0428466796875,8589934592,1073741824,5290180608,290652160
206,1771648669354,3504,3504,3504,3504,3504,3504,3504,3504,43.3636360168457,43.176902770996094,41.84815216064453,41.70585632324219,42.025691986083984,42.04150390625,41.55198669433594,42.64690399169922,42.696632385253906,14.285715103149414,28.571430206298828,9.523809432983398,4.761904716491699,0,0,0,0,2.0428466796875,8589934592,1073741824,5290115072,290652160
201,1771648669560,3504,3504,3504,3504,3504,3504,3504,3504,43.3636360168457,43.176902770996094,41.84815216064453,41.70585632324219,42.025691986083984,42.04150390625,41.55198669433594,42.64690399169922,42.696632385253906,15.000000953674316,23.809524536132813,10.526315689086914,9.523809432983398,0,0,0,0,2.0428466796875,8589934592,1073741824,5287788544,290652160
205,1771648669762,3504,3504,3504,3504,3504,3504,3504,3504,43.3636360168457,43.176902770996094,41.84815216064453,41.70585632324219,42.025691986083984,42.04150390625,41.55198669433594,42.64690399169922,42.696632385253906,15.000000953674316,20,19.047618865966797,5,0,0,0,0,2.572394609451294,8589934592,1073741824,5287837696,290652160
209,1771648669968,3504,3504,3504,3504,3504,3504,3504,3504,43.3636360168457,43.176902770996094,41.84815216064453,41.70585632324219,42.025691986083984,42.04150390625,41.55198669433594,42.64690399169922,42.696632385253906,14.285715103149414,20,20,5.263157844543457,0,4.761904716491699,0,0,2.572394609451294,8589934592,1073741824,5287510016,290652160
205,1771648670178,3504,3504,3504,3504,3504,3504,3504,3504,42.766082763671875,42.572105407714844,41.23419952392578,41.11542510986328,41.34978485107422,41.25018310546875,40.97874450683594,42.14345932006836,42.12175369262695,20,22.72727394104004,14.285715103149414,18.18181800842285,4.761904716491699,4.761904716491699,0,0,2.572394609451294,8589934592,1073741824,5288001536,290652160
209,1771648670383,3504,3504,3504,3504,3504,3504,3504,3504,42.766082763671875,42.572105407714844,41.23419952392578,41.11542510986328,41.34978485107422,41.25018310546875,40.97874450683594,42.14345932006836,42.12175369262695,28.571430206298828,30.000001907348633,20,23.809524536132813,30.000001907348633,0,0,0,2.572394609451294,8589934592,1073741824,5288001536,290652160
209,1771648670593,3504,3504,3504,3504,3504,3504,3504,3504,42.766082763671875,42.572105407714844,41.23419952392578,41.11542510986328,41.34978485107422,41.25018310546875,40.97874450683594,42.14345932006836,42.12175369262695,19.047618865966797,19.047618865966797,9.523809432983398,19.047618865966797,0,0,0,0,2.572394609451294,8589934592,1073741824,5287706624,290652160
209,1771648670803,3504,3504,3504,3504,3504,3504,3504,3504,42.766082763671875,42.572105407714844,41.23419952392578,41.11542510986328,41.34978485107422,41.25018310546875,40.97874450683594,42.14345932006836,42.12175369262695,15.000000953674316,10,9.523809432983398,19.047618865966797,0,0,0,0,1.893140435218811,8589934592,1073741824,5287723008,290652160
209,1771648671012,3504,3504,3504,3504,3504,3504,3504,3504,42.766082763671875,42.572105407714844,41.23419952392578,41.11542510986328,41.34978485107422,41.25018310546875,40.97874450683594,42.14345932006836,42.12175369262695,28.571430206298828,14.285715103149414,14.285715103149414,20,0,0,0,0,1.893140435218811,8589934592,1073741824,5287739392,290652160
206,1771648671222,3504,3504,3504,3504,3504,3504,3504,3504,42.5028076171875,42.21587371826172,41.028358459472656,40.84101867675781,41.015106201171875,40.87846374511719,40.57423400878906,41.70225143432617,41.74999237060547,19.047618865966797,14.285715103149414,9.090909004211426,14.285715103149414,0,0,0,0,1.893140435218811,8589934592,1073741824,5287739392,290652160
206,1771648671429,3504,3504,3504,3504,3504,3504,3504,3504,42.5028076171875,42.21587371826172,41.028358459472656,40.84101867675781,41.015106201171875,40.87846374511719,40.57423400878906,41.70225143432617,41.74999237060547,23.809524536132813,10,5.263157844543457,15.000000953674316,0,0,0,0,1.893140435218811,8589934592,1073741824,5287739392,290652160
209,1771648671636,3504,3504,3504,3504,3504,3504,3504,3504,42.5028076171875,42.21587371826172,41.028358459472656,40.84101867675781,41.015106201171875,40.87846374511719,40.57423400878906,41.70225143432617,41.74999237060547,20,19.047618865966797,14.285715103149414,22.72727394104004,0,0,0,0,1.893140435218811,8589934592,1073741824,5287624704,290652160
208,1771648671846,3504,3504,3504,3504,3504,3504,3504,3504,42.5028076171875,42.21587371826172,41.028358459472656,40.84101867675781,41.015106201171875,40.87846374511719,40.57423400878906,41.70225143432617,41.74999237060547,18.18181800842285,13.636363983154297,14.285715103149414,15.000000953674316,0,0,0,0,2.412158250808716,8589934592,1073741824,5287657472,290652160
204,1771648672055,3504,3504,3504,3504,3504,3504,3504,3504,42.5028076171875,42.21587371826172,41.028358459472656,40.84101867675781,41.015106201171875,40.87846374511719,40.57423400878906,41.70225143432617,41.74999237060547,14.285715103149414,5.263157844543457,19.047618865966797,19.047618865966797,0,0,0,0,2.412158250808716,8589934592,1073741824,5287297024,290652160
205,1771648672260,3504,3504,3504,3504,3504,3504,3504,3504,41.98428726196289,41.24552917480469,40.311927795410156,40.32173156738281,40.52456283569336,40.397605895996094,40.13648223876953,41.21145248413086,41.2363395690918,20,22.72727394104004,19.047618865966797,5,0,0,0,0,2.412158250808716,8589934592,1073741824,5286789120,290652160
205,1771648672466,3504,3504,3504,3504,3504,3504,3504,3504,41.98428726196289,41.24552917480469,40.311927795410156,40.32173156738281,40.52456283569336,40.397605895996094,40.13648223876953,41.21145248413086,41.2363395690918,15.000000953674316,25,5.263157844543457,14.285715103149414,0,0,0,0,2.412158250808716,8589934592,1073741824,5287100416,290652160
208,1771648672672,3504,3504,3504,3504,3504,3504,3504,3504,41.98428726196289,41.24552917480469,40.311927795410156,40.32173156738281,40.52456283569336,40.397605895996094,40.13648223876953,41.21145248413086,41.2363395690918,10,28.571430206298828,14.285715103149414,5,0,0,0,0,2.3313727378845215,8589934592,1073741824,5287100416,290652160
207,1771648672881,3504,3504,3504,3504,3504,3504,3504,3504,41.98428726196289,41.24552917480469,40.311927795410156,40.32173156738281,40.52456283569336,40.397605895996094,40.13648223876953,41.21145248413086,41.2363395690918,23.809524536132813,15.789472579956055,13.636363983154297,13.636363983154297,9.090909004211426,0,0,0,2.3313727378845215,8589934592,1073741824,5287084032,290652160
206,1771648673089,3504,3504,3504,3504,3504,3504,3504,3504,41.98428726196289,41.24552917480469,40.311927795410156,40.32173156738281,40.52456283569336,40.397605895996094,40.13648223876953,41.21145248413086,41.2363395690918,23.809524536132813,23.809524536132813,10,5.263157844543457,0,0,0,0,2.3313727378845215,8589934592,1073741824,5287198720,290652160
205,1771648673296,3504,3504,3504,3504,3504,3504,3504,3504,41.64522933959961,40.845027923583984,39.90419006347656,39.81773376464844,40.13648223876953,39.93450927734375,39.712158203125,40.852378845214844,40.92190170288086,15.000000953674316,28.571430206298828,14.285715103149414,13.636363983154297,0,0,0,0,2.3313727378845215,8589934592,1073741824,5287460864,290652160
209,1771648673502,3504,3504,3504,3504,3504,3504,3504,3504,41.64522933959961,40.845027923583984,39.90419006347656,39.81773376464844,40.13648223876953,39.93450927734375,39.712158203125,40.852378845214844,40.92190170288086,22.72727394104004,9.523809432983398,15.000000953674316,10.526315689086914,5.263157844543457,5,9.523809432983398,4.761904716491699,2.3313727378845215,8589934592,1073741824,5287559168,290652160
206,1771648673712,3504,3504,3504,3504,3504,3504,3504,3504,41.64522933959961,40.845027923583984,39.90419006347656,39.81773376464844,40.13648223876953,39.93450927734375,39.712158203125,40.852378845214844,40.92190170288086,15.789472579956055,14.285715103149414,15.000000953674316,13.043478012084961,0,0,0,0,1.8589941263198853,8589934592,1073741824,5287575552,290652160
207,1771648673919,3504,3504,3504,3504,3504,3504,3504,3504,41.64522933959961,40.845027923583984,39.90419006347656,39.81773376464844,40.13648223876953,39.93450927734375,39.712158203125,40.852378845214844,40.92190170288086,23.809524536132813,15.000000953674316,19.047618865966797,5.263157844543457,0,0,0,0,1.8589941263198853,8589934592,1073741824,5287575552,290652160
201,1771648674127,3504,3504,3504,3504,3504,3504,3504,3504,41.64522933959961,40.845027923583984,39.90419006347656,39.81773376464844,40.13648223876953,39.93450927734375,39.712158203125,40.852378845214844,40.92190170288086,20,14.285715103149414,15.000000953674316,13.636363983154297,0,0,0,0,1.8589941263198853,8589934592,1073741824,5287591936,290652160
206,1771648674329,3504,3504,3504,3504,3504,3504,3504,3504,41.40342712402344,40.62784194946289,39.61322021484375,39.57411193847656,39.87975311279297,39.691871643066406,39.446533203125,40.57218933105469,40.59543228149414,23.809524536132813,15.000000953674316,14.285715103149414,5,0,0,0,0,1.8589941263198853,8589934592,1073741824,5287575552,290652160
209,1771648674536,3504,3504,3504,3504,3504,3504,3504,3504,41.40342712402344,40.62784194946289,39.61322021484375,39.57411193847656,39.87975311279297,39.691871643066406,39.446533203125,40.57218933105469,40.59543228149414,20,15.000000953674316,19.047618865966797,14.285715103149414,0,0,0,0,1.8589941263198853,8589934592,1073741824,5277712384,290652160
206,1771648674746,3504,3504,3504,3504,3504,3504,3504,3504,41.40342712402344,40.62784194946289,39.61322021484375,39.57411193847656,39.87975311279297,39.691871643066406,39.446533203125,40.57218933105469,40.59543228149414,19.047618865966797,14.285715103149414,14.285715103149414,5,0,0,0,0,2.306288242340088,8589934592,1073741824,5280628736,290652160
203,1771648674952,3504,3504,3504,3504,3504,3504,3504,3504,41.40342712402344,40.62784194946289,39.61322021484375,39.57411193847656,39.87975311279297,39.691871643066406,39.446533203125,40.57218933105469,40.59543228149414,27.272727966308594,19.047618865966797,19.047618865966797,10,0,0,4.761904716491699,0,2.306288242340088,8589934592,1073741824,5280694272,290652160
205,1771648675156,3504,3504,3504,3504,3504,3504,3504,3504,40.87395095825195,40.32709884643555,39.226219177246094,39.22162628173828,39.458656311035156,39.28559112548828,39.00206756591797,40.155357360839844,40.20432662963867,20,15.000000953674316,10,9.523809432983398,0,0,0,0,2.306288242340088,8589934592,1073741824,5280907264,290652160
209,1771648675362,3504,3504,3504,3504,3504,3504,3504,3504,40.87395095825195,40.32709884643555,39.226219177246094,39.22162628173828,39.458656311035156,39.28559112548828,39.00206756591797,40.155357360839844,40.20432662963867,25,19.047618865966797,15.000000953674316,5,0,0,0,0,2.306288242340088,8589934592,1073741824,5275336704,290652160
206,1771648675572,3504,3504,3504,3504,3504,3504,3504,3504,40.87395095825195,40.32709884643555,39.226219177246094,39.22162628173828,39.458656311035156,39.28559112548828,39.00206756591797,40.155357360839844,40.20432662963867,20,14.285715103149414,19.047618865966797,14.285715103149414,0,0,0,0,2.306288242340088,8589934592,1073741824,5275369472,290652160
206,1771648675779,3504,3504,3504,3504,3504,3504,3504,3504,40.87395095825195,40.32709884643555,39.226219177246094,39.22162628173828,39.458656311035156,39.28559112548828,39.00206756591797,40.155357360839844,40.20432662963867,19.047618865966797,14.285715103149414,14.285715103149414,5,0,0,0,0,2.342912197113037,8589934592,1073741824,5275402240,290652160
207,1771648675985,3504,3504,3504,3504,3504,3504,3504,3504,40.87395095825195,40.32709884643555,39.226219177246094,39.22162628173828,39.458656311035156,39.28559112548828,39.00206756591797,40.155357360839844,40.20432662963867,28.571430206298828,15.789472579956055,19.047618865966797,14.285715103149414,0,0,0,0,2.342912197113037,8589934592,1073741824,5277876224,290652160
209,1771648676194,3504,3504,3504,3504,3504,3504,3504,3504,40.391357421875,40.11740493774414,39.00709533691406,38.948699951171875,39.15312576293945,38.98570251464844,38.74560546875,39.87196731567383,39.88749313354492,15.000000953674316,13.636363983154297,15.000000953674316,14.285715103149414,0,0,0,0,2.342912197113037,8589934592,1073741824,5277843456,290652160
208,1771648676404,3504,3504,3504,3504,3504,3504,3504,3504,40.391357421875,40.11740493774414,39.00709533691406,38.948699951171875,39.15312576293945,38.98570251464844,38.74560546875,39.87196731567383,39.88749313354492,19.047618865966797,15.000000953674316,20,19.047618865966797,9.523809432983398,9.090909004211426,0,0,2.342912197113037,8589934592,1073741824,5278220288,290652160
206,1771648676612,3504,3504,3504,3504,3504,3504,3504,3504,40.391357421875,40.11740493774414,39.00709533691406,38.948699951171875,39.15312576293945,38.98570251464844,38.74560546875,39.87196731567383,39.88749313354492,23.809524536132813,30.000001907348633,22.72727394104004,14.285715103149414,0,0,0,0,2.342912197113037,8589934592,1073741824,5278253056,290652160
202,1771648676819,3504,3504,3504,3504,3504,3504,3504,3504,40.391357421875,40.11740493774414,39.00709533691406,38.948699951171875,39.15312576293945,38.98570251464844,38.74560546875,39.87196731567383,39.88749313354492,19.047618865966797,19.047618865966797,9.523809432983398,5,0,0,0,0,2.2631046772003174,8589934592,1073741824,5278203904,290652160
206,1771648677022,3504,3504,3504,3504,3504,3504,3504,3504,40.391357421875,40.11740493774414,39.00709533691406,38.948699951171875,39.15312576293945,38.98570251464844,38.74560546875,39.87196731567383,39.88749313354492,21.052631378173828,23.809524536132813,10.526315689086914,10,0,0,0,0,2.2631046772003174,8589934592,1073741824,5278220288,290652160
203,1771648677229,3504,3504,3504,3504,3504,3504,3504,3504,40.078670501708984,39.981842041015625,38.74060821533203,38.42976379394531,38.95625686645508,38.730125427246094,38.567787170410156,39.70627975463867,39.69260787963867,19.047618865966797,10.526315689086914,10,4.761904716491699,0,0,0,0,2.2631046772003174,8589934592,1073741824,5278171136,290652160
209,1771648677433,3504,3504,3504,3504,3504,3504,3504,3504,40.078670501708984,39.981842041015625,38.74060821533203,38.42976379394531,38.95625686645508,38.730125427246094,38.567787170410156,39.70627975463867,39.69260787963867,19.047618865966797,23.809524536132813,19.047618865966797,10,0,0,0,0,2.2631046772003174,8589934592,1073741824,5278236672,290652160
208,1771648677643,3504,3504,3504,3504,3504,3504,3504,3504,40.078670501708984,39.981842041015625,38.74060821533203,38.42976379394531,38.95625686645508,38.730125427246094,38.567787170410156,39.70627975463867,39.69260787963867,35,38.095237731933594,19.047618865966797,38.095237731933594,0,0,0,0,2.2036550045013428,8589934592,1073741824,5278646272,290652160
209,1771648677852,3504,3504,3504,3504,3504,3504,3504,3504,40.078670501708984,39.981842041015625,38.74060821533203,38.42976379394531,38.95625686645508,38.730125427246094,38.567787170410156,39.70627975463867,39.69260787963867,28.571430206298828,23.809524536132813,23.809524536132813,23.809524536132813,31.81818199157715,33.333335876464844,23.809524536132813,18.18181800842285,2.2036550045013428,8589934592,1073741824,5258903552,290652160
209,1771648678063,3504,3504,3504,3504,3504,3504,3504,3504,40.078670501708984,39.981842041015625,38.74060821533203,38.42976379394531,38.95625686645508,38.730125427246094,38.567787170410156,39.70627975463867,39.69260787963867,19.047618865966797,14.285715103149414,5,4.761904716491699,0,4.761904716491699,0,0,2.2036550045013428,8589934592,1073741824,5259575296,290652160
206,1771648678272,3504,3504,3504,3504,3504,3504,3504,3504,40.65467071533203,40.39484405517578,39.113616943359375,38.78321838378906,39.081851959228516,39.05944061279297,38.87950134277344,40.110965728759766,40.077171325683594,14.285715103149414,9.523809432983398,18.18181800842285,14.285715103149414,0,0,0,0,2.2036550045013428,8589934592,1073741824,5259575296,290652160
209,1771648678479,3504,3504,3504,3504,3504,3504,3504,3504,40.65467071533203,40.39484405517578,39.113616943359375,38.78321838378906,39.081851959228516,39.05944061279297,38.87950134277344,40.110965728759766,40.077171325683594,25,30.000001907348633,21.052631378173828,25,14.285715103149414,14.285715103149414,15.000000953674316,14.285715103149414,2.2036550045013428,8589934592,1073741824,5258477568,290652160
205,1771648678689,3504,3504,3504,3504,3504,3504,3504,3504,40.65467071533203,40.39484405517578,39.113616943359375,38.78321838378906,39.081851959228516,39.05944061279297,38.87950134277344,40.110965728759766,40.077171325683594,9.523809432983398,5,13.636363983154297,14.285715103149414,19.047618865966797,14.285715103149414,9.090909004211426,4.761904716491699,2.1362836360931396,8589934592,1073741824,5259378688,290652160
209,1771648678896,3504,3504,3504,3504,3504,3504,3504,3504,40.65467071533203,40.39484405517578,39.113616943359375,38.78321838378906,39.081851959228516,39.05944061279297,38.87950134277344,40.110965728759766,40.077171325683594,15.000000953674316,13.636363983154297,19.047618865966797,14.285715103149414,0,0,0,0,2.1362836360931396,8589934592,1073741824,5259411456,290652160
204,1771648679105,3504,3504,3504,3504,3504,3504,3504,3504,40.65467071533203,40.39484405517578,39.113616943359375,38.78321838378906,39.081851959228516,39.05944061279297,38.87950134277344,40.110965728759766,40.077171325683594,14.285715103149414,10,19.047618865966797,19.047618865966797,0,0,0,0,2.1362836360931396,8589934592,1073741824,5259427840,290652160
200,1771648679311,3504,3504,3504,3504,3504,3504,3504,3504,40.542518615722656,40.3074836730957,39.01148986816406,38.66426086425781,39.02732849121094,38.970848083496094,38.780967712402344,40.00222396850586,40.04848861694336,19.047618865966797,14.285715103149414,15.000000953674316,10,0,0,0,0,2.1362836360931396,8589934592,1073741824,5259427840,290652160
209,1771648679512,3504,3504,3504,3504,3504,3504,3504,3504,40.542518615722656,40.3074836730957,39.01148986816406,38.66426086425781,39.02732849121094,38.970848083496094,38.780967712402344,40.00222396850586,40.04848861694336,20,10,5.263157844543457,14.285715103149414,0,0,0,0,2.1362836360931396,8589934592,1073741824,5259427840,290652160
206,1771648679722,3504,3504,3504,3504,3504,3504,3504,3504,40.542518615722656,40.3074836730957,39.01148986816406,38.66426086425781,39.02732849121094,38.970848083496094,38.780967712402344,40.00222396850586,40.04848861694336,14.285715103149414,15.000000953674316,13.636363983154297,15.000000953674316,0,0,0,0,2.817593812942505,8589934592,1073741824,5259444224,290652160
203,1771648679930,3504,3504,3504,3504,3504,3504,3504,3504,40.542518615722656,40.3074836730957,39.01148986816406,38.66426086425781,39.02732849121094,38.970848083496094,38.780967712402344,40.00222396850586,40.04848861694336,9.523809432983398,22.72727394104004,5,18.18181800842285,0,0,0,0,2.817593812942505,8589934592,1073741824,5259198464,290652160
208,1771648680133,3504,3504,3504,3504,3504,3504,3504,3504,40.542518615722656,40.3074836730957,39.01148986816406,38.66426086425781,39.02732849121094,38.970848083496094,38.780967712402344,40.00222396850586,40.04848861694336,20,20,19.047618865966797,20,0,0,4.761904716491699,0,2.817593812942505,8589934592,1073741824,5260394496,290652160
203,1771648680342,3504,3504,3504,3504,3504,3504,3504,3504,39.80592346191406,39.52598571777344,38.243247985839844,37.85259246826172,38.47397232055664,38.17632293701172,38.08721923828125,39.187461853027344,39.24878692626953,15.000000953674316,14.285715103149414,20,20,19.047618865966797,0,0,0,2.817593812942505,8589934592,1073741824,5260394496,290652160
200,1771648680546,3504,3504,3504,3504,3504,3504,3504,3504,39.80592346191406,39.52598571777344,38.243247985839844,37.85259246826172,38.47397232055664,38.17632293701172,38.08721923828125,39.187461853027344,39.24878692626953,33.333335876464844,15.000000953674316,14.285715103149414,9.523809432983398,20,0,0,0,2.817593812942505,8589934592,1073741824,5260394496,290652160
208,1771648680747,3504,3504,3504,3504,3504,3504,3504,3504,39.80592346191406,39.52598571777344,38.243247985839844,37.85259246826172,38.47397232055664,38.17632293701172,38.08721923828125,39.187461853027344,39.24878692626953,25,15.000000953674316,10.526315689086914,10.526315689086914,0,0,0,4.761904716491699,2.423907995223999,8589934592,1073741824,5260394496,290652160
206,1771648680956,3504,3504,3504,3504,3504,3504,3504,3504,39.80592346191406,39.52598571777344,38.243247985839844,37.85259246826172,38.47397232055664,38.17632293701172,38.08721923828125,39.187461853027344,39.24878692626953,23.809524536132813,19.047618865966797,13.636363983154297,4.761904716491699,0,0,0,0,2.423907995223999,8589934592,1073741824,5256691712,290652160
203,1771648681163,3504,3504,3504,3504,3504,3504,3504,3504,39.768592834472656,39.552154541015625,38.267967224121094,37.76677703857422,38.375816345214844,37.93872833251953,37.952598571777344,39.06049728393555,39.053199768066406,21.052631378173828,15.000000953674316,15.000000953674316,10,4.761904716491699,0,0,0,2.423907995223999,8589934592,1073741824,5256773632,290652160
205,1771648681366,3504,3504,3504,3504,3504,3504,3504,3504,39.768592834472656,39.552154541015625,38.267967224121094,37.76677703857422,38.375816345214844,37.93872833251953,37.952598571777344,39.06049728393555,39.053199768066406,23.809524536132813,10,15.000000953674316,9.523809432983398,0,0,0,0,2.423907995223999,8589934592,1073741824,5256773632,290652160
206,1771648681572,3504,3504,3504,3504,3504,3504,3504,3504,39.768592834472656,39.552154541015625,38.267967224121094,37.76677703857422,38.375816345214844,37.93872833251953,37.952598571777344,39.06049728393555,39.053199768066406,20,15.000000953674316,14.285715103149414,9.523809432983398,0,0,0,0,2.423907995223999,8589934592,1073741824,5256773632,290652160
203,1771648681779,3504,3504,3504,3504,3504,3504,3504,3504,39.768592834472656,39.552154541015625,38.267967224121094,37.76677703857422,38.375816345214844,37.93872833251953,37.952598571777344,39.06049728393555,39.053199768066406,19.047618865966797,27.272727966308594,14.285715103149414,10,0,0,0,0,2.274059534072876,8589934592,1073741824,5256773632,290652160
199,1771648681983,3504,3504,3504,3504,3504,3504,3504,3504,39.768592834472656,39.552154541015625,38.267967224121094,37.76677703857422,38.375816345214844,37.93872833251953,37.952598571777344,39.06049728393555,39.053199768066406,20,30.000001907348633,25,19.047618865966797,0,0,0,0,2.274059534072876,8589934592,1073741824,5258051584,290652160
205,1771648682183,3504,3504,3504,3504,3504,3504,3504,3504,39.4273567199707,39.02012252807617,37.78675079345703,37.418701171875,38.07611083984375,37.57225036621094,37.73065948486328,38.78281021118164,38.75910949707031,35,26.3157901763916,40,40,0,0,0,0,2.274059534072876,8589934592,1073741824,5257822208,290652160
203,1771648682389,3504,3504,3504,3504,3504,3504,3504,3504,39.4273567199707,39.02012252807617,37.78675079345703,37.418701171875,38.07611083984375,37.57225036621094,37.73065948486328,38.78281021118164,38.75910949707031,23.809524536132813,19.047618865966797,15.000000953674316,10,0,0,0,0,2.274059534072876,8589934592,1073741824,5257822208,290652160
201,1771648682594,3504,3504,3504,3504,3504,3504,3504,3504,39.4273567199707,39.02012252807617,37.78675079345703,37.418701171875,38.07611083984375,37.57225036621094,37.73065948486328,38.78281021118164,38.75910949707031,10,10,28.571430206298828,9.523809432983398,0,0,0,0,2.274059534072876,8589934592,1073741824,5257822208,290652160
205,1771648682796,3504,3504,3504,3504,3504,3504,3504,3504,39.4273567199707,39.02012252807617,37.78675079345703,37.418701171875,38.07611083984375,37.57225036621094,37.73065948486328,38.78281021118164,38.75910949707031,20,14.285715103149414,25,5.263157844543457,0,0,0,0,2.2509725093841553,8589934592,1073741824,5257822208,290652160
207,1771648683002,3504,3504,3504,3504,3504,3504,3504,3504,39.4273567199707,39.02012252807617,37.78675079345703,37.418701171875,38.07611083984375,37.57225036621094,37.73065948486328,38.78281021118164,38.75910949707031,14.285715103149414,15.000000953674316,20,23.809524536132813,0,0,0,0,2.2509725093841553,8589934592,1073741824,5257838592,290652160
202,1771648683210,3504,3504,3504,3504,3504,3504,3504,3504,39.18876266479492,38.852359771728516,37.621185302734375,37.183250427246094,37.82921600341797,37.30113220214844,37.51780700683594,38.58317184448242,38.58221435546875,25,15.000000953674316,14.285715103149414,10,0,0,0,0,2.2509725093841553,8589934592,1073741824,5257854976,290652160
205,1771648683413,3504,3504,3504,3504,3504,3504,3504,3504,39.18876266479492,38.852359771728516,37.621185302734375,37.183250427246094,37.82921600341797,37.30113220214844,37.51780700683594,38.58317184448242,38.58221435546875,15.000000953674316,20,5.263157844543457,9.523809432983398,0,0,0,0,2.2509725093841553,8589934592,1073741824,5257854976,290652160
209,1771648683619,3504,3504,3504,3504,3504,3504,3504,3504,39.18876266479492,38.852359771728516,37.621185302734375,37.183250427246094,37.82921600341797,37.30113220214844,37.51780700683594,38.58317184448242,38.58221435546875,15.000000953674316,13.636363983154297,19.047618865966797,4.761904716491699,4.761904716491699,4.761904716491699,4.761904716491699,0,2.2509725093841553,8589934592,1073741824,5257854976,290652160
209,1771648683829,3504,3504,3504,3504,3504,3504,3504,3504,39.18876266479492,38.852359771728516,37.621185302734375,37.183250427246094,37.82921600341797,37.30113220214844,37.51780700683594,38.58317184448242,38.58221435546875,18.18181800842285,10,27.272727966308594,9.523809432983398,0,0,0,0,1.974966049194336,8589934592,1073741824,5257854976,290652160
206,1771648684039,3504,3504,3504,3504,3504,3504,3504,3504,39.18876266479492,38.852359771728516,37.621185302734375,37.183250427246094,37.82921600341797,37.30113220214844,37.51780700683594,38.58317184448242,38.58221435546875,23.809524536132813,9.523809432983398,14.285715103149414,5,0,0,0,0,1.974966049194336,8589934592,1073741824,5257887744,290652160
209,1771648684246,3504,3504,3504,3504,3504,3504,3504,3504,38.953453063964844,38.7228889465332,37.426902770996094,37.06824493408203,37.69157791137695,37.15381622314453,37.36796569824219,38.395450592041016,38.44902801513672,20,10,15.000000953674316,9.523809432983398,0,0,0,0,1.974966049194336,8589934592,1073741824,5257887744,290652160
209,1771648684455,3504,3504,3504,3504,3504,3504,3504,3504,38.953453063964844,38.7228889465332,37.426902770996094,37.06824493408203,37.69157791137695,37.15381622314453,37.36796569824219,38.395450592041016,38.44902801513672,19.047618865966797,13.636363983154297,5,9.523809432983398,0,0,0,0,1.974966049194336,8589934592,1073741824,5257871360,290652160
207,1771648684665,3504,3504,3504,3504,3504,3504,3504,3504,38.953453063964844,38.7228889465332,37.426902770996094,37.06824493408203,37.69157791137695,37.15381622314453,37.36796569824219,38.395450592041016,38.44902801513672,33.333335876464844,25,27.272727966308594,23.809524536132813,0,4.545454502105713,0,0,2.2159597873687744,8589934592,1073741824,5260017664,290652160
209,1771648684873,3504,3504,3504,3504,3504,3504,3504,3504,38.953453063964844,38.7228889465332,37.426902770996094,37.06824493408203,37.69157791137695,37.15381622314453,37.36796569824219,38.395450592041016,38.44902801513672,28.571430206298828,25,15.000000953674316,15.000000953674316,4.761904716491699,4.761904716491699,4.761904716491699,4.761904716491699,2.2159597873687744,8589934592,1073741824,5253447680,290652160
206,1771648685083,3504,3504,3504,3504,3504,3504,3504,3504,38.953453063964844,38.7228889465332,37.426902770996094,37.06824493408203,37.69157791137695,37.15381622314453,37.36796569824219,38.395450592041016,38.44902801513672,19.047618865966797,18.18181800842285,9.523809432983398,4.761904716491699,0,0,0,0,2.2159597873687744,8589934592,1073741824,5253464064,290652160
203,1771648685290,3504,3504,3504,3504,3504,3504,3504,3504,38.86549758911133,38.608028411865234,37.394325256347656,37.04009246826172,37.59744644165039,37.0495719909668,37.279754638671875,38.31394577026367,38.35344314575195,10,19.047618865966797,20,5,0,0,0,0,2.2159597873687744,8589934592,1073741824,5253349376,290652160
209,1771648685493,3504,3504,3504,3504,3504,3504,3504,3504,38.86549758911133,38.608028411865234,37.394325256347656,37.04009246826172,37.59744644165039,37.0495719909668,37.279754638671875,38.31394577026367,38.35344314575195,19.047618865966797,15.000000953674316,23.809524536132813,14.285715103149414,13.636363983154297,5.263157844543457,0,0,2.2159597873687744,8589934592,1073741824,5253349376,290652160
200,1771648685703,3504,3504,3504,3504,3504,3504,3504,3504,38.86549758911133,38.608028411865234,37.394325256347656,37.04009246826172,37.59744644165039,37.0495719909668,37.279754638671875,38.31394577026367,38.35344314575195,10,15.000000953674316,18.18181800842285,4.761904716491699,0,0,0,0,2.2754390239715576,8589934592,1073741824,5253349376,290652160
209,1771648685905,3504,3504,3504,3504,3504,3504,3504,3504,38.86549758911133,38.608028411865234,37.394325256347656,37.04009246826172,37.59744644165039,37.0495719909668,37.279754638671875,38.31394577026367,38.35344314575195,14.285715103149414,19.047618865966797,20,10,0,0,0,0,2.2754390239715576,8589934592,1073741824,5253349376,290652160
208,1771648686115,3504,3504,3504,3504,3504,3504,3504,3504,38.86549758911133,38.608028411865234,37.394325256347656,37.04009246826172,37.59744644165039,37.0495719909668,37.279754638671875,38.31394577026367,38.35344314575195,14.285715103149414,14.285715103149414,25,5,0,0,0,0,2.2754390239715576,8589934592,1073741824,5253021696,290652160
204,1771648686324,3504,3504,3504,3504,3504,3504,3504,3504,38.82952880859375,38.51877975463867,37.324012756347656,36.97624969482422,37.49264144897461,36.92230987548828,37.20618438720703,38.208343505859375,38.23887252807617,15.000000953674316,10,20,21.7391300201416,0,0,0,0,2.2754390239715576,8589934592,1073741824,5253021696,290652160
206,1771648686529,3504,3504,3504,3504,3504,3504,3504,3504,38.82952880859375,38.51877975463867,37.324012756347656,36.97624969482422,37.49264144897461,36.92230987548828,37.20618438720703,38.208343505859375,38.23887252807617,15.000000953674316,20,9.523809432983398,5,0,0,0,0,2.2754390239715576,8589934592,1073741824,5252972544,290652160
209,1771648686735,3504,3504,3504,3504,3504,3504,3504,3504,38.82952880859375,38.51877975463867,37.324012756347656,36.97624969482422,37.49264144897461,36.92230987548828,37.20618438720703,38.208343505859375,38.23887252807617,25,23.809524536132813,14.285715103149414,10,0,0,0,0,2.504051923751831,8589934592,1073741824,5253005312,290652160
208,1771648686945,3504,3504,3504,3504,3504,3504,3504,3504,38.82952880859375,38.51877975463867,37.324012756347656,36.97624969482422,37.49264144897461,36.92230987548828,37.20618438720703,38.208343505859375,38.23887252807617,19.047618865966797,19.047618865966797,5,4.761904716491699,0,0,0,0,2.504051923751831,8589934592,1073741824,5253005312,290652160
204,1771648687155,3504,3504,3504,3504,3504,3504,3504,3504,38.55015182495117,38.1973876953125,37.00122833251953,36.639015197753906,37.30915451049805,36.68450164794922,37.01472473144531,37.99880599975586,38.02275085449219,28.571430206298828,23.809524536132813,15.000000953674316,9.523809432983398,0,0,0,0,2.504051923751831,8589934592,1073741824,5252726784,290652160
207,1771648687360,3504,3504,3504,3504,3504,3504,3504,3504,38.55015182495117,38.1973876953125,37.00122833251953,36.639015197753906,37.30915451049805,36.68450164794922,37.01472473144531,37.99880599975586,38.02275085449219,33.333335876464844,40,33.333335876464844,25,0,0,0,0,2.504051923751831,8589934592,1073741824,5252726784,290652160
201,1771648687568,3504,3504,3504,3504,3504,3504,3504,3504,38.55015182495117,38.1973876953125,37.00122833251953,36.639015197753906,37.30915451049805,36.68450164794922,37.01472473144531,37.99880599975586,38.02275085449219,20,22.72727394104004,13.636363983154297,4.761904716491699,0,0,0,0,2.504051923751831,8589934592,1073741824,5252743168,290652160
206,1771648687770,3504,3504,3504,3504,3504,3504,3504,3504,38.55015182495117,38.1973876953125,37.00122833251953,36.639015197753906,37.30915451049805,36.68450164794922,37.01472473144531,37.99880599975586,38.02275085449219,23.809524536132813,21.052631378173828,5.263157844543457,10,0,0,0,0,2.2599680423736572,8589934592,1073741824,5252415488,290652160
207,1771648687977,3504,3504,3504,3504,3504,3504,3504,3504,38.55015182495117,38.1973876953125,37.00122833251953,36.639015197753906,37.30915451049805,36.68450164794922,37.01472473144531,37.99880599975586,38.02275085449219,20,19.047618865966797,14.285715103149414,14.285715103149414,0,0,0,0,2.2599680423736572,8589934592,1073741824,5252464640,290652160
209,1771648688186,3504,3504,3504,3504,3504,3504,3504,3504,38.3400764465332,38.0617790222168,36.92439270019531,36.51890563964844,37.0826530456543,36.5177001953125,36.85957717895508,37.82398223876953,37.90856170654297,28.571430206298828,14.285715103149414,14.285715103149414,5.263157844543457,0,0,0,0,2.2599680423736572,8589934592,1073741824,5252300800,290652160
203,1771648688396,3504,3504,3504,3504,3504,3504,3504,3504,38.3400764465332,38.0617790222168,36.92439270019531,36.51890563964844,37.0826530456543,36.5177001953125,36.85957717895508,37.82398223876953,37.90856170654297,25,15.000000953674316,9.523809432983398,13.636363983154297,0,0,0,0,2.2599680423736572,8589934592,1073741824,5252300800,290652160
209,1771648688599,3504,3504,3504,3504,3504,3504,3504,3504,38.3400764465332,38.0617790222168,36.92439270019531,36.51890563964844,37.0826530456543,36.5177001953125,36.85957717895508,37.82398223876953,37.90856170654297,28.571430206298828,10,5,9.523809432983398,5,4.761904716491699,4.761904716491699,0,2.2599680423736572,8589934592,1073741824,5252300800,290652160
202,1771648688810,3504,3504,3504,3504,3504,3504,3504,3504,38.3400764465332,38.0617790222168,36.92439270019531,36.51890563964844,37.0826530456543,36.5177001953125,36.85957717895508,37.82398223876953,37.90856170654297,25,14.285715103149414,9.523809432983398,9.523809432983398,0,0,0,0,1.9640984535217285,8589934592,1073741824,5252317184,290652160
205,1771648689012,3504,3504,3504,3504,3504,3504,3504,3504,38.3400764465332,38.0617790222168,36.92439270019531,36.51890563964844,37.0826530456543,36.5177001953125,36.85957717895508,37.82398223876953,37.90856170654297,25,14.285715103149414,15.000000953674316,5.263157844543457,0,0,0,0,1.9640984535217285,8589934592,1073741824,5252579328,290652160
203,1771648689218,3504,3504,3504,3504,3504,3504,3504,3504,38.23331069946289,37.98279571533203,36.8907470703125,36.42578125,36.991634368896484,36.4591064453125,36.70981216430664,37.73078155517578,37.80098342895508,25,15.000000953674316,10,14.285715103149414,0,0,0,0,1.9640984535217285,8589934592,1073741824,5252644864,290652160
209,1771648689422,3504,3504,3504,3504,3504,3504,3504,3504,38.23331069946289,37.98279571533203,36.8907470703125,36.42578125,36.991634368896484,36.4591064453125,36.70981216430664,37.73078155517578,37.80098342895508,28.571430206298828,25,19.047618865966797,15.000000953674316,0,0,0,0,1.9640984535217285,8589934592,1073741824,5253120000,290652160
203,1771648689632,3504,3504,3504,3504,3504,3504,3504,3504,38.23331069946289,37.98279571533203,36.8907470703125,36.42578125,36.991634368896484,36.4591064453125,36.70981216430664,37.73078155517578,37.80098342895508,23.809524536132813,19.047618865966797,14.285715103149414,9.523809432983398,0,0,0,0,1.9640984535217285,8589934592,1073741824,5253136384,290652160
209,1771648689836,3504,3504,3504,3504,3504,3504,3504,3504,38.23331069946289,37.98279571533203,36.8907470703125,36.42578125,36.991634368896484,36.4591064453125,36.70981216430664,37.73078155517578,37.80098342895508,28.571430206298828,10,5.263157844543457,9.523809432983398,0,0,0,0,2.4792535305023193,8589934592,1073741824,5253136384,290652160
209,1771648690045,3504,3504,3504,3504,3504,3504,3504,3504,38.23331069946289,37.98279571533203,36.8907470703125,36.42578125,36.991634368896484,36.4591064453125,36.70981216430664,37.73078155517578,37.80098342895508,25,13.636363983154297,13.636363983154297,5,0,0,0,0,2.4792535305023193,8589934592,1073741824,5253136384,290652160
208,1771648690256,3504,3504,3504,3504,3504,3504,3504,3504,38.17840576171875,37.838985443115234,36.75416564941406,36.297977447509766,36.93463897705078,36.33671951293945,36.57975769042969,37.61099624633789,37.66630172729492,28.571430206298828,15.000000953674316,9.523809432983398,13.636363983154297,0,0,0,0,2.4792535305023193,8589934592,1073741824,5252956160,290652160
201,1771648690464,3504,3504,3504,3504,3504,3504,3504,3504,38.17840576171875,37.838985443115234,36.75416564941406,36.297977447509766,36.93463897705078,36.33671951293945,36.57975769042969,37.61099624633789,37.66630172729492,23.809524536132813,27.272727966308594,25,19.047618865966797,40.90909194946289,0,0,0,2.4792535305023193,8589934592,1073741824,5253349376,290652160
209,1771648690666,3504,3504,3504,3504,3504,3504,3504,3504,38.17840576171875,37.838985443115234,36.75416564941406,36.297977447509766,36.93463897705078,36.33671951293945,36.57975769042969,37.61099624633789,37.66630172729492,20,5.263157844543457,15.000000953674316,5,0,0,0,0,2.4249589443206787,8589934592,1073741824,5253464064,290652160
208,1771648690876,3504,3504,3504,3504,3504,3504,3504,3504,38.17840576171875,37.838985443115234,36.75416564941406,36.297977447509766,36.93463897705078,36.33671951293945,36.57975769042969,37.61099624633789,37.66630172729492,23.809524536132813,14.285715103149414,22.72727394104004,14.285715103149414,0,0,0,0,2.4249589443206787,8589934592,1073741824,5237555200,290652160
208,1771648691085,3504,3504,3504,3504,3504,3504,3504,3504,38.17840576171875,37.838985443115234,36.75416564941406,36.297977447509766,36.93463897705078,36.33671951293945,36.57975769042969,37.61099624633789,37.66630172729492,19.047618865966797,23.809524536132813,19.047618865966797,5,0,0,0,0,2.4249589443206787,8589934592,1073741824,5237571584,290652160
205,1771648691293,3504,3504,3504,3504,3504,3504,3504,3504,38.30293655395508,38.084327697753906,36.88726806640625,36.400184631347656,36.98628234863281,36.34882736206055,36.51801300048828,37.5810432434082,37.58292007446289,19.047618865966797,19.047618865966797,15.000000953674316,14.285715103149414,0,0,0,0,2.4249589443206787,8589934592,1073741824,5237604352,290652160
199,1771648691500,3504,3504,3504,3504,3504,3504,3504,3504,38.30293655395508,38.084327697753906,36.88726806640625,36.400184631347656,36.98628234863281,36.34882736206055,36.51801300048828,37.5810432434082,37.58292007446289,20,10,20,5,0,0,0,0,2.4249589443206787,8589934592,1073741824,5237604352,290652160
209,1771648691699,3504,3504,3504,3504,3504,3504,3504,3504,38.30293655395508,38.084327697753906,36.88726806640625,36.400184631347656,36.98628234863281,36.34882736206055,36.51801300048828,37.5810432434082,37.58292007446289,15.789472579956055,15.789472579956055,15.000000953674316,14.285715103149414,0,0,0,0,2.3892805576324463,8589934592,1073741824,5237604352,290652160
209,1771648691910,3504,3504,3504,3504,3504,3504,3504,3504,38.30293655395508,38.084327697753906,36.88726806640625,36.400184631347656,36.98628234863281,36.34882736206055,36.51801300048828,37.5810432434082,37.58292007446289,22.72727394104004,13.636363983154297,23.809524536132813,9.523809432983398,0,0,0,0,2.3892805576324463,8589934592,1073741824,5237555200,290652160
206,1771648692120,3504,3504,3504,3504,3504,3504,3504,3504,38.30293655395508,38.084327697753906,36.88726806640625,36.400184631347656,36.98628234863281,36.34882736206055,36.51801300048828,37.5810432434082,37.58292007446289,47.619049072265625,30.000001907348633,27.272727966308594,45,0,0,0,0,2.3892805576324463,8589934592,1073741824,5239128064,290652160
201,1771648692327,3504,3504,3504,3504,3504,3504,3504,3504,38.10503005981445,37.661766052246094,36.566017150878906,36.099998474121094,36.85289001464844,36.2396240234375,36.37865447998047,37.42329788208008,37.47523498535156,14.285715103149414,22.72727394104004,15.000000953674316,9.090909004211426,0,0,0,0,2.3892805576324463,8589934592,1073741824,5239160832,290652160
208,1771648692529,3504,3504,3504,3504,3504,3504,3504,3504,38.10503005981445,37.661766052246094,36.566017150878906,36.099998474121094,36.85289001464844,36.2396240234375,36.37865447998047,37.42329788208008,37.47523498535156,26.3157901763916,15.789472579956055,21.052631378173828,11.111111640930176,0,9.523809432983398,0,0,2.3892805576324463,8589934592,1073741824,5239996416,290652160
207,1771648692737,3504,3504,3504,3504,3504,3504,3504,3504,38.10503005981445,37.661766052246094,36.566017150878906,36.099998474121094,36.85289001464844,36.2396240234375,36.37865447998047,37.42329788208008,37.47523498535156,20,23.809524536132813,13.636363983154297,13.043478012084961,0,0,0,0,2.4016549587249756,8589934592,1073741824,5239996416,290652160
209,1771648692945,3504,3504,3504,3504,3504,3504,3504,3504,38.10503005981445,37.661766052246094,36.566017150878906,36.099998474121094,36.85289001464844,36.2396240234375,36.37865447998047,37.42329788208008,37.47523498535156,23.809524536132813,33.333335876464844,15.000000953674316,15.789472579956055,18.18181800842285,19.047618865966797,19.047618865966797,15.000000953674316,2.4016549587249756,8589934592,1073741824,5240111104,290652160
208,1771648693156,3504,3504,3504,3504,3504,3504,3504,3504,38.462127685546875,38.065452575683594,36.86384582519531,36.421546936035156,36.95326232910156,36.503639221191406,36.68893814086914,37.74541091918945,37.80431365966797,14.285715103149414,20,9.523809432983398,4.545454502105713,4.761904716491699,0,0,0,2.4016549587249756,8589934592,1073741824,5240127488,290652160
203,1771648693365,3504,3504,3504,3504,3504,3504,3504,3504,38.462127685546875,38.065452575683594,36.86384582519531,36.421546936035156,36.95326232910156,36.503639221191406,36.68893814086914,37.74541091918945,37.80431365966797,19.047618865966797,27.272727966308594,13.636363983154297,10,0,0,0,0,2.4016549587249756,8589934592,1073741824,5240127488,290652160
209,1771648693568,3504,3504,3504,3504,3504,3504,3504,3504,38.462127685546875,38.065452575683594,36.86384582519531,36.421546936035156,36.95326232910156,36.503639221191406,36.68893814086914,37.74541091918945,37.80431365966797,23.809524536132813,25,10.526315689086914,14.285715103149414,0,0,0,0,2.4016549587249756,8589934592,1073741824,5240160256,290652160
200,1771648693778,3504,3504,3504,3504,3504,3504,3504,3504,38.462127685546875,38.065452575683594,36.86384582519531,36.421546936035156,36.95326232910156,36.503639221191406,36.68893814086914,37.74541091918945,37.80431365966797,19.047618865966797,14.285715103149414,9.090909004211426,9.523809432983398,0,4.761904716491699,4.761904716491699,0,2.1366512775421143,8589934592,1073741824,5240160256,290652160
209,1771648693979,3504,3504,3504,3504,3504,3504,3504,3504,38.462127685546875,38.065452575683594,36.86384582519531,36.421546936035156,36.95326232910156,36.503639221191406,36.68893814086914,37.74541091918945,37.80431365966797,25,20,15.000000953674316,5.263157844543457,0,0,0,0,2.1366512775421143,8589934592,1073741824,5240307712,290652160
199,1771648694189,3504,3504,3504,3504,3504,3504,3504,3504,38.13015365600586,37.68199920654297,36.57951354980469,36.13304901123047,36.85253143310547,36.23668670654297,36.387481689453125,37.41972732543945,37.464664459228516,20,10,5,4.761904716491699,4.761904716491699,4.761904716491699,0,4.761904716491699,2.1366512775421143,8589934592,1073741824,5240307712,290652160
206,1771648694389,3504,3504,3504,3504,3504,3504,3504,3504,38.13015365600586,37.68199920654297,36.57951354980469,36.13304901123047,36.85253143310547,36.23668670654297,36.387481689453125,37.41972732543945,37.464664459228516,15.000000953674316,30.000001907348633,14.285715103149414,9.523809432983398,0,0,0,0,2.1366512775421143,8589934592,1073741824,5240307712,290652160
205,1771648694595,3504,3504,3504,3504,3504,3504,3504,3504,38.13015365600586,37.68199920654297,36.57951354980469,36.13304901123047,36.85253143310547,36.23668670654297,36.387481689453125,37.41972732543945,37.464664459228516,19.047618865966797,28.571430206298828,10,5.263157844543457,0,0,0,0,2.1366512775421143,8589934592,1073741824,5240406016,290652160
208,1771648694802,3504,3504,3504,3504,3504,3504,3504,3504,38.13015365600586,37.68199920654297,36.57951354980469,36.13304901123047,36.85253143310547,36.23668670654297,36.387481689453125,37.41972732543945,37.464664459228516,10,20,10,18.18181800842285,0,0,0,0,2.5042691230773926,8589934592,1073741824,5240406016,290652160
201,1771648695010,3504,3504,3504,3504,3504,3504,3504,3504,38.13015365600586,37.68199920654297,36.57951354980469,36.13304901123047,36.85253143310547,36.23668670654297,36.387481689453125,37.41972732543945,37.464664459228516,10,19.047618865966797,5,15.000000953674316,0,0,0,0,2.5042691230773926,8589934592,1073741824,5240406016,290652160
206,1771648695212,3504,3504,3504,3504,3504,3504,3504,3504,37.99541091918945,37.42461013793945,36.396793365478516,35.94670104980469,36.66780471801758,36.102783203125,36.183345794677734,37.2027587890625,37.26335144042969,19.047618865966797,23.809524536132813,19.047618865966797,19.047618865966797,0,0,0,0,2.5042691230773926,8589934592,1073741824,5240406016,290652160
209,1771648695419,3504,3504,3504,3504,3504,3504,3504,3504,37.99541091918945,37.42461013793945,36.396793365478516,35.94670104980469,36.66780471801758,36.102783203125,36.183345794677734,37.2027587890625,37.26335144042969,19.047618865966797,15.000000953674316,9.523809432983398,10,0,0,0,0,2.5042691230773926,8589934592,1073741824,5240373248,290652160
207,1771648695629,3504,3504,3504,3504,3504,3504,3504,3504,37.99541091918945,37.42461013793945,36.396793365478516,35.94670104980469,36.66780471801758,36.102783203125,36.183345794677734,37.2027587890625,37.26335144042969,23.809524536132813,25,10,10,0,0,0,0,2.5042691230773926,8589934592,1073741824,5240111104,290652160
208,1771648695836,3504,3504,3504,3504,3504,3504,3504,3504,37.99541091918945,37.42461013793945,36.396793365478516,35.94670104980469,36.66780471801758,36.102783203125,36.183345794677734,37.2027587890625,37.26335144042969,10,28.571430206298828,14.285715103149414,13.636363983154297,0,0,0,0,2.437138080596924,8589934592,1073741824,5240078336,290652160
208,1771648696045,3504,3504,3504,3504,3504,3504,3504,3504,37.99541091918945,37.42461013793945,36.396793365478516,35.94670104980469,36.66780471801758,36.102783203125,36.183345794677734,37.2027587890625,37.26335144042969,14.285715103149414,28.571430206298828,9.523809432983398,9.523809432983398,0,0,0,0,2.437138080596924,8589934592,1073741824,5240094720,290652160
206,1771648696255,3504,3504,3504,3504,3504,3504,3504,3504,37.855125427246094,37.30385971069336,36.24797058105469,35.85335922241211,36.546600341796875,36.01319885253906,36.047664642333984,37.08265686035156,37.13605880737305,19.047618865966797,25,10,10,0,0,0,0,2.437138080596924,8589934592,1073741824,5239947264,290652160
205,1771648696462,3504,3504,3504,3504,3504,3504,3504,3504,37.855125427246094,37.30385971069336,36.24797058105469,35.85335922241211,36.546600341796875,36.01319885253906,36.047664642333984,37.08265686035156,37.13605880737305,20,19.047618865966797,13.636363983154297,9.090909004211426,0,0,0,0,2.437138080596924,8589934592,1073741824,5240029184,290652160
209,1771648696668,3504,3504,3504,3504,3504,3504,3504,3504,37.855125427246094,37.30385971069336,36.24797058105469,35.85335922241211,36.546600341796875,36.01319885253906,36.047664642333984,37.08265686035156,37.13605880737305,25,23.809524536132813,15.789472579956055,15.789472579956055,0,0,0,0,2.1830368041992188,8589934592,1073741824,5240766464,290652160
206,1771648696878,3504,3504,3504,3504,3504,3504,3504,3504,37.855125427246094,37.30385971069336,36.24797058105469,35.85335922241211,36.546600341796875,36.01319885253906,36.047664642333984,37.08265686035156,37.13605880737305,19.047618865966797,14.285715103149414,9.090909004211426,19.047618865966797,8.69565200805664,0,4.545454502105713,0,2.1830368041992188,8589934592,1073741824,5240766464,290652160
209,1771648697086,3504,3504,3504,3504,3504,3504,3504,3504,37.855125427246094,37.30385971069336,36.24797058105469,35.85335922241211,36.546600341796875,36.01319885253906,36.047664642333984,37.08265686035156,37.13605880737305,19.047618865966797,10,10,14.285715103149414,0,0,0,0,2.1830368041992188,8589934592,1073741824,5240766464,290652160
205,1771648697295,3504,3504,3504,3504,3504,3504,3504,3504,37.77154541015625,37.27729797363281,36.1898193359375,35.82006072998047,36.48077392578125,35.956268310546875,35.96453094482422,37.03196334838867,37.06438064575195,19.047618865966797,19.047618865966797,14.285715103149414,19.047618865966797,0,0,0,0,2.1830368041992188,8589934592,1073741824,5240766464,290652160
209,1771648697502,3504,3504,3504,3504,3504,3504,3504,3504,37.77154541015625,37.27729797363281,36.1898193359375,35.82006072998047,36.48077392578125,35.956268310546875,35.96453094482422,37.03196334838867,37.06438064575195,23.809524536132813,23.809524536132813,10,10,0,0,0,0,2.1830368041992188,8589934592,1073741824,5240061952,290652160
206,1771648697712,3504,3504,3504,3504,3504,3504,3504,3504,37.77154541015625,37.27729797363281,36.1898193359375,35.82006072998047,36.48077392578125,35.956268310546875,35.96453094482422,37.03196334838867,37.06438064575195,15.000000953674316,15.000000953674316,13.636363983154297,14.285715103149414,0,0,0,0,1.8484071493148804,8589934592,1073741824,5237161984,290652160
202,1771648697919,3504,3504,3504,3504,3504,3504,3504,3504,37.77154541015625,37.27729797363281,36.1898193359375,35.82006072998047,36.48077392578125,35.956268310546875,35.96453094482422,37.03196334838867,37.06438064575195,22.72727394104004,14.285715103149414,10,19.047618865966797,0,0,0,0,1.8484071493148804,8589934592,1073741824,5237178368,290652160
206,1771648698122,3504,3504,3504,3504,3504,3504,3504,3504,37.77154541015625,37.27729797363281,36.1898193359375,35.82006072998047,36.48077392578125,35.956268310546875,35.96453094482422,37.03196334838867,37.06438064575195,20,14.285715103149414,14.285715103149414,15.000000953674316,0,0,0,0,1.8484071493148804,8589934592,1073741824,5237194752,290652160
208,1771648698329,3504,3504,3504,3504,3504,3504,3504,3504,37.62792205810547,37.134437561035156,36.078285217285156,35.672935485839844,36.3094367980957,35.85753631591797,35.86101531982422,36.92927932739258,36.94977951049805,10,20,5,19.047618865966797,0,0,0,0,1.8484071493148804,8589934592,1073741824,5237243904,290652160
209,1771648698537,3504,3504,3504,3504,3504,3504,3504,3504,37.62792205810547,37.134437561035156,36.078285217285156,35.672935485839844,36.3094367980957,35.85753631591797,35.86101531982422,36.92927932739258,36.94977951049805,19.047618865966797,19.047618865966797,14.285715103149414,14.285715103149414,0,0,0,0,1.8484071493148804,8589934592,1073741824,5237161984,290652160
206,1771648698747,3504,3504,3504,3504,3504,3504,3504,3504,37.62792205810547,37.134437561035156,36.078285217285156,35.672935485839844,36.3094367980957,35.85753631591797,35.86101531982422,36.92927932739258,36.94977951049805,5.263157844543457,19.047618865966797,4.761904716491699,14.285715103149414,0,4.761904716491699,0,0,2.1959176063537598,8589934592,1073741824,5237161984,290652160
199,1771648698954,3504,3504,3504,3504,3504,3504,3504,3504,37.62792205810547,37.134437561035156,36.078285217285156,35.672935485839844,36.3094367980957,35.85753631591797,35.86101531982422,36.92927932739258,36.94977951049805,27.272727966308594,15.000000953674316,9.523809432983398,15.000000953674316,0,0,0,0,2.1959176063537598,8589934592,1073741824,5237112832,290652160
202,1771648699155,3504,3504,3504,3504,3504,3504,3504,3504,37.57797622680664,37.041831970214844,36.03474426269531,35.60371780395508,36.209327697753906,35.791141510009766,35.818355560302734,36.85620880126953,36.86698532104492,15.789472579956055,10,10.526315689086914,20,0,0,0,0,2.1959176063537598,8589934592,1073741824,5237145600,290652160
205,1771648699357,3504,3504,3504,3504,3504,3504,3504,3504,37.57797622680664,37.041831970214844,36.03474426269531,35.60371780395508,36.209327697753906,35.791141510009766,35.818355560302734,36.85620880126953,36.86698532104492,15.000000953674316,15.000000953674316,9.523809432983398,15.000000953674316,0,0,0,0,2.1959176063537598,8589934592,1073741824,5237145600,290652160
204,1771648699563,3504,3504,3504,3504,3504,3504,3504,3504,37.57797622680664,37.041831970214844,36.03474426269531,35.60371780395508,36.209327697753906,35.791141510009766,35.818355560302734,36.85620880126953,36.86698532104492,23.809524536132813,25,15.000000953674316,25,4.761904716491699,9.090909004211426,0,0,2.1959176063537598,8589934592,1073741824,5237506048,290652160
209,1771648699768,3504,3504,3504,3504,3504,3504,3504,3504,37.57797622680664,37.041831970214844,36.03474426269531,35.60371780395508,36.209327697753906,35.791141510009766,35.818355560302734,36.85620880126953,36.86698532104492,20,14.285715103149414,10,13.636363983154297,0,0,0,0,2.35526704788208,8589934592,1073741824,5237538816,290652160
201,1771648699978,3504,3504,3504,3504,3504,3504,3504,3504,37.57797622680664,37.041831970214844,36.03474426269531,35.60371780395508,36.209327697753906,35.791141510009766,35.818355560302734,36.85620880126953,36.86698532104492,19.047618865966797,14.285715103149414,13.636363983154297,5,0,0,0,0,2.35526704788208,8589934592,1073741824,5237473280,290652160
201,1771648700180,3504,3504,3504,3504,3504,3504,3504,3504,37.6007194519043,36.97609329223633,35.98340606689453,35.539955139160156,36.17788314819336,35.74639129638672,35.819580078125,36.8226203918457,36.82984924316406,25,20,10.526315689086914,14.285715103149414,0,0,0,0,2.35526704788208,8589934592,1073741824,5237473280,290652160
200,1771648700382,3504,3504,3504,3504,3504,3504,3504,3504,37.6007194519043,36.97609329223633,35.98340606689453,35.539955139160156,36.17788314819336,35.74639129638672,35.819580078125,36.8226203918457,36.82984924316406,25,15.000000953674316,20,10.526315689086914,5,0,0,0,2.35526704788208,8589934592,1073741824,5237833728,290652160
209,1771648700583,3504,3504,3504,3504,3504,3504,3504,3504,37.6007194519043,36.97609329223633,35.98340606689453,35.539955139160156,36.17788314819336,35.74639129638672,35.819580078125,36.8226203918457,36.82984924316406,15.000000953674316,20,23.809524536132813,15.000000953674316,33.333335876464844,0,0,0,2.35526704788208,8589934592,1073741824,5237751808,290652160
209,1771648700793,3504,3504,3504,3504,3504,3504,3504,3504,37.6007194519043,36.97609329223633,35.98340606689453,35.539955139160156,36.17788314819336,35.74639129638672,35.819580078125,36.8226203918457,36.82984924316406,23.809524536132813,10,15.000000953674316,9.090909004211426,0,0,0,0,2.3566954135894775,8589934592,1073741824,5237751808,290652160
208,1771648701003,3504,3504,3504,3504,3504,3504,3504,3504,37.6007194519043,36.97609329223633,35.98340606689453,35.539955139160156,36.17788314819336,35.74639129638672,35.819580078125,36.8226203918457,36.82984924316406,19.047618865966797,13.636363983154297,19.047618865966797,9.523809432983398,0,0,0,0,2.3566954135894775,8589934592,1073741824,5237751808,290652160
209,1771648701212,3504,3504,3504,3504,3504,3504,3504,3504,37.680763244628906,37.308265686035156,36.19923400878906,35.66124725341797,36.22993850708008,35.762474060058594,35.838951110839844,36.83284378051758,36.860984802246094,19.047618865966797,15.000000953674316,23.809524536132813,5.263157844543457,0,0,0,0,2.3566954135894775,8589934592,1073741824,5237751808,290652160
207,1771648701422,3504,3504,3504,3504,3504,3504,3504,3504,37.680763244628906,37.308265686035156,36.19923400878906,35.66124725341797,36.22993850708008,35.762474060058594,35.838951110839844,36.83284378051758,36.860984802246094,15.000000953674316,18.18181800842285,22.72727394104004,13.636363983154297,0,0,0,0,2.3566954135894775,8589934592,1073741824,5237751808,290652160
209,1771648701630,3504,3504,3504,3504,3504,3504,3504,3504,37.680763244628906,37.308265686035156,36.19923400878906,35.66124725341797,36.22993850708008,35.762474060058594,35.838951110839844,36.83284378051758,36.860984802246094,23.809524536132813,14.285715103149414,15.789472579956055,4.761904716491699,0,0,0,0,2.3566954135894775,8589934592,1073741824,5237555200,290652160
209,1771648701840,3504,3504,3504,3504,3504,3504,3504,3504,37.680763244628906,37.308265686035156,36.19923400878906,35.66124725341797,36.22993850708008,35.762474060058594,35.838951110839844,36.83284378051758,36.860984802246094,18.18181800842285,10,23.809524536132813,5,4.761904716491699,4.545454502105713,0,0,2.3674280643463135,8589934592,1073741824,5237555200,290652160
204,1771648702050,3504,3504,3504,3504,3504,3504,3504,3504,37.680763244628906,37.308265686035156,36.19923400878906,35.66124725341797,36.22993850708008,35.762474060058594,35.838951110839844,36.83284378051758,36.860984802246094,10,5,23.809524536132813,9.090909004211426,4.761904716491699,0,0,0,2.3674280643463135,8589934592,1073741824,5237473280,290652160
206,1771648702255,3504,3504,3504,3504,3504,3504,3504,3504,37.50806427001953,36.863372802734375,35.88373565673828,35.45455551147461,36.03411865234375,35.69423294067383,35.80406188964844,36.734493255615234,36.77073287963867,14.285715103149414,14.285715103149414,15.000000953674316,15.000000953674316,0,0,0,0,2.3674280643463135,8589934592,1073741824,5237473280,290652160
205,1771648702463,3504,3504,3504,3504,3504,3504,3504,3504,37.50806427001953,36.863372802734375,35.88373565673828,35.45455551147461,36.03411865234375,35.69423294067383,35.80406188964844,36.734493255615234,36.77073287963867,20,14.285715103149414,27.272727966308594,14.285715103149414,0,0,0,0,2.3674280643463135,8589934592,1073741824,5237440512,290652160
202,1771648702668,3504,3504,3504,3504,3504,3504,3504,3504,37.50806427001953,36.863372802734375,35.88373565673828,35.45455551147461,36.03411865234375,35.69423294067383,35.80406188964844,36.734493255615234,36.77073287963867,23.809524536132813,14.285715103149414,15.000000953674316,5,0,0,0,0,2.3787691593170166,8589934592,1073741824,5237473280,290652160
209,1771648702871,3504,3504,3504,3504,3504,3504,3504,3504,37.50806427001953,36.863372802734375,35.88373565673828,35.45455551147461,36.03411865234375,35.69423294067383,35.80406188964844,36.734493255615234,36.77073287963867,20,10.526315689086914,15.000000953674316,5,0,0,0,0,2.3787691593170166,8589934592,1073741824,5237211136,290652160
206,1771648703081,3504,3504,3504,3504,3504,3504,3504,3504,37.50806427001953,36.863372802734375,35.88373565673828,35.45455551147461,36.03411865234375,35.69423294067383,35.80406188964844,36.734493255615234,36.77073287963867,23.809524536132813,18.18181800842285,19.047618865966797,13.636363983154297,0,0,0,0,2.3787691593170166,8589934592,1073741824,5237293056,290652160
209,1771648703289,3504,3504,3504,3504,3504,3504,3504,3504,37.34067916870117,36.716739654541016,35.7369384765625,35.35591125488281,35.978614807128906,35.60536193847656,35.78863525390625,36.635520935058594,36.6683349609375,23.809524536132813,10.526315689086914,20,5.263157844543457,0,0,0,0,2.3787691593170166,8589934592,1073741824,5237456896,290652160
201,1771648703499,3504,3504,3504,3504,3504,3504,3504,3504,37.34067916870117,36.716739654541016,35.7369384765625,35.35591125488281,35.978614807128906,35.60536193847656,35.78863525390625,36.635520935058594,36.6683349609375,20,14.285715103149414,22.72727394104004,13.636363983154297,0,0,0,0,2.3787691593170166,8589934592,1073741824,5237456896,290652160
209,1771648703701,3504,3504,3504,3504,3504,3504,3504,3504,37.34067916870117,36.716739654541016,35.7369384765625,35.35591125488281,35.978614807128906,35.60536193847656,35.78863525390625,36.635520935058594,36.6683349609375,25,19.047618865966797,15.000000953674316,0,15.000000953674316,10,9.523809432983398,9.523809432983398,1.9523743391036987,8589934592,1073741824,5239619584,290652160
207,1771648703911,3504,3504,3504,3504,3504,3504,3504,3504,37.34067916870117,36.716739654541016,35.7369384765625,35.35591125488281,35.978614807128906,35.60536193847656,35.78863525390625,36.635520935058594,36.6683349609375,28.571430206298828,9.523809432983398,5,13.636363983154297,0,0,0,0,1.9523743391036987,8589934592,1073741824,5239619584,290652160
209,1771648704119,3504,3504,3504,3504,3504,3504,3504,3504,37.34067916870117,36.716739654541016,35.7369384765625,35.35591125488281,35.978614807128906,35.60536193847656,35.78863525390625,36.635520935058594,36.6683349609375,15.000000953674316,19.047618865966797,20,10,0,0,0,0,1.9523743391036987,8589934592,1073741824,5239635968,290652160
207,1771648704329,3504,3504,3504,3504,3504,3504,3504,3504,37.401466369628906,36.804046630859375,35.80107879638672,35.42570495605469,35.946624755859375,35.60562515258789,35.78951644897461,36.66495132446289,36.697547912597656,14.285715103149414,10,22.72727394104004,14.285715103149414,0,0,0,0,1.9523743391036987,8589934592,1073741824,5239734272,290652160
206,1771648704537,3504,3504,3504,3504,3504,3504,3504,3504,37.401466369628906,36.804046630859375,35.80107879638672,35.42570495605469,35.946624755859375,35.60562515258789,35.78951644897461,36.66495132446289,36.697547912597656,57.142860412597656,38.095237731933594,35,38.095237731933594,0,0,0,0,1.9523743391036987,8589934592,1073741824,5253840896,290652160
201,1771648704743,3504,3504,3504,3504,3504,3504,3504,3504,37.401466369628906,36.804046630859375,35.80107879638672,35.42570495605469,35.946624755859375,35.60562515258789,35.78951644897461,36.66495132446289,36.697547912597656,14.285715103149414,10,22.72727394104004,15.000000953674316,0,0,0,0,2.674351453781128,8589934592,1073741824,5253955584,290652160
200,1771648704945,3504,3504,3504,3504,3504,3504,3504,3504,37.401466369628906,36.804046630859375,35.80107879638672,35.42570495605469,35.946624755859375,35.60562515258789,35.78951644897461,36.66495132446289,36.697547912597656,15.000000953674316,10,15.000000953674316,19.047618865966797,0,0,0,0,2.674351453781128,8589934592,1073741824,5253955584,290652160
205,1771648705146,3504,3504,3504,3504,3504,3504,3504,3504,37.401466369628906,36.64867401123047,35.67720031738281,35.336578369140625,35.90174865722656,35.52357482910156,35.76322937011719,36.55458068847656,36.59824752807617,15.000000953674316,19.047618865966797,20,20,0,0,0,0,2.674351453781128,8589934592,1073741824,5253955584,290652160
209,1771648705352,3504,3504,3504,3504,3504,3504,3504,3504,37.240516662597656,36.64867401123047,35.67720031738281,35.336578369140625,35.90174865722656,35.52357482910156,35.76322937011719,36.55458068847656,36.59824752807617,15.000000953674316,10,15.000000953674316,15.000000953674316,0,0,0,0,2.674351453781128,8589934592,1073741824,5253955584,290652160
209,1771648705562,3504,3504,3504,3504,3504,3504,3504,3504,37.240516662597656,36.64867401123047,35.67720031738281,35.336578369140625,35.90174865722656,35.52357482910156,35.76322937011719,36.55458068847656,36.59824752807617,13.636363983154297,14.285715103149414,15.000000953674316,14.285715103149414,0,0,0,0,2.674351453781128,8589934592,1073741824,5253955584,290652160
206,1771648705771,3504,3504,3504,3504,3504,3504,3504,3504,37.240516662597656,36.64867401123047,35.67720031738281,35.336578369140625,35.90174865722656,35.52357482910156,35.76322937011719,36.55458068847656,36.59824752807617,20,14.285715103149414,19.047618865966797,14.285715103149414,0,0,0,0,2.9407455921173096,8589934592,1073741824,5253840896,290652160
209,1771648705979,3504,3504,3504,3504,3504,3504,3504,3504,37.240516662597656,36.64867401123047,35.67720031738281,35.336578369140625,35.90174865722656,35.52357482910156,35.76322937011719,36.55458068847656,36.59824752807617,25,14.285715103149414,14.285715103149414,10,0,0,0,0,2.9407455921173096,8589934592,1073741824,5253742592,290652160
206,1771648706188,3504,3504,3504,3504,3504,3504,3504,3504,37.112937927246094,36.54079818725586,35.64952850341797,35.302955627441406,35.796958923339844,35.49835968017578,35.7348747253418,36.45792007446289,36.50136184692383,28.571430206298828,15.000000953674316,19.047618865966797,9.523809432983398,0,0,0,0,2.9407455921173096,8589934592,1073741824,5253775360,290652160
205,1771648706395,3504,3504,3504,3504,3504,3504,3504,3504,37.112937927246094,36.54079818725586,35.64952850341797,35.302955627441406,35.796958923339844,35.49835968017578,35.7348747253418,36.45792007446289,36.50136184692383,23.809524536132813,28.571430206298828,25,14.285715103149414,0,0,0,0,2.9407455921173096,8589934592,1073741824,5253808128,290652160
209,1771648706601,3504,3504,3504,3504,3504,3504,3504,3504,37.112937927246094,36.54079818725586,35.64952850341797,35.302955627441406,35.796958923339844,35.49835968017578,35.7348747253418,36.45792007446289,36.50136184692383,15.000000953674316,23.809524536132813,19.047618865966797,9.523809432983398,0,0,0,0,2.9407455921173096,8589934592,1073741824,5253824512,290652160
200,1771648706811,3504,3504,3504,3504,3504,3504,3504,3504,37.112937927246094,36.54079818725586,35.64952850341797,35.302955627441406,35.796958923339844,35.49835968017578,35.7348747253418,36.45792007446289,36.50136184692383,19.047618865966797,15.789472579956055,9.523809432983398,9.523809432983398,0,0,0,0,2.252531051635742,8589934592,1073741824,5253758976,290652160
205,1771648707012,3504,3504,3504,3504,3504,3504,3504,3504,37.112937927246094,36.54079818725586,35.64952850341797,35.302955627441406,35.796958923339844,35.49835968017578,35.7348747253418,36.45792007446289,36.50136184692383,15.000000953674316,27.272727966308594,15.000000953674316,10.526315689086914,0,0,0,0,2.252531051635742,8589934592,1073741824,5253758976,290652160
209,1771648707218,3504,3504,3504,3504,3504,3504,3504,3504,37.05561065673828,36.484291076660156,35.580482482910156,35.250797271728516,35.68290710449219,35.43617630004883,35.68632888793945,36.411014556884766,36.42381286621094,15.000000953674316,15.789472579956055,9.523809432983398,19.047618865966797,0,0,0,0,2.252531051635742,8589934592,1073741824,5253758976,290652160
200,1771648707428,3504,3504,3504,3504,3504,3504,3504,3504,37.05561065673828,36.484291076660156,35.580482482910156,35.250797271728516,35.68290710449219,35.43617630004883,35.68632888793945,36.411014556884766,36.42381286621094,18.18181800842285,22.72727394104004,10,15.000000953674316,0,0,0,0,2.252531051635742,8589934592,1073741824,5253758976,290652160
202,1771648707630,3504,3504,3504,3504,3504,3504,3504,3504,37.05561065673828,36.484291076660156,35.580482482910156,35.250797271728516,35.68290710449219,35.43617630004883,35.68632888793945,36.411014556884766,36.42381286621094,15.000000953674316,15.789472579956055,20,19.047618865966797,0,0,0,0,2.252531051635742,8589934592,1073741824,5253758976,290652160
209,1771648707833,3504,3504,3504,3504,3504,3504,3504,3504,37.05561065673828,36.484291076660156,35.580482482910156,35.250797271728516,35.68290710449219,35.43617630004883,35.68632888793945,36.411014556884766,36.42381286621094,15.789472579956055,9.523809432983398,23.809524536132813,5,0,0,0,0,2.0680747032165527,8589934592,1073741824,5253758976,290652160
203,1771648708043,3504,3504,3504,3504,3504,3504,3504,3504,37.05561065673828,36.484291076660156,35.580482482910156,35.250797271728516,35.68290710449219,35.43617630004883,35.68632888793945,36.411014556884766,36.42381286621094,18.18181800842285,15.000000953674316,28.571430206298828,9.523809432983398,0,0,0,0,2.0680747032165527,8589934592,1073741824,5253775360,290652160
209,1771648708247,3504,3504,3504,3504,3504,3504,3504,3504,36.99585723876953,36.430049896240234,35.53307342529297,35.15782165527344,35.61715316772461,35.364952087402344,35.61020278930664,36.375701904296875,36.289859771728516,10.526315689086914,23.809524536132813,20,9.523809432983398,0,0,0,0,2.0680747032165527,8589934592,1073741824,5251121152,290652160
204,1771648708457,3504,3504,3504,3504,3504,3504,3504,3504,36.99585723876953,36.430049896240234,35.53307342529297,35.15782165527344,35.61715316772461,35.364952087402344,35.61020278930664,36.375701904296875,36.289859771728516,22.72727394104004,23.809524536132813,20,14.285715103149414,9.090909004211426,9.090909004211426,4.761904716491699,4.761904716491699,2.0680747032165527,8589934592,1073741824,5252497408,290652160
209,1771648708662,3504,3504,3504,3504,3504,3504,3504,3504,36.99585723876953,36.430049896240234,35.53307342529297,35.15782165527344,35.61715316772461,35.364952087402344,35.61020278930664,36.375701904296875,36.289859771728516,25,15.000000953674316,19.047618865966797,14.285715103149414,4.761904716491699,4.761904716491699,0,0,1.999793529510498,8589934592,1073741824,5252775936,290652160
209,1771648708872,3504,3504,3504,3504,3504,3504,3504,3504,36.99585723876953,36.430049896240234,35.53307342529297,35.15782165527344,35.61715316772461,35.364952087402344,35.61020278930664,36.375701904296875,36.289859771728516,19.047618865966797,14.285715103149414,9.523809432983398,5,0,0,0,0,1.999793529510498,8589934592,1073741824,5252857856,290652160
209,1771648709082,3504,3504,3504,3504,3504,3504,3504,3504,36.99585723876953,36.430049896240234,35.53307342529297,35.15782165527344,35.61715316772461,35.364952087402344,35.61020278930664,36.375701904296875,36.289859771728516,19.047618865966797,20,9.523809432983398,15.000000953674316,0,0,0,0,1.999793529510498,8589934592,1073741824,5252874240,290652160
202,1771648709292,3504,3504,3504,3504,3504,3504,3504,3504,37.06676483154297,36.496639251708984,35.58331298828125,35.19450378417969,35.642696380615234,35.40625,35.64360809326172,36.394466400146484,36.41067123413086,23.809524536132813,14.285715103149414,19.047618865966797,13.636363983154297,0,0,0,0,1.999793529510498,8589934592,1073741824,5252874240,290652160
208,1771648709495,3504,3504,3504,3504,3504,3504,3504,3504,37.06676483154297,36.496639251708984,35.58331298828125,35.19450378417969,35.642696380615234,35.40625,35.64360809326172,36.394466400146484,36.41067123413086,15.000000953674316,20,15.789472579956055,15.000000953674316,0,0,0,0,1.999793529510498,8589934592,1073741824,5252874240,290652160
207,1771648709704,3504,3504,3504,3504,3504,3504,3504,3504,37.06676483154297,36.496639251708984,35.58331298828125,35.19450378417969,35.642696380615234,35.40625,35.64360809326172,36.394466400146484,36.41067123413086,19.047618865966797,18.18181800842285,18.18181800842285,9.523809432983398,0,0,0,0,1.9532196521759033,8589934592,1073741824,5252874240,290652160
209,1771648709912,3504,3504,3504,3504,3504,3504,3504,3504,37.06676483154297,36.496639251708984,35.58331298828125,35.19450378417969,35.642696380615234,35.40625,35.64360809326172,36.394466400146484,36.41067123413086,19.047618865966797,15.000000953674316,14.285715103149414,20,0,0,0,0,1.9532196521759033,8589934592,1073741824,5252497408,290652160
206,1771648710122,3504,3504,3504,3504,3504,3504,3504,3504,37.06676483154297,36.496639251708984,35.58331298828125,35.19450378417969,35.642696380615234,35.40625,35.64360809326172,36.394466400146484,36.41067123413086,14.285715103149414,14.285715103149414,5,22.72727394104004,0,0,0,0,1.9532196521759033,8589934592,1073741824,5252300800,290652160
203,1771648710329,3504,3504,3504,3504,3504,3504,3504,3504,36.93735885620117,36.37615203857422,35.451358795166016,35.033935546875,35.52578353881836,35.30648422241211,35.548248291015625,36.28799819946289,36.26631164550781,15.789472579956055,20,14.285715103149414,5,0,0,0,0,1.9532196521759033,8589934592,1073741824,5252300800,290652160
206,1771648710533,3504,3504,3504,3504,3504,3504,3504,3504,36.93735885620117,36.37615203857422,35.451358795166016,35.033935546875,35.52578353881836,35.30648422241211,35.548248291015625,36.28799819946289,36.26631164550781,36.3636360168457,28.571430206298828,19.047618865966797,28.571430206298828,40,0,0,0,1.9532196521759033,8589934592,1073741824,5252710400,290652160
206,1771648710740,3504,3504,3504,3504,3504,3504,3504,3504,36.93735885620117,36.37615203857422,35.451358795166016,35.033935546875,35.52578353881836,35.30648422241211,35.548248291015625,36.28799819946289,36.26631164550781,10,23.809524536132813,5,5,0,0,0,0,3.025400161743164,8589934592,1073741824,5252972544,290652160
209,1771648710947,3504,3504,3504,3504,3504,3504,3504,3504,36.93735885620117,36.37615203857422,35.451358795166016,35.033935546875,35.52578353881836,35.30648422241211,35.548248291015625,36.28799819946289,36.26631164550781,14.285715103149414,30.000001907348633,9.523809432983398,9.523809432983398,0,0,0,0,3.025400161743164,8589934592,1073741824,5252972544,290652160
208,1771648711157,3504,3504,3504,3504,3504,3504,3504,3504,37.04777526855469,36.70255661010742,35.6666259765625,35.17463684082031,35.58125686645508,35.330657958984375,35.59062957763672,36.30320358276367,36.30900192260742,20,19.047618865966797,23.809524536132813,10,0,0,0,0,3.025400161743164,8589934592,1073741824,5253005312,290652160
205,1771648711366,3504,3504,3504,3504,3504,3504,3504,3504,37.04777526855469,36.70255661010742,35.6666259765625,35.17463684082031,35.58125686645508,35.330657958984375,35.59062957763672,36.30320358276367,36.30900192260742,14.285715103149414,19.047618865966797,20,9.523809432983398,0,0,0,0,3.025400161743164,8589934592,1073741824,5253005312,290652160
204,1771648711572,3504,3504,3504,3504,3504,3504,3504,3504,37.04777526855469,36.70255661010742,35.6666259765625,35.17463684082031,35.58125686645508,35.330657958984375,35.59062957763672,36.30320358276367,36.30900192260742,19.047618865966797,20,19.047618865966797,9.523809432983398,0,0,0,0,3.025400161743164,8589934592,1073741824,5253054464,290652160
201,1771648711777,3504,3504,3504,3504,3504,3504,3504,3504,37.04777526855469,36.70255661010742,35.6666259765625,35.17463684082031,35.58125686645508,35.330657958984375,35.59062957763672,36.30320358276367,36.30900192260742,15.000000953674316,23.809524536132813,20,5,0,0,0,0,2.8273861408233643,8589934592,1073741824,5253054464,290652160
200,1771648711979,3504,3504,3504,3504,3504,3504,3504,3504,37.04777526855469,36.70255661010742,35.6666259765625,35.17463684082031,35.58125686645508,35.330657958984375,35.59062957763672,36.30320358276367,36.30900192260742,15.000000953674316,10,21.052631378173828,10,0,0,0,0,2.8273861408233643,8589934592,1073741824,5253070848,290652160
200,1771648712180,3504,3504,3504,3504,3504,3504,3504,3504,36.84209442138672,36.300357818603516,35.343772888183594,34.95381164550781,35.43302917480469,35.266265869140625,35.423641204833984,36.20671844482422,36.18035888671875,10.526315689086914,10.526315689086914,23.809524536132813,9.523809432983398,0,0,0,0,2.8273861408233643,8589934592,1073741824,5253103616,290652160
204,1771648712380,3504,3504,3504,3504,3504,3504,3504,3504,36.84209442138672,36.300357818603516,35.343772888183594,34.95381164550781,35.43302917480469,35.266265869140625,35.423641204833984,36.20671844482422,36.18035888671875,19.047618865966797,19.047618865966797,25,5.263157844543457,0,0,0,0,2.8273861408233643,8589934592,1073741824,5253103616,290652160
209,1771648712585,3504,3504,3504,3504,3504,3504,3504,3504,36.84209442138672,36.300357818603516,35.343772888183594,34.95381164550781,35.43302917480469,35.266265869140625,35.423641204833984,36.20671844482422,36.18035888671875,14.285715103149414,10.526315689086914,23.809524536132813,5,0,0,0,0,2.8273861408233643,8589934592,1073741824,5253103616,290652160
209,1771648712795,3504,3504,3504,3504,3504,3504,3504,3504,36.84209442138672,36.300357818603516,35.343772888183594,34.95381164550781,35.43302917480469,35.266265869140625,35.423641204833984,36.20671844482422,36.18035888671875,15.000000953674316,13.636363983154297,10,13.636363983154297,0,0,0,0,2.2989344596862793,8589934592,1073741824,5253103616,290652160
208,1771648713005,3504,3504,3504,3504,3504,3504,3504,3504,36.84209442138672,36.300357818603516,35.343772888183594,34.95381164550781,35.43302917480469,35.266265869140625,35.423641204833984,36.20671844482422,36.18035888671875,23.809524536132813,14.285715103149414,22.72727394104004,5,0,0,0,0,2.2989344596862793,8589934592,1073741824,5253152768,290652160
209,1771648713214,3504,3504,3504,3504,3504,3504,3504,3504,36.77751541137695,36.227577209472656,35.27057647705078,34.90647888183594,35.34902572631836,35.17644500732422,35.367393493652344,36.12818908691406,36.087867736816406,20,10,23.809524536132813,9.523809432983398,0,0,0,0,2.2989344596862793,8589934592,1073741824,5253120000,290652160
204,1771648713424,3504,3504,3504,3504,3504,3504,3504,3504,36.77751541137695,36.227577209472656,35.27057647705078,34.90647888183594,35.34902572631836,35.17644500732422,35.367393493652344,36.12818908691406,36.087867736816406,23.809524536132813,13.636363983154297,15.000000953674316,4.761904716491699,0,0,0,0,2.2989344596862793,8589934592,1073741824,5253120000,290652160
205,1771648713629,3504,3504,3504,3504,3504,3504,3504,3504,36.77751541137695,36.227577209472656,35.27057647705078,34.90647888183594,35.34902572631836,35.17644500732422,35.367393493652344,36.12818908691406,36.087867736816406,15.000000953674316,15.789472579956055,14.285715103149414,9.523809432983398,0,0,0,0,2.2989344596862793,8589934592,1073741824,5253120000,290652160
209,1771648713835,3504,3504,3504,3504,3504,3504,3504,3504,36.77751541137695,36.227577209472656,35.27057647705078,34.90647888183594,35.34902572631836,35.17644500732422,35.367393493652344,36.12818908691406,36.087867736816406,23.809524536132813,28.571430206298828,25,15.000000953674316,19.047618865966797,20,14.285715103149414,14.285715103149414,1.8145357370376587,8589934592,1073741824,5253431296,290652160
200,1771648714045,3504,3504,3504,3504,3504,3504,3504,3504,36.77751541137695,36.227577209472656,35.27057647705078,34.90647888183594,35.34902572631836,35.17644500732422,35.367393493652344,36.12818908691406,36.087867736816406,19.047618865966797,18.18181800842285,9.523809432983398,4.761904716491699,0,0,0,0,1.8145357370376587,8589934592,1073741824,5253447680,290652160
209,1771648714246,3504,3504,3504,3504,3504,3504,3504,3504,37.18408203125,36.64108657836914,35.590675354003906,35.24073028564453,35.58009719848633,35.42998504638672,35.62009811401367,36.45139694213867,36.495540618896484,20,15.789472579956055,19.047618865966797,10,0,0,0,0,1.8145357370376587,8589934592,1073741824,5253447680,290652160
209,1771648714456,3504,3504,3504,3504,3504,3504,3504,3504,37.18408203125,36.64108657836914,35.590675354003906,35.24073028564453,35.58009719848633,35.42998504638672,35.62009811401367,36.45139694213867,36.495540618896484,22.72727394104004,14.285715103149414,14.285715103149414,13.636363983154297,0,0,0,0,1.8145357370376587,8589934592,1073741824,5253447680,290652160
205,1771648714666,3504,3504,3504,3504,3504,3504,3504,3504,37.18408203125,36.64108657836914,35.590675354003906,35.24073028564453,35.58009719848633,35.42998504638672,35.62009811401367,36.45139694213867,36.495540618896484,10.526315689086914,14.285715103149414,5.263157844543457,14.285715103149414,0,0,0,0,2.261730432510376,8589934592,1073741824,5253447680,290652160
207,1771648714872,3504,3504,3504,3504,3504,3504,3504,3504,37.18408203125,36.64108657836914,35.590675354003906,35.24073028564453,35.58009719848633,35.42998504638672,35.62009811401367,36.45139694213867,36.495540618896484,33.333335876464844,35,28.571430206298828,21.052631378173828,4.761904716491699,4.761904716491699,4.761904716491699,0,2.261730432510376,8589934592,1073741824,5256069120,290652160
209,1771648715081,3504,3504,3504,3504,3504,3504,3504,3504,37.18408203125,36.64108657836914,35.590675354003906,35.24073028564453,35.58009719848633,35.42998504638672,35.62009811401367,36.45139694213867,36.495540618896484,14.285715103149414,14.285715103149414,28.571430206298828,13.636363983154297,0,0,0,0,2.261730432510376,8589934592,1073741824,5256282112,290652160
206,1771648715291,3504,3504,3504,3504,3504,3504,3504,3504,36.80437469482422,36.306575775146484,35.330806732177734,34.933799743652344,35.45600128173828,35.225921630859375,35.376243591308594,36.18357849121094,36.13862991333008,19.047618865966797,23.809524536132813,14.285715103149414,5,0,0,0,0,2.261730432510376,8589934592,1073741824,5256298496,290652160
203,1771648715497,3504,3504,3504,3504,3504,3504,3504,3504,36.80437469482422,36.306575775146484,35.330806732177734,34.933799743652344,35.45600128173828,35.225921630859375,35.376243591308594,36.18357849121094,36.13862991333008,15.000000953674316,20,19.047618865966797,14.285715103149414,0,0,0,0,2.261730432510376,8589934592,1073741824,5256314880,290652160
201,1771648715702,3504,3504,3504,3504,3504,3504,3504,3504,36.80437469482422,36.306575775146484,35.330806732177734,34.933799743652344,35.45600128173828,35.225921630859375,35.376243591308594,36.18357849121094,36.13862991333008,14.285715103149414,14.285715103149414,30.000001907348633,5,0,0,0,0,2.7004477977752686,8589934592,1073741824,5256019968,290652160
209,1771648715903,3504,3504,3504,3504,3504,3504,3504,3504,36.80437469482422,36.306575775146484,35.330806732177734,34.933799743652344,35.45600128173828,35.225921630859375,35.376243591308594,36.18357849121094,36.13862991333008,15.000000953674316,15.000000953674316,25,10,0,0,0,0,2.7004477977752686,8589934592,1073741824,5256019968,290652160
200,1771648716114,3504,3504,3504,3504,3504,3504,3504,3504,36.80437469482422,36.306575775146484,35.330806732177734,34.933799743652344,35.45600128173828,35.225921630859375,35.376243591308594,36.18357849121094,36.13862991333008,10,19.047618865966797,15.000000953674316,14.285715103149414,0,0,0,0,2.7004477977752686,8589934592,1073741824,5255593984,290652160
209,1771648716314,3504,3504,3504,3504,3504,3504,3504,3504,36.729827880859375,36.189544677734375,35.212093353271484,34.8530158996582,35.37766647338867,35.135780334472656,35.293251037597656,36.06488800048828,36.05310821533203,19.047618865966797,10.526315689086914,20,20,0,0,0,0,2.7004477977752686,8589934592,1073741824,5255675904,290652160
203,1771648716524,3504,3504,3504,3504,3504,3504,3504,3504,36.729827880859375,36.189544677734375,35.212093353271484,34.8530158996582,35.37766647338867,35.135780334472656,35.293251037597656,36.06488800048828,36.05310821533203,15.000000953674316,18.18181800842285,14.285715103149414,10,0,0,0,0,2.7004477977752686,8589934592,1073741824,5255692288,290652160
203,1771648716729,3504,3504,3504,3504,3504,3504,3504,3504,36.729827880859375,36.189544677734375,35.212093353271484,34.8530158996582,35.37766647338867,35.135780334472656,35.293251037597656,36.06488800048828,36.05310821533203,19.047618865966797,20,14.285715103149414,19.047618865966797,0,0,0,0,2.343924045562744,8589934592,1073741824,5255675904,290652160
206,1771648716933,3504,3504,3504,3504,3504,3504,3504,3504,36.729827880859375,36.189544677734375,35.212093353271484,34.8530158996582,35.37766647338867,35.135780334472656,35.293251037597656,36.06488800048828,36.05310821533203,15.789472579956055,20,10,14.285715103149414,0,0,0,0,2.343924045562744,8589934592,1073741824,5255692288,290652160
204,1771648717140,3504,3504,3504,3504,3504,3504,3504,3504,36.729827880859375,36.189544677734375,35.212093353271484,34.797630310058594,35.26321029663086,35.09220886230469,35.213050842285156,35.98378372192383,35.999908447265625,27.272727966308594,23.809524536132813,23.809524536132813,10,0,0,0,0,2.343924045562744,8589934592,1073741824,5255708672,290652160
199,1771648717345,3504,3504,3504,3504,3504,3504,3504,3504,36.68408966064453,36.17227554321289,35.16404724121094,34.797630310058594,35.26321029663086,35.09220886230469,35.213050842285156,35.98378372192383,35.999908447265625,30.000001907348633,40,25,33.333335876464844,0,0,0,0,2.343924045562744,8589934592,1073741824,5255757824,290652160
209,1771648717545,3504,3504,3504,3504,3504,3504,3504,3504,36.68408966064453,36.17227554321289,35.16404724121094,34.797630310058594,35.26321029663086,35.09220886230469,35.213050842285156,35.98378372192383,35.999908447265625,15.789472579956055,20,10,15.789472579956055,0,0,0,0,2.343924045562744,8589934592,1073741824,5255757824,290652160
199,1771648717756,3504,3504,3504,3504,3504,3504,3504,3504,36.68408966064453,36.17227554321289,35.16404724121094,34.797630310058594,35.26321029663086,35.09220886230469,35.213050842285156,35.98378372192383,35.999908447265625,23.809524536132813,19.047618865966797,9.523809432983398,9.090909004211426,0,0,0,0,1.998928427696228,8589934592,1073741824,5255741440,290652160
204,1771648717956,3504,3504,3504,3504,3504,3504,3504,3504,36.68408966064453,36.17227554321289,35.16404724121094,34.797630310058594,35.26321029663086,35.09220886230469,35.213050842285156,35.98378372192383,35.999908447265625,25,20,10,5.263157844543457,0,0,0,0,1.998928427696228,8589934592,1073741824,5255757824,290652160
206,1771648718161,3504,3504,3504,3504,3504,3504,3504,3504,36.6203727722168,36.09308624267578,35.118186950683594,34.92673873901367,35.22325897216797,35.02912139892578,35.20978546142578,35.94803237915039,36.003456115722656,28.571430206298828,20,14.285715103149414,14.285715103149414,0,0,0,0,1.998928427696228,8589934592,1073741824,5255806976,290652160
209,1771648718368,3504,3504,3504,3504,3504,3504,3504,3504,36.6203727722168,36.09308624267578,35.118186950683594,34.92673873901367,35.22325897216797,35.02912139892578,35.20978546142578,35.94803237915039,36.003456115722656,23.809524536132813,23.809524536132813,14.285715103149414,10,0,0,0,0,1.998928427696228,8589934592,1073741824,5255725056,290652160
206,1771648718578,3504,3504,3504,3504,3504,3504,3504,3504,36.6203727722168,36.09308624267578,35.118186950683594,34.92673873901367,35.22325897216797,35.02912139892578,35.20978546142578,35.94803237915039,36.003456115722656,19.047618865966797,19.047618865966797,5,9.090909004211426,0,0,0,0,1.998928427696228,8589934592,1073741824,5255741440,290652160
209,1771648718785,3504,3504,3504,3504,3504,3504,3504,3504,36.6203727722168,36.09308624267578,35.118186950683594,34.92673873901367,35.22325897216797,35.02912139892578,35.20978546142578,35.94803237915039,36.003456115722656,40,20,20,14.285715103149414,4.761904716491699,5,4.761904716491699,0,1.8955988883972168,8589934592,1073741824,5255741440,290652160
209,1771648718995,3504,3504,3504,3504,3504,3504,3504,3504,36.6203727722168,36.09308624267578,35.118186950683594,34.92673873901367,35.22325897216797,35.02912139892578,35.20978546142578,35.94803237915039,36.003456115722656,66.66667175292969,42.85714340209961,38.095237731933594,30.000001907348633,0,0,0,0,1.8955988883972168,8589934592,1073741824,5255741440,290652160
206,1771648719205,3504,3504,3504,3504,3504,3504,3504,3504,36.61876678466797,36.13734436035156,35.14976501464844,35.01262664794922,35.27363967895508,35.09516906738281,35.239158630371094,36.012672424316406,36.002750396728516,61.904762268066406,45.45454788208008,31.81818199157715,30.000001907348633,0,0,0,0,1.8955988883972168,8589934592,1073741824,5275303936,290652160
209,1771648719412,3504,3504,3504,3504,3504,3504,3504,3504,36.61876678466797,36.13734436035156,35.14976501464844,35.01262664794922,35.27363967895508,35.09516906738281,35.239158630371094,36.012672424316406,36.002750396728516,30.000001907348633,31.57894515991211,15.789472579956055,27.272727966308594,0,0,0,0,1.8955988883972168,8589934592,1073741824,5281153024,290652160
204,1771648719622,3504,3504,3504,3504,3504,3504,3504,3504,36.61876678466797,36.13734436035156,35.14976501464844,35.01262664794922,35.27363967895508,35.09516906738281,35.239158630371094,36.012672424316406,36.002750396728516,23.809524536132813,14.285715103149414,13.636363983154297,14.285715103149414,0,0,0,0,1.8955988883972168,8589934592,1073741824,5281153024,290652160
199,1771648719827,3504,3504,3504,3504,3504,3504,3504,3504,36.61876678466797,36.13734436035156,35.14976501464844,35.01262664794922,35.27363967895508,35.09516906738281,35.239158630371094,36.012672424316406,36.002750396728516,28.571430206298828,20,10,10.526315689086914,0,0,0,0,2.344939708709717,8589934592,1073741824,5281153024,290652160
207,1771648720027,3504,3504,3504,3504,3504,3504,3504,3504,36.61876678466797,36.13734436035156,35.14976501464844,35.01262664794922,35.27363967895508,35.09516906738281,35.239158630371094,36.012672424316406,36.002750396728516,15.789472579956055,20,10,9.523809432983398,0,0,0,0,2.344939708709717,8589934592,1073741824,5281153024,290652160
209,1771648720235,3504,3504,3504,3504,3504,3504,3504,3504,36.599639892578125,36.095672607421875,35.10459518432617,35.00078201293945,35.21880340576172,35.046600341796875,35.18980407714844,35.98796844482422,36.00197219848633,14.285715103149414,18.18181800842285,23.809524536132813,5,0,0,0,0,2.344939708709717,8589934592,1073741824,5281103872,290652160
209,1771648720445,3504,3504,3504,3504,3504,3504,3504,3504,36.599639892578125,36.095672607421875,35.10459518432617,35.00078201293945,35.21880340576172,35.046600341796875,35.18980407714844,35.98796844482422,36.00197219848633,20,23.809524536132813,33.333335876464844,19.047618865966797,5,0,0,0,2.344939708709717,8589934592,1073741824,5281579008,290652160
206,1771648720655,3504,3504,3504,3504,3504,3504,3504,3504,36.599639892578125,36.095672607421875,35.10459518432617,35.00078201293945,35.21880340576172,35.046600341796875,35.18980407714844,35.98796844482422,36.00197219848633,23.809524536132813,19.047618865966797,19.047618865966797,23.809524536132813,31.81818199157715,0,0,0,2.3084867000579834,8589934592,1073741824,5281464320,290652160
199,1771648720862,3504,3504,3504,3504,3504,3504,3504,3504,36.599639892578125,36.095672607421875,35.10459518432617,35.00078201293945,35.21880340576172,35.046600341796875,35.18980407714844,35.98796844482422,36.00197219848633,19.047618865966797,15.000000953674316,15.000000953674316,9.523809432983398,0,0,0,0,2.3084867000579834,8589934592,1073741824,5281480704,290652160
209,1771648721062,3504,3504,3504,3504,3504,3504,3504,3504,36.599639892578125,36.095672607421875,35.10459518432617,35.00078201293945,35.21880340576172,35.046600341796875,35.18980407714844,35.98796844482422,36.00197219848633,15.000000953674316,21.052631378173828,20,10,0,0,0,0,2.3084867000579834,8589934592,1073741824,5281480704,290652160
206,1771648721272,3504,3504,3504,3504,3504,3504,3504,3504,36.67341613769531,36.38888931274414,35.304405212402344,35.16661071777344,35.29387664794922,35.009986877441406,35.176429748535156,35.969017028808594,36.01319122314453,19.047618865966797,19.047618865966797,20,10,4.545454502105713,0,0,0,2.3084867000579834,8589934592,1073741824,5281497088,290652160
209,1771648721478,3504,3504,3504,3504,3504,3504,3504,3504,36.67341613769531,36.38888931274414,35.304405212402344,35.16661071777344,35.29387664794922,35.009986877441406,35.176429748535156,35.969017028808594,36.01319122314453,5,18.18181800842285,14.285715103149414,9.090909004211426,14.285715103149414,9.523809432983398,0,4.761904716491699,2.3084867000579834,8589934592,1073741824,5281808384,290652160
208,1771648721689,3504,3504,3504,3504,3504,3504,3504,3504,36.67341613769531,36.38888931274414,35.304405212402344,35.16661071777344,35.29387664794922,35.009986877441406,35.176429748535156,35.969017028808594,36.01319122314453,14.285715103149414,10,22.72727394104004,5,0,0,0,0,2.4610886573791504,8589934592,1073741824,5281824768,290652160
206,1771648721897,3504,3504,3504,3504,3504,3504,3504,3504,36.67341613769531,36.38888931274414,35.304405212402344,35.16661071777344,35.29387664794922,35.009986877441406,35.176429748535156,35.969017028808594,36.01319122314453,19.047618865966797,15.000000953674316,15.789472579956055,19.047618865966797,0,0,0,0,2.4610886573791504,8589934592,1073741824,5281808384,290652160
207,1771648722104,3504,3504,3504,3504,3504,3504,3504,3504,36.67341613769531,36.38888931274414,35.304405212402344,35.16661071777344,35.29387664794922,35.009986877441406,35.176429748535156,35.969017028808594,36.01319122314453,19.047618865966797,14.285715103149414,18.18181800842285,5,0,0,0,0,2.4610886573791504,8589934592,1073741824,5281824768,290652160
209,1771648722312,3504,3504,3504,3504,3504,3504,3504,3504,36.6505012512207,36.160560607910156,35.15766906738281,35.10938262939453,35.218231201171875,35.00962448120117,35.18593215942383,35.9812126159668,36.009918212890625,20,18.18181800842285,14.285715103149414,14.285715103149414,0,0,0,0,2.4610886573791504,8589934592,1073741824,5281824768,290652160
207,1771648722522,3504,3504,3504,3504,3504,3504,3504,3504,36.6505012512207,36.160560607910156,35.15766906738281,35.10938262939453,35.218231201171875,35.00962448120117,35.18593215942383,35.9812126159668,36.009918212890625,36.3636360168457,30.000001907348633,30.000001907348633,36.3636360168457,0,0,0,0,2.4610886573791504,8589934592,1073741824,5286428672,290652160
209,1771648722731,3504,3504,3504,3504,3504,3504,3504,3504,36.6505012512207,36.160560607910156,35.15766906738281,35.10938262939453,35.218231201171875,35.00962448120117,35.18593215942383,35.9812126159668,36.009918212890625,15.000000953674316,15.000000953674316,14.285715103149414,25,0,0,0,0,2.2983384132385254,8589934592,1073741824,5286887424,290652160
209,1771648722940,3504,3504,3504,3504,3504,3504,3504,3504,36.6505012512207,36.160560607910156,35.15766906738281,35.10938262939453,35.218231201171875,35.00962448120117,35.18593215942383,35.9812126159668,36.009918212890625,19.047618865966797,13.636363983154297,14.285715103149414,19.047618865966797,0,0,4.761904716491699,0,2.2983384132385254,8589934592,1073741824,5286920192,290652160
208,1771648723151,3504,3504,3504,3504,3504,3504,3504,3504,36.520965576171875,35.999210357666016,34.97209930419922,34.95355987548828,35.17569351196289,34.92890167236328,35.08905029296875,35.866546630859375,35.89701461791992,23.809524536132813,10,9.523809432983398,9.523809432983398,0,0,0,0,2.2983384132385254,8589934592,1073741824,5286936576,290652160
201,1771648723360,3504,3504,3504,3504,3504,3504,3504,3504,36.520965576171875,35.999210357666016,34.97209930419922,34.95355987548828,35.17569351196289,34.92890167236328,35.08905029296875,35.866546630859375,35.89701461791992,28.571430206298828,28.571430206298828,19.047618865966797,28.571430206298828,0,0,0,0,2.2983384132385254,8589934592,1073741824,5288001536,290652160
203,1771648723562,3504,3504,3504,3504,3504,3504,3504,3504,36.520965576171875,35.999210357666016,34.97209930419922,34.95355987548828,35.17569351196289,34.92890167236328,35.08905029296875,35.866546630859375,35.89701461791992,15.000000953674316,20,10,20,0,0,0,0,2.2983384132385254,8589934592,1073741824,5288017920,290652160
209,1771648723766,3504,3504,3504,3504,3504,3504,3504,3504,36.520965576171875,35.999210357666016,34.97209930419922,34.95355987548828,35.17569351196289,34.92890167236328,35.08905029296875,35.866546630859375,35.89701461791992,35,33.333335876464844,20,20,5,4.761904716491699,0,0,2.495103120803833,8589934592,1073741824,5290295296,290652160
209,1771648723976,3504,3504,3504,3504,3504,3504,3504,3504,36.520965576171875,35.999210357666016,34.97209930419922,34.95355987548828,35.17569351196289,34.92890167236328,35.08905029296875,35.866546630859375,35.89701461791992,19.047618865966797,15.000000953674316,14.285715103149414,9.523809432983398,0,0,0,0,2.495103120803833,8589934592,1073741824,5290475520,290652160
202,1771648724186,3504,3504,3504,3504,3504,3504,3504,3504,36.499263763427734,36.019046783447266,34.977142333984375,34.93644714355469,35.173526763916016,34.90966033935547,35.06278991699219,35.85915756225586,35.885623931884766,19.047618865966797,14.285715103149414,14.285715103149414,9.523809432983398,0,0,0,0,2.495103120803833,8589934592,1073741824,5290475520,290652160
203,1771648724389,3504,3504,3504,3504,3504,3504,3504,3504,36.499263763427734,36.019046783447266,34.977142333984375,34.93644714355469,35.173526763916016,34.90966033935547,35.06278991699219,35.85915756225586,35.885623931884766,21.052631378173828,23.809524536132813,19.047618865966797,14.285715103149414,0,0,0,0,2.495103120803833,8589934592,1073741824,5290426368,290652160
209,1771648724593,3504,3504,3504,3504,3504,3504,3504,3504,36.499263763427734,36.019046783447266,34.977142333984375,34.93644714355469,35.173526763916016,34.90966033935547,35.06278991699219,35.85915756225586,35.885623931884766,23.809524536132813,21.052631378173828,10.526315689086914,5,0,4.761904716491699,0,0,2.495103120803833,8589934592,1073741824,5290541056,290652160
8,1771648724803,3504,3504,3504,3504,3504,3504,3504,3504,36.499263763427734,36.019046783447266,34.977142333984375,34.93644714355469,35.173526763916016,34.90966033935547,35.06278991699219,35.85915756225586,35.885623931884766,25,22.72727394104004,14.285715103149414,9.523809432983398,0,0,0,0,2.1137375831604004,8589934592,1073741824,5289672704,290652160
