Delta,Time,CPU_FREQUENCY_0,CPU_FREQUENCY_1,CPU_FREQUENCY_2,CPU_FREQUENCY_3,CPU_FREQUENCY_4,CPU_FREQUENCY_5,CPU_FREQUENCY_6,CPU_FREQUENCY_7,CPU_TEMP_0,CPU_TEMP_1,CPU_TEMP_2,CPU_TEMP_3,CPU_TEMP_4,CPU_TEMP_5,CPU_TEMP_6,CPU_TEMP_7,CPU_TEMP_8,CPU_USAGE_0,CPU_USAGE_1,CPU_USAGE_2,CPU_USAGE_3,CPU_USAGE_4,CPU_USAGE_5,CPU_USAGE_6,CPU_USAGE_7,SYSTEM_POWER (Watts),TOTAL_MEMORY,TOTAL_SWAP,USED_MEMORY,USED_SWAP
0,1771647767604,3504,3504,3504,3504,3504,3504,3504,3504,49.789466857910156,49.14607620239258,48.14045715332031,47.93550109863281,48.24496078491211,48.05352020263672,47.672828674316406,48.91320037841797,49.038108825683594,0,50,0,0,50,NaN,NaN,0,8.871999740600586,8589934592,1073741824,5273174016,290652160
209,1771647767604,3504,3504,3504,3504,3504,3504,3504,3504,49.789466857910156,49.14607620239258,48.14045715332031,47.93550109863281,48.24496078491211,48.05352020263672,47.672828674316406,48.91320037841797,49.038108825683594,NaN,0,0,0,NaN,0,50,0,8.871999740600586,8589934592,1073741824,5273174016,290652160
209,1771647767814,3504,3504,3504,3504,3504,3504,3504,3504,49.789466857910156,49.14607620239258,48.14045715332031,47.93550109863281,48.24496078491211,48.05352020263672,47.672828674316406,48.91320037841797,49.038108825683594,13.636363983154297,5,4.761904716491699,15.000000953674316,19.047618865966797,20,4.761904716491699,0,2.070584535598755,8589934592,1073741824,5273174016,290652160
209,1771647768024,3504,3504,3504,3504,3504,3504,3504,3504,49.789466857910156,49.14607620239258,48.14045715332031,47.93550109863281,48.24496078491211,48.05352020263672,47.672828674316406,48.91320037841797,49.038108825683594,13.636363983154297,13.636363983154297,19.047618865966797,13.043478012084961,0,4.545454502105713,0,0,2.070584535598755,8589934592,1073741824,5273174016,290652160
209,1771647768234,3504,3504,3504,3504,3504,3504,3504,3504,49.94260787963867,49.18281173706055,47.93622589111328,47.857521057128906,47.50133514404297,47.45818328857422,47.08149719238281,48.366905212402344,48.567447662353516,15.000000953674316,10,20,5,9.523809432983398,0,0,0,2.070584535598755,8589934592,1073741824,5283872768,290652160
207,1771647768444,3504,3504,3504,3504,3504,3504,3504,3504,49.94260787963867,49.18281173706055,47.93622589111328,47.857521057128906,47.50133514404297,47.45818328857422,47.08149719238281,48.366905212402344,48.567447662353516,19.047618865966797,19.047618865966797,14.285715103149414,19.047618865966797,0,0,0,0,2.070584535598755,8589934592,1073741824,5281251328,290652160
207,1771647768652,3504,3504,3504,3504,3504,3504,3504,3504,49.94260787963867,49.18281173706055,47.93622589111328,47.857521057128906,47.50133514404297,47.45818328857422,47.08149719238281,48.366905212402344,48.567447662353516,20,19.047618865966797,15.000000953674316,5,0,0,0,0,2.471367359161377,8589934592,1073741824,5279350784,290652160
207,1771647768861,3504,3504,3504,3504,3504,3504,3504,3504,49.94260787963867,49.18281173706055,47.93622589111328,47.857521057128906,47.50133514404297,47.45818328857422,47.08149719238281,48.366905212402344,48.567447662353516,23.809524536132813,23.809524536132813,18.18181800842285,13.636363983154297,0,0,0,0,2.471367359161377,8589934592,1073741824,5279350784,290652160
209,1771647769069,3504,3504,3504,3504,3504,3504,3504,3504,49.94260787963867,49.18281173706055,47.93622589111328,47.857521057128906,47.50133514404297,47.45818328857422,47.08149719238281,48.366905212402344,48.567447662353516,19.047618865966797,15.000000953674316,10,5,0,4.545454502105713,0,0,2.471367359161377,8589934592,1073741824,5279350784,290652160
206,1771647769279,3504,3504,3504,3504,3504,3504,3504,3504,47.43123245239258,47.04642105102539,45.68504333496094,45.48303985595703,45.92744445800781,46.112640380859375,45.398048400878906,46.576656341552734,46.65815353393555,19.047618865966797,27.272727966308594,19.047618865966797,14.285715103149414,0,0,0,0,2.471367359161377,8589934592,1073741824,5279268864,290652160
209,1771647769486,3504,3504,3504,3504,3504,3504,3504,3504,47.43123245239258,47.04642105102539,45.68504333496094,45.48303985595703,45.92744445800781,46.112640380859375,45.398048400878906,46.576656341552734,46.65815353393555,30.000001907348633,20,15.000000953674316,15.000000953674316,9.523809432983398,4.761904716491699,4.761904716491699,4.761904716491699,2.471367359161377,8589934592,1073741824,5278728192,290652160
205,1771647769696,3504,3504,3504,3504,3504,3504,3504,3504,47.43123245239258,47.04642105102539,45.68504333496094,45.48303985595703,45.92744445800781,46.112640380859375,45.398048400878906,46.576656341552734,46.65815353393555,19.047618865966797,19.047618865966797,14.285715103149414,13.636363983154297,0,0,0,0,3.430443286895752,8589934592,1073741824,5278613504,290652160
206,1771647769902,3504,3504,3504,3504,3504,3504,3504,3504,47.43123245239258,47.04642105102539,45.68504333496094,45.48303985595703,45.92744445800781,46.112640380859375,45.398048400878906,46.576656341552734,46.65815353393555,25,20,14.285715103149414,10.526315689086914,0,0,0,0,3.430443286895752,8589934592,1073741824,5264244736,290652160
201,1771647770109,3504,3504,3504,3504,3504,3504,3504,3504,47.43123245239258,47.04642105102539,45.68504333496094,45.48303985595703,45.92744445800781,46.112640380859375,45.398048400878906,46.576656341552734,46.65815353393555,19.047618865966797,25,5,13.636363983154297,0,4.761904716491699,0,0,3.430443286895752,8589934592,1073741824,5264244736,290652160
207,1771647770311,3504,3504,3504,3504,3504,3504,3504,3504,46.38473129272461,45.98407745361328,44.79322052001953,44.4716796875,44.979679107666016,45.274658203125,44.496002197265625,45.68073654174805,45.728721618652344,10.526315689086914,25,10,5,0,0,0,0,3.430443286895752,8589934592,1073741824,5264080896,290652160
203,1771647770519,3504,3504,3504,3504,3504,3504,3504,3504,46.38473129272461,45.98407745361328,44.79322052001953,44.4716796875,44.979679107666016,45.274658203125,44.496002197265625,45.68073654174805,45.728721618652344,13.636363983154297,23.809524536132813,9.090909004211426,5,0,0,0,0,3.430443286895752,8589934592,1073741824,5264015360,290652160
209,1771647770723,3504,3504,3504,3504,3504,3504,3504,3504,46.38473129272461,45.98407745361328,44.79322052001953,44.4716796875,44.979679107666016,45.274658203125,44.496002197265625,45.68073654174805,45.728721618652344,15.789472579956055,30.000001907348633,10.526315689086914,14.285715103149414,0,0,0,0,2.106194496154785,8589934592,1073741824,5264015360,290652160
202,1771647770933,3504,3504,3504,3504,3504,3504,3504,3504,46.38473129272461,45.98407745361328,44.79322052001953,44.4716796875,44.979679107666016,45.274658203125,44.496002197265625,45.68073654174805,45.728721618652344,14.285715103149414,27.272727966308594,9.523809432983398,9.523809432983398,0,0,0,0,2.106194496154785,8589934592,1073741824,5264015360,290652160
206,1771647771135,3504,3504,3504,3504,3504,3504,3504,3504,46.38473129272461,45.98407745361328,44.79322052001953,44.4716796875,44.979679107666016,45.274658203125,44.496002197265625,45.68073654174805,45.728721618652344,23.809524536132813,20,19.047618865966797,10,0,0,0,0,2.106194496154785,8589934592,1073741824,5264015360,290652160
209,1771647771343,3504,3504,3504,3504,3504,3504,3504,3504,45.752140045166016,45.02063751220703,43.97479248046875,43.632049560546875,44.22679901123047,44.1915283203125,43.70520782470703,44.86576461791992,44.939300537109375,20,15.000000953674316,10,9.523809432983398,0,0,0,0,2.106194496154785,8589934592,1073741824,5264146432,290652160
201,1771647771553,3504,3504,3504,3504,3504,3504,3504,3504,45.752140045166016,45.02063751220703,43.97479248046875,43.632049560546875,44.22679901123047,44.1915283203125,43.70520782470703,44.86576461791992,44.939300537109375,28.571430206298828,13.636363983154297,13.636363983154297,9.523809432983398,0,0,0,0,2.106194496154785,8589934592,1073741824,5264195584,290652160
204,1771647771754,3504,3504,3504,3504,3504,3504,3504,3504,45.752140045166016,45.02063751220703,43.97479248046875,43.632049560546875,44.22679901123047,44.1915283203125,43.70520782470703,44.86576461791992,44.939300537109375,25,15.789472579956055,15.000000953674316,14.285715103149414,0,0,0,0,1.9790737628936768,8589934592,1073741824,5264195584,290652160
209,1771647771959,3504,3504,3504,3504,3504,3504,3504,3504,45.752140045166016,45.02063751220703,43.97479248046875,43.632049560546875,44.22679901123047,44.1915283203125,43.70520782470703,44.86576461791992,44.939300537109375,25,15.000000953674316,10.526315689086914,5.263157844543457,0,0,0,0,1.9790737628936768,8589934592,1073741824,5264195584,290652160
209,1771647772169,3504,3504,3504,3504,3504,3504,3504,3504,45.15652847290039,44.39746856689453,43.31463623046875,43.005027770996094,43.60832977294922,43.41828155517578,43.02838134765625,44.136566162109375,44.27292251586914,27.272727966308594,14.285715103149414,9.523809432983398,9.523809432983398,0,0,0,0,1.9790737628936768,8589934592,1073741824,5264195584,290652160
209,1771647772379,3504,3504,3504,3504,3504,3504,3504,3504,45.15652847290039,44.39746856689453,43.31463623046875,43.005027770996094,43.60832977294922,43.41828155517578,43.02838134765625,44.136566162109375,44.27292251586914,23.809524536132813,27.272727966308594,13.636363983154297,4.761904716491699,0,0,0,0,1.9790737628936768,8589934592,1073741824,5262229504,290652160
202,1771647772589,3504,3504,3504,3504,3504,3504,3504,3504,45.15652847290039,44.39746856689453,43.31463623046875,43.005027770996094,43.60832977294922,43.41828155517578,43.02838134765625,44.136566162109375,44.27292251586914,15.000000953674316,15.789472579956055,5,9.523809432983398,0,0,0,0,1.9790737628936768,8589934592,1073741824,5262229504,290652160
202,1771647772793,3504,3504,3504,3504,3504,3504,3504,3504,45.15652847290039,44.39746856689453,43.31463623046875,43.005027770996094,43.60832977294922,43.41828155517578,43.02838134765625,44.136566162109375,44.27292251586914,15.000000953674316,28.571430206298828,15.000000953674316,10,0,0,0,0,2.522350549697876,8589934592,1073741824,5262229504,290652160
208,1771647772995,3504,3504,3504,3504,3504,3504,3504,3504,45.15652847290039,44.39746856689453,43.31463623046875,43.005027770996094,43.60832977294922,43.41828155517578,43.02838134765625,44.136566162109375,44.27292251586914,25,33.333335876464844,20,23.809524536132813,0,0,0,0,2.522350549697876,8589934592,1073741824,5262229504,290652160
209,1771647773204,3504,3504,3504,3504,3504,3504,3504,3504,44.416297912597656,43.86118698120117,42.714141845703125,42.56641387939453,43.02790832519531,42.94123840332031,42.46123504638672,43.582088470458984,43.70134353637695,23.809524536132813,19.047618865966797,9.523809432983398,10,4.545454502105713,4.761904716491699,0,0,2.522350549697876,8589934592,1073741824,5262229504,290652160
204,1771647773414,3504,3504,3504,3504,3504,3504,3504,3504,44.416297912597656,43.86118698120117,42.714141845703125,42.56641387939453,43.02790832519531,42.94123840332031,42.46123504638672,43.582088470458984,43.70134353637695,22.72727394104004,10,9.523809432983398,19.047618865966797,0,0,0,0,2.522350549697876,8589934592,1073741824,5260460032,290652160
201,1771647773619,3504,3504,3504,3504,3504,3504,3504,3504,44.416297912597656,43.86118698120117,42.714141845703125,42.56641387939453,43.02790832519531,42.94123840332031,42.46123504638672,43.582088470458984,43.70134353637695,15.789472579956055,15.000000953674316,14.285715103149414,15.000000953674316,0,0,0,0,2.522350549697876,8589934592,1073741824,5260460032,290652160
204,1771647773821,3504,3504,3504,3504,3504,3504,3504,3504,44.416297912597656,43.86118698120117,42.714141845703125,42.56641387939453,43.02790832519531,42.94123840332031,42.46123504638672,43.582088470458984,43.70134353637695,19.047618865966797,19.047618865966797,10,20,0,0,0,0,1.96868896484375,8589934592,1073741824,5260460032,290652160
207,1771647774026,3504,3504,3504,3504,3504,3504,3504,3504,44.416297912597656,43.86118698120117,42.714141845703125,42.56641387939453,43.02790832519531,42.94123840332031,42.46123504638672,43.582088470458984,43.70134353637695,20,15.789472579956055,10,9.523809432983398,0,0,0,0,1.96868896484375,8589934592,1073741824,5260460032,290652160
205,1771647774234,3504,3504,3504,3504,3504,3504,3504,3504,43.98294448852539,43.49213790893555,42.30992126464844,42.048126220703125,42.52382278442383,42.54779815673828,42.02537536621094,43.10719299316406,43.218318939208984,23.809524536132813,23.809524536132813,9.523809432983398,5,0,0,0,0,1.96868896484375,8589934592,1073741824,5260460032,290652160
209,1771647774439,3504,3504,3504,3504,3504,3504,3504,3504,43.98294448852539,43.49213790893555,42.30992126464844,42.048126220703125,42.52382278442383,42.54779815673828,42.02537536621094,43.10719299316406,43.218318939208984,21.052631378173828,23.809524536132813,10,9.523809432983398,0,0,0,0,1.96868896484375,8589934592,1073741824,5259526144,290652160
199,1771647774650,3504,3504,3504,3504,3504,3504,3504,3504,43.98294448852539,43.49213790893555,42.30992126464844,42.048126220703125,42.52382278442383,42.54779815673828,42.02537536621094,43.10719299316406,43.218318939208984,31.81818199157715,14.285715103149414,13.636363983154297,9.523809432983398,0,0,0,0,2.419473648071289,8589934592,1073741824,5259493376,290652160
209,1771647774850,3504,3504,3504,3504,3504,3504,3504,3504,43.98294448852539,43.49213790893555,42.30992126464844,42.048126220703125,42.52382278442383,42.54779815673828,42.02537536621094,43.10719299316406,43.218318939208984,30.000001907348633,15.000000953674316,10.526315689086914,10,0,0,0,0,2.419473648071289,8589934592,1073741824,5259493376,290652160
206,1771647775060,3504,3504,3504,3504,3504,3504,3504,3504,43.98294448852539,43.49213790893555,42.30992126464844,42.048126220703125,42.52382278442383,42.54779815673828,42.02537536621094,43.10719299316406,43.218318939208984,15.000000953674316,20,9.523809432983398,4.761904716491699,0,0,4.761904716491699,0,2.419473648071289,8589934592,1073741824,5259493376,290652160
209,1771647775267,3504,3504,3504,3504,3504,3504,3504,3504,43.54564666748047,43.17412185668945,41.823455810546875,41.59949493408203,42.13029098510742,42.10820770263672,41.58955383300781,42.71860122680664,42.7828483581543,19.047618865966797,23.809524536132813,14.285715103149414,19.047618865966797,0,0,0,0,2.419473648071289,8589934592,1073741824,5259493376,290652160
207,1771647775476,3504,3504,3504,3504,3504,3504,3504,3504,43.54564666748047,43.17412185668945,41.823455810546875,41.59949493408203,42.13029098510742,42.10820770263672,41.58955383300781,42.71860122680664,42.7828483581543,19.047618865966797,19.047618865966797,14.285715103149414,14.285715103149414,0,0,0,0,2.419473648071289,8589934592,1073741824,5259526144,290652160
201,1771647775684,3504,3504,3504,3504,3504,3504,3504,3504,43.54564666748047,43.17412185668945,41.823455810546875,41.59949493408203,42.13029098510742,42.10820770263672,41.58955383300781,42.71860122680664,42.7828483581543,20,14.285715103149414,10,20,0,0,0,0,2.130073070526123,8589934592,1073741824,5259198464,290652160
206,1771647775886,3504,3504,3504,3504,3504,3504,3504,3504,43.54564666748047,43.17412185668945,41.823455810546875,41.59949493408203,42.13029098510742,42.10820770263672,41.58955383300781,42.71860122680664,42.7828483581543,23.809524536132813,15.000000953674316,10,10.526315689086914,0,0,0,0,2.130073070526123,8589934592,1073741824,5259100160,290652160
203,1771647776092,3504,3504,3504,3504,3504,3504,3504,3504,43.54564666748047,43.17412185668945,41.823455810546875,41.59949493408203,42.13029098510742,42.10820770263672,41.58955383300781,42.71860122680664,42.7828483581543,19.047618865966797,15.000000953674316,13.636363983154297,13.636363983154297,0,0,0,0,2.130073070526123,8589934592,1073741824,5259067392,290652160
208,1771647776296,3504,3504,3504,3504,3504,3504,3504,3504,43.1108512878418,42.84466552734375,41.391624450683594,41.21440887451172,41.61481857299805,41.51441955566406,41.250999450683594,42.360103607177734,42.3653564453125,26.3157901763916,23.809524536132813,15.000000953674316,10,5,4.761904716491699,0,5,2.130073070526123,8589934592,1073741824,5259427840,290652160
209,1771647776505,3504,3504,3504,3504,3504,3504,3504,3504,43.1108512878418,42.84466552734375,41.391624450683594,41.21440887451172,41.61481857299805,41.51441955566406,41.250999450683594,42.360103607177734,42.3653564453125,22.72727394104004,14.285715103149414,15.000000953674316,5,0,0,0,0,2.130073070526123,8589934592,1073741824,5259247616,290652160
203,1771647776715,3504,3504,3504,3504,3504,3504,3504,3504,43.1108512878418,42.84466552734375,41.391624450683594,41.21440887451172,41.61481857299805,41.51441955566406,41.250999450683594,42.360103607177734,42.3653564453125,23.809524536132813,10,19.047618865966797,13.636363983154297,0,0,0,0,1.8416268825531006,8589934592,1073741824,5259395072,290652160
204,1771647776919,3504,3504,3504,3504,3504,3504,3504,3504,43.1108512878418,42.84466552734375,41.391624450683594,41.21440887451172,41.61481857299805,41.51441955566406,41.250999450683594,42.360103607177734,42.3653564453125,20,15.000000953674316,10,10,0,0,0,0,1.8416268825531006,8589934592,1073741824,5259395072,290652160
209,1771647777123,3504,3504,3504,3504,3504,3504,3504,3504,43.1108512878418,42.84466552734375,41.391624450683594,41.21440887451172,41.61481857299805,41.51441955566406,41.250999450683594,42.360103607177734,42.3653564453125,15.000000953674316,15.000000953674316,20,14.285715103149414,0,0,0,0,1.8416268825531006,8589934592,1073741824,5259116544,290652160
207,1771647777333,3504,3504,3504,3504,3504,3504,3504,3504,42.82329559326172,42.419498443603516,41.10582733154297,40.86888885498047,41.26511001586914,41.12117004394531,40.85968017578125,42.03984069824219,42.029781341552734,19.047618865966797,14.285715103149414,23.809524536132813,10,0,0,0,0,1.8416268825531006,8589934592,1073741824,5249269760,290652160
207,1771647777542,3504,3504,3504,3504,3504,3504,3504,3504,42.82329559326172,42.419498443603516,41.10582733154297,40.86888885498047,41.26511001586914,41.12117004394531,40.85968017578125,42.03984069824219,42.029781341552734,28.571430206298828,23.809524536132813,23.809524536132813,14.285715103149414,40,0,0,0,1.8416268825531006,8589934592,1073741824,5252792320,290652160
209,1771647777749,3504,3504,3504,3504,3504,3504,3504,3504,42.82329559326172,42.419498443603516,41.10582733154297,40.86888885498047,41.26511001586914,41.12117004394531,40.85968017578125,42.03984069824219,42.029781341552734,25,19.047618865966797,15.000000953674316,10,0,0,0,0,2.3599600791931152,8589934592,1073741824,5248811008,290652160
207,1771647777961,3504,3504,3504,3504,3504,3504,3504,3504,42.82329559326172,42.419498443603516,41.10582733154297,40.86888885498047,41.26511001586914,41.12117004394531,40.85968017578125,42.03984069824219,42.029781341552734,19.047618865966797,9.523809432983398,13.636363983154297,14.285715103149414,0,0,0,0,2.3599600791931152,8589934592,1073741824,5248794624,290652160
209,1771647778169,3504,3504,3504,3504,3504,3504,3504,3504,42.70768356323242,42.40044021606445,41.03832244873047,40.747596740722656,41.04365539550781,40.865745544433594,40.590240478515625,41.769779205322266,41.805912017822266,23.809524536132813,10,14.285715103149414,19.047618865966797,0,0,0,0,2.3599600791931152,8589934592,1073741824,5248794624,290652160
199,1771647778379,3504,3504,3504,3504,3504,3504,3504,3504,42.70768356323242,42.40044021606445,41.03832244873047,40.747596740722656,41.04365539550781,40.865745544433594,40.590240478515625,41.769779205322266,41.805912017822266,19.047618865966797,14.285715103149414,5,4.761904716491699,9.523809432983398,4.761904716491699,4.761904716491699,9.090909004211426,2.3599600791931152,8589934592,1073741824,5248794624,290652160
208,1771647778579,3504,3504,3504,3504,3504,3504,3504,3504,42.70768356323242,42.40044021606445,41.03832244873047,40.747596740722656,41.04365539550781,40.865745544433594,40.590240478515625,41.769779205322266,41.805912017822266,20,23.809524536132813,15.000000953674316,10,0,0,0,0,2.3599600791931152,8589934592,1073741824,5249220608,290652160
209,1771647778788,3504,3504,3504,3504,3504,3504,3504,3504,42.70768356323242,42.40044021606445,41.03832244873047,40.747596740722656,41.04365539550781,40.865745544433594,40.590240478515625,41.769779205322266,41.805912017822266,35,30.000001907348633,28.571430206298828,38.095237731933594,4.761904716491699,9.090909004211426,4.761904716491699,0,2.3504223823547363,8589934592,1073741824,5257576448,290652160
209,1771647778999,3504,3504,3504,3504,3504,3504,3504,3504,42.70768356323242,42.40044021606445,41.03832244873047,40.747596740722656,41.04365539550781,40.865745544433594,40.590240478515625,41.769779205322266,41.805912017822266,28.571430206298828,23.809524536132813,19.047618865966797,20,0,0,0,0,2.3504223823547363,8589934592,1073741824,5256036352,290652160
208,1771647779208,3504,3504,3504,3504,3504,3504,3504,3504,42.44084167480469,41.7264518737793,40.61662292480469,40.480064392089844,40.74653244018555,40.63829803466797,40.43272399902344,41.500404357910156,41.59114074707031,23.809524536132813,14.285715103149414,9.523809432983398,18.18181800842285,4.761904716491699,0,0,0,2.3504223823547363,8589934592,1073741824,5256052736,290652160
202,1771647779417,3504,3504,3504,3504,3504,3504,3504,3504,42.44084167480469,41.7264518737793,40.61662292480469,40.480064392089844,40.74653244018555,40.63829803466797,40.43272399902344,41.500404357910156,41.59114074707031,20,14.285715103149414,9.523809432983398,19.047618865966797,0,0,0,0,2.3504223823547363,8589934592,1073741824,5256052736,290652160
205,1771647779620,3504,3504,3504,3504,3504,3504,3504,3504,42.44084167480469,41.7264518737793,40.61662292480469,40.480064392089844,40.74653244018555,40.63829803466797,40.43272399902344,41.500404357910156,41.59114074707031,23.809524536132813,10,15.000000953674316,10,0,0,0,0,2.3504223823547363,8589934592,1073741824,5256069120,290652160
209,1771647779826,3504,3504,3504,3504,3504,3504,3504,3504,42.44084167480469,41.7264518737793,40.61662292480469,40.480064392089844,40.74653244018555,40.63829803466797,40.43272399902344,41.500404357910156,41.59114074707031,15.000000953674316,10,19.047618865966797,19.047618865966797,0,0,0,0,2.1662967205047607,8589934592,1073741824,5256019968,290652160
209,1771647780036,3504,3504,3504,3504,3504,3504,3504,3504,42.44084167480469,41.7264518737793,40.61662292480469,40.480064392089844,40.74653244018555,40.63829803466797,40.43272399902344,41.500404357910156,41.59114074707031,27.272727966308594,22.72727394104004,19.047618865966797,15.000000953674316,0,0,0,0,2.1662967205047607,8589934592,1073741824,5261688832,290652160
206,1771647780245,3504,3504,3504,3504,3504,3504,3504,3504,42.1585807800293,41.286624908447266,40.32374572753906,40.15107727050781,40.49008560180664,40.3187255859375,40.087921142578125,41.17405319213867,41.20315933227539,20,5.263157844543457,5,9.090909004211426,18.18181800842285,14.285715103149414,4.761904716491699,0,2.1662967205047607,8589934592,1073741824,5265375232,290652160
209,1771647780452,3504,3504,3504,3504,3504,3504,3504,3504,42.1585807800293,41.286624908447266,40.32374572753906,40.15107727050781,40.49008560180664,40.3187255859375,40.087921142578125,41.17405319213867,41.20315933227539,35,28.571430206298828,23.809524536132813,15.789472579956055,20,19.047618865966797,20,14.285715103149414,2.1662967205047607,8589934592,1073741824,5228052480,290652160
205,1771647780662,3504,3504,3504,3504,3504,3504,3504,3504,42.1585807800293,41.286624908447266,40.32374572753906,40.15107727050781,40.49008560180664,40.3187255859375,40.087921142578125,41.17405319213867,41.20315933227539,19.047618865966797,9.523809432983398,4.761904716491699,4.545454502105713,0,0,0,4.545454502105713,2.498344898223877,8589934592,1073741824,5229936640,290652160
203,1771647780869,3504,3504,3504,3504,3504,3504,3504,3504,42.1585807800293,41.286624908447266,40.32374572753906,40.15107727050781,40.49008560180664,40.3187255859375,40.087921142578125,41.17405319213867,41.20315933227539,23.809524536132813,22.72727394104004,20,14.285715103149414,0,0,0,0,2.498344898223877,8589934592,1073741824,5229936640,290652160
209,1771647781073,3504,3504,3504,3504,3504,3504,3504,3504,42.1585807800293,41.286624908447266,40.32374572753906,40.15107727050781,40.49008560180664,40.3187255859375,40.087921142578125,41.17405319213867,41.20315933227539,30.000001907348633,26.3157901763916,30.000001907348633,20,14.285715103149414,10.526315689086914,10,10,2.498344898223877,8589934592,1073741824,5229199360,290652160
209,1771647781283,3504,3504,3504,3504,3504,3504,3504,3504,42.9183464050293,42.17416763305664,40.962158203125,40.799415588378906,40.811370849609375,41.02698516845703,40.755088806152344,42.03238296508789,42.04282760620117,14.285715103149414,23.809524536132813,14.285715103149414,5,0,4.545454502105713,4.761904716491699,0,2.498344898223877,8589934592,1073741824,5229199360,290652160
201,1771647781493,3504,3504,3504,3504,3504,3504,3504,3504,42.9183464050293,42.17416763305664,40.962158203125,40.799415588378906,40.811370849609375,41.02698516845703,40.755088806152344,42.03238296508789,42.04282760620117,23.809524536132813,22.72727394104004,19.047618865966797,18.18181800842285,9.523809432983398,5,4.761904716491699,4.761904716491699,2.498344898223877,8589934592,1073741824,5229199360,290652160
206,1771647781696,3504,3504,3504,3504,3504,3504,3504,3504,42.9183464050293,42.17416763305664,40.962158203125,40.799415588378906,40.811370849609375,41.02698516845703,40.755088806152344,42.03238296508789,42.04282760620117,15.000000953674316,11.111111640930176,15.000000953674316,15.000000953674316,0,0,0,0,1.9111230373382568,8589934592,1073741824,5228806144,290652160
209,1771647781902,3504,3504,3504,3504,3504,3504,3504,3504,42.9183464050293,42.17416763305664,40.962158203125,40.799415588378906,40.811370849609375,41.02698516845703,40.755088806152344,42.03238296508789,42.04282760620117,23.809524536132813,22.72727394104004,10,10,0,0,0,0,1.9111230373382568,8589934592,1073741824,5229051904,290652160
206,1771647782112,3504,3504,3504,3504,3504,3504,3504,3504,42.9183464050293,42.17416763305664,40.962158203125,40.799415588378906,40.811370849609375,41.02698516845703,40.755088806152344,42.03238296508789,42.04282760620117,23.809524536132813,19.047618865966797,13.636363983154297,5,0,0,0,0,1.9111230373382568,8589934592,1073741824,5229084672,290652160
209,1771647782319,3504,3504,3504,3504,3504,3504,3504,3504,42.091217041015625,41.118953704833984,40.15492248535156,39.95629119873047,40.3555793762207,40.16413879394531,39.991668701171875,41.111019134521484,41.10273742675781,20,20,14.285715103149414,13.636363983154297,0,0,0,0,1.9111230373382568,8589934592,1073741824,5229084672,290652160
204,1771647782529,3504,3504,3504,3504,3504,3504,3504,3504,42.091217041015625,41.118953704833984,40.15492248535156,39.95629119873047,40.3555793762207,40.16413879394531,39.991668701171875,41.111019134521484,41.10273742675781,28.571430206298828,14.285715103149414,9.523809432983398,4.761904716491699,0,0,0,0,1.9111230373382568,8589934592,1073741824,5229084672,290652160
201,1771647782734,3504,3504,3504,3504,3504,3504,3504,3504,42.091217041015625,41.118953704833984,40.15492248535156,39.95629119873047,40.3555793762207,40.16413879394531,39.991668701171875,41.111019134521484,41.10273742675781,25,15.000000953674316,10,5,0,0,0,0,3.277512788772583,8589934592,1073741824,5228904448,290652160
201,1771647782936,3504,3504,3504,3504,3504,3504,3504,3504,42.091217041015625,41.118953704833984,40.15492248535156,39.95629119873047,40.3555793762207,40.16413879394531,39.991668701171875,41.111019134521484,41.10273742675781,20,19.047618865966797,10,15.000000953674316,0,0,0,0,3.277512788772583,8589934592,1073741824,5228888064,290652160
209,1771647783137,3504,3504,3504,3504,3504,3504,3504,3504,42.091217041015625,41.118953704833984,40.15492248535156,39.95629119873047,40.3555793762207,40.16413879394531,39.991668701171875,41.111019134521484,41.10273742675781,19.047618865966797,21.052631378173828,10,15.000000953674316,0,0,0,0,3.277512788772583,8589934592,1073741824,5228838912,290652160
206,1771647783348,3504,3504,3504,3504,3504,3504,3504,3504,41.70323181152344,40.64848327636719,39.68199920654297,39.4796142578125,39.97614288330078,39.71312713623047,39.51787567138672,40.63070297241211,40.66669845581055,10,23.809524536132813,9.523809432983398,9.523809432983398,4.761904716491699,4.761904716491699,4.761904716491699,0,3.277512788772583,8589934592,1073741824,5228838912,290652160
207,1771647783554,3504,3504,3504,3504,3504,3504,3504,3504,41.70323181152344,40.64848327636719,39.68199920654297,39.4796142578125,39.97614288330078,39.71312713623047,39.51787567138672,40.63070297241211,40.66669845581055,23.809524536132813,23.809524536132813,10,9.523809432983398,0,0,0,0,3.277512788772583,8589934592,1073741824,5228838912,290652160
199,1771647783762,3504,3504,3504,3504,3504,3504,3504,3504,41.70323181152344,40.64848327636719,39.68199920654297,39.4796142578125,39.97614288330078,39.71312713623047,39.51787567138672,40.63070297241211,40.66669845581055,23.809524536132813,14.285715103149414,9.523809432983398,9.523809432983398,0,0,0,0,2.1186792850494385,8589934592,1073741824,5228789760,290652160
207,1771647783963,3504,3504,3504,3504,3504,3504,3504,3504,41.70323181152344,40.64848327636719,39.68199920654297,39.4796142578125,39.97614288330078,39.71312713623047,39.51787567138672,40.63070297241211,40.66669845581055,20,15.789472579956055,20,10,0,0,0,0,2.1186792850494385,8589934592,1073741824,5228822528,290652160
205,1771647784171,3504,3504,3504,3504,3504,3504,3504,3504,41.500850677490234,40.49070358276367,39.44606018066406,39.254539489746094,39.65962600708008,39.45838165283203,39.22869110107422,40.361507415771484,40.371665954589844,14.285715103149414,23.809524536132813,15.000000953674316,5,0,0,0,0,2.1186792850494385,8589934592,1073741824,5228576768,290652160
209,1771647784377,3504,3504,3504,3504,3504,3504,3504,3504,41.500850677490234,40.49070358276367,39.44606018066406,39.254539489746094,39.65962600708008,39.45838165283203,39.22869110107422,40.361507415771484,40.371665954589844,20,10,15.000000953674316,9.523809432983398,0,0,0,0,2.1186792850494385,8589934592,1073741824,5228576768,290652160
205,1771647784587,3504,3504,3504,3504,3504,3504,3504,3504,41.500850677490234,40.49070358276367,39.44606018066406,39.254539489746094,39.65962600708008,39.45838165283203,39.22869110107422,40.361507415771484,40.371665954589844,20,14.285715103149414,19.047618865966797,10,0,0,0,0,2.1186792850494385,8589934592,1073741824,5228593152,290652160
207,1771647784792,3504,3504,3504,3504,3504,3504,3504,3504,41.500850677490234,40.49070358276367,39.44606018066406,39.254539489746094,39.65962600708008,39.45838165283203,39.22869110107422,40.361507415771484,40.371665954589844,14.285715103149414,13.636363983154297,14.285715103149414,9.523809432983398,0,0,0,0,2.1653621196746826,8589934592,1073741824,5228527616,290652160
208,1771647785000,3504,3504,3504,3504,3504,3504,3504,3504,41.500850677490234,40.49070358276367,39.44606018066406,39.254539489746094,39.65962600708008,39.45838165283203,39.22869110107422,40.361507415771484,40.371665954589844,20,15.000000953674316,28.571430206298828,19.047618865966797,0,0,0,0,2.1653621196746826,8589934592,1073741824,5226938368,290652160
207,1771647785209,3504,3504,3504,3504,3504,3504,3504,3504,41.29643630981445,40.31046676635742,39.14086151123047,39.091949462890625,39.427677154541016,39.208229064941406,38.91865539550781,40.13282775878906,40.15443420410156,22.72727394104004,15.000000953674316,14.285715103149414,9.523809432983398,0,0,0,0,2.1653621196746826,8589934592,1073741824,5226938368,290652160
209,1771647785417,3504,3504,3504,3504,3504,3504,3504,3504,41.29643630981445,40.31046676635742,39.14086151123047,39.091949462890625,39.427677154541016,39.208229064941406,38.91865539550781,40.13282775878906,40.15443420410156,15.000000953674316,23.809524536132813,5,10,0,0,0,0,2.1653621196746826,8589934592,1073741824,5226627072,290652160
206,1771647785627,3504,3504,3504,3504,3504,3504,3504,3504,41.29643630981445,40.31046676635742,39.14086151123047,39.091949462890625,39.427677154541016,39.208229064941406,38.91865539550781,40.13282775878906,40.15443420410156,20,19.047618865966797,14.285715103149414,4.761904716491699,0,0,0,0,2.1653621196746826,8589934592,1073741824,5226741760,290652160
206,1771647785834,3504,3504,3504,3504,3504,3504,3504,3504,41.29643630981445,40.31046676635742,39.14086151123047,39.091949462890625,39.427677154541016,39.208229064941406,38.91865539550781,40.13282775878906,40.15443420410156,19.047618865966797,20,19.047618865966797,14.285715103149414,0,0,0,0,2.108741044998169,8589934592,1073741824,5226741760,290652160
208,1771647786041,3504,3504,3504,3504,3504,3504,3504,3504,41.29643630981445,40.31046676635742,39.14086151123047,39.091949462890625,39.427677154541016,39.208229064941406,38.91865539550781,40.13282775878906,40.15443420410156,23.809524536132813,14.285715103149414,19.047618865966797,5,0,0,0,0,2.108741044998169,8589934592,1073741824,5226741760,290652160
209,1771647786250,3504,3504,3504,3504,3504,3504,3504,3504,40.96940612792969,40.15949630737305,39.05279541015625,38.88035583496094,39.182655334472656,39.014862060546875,38.77318572998047,39.94527816772461,39.95951461791992,28.571430206298828,23.809524536132813,23.809524536132813,22.72727394104004,0,0,0,0,2.108741044998169,8589934592,1073741824,5228412928,290652160
209,1771647786460,3504,3504,3504,3504,3504,3504,3504,3504,40.96940612792969,40.15949630737305,39.05279541015625,38.88035583496094,39.182655334472656,39.014862060546875,38.77318572998047,39.94527816772461,39.95951461791992,33.333335876464844,23.809524536132813,33.333335876464844,15.000000953674316,0,0,0,0,2.108741044998169,8589934592,1073741824,5227905024,290652160
202,1771647786670,3504,3504,3504,3504,3504,3504,3504,3504,40.96940612792969,40.15949630737305,39.05279541015625,38.88035583496094,39.182655334472656,39.014862060546875,38.77318572998047,39.94527816772461,39.95951461791992,25,14.285715103149414,14.285715103149414,9.523809432983398,0,0,0,0,2.015357255935669,8589934592,1073741824,5227905024,290652160
209,1771647786873,3504,3504,3504,3504,3504,3504,3504,3504,40.96940612792969,40.15949630737305,39.05279541015625,38.88035583496094,39.182655334472656,39.014862060546875,38.77318572998047,39.94527816772461,39.95951461791992,28.571430206298828,15.000000953674316,10,9.523809432983398,0,0,0,0,2.015357255935669,8589934592,1073741824,5227823104,290652160
202,1771647787083,3504,3504,3504,3504,3504,3504,3504,3504,40.96940612792969,40.15949630737305,39.05279541015625,38.88035583496094,39.182655334472656,39.014862060546875,38.77318572998047,39.94527816772461,39.95951461791992,23.809524536132813,15.000000953674316,10,5,0,0,0,0,2.015357255935669,8589934592,1073741824,5227823104,290652160
206,1771647787286,3504,3504,3504,3504,3504,3504,3504,3504,40.700897216796875,40.035682678222656,38.879432678222656,38.706016540527344,39.094974517822266,38.82836151123047,38.70765686035156,39.79163360595703,39.82351303100586,40,33.333335876464844,45,30.000001907348633,0,0,0,0,2.015357255935669,8589934592,1073741824,5227675648,290652160
209,1771647787492,3504,3504,3504,3504,3504,3504,3504,3504,40.700897216796875,40.035682678222656,38.879432678222656,38.706016540527344,39.094974517822266,38.82836151123047,38.70765686035156,39.79163360595703,39.82351303100586,30.000001907348633,28.571430206298828,27.272727966308594,19.047618865966797,28.571430206298828,9.523809432983398,0,0,2.015357255935669,8589934592,1073741824,5228871680,290652160
208,1771647787702,3504,3504,3504,3504,3504,3504,3504,3504,40.700897216796875,40.035682678222656,38.879432678222656,38.706016540527344,39.094974517822266,38.82836151123047,38.70765686035156,39.79163360595703,39.82351303100586,23.809524536132813,15.000000953674316,14.285715103149414,14.285715103149414,15.000000953674316,0,0,0,2.4505972862243652,8589934592,1073741824,5228806144,290652160
207,1771647787911,3504,3504,3504,3504,3504,3504,3504,3504,40.700897216796875,40.035682678222656,38.879432678222656,38.706016540527344,39.094974517822266,38.82836151123047,38.70765686035156,39.79163360595703,39.82351303100586,15.000000953674316,9.523809432983398,5.263157844543457,14.285715103149414,9.523809432983398,10,4.761904716491699,0,2.4505972862243652,8589934592,1073741824,5221613568,290652160
209,1771647788119,3504,3504,3504,3504,3504,3504,3504,3504,40.700897216796875,40.035682678222656,38.879432678222656,38.706016540527344,39.094974517822266,38.82836151123047,38.70765686035156,39.79163360595703,39.82351303100586,22.72727394104004,19.047618865966797,14.285715103149414,19.047618865966797,0,0,0,0,2.4505972862243652,8589934592,1073741824,5221646336,290652160
209,1771647788329,3504,3504,3504,3504,3504,3504,3504,3504,40.97323226928711,40.39826583862305,39.11299133300781,38.92150115966797,39.16360855102539,38.857078552246094,38.71824645996094,39.85373306274414,39.86314010620117,30.000001907348633,10,13.636363983154297,5,9.090909004211426,0,0,0,2.4505972862243652,8589934592,1073741824,5221580800,290652160
209,1771647788539,3504,3504,3504,3504,3504,3504,3504,3504,40.97323226928711,40.39826583862305,39.11299133300781,38.92150115966797,39.16360855102539,38.857078552246094,38.71824645996094,39.85373306274414,39.86314010620117,31.81818199157715,14.285715103149414,10,13.636363983154297,5,9.523809432983398,5,4.761904716491699,2.4505972862243652,8589934592,1073741824,5221548032,290652160
202,1771647788749,3504,3504,3504,3504,3504,3504,3504,3504,40.97323226928711,40.39826583862305,39.11299133300781,38.92150115966797,39.16360855102539,38.857078552246094,38.71824645996094,39.85373306274414,39.86314010620117,25,14.285715103149414,14.285715103149414,5,0,0,0,0,2.1896557807922363,8589934592,1073741824,5221564416,290652160
209,1771647788952,3504,3504,3504,3504,3504,3504,3504,3504,40.97323226928711,40.39826583862305,39.11299133300781,38.92150115966797,39.16360855102539,38.857078552246094,38.71824645996094,39.85373306274414,39.86314010620117,28.571430206298828,14.285715103149414,10,9.523809432983398,0,0,0,0,2.1896557807922363,8589934592,1073741824,5221564416,290652160
209,1771647789162,3504,3504,3504,3504,3504,3504,3504,3504,40.523765563964844,39.945247650146484,38.69041442871094,38.588768005371094,38.928096771240234,38.59180450439453,38.587684631347656,39.6890754699707,39.723480224609375,20,20,14.285715103149414,5,0,0,0,0,2.1896557807922363,8589934592,1073741824,5221433344,290652160
202,1771647789372,3504,3504,3504,3504,3504,3504,3504,3504,40.523765563964844,39.945247650146484,38.69041442871094,38.588768005371094,38.928096771240234,38.59180450439453,38.587684631347656,39.6890754699707,39.723480224609375,28.571430206298828,14.285715103149414,9.523809432983398,13.636363983154297,0,0,0,0,2.1896557807922363,8589934592,1073741824,5221498880,290652160
209,1771647789575,3504,3504,3504,3504,3504,3504,3504,3504,40.523765563964844,39.945247650146484,38.69041442871094,38.588768005371094,38.928096771240234,38.59180450439453,38.587684631347656,39.6890754699707,39.723480224609375,28.571430206298828,15.000000953674316,19.047618865966797,5.263157844543457,0,0,0,0,2.1896557807922363,8589934592,1073741824,5221449728,290652160
209,1771647789785,3504,3504,3504,3504,3504,3504,3504,3504,40.523765563964844,39.945247650146484,38.69041442871094,38.588768005371094,38.928096771240234,38.59180450439453,38.587684631347656,39.6890754699707,39.723480224609375,25,14.285715103149414,14.285715103149414,13.636363983154297,0,0,0,0,2.7306087017059326,8589934592,1073741824,5221416960,290652160
209,1771647789995,3504,3504,3504,3504,3504,3504,3504,3504,40.523765563964844,39.945247650146484,38.69041442871094,38.588768005371094,38.928096771240234,38.59180450439453,38.587684631347656,39.6890754699707,39.723480224609375,28.571430206298828,9.523809432983398,5,5,0,0,0,0,2.7306087017059326,8589934592,1073741824,5221416960,290652160
202,1771647790205,3504,3504,3504,3504,3504,3504,3504,3504,40.220436096191406,39.71048355102539,38.470191955566406,38.288002014160156,38.713401794433594,38.333457946777344,38.3258056640625,39.41952896118164,39.42258834838867,30.000001907348633,19.047618865966797,14.285715103149414,13.636363983154297,0,0,0,0,2.7306087017059326,8589934592,1073741824,5221416960,290652160
208,1771647790408,3504,3504,3504,3504,3504,3504,3504,3504,40.220436096191406,39.71048355102539,38.470191955566406,38.288002014160156,38.713401794433594,38.333457946777344,38.3258056640625,39.41952896118164,39.42258834838867,22.72727394104004,10,14.285715103149414,15.789472579956055,0,0,0,0,2.7306087017059326,8589934592,1073741824,5221171200,290652160
201,1771647790617,3504,3504,3504,3504,3504,3504,3504,3504,40.220436096191406,39.71048355102539,38.470191955566406,38.288002014160156,38.713401794433594,38.333457946777344,38.3258056640625,39.41952896118164,39.42258834838867,20,18.18181800842285,10.526315689086914,18.18181800842285,0,0,0,0,2.7306087017059326,8589934592,1073741824,5221203968,290652160
209,1771647790819,3504,3504,3504,3504,3504,3504,3504,3504,40.220436096191406,39.71048355102539,38.470191955566406,38.288002014160156,38.713401794433594,38.333457946777344,38.3258056640625,39.41952896118164,39.42258834838867,15.789472579956055,16.666667938232422,9.523809432983398,5,0,0,0,0,2.244668483734131,8589934592,1073741824,5221203968,290652160
205,1771647791029,3504,3504,3504,3504,3504,3504,3504,3504,40.220436096191406,39.71048355102539,38.470191955566406,38.288002014160156,38.713401794433594,38.333457946777344,38.3258056640625,39.41952896118164,39.42258834838867,23.809524536132813,13.636363983154297,19.047618865966797,9.523809432983398,0,0,0,0,2.244668483734131,8589934592,1073741824,5221203968,290652160
209,1771647791236,3504,3504,3504,3504,3504,3504,3504,3504,40.016883850097656,39.5510139465332,38.26514434814453,38.09521484375,38.5524787902832,38.167442321777344,38.12122344970703,39.21821212768555,39.27509689331055,20,15.000000953674316,19.047618865966797,5.263157844543457,0,0,0,0,2.244668483734131,8589934592,1073741824,5220990976,290652160
206,1771647791445,3504,3504,3504,3504,3504,3504,3504,3504,40.016883850097656,39.5510139465332,38.26514434814453,38.09521484375,38.5524787902832,38.167442321777344,38.12122344970703,39.21821212768555,39.27509689331055,21.7391300201416,15.000000953674316,10,18.18181800842285,0,0,0,0,2.244668483734131,8589934592,1073741824,5220827136,290652160
209,1771647791652,3504,3504,3504,3504,3504,3504,3504,3504,40.016883850097656,39.5510139465332,38.26514434814453,38.09521484375,38.5524787902832,38.167442321777344,38.12122344970703,39.21821212768555,39.27509689331055,15.000000953674316,18.18181800842285,10,25,0,0,0,0,1.9811233282089233,8589934592,1073741824,5220827136,290652160
206,1771647791862,3504,3504,3504,3504,3504,3504,3504,3504,40.016883850097656,39.5510139465332,38.26514434814453,38.09521484375,38.5524787902832,38.167442321777344,38.12122344970703,39.21821212768555,39.27509689331055,14.285715103149414,10,13.636363983154297,27.272727966308594,0,0,0,0,1.9811233282089233,8589934592,1073741824,5220876288,290652160
209,1771647792069,3504,3504,3504,3504,3504,3504,3504,3504,40.016883850097656,39.5510139465332,38.26514434814453,38.09521484375,38.5524787902832,38.167442321777344,38.12122344970703,39.21821212768555,39.27509689331055,25,27.272727966308594,20,25,0,0,0,0,1.9811233282089233,8589934592,1073741824,5221318656,290652160
206,1771647792279,3504,3504,3504,3504,3504,3504,3504,3504,39.937255859375,39.438262939453125,38.21656799316406,37.967491149902344,38.40015411376953,38.02143096923828,37.96857452392578,39.13545608520508,39.14833068847656,14.285715103149414,10,22.72727394104004,19.047618865966797,4.761904716491699,0,4.545454502105713,4.545454502105713,1.9811233282089233,8589934592,1073741824,5221089280,290652160
209,1771647792486,3504,3504,3504,3504,3504,3504,3504,3504,39.937255859375,39.438262939453125,38.21656799316406,37.967491149902344,38.40015411376953,38.02143096923828,37.96857452392578,39.13545608520508,39.14833068847656,10,10,15.000000953674316,19.047618865966797,0,0,0,0,1.9811233282089233,8589934592,1073741824,5221040128,290652160
207,1771647792695,3504,3504,3504,3504,3504,3504,3504,3504,39.937255859375,39.438262939453125,38.21656799316406,37.967491149902344,38.40015411376953,38.02143096923828,37.96857452392578,39.13545608520508,39.14833068847656,19.047618865966797,19.047618865966797,19.047618865966797,19.047618865966797,0,0,0,0,2.3942503929138184,8589934592,1073741824,5221040128,290652160
204,1771647792904,3504,3504,3504,3504,3504,3504,3504,3504,39.937255859375,39.438262939453125,38.21656799316406,37.967491149902344,38.40015411376953,38.02143096923828,37.96857452392578,39.13545608520508,39.14833068847656,19.047618865966797,9.523809432983398,15.000000953674316,5,0,0,0,0,2.3942503929138184,8589934592,1073741824,5221154816,290652160
209,1771647793108,3504,3504,3504,3504,3504,3504,3504,3504,39.937255859375,39.438262939453125,38.21656799316406,37.967491149902344,38.40015411376953,38.02143096923828,37.96857452392578,39.13545608520508,39.14833068847656,25,14.285715103149414,19.047618865966797,9.523809432983398,0,0,0,0,2.3942503929138184,8589934592,1073741824,5220958208,290652160
209,1771647793318,3504,3504,3504,3504,3504,3504,3504,3504,39.861045837402344,39.338294982910156,38.13215637207031,37.877342224121094,38.35624313354492,37.90998840332031,37.91688537597656,39.087528228759766,39.030738830566406,23.809524536132813,10,23.809524536132813,9.523809432983398,0,4.761904716491699,0,0,2.3942503929138184,8589934592,1073741824,5220974592,290652160
206,1771647793529,3504,3504,3504,3504,3504,3504,3504,3504,39.861045837402344,39.338294982910156,38.13215637207031,37.877342224121094,38.35624313354492,37.90998840332031,37.91688537597656,39.087528228759766,39.030738830566406,19.047618865966797,9.523809432983398,15.000000953674316,9.523809432983398,0,0,0,0,2.3942503929138184,8589934592,1073741824,5220974592,290652160
208,1771647793736,3504,3504,3504,3504,3504,3504,3504,3504,39.861045837402344,39.338294982910156,38.13215637207031,37.877342224121094,38.35624313354492,37.90998840332031,37.91688537597656,39.087528228759766,39.030738830566406,23.809524536132813,14.285715103149414,23.809524536132813,5,0,0,0,0,2.3963208198547363,8589934592,1073741824,5220909056,290652160
209,1771647793944,3504,3504,3504,3504,3504,3504,3504,3504,39.861045837402344,39.338294982910156,38.13215637207031,37.877342224121094,38.35624313354492,37.90998840332031,37.91688537597656,39.087528228759766,39.030738830566406,23.809524536132813,10,19.047618865966797,18.18181800842285,0,0,0,0,2.3963208198547363,8589934592,1073741824,5220925440,290652160
205,1771647794154,3504,3504,3504,3504,3504,3504,3504,3504,39.83018112182617,39.218505859375,37.98125457763672,37.77040100097656,38.28841781616211,37.729034423828125,37.85535430908203,38.97977066040039,38.972023010253906,15.789472579956055,14.285715103149414,19.047618865966797,10,0,0,0,0,2.3963208198547363,8589934592,1073741824,5220909056,290652160
209,1771647794361,3504,3504,3504,3504,3504,3504,3504,3504,39.83018112182617,39.218505859375,37.98125457763672,37.77040100097656,38.28841781616211,37.729034423828125,37.85535430908203,38.97977066040039,38.972023010253906,14.285715103149414,19.047618865966797,14.285715103149414,5,0,0,0,0,2.3963208198547363,8589934592,1073741824,5220859904,290652160
200,1771647794570,3504,3504,3504,3504,3504,3504,3504,3504,39.83018112182617,39.218505859375,37.98125457763672,37.77040100097656,38.28841781616211,37.729034423828125,37.85535430908203,38.97977066040039,38.972023010253906,22.72727394104004,23.809524536132813,10,9.523809432983398,0,0,0,0,2.3963208198547363,8589934592,1073741824,5220876288,290652160
207,1771647794771,3504,3504,3504,3504,3504,3504,3504,3504,39.83018112182617,39.218505859375,37.98125457763672,37.77040100097656,38.28841781616211,37.729034423828125,37.85535430908203,38.97977066040039,38.972023010253906,10.526315689086914,20,10,20,0,0,0,0,2.420099973678589,8589934592,1073741824,5220810752,290652160
202,1771647794978,3504,3504,3504,3504,3504,3504,3504,3504,39.83018112182617,39.218505859375,37.98125457763672,37.77040100097656,38.28841781616211,37.729034423828125,37.85535430908203,38.97977066040039,38.972023010253906,19.047618865966797,23.809524536132813,10,14.285715103149414,0,0,0,0,2.420099973678589,8589934592,1073741824,5211357184,290652160
209,1771647795181,3504,3504,3504,3504,3504,3504,3504,3504,39.79939270019531,39.10426330566406,37.83167266845703,37.605003356933594,38.15934753417969,37.580657958984375,37.70970153808594,38.82684326171875,38.78676223754883,21.052631378173828,30.000001907348633,19.047618865966797,20,5,0,0,0,2.420099973678589,8589934592,1073741824,5212504064,290652160
205,1771647795392,3504,3504,3504,3504,3504,3504,3504,3504,39.79939270019531,39.10426330566406,37.83167266845703,37.605003356933594,38.15934753417969,37.580657958984375,37.70970153808594,38.82684326171875,38.78676223754883,18.18181800842285,25,9.523809432983398,9.523809432983398,0,4.545454502105713,0,0,2.420099973678589,8589934592,1073741824,5212323840,290652160
208,1771647795598,3504,3504,3504,3504,3504,3504,3504,3504,39.79939270019531,39.10426330566406,37.83167266845703,37.605003356933594,38.15934753417969,37.580657958984375,37.70970153808594,38.82684326171875,38.78676223754883,19.047618865966797,23.809524536132813,14.285715103149414,5,0,0,0,0,2.420099973678589,8589934592,1073741824,5212454912,290652160
209,1771647795806,3504,3504,3504,3504,3504,3504,3504,3504,39.79939270019531,39.10426330566406,37.83167266845703,37.605003356933594,38.15934753417969,37.580657958984375,37.70970153808594,38.82684326171875,38.78676223754883,19.047618865966797,28.571430206298828,14.285715103149414,13.636363983154297,0,0,0,0,2.212632417678833,8589934592,1073741824,5212454912,290652160
205,1771647796016,3504,3504,3504,3504,3504,3504,3504,3504,39.79939270019531,39.10426330566406,37.83167266845703,37.605003356933594,38.15934753417969,37.580657958984375,37.70970153808594,38.82684326171875,38.78676223754883,10,28.571430206298828,5.263157844543457,5,0,0,0,0,2.212632417678833,8589934592,1073741824,5212471296,290652160
204,1771647796223,3504,3504,3504,3504,3504,3504,3504,3504,39.74254608154297,39.058780670166016,37.82128143310547,37.548423767089844,38.069400787353516,37.477699279785156,37.63109588623047,38.77482604980469,38.71368408203125,33.333335876464844,35,23.809524536132813,40,0,0,0,0,2.212632417678833,8589934592,1073741824,5213011968,290652160
201,1771647796427,3504,3504,3504,3504,3504,3504,3504,3504,39.74254608154297,39.058780670166016,37.82128143310547,37.548423767089844,38.069400787353516,37.477699279785156,37.63109588623047,38.77482604980469,38.71368408203125,20,25,18.18181800842285,14.285715103149414,0,0,0,0,2.212632417678833,8589934592,1073741824,5213011968,290652160
209,1771647796629,3504,3504,3504,3504,3504,3504,3504,3504,39.74254608154297,39.058780670166016,37.82128143310547,37.548423767089844,38.069400787353516,37.477699279785156,37.63109588623047,38.77482604980469,38.71368408203125,26.3157901763916,23.809524536132813,26.3157901763916,15.000000953674316,15.000000953674316,15.000000953674316,14.285715103149414,10,2.212632417678833,8589934592,1073741824,5213044736,290652160
206,1771647796839,3504,3504,3504,3504,3504,3504,3504,3504,39.74254608154297,39.058780670166016,37.82128143310547,37.548423767089844,38.069400787353516,37.477699279785156,37.63109588623047,38.77482604980469,38.71368408203125,27.272727966308594,15.000000953674316,19.047618865966797,13.636363983154297,4.545454502105713,0,0,0,2.1320955753326416,8589934592,1073741824,5213192192,290652160
205,1771647797046,3504,3504,3504,3504,3504,3504,3504,3504,39.74254608154297,39.058780670166016,37.82128143310547,37.548423767089844,38.069400787353516,37.477699279785156,37.63109588623047,38.77482604980469,38.71368408203125,15.000000953674316,14.285715103149414,20,5.263157844543457,0,0,0,0,2.1320955753326416,8589934592,1073741824,5213192192,290652160
209,1771647797252,3504,3504,3504,3504,3504,3504,3504,3504,40.08576583862305,39.37498474121094,38.09510803222656,37.86449432373047,38.21135711669922,37.83759307861328,37.92547607421875,39.11948776245117,39.09769821166992,14.285715103149414,22.72727394104004,18.18181800842285,9.523809432983398,0,0,0,0,2.1320955753326416,8589934592,1073741824,5213192192,290652160
207,1771647797462,3504,3504,3504,3504,3504,3504,3504,3504,40.08576583862305,39.37498474121094,38.09510803222656,37.86449432373047,38.21135711669922,37.83759307861328,37.92547607421875,39.11948776245117,39.09769821166992,19.047618865966797,10.526315689086914,25,14.285715103149414,0,0,0,0,2.1320955753326416,8589934592,1073741824,5213356032,290652160
209,1771647797670,3504,3504,3504,3504,3504,3504,3504,3504,40.08576583862305,39.37498474121094,38.09510803222656,37.86449432373047,38.21135711669922,37.83759307861328,37.92547607421875,39.11948776245117,39.09769821166992,23.809524536132813,23.809524536132813,23.809524536132813,10,38.095237731933594,0,0,0,2.5908725261688232,8589934592,1073741824,5213519872,290652160
206,1771647797880,3504,3504,3504,3504,3504,3504,3504,3504,40.08576583862305,39.37498474121094,38.09510803222656,37.86449432373047,38.21135711669922,37.83759307861328,37.92547607421875,39.11948776245117,39.09769821166992,19.047618865966797,14.285715103149414,25,13.636363983154297,0,0,0,0,2.5908725261688232,8589934592,1073741824,5213519872,290652160
207,1771647798087,3504,3504,3504,3504,3504,3504,3504,3504,40.08576583862305,39.37498474121094,38.09510803222656,37.86449432373047,38.21135711669922,37.83759307861328,37.92547607421875,39.11948776245117,39.09769821166992,10,14.285715103149414,23.809524536132813,9.523809432983398,0,0,0,0,2.5908725261688232,8589934592,1073741824,5213585408,290652160
209,1771647798295,3504,3504,3504,3504,3504,3504,3504,3504,39.816322326660156,39.301090240478516,37.96868133544922,37.62128448486328,38.09143829345703,37.47453308105469,37.618377685546875,38.74611282348633,38.71656799316406,19.047618865966797,10,23.809524536132813,10,0,0,0,0,2.5908725261688232,8589934592,1073741824,5213601792,290652160
204,1771647798505,3504,3504,3504,3504,3504,3504,3504,3504,39.816322326660156,39.301090240478516,37.96868133544922,37.62128448486328,38.09143829345703,37.47453308105469,37.618377685546875,38.74611282348633,38.71656799316406,15.000000953674316,14.285715103149414,23.809524536132813,9.523809432983398,4.545454502105713,4.761904716491699,4.761904716491699,8.69565200805664,2.5908725261688232,8589934592,1073741824,5213536256,290652160
201,1771647798710,3504,3504,3504,3504,3504,3504,3504,3504,39.816322326660156,39.301090240478516,37.96868133544922,37.62128448486328,38.09143829345703,37.47453308105469,37.618377685546875,38.74611282348633,38.71656799316406,14.285715103149414,10,10,19.047618865966797,0,0,0,0,2.3752174377441406,8589934592,1073741824,5213569024,290652160
209,1771647798911,3504,3504,3504,3504,3504,3504,3504,3504,39.816322326660156,39.301090240478516,37.96868133544922,37.62128448486328,38.09143829345703,37.47453308105469,37.618377685546875,38.74611282348633,38.71656799316406,25,10,19.047618865966797,5.263157844543457,0,0,0,0,2.3752174377441406,8589934592,1073741824,5213569024,290652160
203,1771647799122,3504,3504,3504,3504,3504,3504,3504,3504,39.816322326660156,39.301090240478516,37.96868133544922,37.62128448486328,38.09143829345703,37.47453308105469,37.618377685546875,38.74611282348633,38.71656799316406,19.047618865966797,19.047618865966797,5,4.761904716491699,4.761904716491699,0,0,0,2.3752174377441406,8589934592,1073741824,5213585408,290652160
207,1771647799326,3504,3504,3504,3504,3504,3504,3504,3504,39.616451263427734,38.90120315551758,37.695777893066406,37.45375061035156,37.887149810791016,37.302146911621094,37.46813201904297,38.64030075073242,38.58750915527344,20,23.809524536132813,10,14.285715103149414,0,0,0,0,2.3752174377441406,8589934592,1073741824,5213585408,290652160
201,1771647799534,3504,3504,3504,3504,3504,3504,3504,3504,39.616451263427734,38.90120315551758,37.695777893066406,37.45375061035156,37.887149810791016,37.302146911621094,37.46813201904297,38.64030075073242,38.58750915527344,25,23.809524536132813,14.285715103149414,14.285715103149414,5,9.523809432983398,9.090909004211426,0,2.3752174377441406,8589934592,1073741824,5214126080,290652160
209,1771647799736,3504,3504,3504,3504,3504,3504,3504,3504,39.616451263427734,38.90120315551758,37.695777893066406,37.45375061035156,37.887149810791016,37.302146911621094,37.46813201904297,38.64030075073242,38.58750915527344,28.571430206298828,15.000000953674316,15.000000953674316,10.526315689086914,0,0,0,0,2.235991954803467,8589934592,1073741824,5214142464,290652160
206,1771647799945,3504,3504,3504,3504,3504,3504,3504,3504,39.616451263427734,38.90120315551758,37.695777893066406,37.45375061035156,37.887149810791016,37.302146911621094,37.46813201904297,38.64030075073242,38.58750915527344,15.000000953674316,15.000000953674316,13.636363983154297,9.523809432983398,0,0,0,0,2.235991954803467,8589934592,1073741824,5214142464,290652160
209,1771647800152,3504,3504,3504,3504,3504,3504,3504,3504,39.48688507080078,38.81708908081055,37.554229736328125,37.398780822753906,37.79200744628906,37.17577362060547,37.40248107910156,38.50577926635742,38.51075744628906,19.047618865966797,23.809524536132813,10.526315689086914,9.523809432983398,0,0,0,0,2.235991954803467,8589934592,1073741824,5214158848,290652160
209,1771647800362,3504,3504,3504,3504,3504,3504,3504,3504,39.48688507080078,38.81708908081055,37.554229736328125,37.398780822753906,37.79200744628906,37.17577362060547,37.40248107910156,38.50577926635742,38.51075744628906,19.047618865966797,28.571430206298828,14.285715103149414,14.285715103149414,0,0,0,0,2.235991954803467,8589934592,1073741824,5210324992,290652160
200,1771647800572,3504,3504,3504,3504,3504,3504,3504,3504,39.48688507080078,38.81708908081055,37.554229736328125,37.398780822753906,37.79200744628906,37.17577362060547,37.40248107910156,38.50577926635742,38.51075744628906,19.047618865966797,23.809524536132813,13.636363983154297,5,0,0,0,0,2.235991954803467,8589934592,1073741824,5210341376,290652160
209,1771647800773,3504,3504,3504,3504,3504,3504,3504,3504,39.48688507080078,38.81708908081055,37.554229736328125,37.398780822753906,37.79200744628906,37.17577362060547,37.40248107910156,38.50577926635742,38.51075744628906,15.000000953674316,20,10,19.047618865966797,0,0,0,0,1.865433931350708,8589934592,1073741824,5210357760,290652160
201,1771647800983,3504,3504,3504,3504,3504,3504,3504,3504,39.48688507080078,38.81708908081055,37.554229736328125,37.398780822753906,37.79200744628906,37.17577362060547,37.40248107910156,38.50577926635742,38.51075744628906,14.285715103149414,19.047618865966797,5,14.285715103149414,0,0,0,0,1.865433931350708,8589934592,1073741824,5210308608,290652160
209,1771647801186,3504,3504,3504,3504,3504,3504,3504,3504,39.28076934814453,38.63629150390625,37.383750915527344,37.212890625,37.67106246948242,37.040733337402344,37.258705139160156,38.32772445678711,38.39028549194336,10,20,9.523809432983398,15.000000953674316,0,0,0,0,1.865433931350708,8589934592,1073741824,5210324992,290652160
206,1771647801396,3504,3504,3504,3504,3504,3504,3504,3504,39.28076934814453,38.63629150390625,37.383750915527344,37.212890625,37.67106246948242,37.040733337402344,37.258705139160156,38.32772445678711,38.39028549194336,14.285715103149414,20,14.285715103149414,15.000000953674316,0,0,0,0,1.865433931350708,8589934592,1073741824,5210324992,290652160
205,1771647801602,3504,3504,3504,3504,3504,3504,3504,3504,39.28076934814453,38.63629150390625,37.383750915527344,37.212890625,37.67106246948242,37.040733337402344,37.258705139160156,38.32772445678711,38.39028549194336,15.000000953674316,23.809524536132813,5,13.636363983154297,0,0,0,0,1.865433931350708,8589934592,1073741824,5210062848,290652160
209,1771647801808,3504,3504,3504,3504,3504,3504,3504,3504,39.28076934814453,38.63629150390625,37.383750915527344,37.212890625,37.67106246948242,37.040733337402344,37.258705139160156,38.32772445678711,38.39028549194336,14.285715103149414,19.047618865966797,10,20,0,0,0,0,2.292729139328003,8589934592,1073741824,5210062848,290652160
201,1771647802018,3504,3504,3504,3504,3504,3504,3504,3504,39.28076934814453,38.63629150390625,37.383750915527344,37.212890625,37.67106246948242,37.040733337402344,37.258705139160156,38.32772445678711,38.39028549194336,14.285715103149414,15.000000953674316,18.18181800842285,9.090909004211426,0,0,0,0,2.292729139328003,8589934592,1073741824,5210030080,290652160
209,1771647802221,3504,3504,3504,3504,3504,3504,3504,3504,39.165077209472656,38.542598724365234,37.363258361816406,37.07342529296875,37.54910659790039,36.93475341796875,37.14898681640625,38.250484466552734,38.2751579284668,15.000000953674316,23.809524536132813,15.000000953674316,5.263157844543457,0,0,0,0,2.292729139328003,8589934592,1073741824,5210112000,290652160
202,1771647802431,3504,3504,3504,3504,3504,3504,3504,3504,39.165077209472656,38.542598724365234,37.363258361816406,37.07342529296875,37.54910659790039,36.93475341796875,37.14898681640625,38.250484466552734,38.2751579284668,14.285715103149414,15.000000953674316,15.000000953674316,13.636363983154297,0,0,0,0,2.292729139328003,8589934592,1073741824,5210128384,290652160
207,1771647802633,3504,3504,3504,3504,3504,3504,3504,3504,39.165077209472656,38.542598724365234,37.363258361816406,37.07342529296875,37.54910659790039,36.93475341796875,37.14898681640625,38.250484466552734,38.2751579284668,15.000000953674316,23.809524536132813,15.000000953674316,5,0,0,0,0,2.292729139328003,8589934592,1073741824,5210112000,290652160
208,1771647802842,3504,3504,3504,3504,3504,3504,3504,3504,39.165077209472656,38.542598724365234,37.363258361816406,37.07342529296875,37.54910659790039,36.93475341796875,37.14898681640625,38.250484466552734,38.2751579284668,30.000001907348633,28.571430206298828,23.809524536132813,15.789472579956055,0,0,0,0,2.408311128616333,8589934592,1073741824,5210112000,290652160
207,1771647803050,3504,3504,3504,3504,3504,3504,3504,3504,39.165077209472656,38.542598724365234,37.363258361816406,37.07342529296875,37.54910659790039,36.93475341796875,37.14898681640625,38.250484466552734,38.2751579284668,25,20,5,9.090909004211426,0,0,0,0,2.408311128616333,8589934592,1073741824,5210112000,290652160
207,1771647803259,3504,3504,3504,3504,3504,3504,3504,3504,38.978641510009766,38.445892333984375,37.32429504394531,37.022308349609375,37.51758575439453,36.8414306640625,37.100746154785156,38.20136642456055,38.21623229980469,14.285715103149414,15.000000953674316,19.047618865966797,5,0,0,0,0,2.408311128616333,8589934592,1073741824,5210112000,290652160
201,1771647803467,3504,3504,3504,3504,3504,3504,3504,3504,38.978641510009766,38.445892333984375,37.32429504394531,37.022308349609375,37.51758575439453,36.8414306640625,37.100746154785156,38.20136642456055,38.21623229980469,14.285715103149414,18.18181800842285,14.285715103149414,13.636363983154297,5,4.761904716491699,0,4.761904716491699,2.408311128616333,8589934592,1073741824,5211078656,290652160
205,1771647803669,3504,3504,3504,3504,3504,3504,3504,3504,38.978641510009766,38.445892333984375,37.32429504394531,37.022308349609375,37.51758575439453,36.8414306640625,37.100746154785156,38.20136642456055,38.21623229980469,15.000000953674316,20,10,15.789472579956055,0,0,0,0,2.0629281997680664,8589934592,1073741824,5211062272,290652160
209,1771647803875,3504,3504,3504,3504,3504,3504,3504,3504,38.978641510009766,38.445892333984375,37.32429504394531,37.022308349609375,37.51758575439453,36.8414306640625,37.100746154785156,38.20136642456055,38.21623229980469,14.285715103149414,14.285715103149414,10,19.047618865966797,0,0,0,0,2.0629281997680664,8589934592,1073741824,5211062272,290652160
199,1771647804085,3504,3504,3504,3504,3504,3504,3504,3504,38.978641510009766,38.445892333984375,37.32429504394531,37.022308349609375,37.51758575439453,36.8414306640625,37.100746154785156,38.20136642456055,38.21623229980469,14.285715103149414,10,18.18181800842285,10,4.545454502105713,0,0,0,2.0629281997680664,8589934592,1073741824,5210963968,290652160
208,1771647804285,3504,3504,3504,3504,3504,3504,3504,3504,38.971561431884766,38.4348030090332,37.285064697265625,37.03636932373047,37.435115814208984,36.79814910888672,37.068199157714844,38.16638946533203,38.199466705322266,20,15.000000953674316,15.000000953674316,9.523809432983398,0,0,0,0,2.0629281997680664,8589934592,1073741824,5210963968,290652160
206,1771647804494,3504,3504,3504,3504,3504,3504,3504,3504,38.971561431884766,38.4348030090332,37.285064697265625,37.03636932373047,37.435115814208984,36.79814910888672,37.068199157714844,38.16638946533203,38.199466705322266,14.285715103149414,20,23.809524536132813,9.523809432983398,0,0,0,0,2.0629281997680664,8589934592,1073741824,5210963968,290652160
200,1771647804701,3504,3504,3504,3504,3504,3504,3504,3504,38.971561431884766,38.4348030090332,37.285064697265625,37.03636932373047,37.435115814208984,36.79814910888672,37.068199157714844,38.16638946533203,38.199466705322266,21.052631378173828,19.047618865966797,10,5.263157844543457,0,0,0,0,2.478208065032959,8589934592,1073741824,5210800128,290652160
205,1771647804902,3504,3504,3504,3504,3504,3504,3504,3504,38.971561431884766,38.4348030090332,37.285064697265625,37.03636932373047,37.435115814208984,36.79814910888672,37.068199157714844,38.16638946533203,38.199466705322266,19.047618865966797,25,10,14.285715103149414,0,0,0,0,2.478208065032959,8589934592,1073741824,5210800128,290652160
209,1771647805108,3504,3504,3504,3504,3504,3504,3504,3504,38.971561431884766,38.4348030090332,37.285064697265625,37.03636932373047,37.435115814208984,36.79814910888672,37.068199157714844,38.16638946533203,38.199466705322266,10,15.000000953674316,9.523809432983398,15.000000953674316,0,0,0,0,2.478208065032959,8589934592,1073741824,5210832896,290652160
201,1771647805318,3504,3504,3504,3504,3504,3504,3504,3504,38.87199783325195,38.288169860839844,37.11040496826172,36.944236755371094,37.36822509765625,36.67381286621094,37.01457977294922,38.06782913208008,38.077484130859375,18.18181800842285,22.72727394104004,10,22.72727394104004,0,0,0,0,2.478208065032959,8589934592,1073741824,5210800128,290652160
209,1771647805521,3504,3504,3504,3504,3504,3504,3504,3504,38.87199783325195,38.288169860839844,37.11040496826172,36.944236755371094,37.36822509765625,36.67381286621094,37.01457977294922,38.06782913208008,38.077484130859375,15.000000953674316,20,10,20,0,0,0,0,2.478208065032959,8589934592,1073741824,5210816512,290652160
209,1771647805731,3504,3504,3504,3504,3504,3504,3504,3504,38.87199783325195,38.288169860839844,37.11040496826172,36.944236755371094,37.36822509765625,36.67381286621094,37.01457977294922,38.06782913208008,38.077484130859375,15.000000953674316,14.285715103149414,18.18181800842285,15.000000953674316,0,0,0,0,2.0632855892181396,8589934592,1073741824,5210931200,290652160
200,1771647805941,3504,3504,3504,3504,3504,3504,3504,3504,38.87199783325195,38.288169860839844,37.11040496826172,36.944236755371094,37.36822509765625,36.67381286621094,37.01457977294922,38.06782913208008,38.077484130859375,22.72727394104004,14.285715103149414,10,22.72727394104004,0,0,0,0,2.0632855892181396,8589934592,1073741824,5210865664,290652160
208,1771647806142,3504,3504,3504,3504,3504,3504,3504,3504,38.87199783325195,38.288169860839844,37.11040496826172,36.944236755371094,37.36822509765625,36.67381286621094,37.01457977294922,38.06782913208008,38.077484130859375,21.052631378173828,10.526315689086914,14.285715103149414,15.000000953674316,0,0,0,0,2.0632855892181396,8589934592,1073741824,5210865664,290652160
201,1771647806351,3504,3504,3504,3504,3504,3504,3504,3504,38.807533264160156,38.18617248535156,37.00286102294922,36.843780517578125,37.262428283691406,36.59416961669922,36.88706970214844,37.948333740234375,37.99223709106445,20,14.285715103149414,10,10,0,0,0,0,2.0632855892181396,8589934592,1073741824,5210685440,290652160
209,1771647806552,3504,3504,3504,3504,3504,3504,3504,3504,38.807533264160156,38.18617248535156,37.00286102294922,36.843780517578125,37.262428283691406,36.59416961669922,36.88706970214844,37.948333740234375,37.99223709106445,23.809524536132813,20,10,10,0,0,0,0,2.0632855892181396,8589934592,1073741824,5210734592,290652160
205,1771647806762,3504,3504,3504,3504,3504,3504,3504,3504,38.807533264160156,38.18617248535156,37.00286102294922,36.843780517578125,37.262428283691406,36.59416961669922,36.88706970214844,37.948333740234375,37.99223709106445,33.333335876464844,14.285715103149414,9.523809432983398,4.761904716491699,0,0,0,0,1.9587968587875366,8589934592,1073741824,5210734592,290652160
206,1771647806969,3504,3504,3504,3504,3504,3504,3504,3504,38.807533264160156,38.18617248535156,37.00286102294922,36.843780517578125,37.262428283691406,36.59416961669922,36.88706970214844,37.948333740234375,37.99223709106445,30.000001907348633,25,19.047618865966797,23.809524536132813,0,0,0,0,1.9587968587875366,8589934592,1073741824,5211340800,290652160
204,1771647807175,3504,3504,3504,3504,3504,3504,3504,3504,38.78913497924805,38.13216781616211,36.9576301574707,36.76548767089844,37.19878387451172,36.526947021484375,36.7969970703125,37.88352584838867,37.92226028442383,15.000000953674316,23.809524536132813,10,14.285715103149414,0,0,0,0,1.9587968587875366,8589934592,1073741824,5211340800,290652160
206,1771647807380,3504,3504,3504,3504,3504,3504,3504,3504,38.78913497924805,38.13216781616211,36.9576301574707,36.76548767089844,37.19878387451172,36.526947021484375,36.7969970703125,37.88352584838867,37.92226028442383,22.72727394104004,23.809524536132813,10,20,0,0,0,0,1.9587968587875366,8589934592,1073741824,5211340800,290652160
200,1771647807587,3504,3504,3504,3504,3504,3504,3504,3504,38.78913497924805,38.13216781616211,36.9576301574707,36.76548767089844,37.19878387451172,36.526947021484375,36.7969970703125,37.88352584838867,37.92226028442383,15.000000953674316,20,18.18181800842285,19.047618865966797,33.333335876464844,0,0,0,1.9587968587875366,8589934592,1073741824,5211570176,290652160
206,1771647807788,3504,3504,3504,3504,3504,3504,3504,3504,38.78913497924805,38.13216781616211,36.9576301574707,36.76548767089844,37.19878387451172,36.526947021484375,36.7969970703125,37.88352584838867,37.92226028442383,15.000000953674316,23.809524536132813,15.000000953674316,15.789472579956055,5.263157844543457,0,0,0,2.6369078159332275,8589934592,1073741824,5211504640,290652160
205,1771647807996,3504,3504,3504,3504,3504,3504,3504,3504,38.78913497924805,38.13216781616211,36.9576301574707,36.76548767089844,37.19878387451172,36.526947021484375,36.7969970703125,37.88352584838867,37.92226028442383,20,15.789472579956055,10,14.285715103149414,0,0,0,0,2.6369078159332275,8589934592,1073741824,5211504640,290652160
205,1771647808202,3504,3504,3504,3504,3504,3504,3504,3504,38.89472961425781,38.487571716308594,37.20668029785156,36.908790588378906,37.285579681396484,36.55205535888672,36.855628967285156,37.89263153076172,37.96695327758789,28.571430206298828,19.047618865966797,10,9.523809432983398,0,0,0,0,2.6369078159332275,8589934592,1073741824,5211504640,290652160
202,1771647808408,3504,3504,3504,3504,3504,3504,3504,3504,38.89472961425781,38.487571716308594,37.20668029785156,36.908790588378906,37.285579681396484,36.55205535888672,36.855628967285156,37.89263153076172,37.96695327758789,23.809524536132813,14.285715103149414,18.18181800842285,9.523809432983398,9.090909004211426,4.761904716491699,0,0,2.6369078159332275,8589934592,1073741824,5211504640,290652160
209,1771647808611,3504,3504,3504,3504,3504,3504,3504,3504,38.89472961425781,38.487571716308594,37.20668029785156,36.908790588378906,37.285579681396484,36.55205535888672,36.855628967285156,37.89263153076172,37.96695327758789,15.000000953674316,15.000000953674316,10.526315689086914,15.789472579956055,0,0,0,0,2.6369078159332275,8589934592,1073741824,5211619328,290652160
209,1771647808821,3504,3504,3504,3504,3504,3504,3504,3504,38.89472961425781,38.487571716308594,37.20668029785156,36.908790588378906,37.285579681396484,36.55205535888672,36.855628967285156,37.89263153076172,37.96695327758789,30.000001907348633,28.571430206298828,14.285715103149414,14.285715103149414,0,0,0,0,2.7435991764068604,8589934592,1073741824,5211734016,290652160
202,1771647809031,3504,3504,3504,3504,3504,3504,3504,3504,38.89472961425781,38.487571716308594,37.20668029785156,36.908790588378906,37.285579681396484,36.55205535888672,36.855628967285156,37.89263153076172,37.96695327758789,18.18181800842285,28.571430206298828,9.523809432983398,4.761904716491699,0,0,0,0,2.7435991764068604,8589934592,1073741824,5211734016,290652160
204,1771647809234,3504,3504,3504,3504,3504,3504,3504,3504,38.765655517578125,38.112762451171875,36.957794189453125,36.705718994140625,37.149139404296875,36.48453140258789,36.76073455810547,37.782623291015625,37.90885925292969,21.052631378173828,21.052631378173828,15.000000953674316,14.285715103149414,0,0,0,0,2.7435991764068604,8589934592,1073741824,5211750400,290652160
209,1771647809439,3504,3504,3504,3504,3504,3504,3504,3504,38.765655517578125,38.112762451171875,36.957794189453125,36.705718994140625,37.149139404296875,36.48453140258789,36.76073455810547,37.782623291015625,37.90885925292969,18.18181800842285,27.272727966308594,14.285715103149414,5.263157844543457,0,0,0,0,2.7435991764068604,8589934592,1073741824,5211750400,290652160
209,1771647809649,3504,3504,3504,3504,3504,3504,3504,3504,38.765655517578125,38.112762451171875,36.957794189453125,36.705718994140625,37.149139404296875,36.48453140258789,36.76073455810547,37.782623291015625,37.90885925292969,15.000000953674316,25,5,13.636363983154297,0,0,0,0,2.3166871070861816,8589934592,1073741824,5211750400,290652160
209,1771647809859,3504,3504,3504,3504,3504,3504,3504,3504,38.765655517578125,38.112762451171875,36.957794189453125,36.705718994140625,37.149139404296875,36.48453140258789,36.76073455810547,37.782623291015625,37.90885925292969,15.000000953674316,23.809524536132813,13.636363983154297,4.761904716491699,0,0,0,0,2.3166871070861816,8589934592,1073741824,5211783168,290652160
209,1771647810069,3504,3504,3504,3504,3504,3504,3504,3504,38.765655517578125,38.112762451171875,36.957794189453125,36.705718994140625,37.149139404296875,36.48453140258789,36.76073455810547,37.782623291015625,37.90885925292969,14.285715103149414,19.047618865966797,15.000000953674316,9.523809432983398,0,0,0,0,2.3166871070861816,8589934592,1073741824,5211783168,290652160
208,1771647810279,3504,3504,3504,3504,3504,3504,3504,3504,38.69320297241211,38.049015045166016,36.931968688964844,36.64611053466797,37.03306198120117,36.44896697998047,36.661903381347656,37.73121643066406,37.861732482910156,27.272727966308594,19.047618865966797,14.285715103149414,10,5,5,4.761904716491699,0,2.3166871070861816,8589934592,1073741824,5211783168,290652160
207,1771647810487,3504,3504,3504,3504,3504,3504,3504,3504,38.69320297241211,38.049015045166016,36.931968688964844,36.64611053466797,37.03306198120117,36.44896697998047,36.661903381347656,37.73121643066406,37.861732482910156,20,19.047618865966797,15.000000953674316,9.090909004211426,0,0,0,0,2.3166871070861816,8589934592,1073741824,5211783168,290652160
206,1771647810696,3504,3504,3504,3504,3504,3504,3504,3504,38.69320297241211,38.049015045166016,36.931968688964844,36.64611053466797,37.03306198120117,36.44896697998047,36.661903381347656,37.73121643066406,37.861732482910156,28.571430206298828,15.000000953674316,19.047618865966797,15.000000953674316,0,0,0,0,2.0857467651367188,8589934592,1073741824,5210013696,290652160
205,1771647810902,3504,3504,3504,3504,3504,3504,3504,3504,38.69320297241211,38.049015045166016,36.931968688964844,36.64611053466797,37.03306198120117,36.44896697998047,36.661903381347656,37.73121643066406,37.861732482910156,25,15.000000953674316,14.285715103149414,9.523809432983398,0,0,0,0,2.0857467651367188,8589934592,1073741824,5210013696,290652160
207,1771647811109,3504,3504,3504,3504,3504,3504,3504,3504,38.69320297241211,38.049015045166016,36.931968688964844,36.64611053466797,37.03306198120117,36.44896697998047,36.661903381347656,37.73121643066406,37.861732482910156,19.047618865966797,19.047618865966797,14.285715103149414,10,0,0,0,0,2.0857467651367188,8589934592,1073741824,5210013696,290652160
201,1771647811317,3504,3504,3504,3504,3504,3504,3504,3504,38.633182525634766,38.001644134521484,36.89611053466797,36.62433624267578,37.03355407714844,36.401573181152344,36.669647216796875,37.71647644042969,37.805538177490234,15.000000953674316,27.272727966308594,14.285715103149414,15.000000953674316,0,0,0,0,2.0857467651367188,8589934592,1073741824,5210013696,290652160
203,1771647811519,3504,3504,3504,3504,3504,3504,3504,3504,38.633182525634766,38.001644134521484,36.89611053466797,36.62433624267578,37.03355407714844,36.401573181152344,36.669647216796875,37.71647644042969,37.805538177490234,19.047618865966797,15.789472579956055,5.263157844543457,18.18181800842285,0,0,0,0,2.0857467651367188,8589934592,1073741824,5210013696,290652160
209,1771647811723,3504,3504,3504,3504,3504,3504,3504,3504,38.633182525634766,38.001644134521484,36.89611053466797,36.62433624267578,37.03355407714844,36.401573181152344,36.669647216796875,37.71647644042969,37.805538177490234,25,19.047618865966797,10,5,0,0,0,0,1.9702162742614746,8589934592,1073741824,5210013696,290652160
209,1771647811933,3504,3504,3504,3504,3504,3504,3504,3504,38.633182525634766,38.001644134521484,36.89611053466797,36.62433624267578,37.03355407714844,36.401573181152344,36.669647216796875,37.71647644042969,37.805538177490234,14.285715103149414,20,18.18181800842285,5,0,0,0,0,1.9702162742614746,8589934592,1073741824,5210030080,290652160
204,1771647812142,3504,3504,3504,3504,3504,3504,3504,3504,38.633182525634766,38.001644134521484,36.89611053466797,36.62433624267578,37.03355407714844,36.338539123535156,36.549598693847656,37.61827850341797,37.70170974731445,15.000000953674316,25,20,14.285715103149414,0,0,0,0,1.9702162742614746,8589934592,1073741824,5210357760,290652160
203,1771647812348,3504,3504,3504,3504,3504,3504,3504,3504,38.45551681518555,37.90430450439453,36.84077453613281,36.531776428222656,36.941078186035156,36.338539123535156,36.549598693847656,37.61827850341797,37.70170974731445,23.809524536132813,23.809524536132813,9.523809432983398,9.523809432983398,0,0,0,0,1.9702162742614746,8589934592,1073741824,5210357760,290652160
209,1771647812552,3504,3504,3504,3504,3504,3504,3504,3504,38.45551681518555,37.90430450439453,36.84077453613281,36.531776428222656,36.941078186035156,36.338539123535156,36.549598693847656,37.61827850341797,37.70170974731445,23.809524536132813,19.047618865966797,14.285715103149414,10,0,0,0,0,1.9702162742614746,8589934592,1073741824,5210357760,290652160
206,1771647812762,3504,3504,3504,3504,3504,3504,3504,3504,38.45551681518555,37.90430450439453,36.84077453613281,36.531776428222656,36.941078186035156,36.338539123535156,36.549598693847656,37.61827850341797,37.70170974731445,20,19.047618865966797,14.285715103149414,14.285715103149414,0,0,0,0,2.2947092056274414,8589934592,1073741824,5210357760,290652160
203,1771647812969,3504,3504,3504,3504,3504,3504,3504,3504,38.45551681518555,37.90430450439453,36.84077453613281,36.531776428222656,36.941078186035156,36.338539123535156,36.549598693847656,37.61827850341797,37.70170974731445,19.047618865966797,15.000000953674316,5.263157844543457,20,0,0,0,0,2.2947092056274414,8589934592,1073741824,5210488832,290652160
209,1771647813173,3504,3504,3504,3504,3504,3504,3504,3504,38.33913040161133,37.846160888671875,36.74137878417969,36.46153259277344,36.88221740722656,36.28581237792969,36.497314453125,37.572349548339844,37.66064453125,19.047618865966797,15.000000953674316,15.000000953674316,14.285715103149414,0,0,0,0,2.2947092056274414,8589934592,1073741824,5210488832,290652160
209,1771647813383,3504,3504,3504,3504,3504,3504,3504,3504,38.33913040161133,37.846160888671875,36.74137878417969,36.46153259277344,36.88221740722656,36.28581237792969,36.497314453125,37.572349548339844,37.66064453125,15.000000953674316,22.72727394104004,19.047618865966797,14.285715103149414,4.761904716491699,4.761904716491699,0,0,2.2947092056274414,8589934592,1073741824,5210488832,290652160
208,1771647813593,3504,3504,3504,3504,3504,3504,3504,3504,38.33913040161133,37.846160888671875,36.74137878417969,36.46153259277344,36.88221740722656,36.28581237792969,36.497314453125,37.572349548339844,37.66064453125,5,20,13.636363983154297,4.761904716491699,0,0,0,0,2.2947092056274414,8589934592,1073741824,5210488832,290652160
199,1771647813802,3504,3504,3504,3504,3504,3504,3504,3504,38.33913040161133,37.846160888671875,36.74137878417969,36.46153259277344,36.88221740722656,36.28581237792969,36.497314453125,37.572349548339844,37.66064453125,23.809524536132813,19.047618865966797,19.047618865966797,10,0,0,0,0,2.7918310165405273,8589934592,1073741824,5210406912,290652160
209,1771647814002,3504,3504,3504,3504,3504,3504,3504,3504,38.33913040161133,37.846160888671875,36.74137878417969,36.46153259277344,36.88221740722656,36.28581237792969,36.497314453125,37.572349548339844,37.66064453125,15.000000953674316,5.263157844543457,25,9.523809432983398,0,0,0,0,2.7918310165405273,8589934592,1073741824,5210406912,290652160
209,1771647814212,3504,3504,3504,3504,3504,3504,3504,3504,38.335594177246094,37.84641647338867,36.72333908081055,36.438663482666016,36.86016082763672,36.27545166015625,36.3921012878418,37.532135009765625,37.56131362915039,14.285715103149414,14.285715103149414,23.809524536132813,9.523809432983398,0,0,0,0,2.7918310165405273,8589934592,1073741824,5210406912,290652160
203,1771647814422,3504,3504,3504,3504,3504,3504,3504,3504,38.335594177246094,37.84641647338867,36.72333908081055,36.438663482666016,36.86016082763672,36.27545166015625,36.3921012878418,37.532135009765625,37.56131362915039,28.571430206298828,30.434782028198242,35,28.571430206298828,18.18181800842285,14.285715103149414,15.000000953674316,14.285715103149414,2.7918310165405273,8589934592,1073741824,5211619328,290652160
209,1771647814625,3504,3504,3504,3504,3504,3504,3504,3504,38.335594177246094,37.84641647338867,36.72333908081055,36.438663482666016,36.86016082763672,36.27545166015625,36.3921012878418,37.532135009765625,37.56131362915039,20,5.555555820465088,9.523809432983398,5,5,0,0,0,2.7918310165405273,8589934592,1073741824,5211652096,290652160
203,1771647814836,3504,3504,3504,3504,3504,3504,3504,3504,38.335594177246094,37.84641647338867,36.72333908081055,36.438663482666016,36.86016082763672,36.27545166015625,36.3921012878418,37.532135009765625,37.56131362915039,23.809524536132813,18.18181800842285,14.285715103149414,0,0,4.545454502105713,4.761904716491699,0,2.697528123855591,8589934592,1073741824,5211684864,290652160
209,1771647815039,3504,3504,3504,3504,3504,3504,3504,3504,38.335594177246094,37.84641647338867,36.72333908081055,36.438663482666016,36.86016082763672,36.27545166015625,36.3921012878418,37.532135009765625,37.56131362915039,15.000000953674316,15.000000953674316,15.000000953674316,9.523809432983398,0,0,0,0,2.697528123855591,8589934592,1073741824,5211717632,290652160
209,1771647815250,3504,3504,3504,3504,3504,3504,3504,3504,38.85884475708008,38.27238845825195,37.08772277832031,36.8447265625,37.121795654296875,36.649810791015625,36.848060607910156,37.98196792602539,38.040740966796875,23.809524536132813,19.047618865966797,14.285715103149414,10,0,0,0,0,2.697528123855591,8589934592,1073741824,5211635712,290652160
200,1771647815459,3504,3504,3504,3504,3504,3504,3504,3504,38.85884475708008,38.27238845825195,37.08772277832031,36.8447265625,37.121795654296875,36.649810791015625,36.848060607910156,37.98196792602539,38.040740966796875,28.571430206298828,14.285715103149414,9.523809432983398,9.090909004211426,0,4.545454502105713,0,4.545454502105713,2.697528123855591,8589934592,1073741824,5211635712,290652160
203,1771647815660,3504,3504,3504,3504,3504,3504,3504,3504,38.85884475708008,38.27238845825195,37.08772277832031,36.8447265625,37.121795654296875,36.649810791015625,36.848060607910156,37.98196792602539,38.040740966796875,23.809524536132813,10,15.000000953674316,5,0,0,0,0,2.1552703380584717,8589934592,1073741824,5211734016,290652160
205,1771647815865,3504,3504,3504,3504,3504,3504,3504,3504,38.85884475708008,38.27238845825195,37.08772277832031,36.8447265625,37.121795654296875,36.649810791015625,36.848060607910156,37.98196792602539,38.040740966796875,21.052631378173828,15.000000953674316,15.000000953674316,5,0,0,0,0,2.1552703380584717,8589934592,1073741824,5211570176,290652160
209,1771647816070,3504,3504,3504,3504,3504,3504,3504,3504,38.85884475708008,38.27238845825195,37.08772277832031,36.8447265625,37.121795654296875,36.649810791015625,36.848060607910156,37.98196792602539,38.040740966796875,19.047618865966797,20,14.285715103149414,14.285715103149414,0,0,0,0,2.1552703380584717,8589934592,1073741824,5211570176,290652160
204,1771647816280,3504,3504,3504,3504,3504,3504,3504,3504,38.293312072753906,37.79429626464844,36.68437576293945,36.42864227294922,36.868743896484375,36.27523422241211,36.397705078125,37.526485443115234,37.54378128051758,19.047618865966797,22.72727394104004,10,4.761904716491699,0,0,0,0,2.1552703380584717,8589934592,1073741824,5211586560,290652160
209,1771647816485,3504,3504,3504,3504,3504,3504,3504,3504,38.293312072753906,37.79429626464844,36.68437576293945,36.42864227294922,36.868743896484375,36.27523422241211,36.397705078125,37.526485443115234,37.54378128051758,15.000000953674316,15.000000953674316,19.047618865966797,9.523809432983398,0,0,0,0,2.1552703380584717,8589934592,1073741824,5211602944,290652160
209,1771647816695,3504,3504,3504,3504,3504,3504,3504,3504,38.293312072753906,37.79429626464844,36.68437576293945,36.42864227294922,36.868743896484375,36.27523422241211,36.397705078125,37.526485443115234,37.54378128051758,14.285715103149414,14.285715103149414,25,5,0,0,0,0,2.2945096492767334,8589934592,1073741824,5211553792,290652160
209,1771647816905,3504,3504,3504,3504,3504,3504,3504,3504,38.293312072753906,37.79429626464844,36.68437576293945,36.42864227294922,36.868743896484375,36.27523422241211,36.397705078125,37.526485443115234,37.54378128051758,14.285715103149414,14.285715103149414,23.809524536132813,13.636363983154297,0,0,0,0,2.2945096492767334,8589934592,1073741824,5211553792,290652160
209,1771647817115,3504,3504,3504,3504,3504,3504,3504,3504,38.293312072753906,37.79429626464844,36.68437576293945,36.42864227294922,36.868743896484375,36.27523422241211,36.397705078125,37.526485443115234,37.54378128051758,23.809524536132813,15.000000953674316,22.72727394104004,5.263157844543457,0,0,0,0,2.2945096492767334,8589934592,1073741824,5211734016,290652160
207,1771647817325,3504,3504,3504,3504,3504,3504,3504,3504,38.232505798339844,37.66971969604492,36.55601501464844,36.286888122558594,36.799259185791016,36.20454025268555,36.283573150634766,37.4035758972168,37.4595947265625,33.333335876464844,22.72727394104004,30.000001907348633,40.90909194946289,0,0,0,0,2.2945096492767334,8589934592,1073741824,5211750400,290652160
209,1771647817533,3504,3504,3504,3504,3504,3504,3504,3504,38.232505798339844,37.66971969604492,36.55601501464844,36.286888122558594,36.799259185791016,36.20454025268555,36.283573150634766,37.4035758972168,37.4595947265625,25,10,19.047618865966797,10,0,0,0,0,2.2945096492767334,8589934592,1073741824,5212422144,290652160
208,1771647817743,3504,3504,3504,3504,3504,3504,3504,3504,38.232505798339844,37.66971969604492,36.55601501464844,36.286888122558594,36.799259185791016,36.20454025268555,36.283573150634766,37.4035758972168,37.4595947265625,23.809524536132813,23.809524536132813,19.047618865966797,19.047618865966797,13.636363983154297,4.761904716491699,30.000001907348633,0,2.5118608474731445,8589934592,1073741824,5212979200,290652160
205,1771647817952,3504,3504,3504,3504,3504,3504,3504,3504,38.232505798339844,37.66971969604492,36.55601501464844,36.286888122558594,36.799259185791016,36.20454025268555,36.283573150634766,37.4035758972168,37.4595947265625,23.809524536132813,23.809524536132813,9.523809432983398,9.090909004211426,0,0,0,0,2.5118608474731445,8589934592,1073741824,5212979200,290652160
207,1771647818159,3504,3504,3504,3504,3504,3504,3504,3504,38.44523620605469,37.868534088134766,36.70853042602539,36.42300033569336,36.89495849609375,36.41098403930664,36.50045394897461,37.70888900756836,37.62407684326172,19.047618865966797,15.000000953674316,15.000000953674316,5.263157844543457,0,0,0,0,2.5118608474731445,8589934592,1073741824,5212979200,290652160
201,1771647818367,3504,3504,3504,3504,3504,3504,3504,3504,38.44523620605469,37.868534088134766,36.70853042602539,36.42300033569336,36.89495849609375,36.41098403930664,36.50045394897461,37.70888900756836,37.62407684326172,15.000000953674316,27.272727966308594,19.047618865966797,13.636363983154297,0,0,0,0,2.5118608474731445,8589934592,1073741824,5212667904,290652160
204,1771647818569,3504,3504,3504,3504,3504,3504,3504,3504,38.44523620605469,37.868534088134766,36.70853042602539,36.42300033569336,36.89495849609375,36.41098403930664,36.50045394897461,37.70888900756836,37.62407684326172,20,15.789472579956055,10,5.263157844543457,5,4.761904716491699,0,0,2.5118608474731445,8589934592,1073741824,5212684288,290652160
209,1771647818774,3504,3504,3504,3504,3504,3504,3504,3504,38.44523620605469,37.868534088134766,36.70853042602539,36.42300033569336,36.89495849609375,36.41098403930664,36.50045394897461,37.70888900756836,37.62407684326172,20,25,19.047618865966797,14.285715103149414,0,0,0,0,2.328672409057617,8589934592,1073741824,5212700672,290652160
201,1771647818984,3504,3504,3504,3504,3504,3504,3504,3504,38.44523620605469,37.868534088134766,36.70853042602539,36.42300033569336,36.89495849609375,36.41098403930664,36.50045394897461,37.70888900756836,37.62407684326172,14.285715103149414,14.285715103149414,14.285715103149414,10,0,0,0,0,2.328672409057617,8589934592,1073741824,5212700672,290652160
206,1771647819186,3504,3504,3504,3504,3504,3504,3504,3504,38.29673385620117,37.67285919189453,36.562015533447266,36.2767333984375,36.79386520385742,36.18273162841797,36.26194763183594,37.37484359741211,37.435890197753906,15.000000953674316,10,10,23.809524536132813,0,0,0,0,2.328672409057617,8589934592,1073741824,5212717056,290652160
201,1771647819392,3504,3504,3504,3504,3504,3504,3504,3504,38.29673385620117,37.67285919189453,36.562015533447266,36.2767333984375,36.79386520385742,36.18273162841797,36.26194763183594,37.37484359741211,37.435890197753906,15.000000953674316,19.047618865966797,10,33.333335876464844,0,0,0,0,2.328672409057617,8589934592,1073741824,5212733440,290652160
204,1771647819594,3504,3504,3504,3504,3504,3504,3504,3504,38.29673385620117,37.67285919189453,36.562015533447266,36.2767333984375,36.79386520385742,36.18273162841797,36.26194763183594,37.37484359741211,37.435890197753906,14.285715103149414,15.000000953674316,10,20,0,0,0,0,2.328672409057617,8589934592,1073741824,5212766208,290652160
209,1771647819799,3504,3504,3504,3504,3504,3504,3504,3504,38.29673385620117,37.67285919189453,36.562015533447266,36.2767333984375,36.79386520385742,36.18273162841797,36.26194763183594,37.37484359741211,37.435890197753906,15.000000953674316,10.526315689086914,10,20,0,0,0,0,2.3743979930877686,8589934592,1073741824,5212602368,290652160
209,1771647820009,3504,3504,3504,3504,3504,3504,3504,3504,38.29673385620117,37.67285919189453,36.562015533447266,36.2767333984375,36.79386520385742,36.18273162841797,36.26194763183594,37.37484359741211,37.435890197753906,22.72727394104004,13.636363983154297,9.523809432983398,31.81818199157715,0,0,0,0,2.3743979930877686,8589934592,1073741824,5212602368,290652160
199,1771647820219,3504,3504,3504,3504,3504,3504,3504,3504,38.19750213623047,37.560672760009766,36.48838806152344,36.17429733276367,36.71695327758789,36.09857177734375,36.17659378051758,37.272281646728516,37.3710823059082,10,14.285715103149414,9.523809432983398,20,0,0,0,0,2.3743979930877686,8589934592,1073741824,5212585984,290652160
209,1771647820419,3504,3504,3504,3504,3504,3504,3504,3504,38.19750213623047,37.560672760009766,36.48838806152344,36.17429733276367,36.71695327758789,36.09857177734375,36.17659378051758,37.272281646728516,37.3710823059082,25,15.000000953674316,10,15.000000953674316,4.761904716491699,0,0,0,2.3743979930877686,8589934592,1073741824,5212635136,290652160
205,1771647820629,3504,3504,3504,3504,3504,3504,3504,3504,38.19750213623047,37.560672760009766,36.48838806152344,36.17429733276367,36.71695327758789,36.09857177734375,36.17659378051758,37.272281646728516,37.3710823059082,15.000000953674316,23.809524536132813,14.285715103149414,5,0,0,0,0,2.3743979930877686,8589934592,1073741824,5212700672,290652160
207,1771647820836,3504,3504,3504,3504,3504,3504,3504,3504,38.19750213623047,37.560672760009766,36.48838806152344,36.17429733276367,36.71695327758789,36.09857177734375,36.17659378051758,37.272281646728516,37.3710823059082,19.047618865966797,19.047618865966797,14.285715103149414,13.636363983154297,0,0,0,0,2.0163981914520264,8589934592,1073741824,5212700672,290652160
207,1771647821044,3504,3504,3504,3504,3504,3504,3504,3504,38.19750213623047,37.560672760009766,36.48838806152344,36.17429733276367,36.71695327758789,36.09857177734375,36.17659378051758,37.272281646728516,37.3710823059082,23.809524536132813,25,19.047618865966797,5.263157844543457,0,0,0,0,2.0163981914520264,8589934592,1073741824,5212700672,290652160
209,1771647821252,3504,3504,3504,3504,3504,3504,3504,3504,38.20039749145508,37.54498291015625,36.44324493408203,36.12725830078125,36.67555618286133,36.06605529785156,36.16165542602539,37.22160720825195,37.34608840942383,18.18181800842285,25,5,13.043478012084961,0,0,0,0,2.0163981914520264,8589934592,1073741824,5212536832,290652160
208,1771647821462,3504,3504,3504,3504,3504,3504,3504,3504,38.20039749145508,37.54498291015625,36.44324493408203,36.12725830078125,36.67555618286133,36.06605529785156,36.16165542602539,37.22160720825195,37.34608840942383,15.000000953674316,27.272727966308594,9.523809432983398,0,0,0,0,0,2.0163981914520264,8589934592,1073741824,5212372992,290652160
207,1771647821671,3504,3504,3504,3504,3504,3504,3504,3504,38.20039749145508,37.54498291015625,36.44324493408203,36.12725830078125,36.67555618286133,36.06605529785156,36.16165542602539,37.22160720825195,37.34608840942383,14.285715103149414,30.000001907348633,14.285715103149414,9.523809432983398,0,0,4.545454502105713,0,1.808440089225769,8589934592,1073741824,5212405760,290652160
208,1771647821879,3504,3504,3504,3504,3504,3504,3504,3504,38.20039749145508,37.54498291015625,36.44324493408203,36.12725830078125,36.67555618286133,36.06605529785156,36.16165542602539,37.22160720825195,37.34608840942383,20,23.809524536132813,19.047618865966797,10,4.761904716491699,4.545454502105713,0,4.545454502105713,1.808440089225769,8589934592,1073741824,5212618752,290652160
209,1771647822087,3504,3504,3504,3504,3504,3504,3504,3504,38.20039749145508,37.54498291015625,36.44324493408203,36.12725830078125,36.67555618286133,36.06605529785156,36.16165542602539,37.22160720825195,37.34608840942383,30.000001907348633,14.285715103149414,15.000000953674316,13.636363983154297,0,0,0,0,1.808440089225769,8589934592,1073741824,5212618752,290652160
209,1771647822298,3504,3504,3504,3504,3504,3504,3504,3504,38.2132682800293,37.4738883972168,36.39676284790039,36.10259246826172,36.64664077758789,36.04779815673828,36.107933044433594,37.19160842895508,37.33282470703125,31.81818199157715,14.285715103149414,14.285715103149414,9.523809432983398,0,0,0,0,1.808440089225769,8589934592,1073741824,5212618752,290652160
208,1771647822508,3504,3504,3504,3504,3504,3504,3504,3504,38.2132682800293,37.4738883972168,36.39676284790039,36.10259246826172,36.64664077758789,36.04779815673828,36.107933044433594,37.19160842895508,37.33282470703125,20,20,9.523809432983398,9.523809432983398,0,0,0,0,1.808440089225769,8589934592,1073741824,5212504064,290652160
201,1771647822717,3504,3504,3504,3504,3504,3504,3504,3504,38.2132682800293,37.4738883972168,36.39676284790039,36.10259246826172,36.64664077758789,36.04779815673828,36.107933044433594,37.19160842895508,37.33282470703125,31.81818199157715,19.047618865966797,10,10,0,0,0,0,2.3168880939483643,8589934592,1073741824,5212520448,290652160
209,1771647822919,3504,3504,3504,3504,3504,3504,3504,3504,38.2132682800293,37.4738883972168,36.39676284790039,36.10259246826172,36.64664077758789,36.04779815673828,36.107933044433594,37.19160842895508,37.33282470703125,26.3157901763916,10,14.285715103149414,9.523809432983398,0,0,0,0,2.3168880939483643,8589934592,1073741824,5212700672,290652160
205,1771647823129,3504,3504,3504,3504,3504,3504,3504,3504,38.2132682800293,37.4738883972168,36.39676284790039,36.10259246826172,36.64664077758789,36.04779815673828,36.107933044433594,37.19160842895508,37.33282470703125,28.571430206298828,15.000000953674316,14.285715103149414,5,0,0,0,0,2.3168880939483643,8589934592,1073741824,5212487680,290652160
203,1771647823336,3504,3504,3504,3504,3504,3504,3504,3504,38.207794189453125,37.41734313964844,36.301780700683594,36.052467346191406,36.60795974731445,36.02385711669922,36.06037902832031,37.128875732421875,37.271060943603516,15.000000953674316,14.285715103149414,23.809524536132813,13.636363983154297,0,0,0,0,2.3168880939483643,8589934592,1073741824,5212438528,290652160
209,1771647823539,3504,3504,3504,3504,3504,3504,3504,3504,38.207794189453125,37.41734313964844,36.301780700683594,36.052467346191406,36.60795974731445,36.02385711669922,36.06037902832031,37.128875732421875,37.271060943603516,15.000000953674316,14.285715103149414,20,5.263157844543457,0,0,9.523809432983398,0,2.3168880939483643,8589934592,1073741824,5212438528,290652160
200,1771647823749,3504,3504,3504,3504,3504,3504,3504,3504,38.207794189453125,37.41734313964844,36.301780700683594,36.052467346191406,36.60795974731445,36.02385711669922,36.06037902832031,37.128875732421875,37.271060943603516,27.272727966308594,14.285715103149414,10,9.523809432983398,0,0,0,0,2.3620002269744873,8589934592,1073741824,5212405760,290652160
201,1771647823950,3504,3504,3504,3504,3504,3504,3504,3504,38.207794189453125,37.41734313964844,36.301780700683594,36.052467346191406,36.60795974731445,36.02385711669922,36.06037902832031,37.128875732421875,37.271060943603516,20,20,14.285715103149414,19.047618865966797,0,0,0,0,2.3620002269744873,8589934592,1073741824,5212405760,290652160
202,1771647824152,3504,3504,3504,3504,3504,3504,3504,3504,38.186553955078125,37.37615203857422,36.25463104248047,35.97834777832031,36.57590866088867,36.008277893066406,36.02076721191406,37.112300872802734,37.26781463623047,20,20,15.789472579956055,10.526315689086914,0,0,0,0,2.3620002269744873,8589934592,1073741824,5212487680,290652160
209,1771647824355,3504,3504,3504,3504,3504,3504,3504,3504,38.186553955078125,37.37615203857422,36.25463104248047,35.97834777832031,36.57590866088867,36.008277893066406,36.02076721191406,37.112300872802734,37.26781463623047,15.000000953674316,19.047618865966797,5,14.285715103149414,9.523809432983398,5,5,4.761904716491699,2.3620002269744873,8589934592,1073741824,5212782592,290652160
203,1771647824565,3504,3504,3504,3504,3504,3504,3504,3504,38.186553955078125,37.37615203857422,36.25463104248047,35.97834777832031,36.57590866088867,36.008277893066406,36.02076721191406,37.112300872802734,37.26781463623047,15.000000953674316,20,14.285715103149414,4.761904716491699,0,0,0,0,2.3620002269744873,8589934592,1073741824,5212831744,290652160
204,1771647824769,3504,3504,3504,3504,3504,3504,3504,3504,38.186553955078125,37.37615203857422,36.25463104248047,35.97834777832031,36.57590866088867,36.008277893066406,36.02076721191406,37.112300872802734,37.26781463623047,23.809524536132813,20,15.000000953674316,20,0,0,0,0,2.040102243423462,8589934592,1073741824,5212831744,290652160
209,1771647824974,3504,3504,3504,3504,3504,3504,3504,3504,38.186553955078125,37.37615203857422,36.25463104248047,35.97834777832031,36.57590866088867,36.008277893066406,36.02076721191406,37.112300872802734,37.26781463623047,23.809524536132813,19.047618865966797,13.636363983154297,5,0,0,0,0,2.040102243423462,8589934592,1073741824,5212831744,290652160
207,1771647825184,3504,3504,3504,3504,3504,3504,3504,3504,38.22406005859375,37.44087600708008,36.31505584716797,36.0242805480957,36.608734130859375,36.013526916503906,36.01531982421875,37.13154602050781,37.23004150390625,20,28.571430206298828,20,19.047618865966797,0,0,0,0,2.040102243423462,8589934592,1073741824,5213274112,290652160
202,1771647825392,3504,3504,3504,3504,3504,3504,3504,3504,38.22406005859375,37.44087600708008,36.31505584716797,36.0242805480957,36.608734130859375,36.013526916503906,36.01531982421875,37.13154602050781,37.23004150390625,19.047618865966797,19.047618865966797,10,9.090909004211426,4.545454502105713,0,0,0,2.040102243423462,8589934592,1073741824,5213356032,290652160
205,1771647825596,3504,3504,3504,3504,3504,3504,3504,3504,38.22406005859375,37.44087600708008,36.31505584716797,36.0242805480957,36.608734130859375,36.013526916503906,36.01531982421875,37.13154602050781,37.23004150390625,28.571430206298828,15.000000953674316,14.285715103149414,5.263157844543457,0,0,0,0,2.040102243423462,8589934592,1073741824,5213339648,290652160
205,1771647825802,3504,3504,3504,3504,3504,3504,3504,3504,38.22406005859375,37.44087600708008,36.31505584716797,36.0242805480957,36.608734130859375,36.013526916503906,36.01531982421875,37.13154602050781,37.23004150390625,25,15.000000953674316,14.285715103149414,14.285715103149414,0,0,0,0,2.338641405105591,8589934592,1073741824,5213339648,290652160
202,1771647826008,3504,3504,3504,3504,3504,3504,3504,3504,38.22406005859375,37.44087600708008,36.31505584716797,36.0242805480957,36.608734130859375,36.013526916503906,36.01531982421875,37.13154602050781,37.23004150390625,30.000001907348633,14.285715103149414,14.285715103149414,5,0,0,0,0,2.338641405105591,8589934592,1073741824,5213372416,290652160
206,1771647826211,3504,3504,3504,3504,3504,3504,3504,3504,38.1798095703125,37.316497802734375,36.12799835205078,35.934486389160156,36.51484298706055,35.95481872558594,35.92515182495117,37.03353500366211,37.16204833984375,30.000001907348633,15.789472579956055,15.000000953674316,23.809524536132813,0,0,0,0,2.338641405105591,8589934592,1073741824,5214830592,290652160
209,1771647826419,3504,3504,3504,3504,3504,3504,3504,3504,38.1798095703125,37.316497802734375,36.12799835205078,35.934486389160156,36.51484298706055,35.95481872558594,35.92515182495117,37.03353500366211,37.16204833984375,23.809524536132813,19.047618865966797,20,10,0,0,0,0,2.338641405105591,8589934592,1073741824,5214830592,290652160
205,1771647826629,3504,3504,3504,3504,3504,3504,3504,3504,38.1798095703125,37.316497802734375,36.12799835205078,35.934486389160156,36.51484298706055,35.95481872558594,35.92515182495117,37.03353500366211,37.16204833984375,23.809524536132813,14.285715103149414,14.285715103149414,13.636363983154297,0,0,0,0,2.338641405105591,8589934592,1073741824,5214830592,290652160
203,1771647826836,3504,3504,3504,3504,3504,3504,3504,3504,38.1798095703125,37.316497802734375,36.12799835205078,35.934486389160156,36.51484298706055,35.95481872558594,35.92515182495117,37.03353500366211,37.16204833984375,14.285715103149414,23.809524536132813,20,10,0,0,0,0,2.260136365890503,8589934592,1073741824,5214830592,290652160
209,1771647827039,3504,3504,3504,3504,3504,3504,3504,3504,38.1798095703125,37.316497802734375,36.12799835205078,35.934486389160156,36.51484298706055,35.95481872558594,35.92515182495117,37.03353500366211,37.16204833984375,15.000000953674316,15.789472579956055,19.047618865966797,9.523809432983398,0,0,0,0,2.260136365890503,8589934592,1073741824,5214830592,290652160
209,1771647827250,3504,3504,3504,3504,3504,3504,3504,3504,38.16935729980469,37.24277877807617,36.13270568847656,35.891788482666016,36.40446853637695,35.925254821777344,35.90025329589844,36.98564910888672,37.075801849365234,9.523809432983398,22.72727394104004,19.047618865966797,5.263157844543457,0,0,0,0,2.260136365890503,8589934592,1073741824,5214846976,290652160
208,1771647827460,3504,3504,3504,3504,3504,3504,3504,3504,38.16935729980469,37.24277877807617,36.13270568847656,35.891788482666016,36.40446853637695,35.925254821777344,35.90025329589844,36.98564910888672,37.075801849365234,18.18181800842285,19.047618865966797,23.809524536132813,13.043478012084961,0,0,0,0,2.260136365890503,8589934592,1073741824,5214846976,290652160
8,1771647827669,3504,3504,3504,3504,3504,3504,3504,3504,38.16935729980469,37.24277877807617,36.13270568847656,35.891788482666016,36.40446853637695,35.925254821777344,35.90025329589844,36.98564910888672,37.075801849365234,20,25,25,15.000000953674316,38.095237731933594,0,0,0,2.0046372413635254,8589934592,1073741824,5218254848,290652160
