Delta,Time,CPU_FREQUENCY_0,CPU_FREQUENCY_1,CPU_FREQUENCY_2,CPU_FREQUENCY_3,CPU_FREQUENCY_4,CPU_FREQUENCY_5,CPU_FREQUENCY_6,CPU_FREQUENCY_7,CPU_TEMP_0,CPU_TEMP_1,CPU_TEMP_2,CPU_TEMP_3,CPU_TEMP_4,CPU_TEMP_5,CPU_TEMP_6,CPU_TEMP_7,CPU_TEMP_8,CPU_USAGE_0,CPU_USAGE_1,CPU_USAGE_2,CPU_USAGE_3,CPU_USAGE_4,CPU_USAGE_5,CPU_USAGE_6,CPU_USAGE_7,SYSTEM_POWER (Watts),TOTAL_MEMORY,TOTAL_SWAP,USED_MEMORY,USED_SWAP
0,1771638324587,3504,3504,3504,3504,3504,3504,3504,3504,47.00556182861328,46.63401412963867,45.26039123535156,45.116455078125,45.57015609741211,45.875213623046875,45.238914489746094,46.316192626953125,46.38541030883789,50,0,0,0,0,0,0,0,10.125665664672852,8589934592,1073741824,5322784768,307429376
201,1771638324588,3504,3504,3504,3504,3504,3504,3504,3504,47.00556182861328,46.63401412963867,45.26039123535156,45.116455078125,45.57015609741211,45.875213623046875,45.238914489746094,46.316192626953125,46.38541030883789,0,0,0,0,NaN,0,0,0,10.125665664672852,8589934592,1073741824,5322784768,307429376
204,1771638324789,3504,3504,3504,3504,3504,3504,3504,3504,47.00556182861328,46.63401412963867,45.26039123535156,45.116455078125,45.57015609741211,45.875213623046875,45.238914489746094,46.316192626953125,46.38541030883789,15.000000953674316,15.000000953674316,10,10,25,23.809524536132813,9.523809432983398,4.761904716491699,3.229996681213379,8589934592,1073741824,5322784768,307429376
204,1771638324994,3504,3504,3504,3504,3504,3504,3504,3504,47.00556182861328,46.63401412963867,45.26039123535156,45.116455078125,45.57015609741211,45.875213623046875,45.238914489746094,46.316192626953125,46.38541030883789,15.000000953674316,9.523809432983398,9.523809432983398,0,9.523809432983398,5,0,0,3.229996681213379,8589934592,1073741824,5322784768,307429376
203,1771638325199,3504,3504,3504,3504,3504,3504,3504,3504,47.01969909667969,46.4796142578125,45.05351257324219,44.93421173095703,44.625789642333984,44.86100769042969,44.263893127441406,45.45198440551758,45.47993469238281,23.809524536132813,9.523809432983398,5.263157844543457,4.761904716491699,10,0,4.545454502105713,0,3.229996681213379,8589934592,1073741824,5332811776,307429376
202,1771638325404,3504,3504,3504,3504,3504,3504,3504,3504,47.01969909667969,46.4796142578125,45.05351257324219,44.93421173095703,44.625789642333984,44.86100769042969,44.263893127441406,45.45198440551758,45.47993469238281,26.3157901763916,11.111111640930176,14.285715103149414,10,0,0,0,0,3.229996681213379,8589934592,1073741824,5331845120,307429376
204,1771638325607,3504,3504,3504,3504,3504,3504,3504,3504,47.01969909667969,46.4796142578125,45.05351257324219,44.93421173095703,44.625789642333984,44.86100769042969,44.263893127441406,45.45198440551758,45.47993469238281,28.571430206298828,14.285715103149414,10,9.523809432983398,0,0,0,0,3.229996681213379,8589934592,1073741824,5329862656,307429376
204,1771638325812,3504,3504,3504,3504,3504,3504,3504,3504,47.01969909667969,46.4796142578125,45.05351257324219,44.93421173095703,44.625789642333984,44.86100769042969,44.263893127441406,45.45198440551758,45.47993469238281,25,14.285715103149414,10,5,0,0,0,0,3.643122434616089,8589934592,1073741824,5329747968,307429376
200,1771638326017,3504,3504,3504,3504,3504,3504,3504,3504,47.01969909667969,46.4796142578125,45.05351257324219,44.93421173095703,44.625789642333984,44.86100769042969,44.263893127441406,45.45198440551758,45.47993469238281,33.333335876464844,23.809524536132813,14.285715103149414,10,0,0,0,0,3.643122434616089,8589934592,1073741824,5323800576,307429376
204,1771638326218,3504,3504,3504,3504,3504,3504,3504,3504,44.559486389160156,43.98070526123047,42.78645324707031,42.67009735107422,43.07115173339844,42.97376251220703,42.566917419433594,43.58216094970703,43.75676345825195,30.000001907348633,21.052631378173828,10,10,5,4.761904716491699,0,0,3.643122434616089,8589934592,1073741824,5086904320,307429376
204,1771638326423,3504,3504,3504,3504,3504,3504,3504,3504,44.559486389160156,43.98070526123047,42.78645324707031,42.67009735107422,43.07115173339844,42.97376251220703,42.566917419433594,43.58216094970703,43.75676345825195,20,19.047618865966797,23.809524536132813,10,0,0,0,0,3.643122434616089,8589934592,1073741824,5086658560,307429376
204,1771638326628,3504,3504,3504,3504,3504,3504,3504,3504,44.559486389160156,43.98070526123047,42.78645324707031,42.67009735107422,43.07115173339844,42.97376251220703,42.566917419433594,43.58216094970703,43.75676345825195,15.000000953674316,10,19.047618865966797,15.000000953674316,0,0,0,0,3.643122434616089,8589934592,1073741824,5082316800,307429376
204,1771638326833,3504,3504,3504,3504,3504,3504,3504,3504,44.559486389160156,43.98070526123047,42.78645324707031,42.67009735107422,43.07115173339844,42.97376251220703,42.566917419433594,43.58216094970703,43.75676345825195,38.095237731933594,42.85714340209961,31.57894515991211,28.571430206298828,0,0,0,0,3.543534517288208,8589934592,1073741824,5085790208,307429376
204,1771638327038,3504,3504,3504,3504,3504,3504,3504,3504,44.559486389160156,43.98070526123047,42.78645324707031,42.67009735107422,43.07115173339844,42.97376251220703,42.566917419433594,43.58216094970703,43.75676345825195,19.047618865966797,15.000000953674316,15.000000953674316,9.523809432983398,4.761904716491699,4.761904716491699,0,0,3.543534517288208,8589934592,1073741824,5085790208,307429376
204,1771638327243,3504,3504,3504,3504,3504,3504,3504,3504,43.56671142578125,43.20711898803711,41.80714416503906,41.67682647705078,42.085113525390625,42.00740051269531,41.6468505859375,42.64540100097656,42.76551818847656,26.3157901763916,19.047618865966797,9.523809432983398,5,4.761904716491699,0,0,4.761904716491699,3.543534517288208,8589934592,1073741824,5082628096,307429376
204,1771638327448,3504,3504,3504,3504,3504,3504,3504,3504,43.56671142578125,43.20711898803711,41.80714416503906,41.67682647705078,42.085113525390625,42.00740051269531,41.6468505859375,42.64540100097656,42.76551818847656,28.571430206298828,15.789472579956055,14.285715103149414,9.523809432983398,0,0,0,0,3.543534517288208,8589934592,1073741824,5082906624,307429376
204,1771638327653,3504,3504,3504,3504,3504,3504,3504,3504,43.56671142578125,43.20711898803711,41.80714416503906,41.67682647705078,42.085113525390625,42.00740051269531,41.6468505859375,42.64540100097656,42.76551818847656,40,28.571430206298828,20,15.000000953674316,0,0,0,0,2.2687416076660156,8589934592,1073741824,5084839936,307429376
204,1771638327858,3504,3504,3504,3504,3504,3504,3504,3504,43.56671142578125,43.20711898803711,41.80714416503906,41.67682647705078,42.085113525390625,42.00740051269531,41.6468505859375,42.64540100097656,42.76551818847656,33.333335876464844,15.000000953674316,15.000000953674316,10,0,0,0,0,2.2687416076660156,8589934592,1073741824,5085036544,307429376
204,1771638328063,3504,3504,3504,3504,3504,3504,3504,3504,43.56671142578125,43.20711898803711,41.80714416503906,41.67682647705078,42.085113525390625,42.00740051269531,41.6468505859375,42.64540100097656,42.76551818847656,15.000000953674316,14.285715103149414,20,9.523809432983398,0,0,0,0,2.2687416076660156,8589934592,1073741824,5085085696,307429376
204,1771638328268,3504,3504,3504,3504,3504,3504,3504,3504,42.81481170654297,42.324249267578125,40.98285675048828,40.852561950683594,41.14750289916992,40.99946594238281,40.83110046386719,41.87596130371094,41.95350646972656,20,15.000000953674316,22.72727394104004,10,0,0,0,0,2.2687416076660156,8589934592,1073741824,5085118464,307429376
204,1771638328473,3504,3504,3504,3504,3504,3504,3504,3504,42.81481170654297,42.324249267578125,40.98285675048828,40.852561950683594,41.14750289916992,40.99946594238281,40.83110046386719,41.87596130371094,41.95350646972656,28.571430206298828,15.000000953674316,10.526315689086914,5,0,0,0,0,2.2687416076660156,8589934592,1073741824,5085151232,307429376
201,1771638328678,3504,3504,3504,3504,3504,3504,3504,3504,42.81481170654297,42.324249267578125,40.98285675048828,40.852561950683594,41.14750289916992,40.99946594238281,40.83110046386719,41.87596130371094,41.95350646972656,20,10,14.285715103149414,9.523809432983398,0,0,0,0,2.420116662979126,8589934592,1073741824,5085151232,307429376
200,1771638328880,3504,3504,3504,3504,3504,3504,3504,3504,42.81481170654297,42.324249267578125,40.98285675048828,40.852561950683594,41.14750289916992,40.99946594238281,40.83110046386719,41.87596130371094,41.95350646972656,35,28.571430206298828,15.000000953674316,10,0,0,0,0,2.420116662979126,8589934592,1073741824,5085495296,307429376
204,1771638329081,3504,3504,3504,3504,3504,3504,3504,3504,42.81481170654297,42.324249267578125,40.98285675048828,40.852561950683594,41.14750289916992,40.99946594238281,40.83110046386719,41.87596130371094,41.95350646972656,25,35,10.526315689086914,10,25,0,0,0,2.420116662979126,8589934592,1073741824,5085495296,307429376
203,1771638329286,3504,3504,3504,3504,3504,3504,3504,3504,42.24081039428711,41.55399703979492,40.42779541015625,40.34375,40.56884765625,40.36497497558594,40.25743865966797,41.213165283203125,41.32908248901367,23.809524536132813,25,22.72727394104004,19.047618865966797,4.761904716491699,4.761904716491699,0,0,2.420116662979126,8589934592,1073741824,5083283456,307429376
204,1771638329489,3504,3504,3504,3504,3504,3504,3504,3504,42.24081039428711,41.55399703979492,40.42779541015625,40.34375,40.56884765625,40.36497497558594,40.25743865966797,41.213165283203125,41.32908248901367,25,10,10.526315689086914,5.263157844543457,0,0,0,0,2.420116662979126,8589934592,1073741824,5083316224,307429376
203,1771638329694,3504,3504,3504,3504,3504,3504,3504,3504,42.24081039428711,41.55399703979492,40.42779541015625,40.34375,40.56884765625,40.36497497558594,40.25743865966797,41.213165283203125,41.32908248901367,15.000000953674316,14.285715103149414,15.000000953674316,9.523809432983398,0,0,0,0,2.5969045162200928,8589934592,1073741824,5083316224,307429376
204,1771638329898,3504,3504,3504,3504,3504,3504,3504,3504,42.24081039428711,41.55399703979492,40.42779541015625,40.34375,40.56884765625,40.36497497558594,40.25743865966797,41.213165283203125,41.32908248901367,25,15.000000953674316,22.72727394104004,9.523809432983398,0,0,0,0,2.5969045162200928,8589934592,1073741824,5083316224,307429376
204,1771638330103,3504,3504,3504,3504,3504,3504,3504,3504,42.24081039428711,41.55399703979492,40.42779541015625,40.34375,40.56884765625,40.36497497558594,40.25743865966797,41.213165283203125,41.32908248901367,20,10,21.052631378173828,15.000000953674316,4.761904716491699,0,0,0,2.5969045162200928,8589934592,1073741824,5083316224,307429376
204,1771638330308,3504,3504,3504,3504,3504,3504,3504,3504,41.80350112915039,40.792816162109375,39.746192932128906,39.674095153808594,40.03248977661133,39.78673553466797,39.69720458984375,40.67707443237305,40.771934509277344,19.047618865966797,20,15.000000953674316,9.523809432983398,0,0,0,4.545454502105713,2.5969045162200928,8589934592,1073741824,5083250688,307429376
200,1771638330513,3504,3504,3504,3504,3504,3504,3504,3504,41.80350112915039,40.792816162109375,39.746192932128906,39.674095153808594,40.03248977661133,39.78673553466797,39.69720458984375,40.67707443237305,40.771934509277344,9.523809432983398,22.72727394104004,19.047618865966797,5,0,0,0,0,2.5969045162200928,8589934592,1073741824,5083054080,307429376
204,1771638330714,3504,3504,3504,3504,3504,3504,3504,3504,41.80350112915039,40.792816162109375,39.746192932128906,39.674095153808594,40.03248977661133,39.78673553466797,39.69720458984375,40.67707443237305,40.771934509277344,15.789472579956055,15.789472579956055,15.000000953674316,10,0,0,0,0,2.082890272140503,8589934592,1073741824,5083054080,307429376
204,1771638330919,3504,3504,3504,3504,3504,3504,3504,3504,41.80350112915039,40.792816162109375,39.746192932128906,39.674095153808594,40.03248977661133,39.78673553466797,39.69720458984375,40.67707443237305,40.771934509277344,19.047618865966797,20,20,10,0,0,0,0,2.082890272140503,8589934592,1073741824,5083054080,307429376
199,1771638331123,3504,3504,3504,3504,3504,3504,3504,3504,41.80350112915039,40.792816162109375,39.746192932128906,39.674095153808594,40.03248977661133,39.78673553466797,39.69720458984375,40.67707443237305,40.771934509277344,20,15.000000953674316,19.047618865966797,9.523809432983398,0,0,0,0,2.082890272140503,8589934592,1073741824,5083054080,307429376
204,1771638331323,3504,3504,3504,3504,3504,3504,3504,3504,41.27093505859375,40.363922119140625,39.20275115966797,39.155296325683594,39.446563720703125,39.24395751953125,39.059837341308594,40.10101318359375,40.19044876098633,20,20,15.789472579956055,5.263157844543457,0,0,0,0,2.082890272140503,8589934592,1073741824,5083807744,307429376
201,1771638331529,3504,3504,3504,3504,3504,3504,3504,3504,41.27093505859375,40.363922119140625,39.20275115966797,39.155296325683594,39.446563720703125,39.24395751953125,39.059837341308594,40.10101318359375,40.19044876098633,19.047618865966797,25,28.571430206298828,14.285715103149414,4.761904716491699,4.761904716491699,4.761904716491699,0,2.082890272140503,8589934592,1073741824,5088133120,307429376
204,1771638331731,3504,3504,3504,3504,3504,3504,3504,3504,41.27093505859375,40.363922119140625,39.20275115966797,39.155296325683594,39.446563720703125,39.24395751953125,39.059837341308594,40.10101318359375,40.19044876098633,20,19.047618865966797,14.285715103149414,15.000000953674316,0,0,0,0,2.6094484329223633,8589934592,1073741824,5088133120,307429376
204,1771638331936,3504,3504,3504,3504,3504,3504,3504,3504,41.27093505859375,40.363922119140625,39.20275115966797,39.155296325683594,39.446563720703125,39.24395751953125,39.059837341308594,40.10101318359375,40.19044876098633,26.3157901763916,15.000000953674316,10.526315689086914,19.047618865966797,0,0,0,0,2.6094484329223633,8589934592,1073741824,5088477184,307429376
204,1771638332141,3504,3504,3504,3504,3504,3504,3504,3504,41.27093505859375,40.363922119140625,38.761253356933594,38.72651672363281,39.00116729736328,38.733367919921875,38.669715881347656,39.6908073425293,39.77798843383789,28.571430206298828,15.000000953674316,14.285715103149414,15.000000953674316,0,0,0,0,2.6094484329223633,8589934592,1073741824,5088198656,307429376
204,1771638332346,3504,3504,3504,3504,3504,3504,3504,3504,40.60591125488281,40.00112533569336,38.761253356933594,38.72651672363281,39.00116729736328,38.733367919921875,38.669715881347656,39.6908073425293,39.77798843383789,20,22.72727394104004,14.285715103149414,5,0,0,0,0,2.6094484329223633,8589934592,1073741824,5088100352,307429376
204,1771638332551,3504,3504,3504,3504,3504,3504,3504,3504,40.60591125488281,40.00112533569336,38.761253356933594,38.72651672363281,39.00116729736328,38.733367919921875,38.669715881347656,39.6908073425293,39.77798843383789,25,21.052631378173828,10,5,0,0,0,0,2.6094484329223633,8589934592,1073741824,5088100352,307429376
201,1771638332756,3504,3504,3504,3504,3504,3504,3504,3504,40.60591125488281,40.00112533569336,38.761253356933594,38.72651672363281,39.00116729736328,38.733367919921875,38.669715881347656,39.6908073425293,39.77798843383789,28.571430206298828,20,10,14.285715103149414,0,0,0,0,2.3343887329101563,8589934592,1073741824,5088165888,307429376
204,1771638332957,3504,3504,3504,3504,3504,3504,3504,3504,40.60591125488281,40.00112533569336,38.761253356933594,38.72651672363281,39.00116729736328,38.733367919921875,38.669715881347656,39.6908073425293,39.77798843383789,25,19.047618865966797,15.000000953674316,5,0,0,0,0,2.3343887329101563,8589934592,1073741824,5088002048,307429376
200,1771638333162,3504,3504,3504,3504,3504,3504,3504,3504,40.01218032836914,39.61343765258789,38.28782653808594,38.23567199707031,38.59107971191406,38.20701599121094,38.26091766357422,39.25983428955078,39.338871002197266,23.809524536132813,20,14.285715103149414,19.047618865966797,0,0,0,0,2.3343887329101563,8589934592,1073741824,5088002048,307429376
199,1771638333364,3504,3504,3504,3504,3504,3504,3504,3504,40.01218032836914,39.61343765258789,38.28782653808594,38.23567199707031,38.59107971191406,38.20701599121094,38.26091766357422,39.25983428955078,39.338871002197266,20,15.000000953674316,9.523809432983398,5,0,0,0,0,2.3343887329101563,8589934592,1073741824,5088002048,307429376
204,1771638333564,3504,3504,3504,3504,3504,3504,3504,3504,40.01218032836914,39.61343765258789,38.28782653808594,38.23567199707031,38.59107971191406,38.20701599121094,38.26091766357422,39.25983428955078,39.338871002197266,15.000000953674316,28.571430206298828,5.555555820465088,5,0,0,0,0,2.3343887329101563,8589934592,1073741824,5087756288,307429376
204,1771638333769,3504,3504,3504,3504,3504,3504,3504,3504,40.01218032836914,39.61343765258789,38.28782653808594,38.23567199707031,38.59107971191406,38.20701599121094,38.26091766357422,39.25983428955078,39.338871002197266,15.000000953674316,26.3157901763916,14.285715103149414,10,0,0,0,0,2.0455758571624756,8589934592,1073741824,5087789056,307429376
204,1771638333974,3504,3504,3504,3504,3504,3504,3504,3504,40.01218032836914,39.61343765258789,38.28782653808594,38.23567199707031,38.59107971191406,38.20701599121094,38.26091766357422,39.25983428955078,39.338871002197266,15.000000953674316,33.333335876464844,14.285715103149414,9.523809432983398,0,0,0,0,2.0455758571624756,8589934592,1073741824,5087789056,307429376
200,1771638334179,3504,3504,3504,3504,3504,3504,3504,3504,39.787498474121094,39.32716369628906,37.93882751464844,37.84772491455078,38.27585983276367,37.801605224609375,37.90443420410156,38.89899826049805,39.012168884277344,15.000000953674316,25,5.263157844543457,5,9.523809432983398,0,5,0,2.0455758571624756,8589934592,1073741824,5087789056,307429376
201,1771638334379,3504,3504,3504,3504,3504,3504,3504,3504,39.787498474121094,39.32716369628906,37.93882751464844,37.84772491455078,38.27585983276367,37.801605224609375,37.90443420410156,38.89899826049805,39.012168884277344,15.000000953674316,15.000000953674316,10,5.263157844543457,0,5,4.761904716491699,5,2.0455758571624756,8589934592,1073741824,5080563712,307429376
201,1771638334582,3504,3504,3504,3504,3504,3504,3504,3504,39.787498474121094,39.32716369628906,37.93882751464844,37.84772491455078,38.27585983276367,37.801605224609375,37.90443420410156,38.89899826049805,39.012168884277344,19.047618865966797,25,14.285715103149414,9.523809432983398,0,0,0,0,2.0455758571624756,8589934592,1073741824,5080449024,307429376
203,1771638334783,3504,3504,3504,3504,3504,3504,3504,3504,39.787498474121094,39.32716369628906,37.93882751464844,37.84772491455078,38.27585983276367,37.801605224609375,37.90443420410156,38.89899826049805,39.012168884277344,15.789472579956055,28.571430206298828,15.000000953674316,15.000000953674316,4.761904716491699,0,0,0,2.494354248046875,8589934592,1073741824,5079678976,307429376
204,1771638334987,3504,3504,3504,3504,3504,3504,3504,3504,39.787498474121094,39.32716369628906,37.93882751464844,37.84772491455078,38.27585983276367,37.801605224609375,37.90443420410156,38.89899826049805,39.012168884277344,19.047618865966797,21.052631378173828,10,9.523809432983398,0,0,0,0,2.494354248046875,8589934592,1073741824,5079695360,307429376
204,1771638335192,3504,3504,3504,3504,3504,3504,3504,3504,39.701656341552734,39.08939743041992,37.75640106201172,37.57771301269531,37.97703552246094,37.498809814453125,37.682579040527344,38.67490005493164,38.7138786315918,14.285715103149414,22.72727394104004,9.523809432983398,5.263157844543457,0,4.761904716491699,0,0,2.494354248046875,8589934592,1073741824,5079810048,307429376
199,1771638335397,3504,3504,3504,3504,3504,3504,3504,3504,39.701656341552734,39.08939743041992,37.75640106201172,37.57771301269531,37.97703552246094,37.498809814453125,37.682579040527344,38.67490005493164,38.7138786315918,30.000001907348633,20,15.000000953674316,22.72727394104004,4.761904716491699,9.090909004211426,0,0,2.494354248046875,8589934592,1073741824,5084200960,307429376
204,1771638335597,3504,3504,3504,3504,3504,3504,3504,3504,39.701656341552734,39.08939743041992,37.75640106201172,37.57771301269531,37.97703552246094,37.498809814453125,37.682579040527344,38.67490005493164,38.7138786315918,15.000000953674316,15.789472579956055,10.526315689086914,5.263157844543457,0,0,0,0,2.494354248046875,8589934592,1073741824,5084233728,307429376
204,1771638335802,3504,3504,3504,3504,3504,3504,3504,3504,39.701656341552734,39.08939743041992,37.75640106201172,37.57771301269531,37.97703552246094,37.498809814453125,37.682579040527344,38.67490005493164,38.7138786315918,15.000000953674316,25,19.047618865966797,15.000000953674316,5,5,4.761904716491699,0,2.3345746994018555,8589934592,1073741824,5084233728,307429376
204,1771638336007,3504,3504,3504,3504,3504,3504,3504,3504,39.701656341552734,39.08939743041992,37.75640106201172,37.57771301269531,37.97703552246094,37.498809814453125,37.682579040527344,38.67490005493164,38.7138786315918,20,14.285715103149414,9.523809432983398,19.047618865966797,0,0,0,0,2.3345746994018555,8589934592,1073741824,5084233728,307429376
201,1771638336212,3504,3504,3504,3504,3504,3504,3504,3504,39.396949768066406,38.77785110473633,37.44329833984375,37.377655029296875,37.70806121826172,37.14568328857422,37.38661193847656,38.37415313720703,38.43606948852539,33.333335876464844,40,35,35,0,0,0,0,2.3345746994018555,8589934592,1073741824,5084233728,307429376
203,1771638336414,3504,3504,3504,3504,3504,3504,3504,3504,39.396949768066406,38.77785110473633,37.44329833984375,37.377655029296875,37.70806121826172,37.14568328857422,37.38661193847656,38.37415313720703,38.43606948852539,21.052631378173828,20,10,9.523809432983398,0,0,0,0,2.3345746994018555,8589934592,1073741824,5096013824,307429376
203,1771638336618,3504,3504,3504,3504,3504,3504,3504,3504,39.396949768066406,38.77785110473633,37.44329833984375,37.377655029296875,37.70806121826172,37.14568328857422,37.38661193847656,38.37415313720703,38.43606948852539,15.000000953674316,23.809524536132813,10,5.263157844543457,4.545454502105713,0,0,0,2.3345746994018555,8589934592,1073741824,5095784448,307429376
200,1771638336822,3504,3504,3504,3504,3504,3504,3504,3504,39.396949768066406,38.77785110473633,37.44329833984375,37.377655029296875,37.70806121826172,37.14568328857422,37.38661193847656,38.37415313720703,38.43606948852539,23.809524536132813,20,15.000000953674316,9.523809432983398,0,0,0,0,2.4347879886627197,8589934592,1073741824,5096243200,307429376
200,1771638337023,3504,3504,3504,3504,3504,3504,3504,3504,39.396949768066406,38.77785110473633,37.44329833984375,37.377655029296875,37.70806121826172,37.14568328857422,37.38661193847656,38.37415313720703,38.43606948852539,15.000000953674316,20,25,10,0,0,0,0,2.4347879886627197,8589934592,1073741824,5095276544,307429376
204,1771638337223,3504,3504,3504,3504,3504,3504,3504,3504,39.045475006103516,38.4067268371582,37.07502365112305,37.061771392822266,37.34733963012695,36.77568817138672,37.10527801513672,38.07109832763672,38.162513732910156,30.000001907348633,25,33.333335876464844,38.095237731933594,10,15.000000953674316,0,5,2.4347879886627197,8589934592,1073741824,5101617152,307429376
201,1771638337429,3504,3504,3504,3504,3504,3504,3504,3504,39.045475006103516,38.4067268371582,37.07502365112305,37.061771392822266,37.34733963012695,36.77568817138672,37.10527801513672,38.07109832763672,38.162513732910156,19.047618865966797,10,15.000000953674316,10,9.523809432983398,0,4.761904716491699,0,2.4347879886627197,8589934592,1073741824,5102764032,307429376
204,1771638337630,3504,3504,3504,3504,3504,3504,3504,3504,39.045475006103516,38.4067268371582,37.07502365112305,37.061771392822266,37.34733963012695,36.77568817138672,37.10527801513672,38.07109832763672,38.162513732910156,26.3157901763916,30.000001907348633,25,10.526315689086914,5.263157844543457,10,5.263157844543457,14.285715103149414,2.4347879886627197,8589934592,1073741824,5103910912,307429376
199,1771638337835,3504,3504,3504,3504,3504,3504,3504,3504,39.045475006103516,38.4067268371582,37.07502365112305,37.061771392822266,37.34733963012695,36.77568817138672,37.10527801513672,38.07109832763672,38.162513732910156,14.285715103149414,19.047618865966797,14.285715103149414,9.523809432983398,14.285715103149414,14.285715103149414,18.18181800842285,10,2.682577610015869,8589934592,1073741824,5050056704,307429376
204,1771638338035,3504,3504,3504,3504,3504,3504,3504,3504,39.045475006103516,38.4067268371582,37.07502365112305,37.061771392822266,37.34733963012695,36.77568817138672,37.10527801513672,38.07109832763672,38.162513732910156,20,15.000000953674316,20,10,0,0,0,0,2.682577610015869,8589934592,1073741824,5051006976,307429376
200,1771638338241,3504,3504,3504,3504,3504,3504,3504,3504,39.5644416809082,38.89591979980469,37.48738098144531,37.47956085205078,37.57326126098633,37.255523681640625,37.48279571533203,38.59251403808594,38.665096282958984,20,10,15.000000953674316,5,0,0,0,0,2.682577610015869,8589934592,1073741824,5051006976,307429376
203,1771638338441,3504,3504,3504,3504,3504,3504,3504,3504,39.5644416809082,38.89591979980469,37.48738098144531,37.47956085205078,37.57326126098633,37.255523681640625,37.48279571533203,38.59251403808594,38.665096282958984,25,30.000001907348633,25,20,15.789472579956055,15.789472579956055,15.000000953674316,15.000000953674316,2.682577610015869,8589934592,1073741824,5050499072,307429376
204,1771638338646,3504,3504,3504,3504,3504,3504,3504,3504,39.5644416809082,38.89591979980469,37.48738098144531,37.47956085205078,37.57326126098633,37.255523681640625,37.48279571533203,38.59251403808594,38.665096282958984,10,15.000000953674316,19.047618865966797,9.523809432983398,0,0,0,0,2.047206163406372,8589934592,1073741824,5050531840,307429376
204,1771638338850,3504,3504,3504,3504,3504,3504,3504,3504,39.5644416809082,38.89591979980469,37.48738098144531,37.47956085205078,37.57326126098633,37.255523681640625,37.48279571533203,38.59251403808594,38.665096282958984,15.000000953674316,23.809524536132813,21.052631378173828,10,0,0,0,0,2.047206163406372,8589934592,1073741824,5050597376,307429376
204,1771638339055,3504,3504,3504,3504,3504,3504,3504,3504,39.5644416809082,38.89591979980469,37.48738098144531,37.47956085205078,37.57326126098633,37.255523681640625,37.48279571533203,38.59251403808594,38.665096282958984,25,25,33.333335876464844,10,28.571430206298828,0,0,0,2.047206163406372,8589934592,1073741824,5052153856,307429376
203,1771638339260,3504,3504,3504,3504,3504,3504,3504,3504,39.33925247192383,38.76069641113281,37.369110107421875,37.27293395996094,37.412357330322266,36.943214416503906,37.208091735839844,38.29191207885742,38.3936653137207,19.047618865966797,20,14.285715103149414,9.523809432983398,0,0,0,0,2.047206163406372,8589934592,1073741824,5052153856,307429376
199,1771638339465,3504,3504,3504,3504,3504,3504,3504,3504,39.33925247192383,38.76069641113281,37.369110107421875,37.27293395996094,37.412357330322266,36.943214416503906,37.208091735839844,38.29191207885742,38.3936653137207,23.809524536132813,23.809524536132813,10.526315689086914,10,0,0,0,0,2.047206163406372,8589934592,1073741824,5052170240,307429376
204,1771638339665,3504,3504,3504,3504,3504,3504,3504,3504,39.33925247192383,38.76069641113281,37.369110107421875,37.27293395996094,37.412357330322266,36.943214416503906,37.208091735839844,38.29191207885742,38.3936653137207,20,15.000000953674316,10,9.523809432983398,9.523809432983398,10,0,0,3.2090489864349365,8589934592,1073741824,5055725568,307429376
204,1771638339870,3504,3504,3504,3504,3504,3504,3504,3504,39.33925247192383,38.76069641113281,37.369110107421875,37.27293395996094,37.412357330322266,36.943214416503906,37.208091735839844,38.29191207885742,38.3936653137207,26.3157901763916,15.000000953674316,9.523809432983398,5,0,0,0,0,3.2090489864349365,8589934592,1073741824,5055741952,307429376
204,1771638340075,3504,3504,3504,3504,3504,3504,3504,3504,39.33925247192383,38.76069641113281,37.369110107421875,37.27293395996094,37.412357330322266,36.943214416503906,37.208091735839844,38.29191207885742,38.3936653137207,23.809524536132813,14.285715103149414,5.263157844543457,9.523809432983398,0,0,4.761904716491699,0,3.2090489864349365,8589934592,1073741824,5055741952,307429376
202,1771638340280,3504,3504,3504,3504,3504,3504,3504,3504,38.66737747192383,37.954952239990234,36.72642135620117,36.61688995361328,36.926578521728516,36.32421112060547,36.525909423828125,37.62294387817383,37.71302795410156,25,20,9.523809432983398,5,0,0,0,0,3.2090489864349365,8589934592,1073741824,5055741952,307429376
203,1771638340483,3504,3504,3504,3504,3504,3504,3504,3504,38.66737747192383,37.954952239990234,36.72642135620117,36.61688995361328,36.926578521728516,36.32421112060547,36.525909423828125,37.62294387817383,37.71302795410156,25,25,19.047618865966797,10.526315689086914,0,0,0,0,3.2090489864349365,8589934592,1073741824,5056495616,307429376
200,1771638340687,3504,3504,3504,3504,3504,3504,3504,3504,38.66737747192383,37.954952239990234,36.72642135620117,36.61688995361328,36.926578521728516,36.32421112060547,36.525909423828125,37.62294387817383,37.71302795410156,23.809524536132813,23.809524536132813,20,14.285715103149414,5,4.761904716491699,0,0,2.6470820903778076,8589934592,1073741824,5057363968,307429376
199,1771638340888,3504,3504,3504,3504,3504,3504,3504,3504,38.66737747192383,37.954952239990234,36.72642135620117,36.61688995361328,36.926578521728516,36.32421112060547,36.525909423828125,37.62294387817383,37.71302795410156,10.526315689086914,15.000000953674316,15.789472579956055,20,0,0,0,0,2.6470820903778076,8589934592,1073741824,5057593344,307429376
204,1771638341088,3504,3504,3504,3504,3504,3504,3504,3504,38.66737747192383,37.954952239990234,36.72642135620117,36.61688995361328,36.926578521728516,36.32421112060547,36.525909423828125,37.62294387817383,37.71302795410156,15.000000953674316,10.526315689086914,23.809524536132813,20,0,0,0,0,2.6470820903778076,8589934592,1073741824,5057593344,307429376
204,1771638341293,3504,3504,3504,3504,3504,3504,3504,3504,38.272125244140625,37.609561920166016,36.37965393066406,36.27151870727539,36.72343063354492,36.11742401123047,36.229278564453125,37.32636642456055,37.38530349731445,14.285715103149414,10,15.000000953674316,10,0,0,0,0,2.6470820903778076,8589934592,1073741824,5057724416,307429376
204,1771638341498,3504,3504,3504,3504,3504,3504,3504,3504,38.272125244140625,37.609561920166016,36.37965393066406,36.27151870727539,36.72343063354492,36.11742401123047,36.229278564453125,37.32636642456055,37.38530349731445,15.000000953674316,19.047618865966797,20,14.285715103149414,0,0,0,0,2.6470820903778076,8589934592,1073741824,5057691648,307429376
204,1771638341703,3504,3504,3504,3504,3504,3504,3504,3504,38.272125244140625,37.609561920166016,36.37965393066406,36.27151870727539,36.72343063354492,36.11742401123047,36.229278564453125,37.32636642456055,37.38530349731445,14.285715103149414,15.000000953674316,19.047618865966797,5,0,0,0,0,2.422043561935425,8589934592,1073741824,5057691648,307429376
203,1771638341908,3504,3504,3504,3504,3504,3504,3504,3504,38.272125244140625,37.609561920166016,36.37965393066406,36.27151870727539,36.72343063354492,36.11742401123047,36.229278564453125,37.32636642456055,37.38530349731445,15.000000953674316,25,10,10,0,0,0,0,2.422043561935425,8589934592,1073741824,5057691648,307429376
204,1771638342112,3504,3504,3504,3504,3504,3504,3504,3504,38.272125244140625,37.609561920166016,36.37965393066406,36.27151870727539,36.72343063354492,36.11742401123047,36.229278564453125,37.32636642456055,37.38530349731445,20,20,9.523809432983398,19.047618865966797,0,0,0,0,2.422043561935425,8589934592,1073741824,5057675264,307429376
203,1771638342317,3504,3504,3504,3504,3504,3504,3504,3504,38.14707565307617,37.31924819946289,36.07830810546875,36.00587844848633,36.36054229736328,35.900108337402344,35.91816711425781,37.0289306640625,37.13760757446289,19.047618865966797,23.809524536132813,14.285715103149414,5,0,0,0,0,2.422043561935425,8589934592,1073741824,5057183744,307429376
204,1771638342521,3504,3504,3504,3504,3504,3504,3504,3504,38.14707565307617,37.31924819946289,36.07830810546875,36.00587844848633,36.36054229736328,35.900108337402344,35.91816711425781,37.0289306640625,37.13760757446289,15.000000953674316,19.047618865966797,15.789472579956055,9.523809432983398,0,0,0,0,2.422043561935425,8589934592,1073741824,5057118208,307429376
202,1771638342726,3504,3504,3504,3504,3504,3504,3504,3504,38.14707565307617,37.31924819946289,36.07830810546875,36.00587844848633,36.36054229736328,35.900108337402344,35.91816711425781,37.0289306640625,37.13760757446289,20,10,23.809524536132813,10,0,0,0,0,2.4606704711914063,8589934592,1073741824,5057216512,307429376
204,1771638342929,3504,3504,3504,3504,3504,3504,3504,3504,38.14707565307617,37.31924819946289,36.07830810546875,36.00587844848633,36.36054229736328,35.900108337402344,35.91816711425781,37.0289306640625,37.13760757446289,19.047618865966797,10,20,9.523809432983398,0,0,0,0,2.4606704711914063,8589934592,1073741824,5057445888,307429376
204,1771638343134,3504,3504,3504,3504,3504,3504,3504,3504,38.14707565307617,37.31924819946289,36.07830810546875,36.00587844848633,36.36054229736328,35.900108337402344,35.91816711425781,37.0289306640625,37.13760757446289,20,15.000000953674316,19.047618865966797,10,0,0,0,0,2.4606704711914063,8589934592,1073741824,5057626112,307429376
199,1771638343339,3504,3504,3504,3504,3504,3504,3504,3504,38.04945373535156,37.04936218261719,35.85321807861328,35.84098434448242,36.176963806152344,35.723854064941406,35.81389236450195,36.81515121459961,36.92116165161133,15.000000953674316,20,15.000000953674316,0,0,0,0,0,2.4606704711914063,8589934592,1073741824,5057642496,307429376
201,1771638343539,3504,3504,3504,3504,3504,3504,3504,3504,38.04945373535156,37.04936218261719,35.85321807861328,35.84098434448242,36.176963806152344,35.723854064941406,35.81389236450195,36.81515121459961,36.92116165161133,15.000000953674316,19.047618865966797,20,10,0,0,0,0,2.4606704711914063,8589934592,1073741824,5057642496,307429376
204,1771638343741,3504,3504,3504,3504,3504,3504,3504,3504,38.04945373535156,37.04936218261719,35.85321807861328,35.84098434448242,36.176963806152344,35.723854064941406,35.81389236450195,36.81515121459961,36.92116165161133,25,10,15.000000953674316,5,0,0,0,0,2.1093268394470215,8589934592,1073741824,5057691648,307429376
200,1771638343946,3504,3504,3504,3504,3504,3504,3504,3504,38.04945373535156,37.04936218261719,35.85321807861328,35.84098434448242,36.176963806152344,35.723854064941406,35.81389236450195,36.81515121459961,36.92116165161133,23.809524536132813,15.000000953674316,20,14.285715103149414,0,0,0,0,2.1093268394470215,8589934592,1073741824,5057691648,307429376
204,1771638344147,3504,3504,3504,3504,3504,3504,3504,3504,37.84339141845703,36.79418182373047,35.67308807373047,35.645721435546875,35.976287841796875,35.59956359863281,35.791969299316406,36.61992263793945,36.788997650146484,15.789472579956055,10.526315689086914,15.000000953674316,5,0,0,0,4.761904716491699,2.1093268394470215,8589934592,1073741824,5057691648,307429376
204,1771638344352,3504,3504,3504,3504,3504,3504,3504,3504,37.84339141845703,36.79418182373047,35.67308807373047,35.645721435546875,35.976287841796875,35.59956359863281,35.791969299316406,36.61992263793945,36.788997650146484,20,23.809524536132813,9.523809432983398,5,0,0,0,0,2.1093268394470215,8589934592,1073741824,5057691648,307429376
201,1771638344557,3504,3504,3504,3504,3504,3504,3504,3504,37.84339141845703,36.79418182373047,35.67308807373047,35.645721435546875,35.976287841796875,35.59956359863281,35.791969299316406,36.61992263793945,36.788997650146484,19.047618865966797,19.047618865966797,5,9.523809432983398,0,0,0,0,2.1093268394470215,8589934592,1073741824,5057183744,307429376
203,1771638344759,3504,3504,3504,3504,3504,3504,3504,3504,37.84339141845703,36.79418182373047,35.67308807373047,35.645721435546875,35.976287841796875,35.59956359863281,35.791969299316406,36.61992263793945,36.788997650146484,15.000000953674316,25,15.000000953674316,5,0,0,0,0,2.543067455291748,8589934592,1073741824,5057069056,307429376
201,1771638344963,3504,3504,3504,3504,3504,3504,3504,3504,37.84339141845703,36.79418182373047,35.67308807373047,35.645721435546875,35.976287841796875,35.59956359863281,35.791969299316406,36.61992263793945,36.788997650146484,20,14.285715103149414,15.000000953674316,10,0,0,0,0,2.543067455291748,8589934592,1073741824,5057069056,307429376
204,1771638345165,3504,3504,3504,3504,3504,3504,3504,3504,37.636863708496094,36.658355712890625,35.647796630859375,35.479827880859375,35.811588287353516,35.506919860839844,35.73427200317383,36.502262115478516,36.67854690551758,75,68.42105102539063,70,65,10,9.523809432983398,5,5.263157844543457,2.543067455291748,8589934592,1073741824,5059788800,307429376
204,1771638345370,3504,3504,3504,3504,3504,3504,3504,3504,37.636863708496094,36.658355712890625,35.647796630859375,35.479827880859375,35.811588287353516,35.506919860839844,35.73427200317383,36.502262115478516,36.67854690551758,71.42857360839844,61.904762268066406,66.66667175292969,55,14.285715103149414,5.263157844543457,5,4.761904716491699,2.543067455291748,8589934592,1073741824,5061410816,307429376
203,1771638345575,3504,3504,3504,3504,3504,3504,3504,3504,37.636863708496094,36.658355712890625,35.647796630859375,35.479827880859375,35.811588287353516,35.506919860839844,35.73427200317383,36.502262115478516,36.67854690551758,65,65,50,42.85714340209961,0,0,0,0,2.543067455291748,8589934592,1073741824,5061869568,307429376
200,1771638345779,3504,3504,3504,3504,3504,3504,3504,3504,37.636863708496094,36.658355712890625,35.647796630859375,35.479827880859375,35.811588287353516,35.506919860839844,35.73427200317383,36.502262115478516,36.67854690551758,55,40,23.809524536132813,20,10,14.285715103149414,4.761904716491699,0,2.034320831298828,8589934592,1073741824,5062066176,307429376
203,1771638345980,3504,3504,3504,3504,3504,3504,3504,3504,37.636863708496094,36.658355712890625,35.647796630859375,35.479827880859375,35.811588287353516,35.506919860839844,35.73427200317383,36.502262115478516,36.67854690551758,52.38095474243164,50,36.842105865478516,20,0,0,0,0,2.034320831298828,8589934592,1073741824,5062443008,307429376
202,1771638346185,3504,3504,3504,3504,3504,3504,3504,3504,37.91490173339844,37.0749626159668,35.902366638183594,35.811058044433594,36.13676834106445,35.70612335205078,35.82563018798828,36.785301208496094,36.88084411621094,40,33.333335876464844,38.095237731933594,28.571430206298828,0,0,0,0,2.034320831298828,8589934592,1073741824,5062443008,307429376
204,1771638346388,3504,3504,3504,3504,3504,3504,3504,3504,37.91490173339844,37.0749626159668,35.902366638183594,35.811058044433594,36.13676834106445,35.70612335205078,35.82563018798828,36.785301208496094,36.88084411621094,15.000000953674316,21.052631378173828,10,10,0,0,0,0,2.034320831298828,8589934592,1073741824,5062443008,307429376
202,1771638346593,3504,3504,3504,3504,3504,3504,3504,3504,37.91490173339844,37.0749626159668,35.902366638183594,35.811058044433594,36.13676834106445,35.70612335205078,35.82563018798828,36.785301208496094,36.88084411621094,20,14.285715103149414,10,20,0,0,0,0,2.034320831298828,8589934592,1073741824,5062803456,307429376
200,1771638346796,3504,3504,3504,3504,3504,3504,3504,3504,37.91490173339844,37.0749626159668,35.902366638183594,35.811058044433594,36.13676834106445,35.70612335205078,35.82563018798828,36.785301208496094,36.88084411621094,15.000000953674316,19.047618865966797,9.523809432983398,15.000000953674316,0,0,0,0,2.737297296524048,8589934592,1073741824,5062803456,307429376
204,1771638346997,3504,3504,3504,3504,3504,3504,3504,3504,37.91490173339844,37.0749626159668,35.902366638183594,35.811058044433594,36.13676834106445,35.70612335205078,35.82563018798828,36.785301208496094,36.88084411621094,25,5.555555820465088,10.526315689086914,19.047618865966797,0,0,0,0,2.737297296524048,8589934592,1073741824,5062770688,307429376
201,1771638347202,3504,3504,3504,3504,3504,3504,3504,3504,37.3984375,36.4935188293457,35.49256134033203,35.35603332519531,35.6577033996582,35.385032653808594,35.59285354614258,36.3814697265625,36.51517105102539,25,18.18181800842285,14.285715103149414,10,0,0,0,0,2.737297296524048,8589934592,1073741824,5062770688,307429376
204,1771638347404,3504,3504,3504,3504,3504,3504,3504,3504,37.3984375,36.4935188293457,35.49256134033203,35.35603332519531,35.6577033996582,35.385032653808594,35.59285354614258,36.3814697265625,36.51517105102539,23.809524536132813,10.526315689086914,20,10,0,0,0,0,2.737297296524048,8589934592,1073741824,5062770688,307429376
204,1771638347609,3504,3504,3504,3504,3504,3504,3504,3504,37.3984375,36.4935188293457,35.49256134033203,35.35603332519531,35.6577033996582,35.385032653808594,35.59285354614258,36.3814697265625,36.51517105102539,20,14.285715103149414,15.000000953674316,5.263157844543457,0,0,0,0,2.737297296524048,8589934592,1073741824,5062901760,307429376
204,1771638347814,3504,3504,3504,3504,3504,3504,3504,3504,37.3984375,36.4935188293457,35.49256134033203,35.35603332519531,35.6577033996582,35.385032653808594,35.59285354614258,36.3814697265625,36.51517105102539,23.809524536132813,10,9.523809432983398,19.047618865966797,0,0,0,0,3.135587215423584,8589934592,1073741824,5062852608,307429376
202,1771638348019,3504,3504,3504,3504,3504,3504,3504,3504,37.3984375,36.4935188293457,35.49256134033203,35.35603332519531,35.6577033996582,35.385032653808594,35.59285354614258,36.3814697265625,36.51517105102539,20,19.047618865966797,10,10,0,0,0,0,3.135587215423584,8589934592,1073741824,5062770688,307429376
204,1771638348221,3504,3504,3504,3504,3504,3504,3504,3504,37.19327926635742,36.29385757446289,35.24617004394531,35.23163986206055,35.442893981933594,35.20331954956055,35.35942077636719,36.23849868774414,36.27980422973633,25,20,14.285715103149414,18.18181800842285,0,0,0,0,3.135587215423584,8589934592,1073741824,5062770688,307429376
204,1771638348427,3504,3504,3504,3504,3504,3504,3504,3504,37.19327926635742,36.29385757446289,35.24617004394531,35.23163986206055,35.442893981933594,35.20331954956055,35.35942077636719,36.23849868774414,36.27980422973633,15.000000953674316,10,5.263157844543457,15.000000953674316,0,0,0,0,3.135587215423584,8589934592,1073741824,5062770688,307429376
200,1771638348631,3504,3504,3504,3504,3504,3504,3504,3504,37.19327926635742,36.29385757446289,35.24617004394531,35.23163986206055,35.442893981933594,35.20331954956055,35.35942077636719,36.23849868774414,36.27980422973633,25,14.285715103149414,14.285715103149414,20,0,0,0,0,3.135587215423584,8589934592,1073741824,5062361088,307429376
204,1771638348832,3504,3504,3504,3504,3504,3504,3504,3504,37.19327926635742,36.29385757446289,35.24617004394531,35.23163986206055,35.442893981933594,35.20331954956055,35.35942077636719,36.23849868774414,36.27980422973633,20,10.526315689086914,10,15.000000953674316,0,0,0,0,2.072157621383667,8589934592,1073741824,5062344704,307429376
200,1771638349037,3504,3504,3504,3504,3504,3504,3504,3504,37.19327926635742,36.29385757446289,35.24617004394531,35.23163986206055,35.442893981933594,35.20331954956055,35.35942077636719,36.23849868774414,36.27980422973633,33.333335876464844,28.571430206298828,19.047618865966797,15.000000953674316,40,0,0,0,2.072157621383667,8589934592,1073741824,5063081984,307429376
202,1771638349238,3504,3504,3504,3504,3504,3504,3504,3504,37.147640228271484,36.48768615722656,35.312068939208984,35.154396057128906,35.32061767578125,35.06996536254883,35.263389587402344,36.10551071166992,36.17250442504883,15.789472579956055,20,5.263157844543457,14.285715103149414,0,0,0,0,2.072157621383667,8589934592,1073741824,5063114752,307429376
204,1771638349442,3504,3504,3504,3504,3504,3504,3504,3504,37.147640228271484,36.48768615722656,35.312068939208984,35.154396057128906,35.32061767578125,35.06996536254883,35.263389587402344,36.10551071166992,36.17250442504883,25,15.000000953674316,14.285715103149414,5,0,0,0,0,2.072157621383667,8589934592,1073741824,5063049216,307429376
200,1771638349647,3504,3504,3504,3504,3504,3504,3504,3504,37.147640228271484,36.48768615722656,35.312068939208984,35.154396057128906,35.32061767578125,35.06996536254883,35.263389587402344,36.10551071166992,36.17250442504883,14.285715103149414,25,10,5,0,0,0,0,2.7324984073638916,8589934592,1073741824,5063049216,307429376
199,1771638349847,3504,3504,3504,3504,3504,3504,3504,3504,37.147640228271484,36.48768615722656,35.312068939208984,35.154396057128906,35.32061767578125,35.06996536254883,35.263389587402344,36.10551071166992,36.17250442504883,19.047618865966797,25,10.526315689086914,10,0,0,0,0,2.7324984073638916,8589934592,1073741824,5062885376,307429376
204,1771638350047,3504,3504,3504,3504,3504,3504,3504,3504,37.147640228271484,36.48768615722656,35.312068939208984,35.154396057128906,35.32061767578125,35.06996536254883,35.263389587402344,36.10551071166992,36.17250442504883,10.526315689086914,23.809524536132813,19.047618865966797,5,0,0,0,0,2.7324984073638916,8589934592,1073741824,5062803456,307429376
204,1771638350252,3504,3504,3504,3504,3504,3504,3504,3504,37.03266143798828,36.10087203979492,35.0044059753418,34.97776794433594,35.214237213134766,34.987422943115234,35.148223876953125,35.996341705322266,36.10182189941406,20,25,10,14.285715103149414,4.761904716491699,5,0,4.761904716491699,2.7324984073638916,8589934592,1073741824,5062262784,307429376
204,1771638350456,3504,3504,3504,3504,3504,3504,3504,3504,37.03266143798828,36.10087203979492,35.0044059753418,34.97776794433594,35.214237213134766,34.987422943115234,35.148223876953125,35.996341705322266,36.10182189941406,23.809524536132813,15.000000953674316,14.285715103149414,0,0,0,0,0,2.7324984073638916,8589934592,1073741824,5062262784,307429376
201,1771638350662,3504,3504,3504,3504,3504,3504,3504,3504,37.03266143798828,36.10087203979492,35.0044059753418,34.97776794433594,35.214237213134766,34.987422943115234,35.148223876953125,35.996341705322266,36.10182189941406,23.809524536132813,15.000000953674316,5.263157844543457,9.523809432983398,0,0,0,0,2.6602625846862793,8589934592,1073741824,5062246400,307429376
204,1771638350864,3504,3504,3504,3504,3504,3504,3504,3504,37.03266143798828,36.10087203979492,35.0044059753418,34.97776794433594,35.214237213134766,34.987422943115234,35.148223876953125,35.996341705322266,36.10182189941406,20,20,14.285715103149414,10,0,0,0,0,2.6602625846862793,8589934592,1073741824,5062180864,307429376
204,1771638351069,3504,3504,3504,3504,3504,3504,3504,3504,37.03266143798828,36.10087203979492,35.0044059753418,34.97776794433594,35.214237213134766,34.987422943115234,35.148223876953125,35.996341705322266,36.10182189941406,15.000000953674316,19.047618865966797,14.285715103149414,5,0,0,0,0,2.6602625846862793,8589934592,1073741824,5062197248,307429376
204,1771638351274,3504,3504,3504,3504,3504,3504,3504,3504,36.870826721191406,35.955997467041016,34.8553466796875,34.890098571777344,35.13754653930664,34.827919006347656,34.97674560546875,35.86085510253906,35.967735290527344,20,25,15.000000953674316,14.285715103149414,9.523809432983398,5,9.090909004211426,0,2.6602625846862793,8589934592,1073741824,5063442432,307429376
200,1771638351479,3504,3504,3504,3504,3504,3504,3504,3504,36.870826721191406,35.955997467041016,34.8553466796875,34.890098571777344,35.13754653930664,34.827919006347656,34.97674560546875,35.86085510253906,35.967735290527344,14.285715103149414,19.047618865966797,14.285715103149414,19.047618865966797,0,0,0,0,2.6602625846862793,8589934592,1073741824,5063540736,307429376
204,1771638351679,3504,3504,3504,3504,3504,3504,3504,3504,36.870826721191406,35.955997467041016,34.8553466796875,34.890098571777344,35.13754653930664,34.827919006347656,34.97674560546875,35.86085510253906,35.967735290527344,21.052631378173828,25,15.789472579956055,20,15.789472579956055,15.789472579956055,20,15.000000953674316,2.523642063140869,8589934592,1073741824,5062213632,307429376
204,1771638351884,3504,3504,3504,3504,3504,3504,3504,3504,36.870826721191406,35.955997467041016,34.8553466796875,34.890098571777344,35.13754653930664,34.827919006347656,34.97674560546875,35.86085510253906,35.967735290527344,33.333335876464844,26.3157901763916,19.047618865966797,21.052631378173828,0,4.545454502105713,0,0,2.523642063140869,8589934592,1073741824,5065310208,307429376
204,1771638352089,3504,3504,3504,3504,3504,3504,3504,3504,36.870826721191406,35.955997467041016,34.8553466796875,34.890098571777344,35.13754653930664,34.827919006347656,34.97674560546875,35.86085510253906,35.967735290527344,20,15.000000953674316,20,13.636363983154297,0,0,0,0,2.523642063140869,8589934592,1073741824,5065457664,307429376
203,1771638352294,3504,3504,3504,3504,3504,3504,3504,3504,37.226829528808594,36.35702133178711,35.16802978515625,35.193092346191406,35.284873962402344,35.14042663574219,35.31529998779297,36.26979446411133,36.38127899169922,30.000001907348633,28.571430206298828,23.809524536132813,10.526315689086914,4.761904716491699,0,0,0,2.523642063140869,8589934592,1073741824,5067276288,307429376
203,1771638352498,3504,3504,3504,3504,3504,3504,3504,3504,37.226829528808594,36.35702133178711,35.16802978515625,35.193092346191406,35.284873962402344,35.14042663574219,35.31529998779297,36.26979446411133,36.38127899169922,23.809524536132813,15.000000953674316,15.789472579956055,13.636363983154297,0,0,0,0,2.523642063140869,8589934592,1073741824,5067325440,307429376
201,1771638352702,3504,3504,3504,3504,3504,3504,3504,3504,37.226829528808594,36.35702133178711,35.16802978515625,35.193092346191406,35.284873962402344,35.14042663574219,35.31529998779297,36.26979446411133,36.38127899169922,15.789472579956055,15.000000953674316,23.809524536132813,5.263157844543457,0,0,0,0,2.3602404594421387,8589934592,1073741824,5067669504,307429376
200,1771638352904,3504,3504,3504,3504,3504,3504,3504,3504,37.226829528808594,36.35702133178711,35.16802978515625,35.193092346191406,35.284873962402344,35.14042663574219,35.31529998779297,36.26979446411133,36.38127899169922,28.571430206298828,28.571430206298828,21.052631378173828,25,0,0,0,0,2.3602404594421387,8589934592,1073741824,5069996032,307429376
204,1771638353105,3504,3504,3504,3504,3504,3504,3504,3504,37.226829528808594,36.35702133178711,35.16802978515625,35.193092346191406,35.284873962402344,35.14042663574219,35.31529998779297,36.26979446411133,36.38127899169922,20,15.000000953674316,14.285715103149414,15.000000953674316,0,0,0,0,2.3602404594421387,8589934592,1073741824,5070028800,307429376
203,1771638353310,3504,3504,3504,3504,3504,3504,3504,3504,36.74783706665039,35.87187957763672,34.78943634033203,34.776939392089844,35.09585189819336,34.73482131958008,34.82231140136719,35.79026412963867,35.89762496948242,20,10,14.285715103149414,19.047618865966797,0,0,0,0,2.3602404594421387,8589934592,1073741824,5070110720,307429376
204,1771638353514,3504,3504,3504,3504,3504,3504,3504,3504,36.74783706665039,35.87187957763672,34.78943634033203,34.776939392089844,35.09585189819336,34.73482131958008,34.82231140136719,35.79026412963867,35.89762496948242,23.809524536132813,14.285715103149414,5.263157844543457,10,0,0,0,0,2.3602404594421387,8589934592,1073741824,5070176256,307429376
202,1771638353719,3504,3504,3504,3504,3504,3504,3504,3504,36.74783706665039,35.87187957763672,34.78943634033203,34.776939392089844,35.09585189819336,34.73482131958008,34.82231140136719,35.79026412963867,35.89762496948242,25,15.000000953674316,14.285715103149414,9.523809432983398,0,0,0,0,2.82315993309021,8589934592,1073741824,5070176256,307429376
204,1771638353921,3504,3504,3504,3504,3504,3504,3504,3504,36.74783706665039,35.87187957763672,34.78943634033203,34.776939392089844,35.09585189819336,34.73482131958008,34.82231140136719,35.79026412963867,35.89762496948242,25,25,10,15.000000953674316,0,0,0,0,2.82315993309021,8589934592,1073741824,5070209024,307429376
204,1771638354127,3504,3504,3504,3504,3504,3504,3504,3504,36.74783706665039,35.87187957763672,34.78943634033203,34.776939392089844,35.09585189819336,34.73482131958008,34.82231140136719,35.79026412963867,35.89762496948242,20,20,10,9.523809432983398,0,0,0,0,2.82315993309021,8589934592,1073741824,5070290944,307429376
204,1771638354331,3504,3504,3504,3504,3504,3504,3504,3504,36.65779113769531,35.677001953125,34.61073303222656,34.55327224731445,35.01392364501953,34.58897399902344,34.650840759277344,35.60496520996094,35.728145599365234,23.809524536132813,19.047618865966797,9.523809432983398,5.263157844543457,0,0,0,0,2.82315993309021,8589934592,1073741824,5070290944,307429376
204,1771638354537,3504,3504,3504,3504,3504,3504,3504,3504,36.65779113769531,35.677001953125,34.61073303222656,34.55327224731445,35.01392364501953,34.58897399902344,34.650840759277344,35.60496520996094,35.728145599365234,19.047618865966797,15.000000953674316,9.523809432983398,18.18181800842285,0,0,0,0,2.82315993309021,8589934592,1073741824,5070290944,307429376
204,1771638354742,3504,3504,3504,3504,3504,3504,3504,3504,36.65779113769531,35.677001953125,34.61073303222656,34.55327224731445,35.01392364501953,34.58897399902344,34.650840759277344,35.60496520996094,35.728145599365234,10.526315689086914,14.285715103149414,15.789472579956055,15.000000953674316,0,0,0,0,2.7076470851898193,8589934592,1073741824,5069275136,307429376
199,1771638354947,3504,3504,3504,3504,3504,3504,3504,3504,36.65779113769531,35.677001953125,34.61073303222656,34.55327224731445,35.01392364501953,34.58897399902344,34.650840759277344,35.60496520996094,35.728145599365234,19.047618865966797,20,20,23.809524536132813,0,0,0,0,2.7076470851898193,8589934592,1073741824,5069012992,307429376
204,1771638355147,3504,3504,3504,3504,3504,3504,3504,3504,36.59162139892578,35.540130615234375,34.43511962890625,34.42242431640625,34.97188186645508,34.487342834472656,34.558563232421875,35.514617919921875,35.635379791259766,15.000000953674316,20,13.636363983154297,15.789472579956055,0,0,0,0,2.7076470851898193,8589934592,1073741824,5069029376,307429376
201,1771638355352,3504,3504,3504,3504,3504,3504,3504,3504,36.59162139892578,35.540130615234375,34.43511962890625,34.42242431640625,34.97188186645508,34.487342834472656,34.558563232421875,35.514617919921875,35.635379791259766,10.526315689086914,15.000000953674316,5.263157844543457,10,10,4.761904716491699,0,0,2.7076470851898193,8589934592,1073741824,5069045760,307429376
200,1771638355553,3504,3504,3504,3504,3504,3504,3504,3504,36.59162139892578,35.540130615234375,34.43511962890625,34.42242431640625,34.97188186645508,34.487342834472656,34.558563232421875,35.514617919921875,35.635379791259766,15.000000953674316,28.571430206298828,10,19.047618865966797,0,0,0,0,2.7076470851898193,8589934592,1073741824,5069078528,307429376
200,1771638355754,3504,3504,3504,3504,3504,3504,3504,3504,36.59162139892578,35.540130615234375,34.43511962890625,34.42242431640625,34.97188186645508,34.487342834472656,34.558563232421875,35.514617919921875,35.635379791259766,14.285715103149414,15.000000953674316,14.285715103149414,15.789472579956055,0,0,0,0,2.147846221923828,8589934592,1073741824,5069062144,307429376
204,1771638355955,3504,3504,3504,3504,3504,3504,3504,3504,36.59162139892578,35.540130615234375,34.43511962890625,34.42242431640625,34.97188186645508,34.487342834472656,34.558563232421875,35.514617919921875,35.635379791259766,21.052631378173828,15.000000953674316,15.000000953674316,23.809524536132813,0,0,0,0,2.147846221923828,8589934592,1073741824,5069062144,307429376
204,1771638356161,3504,3504,3504,3504,3504,3504,3504,3504,36.557281494140625,35.483734130859375,34.43043518066406,34.36920166015625,34.925506591796875,34.43095397949219,34.504920959472656,35.46926498413086,35.55791473388672,22.72727394104004,15.000000953674316,26.3157901763916,21.052631378173828,0,0,0,0,2.147846221923828,8589934592,1073741824,5070225408,307429376
204,1771638356366,3504,3504,3504,3504,3504,3504,3504,3504,36.557281494140625,35.483734130859375,34.43043518066406,34.36920166015625,34.925506591796875,34.43095397949219,34.504920959472656,35.46926498413086,35.55791473388672,30.000001907348633,25,27.272727966308594,28.571430206298828,0,0,0,0,2.147846221923828,8589934592,1073741824,5069864960,307429376
200,1771638356570,3504,3504,3504,3504,3504,3504,3504,3504,36.557281494140625,35.483734130859375,34.43043518066406,34.36920166015625,34.925506591796875,34.43095397949219,34.504920959472656,35.46926498413086,35.55791473388672,21.052631378173828,15.000000953674316,15.000000953674316,15.000000953674316,0,0,0,0,2.147846221923828,8589934592,1073741824,5069864960,307429376
199,1771638356771,3504,3504,3504,3504,3504,3504,3504,3504,36.557281494140625,35.483734130859375,34.43043518066406,34.36920166015625,34.925506591796875,34.43095397949219,34.504920959472656,35.46926498413086,35.55791473388672,23.809524536132813,14.285715103149414,5,19.047618865966797,0,0,0,0,2.310943126678467,8589934592,1073741824,5069848576,307429376
202,1771638356972,3504,3504,3504,3504,3504,3504,3504,3504,36.557281494140625,35.483734130859375,34.43043518066406,34.36920166015625,34.925506591796875,34.43095397949219,34.504920959472656,35.46926498413086,35.55791473388672,19.047618865966797,15.789472579956055,10.526315689086914,15.000000953674316,0,0,0,0,2.310943126678467,8589934592,1073741824,5069848576,307429376
204,1771638357175,3504,3504,3504,3504,3504,3504,3504,3504,36.43400955200195,35.29642105102539,34.363677978515625,34.234134674072266,34.851863861083984,34.37561798095703,34.440006256103516,35.389381408691406,35.43821334838867,15.789472579956055,19.047618865966797,23.809524536132813,15.000000953674316,0,0,0,0,2.310943126678467,8589934592,1073741824,5068636160,307429376
200,1771638357379,3504,3504,3504,3504,3504,3504,3504,3504,36.43400955200195,35.29642105102539,34.363677978515625,34.234134674072266,34.851863861083984,34.37561798095703,34.440006256103516,35.389381408691406,35.43821334838867,25,20,19.047618865966797,19.047618865966797,15.000000953674316,10,5,9.090909004211426,2.310943126678467,8589934592,1073741824,5070372864,307429376
199,1771638357581,3504,3504,3504,3504,3504,3504,3504,3504,36.43400955200195,35.29642105102539,34.363677978515625,34.234134674072266,34.851863861083984,34.37561798095703,34.440006256103516,35.389381408691406,35.43821334838867,20,15.000000953674316,5.263157844543457,5.263157844543457,0,0,0,0,2.310943126678467,8589934592,1073741824,5070372864,307429376
203,1771638357781,3504,3504,3504,3504,3504,3504,3504,3504,36.43400955200195,35.29642105102539,34.363677978515625,34.234134674072266,34.851863861083984,34.37561798095703,34.440006256103516,35.389381408691406,35.43821334838867,21.052631378173828,15.789472579956055,20,10,0,0,0,0,2.0348060131073,8589934592,1073741824,5070356480,307429376
202,1771638357985,3504,3504,3504,3504,3504,3504,3504,3504,36.43400955200195,35.29642105102539,34.363677978515625,34.234134674072266,34.851863861083984,34.37561798095703,34.440006256103516,35.389381408691406,35.43821334838867,23.809524536132813,14.285715103149414,15.000000953674316,5,0,0,0,0,2.0348060131073,8589934592,1073741824,5070356480,307429376
204,1771638358188,3504,3504,3504,3504,3504,3504,3504,3504,36.446475982666016,35.299381256103516,34.35270309448242,34.23782730102539,34.69216537475586,34.348812103271484,34.419219970703125,35.37472152709961,35.41083526611328,20,23.809524536132813,9.523809432983398,9.523809432983398,0,0,0,0,2.0348060131073,8589934592,1073741824,5069897728,307429376
202,1771638358393,3504,3504,3504,3504,3504,3504,3504,3504,36.446475982666016,35.299381256103516,34.35270309448242,34.23782730102539,34.69216537475586,34.348812103271484,34.419219970703125,35.37472152709961,35.41083526611328,28.571430206298828,15.000000953674316,14.285715103149414,10,0,0,0,0,2.0348060131073,8589934592,1073741824,5069914112,307429376
203,1771638358596,3504,3504,3504,3504,3504,3504,3504,3504,36.446475982666016,35.299381256103516,34.35270309448242,34.23782730102539,34.69216537475586,34.348812103271484,34.419219970703125,35.37472152709961,35.41083526611328,15.000000953674316,25,5.263157844543457,9.523809432983398,0,0,0,0,2.0348060131073,8589934592,1073741824,5069963264,307429376
204,1771638358800,3504,3504,3504,3504,3504,3504,3504,3504,36.446475982666016,35.299381256103516,34.35270309448242,34.23782730102539,34.69216537475586,34.348812103271484,34.419219970703125,35.37472152709961,35.41083526611328,15.000000953674316,25,10,5.263157844543457,0,0,0,0,2.39751935005188,8589934592,1073741824,5069914112,307429376
204,1771638359005,3504,3504,3504,3504,3504,3504,3504,3504,36.446475982666016,35.299381256103516,34.35270309448242,34.23782730102539,34.69216537475586,34.348812103271484,34.419219970703125,35.37472152709961,35.41083526611328,14.285715103149414,25,14.285715103149414,19.047618865966797,20,4.545454502105713,0,0,2.39751935005188,8589934592,1073741824,5070241792,307429376
203,1771638359210,3504,3504,3504,3504,3504,3504,3504,3504,36.34626388549805,35.419593811035156,34.36193084716797,34.219947814941406,34.61680221557617,34.24335861206055,34.343841552734375,35.25517272949219,35.287654876708984,28.571430206298828,19.047618865966797,10,19.047618865966797,19.047618865966797,0,0,0,2.39751935005188,8589934592,1073741824,5071732736,307429376
204,1771638359414,3504,3504,3504,3504,3504,3504,3504,3504,36.34626388549805,35.419593811035156,34.36193084716797,34.219947814941406,34.61680221557617,34.24335861206055,34.343841552734375,35.25517272949219,35.287654876708984,25,15.000000953674316,9.523809432983398,15.000000953674316,0,0,0,0,2.39751935005188,8589934592,1073741824,5071749120,307429376
201,1771638359619,3504,3504,3504,3504,3504,3504,3504,3504,36.34626388549805,35.419593811035156,34.36193084716797,34.219947814941406,34.61680221557617,34.24335861206055,34.343841552734375,35.25517272949219,35.287654876708984,20,14.285715103149414,10,15.000000953674316,0,0,0,0,2.39751935005188,8589934592,1073741824,5071749120,307429376
203,1771638359821,3504,3504,3504,3504,3504,3504,3504,3504,36.34626388549805,35.419593811035156,34.36193084716797,34.219947814941406,34.61680221557617,34.24335861206055,34.343841552734375,35.25517272949219,35.287654876708984,23.809524536132813,10.526315689086914,5.263157844543457,25,0,0,0,0,2.7602055072784424,8589934592,1073741824,5071765504,307429376
204,1771638360024,3504,3504,3504,3504,3504,3504,3504,3504,36.34626388549805,35.419593811035156,34.36193084716797,34.219947814941406,34.61680221557617,34.24335861206055,34.343841552734375,35.25517272949219,35.287654876708984,15.789472579956055,25,19.047618865966797,10,0,0,0,0,2.7602055072784424,8589934592,1073741824,5079580672,307429376
200,1771638360229,3504,3504,3504,3504,3504,3504,3504,3504,36.235172271728516,35.13512420654297,34.15617370605469,34.09574890136719,34.5670280456543,34.21476745605469,34.318607330322266,35.21571731567383,35.19672393798828,20,23.809524536132813,15.000000953674316,14.285715103149414,0,0,0,0,2.7602055072784424,8589934592,1073741824,5079629824,307429376
204,1771638360430,3504,3504,3504,3504,3504,3504,3504,3504,36.235172271728516,35.13512420654297,34.15617370605469,34.09574890136719,34.5670280456543,34.21476745605469,34.318607330322266,35.21571731567383,35.19672393798828,19.047618865966797,25,14.285715103149414,5,5,0,5,0,2.7602055072784424,8589934592,1073741824,5079662592,307429376
204,1771638360635,3504,3504,3504,3504,3504,3504,3504,3504,36.235172271728516,35.13512420654297,34.15617370605469,34.09574890136719,34.5670280456543,34.21476745605469,34.318607330322266,35.21571731567383,35.19672393798828,10,28.571430206298828,10,9.523809432983398,0,0,0,0,2.7602055072784424,8589934592,1073741824,5079662592,307429376
204,1771638360841,3504,3504,3504,3504,3504,3504,3504,3504,36.235172271728516,35.13512420654297,34.15617370605469,34.09574890136719,34.5670280456543,34.21476745605469,34.318607330322266,35.21571731567383,35.19672393798828,15.000000953674316,30.000001907348633,9.523809432983398,10,0,0,0,0,2.436919927597046,8589934592,1073741824,5079220224,307429376
203,1771638361045,3504,3504,3504,3504,3504,3504,3504,3504,36.235172271728516,35.13512420654297,34.15617370605469,34.09574890136719,34.5670280456543,34.21476745605469,34.318607330322266,35.21571731567383,35.19672393798828,19.047618865966797,25,10.526315689086914,10,0,0,0,0,2.436919927597046,8589934592,1073741824,5080072192,307429376
204,1771638361249,3504,3504,3504,3504,3504,3504,3504,3504,36.11448287963867,34.90655517578125,34.047637939453125,34.00556564331055,34.43616485595703,34.14041519165039,34.24065399169922,35.12394332885742,35.09531021118164,20,25,14.285715103149414,9.523809432983398,0,0,0,0,2.436919927597046,8589934592,1073741824,5079482368,307429376
204,1771638361454,3504,3504,3504,3504,3504,3504,3504,3504,36.11448287963867,34.90655517578125,34.047637939453125,34.00556564331055,34.43616485595703,34.14041519165039,34.24065399169922,35.12394332885742,35.09531021118164,20,23.809524536132813,14.285715103149414,10,0,0,0,0,2.436919927597046,8589934592,1073741824,5079482368,307429376
204,1771638361659,3504,3504,3504,3504,3504,3504,3504,3504,36.11448287963867,34.90655517578125,34.047637939453125,34.00556564331055,34.43616485595703,34.14041519165039,34.24065399169922,35.12394332885742,35.09531021118164,28.571430206298828,14.285715103149414,5,5,0,0,0,0,2.636005401611328,8589934592,1073741824,5079154688,307429376
204,1771638361865,3504,3504,3504,3504,3504,3504,3504,3504,36.11448287963867,34.90655517578125,34.047637939453125,34.00556564331055,34.43616485595703,34.14041519165039,34.24065399169922,35.12394332885742,35.09531021118164,20,20,14.285715103149414,14.285715103149414,0,0,0,0,2.636005401611328,8589934592,1073741824,5079203840,307429376
200,1771638362069,3504,3504,3504,3504,3504,3504,3504,3504,36.11448287963867,34.90655517578125,34.047637939453125,34.00556564331055,34.43616485595703,34.14041519165039,34.24065399169922,35.12394332885742,35.09531021118164,19.047618865966797,21.052631378173828,15.000000953674316,14.285715103149414,0,0,0,0,2.636005401611328,8589934592,1073741824,5079236608,307429376
204,1771638362270,3504,3504,3504,3504,3504,3504,3504,3504,36.02077865600586,34.7963981628418,33.963218688964844,33.87605285644531,34.27955627441406,33.990089416503906,34.07570266723633,35.01312255859375,34.98125076293945,15.789472579956055,28.571430206298828,5.263157844543457,5.263157844543457,0,0,0,0,2.636005401611328,8589934592,1073741824,5079252992,307429376
204,1771638362475,3504,3504,3504,3504,3504,3504,3504,3504,36.02077865600586,34.7963981628418,33.963218688964844,33.87605285644531,34.27955627441406,33.990089416503906,34.07570266723633,35.01312255859375,34.98125076293945,23.809524536132813,20,13.636363983154297,5,0,0,0,0,2.636005401611328,8589934592,1073741824,5079269376,307429376
204,1771638362680,3504,3504,3504,3504,3504,3504,3504,3504,36.02077865600586,34.7963981628418,33.963218688964844,33.87605285644531,34.27955627441406,33.990089416503906,34.07570266723633,35.01312255859375,34.98125076293945,20,23.809524536132813,10,13.636363983154297,0,0,0,0,2.2357664108276367,8589934592,1073741824,5079236608,307429376
203,1771638362885,3504,3504,3504,3504,3504,3504,3504,3504,36.02077865600586,34.7963981628418,33.963218688964844,33.87605285644531,34.27955627441406,33.990089416503906,34.07570266723633,35.01312255859375,34.98125076293945,28.571430206298828,25,10,14.285715103149414,0,0,0,0,2.2357664108276367,8589934592,1073741824,5079334912,307429376
204,1771638363089,3504,3504,3504,3504,3504,3504,3504,3504,36.02077865600586,34.7963981628418,33.963218688964844,33.87605285644531,34.27955627441406,33.990089416503906,34.07570266723633,35.01312255859375,34.98125076293945,21.052631378173828,20,10,5.263157844543457,0,0,0,0,2.2357664108276367,8589934592,1073741824,5079334912,307429376
202,1771638363294,3504,3504,3504,3504,3504,3504,3504,3504,35.95658874511719,34.682159423828125,33.91929626464844,33.751163482666016,34.17991638183594,33.93709945678711,33.99315643310547,34.93198776245117,34.91595458984375,22.72727394104004,23.809524536132813,19.047618865966797,5,0,0,0,0,2.2357664108276367,8589934592,1073741824,5079334912,307429376
204,1771638363497,3504,3504,3504,3504,3504,3504,3504,3504,35.95658874511719,34.682159423828125,33.91929626464844,33.751163482666016,34.17991638183594,33.93709945678711,33.99315643310547,34.93198776245117,34.91595458984375,21.052631378173828,10,15.789472579956055,14.285715103149414,0,0,0,0,2.2357664108276367,8589934592,1073741824,5079285760,307429376
204,1771638363702,3504,3504,3504,3504,3504,3504,3504,3504,35.95658874511719,34.682159423828125,33.91929626464844,33.751163482666016,34.17991638183594,33.93709945678711,33.99315643310547,34.93198776245117,34.91595458984375,23.809524536132813,10,19.047618865966797,5,0,0,0,0,2.148529529571533,8589934592,1073741824,5079203840,307429376
203,1771638363907,3504,3504,3504,3504,3504,3504,3504,3504,35.95658874511719,34.682159423828125,33.91929626464844,33.751163482666016,34.17991638183594,33.93709945678711,33.99315643310547,34.93198776245117,34.91595458984375,20,23.809524536132813,15.000000953674316,14.285715103149414,0,0,0,0,2.148529529571533,8589934592,1073741824,5079154688,307429376
204,1771638364111,3504,3504,3504,3504,3504,3504,3504,3504,35.95658874511719,34.682159423828125,33.91929626464844,33.751163482666016,34.17991638183594,33.93709945678711,33.99315643310547,34.93198776245117,34.91595458984375,15.000000953674316,20,22.72727394104004,5.263157844543457,0,0,0,0,2.148529529571533,8589934592,1073741824,5079121920,307429376
204,1771638364316,3504,3504,3504,3504,3504,3504,3504,3504,35.89152526855469,34.596275329589844,33.86388397216797,33.68140411376953,34.055538177490234,33.851829528808594,33.937530517578125,34.84342956542969,34.854034423828125,15.000000953674316,23.809524536132813,15.789472579956055,9.523809432983398,0,0,0,0,2.148529529571533,8589934592,1073741824,5079121920,307429376
204,1771638364521,3504,3504,3504,3504,3504,3504,3504,3504,35.89152526855469,34.596275329589844,33.86388397216797,33.68140411376953,34.055538177490234,33.851829528808594,33.937530517578125,34.84342956542969,34.854034423828125,19.047618865966797,10.526315689086914,20,9.523809432983398,0,0,0,0,2.148529529571533,8589934592,1073741824,5078728704,307429376
203,1771638364726,3504,3504,3504,3504,3504,3504,3504,3504,35.89152526855469,34.596275329589844,33.86388397216797,33.68140411376953,34.055538177490234,33.851829528808594,33.937530517578125,34.84342956542969,34.854034423828125,25,19.047618865966797,19.047618865966797,10,0,0,0,0,3.048034906387329,8589934592,1073741824,5066620928,307429376
200,1771638364929,3504,3504,3504,3504,3504,3504,3504,3504,35.89152526855469,34.596275329589844,33.86388397216797,33.68140411376953,34.055538177490234,33.851829528808594,33.937530517578125,34.84342956542969,34.854034423828125,20,10,23.809524536132813,10,0,0,0,0,3.048034906387329,8589934592,1073741824,5066555392,307429376
200,1771638365130,3504,3504,3504,3504,3504,3504,3504,3504,35.89152526855469,34.596275329589844,33.86388397216797,33.68140411376953,34.055538177490234,33.851829528808594,33.937530517578125,34.84342956542969,34.854034423828125,23.809524536132813,15.000000953674316,15.789472579956055,9.523809432983398,0,0,0,0,3.048034906387329,8589934592,1073741824,5066571776,307429376
204,1771638365331,3504,3504,3504,3504,3504,3504,3504,3504,35.81776428222656,34.536766052246094,33.83301544189453,33.637596130371094,34.00870132446289,33.766422271728516,33.8653564453125,34.7647819519043,34.77225112915039,21.052631378173828,15.000000953674316,19.047618865966797,5.263157844543457,15.000000953674316,10,9.523809432983398,0,3.048034906387329,8589934592,1073741824,5067309056,307429376
204,1771638365536,3504,3504,3504,3504,3504,3504,3504,3504,35.81776428222656,34.536766052246094,33.83301544189453,33.637596130371094,34.00870132446289,33.766422271728516,33.8653564453125,34.7647819519043,34.77225112915039,15.000000953674316,19.047618865966797,15.000000953674316,10,9.523809432983398,9.523809432983398,0,4.761904716491699,3.048034906387329,8589934592,1073741824,5068881920,307429376
204,1771638365741,3504,3504,3504,3504,3504,3504,3504,3504,35.81776428222656,34.536766052246094,33.83301544189453,33.637596130371094,34.00870132446289,33.766422271728516,33.8653564453125,34.7647819519043,34.77225112915039,14.285715103149414,20,15.789472579956055,14.285715103149414,0,0,0,0,2.787074089050293,8589934592,1073741824,5068947456,307429376
201,1771638365946,3504,3504,3504,3504,3504,3504,3504,3504,35.81776428222656,34.536766052246094,33.83301544189453,33.637596130371094,34.00870132446289,33.766422271728516,33.8653564453125,34.7647819519043,34.77225112915039,25,25,23.809524536132813,25,0,0,0,0,2.787074089050293,8589934592,1073741824,5069635584,307429376
204,1771638366148,3504,3504,3504,3504,3504,3504,3504,3504,35.98634338378906,34.735172271728516,33.93181228637695,33.80382537841797,34.102439880371094,33.84991455078125,33.930702209472656,34.86334228515625,34.89203643798828,23.809524536132813,10,14.285715103149414,15.000000953674316,0,0,0,0,2.787074089050293,8589934592,1073741824,5069635584,307429376
204,1771638366353,3504,3504,3504,3504,3504,3504,3504,3504,35.98634338378906,34.735172271728516,33.93181228637695,33.80382537841797,34.102439880371094,33.84991455078125,33.930702209472656,34.86334228515625,34.89203643798828,25,15.000000953674316,10,19.047618865966797,0,0,0,0,2.787074089050293,8589934592,1073741824,5069701120,307429376
204,1771638366558,3504,3504,3504,3504,3504,3504,3504,3504,35.98634338378906,34.735172271728516,33.93181228637695,33.80382537841797,34.102439880371094,33.84991455078125,33.930702209472656,34.86334228515625,34.89203643798828,19.047618865966797,14.285715103149414,10,20,0,0,0,0,2.787074089050293,8589934592,1073741824,5069783040,307429376
200,1771638366763,3504,3504,3504,3504,3504,3504,3504,3504,35.98634338378906,34.735172271728516,33.93181228637695,33.80382537841797,34.102439880371094,33.84991455078125,33.930702209472656,34.86334228515625,34.89203643798828,25,14.285715103149414,10,19.047618865966797,0,0,0,0,2.372981548309326,8589934592,1073741824,5069783040,307429376
204,1771638366964,3504,3504,3504,3504,3504,3504,3504,3504,35.98634338378906,34.735172271728516,33.93181228637695,33.80382537841797,34.102439880371094,33.84991455078125,33.930702209472656,34.86334228515625,34.89203643798828,15.789472579956055,15.789472579956055,10,15.000000953674316,0,0,0,0,2.372981548309326,8589934592,1073741824,5069783040,307429376
204,1771638367169,3504,3504,3504,3504,3504,3504,3504,3504,35.71270751953125,34.40406799316406,33.65552520751953,33.576927185058594,33.924617767333984,33.68657684326172,33.753028869628906,34.69648742675781,34.707557678222656,60.000003814697266,47.619049072265625,47.619049072265625,28.571430206298828,0,0,0,0,2.372981548309326,8589934592,1073741824,5070995456,307429376
204,1771638367374,3504,3504,3504,3504,3504,3504,3504,3504,35.71270751953125,34.40406799316406,33.65552520751953,33.576927185058594,33.924617767333984,33.68657684326172,33.753028869628906,34.69648742675781,34.707557678222656,23.809524536132813,28.571430206298828,25,10.526315689086914,0,0,0,0,2.372981548309326,8589934592,1073741824,5070176256,307429376
200,1771638367579,3504,3504,3504,3504,3504,3504,3504,3504,35.71270751953125,34.40406799316406,33.65552520751953,33.576927185058594,33.924617767333984,33.68657684326172,33.753028869628906,34.69648742675781,34.707557678222656,15.000000953674316,21.052631378173828,23.809524536132813,9.523809432983398,0,0,0,0,2.372981548309326,8589934592,1073741824,5070192640,307429376
200,1771638367780,3504,3504,3504,3504,3504,3504,3504,3504,35.71270751953125,34.40406799316406,33.65552520751953,33.576927185058594,33.924617767333984,33.68657684326172,33.753028869628906,34.69648742675781,34.707557678222656,15.000000953674316,33.333335876464844,15.000000953674316,10.526315689086914,0,0,0,0,2.4614522457122803,8589934592,1073741824,5068242944,307429376
204,1771638367980,3504,3504,3504,3504,3504,3504,3504,3504,35.71270751953125,34.40406799316406,33.65552520751953,33.576927185058594,33.924617767333984,33.68657684326172,33.753028869628906,34.69648742675781,34.707557678222656,20,30.000001907348633,5.263157844543457,14.285715103149414,0,0,0,0,2.4614522457122803,8589934592,1073741824,5068374016,307429376
204,1771638368185,3504,3504,3504,3504,3504,3504,3504,3504,35.75699996948242,34.37393569946289,33.608299255371094,33.484100341796875,33.915557861328125,33.65034484863281,33.738853454589844,34.68486022949219,34.71283721923828,14.285715103149414,20,14.285715103149414,19.047618865966797,0,0,0,0,2.4614522457122803,8589934592,1073741824,5068308480,307429376
204,1771638368390,3504,3504,3504,3504,3504,3504,3504,3504,35.75699996948242,34.37393569946289,33.608299255371094,33.484100341796875,33.915557861328125,33.65034484863281,33.738853454589844,34.68486022949219,34.71283721923828,10,19.047618865966797,9.523809432983398,15.000000953674316,0,4.761904716491699,4.761904716491699,0,2.4614522457122803,8589934592,1073741824,5068357632,307429376
204,1771638368595,3504,3504,3504,3504,3504,3504,3504,3504,35.75699996948242,34.37393569946289,33.608299255371094,33.484100341796875,33.915557861328125,33.65034484863281,33.738853454589844,34.68486022949219,34.71283721923828,15.000000953674316,5.263157844543457,20,15.000000953674316,0,0,0,0,2.4614522457122803,8589934592,1073741824,5068439552,307429376
204,1771638368801,3504,3504,3504,3504,3504,3504,3504,3504,35.75699996948242,34.37393569946289,33.608299255371094,33.484100341796875,33.915557861328125,33.65034484863281,33.738853454589844,34.68486022949219,34.71283721923828,14.285715103149414,19.047618865966797,15.000000953674316,20,0,0,0,0,2.1354548931121826,8589934592,1073741824,5068439552,307429376
202,1771638369005,3504,3504,3504,3504,3504,3504,3504,3504,35.75699996948242,34.37393569946289,33.608299255371094,33.484100341796875,33.915557861328125,33.65034484863281,33.738853454589844,34.68486022949219,34.71283721923828,25,15.000000953674316,25,19.047618865966797,0,0,0,0,2.1354548931121826,8589934592,1073741824,5068832768,307429376
204,1771638369208,3504,3504,3504,3504,3504,3504,3504,3504,35.75275421142578,34.577117919921875,33.717529296875,33.58039093017578,33.926292419433594,33.57703399658203,33.71543884277344,34.6641731262207,34.708404541015625,30.000001907348633,19.047618865966797,27.272727966308594,20,33.333335876464844,0,0,0,2.1354548931121826,8589934592,1073741824,5068783616,307429376
204,1771638369413,3504,3504,3504,3504,3504,3504,3504,3504,35.75275421142578,34.577117919921875,33.717529296875,33.58039093017578,33.926292419433594,33.57703399658203,33.71543884277344,34.6641731262207,34.708404541015625,14.285715103149414,15.000000953674316,15.789472579956055,5,0,0,0,0,2.1354548931121826,8589934592,1073741824,5068832768,307429376
204,1771638369618,3504,3504,3504,3504,3504,3504,3504,3504,35.75275421142578,34.577117919921875,33.717529296875,33.58039093017578,33.926292419433594,33.57703399658203,33.71543884277344,34.6641731262207,34.708404541015625,15.000000953674316,20,19.047618865966797,9.523809432983398,0,0,0,0,2.1354548931121826,8589934592,1073741824,5069324288,307429376
204,1771638369822,3504,3504,3504,3504,3504,3504,3504,3504,35.75275421142578,34.577117919921875,33.717529296875,33.58039093017578,33.926292419433594,33.57703399658203,33.71543884277344,34.6641731262207,34.708404541015625,20,23.809524536132813,21.052631378173828,10,0,0,0,0,2.2614262104034424,8589934592,1073741824,5069389824,307429376
204,1771638370028,3504,3504,3504,3504,3504,3504,3504,3504,35.75275421142578,34.577117919921875,33.717529296875,33.58039093017578,33.926292419433594,33.57703399658203,33.71543884277344,34.6641731262207,34.708404541015625,19.047618865966797,15.789472579956055,19.047618865966797,9.523809432983398,0,0,0,0,2.2614262104034424,8589934592,1073741824,5068980224,307429376
204,1771638370232,3504,3504,3504,3504,3504,3504,3504,3504,35.64624786376953,34.275081634521484,33.564231872558594,33.46783447265625,33.79214096069336,33.567901611328125,33.670143127441406,34.647216796875,34.65437316894531,19.047618865966797,23.809524536132813,9.523809432983398,15.000000953674316,0,0,0,0,2.2614262104034424,8589934592,1073741824,5069062144,307429376
204,1771638370437,3504,3504,3504,3504,3504,3504,3504,3504,35.64624786376953,34.275081634521484,33.564231872558594,33.46783447265625,33.79214096069336,33.567901611328125,33.670143127441406,34.647216796875,34.65437316894531,25,28.571430206298828,19.047618865966797,14.285715103149414,20,20,15.000000953674316,14.285715103149414,2.2614262104034424,8589934592,1073741824,5069357056,307429376
203,1771638370643,3504,3504,3504,3504,3504,3504,3504,3504,35.64624786376953,34.275081634521484,33.564231872558594,33.46783447265625,33.79214096069336,33.567901611328125,33.670143127441406,34.647216796875,34.65437316894531,15.000000953674316,20,10,5,9.090909004211426,0,0,0,3.0878798961639404,8589934592,1073741824,5069242368,307429376
204,1771638370847,3504,3504,3504,3504,3504,3504,3504,3504,35.64624786376953,34.275081634521484,33.564231872558594,33.46783447265625,33.79214096069336,33.567901611328125,33.670143127441406,34.647216796875,34.65437316894531,19.047618865966797,20,10,14.285715103149414,0,0,0,0,3.0878798961639404,8589934592,1073741824,5069291520,307429376
201,1771638371052,3504,3504,3504,3504,3504,3504,3504,3504,35.64624786376953,34.275081634521484,33.564231872558594,33.46783447265625,33.79214096069336,33.567901611328125,33.670143127441406,34.647216796875,34.65437316894531,15.789472579956055,20,15.000000953674316,10,0,0,0,0,3.0878798961639404,8589934592,1073741824,5069209600,307429376
204,1771638371254,3504,3504,3504,3504,3504,3504,3504,3504,36.01213073730469,34.761474609375,33.898170471191406,33.74665832519531,33.98151397705078,33.856937408447266,33.963748931884766,34.94424819946289,34.9658203125,14.285715103149414,19.047618865966797,9.523809432983398,19.047618865966797,0,0,0,0,3.0878798961639404,8589934592,1073741824,5069209600,307429376
202,1771638371459,3504,3504,3504,3504,3504,3504,3504,3504,36.01213073730469,34.761474609375,33.898170471191406,33.74665832519531,33.98151397705078,33.856937408447266,33.963748931884766,34.94424819946289,34.9658203125,15.000000953674316,20,10,15.000000953674316,0,0,0,0,3.0878798961639404,8589934592,1073741824,5069209600,307429376
204,1771638371663,3504,3504,3504,3504,3504,3504,3504,3504,36.01213073730469,34.761474609375,33.898170471191406,33.74665832519531,33.98151397705078,33.856937408447266,33.963748931884766,34.94424819946289,34.9658203125,20,20,20,15.000000953674316,0,0,0,0,2.9988207817077637,8589934592,1073741824,5069012992,307429376
204,1771638371868,3504,3504,3504,3504,3504,3504,3504,3504,36.01213073730469,34.761474609375,33.898170471191406,33.74665832519531,33.98151397705078,33.856937408447266,33.963748931884766,34.94424819946289,34.9658203125,23.809524536132813,23.809524536132813,5,9.523809432983398,0,0,0,0,2.9988207817077637,8589934592,1073741824,5069045760,307429376
201,1771638372073,3504,3504,3504,3504,3504,3504,3504,3504,36.01213073730469,34.761474609375,33.898170471191406,33.74665832519531,33.98151397705078,33.856937408447266,33.963748931884766,34.94424819946289,34.9658203125,23.809524536132813,15.000000953674316,9.523809432983398,5,0,0,0,0,2.9988207817077637,8589934592,1073741824,5069029376,307429376
204,1771638372275,3504,3504,3504,3504,3504,3504,3504,3504,35.57484817504883,34.19978713989258,33.48792266845703,33.06904602050781,33.67790603637695,33.500038146972656,33.56654739379883,34.61402893066406,34.62175369262695,21.052631378173828,15.000000953674316,20,10,0,0,0,0,2.9988207817077637,8589934592,1073741824,5068980224,307429376
204,1771638372480,3504,3504,3504,3504,3504,3504,3504,3504,35.57484817504883,34.19978713989258,33.48792266845703,33.06904602050781,33.67790603637695,33.500038146972656,33.56654739379883,34.61402893066406,34.62175369262695,19.047618865966797,19.047618865966797,10,10,0,0,0,0,2.9988207817077637,8589934592,1073741824,5068980224,307429376
204,1771638372685,3504,3504,3504,3504,3504,3504,3504,3504,35.57484817504883,34.19978713989258,33.48792266845703,33.06904602050781,33.67790603637695,33.500038146972656,33.56654739379883,34.61402893066406,34.62175369262695,15.000000953674316,15.000000953674316,9.523809432983398,19.047618865966797,0,0,0,0,2.6247081756591797,8589934592,1073741824,5068816384,307429376
204,1771638372890,3504,3504,3504,3504,3504,3504,3504,3504,35.57484817504883,34.19978713989258,33.48792266845703,33.06904602050781,33.67790603637695,33.500038146972656,33.56654739379883,34.61402893066406,34.62175369262695,15.000000953674316,19.047618865966797,5,15.000000953674316,0,0,0,0,2.6247081756591797,8589934592,1073741824,5068816384,307429376
202,1771638373095,3504,3504,3504,3504,3504,3504,3504,3504,35.57484817504883,34.19978713989258,33.48792266845703,33.06904602050781,33.67790603637695,33.500038146972656,33.56654739379883,34.61402893066406,34.62175369262695,14.285715103149414,20,15.000000953674316,19.047618865966797,0,0,0,0,2.6247081756591797,8589934592,1073741824,5068816384,307429376
204,1771638373298,3504,3504,3504,3504,3504,3504,3504,3504,35.51031494140625,34.08775329589844,33.39979553222656,32.982566833496094,33.57542037963867,33.378807067871094,33.48596954345703,34.52342224121094,34.49778747558594,10.526315689086914,14.285715103149414,15.000000953674316,15.000000953674316,0,0,0,0,2.6247081756591797,8589934592,1073741824,5068750848,307429376
199,1771638373503,3504,3504,3504,3504,3504,3504,3504,3504,35.51031494140625,34.08775329589844,33.39979553222656,32.982566833496094,33.57542037963867,33.378807067871094,33.48596954345703,34.52342224121094,34.49778747558594,28.571430206298828,25,23.809524536132813,30.000001907348633,4.761904716491699,5,4.761904716491699,4.545454502105713,2.6247081756591797,8589934592,1073741824,5069766656,307429376
204,1771638373704,3504,3504,3504,3504,3504,3504,3504,3504,35.51031494140625,34.08775329589844,33.39979553222656,32.982566833496094,33.57542037963867,33.378807067871094,33.48596954345703,34.52342224121094,34.49778747558594,15.789472579956055,20,10,15.000000953674316,0,0,0,0,1.9475072622299194,8589934592,1073741824,5069799424,307429376
204,1771638373909,3504,3504,3504,3504,3504,3504,3504,3504,35.51031494140625,34.08775329589844,33.39979553222656,32.982566833496094,33.57542037963867,33.378807067871094,33.48596954345703,34.52342224121094,34.49778747558594,22.72727394104004,21.052631378173828,14.285715103149414,19.047618865966797,0,0,0,0,1.9475072622299194,8589934592,1073741824,5069946880,307429376
199,1771638374114,3504,3504,3504,3504,3504,3504,3504,3504,35.51031494140625,34.08775329589844,33.39979553222656,32.982566833496094,33.57542037963867,33.378807067871094,33.48596954345703,34.52342224121094,34.49778747558594,10,19.047618865966797,10,20,0,0,0,0,1.9475072622299194,8589934592,1073741824,5069881344,307429376
203,1771638374314,3504,3504,3504,3504,3504,3504,3504,3504,35.492576599121094,34.081966400146484,33.365013122558594,32.951576232910156,33.61235427856445,33.32926559448242,33.43434143066406,34.4862174987793,34.453712463378906,15.000000953674316,10.526315689086914,20,15.000000953674316,0,0,0,0,1.9475072622299194,8589934592,1073741824,5069914112,307429376
204,1771638374517,3504,3504,3504,3504,3504,3504,3504,3504,35.492576599121094,34.081966400146484,33.365013122558594,32.951576232910156,33.61235427856445,33.32926559448242,33.43434143066406,34.4862174987793,34.453712463378906,15.000000953674316,9.523809432983398,15.789472579956055,15.000000953674316,0,0,0,0,1.9475072622299194,8589934592,1073741824,5069570048,307429376
204,1771638374723,3504,3504,3504,3504,3504,3504,3504,3504,35.492576599121094,34.081966400146484,33.365013122558594,32.951576232910156,33.61235427856445,33.32926559448242,33.43434143066406,34.4862174987793,34.453712463378906,20,19.047618865966797,22.72727394104004,9.523809432983398,0,0,0,0,2.6094462871551514,8589934592,1073741824,5069602816,307429376
202,1771638374928,3504,3504,3504,3504,3504,3504,3504,3504,35.492576599121094,34.081966400146484,33.365013122558594,32.951576232910156,33.61235427856445,33.32926559448242,33.43434143066406,34.4862174987793,34.453712463378906,15.000000953674316,20,15.000000953674316,5,0,0,0,0,2.6094462871551514,8589934592,1073741824,5069602816,307429376
204,1771638375130,3504,3504,3504,3504,3504,3504,3504,3504,35.492576599121094,34.081966400146484,33.365013122558594,32.951576232910156,33.61235427856445,33.32926559448242,33.43434143066406,34.4862174987793,34.453712463378906,14.285715103149414,15.000000953674316,20,9.523809432983398,0,0,0,0,2.6094462871551514,8589934592,1073741824,5069651968,307429376
202,1771638375335,3504,3504,3504,3504,3504,3504,3504,3504,35.39242172241211,33.96861267089844,33.18256378173828,32.85215759277344,33.49484634399414,33.231544494628906,33.29468536376953,34.35898971557617,34.37726593017578,20,15.000000953674316,20,15.000000953674316,0,0,5,0,2.6094462871551514,8589934592,1073741824,5069668352,307429376
204,1771638375538,3504,3504,3504,3504,3504,3504,3504,3504,35.39242172241211,33.96861267089844,33.18256378173828,32.85215759277344,33.49484634399414,33.231544494628906,33.29468536376953,34.35898971557617,34.37726593017578,10,10,20,10,0,4.761904716491699,0,0,2.6094462871551514,8589934592,1073741824,5069602816,307429376
203,1771638375743,3504,3504,3504,3504,3504,3504,3504,3504,35.39242172241211,33.96861267089844,33.18256378173828,32.85215759277344,33.49484634399414,33.231544494628906,33.29468536376953,34.35898971557617,34.37726593017578,28.571430206298828,15.000000953674316,18.18181800842285,14.285715103149414,0,0,0,0,2.712613344192505,8589934592,1073741824,5069602816,307429376
204,1771638375947,3504,3504,3504,3504,3504,3504,3504,3504,35.39242172241211,33.96861267089844,33.18256378173828,32.85215759277344,33.49484634399414,33.231544494628906,33.29468536376953,34.35898971557617,34.37726593017578,23.809524536132813,22.72727394104004,5.263157844543457,5,0,0,0,0,2.712613344192505,8589934592,1073741824,5069602816,307429376
202,1771638376152,3504,3504,3504,3504,3504,3504,3504,3504,35.373531341552734,33.95566940307617,33.176536560058594,32.84306335449219,33.48881912231445,33.22620391845703,33.28785705566406,34.36220169067383,34.35067367553711,21.052631378173828,20,15.000000953674316,5.263157844543457,0,0,0,0,2.712613344192505,8589934592,1073741824,5069488128,307429376
200,1771638376354,3504,3504,3504,3504,3504,3504,3504,3504,35.373531341552734,33.95566940307617,33.176536560058594,32.84306335449219,33.48881912231445,33.22620391845703,33.28785705566406,34.36220169067383,34.35067367553711,20,20,14.285715103149414,14.285715103149414,0,0,0,0,2.712613344192505,8589934592,1073741824,5069504512,307429376
199,1771638376555,3504,3504,3504,3504,3504,3504,3504,3504,35.373531341552734,33.95566940307617,33.176536560058594,32.84306335449219,33.48881912231445,33.22620391845703,33.28785705566406,34.36220169067383,34.35067367553711,30.000001907348633,25,15.000000953674316,5,0,0,0,0,2.712613344192505,8589934592,1073741824,5069520896,307429376
204,1771638376756,3504,3504,3504,3504,3504,3504,3504,3504,35.373531341552734,33.95566940307617,33.176536560058594,32.84306335449219,33.48881912231445,33.22620391845703,33.28785705566406,34.36220169067383,34.35067367553711,20,20,5.263157844543457,9.523809432983398,0,0,0,0,2.185525417327881,8589934592,1073741824,5069537280,307429376
202,1771638376961,3504,3504,3504,3504,3504,3504,3504,3504,35.373531341552734,33.95566940307617,33.176536560058594,32.84306335449219,33.48881912231445,33.22620391845703,33.28785705566406,34.36220169067383,34.35067367553711,23.809524536132813,23.809524536132813,14.285715103149414,5.263157844543457,0,0,0,0,2.185525417327881,8589934592,1073741824,5069537280,307429376
204,1771638377164,3504,3504,3504,3504,3504,3504,3504,3504,35.26494216918945,33.86493682861328,33.13938903808594,32.76490020751953,33.404762268066406,33.15665817260742,33.19113540649414,34.263999938964844,34.2686653137207,21.052631378173828,15.789472579956055,10,14.285715103149414,0,0,0,0,2.185525417327881,8589934592,1073741824,5069488128,307429376
204,1771638377368,3504,3504,3504,3504,3504,3504,3504,3504,35.26494216918945,33.86493682861328,33.13938903808594,32.76490020751953,33.404762268066406,33.15665817260742,33.19113540649414,34.263999938964844,34.2686653137207,28.571430206298828,19.047618865966797,14.285715103149414,10,0,0,0,0,2.185525417327881,8589934592,1073741824,5069471744,307429376
204,1771638377574,3504,3504,3504,3504,3504,3504,3504,3504,35.26494216918945,33.86493682861328,33.13938903808594,32.76490020751953,33.404762268066406,33.15665817260742,33.19113540649414,34.263999938964844,34.2686653137207,19.047618865966797,25,10,9.523809432983398,0,0,0,0,2.185525417327881,8589934592,1073741824,5069553664,307429376
202,1771638377779,3504,3504,3504,3504,3504,3504,3504,3504,35.26494216918945,33.86493682861328,33.13938903808594,32.76490020751953,33.404762268066406,33.15665817260742,33.19113540649414,34.263999938964844,34.2686653137207,20,14.285715103149414,15.000000953674316,15.000000953674316,0,0,0,0,2.1986100673675537,8589934592,1073741824,5069570048,307429376
204,1771638377981,3504,3504,3504,3504,3504,3504,3504,3504,35.26494216918945,33.86493682861328,33.13938903808594,32.76490020751953,33.404762268066406,33.15665817260742,33.19113540649414,34.263999938964844,34.2686653137207,20,15.000000953674316,23.809524536132813,15.000000953674316,0,0,0,0,2.1986100673675537,8589934592,1073741824,5070061568,307429376
204,1771638378186,3504,3504,3504,3504,3504,3504,3504,3504,35.16914749145508,33.82096481323242,33.10982131958008,32.72111511230469,33.38436508178711,33.090904235839844,33.14012145996094,34.20815658569336,34.193092346191406,15.000000953674316,15.000000953674316,15.000000953674316,15.000000953674316,0,0,0,0,2.1986100673675537,8589934592,1073741824,5070061568,307429376
203,1771638378391,3504,3504,3504,3504,3504,3504,3504,3504,35.16914749145508,33.82096481323242,33.10982131958008,32.72111511230469,33.38436508178711,33.090904235839844,33.14012145996094,34.20815658569336,34.193092346191406,14.285715103149414,14.285715103149414,15.000000953674316,18.18181800842285,0,0,0,0,2.1986100673675537,8589934592,1073741824,5069996032,307429376
202,1771638378596,3504,3504,3504,3504,3504,3504,3504,3504,35.16914749145508,33.82096481323242,33.10982131958008,32.72111511230469,33.38436508178711,33.090904235839844,33.14012145996094,34.20815658569336,34.193092346191406,15.000000953674316,10.526315689086914,19.047618865966797,15.000000953674316,4.761904716491699,4.545454502105713,0,0,2.1986100673675537,8589934592,1073741824,5070061568,307429376
204,1771638378799,3504,3504,3504,3504,3504,3504,3504,3504,35.16914749145508,33.82096481323242,33.10982131958008,32.72111511230469,33.38436508178711,33.090904235839844,33.14012145996094,34.20815658569336,34.193092346191406,14.285715103149414,14.285715103149414,15.789472579956055,10.526315689086914,0,0,0,0,1.9727916717529297,8589934592,1073741824,5069897728,307429376
204,1771638379004,3504,3504,3504,3504,3504,3504,3504,3504,35.16914749145508,33.82096481323242,33.10982131958008,32.72111511230469,33.38436508178711,33.090904235839844,33.14012145996094,34.20815658569336,34.193092346191406,10.526315689086914,10,22.72727394104004,19.047618865966797,0,0,0,0,1.9727916717529297,8589934592,1073741824,5070307328,307429376
199,1771638379209,3504,3504,3504,3504,3504,3504,3504,3504,35.23681640625,34.045413970947266,33.25553894042969,32.751407623291016,33.39303970336914,33.04779052734375,33.112579345703125,34.17451095581055,34.153541564941406,28.571430206298828,33.333335876464844,20,25,30.000001907348633,0,0,0,1.9727916717529297,8589934592,1073741824,5070012416,307429376
204,1771638379409,3504,3504,3504,3504,3504,3504,3504,3504,35.23681640625,34.045413970947266,33.25553894042969,32.751407623291016,33.39303970336914,33.04779052734375,33.112579345703125,34.17451095581055,34.153541564941406,25,21.052631378173828,26.3157901763916,30.000001907348633,0,0,0,0,1.9727916717529297,8589934592,1073741824,5070962688,307429376
204,1771638379614,3504,3504,3504,3504,3504,3504,3504,3504,35.23681640625,34.045413970947266,33.25553894042969,32.751407623291016,33.39303970336914,33.04779052734375,33.112579345703125,34.17451095581055,34.153541564941406,20,19.047618865966797,14.285715103149414,14.285715103149414,9.090909004211426,0,0,4.761904716491699,1.9727916717529297,8589934592,1073741824,5071896576,307429376
204,1771638379819,3504,3504,3504,3504,3504,3504,3504,3504,35.23681640625,34.045413970947266,33.25553894042969,32.751407623291016,33.39303970336914,33.04779052734375,33.112579345703125,34.17451095581055,34.153541564941406,23.809524536132813,15.000000953674316,14.285715103149414,20,0,0,0,0,2.5114877223968506,8589934592,1073741824,5071896576,307429376
204,1771638380024,3504,3504,3504,3504,3504,3504,3504,3504,35.23681640625,34.045413970947266,33.25553894042969,32.751407623291016,33.39303970336914,33.04779052734375,33.112579345703125,34.17451095581055,34.153541564941406,21.052631378173828,10,5,19.047618865966797,0,0,0,0,2.5114877223968506,8589934592,1073741824,5071847424,307429376
202,1771638380229,3504,3504,3504,3504,3504,3504,3504,3504,35.29811477661133,33.88325119018555,33.16215515136719,32.78071212768555,33.43577194213867,33.139495849609375,33.1519889831543,34.255001068115234,34.218082427978516,23.809524536132813,19.047618865966797,14.285715103149414,14.285715103149414,0,0,0,0,2.5114877223968506,8589934592,1073741824,5071863808,307429376
204,1771638380432,3504,3504,3504,3504,3504,3504,3504,3504,35.29811477661133,33.88325119018555,33.16215515136719,32.78071212768555,33.43577194213867,33.139495849609375,33.1519889831543,34.255001068115234,34.218082427978516,14.285715103149414,10.526315689086914,15.000000953674316,15.789472579956055,5,4.761904716491699,4.761904716491699,0,2.5114877223968506,8589934592,1073741824,5071847424,307429376
201,1771638380637,3504,3504,3504,3504,3504,3504,3504,3504,35.29811477661133,33.88325119018555,33.16215515136719,32.78071212768555,33.43577194213867,33.139495849609375,33.1519889831543,34.255001068115234,34.218082427978516,15.000000953674316,14.285715103149414,5,14.285715103149414,0,0,0,0,2.5114877223968506,8589934592,1073741824,5071863808,307429376
203,1771638380839,3504,3504,3504,3504,3504,3504,3504,3504,35.29811477661133,33.88325119018555,33.16215515136719,32.78071212768555,33.43577194213867,33.139495849609375,33.1519889831543,34.255001068115234,34.218082427978516,21.052631378173828,20,15.000000953674316,10,0,0,0,0,2.4983315467834473,8589934592,1073741824,5071831040,307429376
204,1771638381043,3504,3504,3504,3504,3504,3504,3504,3504,35.29811477661133,33.88325119018555,33.16215515136719,32.78071212768555,33.43577194213867,33.139495849609375,33.1519889831543,34.255001068115234,34.218082427978516,19.047618865966797,23.809524536132813,15.000000953674316,5,0,0,0,0,2.4983315467834473,8589934592,1073741824,5071831040,307429376
204,1771638381248,3504,3504,3504,3504,3504,3504,3504,3504,35.136680603027344,33.78193283081055,33.11444854736328,32.635894775390625,33.370323181152344,33.01940155029297,33.07520294189453,34.12700271606445,34.113304138183594,23.809524536132813,15.000000953674316,23.809524536132813,14.285715103149414,0,0,0,0,2.4983315467834473,8589934592,1073741824,5071831040,307429376
200,1771638381453,3504,3504,3504,3504,3504,3504,3504,3504,35.136680603027344,33.78193283081055,33.11444854736328,32.635894775390625,33.370323181152344,33.01940155029297,33.07520294189453,34.12700271606445,34.113304138183594,20,10,20,5,0,0,0,0,2.4983315467834473,8589934592,1073741824,5071929344,307429376
204,1771638381654,3504,3504,3504,3504,3504,3504,3504,3504,35.136680603027344,33.78193283081055,33.11444854736328,32.635894775390625,33.370323181152344,33.01940155029297,33.07520294189453,34.12700271606445,34.113304138183594,28.571430206298828,15.000000953674316,15.000000953674316,10,0,0,0,0,2.361929416656494,8589934592,1073741824,5071945728,307429376
203,1771638381859,3504,3504,3504,3504,3504,3504,3504,3504,35.136680603027344,33.78193283081055,33.11444854736328,32.635894775390625,33.370323181152344,33.01940155029297,33.07520294189453,34.12700271606445,34.113304138183594,15.789472579956055,19.047618865966797,23.809524536132813,5,0,0,0,0,2.361929416656494,8589934592,1073741824,5071962112,307429376
204,1771638382063,3504,3504,3504,3504,3504,3504,3504,3504,35.136680603027344,33.78193283081055,33.11444854736328,32.635894775390625,33.370323181152344,33.01940155029297,33.07520294189453,34.12700271606445,34.113304138183594,15.000000953674316,20,15.000000953674316,9.523809432983398,0,0,0,0,2.361929416656494,8589934592,1073741824,5071962112,307429376
202,1771638382269,3504,3504,3504,3504,3504,3504,3504,3504,35.03499221801758,33.67110061645508,33.09857177734375,32.559783935546875,33.297401428222656,32.96323013305664,33.025962829589844,34.01259994506836,34.074256896972656,19.047618865966797,19.047618865966797,20,10,0,0,0,0,2.361929416656494,8589934592,1073741824,5072175104,307429376
202,1771638382471,3504,3504,3504,3504,3504,3504,3504,3504,35.03499221801758,33.67110061645508,33.09857177734375,32.559783935546875,33.297401428222656,32.96323013305664,33.025962829589844,34.01259994506836,34.074256896972656,25,10,15.000000953674316,9.523809432983398,0,0,0,0,2.361929416656494,8589934592,1073741824,5072224256,307429376
199,1771638382674,3504,3504,3504,3504,3504,3504,3504,3504,35.03499221801758,33.67110061645508,33.09857177734375,32.559783935546875,33.297401428222656,32.96323013305664,33.025962829589844,34.01259994506836,34.074256896972656,25,10,19.047618865966797,5,0,0,0,0,2.5347819328308105,8589934592,1073741824,5072224256,307429376
203,1771638382874,3504,3504,3504,3504,3504,3504,3504,3504,35.03499221801758,33.67110061645508,33.09857177734375,32.559783935546875,33.297401428222656,32.96323013305664,33.025962829589844,34.01259994506836,34.074256896972656,20,20,20,15.000000953674316,0,0,0,0,2.5347819328308105,8589934592,1073741824,5072224256,307429376
205,1771638383079,3504,3504,3504,3504,3504,3504,3504,3504,35.03499221801758,33.67110061645508,33.09857177734375,32.559783935546875,33.297401428222656,32.96323013305664,33.025962829589844,34.01259994506836,34.074256896972656,20,15.000000953674316,20,10,0,0,0,0,2.5347819328308105,8589934592,1073741824,5072224256,307429376
204,1771638383285,3504,3504,3504,3504,3504,3504,3504,3504,34.96238327026367,33.61476135253906,33.082176208496094,32.48157501220703,33.258052825927734,32.913414001464844,32.95436096191406,33.938133239746094,34.009037017822266,23.809524536132813,19.047618865966797,19.047618865966797,9.523809432983398,0,0,0,0,2.5347819328308105,8589934592,1073741824,5072420864,307429376
202,1771638383490,3504,3504,3504,3504,3504,3504,3504,3504,34.96238327026367,33.61476135253906,33.082176208496094,32.48157501220703,33.258052825927734,32.913414001464844,32.95436096191406,33.938133239746094,34.009037017822266,23.809524536132813,10,20,5,0,0,0,0,2.5347819328308105,8589934592,1073741824,5072420864,307429376
204,1771638383693,3504,3504,3504,3504,3504,3504,3504,3504,34.96238327026367,33.61476135253906,33.082176208496094,32.48157501220703,33.258052825927734,32.913414001464844,32.95436096191406,33.938133239746094,34.009037017822266,21.052631378173828,15.000000953674316,15.789472579956055,5,0,0,0,0,2.2616047859191895,8589934592,1073741824,5072437248,307429376
199,1771638383898,3504,3504,3504,3504,3504,3504,3504,3504,34.96238327026367,33.61476135253906,33.082176208496094,32.48157501220703,33.258052825927734,32.913414001464844,32.95436096191406,33.938133239746094,34.009037017822266,25,15.000000953674316,22.72727394104004,15.000000953674316,0,0,0,0,2.2616047859191895,8589934592,1073741824,5072470016,307429376
204,1771638384098,3504,3504,3504,3504,3504,3504,3504,3504,34.96238327026367,33.61476135253906,33.082176208496094,32.48157501220703,33.258052825927734,32.913414001464844,32.95436096191406,33.938133239746094,34.009037017822266,33.333335876464844,15.000000953674316,10,5,0,0,0,0,2.2616047859191895,8589934592,1073741824,5072420864,307429376
204,1771638384303,3504,3504,3504,3504,3504,3504,3504,3504,34.93812561035156,33.69943618774414,33.06840515136719,32.442466735839844,33.20641326904297,32.87037658691406,32.944480895996094,33.90801239013672,33.99264144897461,26.3157901763916,15.000000953674316,10.526315689086914,13.636363983154297,0,0,0,0,2.2616047859191895,8589934592,1073741824,5072502784,307429376
201,1771638384508,3504,3504,3504,3504,3504,3504,3504,3504,34.93812561035156,33.69943618774414,33.06840515136719,32.442466735839844,33.20641326904297,32.87037658691406,32.944480895996094,33.90801239013672,33.99264144897461,23.809524536132813,27.272727966308594,19.047618865966797,10.526315689086914,0,0,0,0,2.2616047859191895,8589934592,1073741824,5072207872,307429376
10,1771638384711,3504,3504,3504,3504,3504,3504,3504,3504,34.93812561035156,33.69943618774414,33.06840515136719,32.442466735839844,33.20641326904297,32.87037658691406,32.944480895996094,33.90801239013672,33.99264144897461,25,15.789472579956055,15.000000953674316,14.285715103149414,0,0,0,0,2.4351744651794434,8589934592,1073741824,5072207872,307429376
