Delta,Time,CPU_FREQUENCY_0,CPU_FREQUENCY_1,CPU_FREQUENCY_2,CPU_FREQUENCY_3,CPU_FREQUENCY_4,CPU_FREQUENCY_5,CPU_FREQUENCY_6,CPU_FREQUENCY_7,CPU_TEMP_0,CPU_TEMP_1,CPU_TEMP_2,CPU_TEMP_3,CPU_TEMP_4,CPU_TEMP_5,CPU_TEMP_6,CPU_TEMP_7,CPU_TEMP_8,CPU_USAGE_0,CPU_USAGE_1,CPU_USAGE_2,CPU_USAGE_3,CPU_USAGE_4,CPU_USAGE_5,CPU_USAGE_6,CPU_USAGE_7,SYSTEM_POWER (Watts),TOTAL_MEMORY,TOTAL_SWAP,USED_MEMORY,USED_SWAP
0,1771649167599,3504,3504,3504,3504,3504,3504,3504,3504,52.32032775878906,51.74901580810547,50.77101135253906,50.54981231689453,50.52713394165039,50.32698059082031,49.97203063964844,51.280670166015625,51.478702545166016,NaN,0,0,0,0,0,0,0,9.005318641662598,8589934592,1073741824,5305188352,290652160
209,1771649167599,3504,3504,3504,3504,3504,3504,3504,3504,52.32032775878906,51.74901580810547,50.77101135253906,50.54981231689453,50.52713394165039,50.32698059082031,49.97203063964844,51.280670166015625,51.478702545166016,50,100,0,0,0,0,0,0,9.005318641662598,8589934592,1073741824,5305188352,290652160
205,1771649167809,3504,3504,3504,3504,3504,3504,3504,3504,52.32032775878906,51.74901580810547,50.77101135253906,50.54981231689453,50.52713394165039,50.32698059082031,49.97203063964844,51.280670166015625,51.478702545166016,23.809524536132813,20,23.809524536132813,10,4.761904716491699,4.545454502105713,0,4.761904716491699,2.2289583683013916,8589934592,1073741824,5305188352,290652160
209,1771649168016,3504,3504,3504,3504,3504,3504,3504,3504,52.32032775878906,51.74901580810547,50.77101135253906,50.54981231689453,50.52713394165039,50.32698059082031,49.97203063964844,51.280670166015625,51.478702545166016,20,23.809524536132813,19.047618865966797,14.285715103149414,0,0,0,0,2.2289583683013916,8589934592,1073741824,5305188352,290652160
205,1771649168226,3504,3504,3504,3504,3504,3504,3504,3504,51.01142120361328,50.444061279296875,49.49506378173828,49.245201110839844,49.43494415283203,49.288108825683594,48.94916534423828,50.18179702758789,50.4108772277832,28.571430206298828,23.809524536132813,27.272727966308594,19.047618865966797,0,0,0,0,2.2289583683013916,8589934592,1073741824,5291819008,290652160
208,1771649168432,3504,3504,3504,3504,3504,3504,3504,3504,51.01142120361328,50.444061279296875,49.49506378173828,49.245201110839844,49.43494415283203,49.288108825683594,48.94916534423828,50.18179702758789,50.4108772277832,28.571430206298828,19.047618865966797,21.052631378173828,19.047618865966797,0,0,0,0,2.2289583683013916,8589934592,1073741824,5288411136,290652160
207,1771649168641,3504,3504,3504,3504,3504,3504,3504,3504,51.01142120361328,50.444061279296875,49.49506378173828,49.245201110839844,49.43494415283203,49.288108825683594,48.94916534423828,50.18179702758789,50.4108772277832,20,20,14.285715103149414,10,9.090909004211426,5,4.761904716491699,4.761904716491699,3.3361220359802246,8589934592,1073741824,5000232960,290652160
209,1771649168849,3504,3504,3504,3504,3504,3504,3504,3504,51.01142120361328,50.444061279296875,49.49506378173828,49.245201110839844,49.43494415283203,49.288108825683594,48.94916534423828,50.18179702758789,50.4108772277832,20,25,19.047618865966797,14.285715103149414,0,0,0,0,3.3361220359802246,8589934592,1073741824,5008392192,290652160
209,1771649169059,3504,3504,3504,3504,3504,3504,3504,3504,51.01142120361328,50.444061279296875,49.49506378173828,49.245201110839844,49.43494415283203,49.288108825683594,48.94916534423828,50.18179702758789,50.4108772277832,27.272727966308594,27.272727966308594,19.047618865966797,9.523809432983398,0,0,0,0,3.3361220359802246,8589934592,1073741824,5008392192,290652160
208,1771649169269,3504,3504,3504,3504,3504,3504,3504,3504,49.08745193481445,48.69697189331055,47.63478088378906,47.304359436035156,47.741249084472656,47.64521789550781,47.23115539550781,48.459232330322266,48.59920120239258,30.000001907348633,22.72727394104004,28.571430206298828,19.047618865966797,0,0,4.545454502105713,0,3.3361220359802246,8589934592,1073741824,5008736256,290652160
199,1771649169477,3504,3504,3504,3504,3504,3504,3504,3504,49.08745193481445,48.69697189331055,47.63478088378906,47.304359436035156,47.741249084472656,47.64521789550781,47.23115539550781,48.459232330322266,48.59920120239258,23.809524536132813,10.526315689086914,25,14.285715103149414,0,0,0,0,3.3361220359802246,8589934592,1073741824,5009260544,290652160
208,1771649169677,3504,3504,3504,3504,3504,3504,3504,3504,49.08745193481445,48.69697189331055,47.63478088378906,47.304359436035156,47.741249084472656,47.64521789550781,47.23115539550781,48.459232330322266,48.59920120239258,20,19.047618865966797,28.571430206298828,10.526315689086914,4.761904716491699,0,0,0,2.9765210151672363,8589934592,1073741824,5009260544,290652160
209,1771649169886,3504,3504,3504,3504,3504,3504,3504,3504,49.08745193481445,48.69697189331055,47.63478088378906,47.304359436035156,47.741249084472656,47.64521789550781,47.23115539550781,48.459232330322266,48.59920120239258,31.81818199157715,20,35,19.047618865966797,0,0,0,0,2.9765210151672363,8589934592,1073741824,5009260544,290652160
209,1771649170096,3504,3504,3504,3504,3504,3504,3504,3504,49.08745193481445,48.69697189331055,47.63478088378906,47.304359436035156,47.741249084472656,47.64521789550781,47.23115539550781,48.459232330322266,48.59920120239258,20,19.047618865966797,28.571430206298828,18.18181800842285,5,13.043478012084961,5,4.761904716491699,2.9765210151672363,8589934592,1073741824,5009260544,290652160
205,1771649170306,3504,3504,3504,3504,3504,3504,3504,3504,48.127357482910156,47.863059997558594,46.583984375,46.37987518310547,46.746944427490234,46.773216247558594,46.22692108154297,47.42781066894531,47.60982131958008,19.047618865966797,14.285715103149414,19.047618865966797,5,0,0,0,0,2.9765210151672363,8589934592,1073741824,5004853248,290652160
209,1771649170513,3504,3504,3504,3504,3504,3504,3504,3504,48.127357482910156,47.863059997558594,46.583984375,46.37987518310547,46.746944427490234,46.773216247558594,46.22692108154297,47.42781066894531,47.60982131958008,20,19.047618865966797,23.809524536132813,9.523809432983398,0,0,0,0,2.9765210151672363,8589934592,1073741824,5004656640,290652160
207,1771649170723,3504,3504,3504,3504,3504,3504,3504,3504,48.127357482910156,47.863059997558594,46.583984375,46.37987518310547,46.746944427490234,46.773216247558594,46.22692108154297,47.42781066894531,47.60982131958008,14.285715103149414,23.809524536132813,23.809524536132813,14.285715103149414,4.545454502105713,0,0,0,2.2867987155914307,8589934592,1073741824,5004804096,290652160
208,1771649170931,3504,3504,3504,3504,3504,3504,3504,3504,48.127357482910156,47.863059997558594,46.583984375,46.37987518310547,46.746944427490234,46.773216247558594,46.22692108154297,47.42781066894531,47.60982131958008,19.047618865966797,20,20,10,0,0,0,0,2.2867987155914307,8589934592,1073741824,5004804096,290652160
209,1771649171140,3504,3504,3504,3504,3504,3504,3504,3504,48.127357482910156,47.863059997558594,45.71331787109375,45.48590850830078,45.97586441040039,46.18952941894531,45.52122497558594,46.648094177246094,46.739418029785156,19.047618865966797,23.809524536132813,19.047618865966797,9.523809432983398,0,0,0,0,2.2867987155914307,8589934592,1073741824,5004673024,290652160
208,1771649171350,3504,3504,3504,3504,3504,3504,3504,3504,47.17029571533203,47.07325744628906,45.71331787109375,45.48590850830078,45.97586441040039,46.18952941894531,45.52122497558594,46.648094177246094,46.739418029785156,23.809524536132813,19.047618865966797,27.272727966308594,14.285715103149414,0,0,0,0,2.2867987155914307,8589934592,1073741824,5004591104,290652160
204,1771649171559,3504,3504,3504,3504,3504,3504,3504,3504,47.17029571533203,47.07325744628906,45.71331787109375,45.48590850830078,45.97586441040039,46.18952941894531,45.52122497558594,46.648094177246094,46.739418029785156,19.047618865966797,19.047618865966797,25,14.285715103149414,4.545454502105713,0,0,0,2.2867987155914307,8589934592,1073741824,5004623872,290652160
209,1771649171764,3504,3504,3504,3504,3504,3504,3504,3504,47.17029571533203,47.07325744628906,45.71331787109375,45.48590850830078,45.97586441040039,46.18952941894531,45.52122497558594,46.648094177246094,46.739418029785156,40,40,40,35,5.263157844543457,5,4.761904716491699,5,2.1858506202697754,8589934592,1073741824,5006475264,290652160
205,1771649171974,3504,3504,3504,3504,3504,3504,3504,3504,47.17029571533203,47.07325744628906,45.71331787109375,45.48590850830078,45.97586441040039,46.18952941894531,45.52122497558594,46.648094177246094,46.739418029785156,25,25,19.047618865966797,23.809524536132813,9.523809432983398,25,9.090909004211426,19.047618865966797,2.1858506202697754,8589934592,1073741824,5006245888,290652160
207,1771649172180,3504,3504,3504,3504,3504,3504,3504,3504,46.775230407714844,46.62825012207031,45.336769104003906,45.10755920410156,45.394203186035156,45.80723571777344,45.020896911621094,46.224952697753906,46.209434509277344,19.047618865966797,14.285715103149414,19.047618865966797,14.285715103149414,0,0,0,0,2.1858506202697754,8589934592,1073741824,5006245888,290652160
207,1771649172388,3504,3504,3504,3504,3504,3504,3504,3504,46.775230407714844,46.62825012207031,45.336769104003906,45.10755920410156,45.394203186035156,45.80723571777344,45.020896911621094,46.224952697753906,46.209434509277344,25,19.047618865966797,15.000000953674316,28.571430206298828,0,0,0,0,2.1858506202697754,8589934592,1073741824,5004099584,290652160
209,1771649172596,3504,3504,3504,3504,3504,3504,3504,3504,46.775230407714844,46.62825012207031,45.336769104003906,45.10755920410156,45.394203186035156,45.80723571777344,45.020896911621094,46.224952697753906,46.209434509277344,23.809524536132813,15.000000953674316,14.285715103149414,15.000000953674316,0,0,0,0,2.1858506202697754,8589934592,1073741824,5004099584,290652160
202,1771649172806,3504,3504,3504,3504,3504,3504,3504,3504,46.775230407714844,46.62825012207031,45.336769104003906,45.10755920410156,45.394203186035156,45.80723571777344,45.020896911621094,46.224952697753906,46.209434509277344,22.72727394104004,19.047618865966797,23.809524536132813,27.272727966308594,0,4.761904716491699,0,0,2.518589496612549,8589934592,1073741824,5003886592,290652160
203,1771649173009,3504,3504,3504,3504,3504,3504,3504,3504,46.775230407714844,46.62825012207031,45.336769104003906,45.10755920410156,45.394203186035156,45.80723571777344,45.020896911621094,46.224952697753906,46.209434509277344,20,19.047618865966797,20,21.052631378173828,0,0,0,0,2.518589496612549,8589934592,1073741824,5003886592,290652160
205,1771649173213,3504,3504,3504,3504,3504,3504,3504,3504,45.89676284790039,45.59682846069336,44.519493103027344,44.217864990234375,44.750003814697266,45.08184051513672,44.28106689453125,45.43987274169922,45.50526428222656,15.789472579956055,15.000000953674316,23.809524536132813,19.047618865966797,0,0,0,0,2.518589496612549,8589934592,1073741824,5003886592,290652160
208,1771649173418,3504,3504,3504,3504,3504,3504,3504,3504,45.89676284790039,45.59682846069336,44.519493103027344,44.217864990234375,44.750003814697266,45.08184051513672,44.28106689453125,45.43987274169922,45.50526428222656,23.809524536132813,23.809524536132813,35,10.526315689086914,4.761904716491699,0,0,0,2.518589496612549,8589934592,1073741824,5004083200,290652160
207,1771649173627,3504,3504,3504,3504,3504,3504,3504,3504,45.89676284790039,45.59682846069336,44.519493103027344,44.217864990234375,44.750003814697266,45.08184051513672,44.28106689453125,45.43987274169922,45.50526428222656,23.809524536132813,15.000000953674316,19.047618865966797,22.72727394104004,0,0,0,0,2.518589496612549,8589934592,1073741824,5004050432,290652160
209,1771649173835,3504,3504,3504,3504,3504,3504,3504,3504,45.89676284790039,45.59682846069336,44.519493103027344,44.217864990234375,44.750003814697266,45.08184051513672,44.28106689453125,45.43987274169922,45.50526428222656,30.000001907348633,27.272727966308594,20,23.809524536132813,0,0,0,0,2.470226764678955,8589934592,1073741824,5004050432,290652160
209,1771649174045,3504,3504,3504,3504,3504,3504,3504,3504,45.89676284790039,45.59682846069336,44.519493103027344,44.217864990234375,44.750003814697266,45.08184051513672,44.28106689453125,45.43987274169922,45.50526428222656,27.272727966308594,10.526315689086914,22.72727394104004,9.523809432983398,0,0,0,0,2.470226764678955,8589934592,1073741824,5004017664,290652160
209,1771649174255,3504,3504,3504,3504,3504,3504,3504,3504,45.51839065551758,44.99803161621094,43.98767852783203,43.64801788330078,44.22443389892578,44.33988952636719,43.71556091308594,44.89857482910156,44.9376335144043,25,22.72727394104004,23.809524536132813,10,0,0,0,0,2.470226764678955,8589934592,1073741824,5004591104,290652160
209,1771649174465,3504,3504,3504,3504,3504,3504,3504,3504,45.51839065551758,44.99803161621094,43.98767852783203,43.64801788330078,44.22443389892578,44.33988952636719,43.71556091308594,44.89857482910156,44.9376335144043,28.571430206298828,23.809524536132813,25,23.809524536132813,0,0,0,0,2.470226764678955,8589934592,1073741824,5004738560,290652160
204,1771649174675,3504,3504,3504,3504,3504,3504,3504,3504,45.51839065551758,44.99803161621094,43.98767852783203,43.64801788330078,44.22443389892578,44.33988952636719,43.71556091308594,44.89857482910156,44.9376335144043,23.809524536132813,15.000000953674316,23.809524536132813,18.18181800842285,0,0,0,0,2.4500155448913574,8589934592,1073741824,5004328960,290652160
209,1771649174880,3504,3504,3504,3504,3504,3504,3504,3504,45.51839065551758,44.99803161621094,43.98767852783203,43.64801788330078,44.22443389892578,44.33988952636719,43.71556091308594,44.89857482910156,44.9376335144043,25,20,19.047618865966797,10.526315689086914,0,0,0,0,2.4500155448913574,8589934592,1073741824,5004722176,290652160
209,1771649175090,3504,3504,3504,3504,3504,3504,3504,3504,45.51839065551758,44.99803161621094,43.98767852783203,43.64801788330078,44.22443389892578,44.33988952636719,43.71556091308594,44.89857482910156,44.9376335144043,28.571430206298828,18.18181800842285,20,18.18181800842285,0,4.761904716491699,4.761904716491699,0,2.4500155448913574,8589934592,1073741824,5005295616,290652160
205,1771649175300,3504,3504,3504,3504,3504,3504,3504,3504,45.05778121948242,44.55757522583008,43.5247802734375,43.17823791503906,43.886138916015625,43.695831298828125,43.22380828857422,44.40314483642578,44.47639083862305,18.18181800842285,14.285715103149414,28.571430206298828,10,8.69565200805664,0,0,4.545454502105713,2.4500155448913574,8589934592,1073741824,5004722176,290652160
206,1771649175506,3504,3504,3504,3504,3504,3504,3504,3504,45.05778121948242,44.55757522583008,43.5247802734375,43.17823791503906,43.886138916015625,43.695831298828125,43.22380828857422,44.40314483642578,44.47639083862305,25,15.000000953674316,23.809524536132813,14.285715103149414,0,0,0,0,2.4500155448913574,8589934592,1073741824,5004738560,290652160
209,1771649175713,3504,3504,3504,3504,3504,3504,3504,3504,45.05778121948242,44.55757522583008,43.5247802734375,43.17823791503906,43.886138916015625,43.695831298828125,43.22380828857422,44.40314483642578,44.47639083862305,21.052631378173828,28.571430206298828,28.571430206298828,19.047618865966797,0,0,0,0,2.3236963748931885,8589934592,1073741824,5004640256,290652160
208,1771649175923,3504,3504,3504,3504,3504,3504,3504,3504,45.05778121948242,44.55757522583008,43.5247802734375,43.17823791503906,43.886138916015625,43.695831298828125,43.22380828857422,44.40314483642578,44.47639083862305,27.272727966308594,33.333335876464844,28.571430206298828,15.000000953674316,0,0,0,0,2.3236963748931885,8589934592,1073741824,5003558912,290652160
209,1771649176132,3504,3504,3504,3504,3504,3504,3504,3504,45.05778121948242,44.55757522583008,43.5247802734375,43.17823791503906,43.886138916015625,43.695831298828125,43.22380828857422,44.40314483642578,44.47639083862305,28.571430206298828,15.000000953674316,20,19.047618865966797,0,0,0,0,2.3236963748931885,8589934592,1073741824,5002854400,290652160
206,1771649176342,3504,3504,3504,3504,3504,3504,3504,3504,44.421993255615234,44.14078903198242,43.030189514160156,42.74151611328125,43.32786178588867,43.25829315185547,42.816558837890625,43.88475036621094,44.051212310791016,15.000000953674316,19.047618865966797,5,19.047618865966797,0,4.545454502105713,0,0,2.3236963748931885,8589934592,1073741824,5002821632,290652160
203,1771649176549,3504,3504,3504,3504,3504,3504,3504,3504,44.421993255615234,44.14078903198242,43.030189514160156,42.74151611328125,43.32786178588867,43.25829315185547,42.816558837890625,43.88475036621094,44.051212310791016,31.81818199157715,14.285715103149414,18.18181800842285,20,0,0,0,0,2.3236963748931885,8589934592,1073741824,5002805248,290652160
201,1771649176753,3504,3504,3504,3504,3504,3504,3504,3504,44.421993255615234,44.14078903198242,43.030189514160156,42.74151611328125,43.32786178588867,43.25829315185547,42.816558837890625,43.88475036621094,44.051212310791016,36.842105865478516,35,25,30.000001907348633,10,14.285715103149414,9.523809432983398,5,2.0134668350219727,8589934592,1073741824,5005819904,290652160
209,1771649176955,3504,3504,3504,3504,3504,3504,3504,3504,44.421993255615234,44.14078903198242,43.030189514160156,42.74151611328125,43.32786178588867,43.25829315185547,42.816558837890625,43.88475036621094,44.051212310791016,25,28.571430206298828,15.000000953674316,18.18181800842285,5,0,0,0,2.0134668350219727,8589934592,1073741824,5006311424,290652160
207,1771649177165,3504,3504,3504,3504,3504,3504,3504,3504,44.17335891723633,43.88899230957031,42.771217346191406,42.561744689941406,43.05607223510742,43.03974914550781,42.51513671875,43.646121978759766,43.72318649291992,28.571430206298828,20,25,14.285715103149414,0,0,0,0,2.0134668350219727,8589934592,1073741824,5001986048,290652160
206,1771649177373,3504,3504,3504,3504,3504,3504,3504,3504,44.17335891723633,43.88899230957031,42.771217346191406,42.561744689941406,43.05607223510742,43.03974914550781,42.51513671875,43.646121978759766,43.72318649291992,22.72727394104004,19.047618865966797,33.333335876464844,15.000000953674316,4.545454502105713,0,0,0,2.0134668350219727,8589934592,1073741824,4993138688,290652160
206,1771649177580,3504,3504,3504,3504,3504,3504,3504,3504,44.17335891723633,43.88899230957031,42.771217346191406,42.561744689941406,43.05607223510742,43.03974914550781,42.51513671875,43.646121978759766,43.72318649291992,20,19.047618865966797,28.571430206298828,14.285715103149414,0,0,0,0,2.0134668350219727,8589934592,1073741824,4995612672,290652160
209,1771649177787,3504,3504,3504,3504,3504,3504,3504,3504,44.17335891723633,43.88899230957031,42.771217346191406,42.561744689941406,43.05607223510742,43.03974914550781,42.51513671875,43.646121978759766,43.72318649291992,20,25,38.095237731933594,15.000000953674316,0,0,0,0,2.402545213699341,8589934592,1073741824,4995514368,290652160
209,1771649177997,3504,3504,3504,3504,3504,3504,3504,3504,44.17335891723633,43.88899230957031,42.771217346191406,42.561744689941406,43.05607223510742,43.03974914550781,42.51513671875,43.646121978759766,43.72318649291992,28.571430206298828,19.047618865966797,25,19.047618865966797,4.761904716491699,5,4.761904716491699,0,2.402545213699341,8589934592,1073741824,4996399104,290652160
209,1771649178207,3504,3504,3504,3504,3504,3504,3504,3504,43.84246063232422,43.5684814453125,42.42268371582031,42.065643310546875,42.64946746826172,42.73326873779297,42.14320373535156,43.24203109741211,43.31804656982422,23.809524536132813,20,14.285715103149414,22.72727394104004,0,0,0,0,2.402545213699341,8589934592,1073741824,4995792896,290652160
205,1771649178417,3504,3504,3504,3504,3504,3504,3504,3504,43.84246063232422,43.5684814453125,42.42268371582031,42.065643310546875,42.64946746826172,42.73326873779297,42.14320373535156,43.24203109741211,43.31804656982422,23.809524536132813,31.81818199157715,28.571430206298828,10,0,4.545454502105713,0,4.545454502105713,2.402545213699341,8589934592,1073741824,4995874816,290652160
208,1771649178623,3504,3504,3504,3504,3504,3504,3504,3504,43.84246063232422,43.5684814453125,42.42268371582031,42.065643310546875,42.64946746826172,42.73326873779297,42.14320373535156,43.24203109741211,43.31804656982422,15.000000953674316,20,19.047618865966797,14.285715103149414,0,0,0,0,2.402545213699341,8589934592,1073741824,4995923968,290652160
209,1771649178832,3504,3504,3504,3504,3504,3504,3504,3504,43.84246063232422,43.5684814453125,42.42268371582031,42.065643310546875,42.64946746826172,42.73326873779297,42.14320373535156,43.24203109741211,43.31804656982422,20,25,25,20,0,0,0,0,2.6204943656921387,8589934592,1073741824,5000019968,290652160
209,1771649179042,3504,3504,3504,3504,3504,3504,3504,3504,43.84246063232422,43.5684814453125,42.42268371582031,42.065643310546875,42.64946746826172,42.73326873779297,42.14320373535156,43.24203109741211,43.31804656982422,18.18181800842285,23.809524536132813,14.285715103149414,19.047618865966797,4.545454502105713,0,4.761904716491699,0,2.6204943656921387,8589934592,1073741824,5000609792,290652160
204,1771649179252,3504,3504,3504,3504,3504,3504,3504,3504,43.627193450927734,43.35079574584961,42.085113525390625,41.78240203857422,42.33574676513672,42.41465759277344,41.85069274902344,42.87892150878906,43.00883865356445,40,31.81818199157715,36.3636360168457,19.047618865966797,4.761904716491699,4.761904716491699,0,4.545454502105713,2.6204943656921387,8589934592,1073741824,5005803520,290652160
201,1771649179457,3504,3504,3504,3504,3504,3504,3504,3504,43.627193450927734,43.35079574584961,42.085113525390625,41.78240203857422,42.33574676513672,42.41465759277344,41.85069274902344,42.87892150878906,43.00883865356445,23.809524536132813,30.000001907348633,25,35,15.000000953674316,10,4.761904716491699,4.761904716491699,2.6204943656921387,8589934592,1073741824,5009473536,290652160
209,1771649179658,3504,3504,3504,3504,3504,3504,3504,3504,43.627193450927734,43.35079574584961,42.085113525390625,41.78240203857422,42.33574676513672,42.41465759277344,41.85069274902344,42.87892150878906,43.00883865356445,25,30.000001907348633,25,20,20,28.571430206298828,19.047618865966797,15.000000953674316,2.232450008392334,8589934592,1073741824,4974100480,290652160
208,1771649179869,3504,3504,3504,3504,3504,3504,3504,3504,43.627193450927734,43.35079574584961,42.085113525390625,41.78240203857422,42.33574676513672,42.41465759277344,41.85069274902344,42.87892150878906,43.00883865356445,5,14.285715103149414,14.285715103149414,9.090909004211426,4.761904716491699,4.761904716491699,0,4.761904716491699,2.232450008392334,8589934592,1073741824,4977295360,290652160
205,1771649180077,3504,3504,3504,3504,3504,3504,3504,3504,43.627193450927734,43.35079574584961,42.085113525390625,41.78240203857422,42.33574676513672,42.41465759277344,41.85069274902344,42.87892150878906,43.00883865356445,21.7391300201416,20,20,10,0,0,0,0,2.232450008392334,8589934592,1073741824,4977295360,290652160
211,1771649180283,3504,3504,3504,3504,3504,3504,3504,3504,44.22232437133789,43.87990188598633,42.55010986328125,42.28253936767578,42.51128005981445,42.77101135253906,42.19773864746094,43.357154846191406,43.45973205566406,26.3157901763916,33.333335876464844,36.3636360168457,20,19.047618865966797,19.047618865966797,15.000000953674316,10,2.232450008392334,8589934592,1073741824,4977295360,290652160
202,1771649180495,3504,3504,3504,3504,3504,3504,3504,3504,44.22232437133789,43.87990188598633,42.55010986328125,42.28253936767578,42.51128005981445,42.77101135253906,42.19773864746094,43.357154846191406,43.45973205566406,22.72727394104004,14.285715103149414,10,9.523809432983398,23.809524536132813,20,13.636363983154297,9.523809432983398,2.232450008392334,8589934592,1073741824,4977295360,290652160
208,1771649180698,3504,3504,3504,3504,3504,3504,3504,3504,44.22232437133789,43.87990188598633,42.55010986328125,42.28253936767578,42.51128005981445,42.77101135253906,42.19773864746094,43.357154846191406,43.45973205566406,21.052631378173828,15.000000953674316,14.285715103149414,15.000000953674316,0,0,0,0,2.483661413192749,8589934592,1073741824,4977229824,290652160
208,1771649180906,3504,3504,3504,3504,3504,3504,3504,3504,44.22232437133789,43.87990188598633,42.55010986328125,42.28253936767578,42.51128005981445,42.77101135253906,42.19773864746094,43.357154846191406,43.45973205566406,25,19.047618865966797,10,18.18181800842285,4.761904716491699,4.545454502105713,4.545454502105713,0,2.483661413192749,8589934592,1073741824,4977246208,290652160
207,1771649181115,3504,3504,3504,3504,3504,3504,3504,3504,44.22232437133789,43.87990188598633,42.55010986328125,42.28253936767578,42.51128005981445,42.77101135253906,42.19773864746094,43.357154846191406,43.45973205566406,23.809524536132813,25,14.285715103149414,10,0,0,0,0,2.483661413192749,8589934592,1073741824,4977590272,290652160
209,1771649181323,3504,3504,3504,3504,3504,3504,3504,3504,43.8399658203125,43.581153869628906,42.252037048339844,41.95384979248047,42.31203079223633,42.48804473876953,41.94391632080078,43.10521697998047,43.18628692626953,23.809524536132813,33.333335876464844,20,9.523809432983398,4.761904716491699,0,0,0,2.483661413192749,8589934592,1073741824,4977704960,290652160
208,1771649181533,3504,3504,3504,3504,3504,3504,3504,3504,43.8399658203125,43.581153869628906,42.252037048339844,41.95384979248047,42.31203079223633,42.48804473876953,41.94391632080078,43.10521697998047,43.18628692626953,15.000000953674316,31.81818199157715,14.285715103149414,14.285715103149414,0,0,0,0,2.483661413192749,8589934592,1073741824,4978458624,290652160
209,1771649181742,3504,3504,3504,3504,3504,3504,3504,3504,43.8399658203125,43.581153869628906,42.252037048339844,41.95384979248047,42.31203079223633,42.48804473876953,41.94391632080078,43.10521697998047,43.18628692626953,23.809524536132813,10,27.272727966308594,10,0,0,0,0,2.7138559818267822,8589934592,1073741824,4978606080,290652160
209,1771649181952,3504,3504,3504,3504,3504,3504,3504,3504,43.8399658203125,43.581153869628906,42.252037048339844,41.95384979248047,42.31203079223633,42.48804473876953,41.94391632080078,43.10521697998047,43.18628692626953,40.90909194946289,33.333335876464844,30.000001907348633,27.272727966308594,9.523809432983398,0,25,4.545454502105713,2.7138559818267822,8589934592,1073741824,4978966528,290652160
209,1771649182162,3504,3504,3504,3504,3504,3504,3504,3504,42.94973373413086,42.89354705810547,41.462547302246094,41.174888610839844,41.662174224853516,41.75559997558594,41.33082580566406,42.570186614990234,42.435367584228516,28.571430206298828,19.047618865966797,19.047618865966797,9.523809432983398,0,0,0,0,2.7138559818267822,8589934592,1073741824,4978982912,290652160
209,1771649182372,3504,3504,3504,3504,3504,3504,3504,3504,42.94973373413086,42.89354705810547,41.462547302246094,41.174888610839844,41.662174224853516,41.75559997558594,41.33082580566406,42.570186614990234,42.435367584228516,25,15.000000953674316,23.809524536132813,19.047618865966797,0,0,0,0,2.7138559818267822,8589934592,1073741824,4979572736,290652160
209,1771649182582,3504,3504,3504,3504,3504,3504,3504,3504,42.94973373413086,42.89354705810547,41.462547302246094,41.174888610839844,41.662174224853516,41.75559997558594,41.33082580566406,42.570186614990234,42.435367584228516,19.047618865966797,14.285715103149414,19.047618865966797,10,0,0,0,0,2.7138559818267822,8589934592,1073741824,4979884032,290652160
205,1771649182792,3504,3504,3504,3504,3504,3504,3504,3504,42.94973373413086,42.89354705810547,41.462547302246094,41.174888610839844,41.662174224853516,41.75559997558594,41.33082580566406,42.570186614990234,42.435367584228516,19.047618865966797,14.285715103149414,20,19.047618865966797,0,0,0,0,2.9558463096618652,8589934592,1073741824,4979851264,290652160
209,1771649182998,3504,3504,3504,3504,3504,3504,3504,3504,42.94973373413086,42.89354705810547,41.462547302246094,41.174888610839844,41.662174224853516,41.75559997558594,41.33082580566406,42.570186614990234,42.435367584228516,23.809524536132813,23.809524536132813,33.333335876464844,27.272727966308594,4.545454502105713,4.545454502105713,0,0,2.9558463096618652,8589934592,1073741824,4979982336,290652160
200,1771649183208,3504,3504,3504,3504,3504,3504,3504,3504,42.64773178100586,42.39798355102539,41.132652282714844,40.755043029785156,41.259117126464844,41.17951202392578,40.86927032470703,42.044864654541016,42.040000915527344,15.000000953674316,19.047618865966797,10,15.000000953674316,4.761904716491699,0,4.761904716491699,0,2.9558463096618652,8589934592,1073741824,4980031488,290652160
209,1771649183408,3504,3504,3504,3504,3504,3504,3504,3504,42.64773178100586,42.39798355102539,41.132652282714844,40.755043029785156,41.259117126464844,41.17951202392578,40.86927032470703,42.044864654541016,42.040000915527344,25,20,20,14.285715103149414,0,0,0,0,2.9558463096618652,8589934592,1073741824,4980031488,290652160
209,1771649183619,3504,3504,3504,3504,3504,3504,3504,3504,42.64773178100586,42.39798355102539,41.132652282714844,40.755043029785156,41.259117126464844,41.17951202392578,40.86927032470703,42.044864654541016,42.040000915527344,36.3636360168457,23.809524536132813,30.434782028198242,20,0,0,0,0,2.9558463096618652,8589934592,1073741824,4980998144,290652160
208,1771649183829,3504,3504,3504,3504,3504,3504,3504,3504,42.64773178100586,42.39798355102539,41.132652282714844,40.755043029785156,41.259117126464844,41.17951202392578,40.86927032470703,42.044864654541016,42.040000915527344,25,28.571430206298828,20,19.047618865966797,5,9.090909004211426,4.761904716491699,4.545454502105713,2.219010353088379,8589934592,1073741824,4982390784,290652160
209,1771649184038,3504,3504,3504,3504,3504,3504,3504,3504,42.64773178100586,42.39798355102539,41.132652282714844,40.755043029785156,41.259117126464844,41.17951202392578,40.86927032470703,42.044864654541016,42.040000915527344,23.809524536132813,25,14.285715103149414,14.285715103149414,4.545454502105713,4.761904716491699,0,0,2.219010353088379,8589934592,1073741824,4982407168,290652160
209,1771649184248,3504,3504,3504,3504,3504,3504,3504,3504,42.467124938964844,42.12461853027344,40.89740753173828,40.58647155761719,41.05191421508789,40.96649169921875,40.645057678222656,41.8209342956543,41.85284423828125,23.809524536132813,23.809524536132813,15.000000953674316,14.285715103149414,0,0,0,0,2.219010353088379,8589934592,1073741824,4981637120,290652160
200,1771649184458,3504,3504,3504,3504,3504,3504,3504,3504,42.467124938964844,42.12461853027344,40.89740753173828,40.58647155761719,41.05191421508789,40.96649169921875,40.645057678222656,41.8209342956543,41.85284423828125,28.571430206298828,14.285715103149414,14.285715103149414,9.523809432983398,4.761904716491699,0,0,0,2.219010353088379,8589934592,1073741824,4981440512,290652160
205,1771649184659,3504,3504,3504,3504,3504,3504,3504,3504,42.467124938964844,42.12461853027344,40.89740753173828,40.58647155761719,41.05191421508789,40.96649169921875,40.645057678222656,41.8209342956543,41.85284423828125,30.000001907348633,20,25,15.000000953674316,0,0,0,0,2.2324471473693848,8589934592,1073741824,4981489664,290652160
209,1771649184865,3504,3504,3504,3504,3504,3504,3504,3504,42.467124938964844,42.12461853027344,40.89740753173828,40.58647155761719,41.05191421508789,40.96649169921875,40.645057678222656,41.8209342956543,41.85284423828125,23.809524536132813,19.047618865966797,30.000001907348633,14.285715103149414,0,0,0,0,2.2324471473693848,8589934592,1073741824,4981489664,290652160
206,1771649185075,3504,3504,3504,3504,3504,3504,3504,3504,42.467124938964844,42.12461853027344,40.89740753173828,40.58647155761719,41.05191421508789,40.96649169921875,40.645057678222656,41.8209342956543,41.85284423828125,15.000000953674316,10,28.571430206298828,5.263157844543457,0,0,0,0,2.2324471473693848,8589934592,1073741824,4981538816,290652160
209,1771649185282,3504,3504,3504,3504,3504,3504,3504,3504,42.1634521484375,41.70011520385742,40.63664245605469,40.39543151855469,40.750362396240234,40.714942932128906,40.416969299316406,41.51073455810547,41.5802116394043,23.809524536132813,19.047618865966797,19.047618865966797,13.636363983154297,4.761904716491699,4.761904716491699,5,9.090909004211426,2.2324471473693848,8589934592,1073741824,4981604352,290652160
205,1771649185492,3504,3504,3504,3504,3504,3504,3504,3504,42.1634521484375,41.70011520385742,40.63664245605469,40.39543151855469,40.750362396240234,40.714942932128906,40.416969299316406,41.51073455810547,41.5802116394043,28.571430206298828,14.285715103149414,14.285715103149414,9.523809432983398,4.545454502105713,0,0,0,2.2324471473693848,8589934592,1073741824,4981604352,290652160
209,1771649185698,3504,3504,3504,3504,3504,3504,3504,3504,42.1634521484375,41.70011520385742,40.63664245605469,40.39543151855469,40.750362396240234,40.714942932128906,40.416969299316406,41.51073455810547,41.5802116394043,52.38095474243164,42.85714340209961,42.85714340209961,38.095237731933594,0,0,0,0,2.5426952838897705,8589934592,1073741824,4981604352,290652160
200,1771649185908,3504,3504,3504,3504,3504,3504,3504,3504,42.1634521484375,41.70011520385742,40.63664245605469,40.39543151855469,40.750362396240234,40.714942932128906,40.416969299316406,41.51073455810547,41.5802116394043,30.000001907348633,19.047618865966797,23.809524536132813,15.000000953674316,0,0,0,0,2.5426952838897705,8589934592,1073741824,4983652352,290652160
202,1771649186109,3504,3504,3504,3504,3504,3504,3504,3504,42.1634521484375,41.70011520385742,40.63664245605469,40.39543151855469,40.750362396240234,40.714942932128906,40.416969299316406,41.51073455810547,41.5802116394043,20,26.3157901763916,30.000001907348633,15.000000953674316,0,0,0,0,2.5426952838897705,8589934592,1073741824,4983603200,290652160
202,1771649186312,3504,3504,3504,3504,3504,3504,3504,3504,42.023250579833984,41.45762252807617,40.38285827636719,40.14154052734375,40.62354278564453,40.54405212402344,40.241058349609375,41.30274963378906,41.33283996582031,15.000000953674316,20,19.047618865966797,10,0,0,0,0,2.5426952838897705,8589934592,1073741824,4983619584,290652160
209,1771649186515,3504,3504,3504,3504,3504,3504,3504,3504,42.023250579833984,41.45762252807617,40.38285827636719,40.14154052734375,40.62354278564453,40.54405212402344,40.241058349609375,41.30274963378906,41.33283996582031,15.000000953674316,23.809524536132813,15.789472579956055,9.523809432983398,0,0,0,0,2.5426952838897705,8589934592,1073741824,4983619584,290652160
209,1771649186725,3504,3504,3504,3504,3504,3504,3504,3504,42.023250579833984,41.45762252807617,40.38285827636719,40.14154052734375,40.62354278564453,40.54405212402344,40.241058349609375,41.30274963378906,41.33283996582031,19.047618865966797,23.809524536132813,19.047618865966797,9.523809432983398,0,4.545454502105713,4.761904716491699,0,2.072249174118042,8589934592,1073741824,4983619584,290652160
208,1771649186935,3504,3504,3504,3504,3504,3504,3504,3504,42.023250579833984,41.45762252807617,40.38285827636719,40.14154052734375,40.62354278564453,40.54405212402344,40.241058349609375,41.30274963378906,41.33283996582031,19.047618865966797,20,19.047618865966797,9.523809432983398,0,0,0,0,2.072249174118042,8589934592,1073741824,4983537664,290652160
199,1771649187144,3504,3504,3504,3504,3504,3504,3504,3504,41.85942840576172,41.05875015258789,40.16449737548828,39.864280700683594,40.348487854003906,40.246788024902344,39.95335388183594,41.06871795654297,41.119049072265625,19.047618865966797,18.18181800842285,25,10,0,0,0,0,2.072249174118042,8589934592,1073741824,4983554048,290652160
204,1771649187344,3504,3504,3504,3504,3504,3504,3504,3504,41.85942840576172,41.05875015258789,40.16449737548828,39.864280700683594,40.348487854003906,40.246788024902344,39.95335388183594,41.06871795654297,41.119049072265625,10.526315689086914,22.22222328186035,19.047618865966797,10,0,0,0,0,2.072249174118042,8589934592,1073741824,4983554048,290652160
209,1771649187548,3504,3504,3504,3504,3504,3504,3504,3504,41.85942840576172,41.05875015258789,40.16449737548828,39.864280700683594,40.348487854003906,40.246788024902344,39.95335388183594,41.06871795654297,41.119049072265625,23.809524536132813,31.81818199157715,15.789472579956055,14.285715103149414,5,4.761904716491699,4.761904716491699,5,2.072249174118042,8589934592,1073741824,4983128064,290652160
205,1771649187759,3504,3504,3504,3504,3504,3504,3504,3504,41.85942840576172,41.05875015258789,40.16449737548828,39.864280700683594,40.348487854003906,40.246788024902344,39.95335388183594,41.06871795654297,41.119049072265625,22.72727394104004,14.285715103149414,9.090909004211426,9.523809432983398,4.761904716491699,4.761904716491699,4.761904716491699,4.545454502105713,2.5727274417877197,8589934592,1073741824,4982980608,290652160
207,1771649187965,3504,3504,3504,3504,3504,3504,3504,3504,41.85942840576172,41.05875015258789,40.16449737548828,39.864280700683594,40.348487854003906,40.246788024902344,39.95335388183594,41.06871795654297,41.119049072265625,27.77777862548828,20,15.000000953674316,15.000000953674316,0,0,0,0,2.5727274417877197,8589934592,1073741824,4982980608,290652160
209,1771649188173,3504,3504,3504,3504,3504,3504,3504,3504,41.812435150146484,41.0177001953125,40.04179382324219,39.83245086669922,40.23106384277344,40.16370391845703,39.868621826171875,41.036170959472656,41.07421112060547,28.571430206298828,25,19.047618865966797,14.285715103149414,4.761904716491699,0,5.263157844543457,4.761904716491699,2.5727274417877197,8589934592,1073741824,4982980608,290652160
206,1771649188383,3504,3504,3504,3504,3504,3504,3504,3504,41.812435150146484,41.0177001953125,40.04179382324219,39.83245086669922,40.23106384277344,40.16370391845703,39.868621826171875,41.036170959472656,41.07421112060547,22.72727394104004,14.285715103149414,5,9.523809432983398,9.090909004211426,4.545454502105713,8.69565200805664,0,2.5727274417877197,8589934592,1073741824,4982685696,290652160
209,1771649188590,3504,3504,3504,3504,3504,3504,3504,3504,41.812435150146484,41.0177001953125,40.04179382324219,39.83245086669922,40.23106384277344,40.16370391845703,39.868621826171875,41.036170959472656,41.07421112060547,23.809524536132813,28.571430206298828,18.18181800842285,9.523809432983398,0,0,0,0,2.5727274417877197,8589934592,1073741824,4982685696,290652160
209,1771649188800,3504,3504,3504,3504,3504,3504,3504,3504,41.812435150146484,41.0177001953125,40.04179382324219,39.83245086669922,40.23106384277344,40.16370391845703,39.868621826171875,41.036170959472656,41.07421112060547,25,33.333335876464844,23.809524536132813,15.000000953674316,15.000000953674316,14.285715103149414,5,4.761904716491699,2.0607378482818604,8589934592,1073741824,4985323520,290652160
204,1771649189010,3504,3504,3504,3504,3504,3504,3504,3504,41.812435150146484,41.0177001953125,40.04179382324219,39.83245086669922,40.23106384277344,40.16370391845703,39.868621826171875,41.036170959472656,41.07421112060547,19.047618865966797,15.000000953674316,14.285715103149414,14.285715103149414,9.090909004211426,9.090909004211426,0,0,2.0607378482818604,8589934592,1073741824,4986355712,290652160
207,1771649189215,3504,3504,3504,3504,3504,3504,3504,3504,41.797889709472656,41.038673400878906,40.07115936279297,39.83665466308594,40.19560623168945,40.0992431640625,39.864044189453125,41,41.01511764526367,30.000001907348633,25,15.789472579956055,19.047618865966797,0,0,0,4.545454502105713,2.0607378482818604,8589934592,1073741824,4986322944,290652160
207,1771649189423,3504,3504,3504,3504,3504,3504,3504,3504,41.797889709472656,41.038673400878906,40.07115936279297,39.83665466308594,40.19560623168945,40.0992431640625,39.864044189453125,41,41.01511764526367,23.809524536132813,28.571430206298828,14.285715103149414,10,0,0,0,0,2.0607378482818604,8589934592,1073741824,4986322944,290652160
208,1771649189631,3504,3504,3504,3504,3504,3504,3504,3504,41.797889709472656,41.038673400878906,40.07115936279297,39.83665466308594,40.19560623168945,40.0992431640625,39.864044189453125,41,41.01511764526367,28.571430206298828,33.333335876464844,19.047618865966797,19.047618865966797,0,0,4.545454502105713,0,2.0607378482818604,8589934592,1073741824,4986322944,290652160
209,1771649189840,3504,3504,3504,3504,3504,3504,3504,3504,41.797889709472656,41.038673400878906,40.07115936279297,39.83665466308594,40.19560623168945,40.0992431640625,39.864044189453125,41,41.01511764526367,25,23.809524536132813,14.285715103149414,10,0,0,0,0,2.452357053756714,8589934592,1073741824,4986322944,290652160
209,1771649190050,3504,3504,3504,3504,3504,3504,3504,3504,41.797889709472656,41.038673400878906,40.07115936279297,39.83665466308594,40.19560623168945,40.0992431640625,39.864044189453125,41,41.01511764526367,22.72727394104004,23.809524536132813,15.000000953674316,13.636363983154297,0,0,0,0,2.452357053756714,8589934592,1073741824,4984291328,290652160
209,1771649190261,3504,3504,3504,3504,3504,3504,3504,3504,41.48925018310547,40.66948318481445,39.68611145019531,39.472206115722656,40.03884506225586,39.76342010498047,39.51123046875,40.64160919189453,40.70991897583008,28.571430206298828,23.809524536132813,22.72727394104004,19.047618865966797,5,4.545454502105713,0,0,2.452357053756714,8589934592,1073741824,4984029184,290652160
209,1771649190470,3504,3504,3504,3504,3504,3504,3504,3504,41.48925018310547,40.66948318481445,39.68611145019531,39.472206115722656,40.03884506225586,39.76342010498047,39.51123046875,40.64160919189453,40.70991897583008,20,14.285715103149414,14.285715103149414,19.047618865966797,0,0,0,0,2.452357053756714,8589934592,1073741824,4984045568,290652160
204,1771649190681,3504,3504,3504,3504,3504,3504,3504,3504,41.48925018310547,40.66948318481445,39.68611145019531,39.472206115722656,40.03884506225586,39.76342010498047,39.51123046875,40.64160919189453,40.70991897583008,28.571430206298828,19.047618865966797,9.523809432983398,19.047618865966797,4.545454502105713,0,0,0,2.761528968811035,8589934592,1073741824,4984045568,290652160
201,1771649190886,3504,3504,3504,3504,3504,3504,3504,3504,41.48925018310547,40.66948318481445,39.68611145019531,39.472206115722656,40.03884506225586,39.76342010498047,39.51123046875,40.64160919189453,40.70991897583008,28.571430206298828,20,20,25,15.000000953674316,14.285715103149414,14.285715103149414,14.285715103149414,2.761528968811035,8589934592,1073741824,4984078336,290652160
204,1771649191087,3504,3504,3504,3504,3504,3504,3504,3504,41.48925018310547,40.66948318481445,39.68611145019531,39.472206115722656,40.03884506225586,39.76342010498047,39.51123046875,40.64160919189453,40.70991897583008,21.052631378173828,15.000000953674316,15.000000953674316,23.809524536132813,0,0,0,0,2.761528968811035,8589934592,1073741824,4984160256,290652160
199,1771649191292,3504,3504,3504,3504,3504,3504,3504,3504,41.724281311035156,40.90283203125,39.83043670654297,39.631202697753906,40.041954040527344,39.94459533691406,39.694610595703125,40.84996795654297,40.92474365234375,28.571430206298828,23.809524536132813,23.809524536132813,15.000000953674316,0,0,4.761904716491699,0,2.761528968811035,8589934592,1073741824,4984274944,290652160
207,1771649191492,3504,3504,3504,3504,3504,3504,3504,3504,41.724281311035156,40.90283203125,39.83043670654297,39.631202697753906,40.041954040527344,39.94459533691406,39.694610595703125,40.84996795654297,40.92474365234375,20,15.789472579956055,15.789472579956055,25,0,0,0,0,2.761528968811035,8589934592,1073741824,4984291328,290652160
209,1771649191700,3504,3504,3504,3504,3504,3504,3504,3504,41.724281311035156,40.90283203125,39.83043670654297,39.631202697753906,40.041954040527344,39.94459533691406,39.694610595703125,40.84996795654297,40.92474365234375,20,28.571430206298828,19.047618865966797,28.571430206298828,0,0,0,0,2.1076996326446533,8589934592,1073741824,4984242176,290652160
203,1771649191910,3504,3504,3504,3504,3504,3504,3504,3504,41.724281311035156,40.90283203125,39.83043670654297,39.631202697753906,40.041954040527344,39.94459533691406,39.694610595703125,40.84996795654297,40.92474365234375,19.047618865966797,20,14.285715103149414,25,28.571430206298828,4.545454502105713,0,0,2.1076996326446533,8589934592,1073741824,4984668160,290652160
202,1771649192113,3504,3504,3504,3504,3504,3504,3504,3504,41.724281311035156,40.90283203125,39.83043670654297,39.631202697753906,40.041954040527344,39.94459533691406,39.694610595703125,40.84996795654297,40.92474365234375,23.809524536132813,19.047618865966797,20,25,14.285715103149414,0,0,0,2.1076996326446533,8589934592,1073741824,4984373248,290652160
203,1771649192316,3504,3504,3504,3504,3504,3504,3504,3504,41.43463897705078,40.83816909790039,39.71418762207031,39.38373565673828,39.837615966796875,39.594451904296875,39.32774353027344,40.44920349121094,40.520057678222656,21.052631378173828,14.285715103149414,10,20,0,0,4.761904716491699,9.523809432983398,2.1076996326446533,8589934592,1073741824,4984389632,290652160
209,1771649192520,3504,3504,3504,3504,3504,3504,3504,3504,41.43463897705078,40.83816909790039,39.71418762207031,39.38373565673828,39.837615966796875,39.594451904296875,39.32774353027344,40.44920349121094,40.520057678222656,25,15.000000953674316,19.047618865966797,23.809524536132813,0,0,0,0,2.1076996326446533,8589934592,1073741824,4984389632,290652160
200,1771649192730,3504,3504,3504,3504,3504,3504,3504,3504,41.43463897705078,40.83816909790039,39.71418762207031,39.38373565673828,39.837615966796875,39.594451904296875,39.32774353027344,40.44920349121094,40.520057678222656,18.18181800842285,25,9.523809432983398,19.047618865966797,0,0,0,0,2.978848934173584,8589934592,1073741824,4984373248,290652160
209,1771649192930,3504,3504,3504,3504,3504,3504,3504,3504,41.43463897705078,40.83816909790039,39.71418762207031,39.38373565673828,39.837615966796875,39.594451904296875,39.32774353027344,40.44920349121094,40.520057678222656,21.052631378173828,23.809524536132813,15.000000953674316,25,0,0,0,0,2.978848934173584,8589934592,1073741824,4984504320,290652160
209,1771649193140,3504,3504,3504,3504,3504,3504,3504,3504,41.43463897705078,40.83816909790039,39.71418762207031,39.16313934326172,39.5921516418457,39.43494415283203,39.13044738769531,40.265647888183594,40.286949157714844,19.047618865966797,25,19.047618865966797,20,0,0,0,0,2.978848934173584,8589934592,1073741824,4984504320,290652160
207,1771649193350,3504,3504,3504,3504,3504,3504,3504,3504,41.06627655029297,40.40108108520508,39.34034729003906,39.16313934326172,39.5921516418457,39.43494415283203,39.13044738769531,40.265647888183594,40.286949157714844,28.571430206298828,19.047618865966797,10,23.809524536132813,4.761904716491699,4.545454502105713,0,0,2.978848934173584,8589934592,1073741824,4984504320,290652160
209,1771649193558,3504,3504,3504,3504,3504,3504,3504,3504,41.06627655029297,40.40108108520508,39.34034729003906,39.16313934326172,39.5921516418457,39.43494415283203,39.13044738769531,40.265647888183594,40.286949157714844,28.571430206298828,20,18.18181800842285,13.636363983154297,0,0,0,0,2.978848934173584,8589934592,1073741824,4984504320,290652160
209,1771649193768,3504,3504,3504,3504,3504,3504,3504,3504,41.06627655029297,40.40108108520508,39.34034729003906,39.16313934326172,39.5921516418457,39.43494415283203,39.13044738769531,40.265647888183594,40.286949157714844,36.3636360168457,36.3636360168457,25,21.052631378173828,0,0,0,0,2.7159762382507324,8589934592,1073741824,4984504320,290652160
209,1771649193978,3504,3504,3504,3504,3504,3504,3504,3504,41.06627655029297,40.40108108520508,39.34034729003906,39.16313934326172,39.5921516418457,39.43494415283203,39.13044738769531,40.265647888183594,40.286949157714844,10.526315689086914,28.571430206298828,19.047618865966797,13.636363983154297,22.72727394104004,18.18181800842285,9.523809432983398,4.761904716491699,2.7159762382507324,8589934592,1073741824,4984504320,290652160
209,1771649194188,3504,3504,3504,3504,3504,3504,3504,3504,41.05836868286133,40.429359436035156,39.29441833496094,39.1641845703125,39.54827117919922,39.368202209472656,39.018959045410156,40.17473602294922,40.19023132324219,28.571430206298828,25,19.047618865966797,20,0,5,0,4.761904716491699,2.7159762382507324,8589934592,1073741824,4979654656,290652160
209,1771649194398,3504,3504,3504,3504,3504,3504,3504,3504,41.05836868286133,40.429359436035156,39.29441833496094,39.1641845703125,39.54827117919922,39.368202209472656,39.018959045410156,40.17473602294922,40.19023132324219,23.809524536132813,15.000000953674316,15.000000953674316,14.285715103149414,4.761904716491699,0,0,0,2.7159762382507324,8589934592,1073741824,4979654656,290652160
201,1771649194608,3504,3504,3504,3504,3504,3504,3504,3504,41.05836868286133,40.429359436035156,39.29441833496094,39.1641845703125,39.54827117919922,39.368202209472656,39.018959045410156,40.17473602294922,40.19023132324219,18.18181800842285,27.272727966308594,13.636363983154297,13.636363983154297,0,0,0,0,2.7159762382507324,8589934592,1073741824,4979441664,290652160
208,1771649194810,3504,3504,3504,3504,3504,3504,3504,3504,41.05836868286133,40.429359436035156,39.29441833496094,39.1641845703125,39.54827117919922,39.368202209472656,39.018959045410156,40.17473602294922,40.19023132324219,26.3157901763916,30.000001907348633,20,15.000000953674316,4.761904716491699,0,0,0,2.4270098209381104,8589934592,1073741824,4979441664,290652160
209,1771649195019,3504,3504,3504,3504,3504,3504,3504,3504,41.05836868286133,40.429359436035156,39.29441833496094,39.1641845703125,39.54827117919922,39.368202209472656,39.018959045410156,40.17473602294922,40.19023132324219,23.809524536132813,19.047618865966797,10,14.285715103149414,0,0,0,0,2.4270098209381104,8589934592,1073741824,4979458048,290652160
209,1771649195229,3504,3504,3504,3504,3504,3504,3504,3504,40.6578483581543,40.22138214111328,39.100677490234375,38.92179870605469,39.365455627441406,39.1585693359375,38.835205078125,40.001319885253906,40.03327178955078,33.333335876464844,19.047618865966797,20,15.000000953674316,4.761904716491699,9.090909004211426,4.761904716491699,0,2.4270098209381104,8589934592,1073741824,4979458048,290652160
204,1771649195439,3504,3504,3504,3504,3504,3504,3504,3504,40.6578483581543,40.22138214111328,39.100677490234375,38.92179870605469,39.365455627441406,39.1585693359375,38.835205078125,40.001319885253906,40.03327178955078,33.333335876464844,23.809524536132813,47.826087951660156,22.72727394104004,0,0,0,0,2.4270098209381104,8589934592,1073741824,4981882880,290652160
209,1771649195643,3504,3504,3504,3504,3504,3504,3504,3504,40.6578483581543,40.22138214111328,39.100677490234375,38.92179870605469,39.365455627441406,39.1585693359375,38.835205078125,40.001319885253906,40.03327178955078,35,30.000001907348633,36.842105865478516,31.57894515991211,0,4.761904716491699,4.761904716491699,4.761904716491699,2.586912155151367,8589934592,1073741824,4981178368,290652160
204,1771649195853,3504,3504,3504,3504,3504,3504,3504,3504,40.6578483581543,40.22138214111328,39.100677490234375,38.92179870605469,39.365455627441406,39.1585693359375,38.835205078125,40.001319885253906,40.03327178955078,23.809524536132813,13.636363983154297,9.523809432983398,22.72727394104004,0,0,0,0,2.586912155151367,8589934592,1073741824,4981178368,290652160
203,1771649196058,3504,3504,3504,3504,3504,3504,3504,3504,40.6578483581543,40.22138214111328,39.100677490234375,38.92179870605469,39.365455627441406,39.1585693359375,38.835205078125,40.001319885253906,40.03327178955078,23.809524536132813,15.789472579956055,10,25,0,0,0,0,2.586912155151367,8589934592,1073741824,4981145600,290652160
209,1771649196262,3504,3504,3504,3504,3504,3504,3504,3504,40.54152297973633,40.15312194824219,38.98388671875,38.815940856933594,39.2054557800293,39.04065704345703,38.76377868652344,39.892391204833984,39.919708251953125,31.57894515991211,20,20,20,4.761904716491699,0,0,0,2.586912155151367,8589934592,1073741824,4981145600,290652160
208,1771649196472,3504,3504,3504,3504,3504,3504,3504,3504,40.54152297973633,40.15312194824219,38.98388671875,38.815940856933594,39.2054557800293,39.04065704345703,38.76377868652344,39.892391204833984,39.919708251953125,19.047618865966797,23.809524536132813,19.047618865966797,9.523809432983398,0,0,0,0,2.586912155151367,8589934592,1073741824,4981161984,290652160
206,1771649196680,3504,3504,3504,3504,3504,3504,3504,3504,40.54152297973633,40.15312194824219,38.98388671875,38.815940856933594,39.2054557800293,39.04065704345703,38.76377868652344,39.892391204833984,39.919708251953125,27.272727966308594,23.809524536132813,18.18181800842285,19.047618865966797,0,4.761904716491699,9.090909004211426,0,2.279860258102417,8589934592,1073741824,4981145600,290652160
205,1771649196887,3504,3504,3504,3504,3504,3504,3504,3504,40.54152297973633,40.15312194824219,38.98388671875,38.815940856933594,39.2054557800293,39.04065704345703,38.76377868652344,39.892391204833984,39.919708251953125,15.000000953674316,23.809524536132813,20,10,0,0,0,0,2.279860258102417,8589934592,1073741824,4981129216,290652160
209,1771649197094,3504,3504,3504,3504,3504,3504,3504,3504,40.54152297973633,40.15312194824219,38.98388671875,38.815940856933594,39.2054557800293,39.04065704345703,38.76377868652344,39.892391204833984,39.919708251953125,25,35,19.047618865966797,18.18181800842285,0,0,0,0,2.279860258102417,8589934592,1073741824,4981047296,290652160
208,1771649197304,3504,3504,3504,3504,3504,3504,3504,3504,40.27926254272461,40.03657531738281,38.71324920654297,38.658729553222656,39.07679748535156,38.85406494140625,38.64839172363281,39.746490478515625,39.788719177246094,42.85714340209961,27.272727966308594,38.095237731933594,40,0,0,0,0,2.279860258102417,8589934592,1073741824,4981063680,290652160
209,1771649197512,3504,3504,3504,3504,3504,3504,3504,3504,40.27926254272461,40.03657531738281,38.71324920654297,38.658729553222656,39.07679748535156,38.85406494140625,38.64839172363281,39.746490478515625,39.788719177246094,20,15.789472579956055,15.000000953674316,19.047618865966797,9.090909004211426,4.545454502105713,0,4.761904716491699,2.279860258102417,8589934592,1073741824,4981063680,290652160
211,1771649197723,3504,3504,3504,3504,3504,3504,3504,3504,40.27926254272461,40.03657531738281,38.71324920654297,38.658729553222656,39.07679748535156,38.85406494140625,38.64839172363281,39.746490478515625,39.788719177246094,14.285715103149414,22.72727394104004,9.523809432983398,18.18181800842285,0,0,0,0,2.5765368938446045,8589934592,1073741824,4981080064,290652160
206,1771649197935,3504,3504,3504,3504,3504,3504,3504,3504,40.27926254272461,40.03657531738281,38.71324920654297,38.658729553222656,39.07679748535156,38.85406494140625,38.64839172363281,39.746490478515625,39.788719177246094,33.333335876464844,19.047618865966797,19.047618865966797,25,0,0,0,0,2.5765368938446045,8589934592,1073741824,4981080064,290652160
209,1771649198142,3504,3504,3504,3504,3504,3504,3504,3504,40.27926254272461,39.989654541015625,38.678993225097656,38.571800231933594,38.940086364746094,38.74278259277344,38.612571716308594,39.685176849365234,39.72651290893555,23.809524536132813,14.285715103149414,14.285715103149414,19.047618865966797,4.761904716491699,0,4.761904716491699,4.761904716491699,2.5765368938446045,8589934592,1073741824,4981014528,290652160
209,1771649198352,3504,3504,3504,3504,3504,3504,3504,3504,40.20721435546875,39.989654541015625,38.678993225097656,38.571800231933594,38.940086364746094,38.74278259277344,38.612571716308594,39.685176849365234,39.72651290893555,23.809524536132813,19.047618865966797,28.571430206298828,14.285715103149414,0,0,0,0,2.5765368938446045,8589934592,1073741824,4981030912,290652160
202,1771649198562,3504,3504,3504,3504,3504,3504,3504,3504,40.20721435546875,39.989654541015625,38.678993225097656,38.571800231933594,38.940086364746094,38.74278259277344,38.612571716308594,39.685176849365234,39.72651290893555,28.571430206298828,15.000000953674316,23.809524536132813,10,4.761904716491699,4.761904716491699,4.761904716491699,0,2.5765368938446045,8589934592,1073741824,4981030912,290652160
208,1771649198764,3504,3504,3504,3504,3504,3504,3504,3504,40.20721435546875,39.989654541015625,38.678993225097656,38.571800231933594,38.940086364746094,38.74278259277344,38.612571716308594,39.685176849365234,39.72651290893555,25,28.571430206298828,15.000000953674316,14.285715103149414,0,0,0,0,1.9810127019882202,8589934592,1073741824,4980998144,290652160
201,1771649198973,3504,3504,3504,3504,3504,3504,3504,3504,40.20721435546875,39.989654541015625,38.678993225097656,38.571800231933594,38.940086364746094,38.74278259277344,38.612571716308594,39.685176849365234,39.72651290893555,33.333335876464844,20,22.72727394104004,14.285715103149414,0,0,0,0,1.9810127019882202,8589934592,1073741824,4980998144,290652160
209,1771649199175,3504,3504,3504,3504,3504,3504,3504,3504,40.083030700683594,39.88945770263672,38.58763885498047,38.39727020263672,38.814369201660156,38.52710723876953,38.44397735595703,39.553138732910156,39.540523529052734,30.000001907348633,19.047618865966797,11.111111640930176,10,0,0,0,0,1.9810127019882202,8589934592,1073741824,4980932608,290652160
210,1771649199385,3504,3504,3504,3504,3504,3504,3504,3504,40.083030700683594,39.88945770263672,38.58763885498047,38.39727020263672,38.814369201660156,38.52710723876953,38.44397735595703,39.553138732910156,39.540523529052734,33.333335876464844,23.809524536132813,18.18181800842285,14.285715103149414,0,4.545454502105713,0,0,1.9810127019882202,8589934592,1073741824,4980981760,290652160
209,1771649199596,3504,3504,3504,3504,3504,3504,3504,3504,40.083030700683594,39.88945770263672,38.58763885498047,38.39727020263672,38.814369201660156,38.52710723876953,38.44397735595703,39.553138732910156,39.540523529052734,27.272727966308594,25,14.285715103149414,10,0,0,0,0,1.9810127019882202,8589934592,1073741824,4977967104,290652160
206,1771649199806,3504,3504,3504,3504,3504,3504,3504,3504,40.083030700683594,39.88945770263672,38.58763885498047,38.39727020263672,38.814369201660156,38.52710723876953,38.44397735595703,39.553138732910156,39.540523529052734,25,23.809524536132813,15.000000953674316,9.523809432983398,0,0,0,0,2.429542303085327,8589934592,1073741824,4977983488,290652160
201,1771649200013,3504,3504,3504,3504,3504,3504,3504,3504,40.083030700683594,39.88945770263672,38.58763885498047,38.39727020263672,38.814369201660156,38.52710723876953,38.44397735595703,39.553138732910156,39.540523529052734,28.571430206298828,23.809524536132813,14.285715103149414,18.18181800842285,0,0,0,0,2.429542303085327,8589934592,1073741824,4977950720,290652160
209,1771649200215,3504,3504,3504,3504,3504,3504,3504,3504,39.93075180053711,39.76477813720703,38.38078308105469,38.16941833496094,38.717159271240234,38.40773010253906,38.34479522705078,39.386802673339844,39.417972564697266,25,25,25,10.526315689086914,9.523809432983398,0,0,4.761904716491699,2.429542303085327,8589934592,1073741824,4977967104,290652160
199,1771649200425,3504,3504,3504,3504,3504,3504,3504,3504,39.93075180053711,39.76477813720703,38.38078308105469,38.16941833496094,38.717159271240234,38.40773010253906,38.34479522705078,39.386802673339844,39.417972564697266,14.285715103149414,25,14.285715103149414,9.523809432983398,0,0,4.545454502105713,0,2.429542303085327,8589934592,1073741824,4977967104,290652160
202,1771649200626,3504,3504,3504,3504,3504,3504,3504,3504,39.93075180053711,39.76477813720703,38.38078308105469,38.16941833496094,38.717159271240234,38.40773010253906,38.34479522705078,39.386802673339844,39.417972564697266,21.052631378173828,40,20,25,0,0,0,0,2.429542303085327,8589934592,1073741824,4978802688,290652160
209,1771649200829,3504,3504,3504,3504,3504,3504,3504,3504,39.93075180053711,39.76477813720703,38.38078308105469,38.16941833496094,38.717159271240234,38.40773010253906,38.34479522705078,39.386802673339844,39.417972564697266,31.57894515991211,25,20,15.000000953674316,25,20,5.263157844543457,14.285715103149414,1.980839490890503,8589934592,1073741824,4981145600,290652160
209,1771649201039,3504,3504,3504,3504,3504,3504,3504,3504,39.93075180053711,39.76477813720703,38.38078308105469,38.16941833496094,38.717159271240234,38.40773010253906,38.34479522705078,39.386802673339844,39.417972564697266,28.571430206298828,31.81818199157715,27.272727966308594,20,23.809524536132813,27.272727966308594,22.72727394104004,14.285715103149414,1.980839490890503,8589934592,1073741824,4984340480,290652160
209,1771649201249,3504,3504,3504,3504,3504,3504,3504,3504,40.546180725097656,40.21982192993164,38.85584259033203,38.65425109863281,38.95600509643555,38.81346893310547,38.704444885253906,39.8061408996582,39.896419525146484,18.18181800842285,20,5.263157844543457,18.18181800842285,0,0,0,0,1.980839490890503,8589934592,1073741824,4984340480,290652160
205,1771649201459,3504,3504,3504,3504,3504,3504,3504,3504,40.546180725097656,40.21982192993164,38.85584259033203,38.65425109863281,38.95600509643555,38.81346893310547,38.704444885253906,39.8061408996582,39.896419525146484,15.000000953674316,27.272727966308594,19.047618865966797,28.571430206298828,0,0,0,0,1.980839490890503,8589934592,1073741824,4984684544,290652160
209,1771649201665,3504,3504,3504,3504,3504,3504,3504,3504,40.546180725097656,40.21982192993164,38.85584259033203,38.65425109863281,38.95600509643555,38.81346893310547,38.704444885253906,39.8061408996582,39.896419525146484,27.272727966308594,15.789472579956055,14.285715103149414,15.000000953674316,0,0,0,0,2.1634042263031006,8589934592,1073741824,4984684544,290652160
204,1771649201875,3504,3504,3504,3504,3504,3504,3504,3504,40.546180725097656,40.21982192993164,38.85584259033203,38.65425109863281,38.95600509643555,38.81346893310547,38.704444885253906,39.8061408996582,39.896419525146484,19.047618865966797,14.285715103149414,14.285715103149414,31.81818199157715,4.761904716491699,0,0,0,2.1634042263031006,8589934592,1073741824,4984684544,290652160
207,1771649202080,3504,3504,3504,3504,3504,3504,3504,3504,40.546180725097656,40.21982192993164,38.85584259033203,38.65425109863281,38.95600509643555,38.81346893310547,38.704444885253906,39.8061408996582,39.896419525146484,21.052631378173828,23.809524536132813,28.571430206298828,30.000001907348633,38.095237731933594,0,0,0,2.1634042263031006,8589934592,1073741824,4984684544,290652160
204,1771649202288,3504,3504,3504,3504,3504,3504,3504,3504,40.08672332763672,40.03647994995117,38.64118194580078,38.28827667236328,38.819156646728516,38.45781707763672,38.37425994873047,39.459938049316406,39.48681640625,23.809524536132813,15.000000953674316,5,14.285715103149414,0,0,0,0,2.1634042263031006,8589934592,1073741824,4984684544,290652160
202,1771649202493,3504,3504,3504,3504,3504,3504,3504,3504,40.08672332763672,40.03647994995117,38.64118194580078,38.28827667236328,38.819156646728516,38.45781707763672,38.37425994873047,39.459938049316406,39.48681640625,25,19.047618865966797,14.285715103149414,19.047618865966797,0,0,0,0,2.1634042263031006,8589934592,1073741824,4984848384,290652160
209,1771649202696,3504,3504,3504,3504,3504,3504,3504,3504,40.08672332763672,40.03647994995117,38.64118194580078,38.28827667236328,38.819156646728516,38.45781707763672,38.37425994873047,39.459938049316406,39.48681640625,33.333335876464844,20,10.526315689086914,10,0,0,0,0,3.366952657699585,8589934592,1073741824,4984848384,290652160
201,1771649202906,3504,3504,3504,3504,3504,3504,3504,3504,40.08672332763672,40.03647994995117,38.64118194580078,38.28827667236328,38.819156646728516,38.45781707763672,38.37425994873047,39.459938049316406,39.48681640625,35,19.047618865966797,18.18181800842285,10,0,0,0,0,3.366952657699585,8589934592,1073741824,4984979456,290652160
200,1771649203107,3504,3504,3504,3504,3504,3504,3504,3504,40.08672332763672,40.03647994995117,38.64118194580078,38.28827667236328,38.819156646728516,38.45781707763672,38.37425994873047,39.459938049316406,39.48681640625,33.333335876464844,15.000000953674316,15.000000953674316,15.000000953674316,0,0,0,0,3.366952657699585,8589934592,1073741824,4985077760,290652160
206,1771649203308,3504,3504,3504,3504,3504,3504,3504,3504,39.84682846069336,39.60227966308594,38.27815246582031,38.02257537841797,38.54475784301758,38.213340759277344,38.126495361328125,39.19851303100586,39.23237609863281,30.000001907348633,15.000000953674316,10.526315689086914,10,0,0,0,0,3.366952657699585,8589934592,1073741824,4985077760,290652160
202,1771649203515,3504,3504,3504,3504,3504,3504,3504,3504,39.84682846069336,39.60227966308594,38.27815246582031,38.02257537841797,38.54475784301758,38.213340759277344,38.126495361328125,39.19851303100586,39.23237609863281,30.000001907348633,28.571430206298828,19.047618865966797,19.047618865966797,0,4.761904716491699,0,0,3.366952657699585,8589934592,1073741824,4985077760,290652160
205,1771649203719,3504,3504,3504,3504,3504,3504,3504,3504,39.84682846069336,39.60227966308594,38.27815246582031,38.02257537841797,38.54475784301758,38.213340759277344,38.126495361328125,39.19851303100586,39.23237609863281,23.809524536132813,20,19.047618865966797,20,0,0,0,0,2.441056251525879,8589934592,1073741824,4985061376,290652160
209,1771649203925,3504,3504,3504,3504,3504,3504,3504,3504,39.84682846069336,39.60227966308594,38.27815246582031,38.02257537841797,38.54475784301758,38.213340759277344,38.126495361328125,39.19851303100586,39.23237609863281,15.789472579956055,20,10,28.571430206298828,0,0,0,0,2.441056251525879,8589934592,1073741824,4985126912,290652160
208,1771649204135,3504,3504,3504,3504,3504,3504,3504,3504,39.84682846069336,39.60227966308594,38.27815246582031,38.02257537841797,38.54475784301758,38.213340759277344,38.126495361328125,39.113319396972656,39.08348083496094,18.18181800842285,19.047618865966797,19.047618865966797,28.571430206298828,4.761904716491699,0,0,4.761904716491699,2.441056251525879,8589934592,1073741824,4985126912,290652160
203,1771649204344,3504,3504,3504,3504,3504,3504,3504,3504,39.80781936645508,39.41822814941406,38.18354034423828,37.90226745605469,38.37275314331055,38.031402587890625,37.962158203125,39.113319396972656,39.08348083496094,20,19.047618865966797,23.809524536132813,19.047618865966797,0,0,0,0,2.441056251525879,8589934592,1073741824,4985143296,290652160
207,1771649204548,3504,3504,3504,3504,3504,3504,3504,3504,39.80781936645508,39.41822814941406,38.18354034423828,37.90226745605469,38.37275314331055,38.031402587890625,37.962158203125,39.113319396972656,39.08348083496094,19.047618865966797,14.285715103149414,23.809524536132813,15.789472579956055,0,0,4.761904716491699,0,2.441056251525879,8589934592,1073741824,4984979456,290652160
209,1771649204756,3504,3504,3504,3504,3504,3504,3504,3504,39.80781936645508,39.41822814941406,38.18354034423828,37.90226745605469,38.37275314331055,38.031402587890625,37.962158203125,39.113319396972656,39.08348083496094,25,25,28.571430206298828,27.272727966308594,0,0,0,0,2.4755971431732178,8589934592,1073741824,4985012224,290652160
209,1771649204966,3504,3504,3504,3504,3504,3504,3504,3504,39.80781936645508,39.41822814941406,38.18354034423828,37.90226745605469,38.37275314331055,38.031402587890625,37.962158203125,39.113319396972656,39.08348083496094,18.18181800842285,14.285715103149414,15.000000953674316,20,0,0,0,0,2.4755971431732178,8589934592,1073741824,4985012224,290652160
207,1771649205176,3504,3504,3504,3504,3504,3504,3504,3504,39.77878952026367,39.2866096496582,38.061058044433594,37.826637268066406,38.33723831176758,37.92189025878906,37.89845275878906,39.00849533081055,38.95874786376953,23.809524536132813,23.809524536132813,19.047618865966797,19.047618865966797,0,0,0,0,2.4755971431732178,8589934592,1073741824,4988108800,290652160
207,1771649205383,3504,3504,3504,3504,3504,3504,3504,3504,39.77878952026367,39.2866096496582,38.061058044433594,37.826637268066406,38.33723831176758,37.92189025878906,37.89845275878906,39.00849533081055,38.95874786376953,15.000000953674316,19.047618865966797,5,15.000000953674316,9.523809432983398,5,4.761904716491699,4.761904716491699,2.4755971431732178,8589934592,1073741824,4988157952,290652160
206,1771649205593,3504,3504,3504,3504,3504,3504,3504,3504,39.77878952026367,39.2866096496582,38.061058044433594,37.826637268066406,38.33723831176758,37.92189025878906,37.89845275878906,39.00849533081055,38.95874786376953,14.285715103149414,28.571430206298828,14.285715103149414,22.72727394104004,0,0,0,0,2.4755971431732178,8589934592,1073741824,4988108800,290652160
209,1771649205801,3504,3504,3504,3504,3504,3504,3504,3504,39.77878952026367,39.2866096496582,38.061058044433594,37.826637268066406,38.33723831176758,37.92189025878906,37.89845275878906,39.00849533081055,38.95874786376953,25,30.000001907348633,22.72727394104004,25,0,0,0,0,2.256439447402954,8589934592,1073741824,4988125184,290652160
209,1771649206010,3504,3504,3504,3504,3504,3504,3504,3504,39.77878952026367,39.2866096496582,38.061058044433594,37.826637268066406,38.33723831176758,37.92189025878906,37.89845275878906,39.00849533081055,38.95874786376953,18.18181800842285,20,10.526315689086914,13.636363983154297,4.761904716491699,0,0,0,2.256439447402954,8589934592,1073741824,4988272640,290652160
209,1771649206221,3504,3504,3504,3504,3504,3504,3504,3504,39.803123474121094,39.30437469482422,38.029014587402344,37.827125549316406,38.32927322387695,37.90818786621094,37.89795684814453,39.00414276123047,38.984737396240234,25,22.72727394104004,22.72727394104004,10,0,4.545454502105713,0,0,2.256439447402954,8589934592,1073741824,4988289024,290652160
206,1771649206430,3504,3504,3504,3504,3504,3504,3504,3504,39.803123474121094,39.30437469482422,38.029014587402344,37.827125549316406,38.32927322387695,37.90818786621094,37.89795684814453,39.00414276123047,38.984737396240234,33.333335876464844,23.809524536132813,19.047618865966797,23.809524536132813,0,0,0,0,2.256439447402954,8589934592,1073741824,4988223488,290652160
203,1771649206638,3504,3504,3504,3504,3504,3504,3504,3504,39.803123474121094,39.30437469482422,38.029014587402344,37.827125549316406,38.32927322387695,37.90818786621094,37.89795684814453,39.00414276123047,38.984737396240234,20,15.000000953674316,10,19.047618865966797,0,0,0,0,2.256439447402954,8589934592,1073741824,4988272640,290652160
209,1771649206841,3504,3504,3504,3504,3504,3504,3504,3504,39.803123474121094,39.30437469482422,38.029014587402344,37.827125549316406,38.32927322387695,37.90818786621094,37.89795684814453,39.00414276123047,38.984737396240234,28.571430206298828,19.047618865966797,15.000000953674316,20,0,0,0,0,2.004218339920044,8589934592,1073741824,4988272640,290652160
205,1771649207052,3504,3504,3504,3504,3504,3504,3504,3504,39.803123474121094,39.30437469482422,38.029014587402344,37.827125549316406,38.32927322387695,37.90818786621094,37.89795684814453,39.00414276123047,38.984737396240234,25,19.047618865966797,13.636363983154297,19.047618865966797,0,0,0,0,2.004218339920044,8589934592,1073741824,4988174336,290652160
202,1771649207259,3504,3504,3504,3504,3504,3504,3504,3504,39.73106002807617,39.1322021484375,37.86170959472656,37.62769317626953,38.21705627441406,37.730934143066406,37.76600646972656,38.81853103637695,38.788841247558594,23.809524536132813,15.000000953674316,20,23.809524536132813,0,0,0,0,2.004218339920044,8589934592,1073741824,4988157952,290652160
202,1771649207462,3504,3504,3504,3504,3504,3504,3504,3504,39.73106002807617,39.1322021484375,37.86170959472656,37.62769317626953,38.21705627441406,37.730934143066406,37.76600646972656,38.81853103637695,38.788841247558594,23.809524536132813,23.809524536132813,28.571430206298828,23.809524536132813,0,0,0,0,2.004218339920044,8589934592,1073741824,4987944960,290652160
201,1771649207664,3504,3504,3504,3504,3504,3504,3504,3504,39.73106002807617,39.1322021484375,37.86170959472656,37.62769317626953,38.21705627441406,37.730934143066406,37.76600646972656,38.81853103637695,38.788841247558594,20,15.789472579956055,21.052631378173828,20,0,0,0,0,3.102389335632324,8589934592,1073741824,4987961344,290652160
209,1771649207866,3504,3504,3504,3504,3504,3504,3504,3504,39.73106002807617,39.1322021484375,37.86170959472656,37.62769317626953,38.21705627441406,37.730934143066406,37.76600646972656,38.81853103637695,38.788841247558594,15.789472579956055,15.000000953674316,23.809524536132813,15.789472579956055,0,0,0,4.761904716491699,3.102389335632324,8589934592,1073741824,4988010496,290652160
205,1771649208076,3504,3504,3504,3504,3504,3504,3504,3504,39.73106002807617,39.1322021484375,37.86170959472656,37.62769317626953,38.21705627441406,37.730934143066406,37.76600646972656,38.81853103637695,38.788841247558594,27.272727966308594,20,30.000001907348633,27.272727966308594,4.761904716491699,9.090909004211426,4.761904716491699,4.761904716491699,3.102389335632324,8589934592,1073741824,4988272640,290652160
209,1771649208282,3504,3504,3504,3504,3504,3504,3504,3504,39.58426284790039,39.07838821411133,37.801979064941406,37.51732635498047,38.07309341430664,37.60944366455078,37.67839050292969,38.7453727722168,38.70293045043945,15.000000953674316,18.18181800842285,23.809524536132813,20,0,0,0,0,3.102389335632324,8589934592,1073741824,4988272640,290652160
206,1771649208492,3504,3504,3504,3504,3504,3504,3504,3504,39.58426284790039,39.07838821411133,37.801979064941406,37.51732635498047,38.07309341430664,37.60944366455078,37.67839050292969,38.7453727722168,38.70293045043945,20,19.047618865966797,27.272727966308594,19.047618865966797,4.545454502105713,0,0,4.545454502105713,3.102389335632324,8589934592,1073741824,4988207104,290652160
202,1771649208699,3504,3504,3504,3504,3504,3504,3504,3504,39.58426284790039,39.07838821411133,37.801979064941406,37.51732635498047,38.07309341430664,37.60944366455078,37.67839050292969,38.7453727722168,38.70293045043945,19.047618865966797,28.571430206298828,21.052631378173828,14.285715103149414,0,0,0,0,2.7389910221099854,8589934592,1073741824,4988796928,290652160
208,1771649208902,3504,3504,3504,3504,3504,3504,3504,3504,39.58426284790039,39.07838821411133,37.801979064941406,37.51732635498047,38.07309341430664,37.60944366455078,37.67839050292969,38.7453727722168,38.70293045043945,15.789472579956055,15.789472579956055,20,5.263157844543457,30.000001907348633,25,19.047618865966797,5,2.7389910221099854,8589934592,1073741824,4991696896,290652160
209,1771649209110,3504,3504,3504,3504,3504,3504,3504,3504,39.58426284790039,39.07838821411133,37.801979064941406,37.51732635498047,38.07309341430664,37.60944366455078,37.67839050292969,38.7453727722168,38.70293045043945,22.72727394104004,15.000000953674316,14.285715103149414,13.636363983154297,23.809524536132813,19.047618865966797,5,5,2.7389910221099854,8589934592,1073741824,4994252800,290652160
204,1771649209320,3504,3504,3504,3504,3504,3504,3504,3504,39.81993865966797,39.43791961669922,38.145179748535156,37.90599060058594,38.20151901245117,37.82533264160156,37.82960510253906,38.946624755859375,38.89961242675781,20,22.72727394104004,23.809524536132813,9.523809432983398,4.545454502105713,0,0,0,2.7389910221099854,8589934592,1073741824,4994252800,290652160
204,1771649209525,3504,3504,3504,3504,3504,3504,3504,3504,39.81993865966797,39.43791961669922,38.145179748535156,37.90599060058594,38.20151901245117,37.82533264160156,37.82960510253906,38.946624755859375,38.89961242675781,20,21.052631378173828,20,10,0,0,0,0,2.7389910221099854,8589934592,1073741824,4994269184,290652160
207,1771649209730,3504,3504,3504,3504,3504,3504,3504,3504,39.81993865966797,39.43791961669922,38.145179748535156,37.90599060058594,38.20151901245117,37.82533264160156,37.82960510253906,38.946624755859375,38.89961242675781,31.81818199157715,23.809524536132813,27.272727966308594,25,0,0,0,0,2.267754554748535,8589934592,1073741824,4994088960,290652160
209,1771649209938,3504,3504,3504,3504,3504,3504,3504,3504,39.81993865966797,39.43791961669922,38.145179748535156,37.90599060058594,38.20151901245117,37.82533264160156,37.82960510253906,38.946624755859375,38.89961242675781,25,19.047618865966797,21.052631378173828,10,0,0,4.761904716491699,4.761904716491699,2.267754554748535,8589934592,1073741824,4990402560,290652160
209,1771649210148,3504,3504,3504,3504,3504,3504,3504,3504,39.655616760253906,39.06394577026367,37.827491760253906,37.57703399658203,38.14207458496094,37.63777160644531,37.67943572998047,38.775028228759766,38.72149658203125,23.809524536132813,9.523809432983398,19.047618865966797,9.523809432983398,0,4.761904716491699,0,0,2.267754554748535,8589934592,1073741824,4990402560,290652160
209,1771649210358,3504,3504,3504,3504,3504,3504,3504,3504,39.655616760253906,39.06394577026367,37.827491760253906,37.57703399658203,38.14207458496094,37.63777160644531,37.67943572998047,38.775028228759766,38.72149658203125,30.000001907348633,19.047618865966797,22.72727394104004,13.636363983154297,4.761904716491699,4.761904716491699,4.761904716491699,0,2.267754554748535,8589934592,1073741824,4990402560,290652160
206,1771649210568,3504,3504,3504,3504,3504,3504,3504,3504,39.655616760253906,39.06394577026367,37.827491760253906,37.57703399658203,38.14207458496094,37.63777160644531,37.67943572998047,38.775028228759766,38.72149658203125,28.571430206298828,25,15.000000953674316,15.000000953674316,0,0,4.545454502105713,0,2.267754554748535,8589934592,1073741824,4990402560,290652160
206,1771649210775,3504,3504,3504,3504,3504,3504,3504,3504,39.655616760253906,39.06394577026367,37.827491760253906,37.57703399658203,38.14207458496094,37.63777160644531,37.67943572998047,38.775028228759766,38.72149658203125,23.809524536132813,23.809524536132813,23.809524536132813,19.047618865966797,4.761904716491699,0,0,4.761904716491699,2.8173434734344482,8589934592,1073741824,4989943808,290652160
209,1771649210982,3504,3504,3504,3504,3504,3504,3504,3504,39.655616760253906,39.06394577026367,37.827491760253906,37.57703399658203,38.14207458496094,37.63777160644531,37.67943572998047,38.775028228759766,38.72149658203125,19.047618865966797,22.72727394104004,15.000000953674316,10,0,0,0,0,2.8173434734344482,8589934592,1073741824,4989927424,290652160
208,1771649211191,3504,3504,3504,3504,3504,3504,3504,3504,39.39629364013672,38.95573425292969,37.73246765136719,37.474876403808594,38.0007209777832,37.444313049316406,37.536094665527344,38.64570236206055,38.581512451171875,20,25,14.285715103149414,22.72727394104004,4.761904716491699,8.69565200805664,4.545454502105713,0,2.8173434734344482,8589934592,1073741824,4989747200,290652160
209,1771649211400,3504,3504,3504,3504,3504,3504,3504,3504,39.39629364013672,38.95573425292969,37.73246765136719,37.474876403808594,38.0007209777832,37.444313049316406,37.536094665527344,38.64570236206055,38.581512451171875,22.72727394104004,20,14.285715103149414,15.000000953674316,0,0,0,0,2.8173434734344482,8589934592,1073741824,4989845504,290652160
199,1771649211610,3504,3504,3504,3504,3504,3504,3504,3504,39.39629364013672,38.95573425292969,37.73246765136719,37.474876403808594,38.0007209777832,37.444313049316406,37.536094665527344,38.64570236206055,38.581512451171875,25,31.81818199157715,23.809524536132813,14.285715103149414,0,0,0,0,2.8173434734344482,8589934592,1073741824,4989911040,290652160
209,1771649211810,3504,3504,3504,3504,3504,3504,3504,3504,39.39629364013672,38.95573425292969,37.73246765136719,37.474876403808594,38.0007209777832,37.444313049316406,37.536094665527344,38.64570236206055,38.581512451171875,19.047618865966797,26.3157901763916,10,15.000000953674316,4.761904716491699,0,0,0,2.0382418632507324,8589934592,1073741824,4989861888,290652160
204,1771649212020,3504,3504,3504,3504,3504,3504,3504,3504,39.39629364013672,38.95573425292969,37.73246765136719,37.474876403808594,38.0007209777832,37.444313049316406,37.536094665527344,38.64570236206055,38.581512451171875,31.57894515991211,38.095237731933594,28.571430206298828,18.18181800842285,26.3157901763916,5,0,4.761904716491699,2.0382418632507324,8589934592,1073741824,4990238720,290652160
201,1771649212225,3504,3504,3504,3504,3504,3504,3504,3504,39.47699737548828,39.05729675292969,37.779014587402344,37.535743713378906,37.92963409423828,37.37254333496094,37.51898193359375,38.56669998168945,38.62752914428711,19.047618865966797,38.095237731933594,15.000000953674316,10.526315689086914,0,0,0,0,2.0382418632507324,8589934592,1073741824,4990304256,290652160
209,1771649212427,3504,3504,3504,3504,3504,3504,3504,3504,39.47699737548828,39.05729675292969,37.779014587402344,37.535743713378906,37.92963409423828,37.37254333496094,37.51898193359375,38.56669998168945,38.62752914428711,20,25,20,14.285715103149414,4.761904716491699,5,0,5,2.0382418632507324,8589934592,1073741824,4990304256,290652160
205,1771649212637,3504,3504,3504,3504,3504,3504,3504,3504,39.47699737548828,39.05729675292969,37.779014587402344,37.535743713378906,37.92963409423828,37.37254333496094,37.51898193359375,38.56669998168945,38.62752914428711,19.047618865966797,20,22.72727394104004,14.285715103149414,0,0,0,0,2.0382418632507324,8589934592,1073741824,4990304256,290652160
209,1771649212843,3504,3504,3504,3504,3504,3504,3504,3504,39.47699737548828,39.05729675292969,37.779014587402344,37.535743713378906,37.92963409423828,37.37254333496094,37.51898193359375,38.56669998168945,38.62752914428711,23.809524536132813,33.333335876464844,15.789472579956055,19.047618865966797,0,0,4.545454502105713,0,2.47280216217041,8589934592,1073741824,4990304256,290652160
209,1771649213053,3504,3504,3504,3504,3504,3504,3504,3504,39.47699737548828,39.05729675292969,37.779014587402344,37.535743713378906,37.92963409423828,37.37254333496094,37.51898193359375,38.56669998168945,38.62752914428711,23.809524536132813,28.571430206298828,18.18181800842285,15.000000953674316,0,0,0,0,2.47280216217041,8589934592,1073741824,4990484480,290652160
209,1771649213263,3504,3504,3504,3504,3504,3504,3504,3504,39.26911163330078,38.813663482666016,37.56548309326172,37.359169006347656,37.85135269165039,37.29756164550781,37.42774963378906,38.48938751220703,38.53837203979492,19.047618865966797,19.047618865966797,15.000000953674316,14.285715103149414,0,4.761904716491699,0,4.761904716491699,2.47280216217041,8589934592,1073741824,4990451712,290652160
206,1771649213473,3504,3504,3504,3504,3504,3504,3504,3504,39.26911163330078,38.813663482666016,37.56548309326172,37.359169006347656,37.85135269165039,37.29756164550781,37.42774963378906,38.48938751220703,38.53837203979492,14.285715103149414,23.809524536132813,13.636363983154297,14.285715103149414,0,0,0,0,2.47280216217041,8589934592,1073741824,4990451712,290652160
202,1771649213680,3504,3504,3504,3504,3504,3504,3504,3504,39.26911163330078,38.813663482666016,37.56548309326172,37.359169006347656,37.85135269165039,37.29756164550781,37.42774963378906,38.48938751220703,38.53837203979492,20,23.809524536132813,15.000000953674316,23.809524536132813,4.761904716491699,0,4.761904716491699,0,2.93513822555542,8589934592,1073741824,4990468096,290652160
207,1771649213883,3504,3504,3504,3504,3504,3504,3504,3504,39.26911163330078,38.813663482666016,37.56548309326172,37.359169006347656,37.85135269165039,37.29756164550781,37.42774963378906,38.48938751220703,38.53837203979492,15.000000953674316,26.3157901763916,14.285715103149414,15.789472579956055,0,0,0,0,2.93513822555542,8589934592,1073741824,4990402560,290652160
205,1771649214092,3504,3504,3504,3504,3504,3504,3504,3504,39.26911163330078,38.813663482666016,37.56548309326172,37.359169006347656,37.85135269165039,37.29756164550781,37.42774963378906,38.48938751220703,38.53837203979492,23.809524536132813,33.333335876464844,10,17.39130401611328,0,4.545454502105713,0,0,2.93513822555542,8589934592,1073741824,4990402560,290652160
206,1771649214298,3504,3504,3504,3504,3504,3504,3504,3504,39.241329193115234,38.73397445678711,37.44873046875,37.26530456542969,37.723873138427734,37.214080810546875,37.370521545410156,38.38886642456055,38.523094177246094,30.000001907348633,19.047618865966797,15.000000953674316,10.526315689086914,0,0,0,0,2.93513822555542,8589934592,1073741824,4990402560,290652160
209,1771649214504,3504,3504,3504,3504,3504,3504,3504,3504,39.241329193115234,38.73397445678711,37.44873046875,37.26530456542969,37.723873138427734,37.214080810546875,37.370521545410156,38.38886642456055,38.523094177246094,33.333335876464844,20,14.285715103149414,18.18181800842285,9.090909004211426,0,0,0,2.93513822555542,8589934592,1073741824,4990500864,290652160
201,1771649214715,3504,3504,3504,3504,3504,3504,3504,3504,39.241329193115234,38.73397445678711,37.44873046875,37.26530456542969,37.723873138427734,37.214080810546875,37.370521545410156,38.38886642456055,38.523094177246094,28.571430206298828,22.72727394104004,23.809524536132813,10.526315689086914,0,0,0,4.545454502105713,3.059885263442993,8589934592,1073741824,4990550016,290652160
209,1771649214917,3504,3504,3504,3504,3504,3504,3504,3504,39.241329193115234,38.73397445678711,37.44873046875,37.26530456542969,37.723873138427734,37.214080810546875,37.370521545410156,38.38886642456055,38.523094177246094,15.789472579956055,16.666667938232422,30.000001907348633,14.285715103149414,0,0,0,0,3.059885263442993,8589934592,1073741824,4990550016,290652160
203,1771649215127,3504,3504,3504,3504,3504,3504,3504,3504,39.241329193115234,38.73397445678711,37.44873046875,37.26530456542969,37.723873138427734,37.214080810546875,37.370521545410156,38.38886642456055,38.523094177246094,19.047618865966797,28.571430206298828,19.047618865966797,10,0,4.761904716491699,4.545454502105713,0,3.059885263442993,8589934592,1073741824,4990304256,290652160
209,1771649215331,3504,3504,3504,3504,3504,3504,3504,3504,39.06903076171875,38.63154602050781,37.38385772705078,37.13378143310547,37.64208984375,37.07183074951172,37.278724670410156,38.292686462402344,38.428810119628906,23.809524536132813,28.571430206298828,30.000001907348633,22.72727394104004,19.047618865966797,19.047618865966797,15.000000953674316,15.000000953674316,3.059885263442993,8589934592,1073741824,4990337024,290652160
209,1771649215541,3504,3504,3504,3504,3504,3504,3504,3504,39.06903076171875,38.63154602050781,37.38385772705078,37.13378143310547,37.64208984375,37.07183074951172,37.278724670410156,38.292686462402344,38.428810119628906,20,23.809524536132813,18.18181800842285,5,14.285715103149414,9.523809432983398,0,0,3.059885263442993,8589934592,1073741824,4991860736,290652160
200,1771649215751,3504,3504,3504,3504,3504,3504,3504,3504,39.06903076171875,38.63154602050781,37.38385772705078,37.13378143310547,37.64208984375,37.07183074951172,37.278724670410156,38.292686462402344,38.428810119628906,22.72727394104004,19.047618865966797,10,14.285715103149414,15.000000953674316,14.285715103149414,18.18181800842285,9.090909004211426,2.3034865856170654,8589934592,1073741824,4994203648,290652160
205,1771649215952,3504,3504,3504,3504,3504,3504,3504,3504,39.06903076171875,38.63154602050781,37.38385772705078,37.13378143310547,37.64208984375,37.07183074951172,37.278724670410156,38.292686462402344,38.428810119628906,21.052631378173828,30.000001907348633,15.000000953674316,25,0,0,0,0,2.3034865856170654,8589934592,1073741824,4994498560,290652160
209,1771649216157,3504,3504,3504,3504,3504,3504,3504,3504,39.648712158203125,39.19738006591797,37.84503173828125,37.66387939453125,37.96546173095703,37.606475830078125,37.68494415283203,38.7967529296875,38.84822463989258,25,19.047618865966797,14.285715103149414,25,0,0,0,0,2.3034865856170654,8589934592,1073741824,4994990080,290652160
209,1771649216367,3504,3504,3504,3504,3504,3504,3504,3504,39.648712158203125,39.19738006591797,37.84503173828125,37.66387939453125,37.96546173095703,37.606475830078125,37.68494415283203,38.7967529296875,38.84822463989258,23.809524536132813,15.000000953674316,14.285715103149414,19.047618865966797,0,0,0,0,2.3034865856170654,8589934592,1073741824,4994990080,290652160
209,1771649216577,3504,3504,3504,3504,3504,3504,3504,3504,39.648712158203125,39.19738006591797,37.84503173828125,37.66387939453125,37.96546173095703,37.606475830078125,37.68494415283203,38.7967529296875,38.84822463989258,23.809524536132813,9.523809432983398,10,14.285715103149414,0,0,0,0,2.3034865856170654,8589934592,1073741824,4994990080,290652160
204,1771649216787,3504,3504,3504,3504,3504,3504,3504,3504,39.648712158203125,39.19738006591797,37.84503173828125,37.66387939453125,37.96546173095703,37.606475830078125,37.68494415283203,38.7967529296875,38.84822463989258,28.571430206298828,19.047618865966797,14.285715103149414,28.571430206298828,0,0,0,0,1.9466307163238525,8589934592,1073741824,4994990080,290652160
209,1771649216992,3504,3504,3504,3504,3504,3504,3504,3504,39.648712158203125,39.19738006591797,37.84503173828125,37.66387939453125,37.96546173095703,37.606475830078125,37.68494415283203,38.7967529296875,38.84822463989258,19.047618865966797,15.000000953674316,10,20,0,0,0,0,1.9466307163238525,8589934592,1073741824,4995022848,290652160
206,1771649217201,3504,3504,3504,3504,3504,3504,3504,3504,39.009910583496094,38.5644416809082,37.36372375488281,37.111083984375,37.6184196472168,37.044342041015625,37.21214294433594,38.262046813964844,38.3375244140625,23.809524536132813,19.047618865966797,14.285715103149414,23.809524536132813,9.090909004211426,4.545454502105713,0,4.761904716491699,1.9466307163238525,8589934592,1073741824,4994727936,290652160
207,1771649217408,3504,3504,3504,3504,3504,3504,3504,3504,39.009910583496094,38.5644416809082,37.36372375488281,37.111083984375,37.6184196472168,37.044342041015625,37.21214294433594,38.262046813964844,38.3375244140625,14.285715103149414,19.047618865966797,14.285715103149414,22.72727394104004,0,0,0,0,1.9466307163238525,8589934592,1073741824,4994744320,290652160
207,1771649217616,3504,3504,3504,3504,3504,3504,3504,3504,39.009910583496094,38.5644416809082,37.36372375488281,37.111083984375,37.6184196472168,37.044342041015625,37.21214294433594,38.262046813964844,38.3375244140625,15.000000953674316,20,10,15.000000953674316,0,0,0,0,1.9466307163238525,8589934592,1073741824,4994809856,290652160
205,1771649217825,3504,3504,3504,3504,3504,3504,3504,3504,39.009910583496094,38.5644416809082,37.36372375488281,37.111083984375,37.6184196472168,37.044342041015625,37.21214294433594,38.262046813964844,38.3375244140625,23.809524536132813,14.285715103149414,18.18181800842285,25,0,0,4.545454502105713,0,3.288801908493042,8589934592,1073741824,4994826240,290652160
209,1771649218031,3504,3504,3504,3504,3504,3504,3504,3504,39.009910583496094,38.5644416809082,37.36372375488281,37.111083984375,37.6184196472168,37.044342041015625,37.21214294433594,38.262046813964844,38.3375244140625,25,28.571430206298828,20,23.809524536132813,0,0,0,0,3.288801908493042,8589934592,1073741824,4994809856,290652160
209,1771649218241,3504,3504,3504,3504,3504,3504,3504,3504,38.89751434326172,38.44221878051758,37.28523254394531,37.086341857910156,37.492549896240234,36.906524658203125,37.13145446777344,38.191951751708984,38.17971420288086,20,25,23.809524536132813,14.285715103149414,0,0,0,0,3.288801908493042,8589934592,1073741824,4994678784,290652160
204,1771649218451,3504,3504,3504,3504,3504,3504,3504,3504,38.89751434326172,38.44221878051758,37.28523254394531,37.086341857910156,37.492549896240234,36.906524658203125,37.13145446777344,38.191951751708984,38.17971420288086,23.809524536132813,27.272727966308594,9.523809432983398,14.285715103149414,4.761904716491699,0,0,0,3.288801908493042,8589934592,1073741824,4995727360,290652160
199,1771649218656,3504,3504,3504,3504,3504,3504,3504,3504,38.89751434326172,38.44221878051758,37.28523254394531,37.086341857910156,37.492549896240234,36.906524658203125,37.13145446777344,38.191951751708984,38.17971420288086,20,30.000001907348633,20,15.000000953674316,0,0,0,0,2.4184467792510986,8589934592,1073741824,4995727360,290652160
209,1771649218856,3504,3504,3504,3504,3504,3504,3504,3504,38.89751434326172,38.44221878051758,37.28523254394531,37.086341857910156,37.492549896240234,36.906524658203125,37.13145446777344,38.191951751708984,38.17971420288086,23.809524536132813,31.57894515991211,20,25,0,4.761904716491699,0,4.761904716491699,2.4184467792510986,8589934592,1073741824,4995743744,290652160
206,1771649219066,3504,3504,3504,3504,3504,3504,3504,3504,38.89751434326172,38.44221878051758,37.28523254394531,37.086341857910156,37.492549896240234,36.906524658203125,37.13145446777344,38.191951751708984,38.17971420288086,20,18.18181800842285,23.809524536132813,13.636363983154297,0,0,0,0,2.4184467792510986,8589934592,1073741824,4995743744,290652160
201,1771649219273,3504,3504,3504,3504,3504,3504,3504,3504,38.85409164428711,38.38608169555664,37.18468475341797,37.0567626953125,37.46816635131836,36.806312561035156,37.07592010498047,38.1353759765625,38.1108283996582,31.81818199157715,19.047618865966797,23.809524536132813,10,0,0,0,0,2.4184467792510986,8589934592,1073741824,4995743744,290652160
206,1771649219475,3504,3504,3504,3504,3504,3504,3504,3504,38.85409164428711,38.38608169555664,37.18468475341797,37.0567626953125,37.46816635131836,36.806312561035156,37.07592010498047,38.1353759765625,38.1108283996582,21.052631378173828,15.789472579956055,25,10,0,0,0,0,2.4184467792510986,8589934592,1073741824,4995760128,290652160
207,1771649219682,3504,3504,3504,3504,3504,3504,3504,3504,38.85409164428711,38.38608169555664,37.18468475341797,37.0567626953125,37.46816635131836,36.806312561035156,37.07592010498047,38.1353759765625,38.1108283996582,28.571430206298828,14.285715103149414,20,14.285715103149414,0,0,0,0,2.1768009662628174,8589934592,1073741824,4995760128,290652160
207,1771649219889,3504,3504,3504,3504,3504,3504,3504,3504,38.85409164428711,38.38608169555664,37.18468475341797,37.0567626953125,37.46816635131836,36.806312561035156,37.07592010498047,38.1353759765625,38.1108283996582,20,25,19.047618865966797,15.000000953674316,4.761904716491699,0,4.545454502105713,0,2.1768009662628174,8589934592,1073741824,4995710976,290652160
207,1771649220098,3504,3504,3504,3504,3504,3504,3504,3504,38.85409164428711,38.38608169555664,37.18468475341797,37.0567626953125,37.46816635131836,36.806312561035156,37.07592010498047,38.1353759765625,38.1108283996582,31.81818199157715,33.333335876464844,23.809524536132813,30.000001907348633,0,0,0,0,2.1768009662628174,8589934592,1073741824,5005770752,290652160
208,1771649220306,3504,3504,3504,3504,3504,3504,3504,3504,38.869956970214844,38.266510009765625,37.026756286621094,36.987632751464844,37.338653564453125,36.716712951660156,36.9759521484375,38.03379440307617,38.02928161621094,14.285715103149414,23.809524536132813,20,13.636363983154297,0,0,0,0,2.1768009662628174,8589934592,1073741824,5004853248,290652160
206,1771649220515,3504,3504,3504,3504,3504,3504,3504,3504,38.869956970214844,38.266510009765625,37.026756286621094,36.987632751464844,37.338653564453125,36.716712951660156,36.9759521484375,38.03379440307617,38.02928161621094,15.789472579956055,23.809524536132813,14.285715103149414,5,4.761904716491699,4.761904716491699,4.761904716491699,4.761904716491699,2.1768009662628174,8589934592,1073741824,5004853248,290652160
207,1771649220722,3504,3504,3504,3504,3504,3504,3504,3504,38.869956970214844,38.266510009765625,37.026756286621094,36.987632751464844,37.338653564453125,36.716712951660156,36.9759521484375,38.03379440307617,38.02928161621094,22.72727394104004,28.571430206298828,20,18.18181800842285,0,0,0,0,2.107881784439087,8589934592,1073741824,5004853248,290652160
200,1771649220930,3504,3504,3504,3504,3504,3504,3504,3504,38.869956970214844,38.266510009765625,37.026756286621094,36.987632751464844,37.338653564453125,36.716712951660156,36.9759521484375,38.03379440307617,38.02928161621094,25,15.000000953674316,18.18181800842285,10,0,0,0,0,2.107881784439087,8589934592,1073741824,5004853248,290652160
208,1771649221131,3504,3504,3504,3504,3504,3504,3504,3504,38.869956970214844,38.266510009765625,37.026756286621094,36.987632751464844,37.338653564453125,36.716712951660156,36.9759521484375,38.03379440307617,38.02928161621094,25,20,20,25,4.761904716491699,5,4.761904716491699,0,2.107881784439087,8589934592,1073741824,5004394496,290652160
209,1771649221340,3504,3504,3504,3504,3504,3504,3504,3504,38.85426330566406,38.26810836791992,37.029075622558594,37.00082778930664,37.246639251708984,36.71363830566406,36.91004943847656,38.04215621948242,38.017608642578125,15.000000953674316,19.047618865966797,15.000000953674316,23.809524536132813,0,4.545454502105713,0,0,2.107881784439087,8589934592,1073741824,5004591104,290652160
209,1771649221550,3504,3504,3504,3504,3504,3504,3504,3504,38.85426330566406,38.26810836791992,37.029075622558594,37.00082778930664,37.246639251708984,36.71363830566406,36.91004943847656,38.04215621948242,38.017608642578125,19.047618865966797,15.000000953674316,22.72727394104004,15.000000953674316,0,0,0,0,2.107881784439087,8589934592,1073741824,5004312576,290652160
209,1771649221760,3504,3504,3504,3504,3504,3504,3504,3504,38.85426330566406,38.26810836791992,37.029075622558594,37.00082778930664,37.246639251708984,36.71363830566406,36.91004943847656,38.04215621948242,38.017608642578125,19.047618865966797,23.809524536132813,10,13.636363983154297,8.69565200805664,0,0,4.545454502105713,1.912574052810669,8589934592,1073741824,5004296192,290652160
209,1771649221970,3504,3504,3504,3504,3504,3504,3504,3504,38.85426330566406,38.26810836791992,37.029075622558594,37.00082778930664,37.246639251708984,36.71363830566406,36.91004943847656,38.04215621948242,38.017608642578125,36.3636360168457,36.3636360168457,14.285715103149414,19.047618865966797,0,0,0,0,1.912574052810669,8589934592,1073741824,5004705792,290652160
203,1771649222180,3504,3504,3504,3504,3504,3504,3504,3504,38.793888092041016,38.39615249633789,37.130096435546875,36.922061920166016,37.25751495361328,36.64303207397461,36.869140625,37.949405670166016,37.95657730102539,30.000001907348633,30.000001907348633,23.809524536132813,25,25,0,0,0,1.912574052810669,8589934592,1073741824,5004509184,290652160
207,1771649222383,3504,3504,3504,3504,3504,3504,3504,3504,38.793888092041016,38.39615249633789,37.130096435546875,36.922061920166016,37.25751495361328,36.64303207397461,36.869140625,37.949405670166016,37.95657730102539,28.571430206298828,28.571430206298828,19.047618865966797,14.285715103149414,0,0,0,0,1.912574052810669,8589934592,1073741824,5004525568,290652160
209,1771649222592,3504,3504,3504,3504,3504,3504,3504,3504,38.793888092041016,38.39615249633789,37.130096435546875,36.922061920166016,37.25751495361328,36.64303207397461,36.869140625,37.949405670166016,37.95657730102539,15.000000953674316,26.3157901763916,10,9.523809432983398,0,0,0,0,1.912574052810669,8589934592,1073741824,5004541952,290652160
207,1771649222802,3504,3504,3504,3504,3504,3504,3504,3504,38.793888092041016,38.39615249633789,37.130096435546875,36.922061920166016,37.25751495361328,36.64303207397461,36.869140625,37.949405670166016,37.95657730102539,25,34.78260803222656,23.809524536132813,19.047618865966797,0,0,0,0,2.4771015644073486,8589934592,1073741824,5004541952,290652160
209,1771649223009,3504,3504,3504,3504,3504,3504,3504,3504,38.793888092041016,38.39615249633789,37.130096435546875,36.922061920166016,37.25751495361328,36.64303207397461,36.869140625,37.949405670166016,37.95657730102539,31.81818199157715,21.052631378173828,19.047618865966797,10,0,0,0,0,2.4771015644073486,8589934592,1073741824,5004607488,290652160
210,1771649223219,3504,3504,3504,3504,3504,3504,3504,3504,38.66728591918945,38.13359451293945,36.95439147949219,36.76362991333008,37.177249908447266,36.553070068359375,36.81971740722656,37.862464904785156,37.90095901489258,25,18.18181800842285,19.047618865966797,18.18181800842285,0,4.761904716491699,4.761904716491699,0,2.4771015644073486,8589934592,1073741824,5004607488,290652160
209,1771649223430,3504,3504,3504,3504,3504,3504,3504,3504,38.66728591918945,38.13359451293945,36.95439147949219,36.76362991333008,37.177249908447266,36.553070068359375,36.81971740722656,37.862464904785156,37.90095901489258,28.571430206298828,19.047618865966797,20,10,0,0,0,0,2.4771015644073486,8589934592,1073741824,5004558336,290652160
206,1771649223640,3504,3504,3504,3504,3504,3504,3504,3504,38.66728591918945,38.13359451293945,36.95439147949219,36.76362991333008,37.177249908447266,36.553070068359375,36.81971740722656,37.862464904785156,37.90095901489258,19.047618865966797,19.047618865966797,19.047618865966797,9.523809432983398,0,0,0,0,2.45278263092041,8589934592,1073741824,5004558336,290652160
207,1771649223847,3504,3504,3504,3504,3504,3504,3504,3504,38.66728591918945,38.13359451293945,36.95439147949219,36.76362991333008,37.177249908447266,36.553070068359375,36.81971740722656,37.862464904785156,37.90095901489258,36.3636360168457,30.000001907348633,30.000001907348633,23.809524536132813,14.285715103149414,10,0,0,2.45278263092041,8589934592,1073741824,5006409728,290652160
209,1771649224054,3504,3504,3504,3504,3504,3504,3504,3504,38.66728591918945,38.13359451293945,36.95439147949219,36.76362991333008,37.177249908447266,36.553070068359375,36.81971740722656,37.862464904785156,37.90095901489258,15.789472579956055,25,18.18181800842285,10,33.333335876464844,30.000001907348633,19.047618865966797,14.285715103149414,2.45278263092041,8589934592,1073741824,5006409728,290652160
209,1771649224264,3504,3504,3504,3504,3504,3504,3504,3504,39.01179504394531,38.486263275146484,37.244293212890625,37.06150817871094,37.28373336791992,36.79271697998047,36.953125,38.0883903503418,38.09401321411133,20,5,5,4.761904716491699,19.047618865966797,14.285715103149414,14.285715103149414,9.523809432983398,2.45278263092041,8589934592,1073741824,5009915904,290652160
202,1771649224474,3504,3504,3504,3504,3504,3504,3504,3504,39.01179504394531,38.486263275146484,37.244293212890625,37.06150817871094,37.28373336791992,36.79271697998047,36.953125,38.0883903503418,38.09401321411133,23.809524536132813,26.086956024169922,9.523809432983398,9.523809432983398,0,0,0,0,2.45278263092041,8589934592,1073741824,5009915904,290652160
209,1771649224677,3504,3504,3504,3504,3504,3504,3504,3504,39.01179504394531,38.486263275146484,37.244293212890625,37.06150817871094,37.28373336791992,36.79271697998047,36.953125,38.0883903503418,38.09401321411133,28.571430206298828,21.052631378173828,15.000000953674316,14.285715103149414,4.761904716491699,4.761904716491699,0,0,2.142993211746216,8589934592,1073741824,5009948672,290652160
203,1771649224887,3504,3504,3504,3504,3504,3504,3504,3504,39.01179504394531,38.486263275146484,37.244293212890625,37.06150817871094,37.28373336791992,36.79271697998047,36.953125,38.0883903503418,38.09401321411133,19.047618865966797,20,14.285715103149414,10,0,0,4.545454502105713,4.761904716491699,2.142993211746216,8589934592,1073741824,5009915904,290652160
206,1771649225091,3504,3504,3504,3504,3504,3504,3504,3504,39.01179504394531,38.486263275146484,37.244293212890625,37.06150817871094,37.28373336791992,36.79271697998047,36.953125,38.0883903503418,38.09401321411133,25,28.571430206298828,15.000000953674316,14.285715103149414,0,0,0,0,2.142993211746216,8589934592,1073741824,5009948672,290652160
209,1771649225298,3504,3504,3504,3504,3504,3504,3504,3504,38.90149688720703,38.38019943237305,37.15373229980469,37.07465362548828,37.349788665771484,36.78965759277344,36.9970817565918,38.09059143066406,38.06250762939453,28.571430206298828,23.809524536132813,14.285715103149414,10.526315689086914,4.761904716491699,4.761904716491699,0,0,2.142993211746216,8589934592,1073741824,5009768448,290652160
204,1771649225508,3504,3504,3504,3504,3504,3504,3504,3504,38.90149688720703,38.38019943237305,37.15373229980469,37.07465362548828,37.349788665771484,36.78965759277344,36.9970817565918,38.09059143066406,38.06250762939453,23.809524536132813,23.809524536132813,19.047618865966797,14.285715103149414,19.047618865966797,20,19.047618865966797,18.18181800842285,2.142993211746216,8589934592,1073741824,5009768448,290652160
201,1771649225713,3504,3504,3504,3504,3504,3504,3504,3504,38.90149688720703,38.38019943237305,37.15373229980469,37.07465362548828,37.349788665771484,36.78965759277344,36.9970817565918,38.09059143066406,38.06250762939453,26.3157901763916,19.047618865966797,15.000000953674316,13.636363983154297,0,0,0,0,3.076997756958008,8589934592,1073741824,5009752064,290652160
209,1771649225915,3504,3504,3504,3504,3504,3504,3504,3504,38.90149688720703,38.38019943237305,37.15373229980469,37.07465362548828,37.349788665771484,36.78965759277344,36.9970817565918,38.09059143066406,38.06250762939453,33.333335876464844,15.000000953674316,20,10,4.761904716491699,5,5,4.761904716491699,3.076997756958008,8589934592,1073741824,5009768448,290652160
209,1771649226125,3504,3504,3504,3504,3504,3504,3504,3504,38.90149688720703,38.38019943237305,37.15373229980469,37.07465362548828,37.349788665771484,36.78965759277344,36.9970817565918,38.09059143066406,38.06250762939453,20,20,22.72727394104004,10,0,0,0,0,3.076997756958008,8589934592,1073741824,5009768448,290652160
209,1771649226335,3504,3504,3504,3504,3504,3504,3504,3504,39.048885345458984,38.48540115356445,37.25627899169922,37.17469024658203,37.35454559326172,36.928138732910156,37.148468017578125,38.238014221191406,38.2414665222168,22.72727394104004,23.809524536132813,23.809524536132813,13.636363983154297,0,4.761904716491699,0,0,3.076997756958008,8589934592,1073741824,5009752064,290652160
209,1771649226544,3504,3504,3504,3504,3504,3504,3504,3504,39.048885345458984,38.48540115356445,37.25627899169922,37.17469024658203,37.35454559326172,36.928138732910156,37.148468017578125,38.238014221191406,38.2414665222168,23.809524536132813,19.047618865966797,15.000000953674316,10,0,0,0,0,3.076997756958008,8589934592,1073741824,5009833984,290652160
205,1771649226754,3504,3504,3504,3504,3504,3504,3504,3504,39.048885345458984,38.48540115356445,37.25627899169922,37.17469024658203,37.35454559326172,36.928138732910156,37.148468017578125,38.238014221191406,38.2414665222168,28.571430206298828,23.809524536132813,19.047618865966797,13.636363983154297,0,0,0,0,2.4534213542938232,8589934592,1073741824,5009833984,290652160
203,1771649226960,3504,3504,3504,3504,3504,3504,3504,3504,39.048885345458984,38.48540115356445,37.25627899169922,37.17469024658203,37.35454559326172,36.928138732910156,37.148468017578125,38.238014221191406,38.2414665222168,30.000001907348633,25,25,15.789472579956055,4.761904716491699,0,4.545454502105713,0,2.4534213542938232,8589934592,1073741824,5009833984,290652160
207,1771649227164,3504,3504,3504,3504,3504,3504,3504,3504,38.660728454589844,38.07789993286133,36.93544006347656,36.770042419433594,37.099891662597656,36.503807067871094,36.75148010253906,37.80171585083008,37.8424072265625,30.000001907348633,28.571430206298828,14.285715103149414,28.571430206298828,0,0,4.761904716491699,0,2.4534213542938232,8589934592,1073741824,5009833984,290652160
209,1771649227373,3504,3504,3504,3504,3504,3504,3504,3504,38.660728454589844,38.07789993286133,36.93544006347656,36.770042419433594,37.099891662597656,36.503807067871094,36.75148010253906,37.80171585083008,37.8424072265625,40.90909194946289,40,28.571430206298828,27.272727966308594,0,0,0,4.545454502105713,2.4534213542938232,8589934592,1073741824,5009752064,290652160
208,1771649227583,3504,3504,3504,3504,3504,3504,3504,3504,38.660728454589844,38.07789993286133,36.93544006347656,36.770042419433594,37.099891662597656,36.503807067871094,36.75148010253906,37.80171585083008,37.8424072265625,19.047618865966797,23.809524536132813,9.523809432983398,5.263157844543457,4.545454502105713,0,0,0,2.4534213542938232,8589934592,1073741824,5009588224,290652160
9,1771649227792,3504,3504,3504,3504,3504,3504,3504,3504,38.660728454589844,38.07789993286133,36.93544006347656,36.770042419433594,37.099891662597656,36.503807067871094,36.75148010253906,37.80171585083008,37.8424072265625,35,27.272727966308594,19.047618865966797,18.18181800842285,0,0,0,0,2.7173912525177,8589934592,1073741824,5009866752,290652160
