Delta,Time,CPU_FREQUENCY_0,CPU_FREQUENCY_1,CPU_FREQUENCY_2,CPU_FREQUENCY_3,CPU_FREQUENCY_4,CPU_FREQUENCY_5,CPU_FREQUENCY_6,CPU_FREQUENCY_7,CPU_TEMP_0,CPU_TEMP_1,CPU_TEMP_2,CPU_TEMP_3,CPU_TEMP_4,CPU_TEMP_5,CPU_TEMP_6,CPU_TEMP_7,CPU_TEMP_8,CPU_USAGE_0,CPU_USAGE_1,CPU_USAGE_2,CPU_USAGE_3,CPU_USAGE_4,CPU_USAGE_5,CPU_USAGE_6,CPU_USAGE_7,SYSTEM_POWER (Watts),TOTAL_MEMORY,TOTAL_SWAP,USED_MEMORY,USED_SWAP
0,1771644193592,3504,3504,3504,3504,3504,3504,3504,3504,51.605777740478516,50.85468292236328,49.984580993652344,49.839073181152344,50.08097839355469,49.76658630371094,49.526405334472656,50.800533294677734,50.95472717285156,50,66.66667175292969,0,0,0,0,0,0,8.971031188964844,8589934592,1073741824,5350555648,290652160
209,1771644193592,3504,3504,3504,3504,3504,3504,3504,3504,51.605777740478516,50.85468292236328,49.984580993652344,49.839073181152344,50.08097839355469,49.76658630371094,49.526405334472656,50.800533294677734,50.95472717285156,0,0,0,0,NaN,NaN,0,0,8.971031188964844,8589934592,1073741824,5351391232,290652160
201,1771644193802,3504,3504,3504,3504,3504,3504,3504,3504,51.605777740478516,50.85468292236328,49.984580993652344,49.839073181152344,50.08097839355469,49.76658630371094,49.526405334472656,50.800533294677734,50.95472717285156,19.047618865966797,15.000000953674316,14.285715103149414,18.18181800842285,0,4.545454502105713,4.761904716491699,0,2.2110753059387207,8589934592,1073741824,5351653376,290652160
203,1771644194004,3504,3504,3504,3504,3504,3504,3504,3504,51.605777740478516,50.85468292236328,49.984580993652344,49.839073181152344,50.08097839355469,49.76658630371094,49.526405334472656,50.800533294677734,50.95472717285156,15.000000953674316,20,5.263157844543457,15.000000953674316,0,0,0,0,2.2110753059387207,8589934592,1073741824,5351653376,290652160
209,1771644194208,3504,3504,3504,3504,3504,3504,3504,3504,50.575538635253906,49.885746002197266,48.901527404785156,48.68854522705078,48.946353912353516,48.641822814941406,48.29448699951172,49.53570556640625,49.657958984375,15.000000953674316,19.047618865966797,14.285715103149414,15.000000953674316,0,0,0,0,2.2110753059387207,8589934592,1073741824,5350621184,290652160
204,1771644194419,3504,3504,3504,3504,3504,3504,3504,3504,50.575538635253906,49.885746002197266,48.901527404785156,48.68854522705078,48.946353912353516,48.641822814941406,48.29448699951172,49.53570556640625,49.657958984375,14.285715103149414,15.000000953674316,13.636363983154297,18.18181800842285,0,0,0,0,2.2110753059387207,8589934592,1073741824,5350670336,290652160
202,1771644194624,3504,3504,3504,3504,3504,3504,3504,3504,50.575538635253906,49.885746002197266,48.901527404785156,48.68854522705078,48.946353912353516,48.641822814941406,48.29448699951172,49.53570556640625,49.657958984375,19.047618865966797,14.285715103149414,15.789472579956055,10,0,0,0,0,2.2110753059387207,8589934592,1073741824,5348163584,290652160
209,1771644194827,3504,3504,3504,3504,3504,3504,3504,3504,50.575538635253906,49.885746002197266,48.901527404785156,48.68854522705078,48.946353912353516,48.641822814941406,48.29448699951172,49.53570556640625,49.657958984375,21.052631378173828,25,28.571430206298828,15.000000953674316,0,0,0,0,2.9824750423431396,8589934592,1073741824,5350735872,290652160
205,1771644195038,3504,3504,3504,3504,3504,3504,3504,3504,50.575538635253906,49.885746002197266,48.901527404785156,48.68854522705078,48.946353912353516,48.641822814941406,48.29448699951172,49.53570556640625,49.657958984375,23.809524536132813,19.047618865966797,23.809524536132813,23.809524536132813,0,0,0,0,2.9824750423431396,8589934592,1073741824,5351735296,290652160
207,1771644195244,3504,3504,3504,3504,3504,3504,3504,3504,48.9992790222168,48.45237350463867,47.357078552246094,47.12290954589844,47.47528839111328,47.36161804199219,46.93695068359375,48.1016845703125,48.284576416015625,9.523809432983398,21.052631378173828,15.000000953674316,5,4.761904716491699,0,0,0,2.9824750423431396,8589934592,1073741824,5123801088,290652160
201,1771644195452,3504,3504,3504,3504,3504,3504,3504,3504,48.9992790222168,48.45237350463867,47.357078552246094,47.12290954589844,47.47528839111328,47.36161804199219,46.93695068359375,48.1016845703125,48.284576416015625,15.789472579956055,22.72727394104004,19.047618865966797,5,0,0,0,0,2.9824750423431396,8589934592,1073741824,5121622016,290652160
207,1771644195654,3504,3504,3504,3504,3504,3504,3504,3504,48.9992790222168,48.45237350463867,47.357078552246094,47.12290954589844,47.47528839111328,47.36161804199219,46.93695068359375,48.1016845703125,48.284576416015625,33.333335876464844,25,15.000000953674316,19.047618865966797,0,0,0,0,2.9824750423431396,8589934592,1073741824,5121998848,290652160
208,1771644195861,3504,3504,3504,3504,3504,3504,3504,3504,48.9992790222168,48.45237350463867,47.357078552246094,47.12290954589844,47.47528839111328,47.36161804199219,46.93695068359375,48.1016845703125,48.284576416015625,14.285715103149414,28.571430206298828,14.285715103149414,9.523809432983398,14.285715103149414,14.285715103149414,5,4.761904716491699,2.379490375518799,8589934592,1073741824,5109121024,290652160
209,1771644196070,3504,3504,3504,3504,3504,3504,3504,3504,48.9992790222168,48.45237350463867,47.357078552246094,47.12290954589844,47.47528839111328,47.36161804199219,46.93695068359375,48.1016845703125,48.284576416015625,23.809524536132813,23.809524536132813,5,10,4.545454502105713,0,0,0,2.379490375518799,8589934592,1073741824,5108432896,290652160
206,1771644196281,3504,3504,3504,3504,3504,3504,3504,3504,48.19227981567383,47.77046585083008,46.438018798828125,46.3455810546875,46.67640686035156,46.62458038330078,46.11640930175781,47.26732635498047,47.46677017211914,10,20,13.636363983154297,4.761904716491699,0,0,0,0,2.379490375518799,8589934592,1073741824,5108432896,290652160
206,1771644196487,3504,3504,3504,3504,3504,3504,3504,3504,48.19227981567383,47.77046585083008,46.438018798828125,46.3455810546875,46.67640686035156,46.62458038330078,46.11640930175781,47.26732635498047,47.46677017211914,19.047618865966797,14.285715103149414,10,13.636363983154297,0,0,0,0,2.379490375518799,8589934592,1073741824,5108498432,290652160
209,1771644196694,3504,3504,3504,3504,3504,3504,3504,3504,48.19227981567383,47.77046585083008,46.438018798828125,46.3455810546875,46.67640686035156,46.62458038330078,46.11640930175781,47.26732635498047,47.46677017211914,35,30.000001907348633,23.809524536132813,20,35,0,0,0,2.141371488571167,8589934592,1073741824,5108547584,290652160
209,1771644196904,3504,3504,3504,3504,3504,3504,3504,3504,48.19227981567383,47.77046585083008,46.438018798828125,46.3455810546875,46.67640686035156,46.62458038330078,46.11640930175781,47.26732635498047,47.46677017211914,14.285715103149414,28.571430206298828,10,4.761904716491699,0,0,0,0,2.141371488571167,8589934592,1073741824,5109039104,290652160
206,1771644197114,3504,3504,3504,3504,3504,3504,3504,3504,48.19227981567383,47.77046585083008,46.438018798828125,46.3455810546875,46.67640686035156,46.62458038330078,46.11640930175781,47.26732635498047,47.46677017211914,23.809524536132813,14.285715103149414,19.047618865966797,13.636363983154297,9.090909004211426,4.761904716491699,0,0,2.141371488571167,8589934592,1073741824,5107613696,290652160
209,1771644197321,3504,3504,3504,3504,3504,3504,3504,3504,47.42932891845703,47.37030029296875,45.8536376953125,45.627357482910156,45.99623489379883,46.13165283203125,45.454811096191406,46.581390380859375,46.679969787597656,15.000000953674316,9.523809432983398,22.72727394104004,5.263157844543457,0,0,0,0,2.141371488571167,8589934592,1073741824,5107515392,290652160
205,1771644197531,3504,3504,3504,3504,3504,3504,3504,3504,47.42932891845703,47.37030029296875,45.8536376953125,45.627357482910156,45.99623489379883,46.13165283203125,45.454811096191406,46.581390380859375,46.679969787597656,14.285715103149414,9.523809432983398,25,9.090909004211426,0,0,0,0,2.141371488571167,8589934592,1073741824,5107515392,290652160
202,1771644197737,3504,3504,3504,3504,3504,3504,3504,3504,47.42932891845703,47.37030029296875,45.8536376953125,45.627357482910156,45.99623489379883,46.13165283203125,45.454811096191406,46.581390380859375,46.679969787597656,14.285715103149414,14.285715103149414,5,25,0,0,0,0,2.0348219871520996,8589934592,1073741824,5107515392,290652160
205,1771644197941,3504,3504,3504,3504,3504,3504,3504,3504,47.42932891845703,47.37030029296875,45.8536376953125,45.627357482910156,45.99623489379883,46.13165283203125,45.454811096191406,46.581390380859375,46.679969787597656,15.000000953674316,5.263157844543457,10,21.052631378173828,0,0,0,0,2.0348219871520996,8589934592,1073741824,5107548160,290652160
206,1771644198147,3504,3504,3504,3504,3504,3504,3504,3504,47.42932891845703,47.37030029296875,45.8536376953125,45.627357482910156,45.99623489379883,46.13165283203125,45.454811096191406,46.581390380859375,46.679969787597656,19.047618865966797,19.047618865966797,10,23.809524536132813,0,0,0,0,2.0348219871520996,8589934592,1073741824,5107564544,290652160
209,1771644198354,3504,3504,3504,3504,3504,3504,3504,3504,46.45965576171875,46.29140853881836,45.00926971435547,44.89067840576172,45.20182418823242,45.55072784423828,44.747100830078125,45.96794509887695,45.970096588134766,20,19.047618865966797,14.285715103149414,23.809524536132813,0,0,4.761904716491699,0,2.0348219871520996,8589934592,1073741824,5105844224,290652160
204,1771644198564,3504,3504,3504,3504,3504,3504,3504,3504,46.45965576171875,46.29140853881836,45.00926971435547,44.89067840576172,45.20182418823242,45.55072784423828,44.747100830078125,45.96794509887695,45.970096588134766,18.18181800842285,15.000000953674316,13.636363983154297,19.047618865966797,0,0,0,0,2.0348219871520996,8589934592,1073741824,5105811456,290652160
201,1771644198769,3504,3504,3504,3504,3504,3504,3504,3504,46.45965576171875,46.29140853881836,45.00926971435547,44.89067840576172,45.20182418823242,45.55072784423828,44.747100830078125,45.96794509887695,45.970096588134766,15.789472579956055,23.809524536132813,10.526315689086914,9.523809432983398,0,0,0,0,2.71237850189209,8589934592,1073741824,5105844224,290652160
209,1771644198971,3504,3504,3504,3504,3504,3504,3504,3504,46.45965576171875,46.29140853881836,45.00926971435547,44.89067840576172,45.20182418823242,45.55072784423828,44.747100830078125,45.96794509887695,45.970096588134766,20,20,14.285715103149414,10,0,0,0,0,2.71237850189209,8589934592,1073741824,5105762304,290652160
206,1771644199180,3504,3504,3504,3504,3504,3504,3504,3504,46.45965576171875,45.49969482421875,44.401580810546875,44.280487060546875,44.66822814941406,44.87474060058594,44.16925811767578,45.27063751220703,45.391883850097656,27.272727966308594,10,9.523809432983398,5,0,0,0,0,2.71237850189209,8589934592,1073741824,5105778688,290652160
206,1771644199387,3504,3504,3504,3504,3504,3504,3504,3504,46.01577377319336,45.49969482421875,44.401580810546875,44.280487060546875,44.66822814941406,44.87474060058594,44.16925811767578,45.27063751220703,45.391883850097656,26.3157901763916,14.285715103149414,10,13.636363983154297,0,0,0,0,2.71237850189209,8589934592,1073741824,5105795072,290652160
208,1771644199595,3504,3504,3504,3504,3504,3504,3504,3504,46.01577377319336,45.49969482421875,44.401580810546875,44.280487060546875,44.66822814941406,44.87474060058594,44.16925811767578,45.27063751220703,45.391883850097656,27.272727966308594,19.047618865966797,9.523809432983398,10,0,0,0,0,2.71237850189209,8589934592,1073741824,5101895680,290652160
209,1771644199804,3504,3504,3504,3504,3504,3504,3504,3504,46.01577377319336,45.49969482421875,44.401580810546875,44.280487060546875,44.66822814941406,44.87474060058594,44.16925811767578,45.27063751220703,45.391883850097656,30.000001907348633,10,14.285715103149414,9.523809432983398,0,0,0,0,1.9763206243515015,8589934592,1073741824,5101797376,290652160
206,1771644200014,3504,3504,3504,3504,3504,3504,3504,3504,46.01577377319336,45.49969482421875,44.401580810546875,44.280487060546875,44.66822814941406,44.87474060058594,44.16925811767578,45.27063751220703,45.391883850097656,27.272727966308594,18.18181800842285,5,9.523809432983398,0,0,0,0,1.9763206243515015,8589934592,1073741824,5101797376,290652160
200,1771644200221,3504,3504,3504,3504,3504,3504,3504,3504,45.63652420043945,44.94683837890625,43.93499755859375,43.73884582519531,44.1981201171875,44.203453063964844,43.68480682373047,44.803184509277344,44.874053955078125,20,20,9.523809432983398,5,0,0,0,0,1.9763206243515015,8589934592,1073741824,5101797376,290652160
209,1771644200421,3504,3504,3504,3504,3504,3504,3504,3504,45.63652420043945,44.94683837890625,43.93499755859375,43.73884582519531,44.1981201171875,44.203453063964844,43.68480682373047,44.803184509277344,44.874053955078125,30.000001907348633,15.789472579956055,15.000000953674316,10,0,0,0,0,1.9763206243515015,8589934592,1073741824,5101060096,290652160
209,1771644200631,3504,3504,3504,3504,3504,3504,3504,3504,45.63652420043945,44.94683837890625,43.93499755859375,43.73884582519531,44.1981201171875,44.203453063964844,43.68480682373047,44.803184509277344,44.874053955078125,19.047618865966797,18.18181800842285,23.809524536132813,9.523809432983398,4.761904716491699,4.761904716491699,0,0,1.9763206243515015,8589934592,1073741824,5101551616,290652160
201,1771644200842,3504,3504,3504,3504,3504,3504,3504,3504,45.63652420043945,44.94683837890625,43.93499755859375,43.73884582519531,44.1981201171875,44.203453063964844,43.68480682373047,44.803184509277344,44.874053955078125,38.095237731933594,20,19.047618865966797,14.285715103149414,0,0,0,0,2.5364954471588135,8589934592,1073741824,5101600768,290652160
209,1771644201044,3504,3504,3504,3504,3504,3504,3504,3504,45.63652420043945,44.94683837890625,43.93499755859375,43.73884582519531,44.1981201171875,44.203453063964844,43.68480682373047,44.803184509277344,44.874053955078125,20,14.285715103149414,15.789472579956055,10,0,0,0,0,2.5364954471588135,8589934592,1073741824,5101256704,290652160
199,1771644201254,3504,3504,3504,3504,3504,3504,3504,3504,45.33837890625,44.55068588256836,43.504539489746094,43.3497314453125,43.884803771972656,43.614295959472656,43.24537658691406,44.33905029296875,44.45071029663086,19.047618865966797,14.285715103149414,18.18181800842285,4.761904716491699,0,0,0,0,2.5364954471588135,8589934592,1073741824,5101273088,290652160
209,1771644201454,3504,3504,3504,3504,3504,3504,3504,3504,45.33837890625,44.55068588256836,43.504539489746094,43.3497314453125,43.884803771972656,43.614295959472656,43.24537658691406,44.33905029296875,44.45071029663086,26.3157901763916,5.263157844543457,20,10,0,0,0,0,2.5364954471588135,8589934592,1073741824,5101289472,290652160
205,1771644201664,3504,3504,3504,3504,3504,3504,3504,3504,45.33837890625,44.55068588256836,43.504539489746094,43.3497314453125,43.884803771972656,43.614295959472656,43.24537658691406,44.33905029296875,44.45071029663086,28.571430206298828,19.047618865966797,19.047618865966797,10,0,0,0,0,2.5364954471588135,8589934592,1073741824,5101338624,290652160
200,1771644201870,3504,3504,3504,3504,3504,3504,3504,3504,45.33837890625,44.55068588256836,43.504539489746094,43.3497314453125,43.884803771972656,43.614295959472656,43.24537658691406,44.33905029296875,44.45071029663086,45,38.095237731933594,38.095237731933594,42.85714340209961,0,9.090909004211426,0,0,2.0831148624420166,8589934592,1073741824,5110595584,290652160
209,1771644202070,3504,3504,3504,3504,3504,3504,3504,3504,45.33837890625,44.55068588256836,43.504539489746094,43.3497314453125,43.884803771972656,43.614295959472656,43.24537658691406,44.33905029296875,44.45071029663086,20,10,5.263157844543457,0,19.047618865966797,20,14.285715103149414,0,2.0831148624420166,8589934592,1073741824,5113036800,290652160
209,1771644202280,3504,3504,3504,3504,3504,3504,3504,3504,45.1761360168457,44.43704605102539,43.2967529296875,43.17463684082031,43.524539947509766,43.36237335205078,42.97754669189453,44.074581146240234,44.17340087890625,19.047618865966797,9.523809432983398,5,9.090909004211426,4.761904716491699,5,0,4.761904716491699,2.0831148624420166,8589934592,1073741824,5113380864,290652160
203,1771644202490,3504,3504,3504,3504,3504,3504,3504,3504,45.1761360168457,44.43704605102539,43.2967529296875,43.17463684082031,43.524539947509766,43.36237335205078,42.97754669189453,44.074581146240234,44.17340087890625,23.809524536132813,15.000000953674316,13.636363983154297,9.523809432983398,0,0,0,0,2.0831148624420166,8589934592,1073741824,5113462784,290652160
209,1771644202694,3504,3504,3504,3504,3504,3504,3504,3504,45.1761360168457,44.43704605102539,43.2967529296875,43.17463684082031,43.524539947509766,43.36237335205078,42.97754669189453,44.074581146240234,44.17340087890625,23.809524536132813,19.047618865966797,10,15.789472579956055,0,0,0,0,1.8813958168029785,8589934592,1073741824,5113380864,290652160
209,1771644202904,3504,3504,3504,3504,3504,3504,3504,3504,45.1761360168457,44.43704605102539,43.2967529296875,43.17463684082031,43.524539947509766,43.36237335205078,42.97754669189453,44.074581146240234,44.17340087890625,20,9.523809432983398,9.523809432983398,22.72727394104004,0,0,0,0,1.8813958168029785,8589934592,1073741824,5113626624,290652160
209,1771644203114,3504,3504,3504,3504,3504,3504,3504,3504,45.1761360168457,44.43704605102539,43.2967529296875,43.17463684082031,43.524539947509766,43.36237335205078,42.97754669189453,44.074581146240234,44.17340087890625,22.72727394104004,14.285715103149414,14.285715103149414,18.18181800842285,0,0,0,0,1.8813958168029785,8589934592,1073741824,5113692160,290652160
205,1771644203324,3504,3504,3504,3504,3504,3504,3504,3504,44.40365982055664,43.938140869140625,42.766563415527344,42.71460723876953,43.12868118286133,42.99287414550781,42.60460662841797,43.68699264526367,43.77336120605469,19.047618865966797,5,4.761904716491699,15.000000953674316,4.761904716491699,0,0,0,1.8813958168029785,8589934592,1073741824,5103992832,290652160
209,1771644203530,3504,3504,3504,3504,3504,3504,3504,3504,44.40365982055664,43.938140869140625,42.766563415527344,42.71460723876953,43.12868118286133,42.99287414550781,42.60460662841797,43.68699264526367,43.77336120605469,15.000000953674316,14.285715103149414,10,20,0,0,0,0,1.8813958168029785,8589934592,1073741824,5106712576,290652160
206,1771644203740,3504,3504,3504,3504,3504,3504,3504,3504,44.40365982055664,43.938140869140625,42.766563415527344,42.71460723876953,43.12868118286133,42.99287414550781,42.60460662841797,43.68699264526367,43.77336120605469,19.047618865966797,14.285715103149414,14.285715103149414,23.809524536132813,0,0,0,0,2.66457200050354,8589934592,1073741824,5106761728,290652160
204,1771644203947,3504,3504,3504,3504,3504,3504,3504,3504,44.40365982055664,43.938140869140625,42.766563415527344,42.71460723876953,43.12868118286133,42.99287414550781,42.60460662841797,43.68699264526367,43.77336120605469,10,15.000000953674316,19.047618865966797,14.285715103149414,0,0,0,0,2.66457200050354,8589934592,1073741824,5106761728,290652160
201,1771644204152,3504,3504,3504,3504,3504,3504,3504,3504,44.40365982055664,43.938140869140625,42.766563415527344,42.71460723876953,43.12868118286133,42.99287414550781,42.60460662841797,43.68699264526367,43.77336120605469,10,19.047618865966797,5,15.000000953674316,0,0,0,0,2.66457200050354,8589934592,1073741824,5106892800,290652160
201,1771644204354,3504,3504,3504,3504,3504,3504,3504,3504,43.86804962158203,43.57556915283203,42.41876220703125,42.292030334472656,42.67380142211914,42.689422607421875,42.18408966064453,43.27414321899414,43.32963943481445,20,20,14.285715103149414,20,0,0,0,0,2.66457200050354,8589934592,1073741824,5106892800,290652160
209,1771644204556,3504,3504,3504,3504,3504,3504,3504,3504,43.86804962158203,43.57556915283203,42.41876220703125,42.292030334472656,42.67380142211914,42.689422607421875,42.18408966064453,43.27414321899414,43.32963943481445,10,15.789472579956055,5.263157844543457,15.000000953674316,0,0,0,0,2.66457200050354,8589934592,1073741824,5106892800,290652160
202,1771644204766,3504,3504,3504,3504,3504,3504,3504,3504,43.86804962158203,43.57556915283203,42.41876220703125,42.292030334472656,42.67380142211914,42.689422607421875,42.18408966064453,43.27414321899414,43.32963943481445,27.272727966308594,18.18181800842285,13.636363983154297,19.047618865966797,0,0,0,0,2.4871909618377686,8589934592,1073741824,5107122176,290652160
207,1771644204969,3504,3504,3504,3504,3504,3504,3504,3504,43.86804962158203,43.57556915283203,42.41876220703125,42.292030334472656,42.67380142211914,42.689422607421875,42.18408966064453,43.27414321899414,43.32963943481445,20,10,5.263157844543457,14.285715103149414,0,0,0,0,2.4871909618377686,8589934592,1073741824,5107073024,290652160
209,1771644205177,3504,3504,3504,3504,3504,3504,3504,3504,43.86804962158203,43.34935760498047,42.066253662109375,41.92559051513672,42.3903923034668,42.38909912109375,41.86256408691406,42.8875617980957,43.00623321533203,25,23.809524536132813,14.285715103149414,5.263157844543457,0,0,0,0,2.4871909618377686,8589934592,1073741824,5107122176,290652160
209,1771644205387,3504,3504,3504,3504,3504,3504,3504,3504,43.65915298461914,43.34935760498047,42.066253662109375,41.92559051513672,42.3903923034668,42.38909912109375,41.86256408691406,42.8875617980957,43.00623321533203,28.571430206298828,14.285715103149414,9.523809432983398,13.043478012084961,0,0,0,0,2.4871909618377686,8589934592,1073741824,5110824960,290652160
205,1771644205597,3504,3504,3504,3504,3504,3504,3504,3504,43.65915298461914,43.34935760498047,42.066253662109375,41.92559051513672,42.3903923034668,42.38909912109375,41.86256408691406,42.8875617980957,43.00623321533203,22.72727394104004,15.000000953674316,5,5,0,0,0,0,2.4871909618377686,8589934592,1073741824,5110857728,290652160
200,1771644205803,3504,3504,3504,3504,3504,3504,3504,3504,43.65915298461914,43.34935760498047,42.066253662109375,41.92559051513672,42.3903923034668,42.38909912109375,41.86256408691406,42.8875617980957,43.00623321533203,25,15.000000953674316,19.047618865966797,14.285715103149414,0,0,0,0,1.881869912147522,8589934592,1073741824,5110841344,290652160
203,1771644206004,3504,3504,3504,3504,3504,3504,3504,3504,43.65915298461914,43.34935760498047,42.066253662109375,41.92559051513672,42.3903923034668,42.38909912109375,41.86256408691406,42.8875617980957,43.00623321533203,26.3157901763916,15.000000953674316,10,5,0,0,0,0,1.881869912147522,8589934592,1073741824,5110808576,290652160
209,1771644206208,3504,3504,3504,3504,3504,3504,3504,3504,43.621864318847656,43.35576248168945,41.93220520019531,41.86109924316406,42.16386413574219,42.108665466308594,41.575225830078125,42.71190643310547,42.75175476074219,33.333335876464844,19.047618865966797,19.047618865966797,15.000000953674316,10.526315689086914,15.000000953674316,4.761904716491699,4.761904716491699,1.881869912147522,8589934592,1073741824,5141970944,290652160
205,1771644206418,3504,3504,3504,3504,3504,3504,3504,3504,43.621864318847656,43.35576248168945,41.93220520019531,41.86109924316406,42.16386413574219,42.108665466308594,41.575225830078125,42.71190643310547,42.75175476074219,19.047618865966797,10,19.047618865966797,9.090909004211426,22.72727394104004,27.272727966308594,0,0,1.881869912147522,8589934592,1073741824,5160976384,290652160
209,1771644206623,3504,3504,3504,3504,3504,3504,3504,3504,43.621864318847656,43.35576248168945,41.93220520019531,41.86109924316406,42.16386413574219,42.108665466308594,41.575225830078125,42.71190643310547,42.75175476074219,35,31.81818199157715,35,26.3157901763916,19.047618865966797,28.571430206298828,20,15.000000953674316,1.881869912147522,8589934592,1073741824,5133221888,290652160
201,1771644206833,3504,3504,3504,3504,3504,3504,3504,3504,43.621864318847656,43.35576248168945,41.93220520019531,41.86109924316406,42.16386413574219,42.108665466308594,41.575225830078125,42.71190643310547,42.75175476074219,19.047618865966797,14.285715103149414,13.636363983154297,13.636363983154297,4.761904716491699,9.523809432983398,14.285715103149414,4.545454502105713,2.428097724914551,8589934592,1073741824,5134991360,290652160
209,1771644207035,3504,3504,3504,3504,3504,3504,3504,3504,43.621864318847656,43.35576248168945,41.93220520019531,41.86109924316406,42.16386413574219,42.108665466308594,41.575225830078125,42.71190643310547,42.75175476074219,15.000000953674316,15.789472579956055,5.263157844543457,15.000000953674316,0,5,4.761904716491699,0,2.428097724914551,8589934592,1073741824,5135286272,290652160
209,1771644207245,3504,3504,3504,3504,3504,3504,3504,3504,46.12924575805664,45.30628204345703,43.862953186035156,43.972496032714844,43.13899612426758,43.183441162109375,42.65880584716797,43.94660949707031,44.01818084716797,33.333335876464844,36.3636360168457,23.809524536132813,25,23.809524536132813,23.809524536132813,15.000000953674316,15.000000953674316,2.428097724914551,8589934592,1073741824,5134319616,290652160
207,1771644207455,3504,3504,3504,3504,3504,3504,3504,3504,46.12924575805664,45.30628204345703,43.862953186035156,43.972496032714844,43.13899612426758,43.183441162109375,42.65880584716797,43.94660949707031,44.01818084716797,19.047618865966797,5,9.523809432983398,14.285715103149414,4.761904716491699,0,4.545454502105713,0,2.428097724914551,8589934592,1073741824,5134352384,290652160
206,1771644207664,3504,3504,3504,3504,3504,3504,3504,3504,46.12924575805664,45.30628204345703,43.862953186035156,43.972496032714844,43.13899612426758,43.183441162109375,42.65880584716797,43.94660949707031,44.01818084716797,25,9.523809432983398,13.636363983154297,14.285715103149414,0,0,0,0,2.428097724914551,8589934592,1073741824,5134368768,290652160
209,1771644207870,3504,3504,3504,3504,3504,3504,3504,3504,46.12924575805664,45.30628204345703,43.862953186035156,43.972496032714844,43.13899612426758,43.183441162109375,42.65880584716797,43.94660949707031,44.01818084716797,23.809524536132813,15.000000953674316,5.263157844543457,19.047618865966797,0,0,0,0,1.9180890321731567,8589934592,1073741824,5134401536,290652160
209,1771644208081,3504,3504,3504,3504,3504,3504,3504,3504,46.12924575805664,45.30628204345703,43.862953186035156,43.972496032714844,43.13899612426758,43.183441162109375,42.65880584716797,43.94660949707031,44.01818084716797,47.619049072265625,38.095237731933594,47.619049072265625,40,0,0,0,0,1.9180890321731567,8589934592,1073741824,5141889024,290652160
206,1771644208291,3504,3504,3504,3504,3504,3504,3504,3504,43.7961540222168,43.51307678222656,42.14952850341797,42.04545593261719,42.410858154296875,42.44587707519531,41.94306945800781,43.07616424560547,43.15802001953125,25,14.285715103149414,9.523809432983398,23.809524536132813,0,0,0,0,1.9180890321731567,8589934592,1073741824,5141757952,290652160
208,1771644208497,3504,3504,3504,3504,3504,3504,3504,3504,43.7961540222168,43.51307678222656,42.14952850341797,42.04545593261719,42.410858154296875,42.44587707519531,41.94306945800781,43.07616424560547,43.15802001953125,23.809524536132813,14.285715103149414,10,14.285715103149414,0,0,0,0,1.9180890321731567,8589934592,1073741824,5141889024,290652160
209,1771644208706,3504,3504,3504,3504,3504,3504,3504,3504,43.7961540222168,43.51307678222656,42.14952850341797,42.04545593261719,42.410858154296875,42.44587707519531,41.94306945800781,43.07616424560547,43.15802001953125,23.809524536132813,14.285715103149414,9.523809432983398,19.047618865966797,0,0,0,0,3.856987714767456,8589934592,1073741824,5141938176,290652160
208,1771644208916,3504,3504,3504,3504,3504,3504,3504,3504,43.7961540222168,43.51307678222656,42.14952850341797,42.04545593261719,42.410858154296875,42.44587707519531,41.94306945800781,43.07616424560547,43.15802001953125,14.285715103149414,20,9.523809432983398,14.285715103149414,0,0,0,0,3.856987714767456,8589934592,1073741824,5141954560,290652160
209,1771644209125,3504,3504,3504,3504,3504,3504,3504,3504,43.7961540222168,43.51307678222656,42.14952850341797,42.04545593261719,42.410858154296875,42.44587707519531,41.94306945800781,43.07616424560547,43.15802001953125,14.285715103149414,19.047618865966797,14.285715103149414,15.000000953674316,0,0,0,0,3.856987714767456,8589934592,1073741824,5141970944,290652160
202,1771644209335,3504,3504,3504,3504,3504,3504,3504,3504,42.9971923828125,42.79902648925781,41.347267150878906,41.29988098144531,41.63951110839844,41.48609161376953,41.22235107421875,42.36370086669922,42.319122314453125,19.047618865966797,19.047618865966797,5,18.18181800842285,0,0,0,0,3.856987714767456,8589934592,1073741824,5141823488,290652160
208,1771644209537,3504,3504,3504,3504,3504,3504,3504,3504,42.9971923828125,42.79902648925781,41.347267150878906,41.29988098144531,41.63951110839844,41.48609161376953,41.22235107421875,42.36370086669922,42.319122314453125,15.000000953674316,15.000000953674316,14.285715103149414,15.000000953674316,0,0,0,0,3.856987714767456,8589934592,1073741824,5141823488,290652160
205,1771644209747,3504,3504,3504,3504,3504,3504,3504,3504,42.9971923828125,42.79902648925781,41.347267150878906,41.29988098144531,41.63951110839844,41.48609161376953,41.22235107421875,42.36370086669922,42.319122314453125,15.000000953674316,23.809524536132813,14.285715103149414,14.285715103149414,0,0,0,0,2.5826072692871094,8589934592,1073741824,5141823488,290652160
200,1771644209953,3504,3504,3504,3504,3504,3504,3504,3504,42.9971923828125,42.79902648925781,41.347267150878906,41.29988098144531,41.63951110839844,41.48609161376953,41.22235107421875,42.36370086669922,42.319122314453125,15.000000953674316,30.000001907348633,10,10,0,0,0,0,2.5826072692871094,8589934592,1073741824,5141725184,290652160
209,1771644210154,3504,3504,3504,3504,3504,3504,3504,3504,42.9971923828125,42.79902648925781,41.347267150878906,41.29988098144531,41.63951110839844,41.48609161376953,41.22235107421875,42.36370086669922,42.319122314453125,15.000000953674316,33.333335876464844,9.523809432983398,5.263157844543457,0,0,0,0,2.5826072692871094,8589934592,1073741824,5141757952,290652160
206,1771644210364,3504,3504,3504,3504,3504,3504,3504,3504,42.71864700317383,42.38796615600586,41.09637451171875,40.948951721191406,41.24260330200195,41.10296630859375,40.88140869140625,42.03746795654297,41.9811897277832,18.18181800842285,19.047618865966797,14.285715103149414,9.090909004211426,0,0,0,0,2.5826072692871094,8589934592,1073741824,5141757952,290652160
209,1771644210571,3504,3504,3504,3504,3504,3504,3504,3504,42.71864700317383,42.38796615600586,41.09637451171875,40.948951721191406,41.24260330200195,41.10296630859375,40.88140869140625,42.03746795654297,41.9811897277832,23.809524536132813,20,10,9.523809432983398,0,0,0,0,2.5826072692871094,8589934592,1073741824,5141757952,290652160
209,1771644210780,3504,3504,3504,3504,3504,3504,3504,3504,42.71864700317383,42.38796615600586,41.09637451171875,40.948951721191406,41.24260330200195,41.10296630859375,40.88140869140625,42.03746795654297,41.9811897277832,20,23.809524536132813,10,9.523809432983398,0,0,0,0,2.3713736534118652,8589934592,1073741824,5141839872,290652160
209,1771644210990,3504,3504,3504,3504,3504,3504,3504,3504,42.71864700317383,42.38796615600586,41.09637451171875,40.948951721191406,41.24260330200195,41.10296630859375,40.88140869140625,42.03746795654297,41.9811897277832,14.285715103149414,20,13.636363983154297,15.000000953674316,0,0,0,0,2.3713736534118652,8589934592,1073741824,5141823488,290652160
201,1771644211200,3504,3504,3504,3504,3504,3504,3504,3504,42.482513427734375,41.98060607910156,40.76805877685547,40.748992919921875,41.009117126464844,40.85736083984375,40.55950164794922,41.7410774230957,41.81918716430664,10,19.047618865966797,5,19.047618865966797,0,0,0,0,2.3713736534118652,8589934592,1073741824,5141839872,290652160
209,1771644211402,3504,3504,3504,3504,3504,3504,3504,3504,42.482513427734375,41.98060607910156,40.76805877685547,40.748992919921875,41.009117126464844,40.85736083984375,40.55950164794922,41.7410774230957,41.81918716430664,23.809524536132813,14.285715103149414,15.000000953674316,23.809524536132813,0,0,0,0,2.3713736534118652,8589934592,1073741824,5141872640,290652160
206,1771644211612,3504,3504,3504,3504,3504,3504,3504,3504,42.482513427734375,41.98060607910156,40.76805877685547,40.748992919921875,41.009117126464844,40.85736083984375,40.55950164794922,41.7410774230957,41.81918716430664,23.809524536132813,10,9.523809432983398,10,0,0,0,0,2.3713736534118652,8589934592,1073741824,5141872640,290652160
209,1771644211819,3504,3504,3504,3504,3504,3504,3504,3504,42.482513427734375,41.98060607910156,40.76805877685547,40.748992919921875,41.009117126464844,40.85736083984375,40.55950164794922,41.7410774230957,41.81918716430664,25,19.047618865966797,10,10,0,0,0,0,2.108159303665161,8589934592,1073741824,5141610496,290652160
209,1771644212028,3504,3504,3504,3504,3504,3504,3504,3504,42.482513427734375,41.98060607910156,40.76805877685547,40.748992919921875,41.009117126464844,40.85736083984375,40.55950164794922,41.7410774230957,41.81918716430664,19.047618865966797,23.809524536132813,13.636363983154297,13.636363983154297,4.761904716491699,4.761904716491699,4.761904716491699,4.761904716491699,2.108159303665161,8589934592,1073741824,5141315584,290652160
201,1771644212239,3504,3504,3504,3504,3504,3504,3504,3504,42.307159423828125,41.704837799072266,40.61090087890625,40.590171813964844,40.76692581176758,40.712684631347656,40.447265625,41.524925231933594,41.600669860839844,23.809524536132813,19.047618865966797,9.523809432983398,4.761904716491699,0,0,0,0,2.108159303665161,8589934592,1073741824,5141315584,290652160
209,1771644212440,3504,3504,3504,3504,3504,3504,3504,3504,42.307159423828125,41.704837799072266,40.61090087890625,40.590171813964844,40.76692581176758,40.712684631347656,40.447265625,41.524925231933594,41.600669860839844,15.789472579956055,15.000000953674316,15.000000953674316,15.000000953674316,0,0,0,0,2.108159303665161,8589934592,1073741824,5141315584,290652160
209,1771644212650,3504,3504,3504,3504,3504,3504,3504,3504,42.307159423828125,41.704837799072266,40.61090087890625,40.590171813964844,40.76692581176758,40.712684631347656,40.447265625,41.524925231933594,41.600669860839844,13.636363983154297,5,14.285715103149414,15.000000953674316,0,0,0,0,2.108159303665161,8589934592,1073741824,5141315584,290652160
209,1771644212860,3504,3504,3504,3504,3504,3504,3504,3504,42.307159423828125,41.704837799072266,40.61090087890625,40.590171813964844,40.76692581176758,40.712684631347656,40.447265625,41.524925231933594,41.600669860839844,14.285715103149414,14.285715103149414,15.000000953674316,18.18181800842285,0,0,0,0,1.9066479206085205,8589934592,1073741824,5141118976,290652160
200,1771644213070,3504,3504,3504,3504,3504,3504,3504,3504,42.307159423828125,41.704837799072266,40.61090087890625,40.590171813964844,40.76692581176758,40.712684631347656,40.447265625,41.524925231933594,41.600669860839844,15.000000953674316,14.285715103149414,22.72727394104004,19.047618865966797,0,0,0,0,1.9066479206085205,8589934592,1073741824,5141200896,290652160
200,1771644213272,3504,3504,3504,3504,3504,3504,3504,3504,42.09480667114258,41.37239456176758,40.364906311035156,40.41954803466797,40.653228759765625,40.513938903808594,40.260345458984375,41.370582580566406,41.427452087402344,23.809524536132813,10,5.263157844543457,15.000000953674316,0,0,0,0,1.9066479206085205,8589934592,1073741824,5141118976,290652160
204,1771644213472,3504,3504,3504,3504,3504,3504,3504,3504,42.09480667114258,41.37239456176758,40.364906311035156,40.41954803466797,40.653228759765625,40.513938903808594,40.260345458984375,41.370582580566406,41.427452087402344,20,10,9.523809432983398,20,0,0,0,0,1.9066479206085205,8589934592,1073741824,5141151744,290652160
208,1771644213677,3504,3504,3504,3504,3504,3504,3504,3504,42.09480667114258,41.37239456176758,40.364906311035156,40.41954803466797,40.653228759765625,40.513938903808594,40.260345458984375,41.370582580566406,41.427452087402344,15.789472579956055,15.000000953674316,10.526315689086914,20,0,0,0,0,2.6079416275024414,8589934592,1073741824,5141381120,290652160
209,1771644213885,3504,3504,3504,3504,3504,3504,3504,3504,42.09480667114258,41.37239456176758,40.364906311035156,40.41954803466797,40.653228759765625,40.513938903808594,40.260345458984375,41.370582580566406,41.427452087402344,22.72727394104004,14.285715103149414,18.18181800842285,9.523809432983398,20,19.047618865966797,9.523809432983398,0,2.6079416275024414,8589934592,1073741824,5143461888,290652160
202,1771644214095,3504,3504,3504,3504,3504,3504,3504,3504,42.09480667114258,41.37239456176758,40.364906311035156,40.41954803466797,40.653228759765625,40.513938903808594,40.260345458984375,41.370582580566406,41.427452087402344,20,14.285715103149414,14.285715103149414,5,4.761904716491699,4.761904716491699,0,0,2.6079416275024414,8589934592,1073741824,5143298048,290652160
205,1771644214298,3504,3504,3504,3504,3504,3504,3504,3504,42.19005584716797,41.430030822753906,40.404449462890625,40.435455322265625,40.56776809692383,40.425025939941406,40.15412139892578,41.282649993896484,41.32326889038086,23.809524536132813,10,20,9.523809432983398,0,0,0,0,2.6079416275024414,8589934592,1073741824,5143298048,290652160
206,1771644214504,3504,3504,3504,3504,3504,3504,3504,3504,42.19005584716797,41.430030822753906,40.404449462890625,40.435455322265625,40.56776809692383,40.425025939941406,40.15412139892578,41.282649993896484,41.32326889038086,20,19.047618865966797,20,10,4.761904716491699,4.761904716491699,4.761904716491699,4.761904716491699,2.6079416275024414,8589934592,1073741824,5143298048,290652160
209,1771644214710,3504,3504,3504,3504,3504,3504,3504,3504,42.19005584716797,41.430030822753906,40.404449462890625,40.435455322265625,40.56776809692383,40.425025939941406,40.15412139892578,41.282649993896484,41.32326889038086,10,10,20,4.761904716491699,0,4.761904716491699,0,0,2.0494701862335205,8589934592,1073741824,5143298048,290652160
203,1771644214921,3504,3504,3504,3504,3504,3504,3504,3504,42.19005584716797,41.430030822753906,40.404449462890625,40.435455322265625,40.56776809692383,40.425025939941406,40.15412139892578,41.282649993896484,41.32326889038086,19.047618865966797,9.523809432983398,23.809524536132813,9.523809432983398,0,0,0,0,2.0494701862335205,8589934592,1073741824,5143527424,290652160
209,1771644215125,3504,3504,3504,3504,3504,3504,3504,3504,42.19005584716797,41.430030822753906,40.404449462890625,40.435455322265625,40.56776809692383,40.425025939941406,40.15412139892578,41.282649993896484,41.32326889038086,20,20,22.72727394104004,10,0,0,0,0,2.0494701862335205,8589934592,1073741824,5143543808,290652160
201,1771644215335,3504,3504,3504,3504,3504,3504,3504,3504,42.014381408691406,41.12432098388672,40.126548767089844,40.17224884033203,40.403358459472656,40.23676300048828,40.042152404785156,41.128387451171875,41.17729568481445,22.72727394104004,9.523809432983398,10,18.18181800842285,0,0,0,0,2.0494701862335205,8589934592,1073741824,5143543808,290652160
202,1771644215537,3504,3504,3504,3504,3504,3504,3504,3504,42.014381408691406,41.12432098388672,40.126548767089844,40.17224884033203,40.403358459472656,40.23676300048828,40.042152404785156,41.128387451171875,41.17729568481445,20,20,10,15.000000953674316,0,0,0,0,2.0494701862335205,8589934592,1073741824,5143543808,290652160
209,1771644215740,3504,3504,3504,3504,3504,3504,3504,3504,42.014381408691406,41.12432098388672,40.126548767089844,40.17224884033203,40.403358459472656,40.23676300048828,40.042152404785156,41.128387451171875,41.17729568481445,20,14.285715103149414,14.285715103149414,15.000000953674316,0,0,0,0,2.417616605758667,8589934592,1073741824,5143543808,290652160
203,1771644215950,3504,3504,3504,3504,3504,3504,3504,3504,42.014381408691406,41.12432098388672,40.126548767089844,40.17224884033203,40.403358459472656,40.23676300048828,40.042152404785156,41.128387451171875,41.17729568481445,25,14.285715103149414,14.285715103149414,14.285715103149414,0,0,0,0,2.417616605758667,8589934592,1073741824,5143527424,290652160
208,1771644216154,3504,3504,3504,3504,3504,3504,3504,3504,42.014381408691406,41.12432098388672,40.126548767089844,40.17224884033203,40.403358459472656,40.23676300048828,40.042152404785156,41.128387451171875,41.17729568481445,28.571430206298828,15.000000953674316,10.526315689086914,10,0,0,0,0,2.417616605758667,8589934592,1073741824,5143527424,290652160
206,1771644216364,3504,3504,3504,3504,3504,3504,3504,3504,41.809654235839844,40.844200134277344,39.90425109863281,39.81903076171875,40.165771484375,39.95624542236328,39.781959533691406,40.90143966674805,40.922367095947266,19.047618865966797,15.000000953674316,19.047618865966797,10,0,0,0,0,2.417616605758667,8589934592,1073741824,5139546112,290652160
209,1771644216571,3504,3504,3504,3504,3504,3504,3504,3504,41.809654235839844,40.844200134277344,39.90425109863281,39.81903076171875,40.165771484375,39.95624542236328,39.781959533691406,40.90143966674805,40.922367095947266,25,22.72727394104004,14.285715103149414,13.636363983154297,0,0,0,0,2.417616605758667,8589934592,1073741824,5139562496,290652160
209,1771644216780,3504,3504,3504,3504,3504,3504,3504,3504,41.809654235839844,40.844200134277344,39.90425109863281,39.81903076171875,40.165771484375,39.95624542236328,39.781959533691406,40.90143966674805,40.922367095947266,28.571430206298828,30.000001907348633,22.72727394104004,15.789472579956055,36.3636360168457,0,0,0,2.2624197006225586,8589934592,1073741824,5140021248,290652160
202,1771644216991,3504,3504,3504,3504,3504,3504,3504,3504,41.809654235839844,40.844200134277344,39.90425109863281,39.81903076171875,40.165771484375,39.95624542236328,39.781959533691406,40.90143966674805,40.922367095947266,20,20,15.000000953674316,27.272727966308594,4.545454502105713,0,0,0,2.2624197006225586,8589934592,1073741824,5140381696,290652160
209,1771644217194,3504,3504,3504,3504,3504,3504,3504,3504,41.821372985839844,41.075286865234375,40.020545959472656,39.864837646484375,40.16011047363281,39.89557647705078,39.69171905517578,40.82516860961914,40.873985290527344,20,28.571430206298828,25,5,5,4.761904716491699,4.761904716491699,4.761904716491699,2.2624197006225586,8589934592,1073741824,5140381696,290652160
205,1771644217404,3504,3504,3504,3504,3504,3504,3504,3504,41.821372985839844,41.075286865234375,40.020545959472656,39.864837646484375,40.16011047363281,39.89557647705078,39.69171905517578,40.82516860961914,40.873985290527344,31.81818199157715,33.333335876464844,25,23.809524536132813,0,0,0,0,2.2624197006225586,8589934592,1073741824,5140430848,290652160
207,1771644217610,3504,3504,3504,3504,3504,3504,3504,3504,41.821372985839844,41.075286865234375,40.020545959472656,39.864837646484375,40.16011047363281,39.89557647705078,39.69171905517578,40.82516860961914,40.873985290527344,20,23.809524536132813,18.18181800842285,13.636363983154297,0,0,0,0,2.2624197006225586,8589934592,1073741824,5140430848,290652160
201,1771644217819,3504,3504,3504,3504,3504,3504,3504,3504,41.821372985839844,41.075286865234375,40.020545959472656,39.864837646484375,40.16011047363281,39.89557647705078,39.69171905517578,40.82516860961914,40.873985290527344,14.285715103149414,28.571430206298828,5,5,0,0,0,0,1.9670534133911133,8589934592,1073741824,5140447232,290652160
209,1771644218021,3504,3504,3504,3504,3504,3504,3504,3504,41.821372985839844,41.075286865234375,40.020545959472656,39.864837646484375,40.16011047363281,39.89557647705078,39.69171905517578,40.82516860961914,40.873985290527344,38.095237731933594,36.842105865478516,26.3157901763916,21.052631378173828,0,0,0,0,1.9670534133911133,8589934592,1073741824,5142118400,290652160
209,1771644218231,3504,3504,3504,3504,3504,3504,3504,3504,41.609046936035156,40.68598175048828,39.65129852294922,39.596038818359375,40.0606575012207,39.75587463378906,39.581886291503906,40.656280517578125,40.722938537597656,30.000001907348633,28.571430206298828,31.81818199157715,36.3636360168457,0,0,0,0,1.9670534133911133,8589934592,1073741824,5141364736,290652160
209,1771644218441,3504,3504,3504,3504,3504,3504,3504,3504,41.609046936035156,40.68598175048828,39.65129852294922,39.596038818359375,40.0606575012207,39.75587463378906,39.581886291503906,40.656280517578125,40.722938537597656,23.809524536132813,23.809524536132813,14.285715103149414,5,0,0,0,0,1.9670534133911133,8589934592,1073741824,5141413888,290652160
209,1771644218651,3504,3504,3504,3504,3504,3504,3504,3504,41.609046936035156,40.68598175048828,39.65129852294922,39.596038818359375,40.0606575012207,39.75587463378906,39.581886291503906,40.656280517578125,40.722938537597656,23.809524536132813,14.285715103149414,14.285715103149414,13.636363983154297,0,0,0,0,1.9670534133911133,8589934592,1073741824,5141430272,290652160
204,1771644218861,3504,3504,3504,3504,3504,3504,3504,3504,41.609046936035156,40.68598175048828,39.65129852294922,39.596038818359375,40.0606575012207,39.75587463378906,39.581886291503906,40.656280517578125,40.722938537597656,19.047618865966797,20,5,5,0,0,0,0,2.678715229034424,8589934592,1073741824,5141430272,290652160
204,1771644219065,3504,3504,3504,3504,3504,3504,3504,3504,41.609046936035156,40.68598175048828,39.65129852294922,39.596038818359375,40.0606575012207,39.75587463378906,39.581886291503906,40.656280517578125,40.722938537597656,10.526315689086914,23.809524536132813,14.285715103149414,9.523809432983398,0,0,0,0,2.678715229034424,8589934592,1073741824,5141430272,290652160
199,1771644219271,3504,3504,3504,3504,3504,3504,3504,3504,41.469913482666016,40.5526237487793,39.50010681152344,39.473121643066406,39.877593994140625,39.58966064453125,39.37848663330078,40.484981536865234,40.535823822021484,19.047618865966797,35,10,5,0,0,0,0,2.678715229034424,8589934592,1073741824,5141413888,290652160
205,1771644219471,3504,3504,3504,3504,3504,3504,3504,3504,41.469913482666016,40.5526237487793,39.50010681152344,39.473121643066406,39.877593994140625,39.58966064453125,39.37848663330078,40.484981536865234,40.535823822021484,20,19.047618865966797,10,5,0,0,0,0,2.678715229034424,8589934592,1073741824,5141413888,290652160
201,1771644219677,3504,3504,3504,3504,3504,3504,3504,3504,41.469913482666016,40.5526237487793,39.50010681152344,39.473121643066406,39.877593994140625,39.58966064453125,39.37848663330078,40.484981536865234,40.535823822021484,15.000000953674316,25,13.636363983154297,14.285715103149414,0,0,0,0,2.6070644855499268,8589934592,1073741824,5141413888,290652160
207,1771644219879,3504,3504,3504,3504,3504,3504,3504,3504,41.469913482666016,40.5526237487793,39.50010681152344,39.473121643066406,39.877593994140625,39.58966064453125,39.37848663330078,40.484981536865234,40.535823822021484,19.047618865966797,19.047618865966797,5.263157844543457,15.789472579956055,0,0,0,0,2.6070644855499268,8589934592,1073741824,5141479424,290652160
206,1771644220087,3504,3504,3504,3504,3504,3504,3504,3504,41.469913482666016,40.5526237487793,39.50010681152344,39.473121643066406,39.877593994140625,39.58966064453125,39.37848663330078,40.484981536865234,40.535823822021484,20,15.000000953674316,19.047618865966797,22.72727394104004,0,0,0,0,2.6070644855499268,8589934592,1073741824,5141512192,290652160
209,1771644220294,3504,3504,3504,3504,3504,3504,3504,3504,41.366703033447266,40.4464225769043,39.38861083984375,39.285545349121094,39.64704132080078,39.42821502685547,39.186607360839844,40.29796600341797,40.36407470703125,23.809524536132813,10,5.263157844543457,15.000000953674316,0,0,0,0,2.6070644855499268,8589934592,1073741824,5141512192,290652160
205,1771644220504,3504,3504,3504,3504,3504,3504,3504,3504,41.366703033447266,40.4464225769043,39.38861083984375,39.285545349121094,39.64704132080078,39.42821502685547,39.186607360839844,40.29796600341797,40.36407470703125,23.809524536132813,14.285715103149414,13.636363983154297,14.285715103149414,0,0,0,0,2.6070644855499268,8589934592,1073741824,5141512192,290652160
207,1771644220710,3504,3504,3504,3504,3504,3504,3504,3504,41.366703033447266,40.4464225769043,39.38861083984375,39.285545349121094,39.64704132080078,39.42821502685547,39.186607360839844,40.29796600341797,40.36407470703125,25,19.047618865966797,15.000000953674316,14.285715103149414,0,0,0,0,2.263937473297119,8589934592,1073741824,5141544960,290652160
201,1771644220919,3504,3504,3504,3504,3504,3504,3504,3504,41.366703033447266,40.4464225769043,39.38861083984375,39.285545349121094,39.64704132080078,39.42821502685547,39.186607360839844,40.29796600341797,40.36407470703125,19.047618865966797,15.000000953674316,22.72727394104004,5,0,0,0,0,2.263937473297119,8589934592,1073741824,5141495808,290652160
200,1771644221121,3504,3504,3504,3504,3504,3504,3504,3504,41.366703033447266,40.4464225769043,39.38861083984375,39.285545349121094,39.64704132080078,39.42821502685547,39.186607360839844,40.29796600341797,40.36407470703125,19.047618865966797,10,21.052631378173828,9.523809432983398,0,0,0,0,2.263937473297119,8589934592,1073741824,5141544960,290652160
208,1771644221322,3504,3504,3504,3504,3504,3504,3504,3504,41.19995880126953,40.360538482666016,39.18898010253906,39.18547058105469,39.516239166259766,39.26078796386719,39.00254821777344,40.20244598388672,40.22225570678711,10.526315689086914,15.000000953674316,25,5,0,0,0,0,2.263937473297119,8589934592,1073741824,5141544960,290652160
206,1771644221531,3504,3504,3504,3504,3504,3504,3504,3504,41.19995880126953,40.360538482666016,39.18898010253906,39.18547058105469,39.516239166259766,39.26078796386719,39.00254821777344,40.20244598388672,40.22225570678711,38.095237731933594,33.333335876464844,31.81818199157715,20,0,0,0,0,2.263937473297119,8589934592,1073741824,5144002560,290652160
203,1771644221737,3504,3504,3504,3504,3504,3504,3504,3504,41.19995880126953,40.360538482666016,39.18898010253906,39.18547058105469,39.516239166259766,39.26078796386719,39.00254821777344,40.20244598388672,40.22225570678711,28.571430206298828,22.72727394104004,19.047618865966797,10,0,0,0,0,2.1928164958953857,8589934592,1073741824,5144477696,290652160
200,1771644221942,3504,3504,3504,3504,3504,3504,3504,3504,41.19995880126953,40.360538482666016,39.18898010253906,39.18547058105469,39.516239166259766,39.26078796386719,39.00254821777344,40.20244598388672,40.22225570678711,15.789472579956055,11.111111640930176,21.052631378173828,18.18181800842285,0,0,0,0,2.1928164958953857,8589934592,1073741824,5140676608,290652160
209,1771644222142,3504,3504,3504,3504,3504,3504,3504,3504,41.19995880126953,40.360538482666016,39.18898010253906,39.18547058105469,39.516239166259766,39.26078796386719,39.00254821777344,40.20244598388672,40.22225570678711,23.809524536132813,23.809524536132813,10,10,5,4.761904716491699,0,4.761904716491699,2.1928164958953857,8589934592,1073741824,5140742144,290652160
209,1771644222352,3504,3504,3504,3504,3504,3504,3504,3504,41.13505935668945,40.34290313720703,39.1466064453125,39.17970275878906,39.481327056884766,39.189422607421875,38.93913269042969,40.16410827636719,40.194454193115234,10,28.571430206298828,14.285715103149414,5,9.523809432983398,9.523809432983398,9.090909004211426,0,2.1928164958953857,8589934592,1073741824,5141823488,290652160
206,1771644222562,3504,3504,3504,3504,3504,3504,3504,3504,41.13505935668945,40.34290313720703,39.1466064453125,39.17970275878906,39.481327056884766,39.189422607421875,38.93913269042969,40.16410827636719,40.194454193115234,23.809524536132813,19.047618865966797,19.047618865966797,9.523809432983398,0,0,0,0,2.1928164958953857,8589934592,1073741824,5141905408,290652160
199,1771644222769,3504,3504,3504,3504,3504,3504,3504,3504,41.13505935668945,40.34290313720703,39.1466064453125,39.17970275878906,39.481327056884766,39.189422607421875,38.93913269042969,40.16410827636719,40.194454193115234,19.047618865966797,15.000000953674316,25,10,0,0,0,0,2.086613893508911,8589934592,1073741824,5141856256,290652160
202,1771644222969,3504,3504,3504,3504,3504,3504,3504,3504,41.13505935668945,40.34290313720703,39.1466064453125,39.17970275878906,39.481327056884766,39.189422607421875,38.93913269042969,40.16410827636719,40.194454193115234,15.789472579956055,20,19.047618865966797,14.285715103149414,0,0,0,0,2.086613893508911,8589934592,1073741824,5141938176,290652160
204,1771644223172,3504,3504,3504,3504,3504,3504,3504,3504,41.13505935668945,40.34290313720703,39.1466064453125,39.128273010253906,39.401161193847656,39.14752960205078,38.92149353027344,40.09774398803711,40.18682861328125,20,25,15.000000953674316,10.526315689086914,0,0,0,0,2.086613893508911,8589934592,1073741824,5141938176,290652160
208,1771644223377,3504,3504,3504,3504,3504,3504,3504,3504,41.005577087402344,40.30356216430664,39.14685821533203,39.128273010253906,39.401161193847656,39.14752960205078,38.92149353027344,40.09774398803711,40.18682861328125,15.000000953674316,19.047618865966797,10,23.809524536132813,0,0,0,0,2.086613893508911,8589934592,1073741824,5141954560,290652160
205,1771644223585,3504,3504,3504,3504,3504,3504,3504,3504,41.005577087402344,40.30356216430664,39.14685821533203,39.128273010253906,39.401161193847656,39.14752960205078,38.92149353027344,40.09774398803711,40.18682861328125,14.285715103149414,10,5,23.809524536132813,0,0,0,0,2.086613893508911,8589934592,1073741824,5141561344,290652160
208,1771644223792,3504,3504,3504,3504,3504,3504,3504,3504,41.005577087402344,40.30356216430664,39.14685821533203,39.128273010253906,39.401161193847656,39.14752960205078,38.92149353027344,40.09774398803711,40.18682861328125,27.272727966308594,19.047618865966797,14.285715103149414,20,0,0,0,0,2.618968963623047,8589934592,1073741824,5141561344,290652160
207,1771644224000,3504,3504,3504,3504,3504,3504,3504,3504,41.005577087402344,40.30356216430664,39.14685821533203,39.128273010253906,39.401161193847656,39.14752960205078,38.92149353027344,40.09774398803711,40.18682861328125,20,15.000000953674316,14.285715103149414,19.047618865966797,4.761904716491699,0,0,0,2.618968963623047,8589934592,1073741824,5141561344,290652160
206,1771644224208,3504,3504,3504,3504,3504,3504,3504,3504,40.741451263427734,40.15717697143555,39.033226013183594,38.87452697753906,39.16620635986328,38.99964904785156,38.763832092285156,39.91145324707031,39.9774169921875,23.809524536132813,14.285715103149414,5,14.285715103149414,0,0,0,0,2.618968963623047,8589934592,1073741824,5141676032,290652160
209,1771644224415,3504,3504,3504,3504,3504,3504,3504,3504,40.741451263427734,40.15717697143555,39.033226013183594,38.87452697753906,39.16620635986328,38.99964904785156,38.763832092285156,39.91145324707031,39.9774169921875,19.047618865966797,23.809524536132813,14.285715103149414,10,0,4.545454502105713,4.545454502105713,0,2.618968963623047,8589934592,1073741824,5141741568,290652160
202,1771644224625,3504,3504,3504,3504,3504,3504,3504,3504,40.741451263427734,40.15717697143555,39.033226013183594,38.87452697753906,39.16620635986328,38.99964904785156,38.763832092285156,39.91145324707031,39.9774169921875,20,20,13.636363983154297,4.761904716491699,0,0,0,0,2.618968963623047,8589934592,1073741824,5141741568,290652160
209,1771644224827,3504,3504,3504,3504,3504,3504,3504,3504,40.741451263427734,40.15717697143555,39.033226013183594,38.87452697753906,39.16620635986328,38.99964904785156,38.763832092285156,39.91145324707031,39.9774169921875,15.000000953674316,19.047618865966797,15.789472579956055,5,0,0,0,0,2.4073219299316406,8589934592,1073741824,5141741568,290652160
208,1771644225037,3504,3504,3504,3504,3504,3504,3504,3504,40.741451263427734,40.15717697143555,39.033226013183594,38.87452697753906,39.16620635986328,38.99964904785156,38.763832092285156,39.91145324707031,39.9774169921875,22.72727394104004,19.047618865966797,19.047618865966797,14.285715103149414,0,0,0,0,2.4073219299316406,8589934592,1073741824,5141741568,290652160
204,1771644225246,3504,3504,3504,3504,3504,3504,3504,3504,40.59728240966797,40.07638168334961,38.901573181152344,38.769569396972656,39.09980010986328,38.871978759765625,38.724937438964844,39.809486389160156,39.871524810791016,20,28.571430206298828,23.809524536132813,14.285715103149414,0,0,0,0,2.4073219299316406,8589934592,1073741824,5146902528,290652160
201,1771644225451,3504,3504,3504,3504,3504,3504,3504,3504,40.59728240966797,40.07638168334961,38.901573181152344,38.769569396972656,39.09980010986328,38.871978759765625,38.724937438964844,39.809486389160156,39.871524810791016,25,20,20,15.000000953674316,0,0,0,0,2.4073219299316406,8589934592,1073741824,5149540352,290652160
207,1771644225652,3504,3504,3504,3504,3504,3504,3504,3504,40.59728240966797,40.07638168334961,38.901573181152344,38.769569396972656,39.09980010986328,38.871978759765625,38.724937438964844,39.809486389160156,39.871524810791016,20,15.000000953674316,23.809524536132813,9.523809432983398,0,0,0,0,2.4073219299316406,8589934592,1073741824,5149949952,290652160
208,1771644225861,3504,3504,3504,3504,3504,3504,3504,3504,40.59728240966797,40.07638168334961,38.901573181152344,38.769569396972656,39.09980010986328,38.871978759765625,38.724937438964844,39.809486389160156,39.871524810791016,15.000000953674316,15.000000953674316,10,14.285715103149414,0,0,0,0,2.086087942123413,8589934592,1073741824,5149556736,290652160
207,1771644226069,3504,3504,3504,3504,3504,3504,3504,3504,40.59728240966797,40.07638168334961,38.901573181152344,38.769569396972656,39.09980010986328,38.871978759765625,38.724937438964844,39.809486389160156,39.871524810791016,22.72727394104004,27.272727966308594,14.285715103149414,5,0,0,0,0,2.086087942123413,8589934592,1073741824,5149556736,290652160
209,1771644226277,3504,3504,3504,3504,3504,3504,3504,3504,40.426841735839844,40.018714904785156,38.716026306152344,38.72742462158203,39.04234313964844,38.767974853515625,38.65531921386719,39.73858642578125,39.80094909667969,20,20,10,13.636363983154297,0,0,0,0,2.086087942123413,8589934592,1073741824,5149687808,290652160
209,1771644226487,3504,3504,3504,3504,3504,3504,3504,3504,40.426841735839844,40.018714904785156,38.716026306152344,38.72742462158203,39.04234313964844,38.767974853515625,38.65531921386719,39.73858642578125,39.80094909667969,15.000000953674316,31.81818199157715,9.523809432983398,5,0,0,0,0,2.086087942123413,8589934592,1073741824,5149573120,290652160
204,1771644226697,3504,3504,3504,3504,3504,3504,3504,3504,40.426841735839844,40.018714904785156,38.716026306152344,38.72742462158203,39.04234313964844,38.767974853515625,38.65531921386719,39.73858642578125,39.80094909667969,22.72727394104004,20,9.523809432983398,15.000000953674316,23.809524536132813,0,0,0,1.8956866264343262,8589934592,1073741824,5149573120,290652160
209,1771644226902,3504,3504,3504,3504,3504,3504,3504,3504,40.426841735839844,40.018714904785156,38.716026306152344,38.72742462158203,39.04234313964844,38.767974853515625,38.65531921386719,39.73858642578125,39.80094909667969,28.571430206298828,19.047618865966797,14.285715103149414,9.523809432983398,20,0,0,0,1.8956866264343262,8589934592,1073741824,5149573120,290652160
209,1771644227112,3504,3504,3504,3504,3504,3504,3504,3504,40.426841735839844,40.018714904785156,38.716026306152344,38.72742462158203,39.04234313964844,38.767974853515625,38.65531921386719,39.73858642578125,39.80094909667969,23.809524536132813,25,19.047618865966797,22.72727394104004,19.047618865966797,14.285715103149414,14.285715103149414,18.18181800842285,1.8956866264343262,8589934592,1073741824,5149573120,290652160
204,1771644227322,3504,3504,3504,3504,3504,3504,3504,3504,40.911216735839844,40.6126708984375,39.209999084472656,39.125465393066406,39.211036682128906,38.99431610107422,38.90015411376953,40.0159912109375,40.094398498535156,9.523809432983398,23.809524536132813,5,0,4.761904716491699,0,0,0,1.8956866264343262,8589934592,1073741824,5149507584,290652160
209,1771644227527,3504,3504,3504,3504,3504,3504,3504,3504,40.911216735839844,40.6126708984375,39.209999084472656,39.125465393066406,39.211036682128906,38.99431610107422,38.90015411376953,40.0159912109375,40.094398498535156,15.000000953674316,20,14.285715103149414,5,0,0,0,0,1.8956866264343262,8589934592,1073741824,5149589504,290652160
203,1771644227737,3504,3504,3504,3504,3504,3504,3504,3504,40.911216735839844,40.6126708984375,39.209999084472656,39.125465393066406,39.211036682128906,38.99431610107422,38.90015411376953,40.0159912109375,40.094398498535156,20,23.809524536132813,23.809524536132813,14.285715103149414,0,9.090909004211426,0,0,2.2287538051605225,8589934592,1073741824,5151375360,290652160
209,1771644227941,3504,3504,3504,3504,3504,3504,3504,3504,40.911216735839844,40.6126708984375,39.209999084472656,39.125465393066406,39.211036682128906,38.99431610107422,38.90015411376953,40.0159912109375,40.094398498535156,14.285715103149414,28.571430206298828,14.285715103149414,5,0,0,0,0,2.2287538051605225,8589934592,1073741824,5151408128,290652160
200,1771644228152,3504,3504,3504,3504,3504,3504,3504,3504,40.911216735839844,40.6126708984375,39.209999084472656,39.125465393066406,39.211036682128906,38.99431610107422,38.90015411376953,40.0159912109375,40.094398498535156,19.047618865966797,19.047618865966797,15.000000953674316,9.523809432983398,0,0,0,0,2.2287538051605225,8589934592,1073741824,5151408128,290652160
207,1771644228352,3504,3504,3504,3504,3504,3504,3504,3504,40.66021728515625,40.11606216430664,38.893943786621094,38.88654327392578,39.1560173034668,38.881935119628906,38.74945068359375,39.84133529663086,39.88502883911133,15.000000953674316,15.789472579956055,19.047618865966797,14.285715103149414,0,0,0,0,2.2287538051605225,8589934592,1073741824,5151408128,290652160
208,1771644228561,3504,3504,3504,3504,3504,3504,3504,3504,40.66021728515625,40.11606216430664,38.893943786621094,38.88654327392578,39.1560173034668,38.881935119628906,38.74945068359375,39.84133529663086,39.88502883911133,20,19.047618865966797,15.000000953674316,5,0,0,0,0,2.2287538051605225,8589934592,1073741824,5151391744,290652160
201,1771644228770,3504,3504,3504,3504,3504,3504,3504,3504,40.66021728515625,40.11606216430664,38.893943786621094,38.88654327392578,39.1560173034668,38.881935119628906,38.74945068359375,39.84133529663086,39.88502883911133,28.571430206298828,14.285715103149414,5,4.761904716491699,0,0,0,0,3.193847417831421,8589934592,1073741824,5151424512,290652160
204,1771644228972,3504,3504,3504,3504,3504,3504,3504,3504,40.66021728515625,40.11606216430664,38.893943786621094,38.88654327392578,39.1560173034668,38.881935119628906,38.74945068359375,39.84133529663086,39.88502883911133,28.571430206298828,10,15.000000953674316,15.000000953674316,0,0,0,0,3.193847417831421,8589934592,1073741824,5151440896,290652160
200,1771644229177,3504,3504,3504,3504,3504,3504,3504,3504,40.66021728515625,40.11606216430664,38.61607360839844,38.61724853515625,38.86305236816406,38.549354553222656,38.496734619140625,39.5996208190918,39.63833236694336,21.052631378173828,15.000000953674316,14.285715103149414,14.285715103149414,0,0,0,0,3.193847417831421,8589934592,1073741824,5151522816,290652160
208,1771644229378,3504,3504,3504,3504,3504,3504,3504,3504,40.40327835083008,39.91946029663086,38.61607360839844,38.61724853515625,38.86305236816406,38.549354553222656,38.496734619140625,39.5996208190918,39.63833236694336,23.809524536132813,20,5.263157844543457,14.285715103149414,0,0,0,0,3.193847417831421,8589934592,1073741824,5151277056,290652160
204,1771644229587,3504,3504,3504,3504,3504,3504,3504,3504,40.40327835083008,39.91946029663086,38.61607360839844,38.61724853515625,38.86305236816406,38.549354553222656,38.496734619140625,39.5996208190918,39.63833236694336,15.000000953674316,23.809524536132813,14.285715103149414,5,0,0,0,0,3.193847417831421,8589934592,1073741824,5151424512,290652160
209,1771644229792,3504,3504,3504,3504,3504,3504,3504,3504,40.40327835083008,39.91946029663086,38.61607360839844,38.61724853515625,38.86305236816406,38.549354553222656,38.496734619140625,39.5996208190918,39.63833236694336,15.000000953674316,28.571430206298828,14.285715103149414,0,0,0,0,0,2.289111614227295,8589934592,1073741824,5151031296,290652160
208,1771644230002,3504,3504,3504,3504,3504,3504,3504,3504,40.40327835083008,39.91946029663086,38.61607360839844,38.61724853515625,38.86305236816406,38.549354553222656,38.496734619140625,39.5996208190918,39.63833236694336,14.285715103149414,30.000001907348633,13.636363983154297,13.043478012084961,4.545454502105713,4.545454502105713,0,0,2.289111614227295,8589934592,1073741824,5151375360,290652160
204,1771644230210,3504,3504,3504,3504,3504,3504,3504,3504,40.34014892578125,39.856632232666016,38.55498504638672,38.470245361328125,38.773109436035156,38.425682067871094,38.39167022705078,39.48202133178711,39.5,14.285715103149414,28.571430206298828,5.263157844543457,5,0,0,0,0,2.289111614227295,8589934592,1073741824,5150883840,290652160
207,1771644230415,3504,3504,3504,3504,3504,3504,3504,3504,40.34014892578125,39.856632232666016,38.55498504638672,38.470245361328125,38.773109436035156,38.425682067871094,38.39167022705078,39.48202133178711,39.5,19.047618865966797,25,14.285715103149414,10,0,0,0,0,2.289111614227295,8589934592,1073741824,5150900224,290652160
209,1771644230623,3504,3504,3504,3504,3504,3504,3504,3504,40.34014892578125,39.856632232666016,38.55498504638672,38.470245361328125,38.773109436035156,38.425682067871094,38.39167022705078,39.48202133178711,39.5,20,30.000001907348633,19.047618865966797,19.047618865966797,0,0,0,0,2.289111614227295,8589934592,1073741824,5150883840,290652160
207,1771644230833,3504,3504,3504,3504,3504,3504,3504,3504,40.34014892578125,39.856632232666016,38.55498504638672,38.470245361328125,38.773109436035156,38.425682067871094,38.39167022705078,39.48202133178711,39.5,14.285715103149414,23.809524536132813,10,5,0,0,0,0,2.2885355949401855,8589934592,1073741824,5150883840,290652160
209,1771644231040,3504,3504,3504,3504,3504,3504,3504,3504,40.34014892578125,39.856632232666016,38.55498504638672,38.470245361328125,38.773109436035156,38.425682067871094,38.39167022705078,39.48202133178711,39.5,20,22.72727394104004,13.636363983154297,13.636363983154297,0,0,0,0,2.2885355949401855,8589934592,1073741824,5150883840,290652160
205,1771644231250,3504,3504,3504,3504,3504,3504,3504,3504,40.1556396484375,39.78860855102539,38.40863037109375,38.273780822753906,38.70991516113281,38.343284606933594,38.296058654785156,39.355255126953125,39.41114044189453,23.809524536132813,19.047618865966797,10,5,0,0,0,0,2.2885355949401855,8589934592,1073741824,5150883840,290652160
209,1771644231456,3504,3504,3504,3504,3504,3504,3504,3504,40.1556396484375,39.78860855102539,38.40863037109375,38.273780822753906,38.70991516113281,38.343284606933594,38.296058654785156,39.355255126953125,39.41114044189453,23.809524536132813,20,14.285715103149414,14.285715103149414,0,0,0,0,2.2885355949401855,8589934592,1073741824,5150638080,290652160
208,1771644231666,3504,3504,3504,3504,3504,3504,3504,3504,40.1556396484375,39.78860855102539,38.40863037109375,38.273780822753906,38.70991516113281,38.343284606933594,38.296058654785156,39.355255126953125,39.41114044189453,14.285715103149414,23.809524536132813,19.047618865966797,9.523809432983398,0,0,0,0,2.2885355949401855,8589934592,1073741824,5152030720,290652160
201,1771644231875,3504,3504,3504,3504,3504,3504,3504,3504,40.1556396484375,39.78860855102539,38.40863037109375,38.273780822753906,38.70991516113281,38.343284606933594,38.296058654785156,39.355255126953125,39.41114044189453,23.809524536132813,20,20,10,0,0,0,0,2.098536252975464,8589934592,1073741824,5151653888,290652160
209,1771644232077,3504,3504,3504,3504,3504,3504,3504,3504,40.1556396484375,39.78860855102539,38.40863037109375,38.273780822753906,38.70991516113281,38.343284606933594,38.296058654785156,39.355255126953125,39.41114044189453,15.000000953674316,33.333335876464844,10,5,0,0,0,0,2.098536252975464,8589934592,1073741824,5151604736,290652160
199,1771644232287,3504,3504,3504,3504,3504,3504,3504,3504,40.03246307373047,39.665077209472656,38.30107116699219,38.20851135253906,38.621891021728516,38.250267028808594,38.191741943359375,39.25469970703125,39.34965515136719,19.047618865966797,14.285715103149414,14.285715103149414,13.636363983154297,9.090909004211426,0,4.761904716491699,0,2.098536252975464,8589934592,1073741824,5151293440,290652160
206,1771644232487,3504,3504,3504,3504,3504,3504,3504,3504,40.03246307373047,39.665077209472656,38.30107116699219,38.20851135253906,38.621891021728516,38.250267028808594,38.191741943359375,39.25469970703125,39.34965515136719,20,21.052631378173828,20,5.263157844543457,0,0,0,0,2.098536252975464,8589934592,1073741824,5149179904,290652160
209,1771644232694,3504,3504,3504,3504,3504,3504,3504,3504,40.03246307373047,39.665077209472656,38.30107116699219,38.20851135253906,38.621891021728516,38.250267028808594,38.191741943359375,39.25469970703125,39.34965515136719,20,15.000000953674316,9.523809432983398,9.090909004211426,0,0,0,0,1.9913963079452515,8589934592,1073741824,5149196288,290652160
208,1771644232904,3504,3504,3504,3504,3504,3504,3504,3504,40.03246307373047,39.665077209472656,38.30107116699219,38.20851135253906,38.621891021728516,38.250267028808594,38.191741943359375,39.25469970703125,39.34965515136719,23.809524536132813,27.272727966308594,10,10,0,0,0,0,1.9913963079452515,8589934592,1073741824,5149638656,290652160
207,1771644233113,3504,3504,3504,3504,3504,3504,3504,3504,40.03246307373047,39.665077209472656,38.30107116699219,38.20851135253906,38.621891021728516,38.250267028808594,38.191741943359375,39.25469970703125,39.34965515136719,14.285715103149414,23.809524536132813,14.285715103149414,9.523809432983398,0,0,0,0,1.9913963079452515,8589934592,1073741824,5149261824,290652160
209,1771644233321,3504,3504,3504,3504,3504,3504,3504,3504,39.92976760864258,39.552059173583984,38.23200225830078,38.189231872558594,38.545875549316406,38.16154479980469,38.044456481933594,39.17401123046875,39.240421295166016,35,25,27.272727966308594,15.000000953674316,0,0,0,0,1.9913963079452515,8589934592,1073741824,5149917184,290652160
208,1771644233531,3504,3504,3504,3504,3504,3504,3504,3504,39.92976760864258,39.552059173583984,38.23200225830078,38.189231872558594,38.545875549316406,38.16154479980469,38.044456481933594,39.17401123046875,39.240421295166016,19.047618865966797,14.285715103149414,14.285715103149414,4.761904716491699,0,0,0,0,1.9913963079452515,8589934592,1073741824,5150244864,290652160
205,1771644233740,3504,3504,3504,3504,3504,3504,3504,3504,39.92976760864258,39.552059173583984,38.23200225830078,38.189231872558594,38.545875549316406,38.16154479980469,38.044456481933594,39.17401123046875,39.240421295166016,23.809524536132813,15.000000953674316,5.263157844543457,14.285715103149414,0,0,0,0,3.014328718185425,8589934592,1073741824,5150162944,290652160
208,1771644233946,3504,3504,3504,3504,3504,3504,3504,3504,39.92976760864258,39.552059173583984,38.23200225830078,38.189231872558594,38.545875549316406,38.16154479980469,38.044456481933594,39.17401123046875,39.240421295166016,20,18.18181800842285,14.285715103149414,15.000000953674316,4.545454502105713,0,0,0,3.014328718185425,8589934592,1073741824,5150195712,290652160
205,1771644234155,3504,3504,3504,3504,3504,3504,3504,3504,39.92976760864258,39.552059173583984,38.23200225830078,38.189231872558594,38.545875549316406,38.16154479980469,38.044456481933594,39.17401123046875,39.240421295166016,28.571430206298828,15.000000953674316,9.523809432983398,9.523809432983398,0,0,0,0,3.014328718185425,8589934592,1073741824,5149868032,290652160
207,1771644234361,3504,3504,3504,3504,3504,3504,3504,3504,39.89149475097656,39.51462173461914,38.220550537109375,38.145362854003906,38.50724792480469,38.0799560546875,38.013023376464844,39.16398620605469,39.19076156616211,28.571430206298828,10,10,9.523809432983398,0,0,0,0,3.014328718185425,8589934592,1073741824,5149868032,290652160
204,1771644234569,3504,3504,3504,3504,3504,3504,3504,3504,39.89149475097656,39.51462173461914,38.220550537109375,38.145362854003906,38.50724792480469,38.0799560546875,38.013023376464844,39.16398620605469,39.19076156616211,23.809524536132813,14.285715103149414,22.72727394104004,9.523809432983398,0,0,0,0,3.014328718185425,8589934592,1073741824,5150212096,290652160
203,1771644234773,3504,3504,3504,3504,3504,3504,3504,3504,39.89149475097656,39.51462173461914,38.220550537109375,38.145362854003906,38.50724792480469,38.0799560546875,38.013023376464844,39.16398620605469,39.19076156616211,10.526315689086914,23.809524536132813,15.000000953674316,5,0,0,0,0,2.729767322540283,8589934592,1073741824,5150212096,290652160
201,1771644234977,3504,3504,3504,3504,3504,3504,3504,3504,39.89149475097656,39.51462173461914,38.220550537109375,38.145362854003906,38.50724792480469,38.0799560546875,38.013023376464844,39.16398620605469,39.19076156616211,23.809524536132813,20,15.000000953674316,10,0,0,0,0,2.729767322540283,8589934592,1073741824,5149917184,290652160
206,1771644235179,3504,3504,3504,3504,3504,3504,3504,3504,39.89149475097656,39.3922119140625,38.14849853515625,38.03491973876953,38.38877487182617,37.9727783203125,37.94775390625,39.09114456176758,39.099464416503906,25,15.000000953674316,10,14.285715103149414,0,0,0,0,2.729767322540283,8589934592,1073741824,5149917184,290652160
201,1771644235386,3504,3504,3504,3504,3504,3504,3504,3504,39.83198165893555,39.3922119140625,38.14849853515625,38.03491973876953,38.38877487182617,37.9727783203125,37.94775390625,39.09114456176758,39.099464416503906,28.571430206298828,19.047618865966797,10,5,0,0,0,0,2.729767322540283,8589934592,1073741824,5149933568,290652160
209,1771644235587,3504,3504,3504,3504,3504,3504,3504,3504,39.83198165893555,39.3922119140625,38.14849853515625,38.03491973876953,38.38877487182617,37.9727783203125,37.94775390625,39.09114456176758,39.099464416503906,26.3157901763916,10,14.285715103149414,9.523809432983398,0,0,0,0,2.729767322540283,8589934592,1073741824,5150277632,290652160
206,1771644235798,3504,3504,3504,3504,3504,3504,3504,3504,39.83198165893555,39.3922119140625,38.14849853515625,38.03491973876953,38.38877487182617,37.9727783203125,37.94775390625,39.09114456176758,39.099464416503906,22.72727394104004,19.047618865966797,5,5,0,4.545454502105713,0,0,2.252589702606201,8589934592,1073741824,5150261248,290652160
209,1771644236004,3504,3504,3504,3504,3504,3504,3504,3504,39.83198165893555,39.3922119140625,38.14849853515625,38.03491973876953,38.38877487182617,37.9727783203125,37.94775390625,39.09114456176758,39.099464416503906,20,15.000000953674316,14.285715103149414,4.761904716491699,0,0,0,0,2.252589702606201,8589934592,1073741824,5150146560,290652160
206,1771644236214,3504,3504,3504,3504,3504,3504,3504,3504,39.84943771362305,39.35032653808594,38.07788848876953,37.991844177246094,38.375083923339844,37.89472198486328,37.92810821533203,39.07473373413086,39.06306838989258,33.333335876464844,23.809524536132813,22.72727394104004,15.000000953674316,4.761904716491699,0,4.761904716491699,4.761904716491699,2.252589702606201,8589934592,1073741824,5150883840,290652160
208,1771644236421,3504,3504,3504,3504,3504,3504,3504,3504,39.84943771362305,39.35032653808594,38.07788848876953,37.991844177246094,38.375083923339844,37.89472198486328,37.92810821533203,39.07473373413086,39.06306838989258,20,19.047618865966797,5.263157844543457,9.523809432983398,0,0,0,0,2.252589702606201,8589934592,1073741824,5150474240,290652160
209,1771644236629,3504,3504,3504,3504,3504,3504,3504,3504,39.84943771362305,39.35032653808594,38.07788848876953,37.991844177246094,38.375083923339844,37.89472198486328,37.92810821533203,39.07473373413086,39.06306838989258,25,10,19.047618865966797,9.523809432983398,0,4.545454502105713,0,0,2.252589702606201,8589934592,1073741824,5150523392,290652160
205,1771644236839,3504,3504,3504,3504,3504,3504,3504,3504,39.84943771362305,39.35032653808594,38.07788848876953,37.991844177246094,38.375083923339844,37.89472198486328,37.92810821533203,39.07473373413086,39.06306838989258,36.3636360168457,28.571430206298828,19.047618865966797,14.285715103149414,38.095237731933594,0,0,0,2.0508437156677246,8589934592,1073741824,5151064064,290652160
207,1771644237045,3504,3504,3504,3504,3504,3504,3504,3504,39.84943771362305,39.35032653808594,38.07788848876953,37.991844177246094,38.375083923339844,37.89472198486328,37.92810821533203,39.07473373413086,39.06306838989258,20,10,10,10,0,0,0,0,2.0508437156677246,8589934592,1073741824,5150851072,290652160
199,1771644237254,3504,3504,3504,3504,3504,3504,3504,3504,39.953975677490234,39.67863845825195,38.29511260986328,38.154502868652344,38.42252731323242,37.94792175292969,37.94294738769531,39.09569549560547,39.06552505493164,14.285715103149414,15.000000953674316,14.285715103149414,9.523809432983398,5,5,4.761904716491699,0,2.0508437156677246,8589934592,1073741824,5150851072,290652160
209,1771644237454,3504,3504,3504,3504,3504,3504,3504,3504,39.953975677490234,39.67863845825195,38.29511260986328,38.154502868652344,38.42252731323242,37.94792175292969,37.94294738769531,39.09569549560547,39.06552505493164,15.000000953674316,22.72727394104004,19.047618865966797,10,0,0,0,0,2.0508437156677246,8589934592,1073741824,5150851072,290652160
209,1771644237664,3504,3504,3504,3504,3504,3504,3504,3504,39.953975677490234,39.67863845825195,38.29511260986328,38.154502868652344,38.42252731323242,37.94792175292969,37.94294738769531,39.09569549560547,39.06552505493164,20,10,15.000000953674316,9.523809432983398,4.545454502105713,0,0,0,2.0508437156677246,8589934592,1073741824,5151440896,290652160
204,1771644237874,3504,3504,3504,3504,3504,3504,3504,3504,39.953975677490234,39.67863845825195,38.29511260986328,38.154502868652344,38.42252731323242,37.94792175292969,37.94294738769531,39.09569549560547,39.06552505493164,22.72727394104004,23.809524536132813,4.761904716491699,4.761904716491699,0,0,0,0,1.9556235074996948,8589934592,1073741824,5151096832,290652160
207,1771644238079,3504,3504,3504,3504,3504,3504,3504,3504,39.953975677490234,39.67863845825195,38.29511260986328,38.154502868652344,38.42252731323242,37.94792175292969,37.94294738769531,39.09569549560547,39.06552505493164,15.000000953674316,20,19.047618865966797,15.000000953674316,0,0,0,0,1.9556235074996948,8589934592,1073741824,5151457280,290652160
208,1771644238287,3504,3504,3504,3504,3504,3504,3504,3504,39.81856155395508,39.28805923461914,38.03419494628906,37.91606140136719,38.34067153930664,37.81634521484375,37.88609313964844,38.97602844238281,38.98369598388672,18.18181800842285,22.72727394104004,14.285715103149414,14.285715103149414,0,0,0,0,1.9556235074996948,8589934592,1073741824,5151113216,290652160
207,1771644238496,3504,3504,3504,3504,3504,3504,3504,3504,39.81856155395508,39.28805923461914,38.03419494628906,37.91606140136719,38.34067153930664,37.81634521484375,37.88609313964844,38.97602844238281,38.98369598388672,10.526315689086914,19.047618865966797,10,14.285715103149414,0,0,0,0,1.9556235074996948,8589934592,1073741824,5151113216,290652160
205,1771644238704,3504,3504,3504,3504,3504,3504,3504,3504,39.81856155395508,39.28805923461914,38.03419494628906,37.91606140136719,38.34067153930664,37.81634521484375,37.88609313964844,38.97602844238281,38.98369598388672,19.047618865966797,15.789472579956055,19.047618865966797,14.285715103149414,0,0,0,0,2.465458869934082,8589934592,1073741824,5151047680,290652160
209,1771644238910,3504,3504,3504,3504,3504,3504,3504,3504,39.81856155395508,39.28805923461914,38.03419494628906,37.91606140136719,38.34067153930664,37.81634521484375,37.88609313964844,38.97602844238281,38.98369598388672,14.285715103149414,23.809524536132813,19.047618865966797,5,0,0,0,0,2.465458869934082,8589934592,1073741824,5151391744,290652160
200,1771644239120,3504,3504,3504,3504,3504,3504,3504,3504,39.81856155395508,39.28805923461914,38.03419494628906,37.91606140136719,38.34067153930664,37.81634521484375,37.88609313964844,38.97602844238281,38.98369598388672,15.000000953674316,19.047618865966797,20,9.523809432983398,0,0,0,0,2.465458869934082,8589934592,1073741824,5151391744,290652160
209,1771644239321,3504,3504,3504,3504,3504,3504,3504,3504,39.79991912841797,39.15593719482422,37.845420837402344,37.82109069824219,38.25782012939453,37.656455993652344,37.797096252441406,38.84576416015625,38.8458251953125,19.047618865966797,15.789472579956055,20,14.285715103149414,0,0,0,0,2.465458869934082,8589934592,1073741824,5151391744,290652160
205,1771644239532,3504,3504,3504,3504,3504,3504,3504,3504,39.79991912841797,39.15593719482422,37.845420837402344,37.82109069824219,38.25782012939453,37.656455993652344,37.797096252441406,38.84576416015625,38.8458251953125,23.809524536132813,13.636363983154297,14.285715103149414,5,0,0,0,0,2.465458869934082,8589934592,1073741824,5151391744,290652160
207,1771644239737,3504,3504,3504,3504,3504,3504,3504,3504,39.79991912841797,39.15593719482422,37.845420837402344,37.82109069824219,38.25782012939453,37.656455993652344,37.797096252441406,38.84576416015625,38.8458251953125,20,15.000000953674316,20,10,0,0,0,0,2.9078357219696045,8589934592,1073741824,5151555584,290652160
206,1771644239945,3504,3504,3504,3504,3504,3504,3504,3504,39.79991912841797,39.15593719482422,37.845420837402344,37.82109069824219,38.25782012939453,37.656455993652344,37.797096252441406,38.84576416015625,38.8458251953125,23.809524536132813,14.285715103149414,22.72727394104004,9.090909004211426,0,0,0,0,2.9078357219696045,8589934592,1073741824,5151506432,290652160
208,1771644240152,3504,3504,3504,3504,3504,3504,3504,3504,39.79991912841797,39.15593719482422,37.845420837402344,37.82109069824219,38.25782012939453,37.656455993652344,37.797096252441406,38.84576416015625,38.8458251953125,21.052631378173828,19.047618865966797,15.000000953674316,15.000000953674316,0,0,0,0,2.9078357219696045,8589934592,1073741824,5152948224,290652160
209,1771644240361,3504,3504,3504,3504,3504,3504,3504,3504,39.78387451171875,39.080806732177734,37.79638671875,37.75030517578125,38.14942169189453,37.55485534667969,37.69676971435547,38.76187515258789,38.79066848754883,31.81818199157715,20,15.000000953674316,14.285715103149414,0,0,4.545454502105713,4.761904716491699,2.9078357219696045,8589934592,1073741824,5152948224,290652160
200,1771644240571,3504,3504,3504,3504,3504,3504,3504,3504,39.78387451171875,39.080806732177734,37.79638671875,37.75030517578125,38.14942169189453,37.55485534667969,37.69676971435547,38.76187515258789,38.79066848754883,20,19.047618865966797,18.18181800842285,19.047618865966797,0,0,0,0,2.9078357219696045,8589934592,1073741824,5152948224,290652160
209,1771644240771,3504,3504,3504,3504,3504,3504,3504,3504,39.78387451171875,39.080806732177734,37.79638671875,37.75030517578125,38.14942169189453,37.55485534667969,37.69676971435547,38.76187515258789,38.79066848754883,25,20,10,15.000000953674316,0,0,0,0,2.5865097045898438,8589934592,1073741824,5154045952,290652160
209,1771644240981,3504,3504,3504,3504,3504,3504,3504,3504,39.78387451171875,39.080806732177734,37.79638671875,37.75030517578125,38.14942169189453,37.55485534667969,37.69676971435547,38.76187515258789,38.79066848754883,14.285715103149414,22.72727394104004,5,4.761904716491699,0,0,0,0,2.5865097045898438,8589934592,1073741824,5154045952,290652160
200,1771644241191,3504,3504,3504,3504,3504,3504,3504,3504,39.78767013549805,39.04996871948242,37.792083740234375,37.693031311035156,38.103614807128906,37.486732482910156,37.65666198730469,38.73902893066406,38.73970031738281,19.047618865966797,25,14.285715103149414,10,0,0,0,0,2.5865097045898438,8589934592,1073741824,5154045952,290652160
209,1771644241393,3504,3504,3504,3504,3504,3504,3504,3504,39.78767013549805,39.04996871948242,37.792083740234375,37.693031311035156,38.103614807128906,37.486732482910156,37.65666198730469,38.73902893066406,38.73970031738281,35,42.105262756347656,30.000001907348633,23.809524536132813,0,0,0,0,2.5865097045898438,8589934592,1073741824,5154045952,290652160
201,1771644241602,3504,3504,3504,3504,3504,3504,3504,3504,39.78767013549805,39.04996871948242,37.792083740234375,37.693031311035156,38.103614807128906,37.486732482910156,37.65666198730469,38.73902893066406,38.73970031738281,19.047618865966797,18.18181800842285,13.636363983154297,9.523809432983398,0,0,0,0,2.5865097045898438,8589934592,1073741824,5154045952,290652160
209,1771644241804,3504,3504,3504,3504,3504,3504,3504,3504,39.78767013549805,39.04996871948242,37.792083740234375,37.693031311035156,38.103614807128906,37.486732482910156,37.65666198730469,38.73902893066406,38.73970031738281,25,15.789472579956055,11.111111640930176,5.263157844543457,0,0,0,0,2.1581506729125977,8589934592,1073741824,5155717120,290652160
209,1771644242014,3504,3504,3504,3504,3504,3504,3504,3504,39.78767013549805,39.04996871948242,37.792083740234375,37.693031311035156,38.103614807128906,37.486732482910156,37.65666198730469,38.73902893066406,38.73970031738281,23.809524536132813,14.285715103149414,22.72727394104004,9.523809432983398,0,0,0,0,2.1581506729125977,8589934592,1073741824,5155471360,290652160
209,1771644242224,3504,3504,3504,3504,3504,3504,3504,3504,39.892578125,39.12168502807617,37.877098083496094,37.71759033203125,38.059837341308594,37.542625427246094,37.708396911621094,38.83660888671875,38.82492446899414,33.333335876464844,23.809524536132813,19.047618865966797,23.809524536132813,22.72727394104004,19.047618865966797,14.285715103149414,14.285715103149414,2.1581506729125977,8589934592,1073741824,5155487744,290652160
205,1771644242434,3504,3504,3504,3504,3504,3504,3504,3504,39.892578125,39.12168502807617,37.877098083496094,37.71759033203125,38.059837341308594,37.542625427246094,37.708396911621094,38.83660888671875,38.82492446899414,9.523809432983398,9.523809432983398,9.523809432983398,13.636363983154297,0,0,4.545454502105713,0,2.1581506729125977,8589934592,1073741824,5155487744,290652160
206,1771644242640,3504,3504,3504,3504,3504,3504,3504,3504,39.892578125,39.12168502807617,37.877098083496094,37.71759033203125,38.059837341308594,37.542625427246094,37.708396911621094,38.83660888671875,38.82492446899414,15.000000953674316,14.285715103149414,20,19.047618865966797,4.545454502105713,4.761904716491699,0,0,2.1581506729125977,8589934592,1073741824,5155487744,290652160
207,1771644242847,3504,3504,3504,3504,3504,3504,3504,3504,39.892578125,39.12168502807617,37.877098083496094,37.71759033203125,38.059837341308594,37.542625427246094,37.708396911621094,38.83660888671875,38.82492446899414,19.047618865966797,14.285715103149414,9.523809432983398,10.526315689086914,0,0,0,0,1.932100534439087,8589934592,1073741824,5155651584,290652160
209,1771644243054,3504,3504,3504,3504,3504,3504,3504,3504,39.892578125,39.12168502807617,37.877098083496094,37.71759033203125,38.059837341308594,37.542625427246094,37.708396911621094,38.83660888671875,38.82492446899414,20,10,15.000000953674316,9.523809432983398,0,0,0,0,1.932100534439087,8589934592,1073741824,5155749888,290652160
209,1771644243264,3504,3504,3504,3504,3504,3504,3504,3504,39.84835433959961,39.16069793701172,37.90179443359375,37.79542541503906,38.21189880371094,37.62861633300781,37.75909423828125,38.855201721191406,38.87062454223633,22.72727394104004,14.285715103149414,19.047618865966797,9.523809432983398,0,0,0,0,1.932100534439087,8589934592,1073741824,5155766272,290652160
209,1771644243474,3504,3504,3504,3504,3504,3504,3504,3504,39.84835433959961,39.16069793701172,37.90179443359375,37.79542541503906,38.21189880371094,37.62861633300781,37.75909423828125,38.855201721191406,38.87062454223633,25,15.000000953674316,9.523809432983398,5,0,0,0,0,1.932100534439087,8589934592,1073741824,5155389440,290652160
202,1771644243684,3504,3504,3504,3504,3504,3504,3504,3504,39.84835433959961,39.16069793701172,37.90179443359375,37.79542541503906,38.21189880371094,37.62861633300781,37.75909423828125,38.855201721191406,38.87062454223633,28.571430206298828,28.571430206298828,19.047618865966797,27.272727966308594,0,0,0,0,2.6337473392486572,8589934592,1073741824,5156945920,290652160
201,1771644243887,3504,3504,3504,3504,3504,3504,3504,3504,39.84835433959961,39.16069793701172,37.90179443359375,37.79542541503906,38.21189880371094,37.62861633300781,37.75909423828125,38.855201721191406,38.87062454223633,10,19.047618865966797,5,15.000000953674316,0,0,0,0,2.6337473392486572,8589934592,1073741824,5156929536,290652160
209,1771644244090,3504,3504,3504,3504,3504,3504,3504,3504,39.84835433959961,39.16069793701172,37.90179443359375,37.79542541503906,38.21189880371094,37.62861633300781,37.75909423828125,38.855201721191406,38.87062454223633,20,15.789472579956055,14.285715103149414,10.526315689086914,0,0,0,0,2.6337473392486572,8589934592,1073741824,5156798464,290652160
201,1771644244300,3504,3504,3504,3504,3504,3504,3504,3504,39.66228103637695,38.91865921020508,37.72395324707031,37.50718688964844,37.92671203613281,37.343528747558594,37.505409240722656,38.62845230102539,38.600154876708984,23.809524536132813,23.809524536132813,10,13.636363983154297,0,0,0,0,2.6337473392486572,8589934592,1073741824,5156814848,290652160
204,1771644244502,3504,3504,3504,3504,3504,3504,3504,3504,39.66228103637695,38.91865921020508,37.72395324707031,37.50718688964844,37.92671203613281,37.343528747558594,37.505409240722656,38.62845230102539,38.600154876708984,15.789472579956055,20,14.285715103149414,5,0,0,0,0,2.6337473392486572,8589934592,1073741824,5156782080,290652160
209,1771644244706,3504,3504,3504,3504,3504,3504,3504,3504,39.66228103637695,38.91865921020508,37.72395324707031,37.50718688964844,37.92671203613281,37.343528747558594,37.505409240722656,38.62845230102539,38.600154876708984,28.571430206298828,23.809524536132813,10,10,0,0,0,0,2.6211657524108887,8589934592,1073741824,5156831232,290652160
204,1771644244916,3504,3504,3504,3504,3504,3504,3504,3504,39.66228103637695,38.91865921020508,37.72395324707031,37.50718688964844,37.92671203613281,37.343528747558594,37.505409240722656,38.62845230102539,38.600154876708984,22.72727394104004,14.285715103149414,9.523809432983398,4.761904716491699,0,0,0,0,2.6211657524108887,8589934592,1073741824,5156831232,290652160
205,1771644245121,3504,3504,3504,3504,3504,3504,3504,3504,39.66228103637695,38.91865921020508,37.72395324707031,37.50718688964844,37.92671203613281,37.343528747558594,37.505409240722656,38.62845230102539,38.600154876708984,15.789472579956055,23.809524536132813,10,9.523809432983398,0,0,0,0,2.6211657524108887,8589934592,1073741824,5156864000,290652160
209,1771644245328,3504,3504,3504,3504,3504,3504,3504,3504,39.54073715209961,38.85799026489258,37.573951721191406,37.46809387207031,37.86640930175781,37.268150329589844,37.417030334472656,38.539798736572266,38.529930114746094,23.809524536132813,15.000000953674316,10,5,0,0,0,0,2.6211657524108887,8589934592,1073741824,5156864000,290652160
209,1771644245538,3504,3504,3504,3504,3504,3504,3504,3504,39.54073715209961,38.85799026489258,37.573951721191406,37.46809387207031,37.86640930175781,37.268150329589844,37.417030334472656,38.539798736572266,38.529930114746094,27.272727966308594,19.047618865966797,9.523809432983398,13.636363983154297,0,0,0,0,2.6211657524108887,8589934592,1073741824,5156880384,290652160
209,1771644245747,3504,3504,3504,3504,3504,3504,3504,3504,39.54073715209961,38.85799026489258,37.573951721191406,37.46809387207031,37.86640930175781,37.268150329589844,37.417030334472656,38.539798736572266,38.529930114746094,25,19.047618865966797,18.18181800842285,5,4.761904716491699,4.761904716491699,0,0,2.1225595474243164,8589934592,1073741824,5157257216,290652160
209,1771644245958,3504,3504,3504,3504,3504,3504,3504,3504,39.54073715209961,38.85799026489258,37.573951721191406,37.46809387207031,37.86640930175781,37.268150329589844,37.417030334472656,38.539798736572266,38.529930114746094,28.571430206298828,5,5,9.090909004211426,0,0,0,0,2.1225595474243164,8589934592,1073741824,5157142528,290652160
202,1771644246168,3504,3504,3504,3504,3504,3504,3504,3504,39.54073715209961,38.85799026489258,37.573951721191406,37.46809387207031,37.86640930175781,37.268150329589844,37.417030334472656,38.539798736572266,38.529930114746094,25,18.18181800842285,9.523809432983398,5,0,0,0,0,2.1225595474243164,8589934592,1073741824,5156831232,290652160
200,1771644246370,3504,3504,3504,3504,3504,3504,3504,3504,39.49223709106445,38.84092712402344,37.484336853027344,37.45655822753906,37.82375717163086,37.216400146484375,37.36878204345703,38.47724914550781,38.50461959838867,33.333335876464844,10.526315689086914,19.047618865966797,10,0,0,0,0,2.1225595474243164,8589934592,1073741824,5157191680,290652160
205,1771644246571,3504,3504,3504,3504,3504,3504,3504,3504,39.49223709106445,38.84092712402344,37.484336853027344,37.45655822753906,37.82375717163086,37.216400146484375,37.36878204345703,38.47724914550781,38.50461959838867,30.000001907348633,15.000000953674316,5.263157844543457,14.285715103149414,0,0,0,0,2.1225595474243164,8589934592,1073741824,5157158912,290652160
209,1771644246777,3504,3504,3504,3504,3504,3504,3504,3504,39.49223709106445,38.84092712402344,37.484336853027344,37.45655822753906,37.82375717163086,37.216400146484375,37.36878204345703,38.47724914550781,38.50461959838867,35,23.809524536132813,22.72727394104004,10,23.809524536132813,0,0,0,2.0150740146636963,8589934592,1073741824,5157158912,290652160
209,1771644246987,3504,3504,3504,3504,3504,3504,3504,3504,39.49223709106445,38.84092712402344,37.484336853027344,37.45655822753906,37.82375717163086,37.216400146484375,37.36878204345703,38.47724914550781,38.50461959838867,28.571430206298828,18.18181800842285,10,9.523809432983398,14.285715103149414,4.545454502105713,0,0,2.0150740146636963,8589934592,1073741824,5155487744,290652160
209,1771644247197,3504,3504,3504,3504,3504,3504,3504,3504,39.62294387817383,39.0644416809082,37.70233154296875,37.62507629394531,37.86985778808594,37.217567443847656,37.390419006347656,38.480865478515625,38.53092956542969,28.571430206298828,25,30.000001907348633,5,4.545454502105713,0,0,0,2.0150740146636963,8589934592,1073741824,5155520512,290652160
200,1771644247407,3504,3504,3504,3504,3504,3504,3504,3504,39.62294387817383,39.0644416809082,37.70233154296875,37.62507629394531,37.86985778808594,37.217567443847656,37.390419006347656,38.480865478515625,38.53092956542969,28.571430206298828,15.000000953674316,27.272727966308594,22.72727394104004,0,0,0,0,2.0150740146636963,8589934592,1073741824,5155520512,290652160
209,1771644247608,3504,3504,3504,3504,3504,3504,3504,3504,39.62294387817383,39.0644416809082,37.70233154296875,37.62507629394531,37.86985778808594,37.217567443847656,37.390419006347656,38.480865478515625,38.53092956542969,15.789472579956055,20,25,10,0,0,0,0,2.0150740146636963,8589934592,1073741824,5155520512,290652160
209,1771644247818,3504,3504,3504,3504,3504,3504,3504,3504,39.62294387817383,39.0644416809082,37.70233154296875,37.62507629394531,37.86985778808594,37.217567443847656,37.390419006347656,38.480865478515625,38.53092956542969,27.272727966308594,23.809524536132813,19.047618865966797,14.285715103149414,0,0,0,4.761904716491699,1.9682077169418335,8589934592,1073741824,5155520512,290652160
206,1771644248028,3504,3504,3504,3504,3504,3504,3504,3504,39.62294387817383,39.0644416809082,37.70233154296875,37.62507629394531,37.86985778808594,37.217567443847656,37.390419006347656,38.480865478515625,38.53092956542969,19.047618865966797,23.809524536132813,10,5,4.761904716491699,4.545454502105713,0,0,1.9682077169418335,8589934592,1073741824,5155700736,290652160
204,1771644248236,3504,3504,3504,3504,3504,3504,3504,3504,39.51205062866211,38.8221435546875,37.521018981933594,37.462799072265625,37.819950103759766,37.179283142089844,37.35101318359375,38.458187103271484,38.496559143066406,15.000000953674316,19.047618865966797,9.523809432983398,14.285715103149414,0,0,0,0,1.9682077169418335,8589934592,1073741824,5155766272,290652160
204,1771644248441,3504,3504,3504,3504,3504,3504,3504,3504,39.51205062866211,38.8221435546875,37.521018981933594,37.462799072265625,37.819950103759766,37.179283142089844,37.35101318359375,38.458187103271484,38.496559143066406,15.000000953674316,23.809524536132813,14.285715103149414,14.285715103149414,0,0,0,0,1.9682077169418335,8589934592,1073741824,5155749888,290652160
207,1771644248646,3504,3504,3504,3504,3504,3504,3504,3504,39.51205062866211,38.8221435546875,37.521018981933594,37.462799072265625,37.819950103759766,37.179283142089844,37.35101318359375,38.458187103271484,38.496559143066406,19.047618865966797,30.000001907348633,10,5,0,0,4.761904716491699,0,1.9682077169418335,8589934592,1073741824,5155749888,290652160
202,1771644248854,3504,3504,3504,3504,3504,3504,3504,3504,39.51205062866211,38.8221435546875,37.521018981933594,37.462799072265625,37.819950103759766,37.179283142089844,37.35101318359375,38.458187103271484,38.496559143066406,15.000000953674316,19.047618865966797,10,5,0,0,0,0,2.3842878341674805,8589934592,1073741824,5155749888,290652160
208,1771644249057,3504,3504,3504,3504,3504,3504,3504,3504,39.51205062866211,38.8221435546875,37.521018981933594,37.462799072265625,37.819950103759766,37.179283142089844,37.35101318359375,38.458187103271484,38.496559143066406,28.571430206298828,15.000000953674316,14.285715103149414,14.285715103149414,0,0,0,0,2.3842878341674805,8589934592,1073741824,5155717120,290652160
205,1771644249266,3504,3504,3504,3504,3504,3504,3504,3504,39.396968841552734,38.67617416381836,37.389801025390625,37.408775329589844,37.69502258300781,37.05207061767578,37.24212646484375,38.34027099609375,38.36713409423828,20,23.809524536132813,10,5,0,0,0,4.545454502105713,2.3842878341674805,8589934592,1073741824,5155635200,290652160
209,1771644249472,3504,3504,3504,3504,3504,3504,3504,3504,39.396968841552734,38.67617416381836,37.389801025390625,37.408775329589844,37.69502258300781,37.05207061767578,37.24212646484375,38.34027099609375,38.36713409423828,20,15.000000953674316,14.285715103149414,13.636363983154297,0,0,0,0,2.3842878341674805,8589934592,1073741824,5155684352,290652160
206,1771644249682,3504,3504,3504,3504,3504,3504,3504,3504,39.396968841552734,38.67617416381836,37.389801025390625,37.408775329589844,37.69502258300781,37.05207061767578,37.24212646484375,38.34027099609375,38.36713409423828,30.434782028198242,15.000000953674316,9.523809432983398,5,0,0,0,0,2.4539589881896973,8589934592,1073741824,5155684352,290652160
205,1771644249890,3504,3504,3504,3504,3504,3504,3504,3504,39.396968841552734,38.67617416381836,37.389801025390625,37.408775329589844,37.69502258300781,37.05207061767578,37.24212646484375,38.34027099609375,38.36713409423828,20,14.285715103149414,14.285715103149414,14.285715103149414,0,0,0,0,2.4539589881896973,8589934592,1073741824,5155700736,290652160
201,1771644250096,3504,3504,3504,3504,3504,3504,3504,3504,39.396968841552734,38.67617416381836,37.389801025390625,37.408775329589844,37.69502258300781,37.05207061767578,37.24212646484375,38.34027099609375,38.36713409423828,25,19.047618865966797,20,10,0,0,0,0,2.4539589881896973,8589934592,1073741824,5152210944,290652160
205,1771644250298,3504,3504,3504,3504,3504,3504,3504,3504,39.312400817871094,38.60997009277344,37.37952423095703,37.35273742675781,37.64255905151367,36.97271728515625,37.2105712890625,38.30268478393555,38.37527084350586,19.047618865966797,5,15.000000953674316,5,5,0,0,5,2.4539589881896973,8589934592,1073741824,5152555008,290652160
205,1771644250504,3504,3504,3504,3504,3504,3504,3504,3504,39.312400817871094,38.60997009277344,37.37952423095703,37.35273742675781,37.64255905151367,36.97271728515625,37.2105712890625,38.30268478393555,38.37527084350586,20,20,14.285715103149414,9.523809432983398,0,0,0,0,2.4539589881896973,8589934592,1073741824,5152555008,290652160
209,1771644250710,3504,3504,3504,3504,3504,3504,3504,3504,39.312400817871094,38.60997009277344,37.37952423095703,37.35273742675781,37.64255905151367,36.97271728515625,37.2105712890625,38.30268478393555,38.37527084350586,14.285715103149414,23.809524536132813,14.285715103149414,9.523809432983398,0,4.545454502105713,0,0,1.9920625686645508,8589934592,1073741824,5152555008,290652160
208,1771644250921,3504,3504,3504,3504,3504,3504,3504,3504,39.312400817871094,38.60997009277344,37.37952423095703,37.35273742675781,37.64255905151367,36.97271728515625,37.2105712890625,38.30268478393555,38.37527084350586,14.285715103149414,14.285715103149414,15.000000953674316,14.285715103149414,0,0,0,0,1.9920625686645508,8589934592,1073741824,5152555008,290652160
205,1771644251129,3504,3504,3504,3504,3504,3504,3504,3504,39.312400817871094,38.60997009277344,37.37952423095703,37.35273742675781,37.64255905151367,36.97271728515625,37.2105712890625,38.30268478393555,38.37527084350586,25,19.047618865966797,22.72727394104004,14.285715103149414,4.761904716491699,0,0,0,1.9920625686645508,8589934592,1073741824,5154471936,290652160
201,1771644251336,3504,3504,3504,3504,3504,3504,3504,3504,39.31047439575195,38.63359069824219,37.39430236816406,37.351158142089844,37.62178039550781,36.99749755859375,37.20258331298828,38.29811096191406,38.320838928222656,19.047618865966797,15.000000953674316,10.526315689086914,0,0,4.761904716491699,0,0,1.9920625686645508,8589934592,1073741824,5154537472,290652160
209,1771644251538,3504,3504,3504,3504,3504,3504,3504,3504,39.31047439575195,38.63359069824219,37.39430236816406,37.351158142089844,37.62178039550781,36.99749755859375,37.20258331298828,38.29811096191406,38.320838928222656,25,14.285715103149414,9.523809432983398,5.263157844543457,0,0,0,0,1.9920625686645508,8589934592,1073741824,5154521088,290652160
208,1771644251747,3504,3504,3504,3504,3504,3504,3504,3504,39.31047439575195,38.63359069824219,37.39430236816406,37.351158142089844,37.62178039550781,36.99749755859375,37.20258331298828,38.29811096191406,38.320838928222656,19.047618865966797,15.000000953674316,15.000000953674316,13.636363983154297,0,0,0,0,2.468355894088745,8589934592,1073741824,5154471936,290652160
203,1771644251956,3504,3504,3504,3504,3504,3504,3504,3504,39.31047439575195,38.63359069824219,37.39430236816406,37.351158142089844,37.62178039550781,36.99749755859375,37.20258331298828,38.29811096191406,38.320838928222656,15.000000953674316,19.047618865966797,14.285715103149414,19.047618865966797,0,0,0,0,2.468355894088745,8589934592,1073741824,5154471936,290652160
203,1771644252160,3504,3504,3504,3504,3504,3504,3504,3504,39.31047439575195,38.63359069824219,37.39430236816406,37.351158142089844,37.62178039550781,36.99749755859375,37.20258331298828,38.29811096191406,38.320838928222656,23.809524536132813,10,5,14.285715103149414,0,0,0,0,2.468355894088745,8589934592,1073741824,5154422784,290652160
209,1771644252364,3504,3504,3504,3504,3504,3504,3504,3504,39.221683502197266,38.5356559753418,37.32417297363281,37.21710205078125,37.54521560668945,36.859954833984375,37.127845764160156,38.235206604003906,38.235252380371094,5.263157844543457,23.809524536132813,14.285715103149414,5.263157844543457,9.090909004211426,0,4.761904716491699,0,2.468355894088745,8589934592,1073741824,5154258944,290652160
209,1771644252574,3504,3504,3504,3504,3504,3504,3504,3504,39.221683502197266,38.5356559753418,37.32417297363281,37.21710205078125,37.54521560668945,36.859954833984375,37.127845764160156,38.235206604003906,38.235252380371094,19.047618865966797,20,9.523809432983398,13.636363983154297,0,0,0,0,2.468355894088745,8589934592,1073741824,5154275328,290652160
204,1771644252784,3504,3504,3504,3504,3504,3504,3504,3504,39.221683502197266,38.5356559753418,37.32417297363281,37.21710205078125,37.54521560668945,36.859954833984375,37.127845764160156,38.235206604003906,38.235252380371094,25,14.285715103149414,10,10,0,0,0,0,2.2062127590179443,8589934592,1073741824,5154308096,290652160
209,1771644252990,3504,3504,3504,3504,3504,3504,3504,3504,39.221683502197266,38.5356559753418,37.32417297363281,37.21710205078125,37.54521560668945,36.859954833984375,37.127845764160156,38.235206604003906,38.235252380371094,28.571430206298828,10,13.636363983154297,9.523809432983398,0,0,0,0,2.2062127590179443,8589934592,1073741824,5154439168,290652160
201,1771644253200,3504,3504,3504,3504,3504,3504,3504,3504,39.159549713134766,38.48535919189453,37.31254577636719,37.17625427246094,37.50917434692383,36.85579299926758,37.13884735107422,38.220027923583984,38.22161102294922,28.571430206298828,14.285715103149414,5,9.523809432983398,0,0,0,0,2.2062127590179443,8589934592,1073741824,5154471936,290652160
208,1771644253402,3504,3504,3504,3504,3504,3504,3504,3504,39.159549713134766,38.48535919189453,37.31254577636719,37.17625427246094,37.50917434692383,36.85579299926758,37.13884735107422,38.220027923583984,38.22161102294922,33.333335876464844,15.000000953674316,15.000000953674316,10,0,0,0,0,2.2062127590179443,8589934592,1073741824,5154963456,290652160
9,1771644253611,3504,3504,3504,3504,3504,3504,3504,3504,39.159549713134766,38.48535919189453,37.31254577636719,37.17625427246094,37.50917434692383,36.85579299926758,37.13884735107422,38.220027923583984,38.22161102294922,28.571430206298828,14.285715103149414,13.636363983154297,9.523809432983398,0,0,0,0,2.2062127590179443,8589934592,1073741824,5154209792,290652160
