Delta,Time,CPU_FREQUENCY_0,CPU_FREQUENCY_1,CPU_FREQUENCY_2,CPU_FREQUENCY_3,CPU_FREQUENCY_4,CPU_FREQUENCY_5,CPU_FREQUENCY_6,CPU_FREQUENCY_7,CPU_TEMP_0,CPU_TEMP_1,CPU_TEMP_2,CPU_TEMP_3,CPU_TEMP_4,CPU_TEMP_5,CPU_TEMP_6,CPU_TEMP_7,CPU_TEMP_8,CPU_USAGE_0,CPU_USAGE_1,CPU_USAGE_2,CPU_USAGE_3,CPU_USAGE_4,CPU_USAGE_5,CPU_USAGE_6,CPU_USAGE_7,SYSTEM_POWER (Watts),TOTAL_MEMORY,TOTAL_SWAP,USED_MEMORY,USED_SWAP
0,1771646079502,3504,3504,3504,3504,3504,3504,3504,3504,53.41340255737305,52.896156311035156,51.78028869628906,51.68754577636719,51.72172927856445,51.515525817871094,51.246620178222656,52.418968200683594,52.633182525634766,0,50,0,0,50,0,0,0,8.832815170288086,8589934592,1073741824,5320376320,290652160
209,1771646079502,3504,3504,3504,3504,3504,3504,3504,3504,53.41340255737305,52.896156311035156,51.78028869628906,51.68754577636719,51.72172927856445,51.515525817871094,51.246620178222656,52.418968200683594,52.633182525634766,0,0,0,0,0,0,0,0,8.832815170288086,8589934592,1073741824,5321211904,290652160
208,1771646079713,3504,3504,3504,3504,3504,3504,3504,3504,53.41340255737305,52.896156311035156,51.78028869628906,51.68754577636719,51.72172927856445,51.515525817871094,51.246620178222656,52.418968200683594,52.633182525634766,19.047618865966797,14.285715103149414,5,14.285715103149414,4.761904716491699,4.545454502105713,4.545454502105713,0,2.231356143951416,8589934592,1073741824,5321981952,290652160
207,1771646079922,3504,3504,3504,3504,3504,3504,3504,3504,53.41340255737305,52.896156311035156,51.78028869628906,51.68754577636719,51.72172927856445,51.515525817871094,51.246620178222656,52.418968200683594,52.633182525634766,14.285715103149414,19.047618865966797,14.285715103149414,15.000000953674316,0,0,0,0,2.231356143951416,8589934592,1073741824,5321981952,290652160
209,1771646080130,3504,3504,3504,3504,3504,3504,3504,3504,53.41340255737305,52.896156311035156,51.78028869628906,51.68754577636719,51.72172927856445,51.515525817871094,51.246620178222656,52.418968200683594,52.633182525634766,15.000000953674316,20,14.285715103149414,23.809524536132813,0,0,0,0,2.231356143951416,8589934592,1073741824,5319114752,290652160
208,1771646080341,3504,3504,3504,3504,3504,3504,3504,3504,52.9111213684082,52.31525802612305,51.19806671142578,51.058799743652344,50.89986038208008,50.54100036621094,50.270668029785156,51.591026306152344,51.653968811035156,9.523809432983398,13.636363983154297,5,22.72727394104004,0,0,4.545454502105713,0,2.231356143951416,8589934592,1073741824,5317148672,290652160
205,1771646080549,3504,3504,3504,3504,3504,3504,3504,3504,52.9111213684082,52.31525802612305,51.19806671142578,51.058799743652344,50.89986038208008,50.54100036621094,50.270668029785156,51.591026306152344,51.653968811035156,19.047618865966797,14.285715103149414,14.285715103149414,20,0,0,0,0,2.231356143951416,8589934592,1073741824,5315149824,290652160
208,1771646080755,3504,3504,3504,3504,3504,3504,3504,3504,52.9111213684082,52.31525802612305,51.19806671142578,51.058799743652344,50.89986038208008,50.54100036621094,50.270668029785156,51.591026306152344,51.653968811035156,15.000000953674316,20,19.047618865966797,19.047618865966797,0,0,0,0,2.8480653762817383,8589934592,1073741824,5315149824,290652160
201,1771646080964,3504,3504,3504,3504,3504,3504,3504,3504,52.9111213684082,52.31525802612305,51.19806671142578,51.058799743652344,50.89986038208008,50.54100036621094,50.270668029785156,51.591026306152344,51.653968811035156,19.047618865966797,20,9.523809432983398,19.047618865966797,0,0,0,0,2.8480653762817383,8589934592,1073741824,5315149824,290652160
199,1771646081166,3504,3504,3504,3504,3504,3504,3504,3504,52.9111213684082,52.31525802612305,51.19806671142578,51.058799743652344,50.89986038208008,50.54100036621094,50.270668029785156,51.591026306152344,51.653968811035156,20,13.636363983154297,15.000000953674316,15.000000953674316,4.761904716491699,0,0,0,2.8480653762817383,8589934592,1073741824,5098274816,290652160
207,1771646081366,3504,3504,3504,3504,3504,3504,3504,3504,50.61273193359375,49.826263427734375,48.93396759033203,48.81523132324219,49.20134353637695,48.90028381347656,48.662261962890625,49.813934326171875,49.95685958862305,15.000000953674316,15.000000953674316,20,15.789472579956055,0,0,0,0,2.8480653762817383,8589934592,1073741824,5098127360,290652160
207,1771646081574,3504,3504,3504,3504,3504,3504,3504,3504,50.61273193359375,49.826263427734375,48.93396759033203,48.81523132324219,49.20134353637695,48.90028381347656,48.662261962890625,49.813934326171875,49.95685958862305,15.000000953674316,10,19.047618865966797,19.047618865966797,0,0,0,0,2.8480653762817383,8589934592,1073741824,5097701376,290652160
203,1771646081782,3504,3504,3504,3504,3504,3504,3504,3504,50.61273193359375,49.826263427734375,48.93396759033203,48.81523132324219,49.20134353637695,48.90028381347656,48.662261962890625,49.813934326171875,49.95685958862305,28.571430206298828,15.000000953674316,20,14.285715103149414,5,5,0,4.545454502105713,3.0618221759796143,8589934592,1073741824,5090082816,290652160
201,1771646081986,3504,3504,3504,3504,3504,3504,3504,3504,50.61273193359375,49.826263427734375,48.93396759033203,48.81523132324219,49.20134353637695,48.90028381347656,48.662261962890625,49.813934326171875,49.95685958862305,22.72727394104004,14.285715103149414,15.000000953674316,9.523809432983398,4.761904716491699,4.761904716491699,4.545454502105713,0,3.0618221759796143,8589934592,1073741824,5090082816,290652160
209,1771646082189,3504,3504,3504,3504,3504,3504,3504,3504,49.6674919128418,49.09920120239258,48.061180114746094,47.85655212402344,48.23853302001953,48.018882751464844,47.688926696777344,48.89426803588867,48.98911666870117,15.789472579956055,10,15.000000953674316,5.263157844543457,0,0,0,0,3.0618221759796143,8589934592,1073741824,5090181120,290652160
206,1771646082399,3504,3504,3504,3504,3504,3504,3504,3504,49.6674919128418,49.09920120239258,48.061180114746094,47.85655212402344,48.23853302001953,48.018882751464844,47.688926696777344,48.89426803588867,48.98911666870117,25,20,27.272727966308594,14.285715103149414,38.095237731933594,0,0,0,3.0618221759796143,8589934592,1073741824,5090328576,290652160
209,1771646082606,3504,3504,3504,3504,3504,3504,3504,3504,49.6674919128418,49.09920120239258,48.061180114746094,47.85655212402344,48.23853302001953,48.018882751464844,47.688926696777344,48.89426803588867,48.98911666870117,23.809524536132813,9.523809432983398,20,9.523809432983398,5,4.761904716491699,0,4.761904716491699,3.0618221759796143,8589934592,1073741824,5090328576,290652160
208,1771646082816,3504,3504,3504,3504,3504,3504,3504,3504,49.6674919128418,49.09920120239258,48.061180114746094,47.85655212402344,48.23853302001953,48.018882751464844,47.688926696777344,48.89426803588867,48.98911666870117,23.809524536132813,14.285715103149414,14.285715103149414,4.761904716491699,0,0,0,0,2.103752613067627,8589934592,1073741824,5090328576,290652160
209,1771646083024,3504,3504,3504,3504,3504,3504,3504,3504,49.6674919128418,49.09920120239258,48.061180114746094,47.85655212402344,48.23853302001953,48.018882751464844,47.688926696777344,48.89426803588867,48.98911666870117,14.285715103149414,19.047618865966797,20,5,0,0,0,0,2.103752613067627,8589934592,1073741824,5090328576,290652160
209,1771646083234,3504,3504,3504,3504,3504,3504,3504,3504,49.098716735839844,48.735137939453125,47.517669677734375,47.213470458984375,47.49671936035156,47.339515686035156,47.01737976074219,48.11648178100586,48.2904167175293,19.047618865966797,10,9.523809432983398,13.043478012084961,0,0,0,0,2.103752613067627,8589934592,1073741824,5090312192,290652160
204,1771646083444,3504,3504,3504,3504,3504,3504,3504,3504,49.098716735839844,48.735137939453125,47.517669677734375,47.213470458984375,47.49671936035156,47.339515686035156,47.01737976074219,48.11648178100586,48.2904167175293,25,23.809524536132813,9.523809432983398,5,0,0,0,0,2.103752613067627,8589934592,1073741824,5090328576,290652160
204,1771646083649,3504,3504,3504,3504,3504,3504,3504,3504,49.098716735839844,48.735137939453125,47.517669677734375,47.213470458984375,47.49671936035156,47.339515686035156,47.01737976074219,48.11648178100586,48.2904167175293,23.809524536132813,15.000000953674316,9.523809432983398,10,4.761904716491699,0,0,0,2.103752613067627,8589934592,1073741824,5090328576,290652160
209,1771646083854,3504,3504,3504,3504,3504,3504,3504,3504,49.098716735839844,48.735137939453125,47.517669677734375,47.213470458984375,47.49671936035156,47.339515686035156,47.01737976074219,48.11648178100586,48.2904167175293,20,22.72727394104004,10,5,0,0,0,0,2.2667884826660156,8589934592,1073741824,5090344960,290652160
209,1771646084064,3504,3504,3504,3504,3504,3504,3504,3504,49.098716735839844,48.735137939453125,47.517669677734375,47.213470458984375,47.49671936035156,47.339515686035156,47.01737976074219,48.11648178100586,48.2904167175293,23.809524536132813,15.000000953674316,13.636363983154297,5,0,0,0,0,2.2667884826660156,8589934592,1073741824,5090344960,290652160
206,1771646084274,3504,3504,3504,3504,3504,3504,3504,3504,48.20236587524414,47.73392868041992,46.41504669189453,46.315086364746094,46.695674896240234,46.671485900878906,46.228782653808594,47.32928466796875,47.53615188598633,19.047618865966797,30.000001907348633,15.000000953674316,13.636363983154297,0,0,0,0,2.2667884826660156,8589934592,1073741824,5087920128,290652160
205,1771646084480,3504,3504,3504,3504,3504,3504,3504,3504,48.20236587524414,47.73392868041992,46.41504669189453,46.315086364746094,46.695674896240234,46.671485900878906,46.228782653808594,47.32928466796875,47.53615188598633,10,19.047618865966797,5,15.000000953674316,0,0,0,0,2.2667884826660156,8589934592,1073741824,5087395840,290652160
209,1771646084686,3504,3504,3504,3504,3504,3504,3504,3504,48.20236587524414,47.73392868041992,46.41504669189453,46.315086364746094,46.695674896240234,46.671485900878906,46.228782653808594,47.32928466796875,47.53615188598633,25,14.285715103149414,14.285715103149414,19.047618865966797,0,0,0,0,2.536604404449463,8589934592,1073741824,5087412224,290652160
201,1771646084897,3504,3504,3504,3504,3504,3504,3504,3504,48.20236587524414,47.73392868041992,46.41504669189453,46.315086364746094,46.695674896240234,46.671485900878906,46.228782653808594,47.32928466796875,47.53615188598633,18.18181800842285,14.285715103149414,9.523809432983398,14.285715103149414,0,0,0,0,2.536604404449463,8589934592,1073741824,5087297536,290652160
209,1771646085099,3504,3504,3504,3504,3504,3504,3504,3504,48.20236587524414,47.73392868041992,46.41504669189453,46.315086364746094,46.695674896240234,46.671485900878906,46.228782653808594,47.32928466796875,47.53615188598633,31.57894515991211,25,19.047618865966797,28.571430206298828,0,0,0,0,2.536604404449463,8589934592,1073741824,5091164160,290652160
206,1771646085309,3504,3504,3504,3504,3504,3504,3504,3504,47.53017044067383,47.21676254272461,45.790061950683594,45.59455871582031,46.12403106689453,46.22206115722656,45.657470703125,46.713653564453125,46.90707778930664,14.285715103149414,15.000000953674316,19.047618865966797,5,4.761904716491699,0,0,4.545454502105713,2.536604404449463,8589934592,1073741824,5091295232,290652160
208,1771646085516,3504,3504,3504,3504,3504,3504,3504,3504,47.53017044067383,47.21676254272461,45.790061950683594,45.59455871582031,46.12403106689453,46.22206115722656,45.657470703125,46.713653564453125,46.90707778930664,22.72727394104004,19.047618865966797,20,5,0,0,0,0,2.536604404449463,8589934592,1073741824,5091164160,290652160
209,1771646085724,3504,3504,3504,3504,3504,3504,3504,3504,47.53017044067383,47.21676254272461,45.790061950683594,45.59455871582031,46.12403106689453,46.22206115722656,45.657470703125,46.713653564453125,46.90707778930664,30.000001907348633,15.000000953674316,19.047618865966797,18.18181800842285,0,0,0,0,2.174431562423706,8589934592,1073741824,5091164160,290652160
206,1771646085934,3504,3504,3504,3504,3504,3504,3504,3504,47.53017044067383,47.21676254272461,45.790061950683594,45.59455871582031,46.12403106689453,46.22206115722656,45.657470703125,46.713653564453125,46.90707778930664,15.000000953674316,18.18181800842285,15.000000953674316,5,0,0,0,0,2.174431562423706,8589934592,1073741824,5091164160,290652160
207,1771646086141,3504,3504,3504,3504,3504,3504,3504,3504,47.53017044067383,47.21676254272461,45.790061950683594,45.59455871582031,46.12403106689453,46.22206115722656,45.657470703125,46.713653564453125,46.90707778930664,14.285715103149414,19.047618865966797,19.047618865966797,4.761904716491699,0,0,0,0,2.174431562423706,8589934592,1073741824,5091164160,290652160
203,1771646086349,3504,3504,3504,3504,3504,3504,3504,3504,46.85248565673828,46.63420486450195,45.29296875,45.15387725830078,45.564937591552734,45.82969665527344,45.22582244873047,46.346431732177734,46.30135726928711,14.285715103149414,23.809524536132813,19.047618865966797,14.285715103149414,0,0,0,0,2.174431562423706,8589934592,1073741824,5091164160,290652160
209,1771646086553,3504,3504,3504,3504,3504,3504,3504,3504,46.85248565673828,46.63420486450195,45.29296875,45.15387725830078,45.564937591552734,45.82969665527344,45.22582244873047,46.346431732177734,46.30135726928711,15.000000953674316,21.052631378173828,20,5,0,0,0,0,2.174431562423706,8589934592,1073741824,5091196928,290652160
204,1771646086763,3504,3504,3504,3504,3504,3504,3504,3504,46.85248565673828,46.63420486450195,45.29296875,45.15387725830078,45.564937591552734,45.82969665527344,45.22582244873047,46.346431732177734,46.30135726928711,14.285715103149414,19.047618865966797,15.000000953674316,13.636363983154297,0,0,0,0,2.3608651161193848,8589934592,1073741824,5091196928,290652160
209,1771646086969,3504,3504,3504,3504,3504,3504,3504,3504,46.85248565673828,46.63420486450195,45.29296875,45.15387725830078,45.564937591552734,45.82969665527344,45.22582244873047,46.346431732177734,46.30135726928711,14.285715103149414,19.047618865966797,19.047618865966797,5.263157844543457,0,0,0,0,2.3608651161193848,8589934592,1073741824,5091196928,290652160
208,1771646087179,3504,3504,3504,3504,3504,3504,3504,3504,46.325225830078125,45.97140884399414,44.77409362792969,44.61260223388672,45.055824279785156,45.36781311035156,44.639259338378906,45.814456939697266,45.81789016723633,20,23.809524536132813,13.636363983154297,9.523809432983398,0,0,0,0,2.3608651161193848,8589934592,1073741824,5091196928,290652160
209,1771646087388,3504,3504,3504,3504,3504,3504,3504,3504,46.325225830078125,45.97140884399414,44.77409362792969,44.61260223388672,45.055824279785156,45.36781311035156,44.639259338378906,45.814456939697266,45.81789016723633,31.81818199157715,19.047618865966797,10,10,0,0,0,0,2.3608651161193848,8589934592,1073741824,5091213312,290652160
209,1771646087598,3504,3504,3504,3504,3504,3504,3504,3504,46.325225830078125,45.97140884399414,44.77409362792969,44.61260223388672,45.055824279785156,45.36781311035156,44.639259338378906,45.814456939697266,45.81789016723633,25,23.809524536132813,14.285715103149414,13.636363983154297,0,4.761904716491699,0,0,2.3608651161193848,8589934592,1073741824,5091180544,290652160
205,1771646087808,3504,3504,3504,3504,3504,3504,3504,3504,46.325225830078125,45.97140884399414,44.77409362792969,44.61260223388672,45.055824279785156,45.36781311035156,44.639259338378906,45.814456939697266,45.81789016723633,19.047618865966797,5,5,14.285715103149414,0,0,0,0,2.0580577850341797,8589934592,1073741824,5091164160,290652160
207,1771646088014,3504,3504,3504,3504,3504,3504,3504,3504,46.325225830078125,45.97140884399414,44.77409362792969,44.61260223388672,45.055824279785156,45.36781311035156,44.639259338378906,45.814456939697266,45.81789016723633,23.809524536132813,20,14.285715103149414,20,10,9.523809432983398,5,0,2.0580577850341797,8589934592,1073741824,5091164160,290652160
202,1771646088222,3504,3504,3504,3504,3504,3504,3504,3504,46.07942199707031,45.528568267822266,44.3896484375,44.306488037109375,44.667625427246094,44.876434326171875,44.293907165527344,45.35142135620117,45.40161895751953,14.285715103149414,13.636363983154297,9.523809432983398,14.285715103149414,4.545454502105713,0,0,0,2.0580577850341797,8589934592,1073741824,5091164160,290652160
207,1771646088425,3504,3504,3504,3504,3504,3504,3504,3504,46.07942199707031,45.528568267822266,44.3896484375,44.306488037109375,44.667625427246094,44.876434326171875,44.293907165527344,45.35142135620117,45.40161895751953,10.526315689086914,5.555555820465088,10.526315689086914,19.047618865966797,0,0,0,0,2.0580577850341797,8589934592,1073741824,5092294656,290652160
207,1771646088632,3504,3504,3504,3504,3504,3504,3504,3504,46.07942199707031,45.528568267822266,44.3896484375,44.306488037109375,44.667625427246094,44.876434326171875,44.293907165527344,45.35142135620117,45.40161895751953,14.285715103149414,22.72727394104004,14.285715103149414,15.000000953674316,0,0,0,0,2.0580577850341797,8589934592,1073741824,5092327424,290652160
208,1771646088840,3504,3504,3504,3504,3504,3504,3504,3504,46.07942199707031,45.528568267822266,44.3896484375,44.306488037109375,44.667625427246094,44.876434326171875,44.293907165527344,45.35142135620117,45.40161895751953,15.000000953674316,14.285715103149414,13.636363983154297,14.285715103149414,0,0,0,0,1.8363615274429321,8589934592,1073741824,5092278272,290652160
208,1771646089049,3504,3504,3504,3504,3504,3504,3504,3504,46.07942199707031,45.528568267822266,44.3896484375,44.306488037109375,44.667625427246094,44.876434326171875,44.293907165527344,45.35142135620117,45.40161895751953,22.72727394104004,15.000000953674316,15.000000953674316,9.523809432983398,0,0,0,0,1.8363615274429321,8589934592,1073741824,5092278272,290652160
207,1771646089258,3504,3504,3504,3504,3504,3504,3504,3504,45.692779541015625,45.051513671875,44.01788330078125,43.816551208496094,44.2663688659668,44.35248565673828,43.83557891845703,44.941524505615234,45.019744873046875,25,14.285715103149414,14.285715103149414,14.285715103149414,0,0,0,0,1.8363615274429321,8589934592,1073741824,5092278272,290652160
209,1771646089466,3504,3504,3504,3504,3504,3504,3504,3504,45.692779541015625,45.051513671875,44.01788330078125,43.816551208496094,44.2663688659668,44.35248565673828,43.83557891845703,44.941524505615234,45.019744873046875,23.809524536132813,14.285715103149414,10,15.000000953674316,0,0,0,0,1.8363615274429321,8589934592,1073741824,5082660864,290652160
206,1771646089676,3504,3504,3504,3504,3504,3504,3504,3504,45.692779541015625,45.051513671875,44.01788330078125,43.816551208496094,44.2663688659668,44.35248565673828,43.83557891845703,44.941524505615234,45.019744873046875,14.285715103149414,22.72727394104004,13.636363983154297,19.047618865966797,0,0,0,0,2.605846881866455,8589934592,1073741824,5081415680,290652160
206,1771646089883,3504,3504,3504,3504,3504,3504,3504,3504,45.692779541015625,45.051513671875,44.01788330078125,43.816551208496094,44.2663688659668,44.35248565673828,43.83557891845703,44.941524505615234,45.019744873046875,10,15.789472579956055,5.263157844543457,19.047618865966797,0,0,0,0,2.605846881866455,8589934592,1073741824,5081432064,290652160
209,1771646090089,3504,3504,3504,3504,3504,3504,3504,3504,45.692779541015625,45.051513671875,44.01788330078125,43.816551208496094,44.2663688659668,44.35248565673828,43.83557891845703,44.941524505615234,45.019744873046875,19.047618865966797,19.047618865966797,13.636363983154297,14.285715103149414,0,0,0,0,2.605846881866455,8589934592,1073741824,5081432064,290652160
205,1771646090300,3504,3504,3504,3504,3504,3504,3504,3504,45.447044372558594,44.655311584472656,43.580810546875,43.47734069824219,43.991371154785156,43.75830841064453,43.506446838378906,44.59769821166992,44.623069763183594,20,28.571430206298828,19.047618865966797,10,0,4.545454502105713,0,0,2.605846881866455,8589934592,1073741824,5081432064,290652160
208,1771646090506,3504,3504,3504,3504,3504,3504,3504,3504,45.447044372558594,44.655311584472656,43.580810546875,43.47734069824219,43.991371154785156,43.75830841064453,43.506446838378906,44.59769821166992,44.623069763183594,28.571430206298828,30.000001907348633,15.000000953674316,25,5,0,9.090909004211426,0,2.605846881866455,8589934592,1073741824,5081677824,290652160
207,1771646090714,3504,3504,3504,3504,3504,3504,3504,3504,45.447044372558594,44.655311584472656,43.580810546875,43.47734069824219,43.991371154785156,43.75830841064453,43.506446838378906,44.59769821166992,44.623069763183594,38.095237731933594,38.095237731933594,33.333335876464844,27.272727966308594,4.545454502105713,0,0,0,2.453730821609497,8589934592,1073741824,5085380608,290652160
209,1771646090922,3504,3504,3504,3504,3504,3504,3504,3504,45.447044372558594,44.655311584472656,43.580810546875,43.47734069824219,43.991371154785156,43.75830841064453,43.506446838378906,44.59769821166992,44.623069763183594,23.809524536132813,14.285715103149414,20,10,0,0,0,0,2.453730821609497,8589934592,1073741824,5085511680,290652160
206,1771646091132,3504,3504,3504,3504,3504,3504,3504,3504,45.447044372558594,44.655311584472656,43.580810546875,43.47734069824219,43.991371154785156,43.75830841064453,43.506446838378906,44.59769821166992,44.623069763183594,23.809524536132813,14.285715103149414,19.047618865966797,9.090909004211426,0,0,0,0,2.453730821609497,8589934592,1073741824,5085511680,290652160
203,1771646091339,3504,3504,3504,3504,3504,3504,3504,3504,45.1591911315918,44.43735885620117,43.29265594482422,43.17655944824219,43.736572265625,43.43756103515625,43.14220428466797,44.21870040893555,44.354671478271484,20,15.000000953674316,14.285715103149414,10,0,0,0,0,2.453730821609497,8589934592,1073741824,5085511680,290652160
209,1771646091543,3504,3504,3504,3504,3504,3504,3504,3504,45.1591911315918,44.43735885620117,43.29265594482422,43.17655944824219,43.736572265625,43.43756103515625,43.14220428466797,44.21870040893555,44.354671478271484,30.000001907348633,19.047618865966797,15.000000953674316,20,0,0,0,0,2.453730821609497,8589934592,1073741824,5090377728,290652160
209,1771646091753,3504,3504,3504,3504,3504,3504,3504,3504,45.1591911315918,44.43735885620117,43.29265594482422,43.17655944824219,43.736572265625,43.43756103515625,43.14220428466797,44.21870040893555,44.354671478271484,14.285715103149414,20,4.761904716491699,13.636363983154297,9.523809432983398,14.285715103149414,0,4.761904716491699,1.8256046772003174,8589934592,1073741824,5098504192,290652160
200,1771646091963,3504,3504,3504,3504,3504,3504,3504,3504,45.1591911315918,44.43735885620117,43.29265594482422,43.17655944824219,43.736572265625,43.43756103515625,43.14220428466797,44.21870040893555,44.354671478271484,4.761904716491699,18.18181800842285,4.761904716491699,5,0,0,0,0,1.8256046772003174,8589934592,1073741824,5098504192,290652160
201,1771646092164,3504,3504,3504,3504,3504,3504,3504,3504,45.1591911315918,44.43735885620117,43.29265594482422,43.17655944824219,43.736572265625,43.43756103515625,43.14220428466797,44.21870040893555,44.354671478271484,20,20,10.526315689086914,15.000000953674316,0,0,0,0,1.8256046772003174,8589934592,1073741824,5098504192,290652160
209,1771646092366,3504,3504,3504,3504,3504,3504,3504,3504,44.94568634033203,44.26835250854492,43.08293914794922,42.981483459472656,43.33354949951172,43.18665313720703,42.92285919189453,43.9334602355957,44.072784423828125,40,26.3157901763916,31.81818199157715,30.000001907348633,38.095237731933594,38.095237731933594,19.047618865966797,15.000000953674316,1.8256046772003174,8589934592,1073741824,5098504192,290652160
209,1771646092576,3504,3504,3504,3504,3504,3504,3504,3504,44.94568634033203,44.26835250854492,43.08293914794922,42.981483459472656,43.33354949951172,43.18665313720703,42.92285919189453,43.9334602355957,44.072784423828125,19.047618865966797,14.285715103149414,5,14.285715103149414,0,4.761904716491699,0,0,1.8256046772003174,8589934592,1073741824,5071667200,290652160
209,1771646092786,3504,3504,3504,3504,3504,3504,3504,3504,44.94568634033203,44.26835250854492,43.08293914794922,42.981483459472656,43.33354949951172,43.18665313720703,42.92285919189453,43.9334602355957,44.072784423828125,20,9.523809432983398,14.285715103149414,14.285715103149414,4.761904716491699,0,0,0,2.653947114944458,8589934592,1073741824,5071880192,290652160
209,1771646092996,3504,3504,3504,3504,3504,3504,3504,3504,44.94568634033203,44.26835250854492,43.08293914794922,42.981483459472656,43.33354949951172,43.18665313720703,42.92285919189453,43.9334602355957,44.072784423828125,27.272727966308594,23.809524536132813,23.809524536132813,33.333335876464844,15.000000953674316,14.285715103149414,14.285715103149414,14.285715103149414,2.653947114944458,8589934592,1073741824,5070766080,290652160
204,1771646093206,3504,3504,3504,3504,3504,3504,3504,3504,45.987953186035156,45.25337219238281,43.927215576171875,43.88038635253906,43.7599983215332,43.969390869140625,43.63423156738281,44.82051467895508,44.984375,10,14.285715103149414,9.523809432983398,9.523809432983398,14.285715103149414,14.285715103149414,13.636363983154297,9.090909004211426,2.653947114944458,8589934592,1073741824,5070766080,290652160
202,1771646093411,3504,3504,3504,3504,3504,3504,3504,3504,45.987953186035156,45.25337219238281,43.927215576171875,43.88038635253906,43.7599983215332,43.969390869140625,43.63423156738281,44.82051467895508,44.984375,19.047618865966797,25,10,10,0,0,0,0,2.653947114944458,8589934592,1073741824,5070766080,290652160
207,1771646093614,3504,3504,3504,3504,3504,3504,3504,3504,45.987953186035156,45.25337219238281,43.927215576171875,43.88038635253906,43.7599983215332,43.969390869140625,43.63423156738281,44.82051467895508,44.984375,15.000000953674316,25,10,10,0,0,0,0,2.653947114944458,8589934592,1073741824,5071470592,290652160
199,1771646093822,3504,3504,3504,3504,3504,3504,3504,3504,45.987953186035156,45.25337219238281,43.927215576171875,43.88038635253906,43.7599983215332,43.969390869140625,43.63423156738281,44.82051467895508,44.984375,19.047618865966797,25,14.285715103149414,14.285715103149414,0,0,0,0,2.1996941566467285,8589934592,1073741824,5071601664,290652160
209,1771646094022,3504,3504,3504,3504,3504,3504,3504,3504,45.987953186035156,45.25337219238281,43.927215576171875,43.88038635253906,43.7599983215332,43.969390869140625,43.63423156738281,44.82051467895508,44.984375,15.789472579956055,23.809524536132813,14.285715103149414,5,0,0,0,0,2.1996941566467285,8589934592,1073741824,5071601664,290652160
206,1771646094232,3504,3504,3504,3504,3504,3504,3504,3504,44.432861328125,43.91482925415039,42.73871612548828,42.700157165527344,43.08488464355469,42.98577880859375,42.64513397216797,43.69694137573242,43.80698776245117,18.18181800842285,25,10.526315689086914,10,0,0,0,0,2.1996941566467285,8589934592,1073741824,5071601664,290652160
209,1771646094439,3504,3504,3504,3504,3504,3504,3504,3504,44.432861328125,43.91482925415039,42.73871612548828,42.700157165527344,43.08488464355469,42.98577880859375,42.64513397216797,43.69694137573242,43.80698776245117,15.000000953674316,22.72727394104004,15.000000953674316,9.523809432983398,0,0,0,0,2.1996941566467285,8589934592,1073741824,5071601664,290652160
208,1771646094649,3504,3504,3504,3504,3504,3504,3504,3504,44.432861328125,43.91482925415039,42.73871612548828,42.700157165527344,43.08488464355469,42.98577880859375,42.64513397216797,43.69694137573242,43.80698776245117,14.285715103149414,20,13.636363983154297,4.761904716491699,0,0,0,0,2.1996941566467285,8589934592,1073741824,5071585280,290652160
209,1771646094858,3504,3504,3504,3504,3504,3504,3504,3504,44.432861328125,43.91482925415039,42.73871612548828,42.700157165527344,43.08488464355469,42.98577880859375,42.64513397216797,43.69694137573242,43.80698776245117,19.047618865966797,28.571430206298828,14.285715103149414,13.636363983154297,0,0,0,0,3.2749717235565186,8589934592,1073741824,5071650816,290652160
209,1771646095068,3504,3504,3504,3504,3504,3504,3504,3504,44.432861328125,43.91482925415039,42.73871612548828,42.700157165527344,43.08488464355469,42.98577880859375,42.64513397216797,43.69694137573242,43.80698776245117,19.047618865966797,25,13.636363983154297,5,0,0,0,0,3.2749717235565186,8589934592,1073741824,5070766080,290652160
202,1771646095278,3504,3504,3504,3504,3504,3504,3504,3504,43.90803909301758,43.54710006713867,42.36756134033203,42.20777893066406,42.587677001953125,42.61311340332031,42.19091796875,43.24922561645508,43.360801696777344,15.000000953674316,30.434782028198242,10.526315689086914,14.285715103149414,0,0,0,0,3.2749717235565186,8589934592,1073741824,5070831616,290652160
208,1771646095481,3504,3504,3504,3504,3504,3504,3504,3504,43.90803909301758,43.54710006713867,42.36756134033203,42.20777893066406,42.587677001953125,42.61311340332031,42.19091796875,43.24922561645508,43.360801696777344,19.047618865966797,5.555555820465088,15.000000953674316,5,0,0,0,0,3.2749717235565186,8589934592,1073741824,5070831616,290652160
209,1771646095689,3504,3504,3504,3504,3504,3504,3504,3504,43.90803909301758,43.54710006713867,42.36756134033203,42.20777893066406,42.587677001953125,42.61311340332031,42.19091796875,43.24922561645508,43.360801696777344,15.000000953674316,27.272727966308594,14.285715103149414,9.523809432983398,0,0,0,0,2.233642816543579,8589934592,1073741824,5070520320,290652160
206,1771646095899,3504,3504,3504,3504,3504,3504,3504,3504,43.90803909301758,43.54710006713867,42.36756134033203,42.20777893066406,42.587677001953125,42.61311340332031,42.19091796875,43.24922561645508,43.360801696777344,23.809524536132813,20,13.636363983154297,14.285715103149414,0,0,0,0,2.233642816543579,8589934592,1073741824,5070290944,290652160
209,1771646096106,3504,3504,3504,3504,3504,3504,3504,3504,43.90803909301758,43.54710006713867,42.36756134033203,42.20777893066406,42.587677001953125,42.61311340332031,42.19091796875,43.24922561645508,43.360801696777344,14.285715103149414,15.000000953674316,5.263157844543457,19.047618865966797,0,0,0,0,2.233642816543579,8589934592,1073741824,5070307328,290652160
205,1771646096316,3504,3504,3504,3504,3504,3504,3504,3504,43.723716735839844,43.35847473144531,42.042076110839844,41.90228271484375,42.34621047973633,42.35585021972656,41.906822204589844,42.88393783569336,43.07942581176758,19.047618865966797,22.72727394104004,18.18181800842285,5,0,0,0,0,2.233642816543579,8589934592,1073741824,5070307328,290652160
204,1771646096522,3504,3504,3504,3504,3504,3504,3504,3504,43.723716735839844,43.35847473144531,42.042076110839844,41.90228271484375,42.34621047973633,42.35585021972656,41.906822204589844,42.88393783569336,43.07942581176758,15.789472579956055,25,14.285715103149414,10,0,0,0,0,2.233642816543579,8589934592,1073741824,5067915264,290652160
204,1771646096726,3504,3504,3504,3504,3504,3504,3504,3504,43.723716735839844,43.35847473144531,42.042076110839844,41.90228271484375,42.34621047973633,42.35585021972656,41.906822204589844,42.88393783569336,43.07942581176758,22.72727394104004,28.571430206298828,15.000000953674316,9.523809432983398,0,0,0,0,2.3398897647857666,8589934592,1073741824,5065179136,290652160
209,1771646096931,3504,3504,3504,3504,3504,3504,3504,3504,43.723716735839844,43.35847473144531,42.042076110839844,41.90228271484375,42.34621047973633,42.35585021972656,41.906822204589844,42.88393783569336,43.07942581176758,15.000000953674316,25,5.263157844543457,9.523809432983398,0,0,0,0,2.3398897647857666,8589934592,1073741824,5064851456,290652160
209,1771646097141,3504,3504,3504,3504,3504,3504,3504,3504,43.723716735839844,43.35847473144531,42.042076110839844,41.90228271484375,42.34621047973633,42.35585021972656,41.906822204589844,42.88393783569336,43.07942581176758,15.000000953674316,19.047618865966797,9.090909004211426,5,0,0,0,0,2.3398897647857666,8589934592,1073741824,5064851456,290652160
209,1771646097351,3504,3504,3504,3504,3504,3504,3504,3504,43.50491714477539,43.196590423583984,41.79004669189453,41.677467346191406,42.142879486083984,42.10984802246094,41.67292785644531,42.71584701538086,42.80044937133789,15.000000953674316,30.000001907348633,14.285715103149414,13.636363983154297,0,0,0,0,2.3398897647857666,8589934592,1073741824,5064884224,290652160
203,1771646097561,3504,3504,3504,3504,3504,3504,3504,3504,43.50491714477539,43.196590423583984,41.79004669189453,41.677467346191406,42.142879486083984,42.10984802246094,41.67292785644531,42.71584701538086,42.80044937133789,18.18181800842285,18.18181800842285,4.761904716491699,14.285715103149414,0,0,0,0,2.3398897647857666,8589934592,1073741824,5064884224,290652160
200,1771646097765,3504,3504,3504,3504,3504,3504,3504,3504,43.50491714477539,43.196590423583984,41.79004669189453,41.677467346191406,42.142879486083984,42.10984802246094,41.67292785644531,42.71584701538086,42.80044937133789,10,20,10,5.263157844543457,13.636363983154297,5,4.761904716491699,0,2.0943892002105713,8589934592,1073741824,5064704000,290652160
206,1771646097966,3504,3504,3504,3504,3504,3504,3504,3504,43.50491714477539,43.196590423583984,41.79004669189453,41.677467346191406,42.142879486083984,42.10984802246094,41.67292785644531,42.71584701538086,42.80044937133789,40,28.571430206298828,35,19.047618865966797,0,0,0,0,2.0943892002105713,8589934592,1073741824,5065031680,290652160
202,1771646098173,3504,3504,3504,3504,3504,3504,3504,3504,43.50491714477539,43.035152435302734,41.58903503417969,41.49598693847656,41.92261505126953,41.786651611328125,41.476104736328125,42.60456466674805,42.62395095825195,14.285715103149414,20,15.000000953674316,10,0,0,0,0,2.0943892002105713,8589934592,1073741824,5065048064,290652160
205,1771646098376,3504,3504,3504,3504,3504,3504,3504,3504,43.24650573730469,43.035152435302734,41.58903503417969,41.49598693847656,41.92261505126953,41.786651611328125,41.476104736328125,42.60456466674805,42.62395095825195,15.000000953674316,20,19.047618865966797,9.523809432983398,0,0,0,0,2.0943892002105713,8589934592,1073741824,5064949760,290652160
206,1771646098582,3504,3504,3504,3504,3504,3504,3504,3504,43.24650573730469,43.035152435302734,41.58903503417969,41.49598693847656,41.92261505126953,41.786651611328125,41.476104736328125,42.60456466674805,42.62395095825195,14.285715103149414,20,14.285715103149414,10,0,0,0,0,2.0943892002105713,8589934592,1073741824,5064949760,290652160
209,1771646098789,3504,3504,3504,3504,3504,3504,3504,3504,43.24650573730469,43.035152435302734,41.58903503417969,41.49598693847656,41.92261505126953,41.786651611328125,41.476104736328125,42.60456466674805,42.62395095825195,10,22.72727394104004,10,14.285715103149414,0,0,0,0,1.954491376876831,8589934592,1073741824,5064900608,290652160
209,1771646098999,3504,3504,3504,3504,3504,3504,3504,3504,43.24650573730469,43.035152435302734,41.58903503417969,41.49598693847656,41.92261505126953,41.786651611328125,41.476104736328125,42.60456466674805,42.62395095825195,14.285715103149414,15.000000953674316,9.523809432983398,15.000000953674316,0,0,0,0,1.954491376876831,8589934592,1073741824,5064900608,290652160
205,1771646099209,3504,3504,3504,3504,3504,3504,3504,3504,43.03712463378906,42.76817321777344,41.24646759033203,41.242767333984375,41.57609176635742,41.42564392089844,41.287628173828125,42.33999252319336,42.408843994140625,10,20,9.523809432983398,18.18181800842285,0,0,0,0,1.954491376876831,8589934592,1073741824,5064933376,290652160
203,1771646099416,3504,3504,3504,3504,3504,3504,3504,3504,43.03712463378906,42.76817321777344,41.24646759033203,41.242767333984375,41.57609176635742,41.42564392089844,41.287628173828125,42.33999252319336,42.408843994140625,13.636363983154297,22.72727394104004,10,15.000000953674316,0,0,0,0,1.954491376876831,8589934592,1073741824,5064949760,290652160
202,1771646099619,3504,3504,3504,3504,3504,3504,3504,3504,43.03712463378906,42.76817321777344,41.24646759033203,41.242767333984375,41.57609176635742,41.42564392089844,41.287628173828125,42.33999252319336,42.408843994140625,15.000000953674316,15.789472579956055,14.285715103149414,15.000000953674316,0,0,0,0,1.954491376876831,8589934592,1073741824,5064949760,290652160
208,1771646099822,3504,3504,3504,3504,3504,3504,3504,3504,43.03712463378906,42.76817321777344,41.24646759033203,41.242767333984375,41.57609176635742,41.42564392089844,41.287628173828125,42.33999252319336,42.408843994140625,15.789472579956055,23.809524536132813,15.000000953674316,25,5.263157844543457,10,5,4.761904716491699,2.558009624481201,8589934592,1073741824,5066178560,290652160
208,1771646100030,3504,3504,3504,3504,3504,3504,3504,3504,43.03712463378906,42.76817321777344,41.24646759033203,41.242767333984375,41.57609176635742,41.42564392089844,41.287628173828125,42.33999252319336,42.408843994140625,23.809524536132813,19.047618865966797,15.000000953674316,28.571430206298828,18.18181800842285,9.523809432983398,4.761904716491699,20,2.558009624481201,8589934592,1073741824,5073600512,290652160
209,1771646100239,3504,3504,3504,3504,3504,3504,3504,3504,43.144134521484375,42.83507537841797,41.394996643066406,41.28788757324219,41.52933883666992,41.493812561035156,41.40411376953125,42.41240310668945,42.586360931396484,14.285715103149414,10,9.523809432983398,19.047618865966797,0,0,0,0,2.558009624481201,8589934592,1073741824,5073600512,290652160
206,1771646100449,3504,3504,3504,3504,3504,3504,3504,3504,43.144134521484375,42.83507537841797,41.394996643066406,41.28788757324219,41.52933883666992,41.493812561035156,41.40411376953125,42.41240310668945,42.586360931396484,20,14.285715103149414,13.636363983154297,14.285715103149414,0,0,0,0,2.558009624481201,8589934592,1073741824,5073600512,290652160
209,1771646100656,3504,3504,3504,3504,3504,3504,3504,3504,43.144134521484375,42.83507537841797,41.394996643066406,41.28788757324219,41.52933883666992,41.493812561035156,41.40411376953125,42.41240310668945,42.586360931396484,22.72727394104004,15.000000953674316,15.000000953674316,10,0,10,9.523809432983398,0,2.558009624481201,8589934592,1073741824,5073600512,290652160
209,1771646100866,3504,3504,3504,3504,3504,3504,3504,3504,43.144134521484375,42.83507537841797,41.394996643066406,41.28788757324219,41.52933883666992,41.493812561035156,41.40411376953125,42.41240310668945,42.586360931396484,15.000000953674316,19.047618865966797,23.809524536132813,14.285715103149414,0,0,0,0,1.8730486631393433,8589934592,1073741824,5072322560,290652160
206,1771646101076,3504,3504,3504,3504,3504,3504,3504,3504,43.144134521484375,42.83507537841797,41.394996643066406,41.28788757324219,41.52933883666992,41.493812561035156,41.40411376953125,42.41240310668945,42.586360931396484,22.72727394104004,9.523809432983398,10,23.809524536132813,0,0,0,0,1.8730486631393433,8589934592,1073741824,5073190912,290652160
204,1771646101283,3504,3504,3504,3504,3504,3504,3504,3504,42.8875846862793,42.522640228271484,41.17754364013672,41.039825439453125,41.341976165771484,41.21484375,41.103797912597656,42.20762252807617,42.1483268737793,20,14.285715103149414,14.285715103149414,14.285715103149414,0,0,0,0,1.8730486631393433,8589934592,1073741824,5072617472,290652160
200,1771646101488,3504,3504,3504,3504,3504,3504,3504,3504,42.8875846862793,42.522640228271484,41.17754364013672,41.039825439453125,41.341976165771484,41.21484375,41.103797912597656,42.20762252807617,42.1483268737793,25,15.000000953674316,9.523809432983398,20,0,0,0,0,1.8730486631393433,8589934592,1073741824,5072617472,290652160
209,1771646101689,3504,3504,3504,3504,3504,3504,3504,3504,42.8875846862793,42.522640228271484,41.17754364013672,41.039825439453125,41.341976165771484,41.21484375,41.103797912597656,42.20762252807617,42.1483268737793,15.789472579956055,15.000000953674316,10.526315689086914,10,0,0,0,0,2.7128677368164063,8589934592,1073741824,5072470016,290652160
200,1771646101899,3504,3504,3504,3504,3504,3504,3504,3504,42.8875846862793,42.522640228271484,41.17754364013672,41.039825439453125,41.341976165771484,41.21484375,41.103797912597656,42.20762252807617,42.1483268737793,23.809524536132813,13.636363983154297,19.047618865966797,9.523809432983398,0,0,0,0,2.7128677368164063,8589934592,1073741824,5072257024,290652160
209,1771646102100,3504,3504,3504,3504,3504,3504,3504,3504,42.8875846862793,42.522640228271484,41.17754364013672,41.039825439453125,41.341976165771484,41.21484375,41.103797912597656,42.20762252807617,42.1483268737793,19.047618865966797,15.000000953674316,20,10,0,0,0,0,2.7128677368164063,8589934592,1073741824,5072257024,290652160
204,1771646102310,3504,3504,3504,3504,3504,3504,3504,3504,42.640499114990234,42.0985107421875,40.827842712402344,40.77659606933594,41.08502960205078,40.92151641845703,40.72185516357422,41.868656158447266,41.88145065307617,28.571430206298828,15.000000953674316,14.285715103149414,14.285715103149414,0,0,0,0,2.7128677368164063,8589934592,1073741824,5074206720,290652160
205,1771646102516,3504,3504,3504,3504,3504,3504,3504,3504,42.640499114990234,42.0985107421875,40.827842712402344,40.77659606933594,41.08502960205078,40.92151641845703,40.72185516357422,41.868656158447266,41.88145065307617,25,15.000000953674316,20,19.047618865966797,42.85714340209961,0,0,0,2.7128677368164063,8589934592,1073741824,5074206720,290652160
206,1771646102722,3504,3504,3504,3504,3504,3504,3504,3504,42.640499114990234,42.0985107421875,40.827842712402344,40.77659606933594,41.08502960205078,40.92151641845703,40.72185516357422,41.868656158447266,41.88145065307617,28.571430206298828,20,13.636363983154297,5,0,4.761904716491699,0,4.545454502105713,2.4219892024993896,8589934592,1073741824,5074206720,290652160
203,1771646102929,3504,3504,3504,3504,3504,3504,3504,3504,42.640499114990234,42.0985107421875,40.827842712402344,40.77659606933594,41.08502960205078,40.92151641845703,40.72185516357422,41.868656158447266,41.88145065307617,20,22.72727394104004,15.000000953674316,19.047618865966797,4.761904716491699,0,4.545454502105713,0,2.4219892024993896,8589934592,1073741824,5072945152,290652160
206,1771646103132,3504,3504,3504,3504,3504,3504,3504,3504,42.640499114990234,42.0985107421875,40.827842712402344,40.77659606933594,41.08502960205078,40.92151641845703,40.72185516357422,41.868656158447266,41.88145065307617,20,20,15.000000953674316,10.526315689086914,0,0,0,0,2.4219892024993896,8589934592,1073741824,5072961536,290652160
207,1771646103339,3504,3504,3504,3504,3504,3504,3504,3504,42.6425895690918,42.3094596862793,40.98979187011719,40.83013153076172,41.088951110839844,40.86357116699219,40.68572235107422,41.816951751708984,41.812984466552734,28.571430206298828,10,5,14.285715103149414,0,0,0,0,2.4219892024993896,8589934592,1073741824,5072961536,290652160
202,1771646103547,3504,3504,3504,3504,3504,3504,3504,3504,42.6425895690918,42.3094596862793,40.98979187011719,40.83013153076172,41.088951110839844,40.86357116699219,40.68572235107422,41.816951751708984,41.812984466552734,20,18.18181800842285,14.285715103149414,19.047618865966797,0,0,0,0,2.4219892024993896,8589934592,1073741824,5072961536,290652160
199,1771646103750,3504,3504,3504,3504,3504,3504,3504,3504,42.6425895690918,42.3094596862793,40.98979187011719,40.83013153076172,41.088951110839844,40.86357116699219,40.68572235107422,41.816951751708984,41.812984466552734,15.000000953674316,10.526315689086914,15.000000953674316,15.000000953674316,0,0,0,0,1.8263821601867676,8589934592,1073741824,5073027072,290652160
209,1771646103950,3504,3504,3504,3504,3504,3504,3504,3504,42.6425895690918,42.3094596862793,40.98979187011719,40.83013153076172,41.088951110839844,40.86357116699219,40.68572235107422,41.816951751708984,41.812984466552734,14.285715103149414,10,19.047618865966797,15.000000953674316,0,0,0,0,1.8263821601867676,8589934592,1073741824,5073027072,290652160
205,1771646104160,3504,3504,3504,3504,3504,3504,3504,3504,42.6425895690918,42.3094596862793,40.98979187011719,40.83013153076172,41.088951110839844,40.86357116699219,40.68572235107422,41.816951751708984,41.812984466552734,19.047618865966797,14.285715103149414,15.000000953674316,19.047618865966797,0,0,0,0,1.8263821601867676,8589934592,1073741824,5073027072,290652160
202,1771646104366,3504,3504,3504,3504,3504,3504,3504,3504,42.35917663574219,41.60755157470703,40.51249694824219,40.48426818847656,40.73097610473633,40.672874450683594,40.4627685546875,41.50382995605469,41.59334182739258,15.000000953674316,14.285715103149414,19.047618865966797,14.285715103149414,0,0,0,0,1.8263821601867676,8589934592,1073741824,5073043456,290652160
205,1771646104569,3504,3504,3504,3504,3504,3504,3504,3504,42.35917663574219,41.60755157470703,40.51249694824219,40.48426818847656,40.73097610473633,40.672874450683594,40.4627685546875,41.50382995605469,41.59334182739258,15.000000953674316,20,20,10,0,0,0,0,1.8263821601867676,8589934592,1073741824,5072961536,290652160
199,1771646104775,3504,3504,3504,3504,3504,3504,3504,3504,42.35917663574219,41.60755157470703,40.51249694824219,40.48426818847656,40.73097610473633,40.672874450683594,40.4627685546875,41.50382995605469,41.59334182739258,14.285715103149414,25,10,9.523809432983398,0,0,0,0,2.8300366401672363,8589934592,1073741824,5072896000,290652160
209,1771646104975,3504,3504,3504,3504,3504,3504,3504,3504,42.35917663574219,41.60755157470703,40.51249694824219,40.48426818847656,40.73097610473633,40.672874450683594,40.4627685546875,41.50382995605469,41.59334182739258,10.526315689086914,25,14.285715103149414,5,0,0,0,0,2.8300366401672363,8589934592,1073741824,5072896000,290652160
203,1771646105185,3504,3504,3504,3504,3504,3504,3504,3504,42.15367889404297,41.35591125488281,40.345741271972656,40.383544921875,40.63426971435547,40.49803924560547,40.34130859375,41.35376739501953,41.40140914916992,19.047618865966797,25,10,9.523809432983398,0,0,0,0,2.8300366401672363,8589934592,1073741824,5072814080,290652160
209,1771646105389,3504,3504,3504,3504,3504,3504,3504,3504,42.15367889404297,41.35591125488281,40.345741271972656,40.383544921875,40.63426971435547,40.49803924560547,40.34130859375,41.35376739501953,41.40140914916992,19.047618865966797,23.809524536132813,10,5,0,0,0,0,2.8300366401672363,8589934592,1073741824,5072814080,290652160
208,1771646105599,3504,3504,3504,3504,3504,3504,3504,3504,42.15367889404297,41.35591125488281,40.345741271972656,40.383544921875,40.63426971435547,40.49803924560547,40.34130859375,41.35376739501953,41.40140914916992,23.809524536132813,23.809524536132813,13.636363983154297,5,0,0,0,0,2.8300366401672363,8589934592,1073741824,5072814080,290652160
201,1771646105807,3504,3504,3504,3504,3504,3504,3504,3504,42.15367889404297,41.35591125488281,40.345741271972656,40.383544921875,40.63426971435547,40.49803924560547,40.34130859375,41.35376739501953,41.40140914916992,15.000000953674316,23.809524536132813,5.263157844543457,14.285715103149414,0,0,0,0,2.398179054260254,8589934592,1073741824,5072863232,290652160
209,1771646106010,3504,3504,3504,3504,3504,3504,3504,3504,42.15367889404297,41.35591125488281,40.345741271972656,40.383544921875,40.63426971435547,40.49803924560547,40.34130859375,41.35376739501953,41.40140914916992,20,15.000000953674316,14.285715103149414,30.000001907348633,0,4.761904716491699,0,0,2.398179054260254,8589934592,1073741824,5072879616,290652160
204,1771646106220,3504,3504,3504,3504,3504,3504,3504,3504,42.05582809448242,41.18428039550781,40.22376251220703,40.23588562011719,40.498695373535156,40.304420471191406,40.16254425048828,41.16304397583008,41.27770233154297,14.285715103149414,19.047618865966797,9.523809432983398,14.285715103149414,0,0,0,0,2.398179054260254,8589934592,1073741824,5072617472,290652160
209,1771646106425,3504,3504,3504,3504,3504,3504,3504,3504,42.05582809448242,41.18428039550781,40.22376251220703,40.23588562011719,40.498695373535156,40.304420471191406,40.16254425048828,41.16304397583008,41.27770233154297,38.095237731933594,33.333335876464844,33.333335876464844,23.809524536132813,0,0,0,0,2.398179054260254,8589934592,1073741824,5074288640,290652160
204,1771646106635,3504,3504,3504,3504,3504,3504,3504,3504,42.05582809448242,41.18428039550781,40.22376251220703,40.23588562011719,40.498695373535156,40.304420471191406,40.16254425048828,41.16304397583008,41.27770233154297,20,20,23.809524536132813,30.000001907348633,0,0,0,0,2.398179054260254,8589934592,1073741824,5059477504,290652160
202,1771646106839,3504,3504,3504,3504,3504,3504,3504,3504,42.05582809448242,41.18428039550781,40.22376251220703,40.23588562011719,40.498695373535156,40.304420471191406,40.16254425048828,41.16304397583008,41.27770233154297,14.285715103149414,14.285715103149414,5,23.809524536132813,0,0,0,0,2.2006282806396484,8589934592,1073741824,5059510272,290652160
204,1771646107042,3504,3504,3504,3504,3504,3504,3504,3504,42.05582809448242,41.18428039550781,40.22376251220703,40.23588562011719,40.498695373535156,40.304420471191406,40.16254425048828,41.16304397583008,41.27770233154297,20,5.263157844543457,10,25,0,0,0,0,2.2006282806396484,8589934592,1073741824,5059330048,290652160
207,1771646107247,3504,3504,3504,3504,3504,3504,3504,3504,42.01906204223633,41.069889068603516,40.048301696777344,40.092803955078125,40.374855041503906,40.172271728515625,40.079124450683594,41.070796966552734,41.156131744384766,25,42.85714340209961,19.047618865966797,30.000001907348633,0,0,0,0,2.2006282806396484,8589934592,1073741824,5059346432,290652160
209,1771646107455,3504,3504,3504,3504,3504,3504,3504,3504,42.01906204223633,41.069889068603516,40.048301696777344,40.092803955078125,40.374855041503906,40.172271728515625,40.079124450683594,41.070796966552734,41.156131744384766,23.809524536132813,25,20,22.72727394104004,0,0,0,0,2.2006282806396484,8589934592,1073741824,5059362816,290652160
208,1771646107666,3504,3504,3504,3504,3504,3504,3504,3504,42.01906204223633,41.069889068603516,40.048301696777344,40.092803955078125,40.374855041503906,40.172271728515625,40.079124450683594,41.070796966552734,41.156131744384766,28.571430206298828,19.047618865966797,19.047618865966797,10,0,0,0,0,2.2006282806396484,8589934592,1073741824,5059477504,290652160
207,1771646107875,3504,3504,3504,3504,3504,3504,3504,3504,42.01906204223633,41.069889068603516,40.048301696777344,40.092803955078125,40.374855041503906,40.172271728515625,40.079124450683594,41.070796966552734,41.156131744384766,28.571430206298828,36.3636360168457,23.809524536132813,28.571430206298828,22.72727394104004,15.000000953674316,18.18181800842285,19.047618865966797,2.2459123134613037,8589934592,1073741824,5059919872,290652160
209,1771646108083,3504,3504,3504,3504,3504,3504,3504,3504,42.01906204223633,41.069889068603516,40.048301696777344,40.092803955078125,40.374855041503906,40.172271728515625,40.079124450683594,41.070796966552734,41.156131744384766,20,15.789472579956055,10,9.523809432983398,0,0,0,0,2.2459123134613037,8589934592,1073741824,5059903488,290652160
206,1771646108292,3504,3504,3504,3504,3504,3504,3504,3504,42.28846740722656,41.429718017578125,40.30714416503906,40.311012268066406,40.46931457519531,40.426124572753906,40.29052734375,41.35629653930664,41.45087432861328,23.809524536132813,27.272727966308594,14.285715103149414,14.285715103149414,14.285715103149414,9.523809432983398,4.761904716491699,0,2.2459123134613037,8589934592,1073741824,5060329472,290652160
204,1771646108499,3504,3504,3504,3504,3504,3504,3504,3504,42.28846740722656,41.429718017578125,40.30714416503906,40.311012268066406,40.46931457519531,40.426124572753906,40.29052734375,41.35629653930664,41.45087432861328,23.809524536132813,19.047618865966797,14.285715103149414,9.523809432983398,0,0,0,0,2.2459123134613037,8589934592,1073741824,5060329472,290652160
209,1771646108704,3504,3504,3504,3504,3504,3504,3504,3504,42.28846740722656,41.429718017578125,40.30714416503906,40.311012268066406,40.46931457519531,40.426124572753906,40.29052734375,41.35629653930664,41.45087432861328,15.789472579956055,20,10,5,0,0,0,0,2.037280559539795,8589934592,1073741824,5060280320,290652160
207,1771646108914,3504,3504,3504,3504,3504,3504,3504,3504,42.28846740722656,41.429718017578125,40.30714416503906,40.311012268066406,40.46931457519531,40.426124572753906,40.29052734375,41.35629653930664,41.45087432861328,21.7391300201416,15.000000953674316,18.18181800842285,9.523809432983398,0,0,0,0,2.037280559539795,8589934592,1073741824,5060280320,290652160
202,1771646109122,3504,3504,3504,3504,3504,3504,3504,3504,42.28846740722656,41.429718017578125,40.30714416503906,40.311012268066406,40.46931457519531,40.426124572753906,40.29052734375,41.35629653930664,41.45087432861328,15.000000953674316,22.72727394104004,10,15.000000953674316,0,0,0,0,2.037280559539795,8589934592,1073741824,5060280320,290652160
199,1771646109325,3504,3504,3504,3504,3504,3504,3504,3504,41.98838806152344,41.02129364013672,40.018531799316406,39.975135803222656,40.2584114074707,40.082557678222656,39.979949951171875,40.995765686035156,41.051231384277344,15.000000953674316,21.052631378173828,14.285715103149414,15.000000953674316,0,0,0,0,2.037280559539795,8589934592,1073741824,5060231168,290652160
207,1771646109525,3504,3504,3504,3504,3504,3504,3504,3504,41.98838806152344,41.02129364013672,40.018531799316406,39.975135803222656,40.2584114074707,40.082557678222656,39.979949951171875,40.995765686035156,41.051231384277344,5.263157844543457,20,5.263157844543457,19.047618865966797,0,0,0,0,2.037280559539795,8589934592,1073741824,5060231168,290652160
209,1771646109732,3504,3504,3504,3504,3504,3504,3504,3504,41.98838806152344,41.02129364013672,40.018531799316406,39.975135803222656,40.2584114074707,40.082557678222656,39.979949951171875,40.995765686035156,41.051231384277344,22.72727394104004,23.809524536132813,18.18181800842285,15.000000953674316,0,0,0,0,2.9467267990112305,8589934592,1073741824,5060231168,290652160
206,1771646109943,3504,3504,3504,3504,3504,3504,3504,3504,41.98838806152344,41.02129364013672,40.018531799316406,39.975135803222656,40.2584114074707,40.082557678222656,39.979949951171875,40.995765686035156,41.051231384277344,5.263157844543457,19.047618865966797,5,13.636363983154297,0,0,0,0,2.9467267990112305,8589934592,1073741824,5060231168,290652160
203,1771646110150,3504,3504,3504,3504,3504,3504,3504,3504,41.98838806152344,41.02129364013672,40.018531799316406,39.975135803222656,40.2584114074707,40.082557678222656,39.979949951171875,40.995765686035156,41.051231384277344,18.18181800842285,19.047618865966797,10,15.000000953674316,0,0,0,0,2.9467267990112305,8589934592,1073741824,5060132864,290652160
209,1771646110353,3504,3504,3504,3504,3504,3504,3504,3504,41.80351257324219,40.76192092895508,39.81201934814453,39.67228698730469,40.08321762084961,39.81871795654297,39.70848846435547,40.7596549987793,40.872772216796875,15.000000953674316,15.000000953674316,14.285715103149414,15.000000953674316,0,4.761904716491699,0,0,2.9467267990112305,8589934592,1073741824,5060132864,290652160
201,1771646110563,3504,3504,3504,3504,3504,3504,3504,3504,41.80351257324219,40.76192092895508,39.81201934814453,39.67228698730469,40.08321762084961,39.81871795654297,39.70848846435547,40.7596549987793,40.872772216796875,19.047618865966797,20,5,9.523809432983398,0,0,0,0,2.9467267990112305,8589934592,1073741824,5060132864,290652160
206,1771646110766,3504,3504,3504,3504,3504,3504,3504,3504,41.80351257324219,40.76192092895508,39.81201934814453,39.67228698730469,40.08321762084961,39.81871795654297,39.70848846435547,40.7596549987793,40.872772216796875,25,20,14.285715103149414,9.523809432983398,0,0,0,0,2.165698766708374,8589934592,1073741824,5060149248,290652160
209,1771646110973,3504,3504,3504,3504,3504,3504,3504,3504,41.80351257324219,40.76192092895508,39.81201934814453,39.67228698730469,40.08321762084961,39.81871795654297,39.70848846435547,40.7596549987793,40.872772216796875,15.000000953674316,14.285715103149414,25,10,0,0,0,0,2.165698766708374,8589934592,1073741824,5060182016,290652160
205,1771646111183,3504,3504,3504,3504,3504,3504,3504,3504,41.652259826660156,40.66800308227539,39.604278564453125,39.535133361816406,40.03194046020508,39.715904235839844,39.616798400878906,40.6220703125,40.72414016723633,14.285715103149414,19.047618865966797,20,9.523809432983398,0,0,0,0,2.165698766708374,8589934592,1073741824,5060034560,290652160
207,1771646111389,3504,3504,3504,3504,3504,3504,3504,3504,41.652259826660156,40.66800308227539,39.604278564453125,39.535133361816406,40.03194046020508,39.715904235839844,39.616798400878906,40.6220703125,40.72414016723633,23.809524536132813,19.047618865966797,22.72727394104004,9.523809432983398,0,0,0,0,2.165698766708374,8589934592,1073741824,5060034560,290652160
205,1771646111597,3504,3504,3504,3504,3504,3504,3504,3504,41.652259826660156,40.66800308227539,39.604278564453125,39.535133361816406,40.03194046020508,39.715904235839844,39.616798400878906,40.6220703125,40.72414016723633,14.285715103149414,10,19.047618865966797,10,0,0,0,0,2.165698766708374,8589934592,1073741824,5059969024,290652160
205,1771646111803,3504,3504,3504,3504,3504,3504,3504,3504,41.652259826660156,40.66800308227539,39.604278564453125,39.535133361816406,40.03194046020508,39.715904235839844,39.616798400878906,40.6220703125,40.72414016723633,15.000000953674316,10,25,14.285715103149414,0,0,0,0,1.9436166286468506,8589934592,1073741824,5058576384,290652160
207,1771646112009,3504,3504,3504,3504,3504,3504,3504,3504,41.652259826660156,40.66800308227539,39.604278564453125,39.535133361816406,40.03194046020508,39.715904235839844,39.616798400878906,40.6220703125,40.72414016723633,15.000000953674316,14.285715103149414,15.000000953674316,19.047618865966797,0,0,0,0,1.9436166286468506,8589934592,1073741824,5058658304,290652160
208,1771646112218,3504,3504,3504,3504,3504,3504,3504,3504,41.563968658447266,40.58871841430664,39.48973083496094,39.37506866455078,39.896934509277344,39.59205627441406,39.51188659667969,40.48537826538086,40.57140350341797,19.047618865966797,10,19.047618865966797,15.000000953674316,0,0,0,4.545454502105713,1.9436166286468506,8589934592,1073741824,5058658304,290652160
207,1771646112426,3504,3504,3504,3504,3504,3504,3504,3504,41.563968658447266,40.58871841430664,39.48973083496094,39.37506866455078,39.896934509277344,39.59205627441406,39.51188659667969,40.48537826538086,40.57140350341797,14.285715103149414,19.047618865966797,19.047618865966797,20,30.000001907348633,0,0,0,1.9436166286468506,8589934592,1073741824,5058936832,290652160
209,1771646112635,3504,3504,3504,3504,3504,3504,3504,3504,41.563968658447266,40.58871841430664,39.48973083496094,39.37506866455078,39.896934509277344,39.59205627441406,39.51188659667969,40.48537826538086,40.57140350341797,14.285715103149414,18.18181800842285,19.047618865966797,19.047618865966797,13.636363983154297,4.545454502105713,0,0,1.9436166286468506,8589934592,1073741824,5058936832,290652160
204,1771646112845,3504,3504,3504,3504,3504,3504,3504,3504,41.563968658447266,40.58871841430664,39.48973083496094,39.37506866455078,39.896934509277344,39.59205627441406,39.51188659667969,40.48537826538086,40.57140350341797,10,5,10,18.18181800842285,4.761904716491699,0,0,0,1.8853970766067505,8589934592,1073741824,5058936832,290652160
205,1771646113049,3504,3504,3504,3504,3504,3504,3504,3504,41.563968658447266,40.58871841430664,39.48973083496094,39.37506866455078,39.896934509277344,39.59205627441406,39.51188659667969,40.48537826538086,40.57140350341797,18.18181800842285,10,19.047618865966797,15.000000953674316,0,0,0,0,1.8853970766067505,8589934592,1073741824,5058576384,290652160
209,1771646113255,3504,3504,3504,3504,3504,3504,3504,3504,41.626102447509766,40.919395446777344,39.740699768066406,39.48126983642578,39.93333435058594,39.590538024902344,39.50190734863281,40.496604919433594,40.55695724487305,15.789472579956055,14.285715103149414,20,5,0,0,0,0,1.8853970766067505,8589934592,1073741824,5058576384,290652160
206,1771646113465,3504,3504,3504,3504,3504,3504,3504,3504,41.626102447509766,40.919395446777344,39.740699768066406,39.48126983642578,39.93333435058594,39.590538024902344,39.50190734863281,40.496604919433594,40.55695724487305,19.047618865966797,18.18181800842285,22.72727394104004,13.636363983154297,0,0,0,0,1.8853970766067505,8589934592,1073741824,5058691072,290652160
200,1771646113673,3504,3504,3504,3504,3504,3504,3504,3504,41.626102447509766,40.919395446777344,39.740699768066406,39.48126983642578,39.93333435058594,39.590538024902344,39.50190734863281,40.496604919433594,40.55695724487305,23.809524536132813,21.052631378173828,20,10,5,5,4.761904716491699,0,1.8853970766067505,8589934592,1073741824,5058871296,290652160
207,1771646113874,3504,3504,3504,3504,3504,3504,3504,3504,41.626102447509766,40.919395446777344,39.740699768066406,39.48126983642578,39.93333435058594,39.590538024902344,39.50190734863281,40.496604919433594,40.55695724487305,20,23.809524536132813,10,5.263157844543457,0,0,0,0,2.1534416675567627,8589934592,1073741824,5058871296,290652160
205,1771646114082,3504,3504,3504,3504,3504,3504,3504,3504,41.626102447509766,40.919395446777344,39.740699768066406,39.48126983642578,39.93333435058594,39.590538024902344,39.50190734863281,40.496604919433594,40.55695724487305,14.285715103149414,20,9.523809432983398,9.090909004211426,0,0,0,0,2.1534416675567627,8589934592,1073741824,5058985984,290652160
209,1771646114289,3504,3504,3504,3504,3504,3504,3504,3504,41.45274353027344,40.48708724975586,39.42045593261719,39.29779052734375,39.68190383911133,39.44377136230469,39.287086486816406,40.328033447265625,40.38619613647461,30.000001907348633,19.047618865966797,10,10,0,0,0,0,2.1534416675567627,8589934592,1073741824,5059051520,290652160
204,1771646114499,3504,3504,3504,3504,3504,3504,3504,3504,41.45274353027344,40.48708724975586,39.42045593261719,39.29779052734375,39.68190383911133,39.44377136230469,39.287086486816406,40.328033447265625,40.38619613647461,19.047618865966797,15.000000953674316,9.523809432983398,9.523809432983398,0,0,0,0,2.1534416675567627,8589934592,1073741824,5059084288,290652160
209,1771646114704,3504,3504,3504,3504,3504,3504,3504,3504,41.45274353027344,40.48708724975586,39.42045593261719,39.29779052734375,39.68190383911133,39.44377136230469,39.287086486816406,40.328033447265625,40.38619613647461,20,20,10,9.523809432983398,0,0,0,0,2.6796176433563232,8589934592,1073741824,5059149824,290652160
207,1771646114914,3504,3504,3504,3504,3504,3504,3504,3504,41.45274353027344,40.48708724975586,39.42045593261719,39.29779052734375,39.68190383911133,39.44377136230469,39.287086486816406,40.328033447265625,40.38619613647461,23.809524536132813,18.18181800842285,9.523809432983398,4.761904716491699,0,0,0,0,2.6796176433563232,8589934592,1073741824,5059149824,290652160
208,1771646115122,3504,3504,3504,3504,3504,3504,3504,3504,41.45274353027344,40.48708724975586,39.42045593261719,39.29779052734375,39.68190383911133,39.44377136230469,39.287086486816406,40.328033447265625,40.38619613647461,23.809524536132813,10,18.18181800842285,5,0,0,0,0,2.6796176433563232,8589934592,1073741824,5059166208,290652160
209,1771646115331,3504,3504,3504,3504,3504,3504,3504,3504,41.30427932739258,40.36488723754883,39.17475128173828,39.176300048828125,39.521976470947266,39.24078369140625,39.13032531738281,40.16788864135742,40.2052001953125,19.047618865966797,19.047618865966797,20,9.523809432983398,0,0,0,0,2.6796176433563232,8589934592,1073741824,5059166208,290652160
207,1771646115541,3504,3504,3504,3504,3504,3504,3504,3504,41.30427932739258,40.36488723754883,39.17475128173828,39.176300048828125,39.521976470947266,39.24078369140625,39.13032531738281,40.16788864135742,40.2052001953125,15.000000953674316,14.285715103149414,19.047618865966797,9.523809432983398,0,0,0,0,2.6796176433563232,8589934592,1073741824,5059182592,290652160
203,1771646115749,3504,3504,3504,3504,3504,3504,3504,3504,41.30427932739258,40.36488723754883,39.17475128173828,39.176300048828125,39.521976470947266,39.24078369140625,39.13032531738281,40.16788864135742,40.2052001953125,33.333335876464844,14.285715103149414,19.047618865966797,9.523809432983398,0,0,0,0,2.2247979640960693,8589934592,1073741824,5059035136,290652160
201,1771646115953,3504,3504,3504,3504,3504,3504,3504,3504,41.30427932739258,40.36488723754883,39.17475128173828,39.176300048828125,39.521976470947266,39.24078369140625,39.13032531738281,40.16788864135742,40.2052001953125,25,15.000000953674316,5,10,0,0,0,0,2.2247979640960693,8589934592,1073741824,5059035136,290652160
208,1771646116155,3504,3504,3504,3504,3504,3504,3504,3504,41.30427932739258,40.36488723754883,39.17475128173828,39.176300048828125,39.521976470947266,39.24078369140625,39.13032531738281,40.16788864135742,40.2052001953125,23.809524536132813,20,15.000000953674316,5,0,0,0,0,2.2247979640960693,8589934592,1073741824,5059051520,290652160
209,1771646116364,3504,3504,3504,3504,3504,3504,3504,3504,41.14357376098633,40.273704528808594,39.07843017578125,39.125038146972656,39.41109848022461,39.11982727050781,38.985313415527344,40.0599365234375,40.09081268310547,19.047618865966797,23.809524536132813,9.523809432983398,13.636363983154297,0,0,0,0,2.2247979640960693,8589934592,1073741824,5059018752,290652160
208,1771646116574,3504,3504,3504,3504,3504,3504,3504,3504,41.14357376098633,40.273704528808594,39.07843017578125,39.125038146972656,39.41109848022461,39.11982727050781,38.985313415527344,40.0599365234375,40.09081268310547,19.047618865966797,23.809524536132813,14.285715103149414,5.263157844543457,0,0,0,0,2.2247979640960693,8589934592,1073741824,5059035136,290652160
209,1771646116782,3504,3504,3504,3504,3504,3504,3504,3504,41.14357376098633,40.273704528808594,39.07843017578125,39.125038146972656,39.41109848022461,39.11982727050781,38.985313415527344,40.0599365234375,40.09081268310547,10,23.809524536132813,5,9.090909004211426,0,0,0,0,2.364295482635498,8589934592,1073741824,5059018752,290652160
207,1771646116993,3504,3504,3504,3504,3504,3504,3504,3504,41.14357376098633,40.273704528808594,39.07843017578125,39.125038146972656,39.41109848022461,39.11982727050781,38.985313415527344,40.0599365234375,40.09081268310547,14.285715103149414,23.809524536132813,13.636363983154297,5,0,0,0,0,2.364295482635498,8589934592,1073741824,5059100672,290652160
208,1771646117200,3504,3504,3504,3504,3504,3504,3504,3504,40.994747161865234,40.26835632324219,39.061546325683594,39.04051971435547,39.29075241088867,39.030357360839844,38.87956237792969,39.943965911865234,40.010250091552734,19.047618865966797,25,10,14.285715103149414,0,0,0,0,2.364295482635498,8589934592,1073741824,5059100672,290652160
204,1771646117409,3504,3504,3504,3504,3504,3504,3504,3504,40.994747161865234,40.26835632324219,39.061546325683594,39.04051971435547,39.29075241088867,39.030357360839844,38.87956237792969,39.943965911865234,40.010250091552734,19.047618865966797,28.571430206298828,9.523809432983398,4.761904716491699,0,0,0,0,2.364295482635498,8589934592,1073741824,5059117056,290652160
205,1771646117614,3504,3504,3504,3504,3504,3504,3504,3504,40.994747161865234,40.26835632324219,39.061546325683594,39.04051971435547,39.29075241088867,39.030357360839844,38.87956237792969,39.943965911865234,40.010250091552734,15.000000953674316,30.000001907348633,15.000000953674316,10,0,0,0,0,2.364295482635498,8589934592,1073741824,5058740224,290652160
209,1771646117820,3504,3504,3504,3504,3504,3504,3504,3504,40.994747161865234,40.26835632324219,39.061546325683594,39.04051971435547,39.29075241088867,39.030357360839844,38.87956237792969,39.943965911865234,40.010250091552734,14.285715103149414,28.571430206298828,5,14.285715103149414,4.761904716491699,0,0,0,2.049164056777954,8589934592,1073741824,5058740224,290652160
204,1771646118030,3504,3504,3504,3504,3504,3504,3504,3504,40.994747161865234,40.26835632324219,39.061546325683594,39.04051971435547,39.29075241088867,39.030357360839844,38.87956237792969,39.943965911865234,40.010250091552734,15.789472579956055,19.047618865966797,18.18181800842285,5,0,0,0,0,2.049164056777954,8589934592,1073741824,5058740224,290652160
200,1771646118235,3504,3504,3504,3504,3504,3504,3504,3504,40.86518478393555,40.17481231689453,39.04034423828125,38.95539855957031,39.16743087768555,38.981407165527344,38.77899169921875,39.87386703491211,39.950077056884766,19.047618865966797,20,15.000000953674316,9.523809432983398,0,0,0,0,2.049164056777954,8589934592,1073741824,5058789376,290652160
202,1771646118435,3504,3504,3504,3504,3504,3504,3504,3504,40.86518478393555,40.17481231689453,39.04034423828125,38.95539855957031,39.16743087768555,38.981407165527344,38.77899169921875,39.87386703491211,39.950077056884766,25,15.000000953674316,20,5,0,0,0,0,2.049164056777954,8589934592,1073741824,5058658304,290652160
202,1771646118639,3504,3504,3504,3504,3504,3504,3504,3504,40.86518478393555,40.17481231689453,39.04034423828125,38.95539855957031,39.16743087768555,38.981407165527344,38.77899169921875,39.87386703491211,39.950077056884766,15.000000953674316,14.285715103149414,15.000000953674316,9.523809432983398,0,0,0,0,2.049164056777954,8589934592,1073741824,5058658304,290652160
206,1771646118842,3504,3504,3504,3504,3504,3504,3504,3504,40.86518478393555,40.17481231689453,39.04034423828125,38.95539855957031,39.16743087768555,38.981407165527344,38.77899169921875,39.87386703491211,39.950077056884766,23.809524536132813,15.000000953674316,20,10,0,0,0,0,1.9909586906433105,8589934592,1073741824,5058658304,290652160
209,1771646119049,3504,3504,3504,3504,3504,3504,3504,3504,40.86518478393555,40.17481231689453,39.04034423828125,38.95539855957031,39.16743087768555,38.981407165527344,38.77899169921875,39.87386703491211,39.950077056884766,20,15.000000953674316,18.18181800842285,5,0,0,0,0,1.9909586906433105,8589934592,1073741824,5058641920,290652160
209,1771646119259,3504,3504,3504,3504,3504,3504,3504,3504,40.67033386230469,40.081321716308594,38.86042022705078,38.82483673095703,39.11570739746094,38.87342834472656,38.75707244873047,39.795162200927734,39.866676330566406,30.000001907348633,19.047618865966797,20,14.285715103149414,9.523809432983398,4.761904716491699,9.090909004211426,9.090909004211426,1.9909586906433105,8589934592,1073741824,5060313088,290652160
203,1771646119469,3504,3504,3504,3504,3504,3504,3504,3504,40.67033386230469,40.081321716308594,38.86042022705078,38.82483673095703,39.11570739746094,38.87342834472656,38.75707244873047,39.795162200927734,39.866676330566406,22.72727394104004,9.523809432983398,15.000000953674316,9.090909004211426,0,4.761904716491699,0,0,1.9909586906433105,8589934592,1073741824,5060313088,290652160
209,1771646119673,3504,3504,3504,3504,3504,3504,3504,3504,40.67033386230469,40.081321716308594,38.86042022705078,38.82483673095703,39.11570739746094,38.87342834472656,38.75707244873047,39.795162200927734,39.866676330566406,20,14.285715103149414,19.047618865966797,5.263157844543457,0,0,0,0,2.936537027359009,8589934592,1073741824,5060263936,290652160
202,1771646119882,3504,3504,3504,3504,3504,3504,3504,3504,40.67033386230469,40.081321716308594,38.86042022705078,38.82483673095703,39.11570739746094,38.87342834472656,38.75707244873047,39.795162200927734,39.866676330566406,14.285715103149414,10.526315689086914,28.571430206298828,13.636363983154297,0,0,0,0,2.936537027359009,8589934592,1073741824,5060263936,290652160
203,1771646120085,3504,3504,3504,3504,3504,3504,3504,3504,40.67033386230469,40.081321716308594,38.86042022705078,38.82483673095703,39.11570739746094,38.87342834472656,38.75707244873047,39.795162200927734,39.866676330566406,20,14.285715103149414,15.000000953674316,10,0,0,0,0,2.936537027359009,8589934592,1073741824,5060198400,290652160
209,1771646120288,3504,3504,3504,3504,3504,3504,3504,3504,40.7524528503418,40.151702880859375,38.87755584716797,38.825904846191406,39.11181640625,38.882232666015625,38.79534912109375,39.86468505859375,39.942073822021484,25,25,25,20,15.000000953674316,19.047618865966797,15.000000953674316,15.000000953674316,2.936537027359009,8589934592,1073741824,5060263936,290652160
208,1771646120498,3504,3504,3504,3504,3504,3504,3504,3504,40.7524528503418,40.151702880859375,38.87755584716797,38.825904846191406,39.11181640625,38.882232666015625,38.79534912109375,39.86468505859375,39.942073822021484,19.047618865966797,28.571430206298828,19.047618865966797,9.523809432983398,9.090909004211426,0,0,0,2.936537027359009,8589934592,1073741824,5060296704,290652160
206,1771646120707,3504,3504,3504,3504,3504,3504,3504,3504,40.7524528503418,40.151702880859375,38.87755584716797,38.825904846191406,39.11181640625,38.882232666015625,38.79534912109375,39.86468505859375,39.942073822021484,25,15.000000953674316,14.285715103149414,5,0,0,0,0,2.6217851638793945,8589934592,1073741824,5060313088,290652160
209,1771646120914,3504,3504,3504,3504,3504,3504,3504,3504,40.7524528503418,40.151702880859375,38.87755584716797,38.825904846191406,39.11181640625,38.882232666015625,38.79534912109375,39.86468505859375,39.942073822021484,23.809524536132813,23.809524536132813,14.285715103149414,13.636363983154297,0,0,0,0,2.6217851638793945,8589934592,1073741824,5060411392,290652160
208,1771646121123,3504,3504,3504,3504,3504,3504,3504,3504,40.7524528503418,40.151702880859375,38.87755584716797,38.825904846191406,39.11181640625,38.882232666015625,38.79534912109375,39.86468505859375,39.942073822021484,19.047618865966797,23.809524536132813,10,10,0,0,0,0,2.6217851638793945,8589934592,1073741824,5060395008,290652160
200,1771646121332,3504,3504,3504,3504,3504,3504,3504,3504,41.04255676269531,40.3623161315918,39.142578125,39.03589630126953,39.27037048339844,39.13842010498047,38.977874755859375,40.098392486572266,40.148258209228516,19.047618865966797,20,13.636363983154297,5,0,0,0,0,2.6217851638793945,8589934592,1073741824,5060558848,290652160
209,1771646121533,3504,3504,3504,3504,3504,3504,3504,3504,41.04255676269531,40.3623161315918,39.142578125,39.03589630126953,39.27037048339844,39.13842010498047,38.977874755859375,40.098392486572266,40.148258209228516,15.000000953674316,23.809524536132813,10.526315689086914,23.809524536132813,0,0,0,0,2.6217851638793945,8589934592,1073741824,5060558848,290652160
209,1771646121743,3504,3504,3504,3504,3504,3504,3504,3504,41.04255676269531,40.3623161315918,39.142578125,39.03589630126953,39.27037048339844,39.13842010498047,38.977874755859375,40.098392486572266,40.148258209228516,10,20,9.523809432983398,9.523809432983398,0,0,0,0,2.2950541973114014,8589934592,1073741824,5060591616,290652160
209,1771646121953,3504,3504,3504,3504,3504,3504,3504,3504,41.04255676269531,40.3623161315918,39.142578125,39.03589630126953,39.27037048339844,39.13842010498047,38.977874755859375,40.098392486572266,40.148258209228516,23.809524536132813,22.72727394104004,14.285715103149414,9.523809432983398,0,0,0,0,2.2950541973114014,8589934592,1073741824,5060591616,290652160
200,1771646122163,3504,3504,3504,3504,3504,3504,3504,3504,41.04255676269531,40.3623161315918,39.142578125,39.03589630126953,39.27037048339844,39.13842010498047,38.977874755859375,40.098392486572266,40.148258209228516,14.285715103149414,15.000000953674316,15.000000953674316,5,4.761904716491699,4.761904716491699,4.761904716491699,0,2.2950541973114014,8589934592,1073741824,5060542464,290652160
207,1771646122364,3504,3504,3504,3504,3504,3504,3504,3504,40.53981018066406,40.0234489440918,38.72490692138672,38.738319396972656,39.004398345947266,38.72423553466797,38.70014190673828,39.71199417114258,39.80891036987305,25,14.285715103149414,23.809524536132813,14.285715103149414,0,0,0,0,2.2950541973114014,8589934592,1073741824,5060542464,290652160
207,1771646122572,3504,3504,3504,3504,3504,3504,3504,3504,40.53981018066406,40.0234489440918,38.72490692138672,38.738319396972656,39.004398345947266,38.72423553466797,38.70014190673828,39.71199417114258,39.80891036987305,33.333335876464844,20,20,14.285715103149414,40,0,0,0,2.2950541973114014,8589934592,1073741824,5059297280,290652160
208,1771646122780,3504,3504,3504,3504,3504,3504,3504,3504,40.53981018066406,40.0234489440918,38.72490692138672,38.738319396972656,39.004398345947266,38.72423553466797,38.70014190673828,39.71199417114258,39.80891036987305,19.047618865966797,19.047618865966797,18.18181800842285,9.523809432983398,4.545454502105713,4.761904716491699,0,0,2.4232308864593506,8589934592,1073741824,5059330048,290652160
199,1771646122988,3504,3504,3504,3504,3504,3504,3504,3504,40.53981018066406,40.0234489440918,38.72490692138672,38.738319396972656,39.004398345947266,38.72423553466797,38.70014190673828,39.71199417114258,39.80891036987305,19.047618865966797,15.000000953674316,5.263157844543457,10,0,0,0,0,2.4232308864593506,8589934592,1073741824,5059395584,290652160
209,1771646123189,3504,3504,3504,3504,3504,3504,3504,3504,40.71424865722656,40.298255920410156,38.92045593261719,38.86688232421875,39.093387603759766,38.74211883544922,38.693016052246094,39.712181091308594,39.78321075439453,21.052631378173828,28.571430206298828,14.285715103149414,10,0,0,0,0,2.4232308864593506,8589934592,1073741824,5059395584,290652160
207,1771646123399,3504,3504,3504,3504,3504,3504,3504,3504,40.71424865722656,40.298255920410156,38.92045593261719,38.86688232421875,39.093387603759766,38.74211883544922,38.693016052246094,39.712181091308594,39.78321075439453,19.047618865966797,20,9.523809432983398,5,0,0,0,0,2.4232308864593506,8589934592,1073741824,5059395584,290652160
206,1771646123607,3504,3504,3504,3504,3504,3504,3504,3504,40.71424865722656,40.298255920410156,38.92045593261719,38.86688232421875,39.093387603759766,38.74211883544922,38.693016052246094,39.712181091308594,39.78321075439453,19.047618865966797,22.72727394104004,19.047618865966797,13.636363983154297,0,0,0,0,2.4232308864593506,8589934592,1073741824,5059395584,290652160
207,1771646123814,3504,3504,3504,3504,3504,3504,3504,3504,40.71424865722656,40.298255920410156,38.92045593261719,38.86688232421875,39.093387603759766,38.74211883544922,38.693016052246094,39.712181091308594,39.78321075439453,10,15.000000953674316,15.000000953674316,5,0,0,0,0,2.0614006519317627,8589934592,1073741824,5059395584,290652160
207,1771646124022,3504,3504,3504,3504,3504,3504,3504,3504,40.71424865722656,40.298255920410156,38.92045593261719,38.86688232421875,39.093387603759766,38.74211883544922,38.693016052246094,39.712181091308594,39.78321075439453,23.809524536132813,15.000000953674316,20,14.285715103149414,0,0,0,0,2.0614006519317627,8589934592,1073741824,5059395584,290652160
208,1771646124230,3504,3504,3504,3504,3504,3504,3504,3504,40.336124420166016,39.901092529296875,38.569000244140625,38.59503936767578,38.83326721191406,38.492645263671875,38.516937255859375,39.53581237792969,39.606658935546875,19.047618865966797,14.285715103149414,14.285715103149414,4.761904716491699,0,0,0,0,2.0614006519317627,8589934592,1073741824,5059395584,290652160
209,1771646124440,3504,3504,3504,3504,3504,3504,3504,3504,40.336124420166016,39.901092529296875,38.569000244140625,38.59503936767578,38.83326721191406,38.492645263671875,38.516937255859375,39.53581237792969,39.606658935546875,28.571430206298828,14.285715103149414,14.285715103149414,5,0,0,0,0,2.0614006519317627,8589934592,1073741824,5059395584,290652160
207,1771646124649,3504,3504,3504,3504,3504,3504,3504,3504,40.336124420166016,39.901092529296875,38.569000244140625,38.59503936767578,38.83326721191406,38.492645263671875,38.516937255859375,39.53581237792969,39.606658935546875,30.000001907348633,19.047618865966797,19.047618865966797,28.571430206298828,23.809524536132813,9.090909004211426,0,0,2.0614006519317627,8589934592,1073741824,5079465984,290652160
208,1771646124857,3504,3504,3504,3504,3504,3504,3504,3504,40.336124420166016,39.901092529296875,38.569000244140625,38.59503936767578,38.83326721191406,38.492645263671875,38.516937255859375,39.53581237792969,39.606658935546875,35,23.809524536132813,19.047618865966797,19.047618865966797,14.285715103149414,10,0,0,2.6080729961395264,8589934592,1073741824,5093195776,290652160
208,1771646125066,3504,3504,3504,3504,3504,3504,3504,3504,40.336124420166016,39.901092529296875,38.569000244140625,38.59503936767578,38.83326721191406,38.492645263671875,38.516937255859375,39.53581237792969,39.606658935546875,40.90909194946289,30.000001907348633,20,15.000000953674316,4.761904716491699,4.761904716491699,0,0,2.6080729961395264,8589934592,1073741824,5097308160,290652160
209,1771646125274,3504,3504,3504,3504,3504,3504,3504,3504,40.64363479614258,40.191871643066406,38.83246612548828,38.80656433105469,38.96475601196289,38.58415222167969,38.55237579345703,39.59466552734375,39.69728088378906,28.571430206298828,19.047618865966797,13.636363983154297,9.523809432983398,0,0,0,0,2.6080729961395264,8589934592,1073741824,5097308160,290652160
209,1771646125485,3504,3504,3504,3504,3504,3504,3504,3504,40.64363479614258,40.191871643066406,38.83246612548828,38.80656433105469,38.96475601196289,38.58415222167969,38.55237579345703,39.59466552734375,39.69728088378906,23.809524536132813,10,5,9.090909004211426,0,0,4.545454502105713,0,2.6080729961395264,8589934592,1073741824,5097308160,290652160
206,1771646125695,3504,3504,3504,3504,3504,3504,3504,3504,40.64363479614258,40.191871643066406,38.83246612548828,38.80656433105469,38.96475601196289,38.58415222167969,38.55237579345703,39.59466552734375,39.69728088378906,25,18.18181800842285,14.285715103149414,15.000000953674316,0,0,0,0,2.877058267593384,8589934592,1073741824,5097226240,290652160
208,1771646125901,3504,3504,3504,3504,3504,3504,3504,3504,40.64363479614258,40.191871643066406,38.83246612548828,38.80656433105469,38.96475601196289,38.58415222167969,38.55237579345703,39.59466552734375,39.69728088378906,19.047618865966797,15.000000953674316,14.285715103149414,18.18181800842285,0,0,0,0,2.877058267593384,8589934592,1073741824,5097095168,290652160
209,1771646126110,3504,3504,3504,3504,3504,3504,3504,3504,40.64363479614258,40.191871643066406,38.83246612548828,38.80656433105469,38.96475601196289,38.58415222167969,38.55237579345703,39.59466552734375,39.69728088378906,23.809524536132813,14.285715103149414,14.285715103149414,5,0,0,0,0,2.877058267593384,8589934592,1073741824,5097177088,290652160
209,1771646126319,3504,3504,3504,3504,3504,3504,3504,3504,40.126182556152344,39.832950592041016,38.46234130859375,38.47093200683594,38.77604293823242,38.39472198486328,38.450157165527344,39.43875503540039,39.525238037109375,28.571430206298828,25,20,15.000000953674316,4.545454502105713,0,0,0,2.877058267593384,8589934592,1073741824,5097340928,290652160
204,1771646126529,3504,3504,3504,3504,3504,3504,3504,3504,40.126182556152344,39.832950592041016,38.46234130859375,38.47093200683594,38.77604293823242,38.39472198486328,38.450157165527344,39.43875503540039,39.525238037109375,19.047618865966797,13.636363983154297,9.090909004211426,9.523809432983398,4.761904716491699,4.761904716491699,4.761904716491699,4.545454502105713,2.877058267593384,8589934592,1073741824,5097291776,290652160
207,1771646126734,3504,3504,3504,3504,3504,3504,3504,3504,40.126182556152344,39.832950592041016,38.46234130859375,38.47093200683594,38.77604293823242,38.39472198486328,38.450157165527344,39.43875503540039,39.525238037109375,20,10,15.789472579956055,9.523809432983398,0,0,0,0,2.7493529319763184,8589934592,1073741824,5097472000,290652160
204,1771646126942,3504,3504,3504,3504,3504,3504,3504,3504,40.126182556152344,39.832950592041016,38.46234130859375,38.47093200683594,38.77604293823242,38.39472198486328,38.450157165527344,39.43875503540039,39.525238037109375,15.000000953674316,9.523809432983398,14.285715103149414,5,0,0,0,0,2.7493529319763184,8589934592,1073741824,5097504768,290652160
201,1771646127147,3504,3504,3504,3504,3504,3504,3504,3504,40.126182556152344,39.832950592041016,38.46234130859375,38.47093200683594,38.77604293823242,38.39472198486328,38.450157165527344,39.43875503540039,39.525238037109375,33.333335876464844,15.000000953674316,19.047618865966797,14.285715103149414,0,0,0,0,2.7493529319763184,8589934592,1073741824,5097521152,290652160
203,1771646127349,3504,3504,3504,3504,3504,3504,3504,3504,40.09431076049805,39.810638427734375,38.40043640136719,38.39381408691406,38.72419357299805,38.313926696777344,38.35478210449219,39.355655670166016,39.46121597290039,25,15.000000953674316,10,10,0,0,0,0,2.7493529319763184,8589934592,1073741824,5097537536,290652160
209,1771646127553,3504,3504,3504,3504,3504,3504,3504,3504,40.09431076049805,39.810638427734375,38.40043640136719,38.39381408691406,38.72419357299805,38.313926696777344,38.35478210449219,39.355655670166016,39.46121597290039,25,20,5.263157844543457,10,0,0,0,0,2.7493529319763184,8589934592,1073741824,5097373696,290652160
202,1771646127763,3504,3504,3504,3504,3504,3504,3504,3504,40.09431076049805,39.810638427734375,38.40043640136719,38.39381408691406,38.72419357299805,38.313926696777344,38.35478210449219,39.355655670166016,39.46121597290039,18.18181800842285,9.523809432983398,22.72727394104004,9.090909004211426,0,0,0,0,2.084824800491333,8589934592,1073741824,5097373696,290652160
208,1771646127966,3504,3504,3504,3504,3504,3504,3504,3504,40.09431076049805,39.810638427734375,38.40043640136719,38.39381408691406,38.72419357299805,38.313926696777344,38.35478210449219,39.355655670166016,39.46121597290039,5.263157844543457,19.047618865966797,5,5,5,9.523809432983398,5,0,2.084824800491333,8589934592,1073741824,5097373696,290652160
207,1771646128175,3504,3504,3504,3504,3504,3504,3504,3504,40.09431076049805,39.810638427734375,38.27763366699219,38.26319885253906,38.64906311035156,38.234619140625,38.22655487060547,39.24873352050781,39.32683563232422,14.285715103149414,25,19.047618865966797,9.523809432983398,0,0,0,0,2.084824800491333,8589934592,1073741824,5097324544,290652160
209,1771646128383,3504,3504,3504,3504,3504,3504,3504,3504,40.02237319946289,39.6958122253418,38.27763366699219,38.26319885253906,38.64906311035156,38.234619140625,38.22655487060547,39.24873352050781,39.32683563232422,15.000000953674316,23.809524536132813,5,5,0,0,0,0,2.084824800491333,8589934592,1073741824,5097324544,290652160
209,1771646128592,3504,3504,3504,3504,3504,3504,3504,3504,40.02237319946289,39.6958122253418,38.27763366699219,38.26319885253906,38.64906311035156,38.234619140625,38.22655487060547,39.24873352050781,39.32683563232422,18.18181800842285,25,14.285715103149414,13.636363983154297,0,0,0,0,2.084824800491333,8589934592,1073741824,5097324544,290652160
209,1771646128802,3504,3504,3504,3504,3504,3504,3504,3504,40.02237319946289,39.6958122253418,38.27763366699219,38.26319885253906,38.64906311035156,38.234619140625,38.22655487060547,39.24873352050781,39.32683563232422,10,18.18181800842285,14.285715103149414,5,0,0,0,0,2.0496878623962402,8589934592,1073741824,5097324544,290652160
201,1771646129012,3504,3504,3504,3504,3504,3504,3504,3504,40.02237319946289,39.6958122253418,38.27763366699219,38.26319885253906,38.64906311035156,38.234619140625,38.22655487060547,39.24873352050781,39.32683563232422,14.285715103149414,14.285715103149414,19.047618865966797,19.047618865966797,0,0,0,0,2.0496878623962402,8589934592,1073741824,5097439232,290652160
201,1771646129214,3504,3504,3504,3504,3504,3504,3504,3504,39.906131744384766,39.54678726196289,38.2220458984375,38.13002014160156,38.496734619140625,38.09916687011719,38.118797302246094,39.14729309082031,39.22260284423828,20,5.263157844543457,19.047618865966797,10,0,0,0,0,2.0496878623962402,8589934592,1073741824,5097406464,290652160
208,1771646129416,3504,3504,3504,3504,3504,3504,3504,3504,39.906131744384766,39.54678726196289,38.2220458984375,38.13002014160156,38.496734619140625,38.09916687011719,38.118797302246094,39.14729309082031,39.22260284423828,25,19.047618865966797,15.000000953674316,5.263157844543457,0,0,0,0,2.0496878623962402,8589934592,1073741824,5097603072,290652160
209,1771646129625,3504,3504,3504,3504,3504,3504,3504,3504,39.906131744384766,39.54678726196289,38.2220458984375,38.13002014160156,38.496734619140625,38.09916687011719,38.118797302246094,39.14729309082031,39.22260284423828,19.047618865966797,19.047618865966797,20,22.72727394104004,9.090909004211426,4.761904716491699,4.761904716491699,0,2.0496878623962402,8589934592,1073741824,5098209280,290652160
209,1771646129834,3504,3504,3504,3504,3504,3504,3504,3504,39.906131744384766,39.54678726196289,38.2220458984375,38.13002014160156,38.496734619140625,38.09916687011719,38.118797302246094,39.14729309082031,39.22260284423828,15.000000953674316,15.000000953674316,13.636363983154297,9.523809432983398,0,0,0,0,2.6325886249542236,8589934592,1073741824,5098258432,290652160
205,1771646130044,3504,3504,3504,3504,3504,3504,3504,3504,39.906131744384766,39.54678726196289,38.2220458984375,38.13002014160156,38.496734619140625,38.09916687011719,38.118797302246094,39.14729309082031,39.22260284423828,31.81818199157715,14.285715103149414,10,9.523809432983398,0,0,0,0,2.6325886249542236,8589934592,1073741824,5097553920,290652160
208,1771646130250,3504,3504,3504,3504,3504,3504,3504,3504,39.88818359375,39.495216369628906,38.20183563232422,38.036521911621094,38.434078216552734,38.02763366699219,38.03656005859375,39.124061584472656,39.13508605957031,23.809524536132813,10,9.523809432983398,14.285715103149414,0,0,0,0,2.6325886249542236,8589934592,1073741824,5097586688,290652160
206,1771646130458,3504,3504,3504,3504,3504,3504,3504,3504,39.88818359375,39.495216369628906,38.20183563232422,38.036521911621094,38.434078216552734,38.02763366699219,38.03656005859375,39.124061584472656,39.13508605957031,19.047618865966797,19.047618865966797,5.263157844543457,15.000000953674316,0,0,0,0,2.6325886249542236,8589934592,1073741824,5097586688,290652160
208,1771646130666,3504,3504,3504,3504,3504,3504,3504,3504,39.88818359375,39.495216369628906,38.20183563232422,38.036521911621094,38.434078216552734,38.02763366699219,38.03656005859375,39.124061584472656,39.13508605957031,21.052631378173828,19.047618865966797,18.18181800842285,14.285715103149414,0,0,0,0,2.6325886249542236,8589934592,1073741824,5097570304,290652160
205,1771646130874,3504,3504,3504,3504,3504,3504,3504,3504,39.88818359375,39.495216369628906,38.20183563232422,38.036521911621094,38.434078216552734,38.02763366699219,38.03656005859375,39.124061584472656,39.13508605957031,22.72727394104004,15.000000953674316,14.285715103149414,10,0,0,0,0,2.2476396560668945,8589934592,1073741824,5097603072,290652160
204,1771646131080,3504,3504,3504,3504,3504,3504,3504,3504,39.88818359375,39.495216369628906,38.20183563232422,38.036521911621094,38.434078216552734,38.02763366699219,38.03656005859375,39.124061584472656,39.13508605957031,20,14.285715103149414,10,14.285715103149414,0,0,0,0,2.2476396560668945,8589934592,1073741824,5094227968,290652160
209,1771646131285,3504,3504,3504,3504,3504,3504,3504,3504,39.85388946533203,39.38312530517578,38.135215759277344,37.90168762207031,38.405155181884766,37.916015625,37.98040771484375,39.055328369140625,39.062015533447266,30.000001907348633,20,10.526315689086914,10,0,0,0,0,2.2476396560668945,8589934592,1073741824,5094244352,290652160
204,1771646131495,3504,3504,3504,3504,3504,3504,3504,3504,39.85388946533203,39.38312530517578,38.135215759277344,37.90168762207031,38.405155181884766,37.916015625,37.98040771484375,39.055328369140625,39.062015533447266,19.047618865966797,13.636363983154297,22.72727394104004,14.285715103149414,0,0,0,0,2.2476396560668945,8589934592,1073741824,5090344960,290652160
208,1771646131699,3504,3504,3504,3504,3504,3504,3504,3504,39.85388946533203,39.38312530517578,38.135215759277344,37.90168762207031,38.405155181884766,37.916015625,37.98040771484375,39.055328369140625,39.062015533447266,25,15.000000953674316,14.285715103149414,5,0,0,0,0,2.1313061714172363,8589934592,1073741824,5090344960,290652160
205,1771646131908,3504,3504,3504,3504,3504,3504,3504,3504,39.85388946533203,39.38312530517578,38.135215759277344,37.90168762207031,38.405155181884766,37.916015625,37.98040771484375,39.055328369140625,39.062015533447266,22.72727394104004,15.000000953674316,10,9.523809432983398,0,0,0,0,2.1313061714172363,8589934592,1073741824,5090099200,290652160
208,1771646132114,3504,3504,3504,3504,3504,3504,3504,3504,39.85388946533203,39.38312530517578,38.135215759277344,37.90168762207031,38.405155181884766,37.916015625,37.98040771484375,39.055328369140625,39.062015533447266,15.789472579956055,14.285715103149414,19.047618865966797,9.523809432983398,0,0,0,0,2.1313061714172363,8589934592,1073741824,5090099200,290652160
207,1771646132323,3504,3504,3504,3504,3504,3504,3504,3504,39.868186950683594,39.31867218017578,37.98362731933594,37.86717224121094,38.34954071044922,37.847389221191406,37.92485809326172,38.97488784790039,39.02607727050781,19.047618865966797,15.000000953674316,25,14.285715103149414,0,0,0,0,2.1313061714172363,8589934592,1073741824,5090082816,290652160
207,1771646132531,3504,3504,3504,3504,3504,3504,3504,3504,39.868186950683594,39.31867218017578,37.98362731933594,37.86717224121094,38.34954071044922,37.847389221191406,37.92485809326172,38.97488784790039,39.02607727050781,23.809524536132813,19.047618865966797,33.333335876464844,10,35,0,0,0,2.1313061714172363,8589934592,1073741824,5090213888,290652160
202,1771646132739,3504,3504,3504,3504,3504,3504,3504,3504,39.868186950683594,39.31867218017578,37.98362731933594,37.86717224121094,38.34954071044922,37.847389221191406,37.92485809326172,38.97488784790039,39.02607727050781,30.000001907348633,25,28.571430206298828,14.285715103149414,0,0,0,0,1.9912973642349243,8589934592,1073741824,5090508800,290652160
200,1771646132942,3504,3504,3504,3504,3504,3504,3504,3504,39.868186950683594,39.31867218017578,37.98362731933594,37.86717224121094,38.34954071044922,37.847389221191406,37.92485809326172,38.97488784790039,39.02607727050781,22.72727394104004,14.285715103149414,19.047618865966797,5,4.761904716491699,4.761904716491699,4.761904716491699,4.761904716491699,1.9912973642349243,8589934592,1073741824,5090590720,290652160
209,1771646133143,3504,3504,3504,3504,3504,3504,3504,3504,39.868186950683594,39.31867218017578,37.98362731933594,37.86717224121094,38.34954071044922,37.847389221191406,37.92485809326172,38.97488784790039,39.02607727050781,26.3157901763916,20,30.000001907348633,10,14.285715103149414,0,0,0,1.9912973642349243,8589934592,1073741824,5100568576,290652160
209,1771646133353,3504,3504,3504,3504,3504,3504,3504,3504,40.000972747802734,39.73458480834961,38.30171203613281,38.1033935546875,38.46220397949219,37.937843322753906,37.981056213378906,39.053733825683594,39.080692291259766,9.523809432983398,14.285715103149414,15.000000953674316,14.285715103149414,0,0,0,0,1.9912973642349243,8589934592,1073741824,5097357312,290652160
200,1771646133563,3504,3504,3504,3504,3504,3504,3504,3504,40.000972747802734,39.73458480834961,38.30171203613281,38.1033935546875,38.46220397949219,37.937843322753906,37.981056213378906,39.053733825683594,39.080692291259766,14.285715103149414,10,19.047618865966797,14.285715103149414,4.761904716491699,0,0,0,1.9912973642349243,8589934592,1073741824,5097422848,290652160
209,1771646133764,3504,3504,3504,3504,3504,3504,3504,3504,40.000972747802734,39.73458480834961,38.30171203613281,38.1033935546875,38.46220397949219,37.937843322753906,37.981056213378906,39.053733825683594,39.080692291259766,25,25,25,20,0,0,0,0,1.8746474981307983,8589934592,1073741824,5097816064,290652160
208,1771646133974,3504,3504,3504,3504,3504,3504,3504,3504,40.000972747802734,39.73458480834961,38.30171203613281,38.1033935546875,38.46220397949219,37.937843322753906,37.981056213378906,39.053733825683594,39.080692291259766,20,23.809524536132813,9.523809432983398,5,0,0,0,0,1.8746474981307983,8589934592,1073741824,5097832448,290652160
203,1771646134182,3504,3504,3504,3504,3504,3504,3504,3504,39.8458251953125,39.31076431274414,37.98907470703125,37.90397644042969,38.361236572265625,37.81073760986328,37.91643524169922,38.94327926635742,38.96865463256836,14.285715103149414,23.809524536132813,19.047618865966797,13.636363983154297,0,0,0,0,1.8746474981307983,8589934592,1073741824,5097684992,290652160
201,1771646134386,3504,3504,3504,3504,3504,3504,3504,3504,39.8458251953125,39.31076431274414,37.98907470703125,37.90397644042969,38.361236572265625,37.81073760986328,37.91643524169922,38.94327926635742,38.96865463256836,15.000000953674316,14.285715103149414,28.571430206298828,5,0,0,0,0,1.8746474981307983,8589934592,1073741824,5097684992,290652160
199,1771646134589,3504,3504,3504,3504,3504,3504,3504,3504,39.8458251953125,39.31076431274414,37.98907470703125,37.90397644042969,38.361236572265625,37.81073760986328,37.91643524169922,38.94327926635742,38.96865463256836,25,19.047618865966797,20,15.000000953674316,0,0,0,0,1.8746474981307983,8589934592,1073741824,5097701376,290652160
201,1771646134789,3504,3504,3504,3504,3504,3504,3504,3504,39.8458251953125,39.31076431274414,37.98907470703125,37.90397644042969,38.361236572265625,37.81073760986328,37.91643524169922,38.94327926635742,38.96865463256836,20,5.555555820465088,5.263157844543457,15.000000953674316,0,0,0,0,2.5164480209350586,8589934592,1073741824,5097701376,290652160
209,1771646134991,3504,3504,3504,3504,3504,3504,3504,3504,39.8458251953125,39.31076431274414,37.98907470703125,37.90397644042969,38.361236572265625,37.81073760986328,37.91643524169922,38.94327926635742,38.96865463256836,19.047618865966797,15.000000953674316,14.285715103149414,23.809524536132813,0,0,0,0,2.5164480209350586,8589934592,1073741824,5097521152,290652160
204,1771646135201,3504,3504,3504,3504,3504,3504,3504,3504,39.78871536254883,39.16426467895508,37.82830047607422,37.833518981933594,38.2874870300293,37.611572265625,37.84479522705078,38.84529495239258,38.86164474487305,15.000000953674316,14.285715103149414,5,15.000000953674316,0,0,0,0,2.5164480209350586,8589934592,1073741824,5097619456,290652160
207,1771646135406,3504,3504,3504,3504,3504,3504,3504,3504,39.78871536254883,39.16426467895508,37.82830047607422,37.833518981933594,38.2874870300293,37.611572265625,37.84479522705078,38.84529495239258,38.86164474487305,23.809524536132813,14.285715103149414,9.523809432983398,19.047618865966797,0,0,0,0,2.5164480209350586,8589934592,1073741824,5097340928,290652160
207,1771646135614,3504,3504,3504,3504,3504,3504,3504,3504,39.78871536254883,39.16426467895508,37.82830047607422,37.833518981933594,38.2874870300293,37.611572265625,37.84479522705078,38.84529495239258,38.86164474487305,19.047618865966797,19.047618865966797,10,15.000000953674316,0,0,0,0,2.5164480209350586,8589934592,1073741824,5097340928,290652160
209,1771646135822,3504,3504,3504,3504,3504,3504,3504,3504,39.78871536254883,39.16426467895508,37.82830047607422,37.833518981933594,38.2874870300293,37.611572265625,37.84479522705078,38.84529495239258,38.86164474487305,20,28.571430206298828,10,14.285715103149414,0,0,0,0,2.4219865798950195,8589934592,1073741824,5097340928,290652160
209,1771646136032,3504,3504,3504,3504,3504,3504,3504,3504,39.78871536254883,39.16426467895508,37.82830047607422,37.833518981933594,38.2874870300293,37.611572265625,37.84479522705078,38.84529495239258,38.86164474487305,23.809524536132813,10,18.18181800842285,9.523809432983398,0,0,0,0,2.4219865798950195,8589934592,1073741824,5097488384,290652160
209,1771646136242,3504,3504,3504,3504,3504,3504,3504,3504,39.80228042602539,39.190677642822266,37.84986114501953,37.825889587402344,38.22373580932617,37.567108154296875,37.797767639160156,38.79692840576172,38.78139114379883,14.285715103149414,14.285715103149414,15.000000953674316,4.761904716491699,13.636363983154297,4.761904716491699,4.545454502105713,0,2.4219865798950195,8589934592,1073741824,5097897984,290652160
209,1771646136452,3504,3504,3504,3504,3504,3504,3504,3504,39.80228042602539,39.190677642822266,37.84986114501953,37.825889587402344,38.22373580932617,37.567108154296875,37.797767639160156,38.79692840576172,38.78139114379883,23.809524536132813,23.809524536132813,14.285715103149414,10,0,0,0,0,2.4219865798950195,8589934592,1073741824,5097897984,290652160
203,1771646136662,3504,3504,3504,3504,3504,3504,3504,3504,39.80228042602539,39.190677642822266,37.84986114501953,37.825889587402344,38.22373580932617,37.567108154296875,37.797767639160156,38.79692840576172,38.78139114379883,19.047618865966797,19.047618865966797,23.809524536132813,9.523809432983398,0,0,0,0,2.4219865798950195,8589934592,1073741824,5097897984,290652160
209,1771646136866,3504,3504,3504,3504,3504,3504,3504,3504,39.80228042602539,39.190677642822266,37.84986114501953,37.825889587402344,38.22373580932617,37.567108154296875,37.797767639160156,38.79692840576172,38.78139114379883,15.789472579956055,15.000000953674316,15.000000953674316,13.636363983154297,0,0,0,0,2.003352403640747,8589934592,1073741824,5097897984,290652160
206,1771646137076,3504,3504,3504,3504,3504,3504,3504,3504,39.80228042602539,39.190677642822266,37.84986114501953,37.825889587402344,38.22373580932617,37.567108154296875,37.797767639160156,38.79692840576172,38.78139114379883,19.047618865966797,14.285715103149414,19.047618865966797,10,0,0,0,0,2.003352403640747,8589934592,1073741824,5098110976,290652160
202,1771646137283,3504,3504,3504,3504,3504,3504,3504,3504,39.7132453918457,39.080806732177734,37.773277282714844,37.73450469970703,38.141414642333984,37.49427032470703,37.75239562988281,38.75242614746094,38.76751708984375,47.619049072265625,33.333335876464844,36.3636360168457,10,0,0,0,0,2.003352403640747,8589934592,1073741824,5098094592,290652160
209,1771646137486,3504,3504,3504,3504,3504,3504,3504,3504,39.7132453918457,39.080806732177734,37.773277282714844,37.73450469970703,38.141414642333984,37.49427032470703,37.75239562988281,38.75242614746094,38.76751708984375,35,30.000001907348633,15.789472579956055,23.809524536132813,15.000000953674316,15.000000953674316,10.526315689086914,14.285715103149414,2.003352403640747,8589934592,1073741824,5098029056,290652160
202,1771646137696,3504,3504,3504,3504,3504,3504,3504,3504,39.7132453918457,39.080806732177734,37.773277282714844,37.73450469970703,38.141414642333984,37.49427032470703,37.75239562988281,38.75242614746094,38.76751708984375,22.72727394104004,27.272727966308594,13.636363983154297,10,0,0,0,0,2.364295721054077,8589934592,1073741824,5098045440,290652160
209,1771646137899,3504,3504,3504,3504,3504,3504,3504,3504,39.7132453918457,39.080806732177734,37.773277282714844,37.73450469970703,38.141414642333984,37.49427032470703,37.75239562988281,38.75242614746094,38.76751708984375,20,11.111111640930176,10,9.523809432983398,9.523809432983398,9.523809432983398,4.761904716491699,4.761904716491699,2.364295721054077,8589934592,1073741824,5097848832,290652160
206,1771646138109,3504,3504,3504,3504,3504,3504,3504,3504,39.7132453918457,39.080806732177734,37.773277282714844,37.73450469970703,38.141414642333984,37.49427032470703,37.75239562988281,38.75242614746094,38.76751708984375,23.809524536132813,19.047618865966797,5,9.523809432983398,5,9.523809432983398,0,0,2.364295721054077,8589934592,1073741824,5098635264,290652160
203,1771646138316,3504,3504,3504,3504,3504,3504,3504,3504,40.1428337097168,39.54719161987305,38.186927795410156,38.14893341064453,38.35537338256836,38.00286102294922,38.139305114746094,39.2188835144043,39.2215576171875,20,23.809524536132813,14.285715103149414,5,0,0,0,0,2.364295721054077,8589934592,1073741824,5098635264,290652160
202,1771646138519,3504,3504,3504,3504,3504,3504,3504,3504,40.1428337097168,39.54719161987305,38.186927795410156,38.14893341064453,38.35537338256836,38.00286102294922,38.139305114746094,39.2188835144043,39.2215576171875,20,23.809524536132813,14.285715103149414,14.285715103149414,0,0,0,0,2.364295721054077,8589934592,1073741824,5098553344,290652160
199,1771646138722,3504,3504,3504,3504,3504,3504,3504,3504,40.1428337097168,39.54719161987305,38.186927795410156,38.14893341064453,38.35537338256836,38.00286102294922,38.139305114746094,39.2188835144043,39.2215576171875,23.809524536132813,20,15.000000953674316,5,0,0,0,0,2.261082887649536,8589934592,1073741824,5098553344,290652160
208,1771646138922,3504,3504,3504,3504,3504,3504,3504,3504,40.1428337097168,39.54719161987305,38.186927795410156,38.14893341064453,38.35537338256836,38.00286102294922,38.139305114746094,39.2188835144043,39.2215576171875,21.052631378173828,15.000000953674316,15.000000953674316,10,0,0,0,0,2.261082887649536,8589934592,1073741824,5098553344,290652160
207,1771646139131,3504,3504,3504,3504,3504,3504,3504,3504,40.1428337097168,39.54719161987305,38.186927795410156,38.14893341064453,38.35537338256836,38.00286102294922,38.139305114746094,39.2188835144043,39.2215576171875,28.571430206298828,9.523809432983398,5,9.523809432983398,0,0,0,0,2.261082887649536,8589934592,1073741824,5098553344,290652160
207,1771646139339,3504,3504,3504,3504,3504,3504,3504,3504,39.68492126464844,39.037498474121094,37.76185607910156,37.57099914550781,38.07811737060547,37.483978271484375,37.71466827392578,38.725311279296875,38.730003356933594,19.047618865966797,25,19.047618865966797,5,0,0,0,0,2.261082887649536,8589934592,1073741824,5098553344,290652160
10,1771646139547,3504,3504,3504,3504,3504,3504,3504,3504,39.68492126464844,39.037498474121094,37.76185607910156,37.57099914550781,38.07811737060547,37.483978271484375,37.71466827392578,38.725311279296875,38.730003356933594,15.000000953674316,23.809524536132813,14.285715103149414,9.523809432983398,0,0,0,0,2.261082887649536,8589934592,1073741824,5097717760,290652160
