Delta,Time,CPU_FREQUENCY_0,CPU_FREQUENCY_1,CPU_FREQUENCY_2,CPU_FREQUENCY_3,CPU_FREQUENCY_4,CPU_FREQUENCY_5,CPU_FREQUENCY_6,CPU_FREQUENCY_7,CPU_TEMP_0,CPU_TEMP_1,CPU_TEMP_2,CPU_TEMP_3,CPU_TEMP_4,CPU_TEMP_5,CPU_TEMP_6,CPU_TEMP_7,CPU_TEMP_8,CPU_USAGE_0,CPU_USAGE_1,CPU_USAGE_2,CPU_USAGE_3,CPU_USAGE_4,CPU_USAGE_5,CPU_USAGE_6,CPU_USAGE_7,SYSTEM_POWER (Watts),TOTAL_MEMORY,TOTAL_SWAP,USED_MEMORY,USED_SWAP
0,1771648064469,3504,3504,3504,3504,3504,3504,3504,3504,48.50984191894531,48.11033630371094,46.86981201171875,46.74614715576172,46.80073928833008,46.841033935546875,46.42854309082031,47.53587341308594,47.690731048583984,0,0,0,66.66667175292969,0,0,0,0,8.859655380249023,8589934592,1073741824,5225988096,290652160
209,1771648064469,3504,3504,3504,3504,3504,3504,3504,3504,48.50984191894531,48.11033630371094,46.86981201171875,46.74614715576172,46.80073928833008,46.841033935546875,46.42854309082031,47.53587341308594,47.690731048583984,100,0,100,0,0,0,0,0,8.859655380249023,8589934592,1073741824,5226938368,290652160
205,1771648064679,3504,3504,3504,3504,3504,3504,3504,3504,48.50984191894531,48.11033630371094,46.86981201171875,46.74614715576172,46.80073928833008,46.841033935546875,46.42854309082031,47.53587341308594,47.690731048583984,28.571430206298828,14.285715103149414,5,5.263157844543457,9.090909004211426,4.545454502105713,0,0,2.1032843589782715,8589934592,1073741824,5227216896,290652160
208,1771648064885,3504,3504,3504,3504,3504,3504,3504,3504,48.50984191894531,48.11033630371094,46.86981201171875,46.74614715576172,46.80073928833008,46.841033935546875,46.42854309082031,47.53587341308594,47.690731048583984,15.000000953674316,30.000001907348633,18.18181800842285,13.636363983154297,0,0,0,0,2.1032843589782715,8589934592,1073741824,5227184128,290652160
205,1771648065094,3504,3504,3504,3504,3504,3504,3504,3504,48.50984191894531,48.11033630371094,46.86981201171875,46.74614715576172,46.80073928833008,46.841033935546875,46.42854309082031,47.53587341308594,47.690731048583984,20,19.047618865966797,10,10,15.789472579956055,15.000000953674316,9.523809432983398,4.761904716491699,2.1032843589782715,8589934592,1073741824,5243879424,290652160
206,1771648065300,3504,3504,3504,3504,3504,3504,3504,3504,47.41923141479492,47.22049331665039,45.86030578613281,45.784080505371094,45.757564544677734,46.071250915527344,45.38543701171875,46.53762435913086,46.55839920043945,18.18181800842285,10,0,0,9.523809432983398,14.285715103149414,4.761904716491699,0,2.1032843589782715,8589934592,1073741824,5048090624,290652160
209,1771648065507,3504,3504,3504,3504,3504,3504,3504,3504,47.41923141479492,47.22049331665039,45.86030578613281,45.784080505371094,45.757564544677734,46.071250915527344,45.38543701171875,46.53762435913086,46.55839920043945,15.000000953674316,19.047618865966797,14.285715103149414,9.090909004211426,0,0,0,0,2.1032843589782715,8589934592,1073741824,5049450496,290652160
202,1771648065717,3504,3504,3504,3504,3504,3504,3504,3504,47.41923141479492,47.22049331665039,45.86030578613281,45.784080505371094,45.757564544677734,46.071250915527344,45.38543701171875,46.53762435913086,46.55839920043945,15.000000953674316,23.809524536132813,19.047618865966797,10,0,0,0,0,2.738152503967285,8589934592,1073741824,5049450496,290652160
209,1771648065919,3504,3504,3504,3504,3504,3504,3504,3504,47.41923141479492,47.22049331665039,45.86030578613281,45.784080505371094,45.757564544677734,46.071250915527344,45.38543701171875,46.53762435913086,46.55839920043945,23.809524536132813,15.789472579956055,19.047618865966797,15.000000953674316,0,0,0,0,2.738152503967285,8589934592,1073741824,5049483264,290652160
206,1771648066129,3504,3504,3504,3504,3504,3504,3504,3504,47.41923141479492,47.22049331665039,45.86030578613281,45.784080505371094,45.757564544677734,46.071250915527344,45.38543701171875,46.53762435913086,46.55839920043945,27.272727966308594,18.18181800842285,10,13.636363983154297,0,0,0,0,2.738152503967285,8589934592,1073741824,5049548800,290652160
209,1771648066336,3504,3504,3504,3504,3504,3504,3504,3504,45.976566314697266,45.68545913696289,44.540550231933594,44.34295654296875,44.68013381958008,44.931739807128906,44.26129150390625,45.3580322265625,45.40576934814453,21.052631378173828,19.047618865966797,19.047618865966797,20,14.285715103149414,5,5,4.761904716491699,2.738152503967285,8589934592,1073741824,5050679296,290652160
203,1771648066547,3504,3504,3504,3504,3504,3504,3504,3504,45.976566314697266,45.68545913696289,44.540550231933594,44.34295654296875,44.68013381958008,44.931739807128906,44.26129150390625,45.3580322265625,45.40576934814453,22.72727394104004,14.285715103149414,5,14.285715103149414,0,0,0,0,2.738152503967285,8589934592,1073741824,5050695680,290652160
206,1771648066750,3504,3504,3504,3504,3504,3504,3504,3504,45.976566314697266,45.68545913696289,44.540550231933594,44.34295654296875,44.68013381958008,44.931739807128906,44.26129150390625,45.3580322265625,45.40576934814453,25,20,19.047618865966797,20,0,0,0,0,2.7391018867492676,8589934592,1073741824,5050908672,290652160
209,1771648066957,3504,3504,3504,3504,3504,3504,3504,3504,45.976566314697266,45.68545913696289,44.540550231933594,44.34295654296875,44.68013381958008,44.931739807128906,44.26129150390625,45.3580322265625,45.40576934814453,14.285715103149414,20,9.523809432983398,19.047618865966797,0,4.545454502105713,4.545454502105713,0,2.7391018867492676,8589934592,1073741824,5050499072,290652160
206,1771648067167,3504,3504,3504,3504,3504,3504,3504,3504,45.184326171875,44.642372131347656,43.622840881347656,43.416481018066406,43.88645935058594,43.74321746826172,43.35590362548828,44.397125244140625,44.49895095825195,10,20,10,19.047618865966797,0,0,0,0,2.7391018867492676,8589934592,1073741824,5050515456,290652160
209,1771648067373,3504,3504,3504,3504,3504,3504,3504,3504,45.184326171875,44.642372131347656,43.622840881347656,43.416481018066406,43.88645935058594,43.74321746826172,43.35590362548828,44.397125244140625,44.49895095825195,25,14.285715103149414,10,15.000000953674316,0,0,0,0,2.7391018867492676,8589934592,1073741824,5050613760,290652160
209,1771648067583,3504,3504,3504,3504,3504,3504,3504,3504,45.184326171875,44.642372131347656,43.622840881347656,43.416481018066406,43.88645935058594,43.74321746826172,43.35590362548828,44.397125244140625,44.49895095825195,14.285715103149414,14.285715103149414,13.636363983154297,19.047618865966797,0,0,0,0,2.7391018867492676,8589934592,1073741824,5050613760,290652160
204,1771648067793,3504,3504,3504,3504,3504,3504,3504,3504,45.184326171875,44.642372131347656,43.622840881347656,43.416481018066406,43.88645935058594,43.74321746826172,43.35590362548828,44.397125244140625,44.49895095825195,14.285715103149414,13.636363983154297,5,23.809524536132813,0,0,0,0,2.4388279914855957,8589934592,1073741824,5050613760,290652160
209,1771648067998,3504,3504,3504,3504,3504,3504,3504,3504,45.184326171875,44.642372131347656,43.622840881347656,43.416481018066406,43.88645935058594,43.74321746826172,43.35590362548828,44.397125244140625,44.49895095825195,19.047618865966797,15.000000953674316,18.18181800842285,28.571430206298828,0,0,0,0,2.4388279914855957,8589934592,1073741824,5050613760,290652160
200,1771648068208,3504,3504,3504,3504,3504,3504,3504,3504,44.18623352050781,43.860843658447266,42.74781036376953,42.609580993652344,43.04574203491211,43.003868103027344,42.53056335449219,43.56952667236328,43.69064712524414,15.000000953674316,14.285715103149414,5.263157844543457,15.000000953674316,0,0,0,0,2.4388279914855957,8589934592,1073741824,5050531840,290652160
205,1771648068409,3504,3504,3504,3504,3504,3504,3504,3504,44.18623352050781,43.860843658447266,42.74781036376953,42.609580993652344,43.04574203491211,43.003868103027344,42.53056335449219,43.56952667236328,43.69064712524414,33.333335876464844,10.526315689086914,14.285715103149414,23.809524536132813,26.3157901763916,0,0,0,2.4388279914855957,8589934592,1073741824,5050810368,290652160
203,1771648068616,3504,3504,3504,3504,3504,3504,3504,3504,44.18623352050781,43.860843658447266,42.74781036376953,42.609580993652344,43.04574203491211,43.003868103027344,42.53056335449219,43.56952667236328,43.69064712524414,20,19.047618865966797,15.000000953674316,20,18.18181800842285,0,4.761904716491699,0,2.4388279914855957,8589934592,1073741824,5050843136,290652160
200,1771648068820,3504,3504,3504,3504,3504,3504,3504,3504,44.18623352050781,43.860843658447266,42.74781036376953,42.609580993652344,43.04574203491211,43.003868103027344,42.53056335449219,43.56952667236328,43.69064712524414,15.000000953674316,10,19.047618865966797,19.047618865966797,0,0,0,0,2.312690496444702,8589934592,1073741824,5050843136,290652160
209,1771648069021,3504,3504,3504,3504,3504,3504,3504,3504,44.18623352050781,43.860843658447266,42.74781036376953,42.609580993652344,43.04574203491211,43.003868103027344,42.53056335449219,43.56952667236328,43.69064712524414,15.000000953674316,20,15.789472579956055,5.263157844543457,0,0,0,0,2.312690496444702,8589934592,1073741824,5050843136,290652160
208,1771648069231,3504,3504,3504,3504,3504,3504,3504,3504,43.77113723754883,43.6764030456543,42.42665100097656,42.14997100830078,42.524715423583984,42.546913146972656,42.023406982421875,43.0115966796875,43.12175369262695,14.285715103149414,15.000000953674316,22.72727394104004,4.761904716491699,0,0,0,0,2.312690496444702,8589934592,1073741824,5049630720,290652160
209,1771648069440,3504,3504,3504,3504,3504,3504,3504,3504,43.77113723754883,43.6764030456543,42.42665100097656,42.14997100830078,42.524715423583984,42.546913146972656,42.023406982421875,43.0115966796875,43.12175369262695,14.285715103149414,22.72727394104004,19.047618865966797,9.523809432983398,0,0,0,0,2.312690496444702,8589934592,1073741824,5049630720,290652160
205,1771648069650,3504,3504,3504,3504,3504,3504,3504,3504,43.77113723754883,43.6764030456543,42.42665100097656,42.14997100830078,42.524715423583984,42.546913146972656,42.023406982421875,43.0115966796875,43.12175369262695,15.000000953674316,28.571430206298828,9.523809432983398,9.523809432983398,0,0,0,0,2.3595528602600098,8589934592,1073741824,5049597952,290652160
209,1771648069856,3504,3504,3504,3504,3504,3504,3504,3504,43.77113723754883,43.6764030456543,42.42665100097656,42.14997100830078,42.524715423583984,42.546913146972656,42.023406982421875,43.0115966796875,43.12175369262695,19.047618865966797,25,15.000000953674316,14.285715103149414,5,9.523809432983398,5,9.523809432983398,2.3595528602600098,8589934592,1073741824,5050318848,290652160
209,1771648070065,3504,3504,3504,3504,3504,3504,3504,3504,43.77113723754883,43.6764030456543,42.42665100097656,42.14997100830078,42.524715423583984,42.546913146972656,42.023406982421875,43.0115966796875,43.12175369262695,28.571430206298828,28.571430206298828,25,15.000000953674316,19.047618865966797,20,14.285715103149414,14.285715103149414,2.3595528602600098,8589934592,1073741824,5044649984,290652160
209,1771648070276,3504,3504,3504,3504,3504,3504,3504,3504,43.52050018310547,43.34773254394531,42.01140594482422,41.869407653808594,42.11353302001953,42.264427185058594,41.721290588378906,42.90352249145508,42.93728256225586,9.523809432983398,14.285715103149414,13.636363983154297,9.090909004211426,0,4.545454502105713,0,0,2.3595528602600098,8589934592,1073741824,5044633600,290652160
209,1771648070485,3504,3504,3504,3504,3504,3504,3504,3504,43.52050018310547,43.34773254394531,42.01140594482422,41.869407653808594,42.11353302001953,42.264427185058594,41.721290588378906,42.90352249145508,42.93728256225586,15.000000953674316,23.809524536132813,14.285715103149414,5,0,0,0,0,2.3595528602600098,8589934592,1073741824,5044125696,290652160
204,1771648070695,3504,3504,3504,3504,3504,3504,3504,3504,43.52050018310547,43.34773254394531,42.01140594482422,41.869407653808594,42.11353302001953,42.264427185058594,41.721290588378906,42.90352249145508,42.93728256225586,27.272727966308594,19.047618865966797,9.523809432983398,9.523809432983398,0,0,0,0,2.161996603012085,8589934592,1073741824,5044224000,290652160
209,1771648070900,3504,3504,3504,3504,3504,3504,3504,3504,43.52050018310547,43.34773254394531,42.01140594482422,41.869407653808594,42.11353302001953,42.264427185058594,41.721290588378906,42.90352249145508,42.93728256225586,21.052631378173828,23.809524536132813,10,9.523809432983398,0,0,0,0,2.161996603012085,8589934592,1073741824,5044224000,290652160
206,1771648071110,3504,3504,3504,3504,3504,3504,3504,3504,43.52050018310547,43.34773254394531,42.01140594482422,41.869407653808594,42.11353302001953,42.264427185058594,41.721290588378906,42.90352249145508,42.93728256225586,22.72727394104004,15.789472579956055,14.285715103149414,5,0,0,0,0,2.161996603012085,8589934592,1073741824,5044191232,290652160
209,1771648071317,3504,3504,3504,3504,3504,3504,3504,3504,42.868812561035156,42.69853591918945,41.37065887451172,41.236305236816406,41.603065490722656,41.517295837402344,41.20073699951172,42.28998565673828,42.328704833984375,20,28.571430206298828,10,14.285715103149414,0,0,0,0,2.161996603012085,8589934592,1073741824,5044174848,290652160
206,1771648071527,3504,3504,3504,3504,3504,3504,3504,3504,42.868812561035156,42.69853591918945,41.37065887451172,41.236305236816406,41.603065490722656,41.517295837402344,41.20073699951172,42.28998565673828,42.328704833984375,19.047618865966797,28.571430206298828,9.523809432983398,5,0,0,0,0,2.161996603012085,8589934592,1073741824,5044043776,290652160
209,1771648071734,3504,3504,3504,3504,3504,3504,3504,3504,42.868812561035156,42.69853591918945,41.37065887451172,41.236305236816406,41.603065490722656,41.517295837402344,41.20073699951172,42.28998565673828,42.328704833984375,15.000000953674316,28.571430206298828,14.285715103149414,14.285715103149414,0,0,0,0,2.7966432571411133,8589934592,1073741824,5043716096,290652160
209,1771648071943,3504,3504,3504,3504,3504,3504,3504,3504,42.868812561035156,42.69853591918945,41.37065887451172,41.236305236816406,41.603065490722656,41.517295837402344,41.20073699951172,42.28998565673828,42.328704833984375,19.047618865966797,23.809524536132813,9.523809432983398,9.090909004211426,0,0,0,0,2.7966432571411133,8589934592,1073741824,5043716096,290652160
206,1771648072153,3504,3504,3504,3504,3504,3504,3504,3504,42.417869567871094,41.971221923828125,40.83814239501953,40.74394989013672,40.990440368652344,40.88829803466797,40.61412811279297,41.68537521362305,41.80249786376953,23.809524536132813,15.000000953674316,10,9.523809432983398,0,0,0,0,2.7966432571411133,8589934592,1073741824,5043716096,290652160
204,1771648072360,3504,3504,3504,3504,3504,3504,3504,3504,42.417869567871094,41.971221923828125,40.83814239501953,40.74394989013672,40.990440368652344,40.88829803466797,40.61412811279297,41.68537521362305,41.80249786376953,28.571430206298828,14.285715103149414,14.285715103149414,10.526315689086914,0,0,0,0,2.7966432571411133,8589934592,1073741824,5043716096,290652160
205,1771648072565,3504,3504,3504,3504,3504,3504,3504,3504,42.417869567871094,41.971221923828125,40.83814239501953,40.74394989013672,40.990440368652344,40.88829803466797,40.61412811279297,41.68537521362305,41.80249786376953,23.809524536132813,15.000000953674316,14.285715103149414,19.047618865966797,0,0,0,0,2.7966432571411133,8589934592,1073741824,5043716096,290652160
200,1771648072771,3504,3504,3504,3504,3504,3504,3504,3504,42.417869567871094,41.971221923828125,40.83814239501953,40.74394989013672,40.990440368652344,40.88829803466797,40.61412811279297,41.68537521362305,41.80249786376953,21.052631378173828,10,5,14.285715103149414,0,0,0,0,2.058838129043579,8589934592,1073741824,5043634176,290652160
209,1771648072972,3504,3504,3504,3504,3504,3504,3504,3504,42.417869567871094,41.971221923828125,40.83814239501953,40.74394989013672,40.990440368652344,40.88829803466797,40.61412811279297,41.68537521362305,41.80249786376953,28.571430206298828,23.809524536132813,20,21.052631378173828,0,0,0,0,2.058838129043579,8589934592,1073741824,5044109312,290652160
208,1771648073182,3504,3504,3504,3504,3504,3504,3504,3504,42.05487060546875,41.40285110473633,40.439186096191406,40.43583679199219,40.64338302612305,40.532318115234375,40.31903076171875,41.3369140625,41.35090255737305,19.047618865966797,19.047618865966797,10,9.090909004211426,4.545454502105713,0,4.545454502105713,4.545454502105713,2.058838129043579,8589934592,1073741824,5043879936,290652160
209,1771648073390,3504,3504,3504,3504,3504,3504,3504,3504,42.05487060546875,41.40285110473633,40.439186096191406,40.43583679199219,40.64338302612305,40.532318115234375,40.31903076171875,41.3369140625,41.35090255737305,20,19.047618865966797,19.047618865966797,5,0,0,0,0,2.058838129043579,8589934592,1073741824,5043830784,290652160
206,1771648073600,3504,3504,3504,3504,3504,3504,3504,3504,42.05487060546875,41.40285110473633,40.439186096191406,40.43583679199219,40.64338302612305,40.532318115234375,40.31903076171875,41.3369140625,41.35090255737305,19.047618865966797,14.285715103149414,22.72727394104004,14.285715103149414,4.545454502105713,0,0,0,2.058838129043579,8589934592,1073741824,5043519488,290652160
208,1771648073807,3504,3504,3504,3504,3504,3504,3504,3504,42.05487060546875,41.40285110473633,40.439186096191406,40.43583679199219,40.64338302612305,40.532318115234375,40.31903076171875,41.3369140625,41.35090255737305,23.809524536132813,10,15.000000953674316,5,0,0,0,0,1.8048536777496338,8589934592,1073741824,5043519488,290652160
209,1771648074016,3504,3504,3504,3504,3504,3504,3504,3504,42.05487060546875,41.40285110473633,40.439186096191406,40.43583679199219,40.64338302612305,40.532318115234375,40.31903076171875,41.3369140625,41.35090255737305,20,15.000000953674316,23.809524536132813,13.636363983154297,0,0,0,0,1.8048536777496338,8589934592,1073741824,5043519488,290652160
204,1771648074226,3504,3504,3504,3504,3504,3504,3504,3504,41.8658447265625,40.99985885620117,40.089080810546875,40.056175231933594,40.31648635864258,40.16619110107422,39.97081756591797,41.01359176635742,41.06174850463867,15.000000953674316,13.636363983154297,10,5,0,0,0,0,1.8048536777496338,8589934592,1073741824,5037129728,290652160
201,1771648074431,3504,3504,3504,3504,3504,3504,3504,3504,41.8658447265625,40.99985885620117,40.089080810546875,40.056175231933594,40.31648635864258,40.16619110107422,39.97081756591797,41.01359176635742,41.06174850463867,27.272727966308594,15.000000953674316,19.047618865966797,9.523809432983398,0,0,0,0,1.8048536777496338,8589934592,1073741824,5037080576,290652160
207,1771648074633,3504,3504,3504,3504,3504,3504,3504,3504,41.8658447265625,40.99985885620117,40.089080810546875,40.056175231933594,40.31648635864258,40.16619110107422,39.97081756591797,41.01359176635742,41.06174850463867,20,15.000000953674316,20,14.285715103149414,0,0,0,0,1.8048536777496338,8589934592,1073741824,5037096960,290652160
209,1771648074842,3504,3504,3504,3504,3504,3504,3504,3504,41.8658447265625,40.99985885620117,40.089080810546875,40.056175231933594,40.31648635864258,40.16619110107422,39.97081756591797,41.01359176635742,41.06174850463867,20,14.285715103149414,19.047618865966797,5,0,0,0,0,2.4390370845794678,8589934592,1073741824,5037047808,290652160
209,1771648075052,3504,3504,3504,3504,3504,3504,3504,3504,41.8658447265625,40.99985885620117,40.089080810546875,40.056175231933594,40.31648635864258,40.16619110107422,39.97081756591797,41.01359176635742,41.06174850463867,19.047618865966797,14.285715103149414,14.285715103149414,4.761904716491699,4.761904716491699,9.090909004211426,0,0,2.4390370845794678,8589934592,1073741824,5036032000,290652160
208,1771648075262,3504,3504,3504,3504,3504,3504,3504,3504,41.61880874633789,40.763427734375,39.85597229003906,39.69902801513672,40.06930923461914,39.818641662597656,39.662689208984375,40.734012603759766,40.824153900146484,22.72727394104004,13.636363983154297,5,5,0,0,0,0,2.4390370845794678,8589934592,1073741824,5036032000,290652160
201,1771648075471,3504,3504,3504,3504,3504,3504,3504,3504,41.61880874633789,40.763427734375,39.85597229003906,39.69902801513672,40.06930923461914,39.818641662597656,39.662689208984375,40.734012603759766,40.824153900146484,20,5.263157844543457,13.636363983154297,18.18181800842285,0,0,0,0,2.4390370845794678,8589934592,1073741824,5031100416,290652160
209,1771648075673,3504,3504,3504,3504,3504,3504,3504,3504,41.61880874633789,40.763427734375,39.85597229003906,39.69902801513672,40.06930923461914,39.818641662597656,39.662689208984375,40.734012603759766,40.824153900146484,15.000000953674316,19.047618865966797,10,15.000000953674316,0,0,0,0,2.4495368003845215,8589934592,1073741824,5031067648,290652160
209,1771648075883,3504,3504,3504,3504,3504,3504,3504,3504,41.61880874633789,40.763427734375,39.85597229003906,39.69902801513672,40.06930923461914,39.818641662597656,39.662689208984375,40.734012603759766,40.824153900146484,15.000000953674316,10,14.285715103149414,14.285715103149414,0,0,0,0,2.4495368003845215,8589934592,1073741824,5031084032,290652160
209,1771648076093,3504,3504,3504,3504,3504,3504,3504,3504,41.61880874633789,40.763427734375,39.85597229003906,39.69902801513672,40.06930923461914,39.818641662597656,39.662689208984375,40.734012603759766,40.824153900146484,23.809524536132813,28.571430206298828,15.000000953674316,23.809524536132813,9.090909004211426,4.761904716491699,4.761904716491699,0,2.4495368003845215,8589934592,1073741824,5031477248,290652160
207,1771648076303,3504,3504,3504,3504,3504,3504,3504,3504,41.33648681640625,40.53458786010742,39.533729553222656,39.43767547607422,39.85164260864258,39.59394073486328,39.4056396484375,40.43690490722656,40.570045471191406,14.285715103149414,22.72727394104004,9.523809432983398,9.523809432983398,0,0,0,0,2.4495368003845215,8589934592,1073741824,5031559168,290652160
205,1771648076510,3504,3504,3504,3504,3504,3504,3504,3504,41.33648681640625,40.53458786010742,39.533729553222656,39.43767547607422,39.85164260864258,39.59394073486328,39.4056396484375,40.43690490722656,40.570045471191406,30.000001907348633,20,15.000000953674316,20,0,0,0,0,2.4495368003845215,8589934592,1073741824,5031575552,290652160
203,1771648076717,3504,3504,3504,3504,3504,3504,3504,3504,41.33648681640625,40.53458786010742,39.533729553222656,39.43767547607422,39.85164260864258,39.59394073486328,39.4056396484375,40.43690490722656,40.570045471191406,23.809524536132813,10,13.636363983154297,9.523809432983398,0,0,0,0,1.8628603219985962,8589934592,1073741824,5031575552,290652160
208,1771648076920,3504,3504,3504,3504,3504,3504,3504,3504,41.33648681640625,40.53458786010742,39.533729553222656,39.43767547607422,39.85164260864258,39.59394073486328,39.4056396484375,40.43690490722656,40.570045471191406,28.571430206298828,10,10.526315689086914,0,0,0,0,0,1.8628603219985962,8589934592,1073741824,5031624704,290652160
209,1771648077129,3504,3504,3504,3504,3504,3504,3504,3504,41.33648681640625,40.53458786010742,39.533729553222656,39.43767547607422,39.85164260864258,39.59394073486328,39.4056396484375,40.43690490722656,40.570045471191406,28.571430206298828,14.285715103149414,14.285715103149414,9.523809432983398,0,0,0,0,1.8628603219985962,8589934592,1073741824,5031575552,290652160
200,1771648077339,3504,3504,3504,3504,3504,3504,3504,3504,40.8494987487793,40.3216438293457,39.23944091796875,39.182640075683594,39.50962448120117,39.30897521972656,39.076255798339844,40.13985061645508,40.21149826049805,28.571430206298828,25,19.047618865966797,19.047618865966797,0,0,0,0,1.8628603219985962,8589934592,1073741824,5033066496,290652160
209,1771648077540,3504,3504,3504,3504,3504,3504,3504,3504,40.8494987487793,40.3216438293457,39.23944091796875,39.182640075683594,39.50962448120117,39.30897521972656,39.076255798339844,40.13985061645508,40.21149826049805,31.57894515991211,40.90909194946289,25,19.047618865966797,15.000000953674316,14.285715103149414,5,0,1.8628603219985962,8589934592,1073741824,5040734208,290652160
199,1771648077751,3504,3504,3504,3504,3504,3504,3504,3504,40.8494987487793,40.3216438293457,39.23944091796875,39.182640075683594,39.50962448120117,39.30897521972656,39.076255798339844,40.13985061645508,40.21149826049805,18.18181800842285,0,9.090909004211426,0,0,0,0,4.545454502105713,2.4976961612701416,8589934592,1073741824,5040914432,290652160
209,1771648077951,3504,3504,3504,3504,3504,3504,3504,3504,40.8494987487793,40.3216438293457,39.23944091796875,39.182640075683594,39.50962448120117,39.30897521972656,39.076255798339844,40.13985061645508,40.21149826049805,15.000000953674316,15.000000953674316,26.3157901763916,9.523809432983398,0,0,0,0,2.4976961612701416,8589934592,1073741824,5040914432,290652160
209,1771648078161,3504,3504,3504,3504,3504,3504,3504,3504,41.1202392578125,40.70528030395508,39.4842529296875,39.414329528808594,39.43669128417969,39.39299011230469,39.16210174560547,40.316368103027344,40.40970993041992,33.333335876464844,28.571430206298828,35,23.809524536132813,20,19.047618865966797,14.285715103149414,14.285715103149414,2.4976961612701416,8589934592,1073741824,5040914432,290652160
209,1771648078371,3504,3504,3504,3504,3504,3504,3504,3504,41.1202392578125,40.70528030395508,39.4842529296875,39.414329528808594,39.43669128417969,39.39299011230469,39.16210174560547,40.316368103027344,40.40970993041992,10.526315689086914,15.000000953674316,22.72727394104004,9.523809432983398,13.636363983154297,9.090909004211426,5,0,2.4976961612701416,8589934592,1073741824,5040914432,290652160
205,1771648078581,3504,3504,3504,3504,3504,3504,3504,3504,41.1202392578125,40.70528030395508,39.4842529296875,39.414329528808594,39.43669128417969,39.39299011230469,39.16210174560547,40.316368103027344,40.40970993041992,18.18181800842285,18.18181800842285,23.809524536132813,9.523809432983398,38.095237731933594,0,0,0,2.4976961612701416,8589934592,1073741824,5003378688,290652160
209,1771648078787,3504,3504,3504,3504,3504,3504,3504,3504,41.1202392578125,40.70528030395508,39.4842529296875,39.414329528808594,39.43669128417969,39.39299011230469,39.16210174560547,40.316368103027344,40.40970993041992,33.333335876464844,26.3157901763916,40,20,10,10,9.523809432983398,10,1.9674997329711914,8589934592,1073741824,5003149312,290652160
202,1771648078997,3504,3504,3504,3504,3504,3504,3504,3504,41.1202392578125,40.70528030395508,39.4842529296875,39.414329528808594,39.43669128417969,39.39299011230469,39.16210174560547,40.316368103027344,40.40970993041992,5,13.636363983154297,19.047618865966797,4.761904716491699,4.545454502105713,4.545454502105713,4.761904716491699,4.545454502105713,1.9674997329711914,8589934592,1073741824,5003149312,290652160
203,1771648079200,3504,3504,3504,3504,3504,3504,3504,3504,41.67259216308594,41.145843505859375,39.93451690673828,39.819480895996094,39.874969482421875,39.82167053222656,39.5587158203125,40.73320770263672,40.822818756103516,20,15.789472579956055,20,10,0,0,0,0,1.9674997329711914,8589934592,1073741824,5003165696,290652160
209,1771648079404,3504,3504,3504,3504,3504,3504,3504,3504,41.67259216308594,41.145843505859375,39.93451690673828,39.819480895996094,39.874969482421875,39.82167053222656,39.5587158203125,40.73320770263672,40.822818756103516,10,14.285715103149414,20,5,0,0,0,0,1.9674997329711914,8589934592,1073741824,5003165696,290652160
203,1771648079614,3504,3504,3504,3504,3504,3504,3504,3504,41.67259216308594,41.145843505859375,39.93451690673828,39.819480895996094,39.874969482421875,39.82167053222656,39.5587158203125,40.73320770263672,40.822818756103516,14.285715103149414,13.636363983154297,23.809524536132813,4.761904716491699,0,0,0,0,1.9674997329711914,8589934592,1073741824,5003149312,290652160
209,1771648079819,3504,3504,3504,3504,3504,3504,3504,3504,41.67259216308594,41.145843505859375,39.93451690673828,39.819480895996094,39.874969482421875,39.82167053222656,39.5587158203125,40.73320770263672,40.822818756103516,15.000000953674316,20,23.809524536132813,14.285715103149414,0,0,0,0,2.4634363651275635,8589934592,1073741824,5003165696,290652160
210,1771648080028,3504,3504,3504,3504,3504,3504,3504,3504,41.67259216308594,41.145843505859375,39.93451690673828,39.819480895996094,39.874969482421875,39.82167053222656,39.5587158203125,40.73320770263672,40.822818756103516,23.809524536132813,15.000000953674316,23.809524536132813,19.047618865966797,0,0,0,0,2.4634363651275635,8589934592,1073741824,5012258816,290652160
209,1771648080239,3504,3504,3504,3504,3504,3504,3504,3504,40.39774703979492,40.0734977722168,38.91856384277344,38.851097106933594,39.13649368286133,38.937889099121094,38.737388610839844,39.823612213134766,39.8841552734375,14.285715103149414,13.636363983154297,14.285715103149414,15.000000953674316,0,4.761904716491699,4.761904716491699,0,2.4634363651275635,8589934592,1073741824,5012258816,290652160
209,1771648080449,3504,3504,3504,3504,3504,3504,3504,3504,40.39774703979492,40.0734977722168,38.91856384277344,38.851097106933594,39.13649368286133,38.937889099121094,38.737388610839844,39.823612213134766,39.8841552734375,18.18181800842285,10,19.047618865966797,13.636363983154297,0,0,0,0,2.4634363651275635,8589934592,1073741824,5012258816,290652160
201,1771648080659,3504,3504,3504,3504,3504,3504,3504,3504,40.39774703979492,40.0734977722168,38.91856384277344,38.851097106933594,39.13649368286133,38.937889099121094,38.737388610839844,39.823612213134766,39.8841552734375,15.000000953674316,14.285715103149414,19.047618865966797,14.285715103149414,0,0,0,0,3.160679578781128,8589934592,1073741824,5011505152,290652160
209,1771648080860,3504,3504,3504,3504,3504,3504,3504,3504,40.39774703979492,40.0734977722168,38.91856384277344,38.851097106933594,39.13649368286133,38.937889099121094,38.737388610839844,39.823612213134766,39.8841552734375,20,10,20,15.000000953674316,0,0,0,0,3.160679578781128,8589934592,1073741824,5010014208,290652160
209,1771648081071,3504,3504,3504,3504,3504,3504,3504,3504,40.39774703979492,40.0734977722168,38.91856384277344,38.851097106933594,39.13649368286133,38.937889099121094,38.737388610839844,39.823612213134766,39.8841552734375,14.285715103149414,10,14.285715103149414,15.000000953674316,9.090909004211426,4.545454502105713,0,0,3.160679578781128,8589934592,1073741824,5010915328,290652160
202,1771648081280,3504,3504,3504,3504,3504,3504,3504,3504,40.09206771850586,39.85578536987305,38.607139587402344,38.562034606933594,38.8371696472168,38.53533172607422,38.473236083984375,39.53907775878906,39.57481002807617,14.285715103149414,18.18181800842285,19.047618865966797,9.523809432983398,0,0,0,0,3.160679578781128,8589934592,1073741824,5008408576,290652160
208,1771648081483,3504,3504,3504,3504,3504,3504,3504,3504,40.09206771850586,39.85578536987305,38.607139587402344,38.562034606933594,38.8371696472168,38.53533172607422,38.473236083984375,39.53907775878906,39.57481002807617,15.000000953674316,20,15.789472579956055,9.523809432983398,0,0,0,0,3.160679578781128,8589934592,1073741824,5008408576,290652160
207,1771648081692,3504,3504,3504,3504,3504,3504,3504,3504,40.09206771850586,39.85578536987305,38.607139587402344,38.562034606933594,38.8371696472168,38.53533172607422,38.473236083984375,39.53907775878906,39.57481002807617,15.000000953674316,19.047618865966797,18.18181800842285,5,0,0,0,0,2.221144437789917,8589934592,1073741824,5008228352,290652160
209,1771648081900,3504,3504,3504,3504,3504,3504,3504,3504,40.09206771850586,39.85578536987305,38.607139587402344,38.562034606933594,38.8371696472168,38.53533172607422,38.473236083984375,39.53907775878906,39.57481002807617,19.047618865966797,20,20,9.523809432983398,0,0,0,0,2.221144437789917,8589934592,1073741824,5008228352,290652160
206,1771648082110,3504,3504,3504,3504,3504,3504,3504,3504,40.09206771850586,39.85578536987305,38.607139587402344,38.562034606933594,38.8371696472168,38.53533172607422,38.473236083984375,39.53907775878906,39.57481002807617,22.72727394104004,22.72727394104004,19.047618865966797,9.523809432983398,0,0,0,0,2.221144437789917,8589934592,1073741824,5008211968,290652160
209,1771648082317,3504,3504,3504,3504,3504,3504,3504,3504,39.89077377319336,39.5655403137207,38.32617950439453,38.253761291503906,38.63472366333008,38.2603759765625,38.23017883300781,39.246665954589844,39.30613327026367,15.789472579956055,21.052631378173828,19.047618865966797,9.523809432983398,0,0,0,0,2.221144437789917,8589934592,1073741824,5008211968,290652160
206,1771648082526,3504,3504,3504,3504,3504,3504,3504,3504,39.89077377319336,39.5655403137207,38.32617950439453,38.253761291503906,38.63472366333008,38.2603759765625,38.23017883300781,39.246665954589844,39.30613327026367,45.45454788208008,33.333335876464844,23.809524536132813,28.571430206298828,0,0,0,0,2.221144437789917,8589934592,1073741824,5008211968,290652160
205,1771648082733,3504,3504,3504,3504,3504,3504,3504,3504,39.89077377319336,39.5655403137207,38.32617950439453,38.253761291503906,38.63472366333008,38.2603759765625,38.23017883300781,39.246665954589844,39.30613327026367,10,28.571430206298828,10,5,0,0,0,0,2.210721015930176,8589934592,1073741824,5008588800,290652160
207,1771648082940,3504,3504,3504,3504,3504,3504,3504,3504,39.89077377319336,39.5655403137207,38.32617950439453,38.253761291503906,38.63472366333008,38.2603759765625,38.23017883300781,39.246665954589844,39.30613327026367,19.047618865966797,23.809524536132813,14.285715103149414,9.523809432983398,0,0,0,0,2.210721015930176,8589934592,1073741824,5008556032,290652160
209,1771648083148,3504,3504,3504,3504,3504,3504,3504,3504,39.89077377319336,39.41071701049805,38.20539093017578,38.05223083496094,38.445838928222656,38.06278991699219,38.029998779296875,39.10918045043945,39.17225646972656,19.047618865966797,15.000000953674316,10,15.000000953674316,0,0,0,0,2.210721015930176,8589934592,1073741824,5008572416,290652160
208,1771648083358,3504,3504,3504,3504,3504,3504,3504,3504,39.81694793701172,39.41071701049805,38.20539093017578,38.05223083496094,38.445838928222656,38.06278991699219,38.029998779296875,39.10918045043945,39.17225646972656,23.809524536132813,14.285715103149414,19.047618865966797,14.285715103149414,0,0,0,0,2.210721015930176,8589934592,1073741824,5008572416,290652160
205,1771648083567,3504,3504,3504,3504,3504,3504,3504,3504,39.81694793701172,39.41071701049805,38.20539093017578,38.05223083496094,38.445838928222656,38.06278991699219,38.029998779296875,39.10918045043945,39.17225646972656,10,19.047618865966797,19.047618865966797,4.761904716491699,0,0,0,0,2.210721015930176,8589934592,1073741824,5008572416,290652160
209,1771648083773,3504,3504,3504,3504,3504,3504,3504,3504,39.81694793701172,39.41071701049805,38.20539093017578,38.05223083496094,38.445838928222656,38.06278991699219,38.029998779296875,39.10918045043945,39.17225646972656,14.285715103149414,20,15.000000953674316,10,0,0,0,0,1.9562640190124512,8589934592,1073741824,5008375808,290652160
207,1771648083983,3504,3504,3504,3504,3504,3504,3504,3504,39.81694793701172,39.41071701049805,38.20539093017578,38.05223083496094,38.445838928222656,38.06278991699219,38.029998779296875,39.10918045043945,39.17225646972656,20,19.047618865966797,13.636363983154297,9.090909004211426,0,0,0,0,1.9562640190124512,8589934592,1073741824,5008375808,290652160
208,1771648084191,3504,3504,3504,3504,3504,3504,3504,3504,39.75244140625,39.248802185058594,38.02391052246094,37.88743591308594,38.33760452270508,37.862762451171875,37.91545104980469,38.95050811767578,38.97392272949219,19.047618865966797,22.72727394104004,14.285715103149414,5,0,0,0,0,1.9562640190124512,8589934592,1073741824,5008375808,290652160
209,1771648084400,3504,3504,3504,3504,3504,3504,3504,3504,39.75244140625,39.248802185058594,38.02391052246094,37.88743591308594,38.33760452270508,37.862762451171875,37.91545104980469,38.95050811767578,38.97392272949219,28.571430206298828,20,10,14.285715103149414,5,5,9.090909004211426,0,1.9562640190124512,8589934592,1073741824,5008375808,290652160
209,1771648084610,3504,3504,3504,3504,3504,3504,3504,3504,39.75244140625,39.248802185058594,38.02391052246094,37.88743591308594,38.33760452270508,37.862762451171875,37.91545104980469,38.95050811767578,38.97392272949219,19.047618865966797,23.809524536132813,18.18181800842285,9.523809432983398,0,0,0,0,1.9562640190124512,8589934592,1073741824,5008375808,290652160
209,1771648084819,3504,3504,3504,3504,3504,3504,3504,3504,39.75244140625,39.248802185058594,38.02391052246094,37.88743591308594,38.33760452270508,37.862762451171875,37.91545104980469,38.95050811767578,38.97392272949219,25,15.000000953674316,20,14.285715103149414,4.761904716491699,4.761904716491699,4.761904716491699,9.090909004211426,2.5179882049560547,8589934592,1073741824,5004935168,290652160
203,1771648085030,3504,3504,3504,3504,3504,3504,3504,3504,39.75244140625,39.248802185058594,38.02391052246094,37.88743591308594,38.33760452270508,37.862762451171875,37.91545104980469,38.95050811767578,38.97392272949219,19.047618865966797,18.18181800842285,14.285715103149414,9.523809432983398,4.545454502105713,0,0,0,2.5179882049560547,8589934592,1073741824,5004951552,290652160
207,1771648085234,3504,3504,3504,3504,3504,3504,3504,3504,39.78296661376953,39.2988395690918,38.022499084472656,37.94285583496094,38.279510498046875,37.84705352783203,37.90668487548828,38.95327377319336,38.99175262451172,14.285715103149414,15.000000953674316,15.000000953674316,5,5,0,0,0,2.5179882049560547,8589934592,1073741824,5004967936,290652160
209,1771648085442,3504,3504,3504,3504,3504,3504,3504,3504,39.78296661376953,39.2988395690918,38.022499084472656,37.94285583496094,38.279510498046875,37.84705352783203,37.90668487548828,38.95327377319336,38.99175262451172,20,14.285715103149414,23.809524536132813,9.523809432983398,4.761904716491699,5,4.761904716491699,4.761904716491699,2.5179882049560547,8589934592,1073741824,5005000704,290652160
199,1771648085652,3504,3504,3504,3504,3504,3504,3504,3504,39.78296661376953,39.2988395690918,38.022499084472656,37.94285583496094,38.279510498046875,37.84705352783203,37.90668487548828,38.95327377319336,38.99175262451172,22.72727394104004,5,14.285715103149414,9.523809432983398,0,0,0,0,2.0141382217407227,8589934592,1073741824,5005099008,290652160
209,1771648085852,3504,3504,3504,3504,3504,3504,3504,3504,39.78296661376953,39.2988395690918,38.022499084472656,37.94285583496094,38.279510498046875,37.84705352783203,37.90668487548828,38.95327377319336,38.99175262451172,21.052631378173828,15.000000953674316,15.000000953674316,5.263157844543457,0,0,0,0,2.0141382217407227,8589934592,1073741824,5005164544,290652160
209,1771648086062,3504,3504,3504,3504,3504,3504,3504,3504,39.78296661376953,39.2988395690918,38.022499084472656,37.94285583496094,38.279510498046875,37.84705352783203,37.90668487548828,38.95327377319336,38.99175262451172,31.81818199157715,15.000000953674316,14.285715103149414,13.636363983154297,0,0,0,0,2.0141382217407227,8589934592,1073741824,5005164544,290652160
209,1771648086272,3504,3504,3504,3504,3504,3504,3504,3504,39.5573616027832,39.07017135620117,37.836280822753906,37.719581604003906,38.08232498168945,37.63451385498047,37.78349304199219,38.789955139160156,38.80157470703125,25,14.285715103149414,5,4.761904716491699,0,0,0,0,2.0141382217407227,8589934592,1073741824,5005148160,290652160
201,1771648086482,3504,3504,3504,3504,3504,3504,3504,3504,39.5573616027832,39.07017135620117,37.836280822753906,37.719581604003906,38.08232498168945,37.63451385498047,37.78349304199219,38.789955139160156,38.80157470703125,23.809524536132813,18.18181800842285,14.285715103149414,5,0,0,0,0,2.0141382217407227,8589934592,1073741824,5005180928,290652160
204,1771648086685,3504,3504,3504,3504,3504,3504,3504,3504,39.5573616027832,39.07017135620117,37.836280822753906,37.719581604003906,38.08232498168945,37.63451385498047,37.78349304199219,38.789955139160156,38.80157470703125,20,10.526315689086914,19.047618865966797,14.285715103149414,0,0,0,0,2.523439645767212,8589934592,1073741824,5005180928,290652160
209,1771648086889,3504,3504,3504,3504,3504,3504,3504,3504,39.5573616027832,39.07017135620117,37.836280822753906,37.719581604003906,38.08232498168945,37.63451385498047,37.78349304199219,38.789955139160156,38.80157470703125,23.809524536132813,14.285715103149414,15.000000953674316,5,0,0,0,0,2.523439645767212,8589934592,1073741824,5005213696,290652160
204,1771648087099,3504,3504,3504,3504,3504,3504,3504,3504,39.5573616027832,39.07017135620117,37.836280822753906,37.719581604003906,38.08232498168945,37.63451385498047,37.78349304199219,38.789955139160156,38.80157470703125,25,27.272727966308594,28.571430206298828,19.047618865966797,0,0,0,0,2.523439645767212,8589934592,1073741824,5007998976,290652160
209,1771648087304,3504,3504,3504,3504,3504,3504,3504,3504,39.23931121826172,38.853878021240234,37.65362548828125,37.471702575683594,37.88676452636719,37.382545471191406,37.55809783935547,38.56949996948242,38.58650207519531,35,36.842105865478516,25,55,0,0,0,0,2.523439645767212,8589934592,1073741824,5007835136,290652160
208,1771648087514,3504,3504,3504,3504,3504,3504,3504,3504,39.23931121826172,38.853878021240234,37.65362548828125,37.471702575683594,37.88676452636719,37.382545471191406,37.55809783935547,38.56949996948242,38.58650207519531,18.18181800842285,18.18181800842285,19.047618865966797,13.636363983154297,0,0,0,0,2.523439645767212,8589934592,1073741824,5007572992,290652160
202,1771648087723,3504,3504,3504,3504,3504,3504,3504,3504,39.23931121826172,38.853878021240234,37.65362548828125,37.471702575683594,37.88676452636719,37.382545471191406,37.55809783935547,38.56949996948242,38.58650207519531,23.809524536132813,14.285715103149414,19.047618865966797,5,0,0,0,0,2.3487985134124756,8589934592,1073741824,5007638528,290652160
205,1771648087927,3504,3504,3504,3504,3504,3504,3504,3504,39.23931121826172,38.853878021240234,37.65362548828125,37.471702575683594,37.88676452636719,37.382545471191406,37.55809783935547,38.56949996948242,38.58650207519531,21.052631378173828,15.789472579956055,15.000000953674316,15.000000953674316,0,0,0,0,2.3487985134124756,8589934592,1073741824,5007900672,290652160
204,1771648088133,3504,3504,3504,3504,3504,3504,3504,3504,39.23931121826172,38.853878021240234,37.65362548828125,37.471702575683594,37.88676452636719,37.382545471191406,37.55809783935547,38.56949996948242,38.58650207519531,30.000001907348633,23.809524536132813,19.047618865966797,14.285715103149414,0,0,0,0,2.3487985134124756,8589934592,1073741824,5008162816,290652160
208,1771648088339,3504,3504,3504,3504,3504,3504,3504,3504,39.14504623413086,38.73550033569336,37.47773742675781,37.433441162109375,37.774696350097656,37.23584747314453,37.41609191894531,38.42137908935547,38.5316276550293,23.809524536132813,20,5.263157844543457,5,0,0,0,0,2.3487985134124756,8589934592,1073741824,5008244736,290652160
208,1771648088548,3504,3504,3504,3504,3504,3504,3504,3504,39.14504623413086,38.73550033569336,37.47773742675781,37.433441162109375,37.774696350097656,37.23584747314453,37.41609191894531,38.42137908935547,38.5316276550293,33.333335876464844,28.571430206298828,22.72727394104004,14.285715103149414,40.90909194946289,0,0,0,2.3487985134124756,8589934592,1073741824,5008244736,290652160
209,1771648088757,3504,3504,3504,3504,3504,3504,3504,3504,39.14504623413086,38.73550033569336,37.47773742675781,37.433441162109375,37.774696350097656,37.23584747314453,37.41609191894531,38.42137908935547,38.5316276550293,23.809524536132813,19.047618865966797,9.523809432983398,5,0,0,0,0,1.840830683708191,8589934592,1073741824,5008244736,290652160
205,1771648088967,3504,3504,3504,3504,3504,3504,3504,3504,39.14504623413086,38.73550033569336,37.47773742675781,37.433441162109375,37.774696350097656,37.23584747314453,37.41609191894531,38.42137908935547,38.5316276550293,19.047618865966797,23.809524536132813,9.523809432983398,9.090909004211426,0,0,0,0,1.840830683708191,8589934592,1073741824,5008769024,290652160
199,1771648089173,3504,3504,3504,3504,3504,3504,3504,3504,39.1984977722168,39.0155143737793,37.6585693359375,37.44398498535156,37.786659240722656,37.20197296142578,37.39076232910156,38.38690948486328,38.48542404174805,23.809524536132813,23.809524536132813,10,5,0,0,0,0,1.840830683708191,8589934592,1073741824,5008785408,290652160
203,1771648089373,3504,3504,3504,3504,3504,3504,3504,3504,39.1984977722168,39.0155143737793,37.6585693359375,37.44398498535156,37.786659240722656,37.20197296142578,37.39076232910156,38.38690948486328,38.48542404174805,15.000000953674316,16.666667938232422,10,15.000000953674316,0,0,0,0,1.840830683708191,8589934592,1073741824,5008785408,290652160
206,1771648089577,3504,3504,3504,3504,3504,3504,3504,3504,39.1984977722168,39.0155143737793,37.6585693359375,37.44398498535156,37.786659240722656,37.20197296142578,37.39076232910156,38.38690948486328,38.48542404174805,15.789472579956055,19.047618865966797,15.000000953674316,19.047618865966797,0,0,0,0,1.840830683708191,8589934592,1073741824,5008818176,290652160
206,1771648089783,3504,3504,3504,3504,3504,3504,3504,3504,39.1984977722168,39.0155143737793,37.6585693359375,37.44398498535156,37.786659240722656,37.20197296142578,37.39076232910156,38.38690948486328,38.48542404174805,13.636363983154297,23.809524536132813,9.523809432983398,10,0,0,0,0,2.6833999156951904,8589934592,1073741824,5008818176,290652160
209,1771648089990,3504,3504,3504,3504,3504,3504,3504,3504,39.1984977722168,39.0155143737793,37.6585693359375,37.44398498535156,37.786659240722656,37.20197296142578,37.39076232910156,38.38690948486328,38.48542404174805,5.263157844543457,15.000000953674316,5,14.285715103149414,0,0,0,0,2.6833999156951904,8589934592,1073741824,5008818176,290652160
209,1771648090200,3504,3504,3504,3504,3504,3504,3504,3504,38.91285705566406,38.54740524291992,37.362266540527344,37.104347229003906,37.579166412353516,37.0216064453125,37.22570037841797,38.246158599853516,38.3253173828125,19.047618865966797,23.809524536132813,13.636363983154297,14.285715103149414,0,4.761904716491699,4.761904716491699,0,2.6833999156951904,8589934592,1073741824,5008703488,290652160
209,1771648090410,3504,3504,3504,3504,3504,3504,3504,3504,38.91285705566406,38.54740524291992,37.362266540527344,37.104347229003906,37.579166412353516,37.0216064453125,37.22570037841797,38.246158599853516,38.3253173828125,10,14.285715103149414,14.285715103149414,19.047618865966797,0,0,0,0,2.6833999156951904,8589934592,1073741824,5008703488,290652160
199,1771648090620,3504,3504,3504,3504,3504,3504,3504,3504,38.91285705566406,38.54740524291992,37.362266540527344,37.104347229003906,37.579166412353516,37.0216064453125,37.22570037841797,38.246158599853516,38.3253173828125,18.18181800842285,13.636363983154297,15.000000953674316,14.285715103149414,0,0,0,0,2.6833999156951904,8589934592,1073741824,5008687104,290652160
204,1771648090820,3504,3504,3504,3504,3504,3504,3504,3504,38.91285705566406,38.54740524291992,37.362266540527344,37.104347229003906,37.579166412353516,37.0216064453125,37.22570037841797,38.246158599853516,38.3253173828125,10.526315689086914,11.111111640930176,15.789472579956055,15.789472579956055,0,0,0,0,2.7062973976135254,8589934592,1073741824,5008687104,290652160
200,1771648091025,3504,3504,3504,3504,3504,3504,3504,3504,38.91285705566406,38.54740524291992,37.362266540527344,37.104347229003906,37.579166412353516,37.0216064453125,37.22570037841797,38.246158599853516,38.3253173828125,23.809524536132813,22.72727394104004,14.285715103149414,20,0,0,0,0,2.7062973976135254,8589934592,1073741824,4991107072,290652160
206,1771648091227,3504,3504,3504,3504,3504,3504,3504,3504,38.844154357910156,38.37724685668945,37.237831115722656,37.03725051879883,37.49655532836914,36.861488342285156,37.1307373046875,38.12054443359375,38.16087341308594,20,20,9.523809432983398,15.000000953674316,0,0,0,0,2.7062973976135254,8589934592,1073741824,4990959616,290652160
199,1771648091433,3504,3504,3504,3504,3504,3504,3504,3504,38.844154357910156,38.37724685668945,37.237831115722656,37.03725051879883,37.49655532836914,36.861488342285156,37.1307373046875,38.12054443359375,38.16087341308594,14.285715103149414,20,10,19.047618865966797,0,0,0,0,2.7062973976135254,8589934592,1073741824,4990943232,290652160
209,1771648091634,3504,3504,3504,3504,3504,3504,3504,3504,38.844154357910156,38.37724685668945,37.237831115722656,37.03725051879883,37.49655532836914,36.861488342285156,37.1307373046875,38.12054443359375,38.16087341308594,10.526315689086914,15.789472579956055,10,23.809524536132813,0,0,0,0,2.7062973976135254,8589934592,1073741824,4990959616,290652160
201,1771648091844,3504,3504,3504,3504,3504,3504,3504,3504,38.844154357910156,38.37724685668945,37.237831115722656,37.03725051879883,37.49655532836914,36.861488342285156,37.1307373046875,38.12054443359375,38.16087341308594,9.523809432983398,22.72727394104004,9.523809432983398,14.285715103149414,0,0,0,0,2.2346420288085938,8589934592,1073741824,4990861312,290652160
204,1771648092045,3504,3504,3504,3504,3504,3504,3504,3504,38.844154357910156,38.37724685668945,37.237831115722656,37.03725051879883,37.49655532836914,36.861488342285156,37.1307373046875,38.12054443359375,38.16087341308594,19.047618865966797,23.809524536132813,10.526315689086914,20,0,0,0,0,2.2346420288085938,8589934592,1073741824,4990861312,290652160
202,1771648092250,3504,3504,3504,3504,3504,3504,3504,3504,38.791847229003906,38.24842834472656,37.01947784423828,37.009063720703125,37.40918731689453,36.73435974121094,37.033729553222656,38.00105285644531,38.05440902709961,47.619049072265625,30.000001907348633,28.571430206298828,31.57894515991211,0,0,0,0,2.2346420288085938,8589934592,1073741824,4991254528,290652160
209,1771648092453,3504,3504,3504,3504,3504,3504,3504,3504,38.791847229003906,38.24842834472656,37.01947784423828,37.009063720703125,37.40918731689453,36.73435974121094,37.033729553222656,38.00105285644531,38.05440902709961,21.052631378173828,20,15.000000953674316,14.285715103149414,0,0,0,0,2.2346420288085938,8589934592,1073741824,4991270912,290652160
203,1771648092663,3504,3504,3504,3504,3504,3504,3504,3504,38.791847229003906,38.24842834472656,37.01947784423828,37.009063720703125,37.40918731689453,36.73435974121094,37.033729553222656,38.00105285644531,38.05440902709961,23.809524536132813,20,18.18181800842285,9.523809432983398,0,0,0,0,2.267611265182495,8589934592,1073741824,4991205376,290652160
205,1771648092867,3504,3504,3504,3504,3504,3504,3504,3504,38.791847229003906,38.24842834472656,37.01947784423828,37.009063720703125,37.40918731689453,36.73435974121094,37.033729553222656,38.00105285644531,38.05440902709961,14.285715103149414,30.000001907348633,10,10,0,0,0,0,2.267611265182495,8589934592,1073741824,4991205376,290652160
209,1771648093073,3504,3504,3504,3504,3504,3504,3504,3504,38.791847229003906,38.24842834472656,37.01947784423828,37.009063720703125,37.40918731689453,36.73435974121094,37.033729553222656,38.00105285644531,38.05440902709961,15.000000953674316,28.571430206298828,10,10,0,0,0,0,2.267611265182495,8589934592,1073741824,4991369216,290652160
199,1771648093283,3504,3504,3504,3504,3504,3504,3504,3504,38.751277923583984,38.17923355102539,36.99004364013672,36.96550369262695,37.30818557739258,36.651641845703125,36.98015594482422,37.9354362487793,37.96450424194336,19.047618865966797,14.285715103149414,23.809524536132813,9.090909004211426,14.285715103149414,14.285715103149414,4.761904716491699,4.761904716491699,2.267611265182495,8589934592,1073741824,4992532480,290652160
206,1771648093483,3504,3504,3504,3504,3504,3504,3504,3504,38.751277923583984,38.17923355102539,36.99004364013672,36.96550369262695,37.30818557739258,36.651641845703125,36.98015594482422,37.9354362487793,37.96450424194336,20,15.000000953674316,15.789472579956055,5.263157844543457,0,0,0,0,2.267611265182495,8589934592,1073741824,4992598016,290652160
207,1771648093690,3504,3504,3504,3504,3504,3504,3504,3504,38.751277923583984,38.17923355102539,36.99004364013672,36.96550369262695,37.30818557739258,36.651641845703125,36.98015594482422,37.9354362487793,37.96450424194336,23.809524536132813,14.285715103149414,22.72727394104004,14.285715103149414,0,0,0,0,1.9336140155792236,8589934592,1073741824,4992352256,290652160
207,1771648093898,3504,3504,3504,3504,3504,3504,3504,3504,38.751277923583984,38.17923355102539,36.99004364013672,36.96550369262695,37.30818557739258,36.651641845703125,36.98015594482422,37.9354362487793,37.96450424194336,10.526315689086914,10,14.285715103149414,14.285715103149414,0,0,0,0,1.9336140155792236,8589934592,1073741824,4992352256,290652160
209,1771648094106,3504,3504,3504,3504,3504,3504,3504,3504,38.751277923583984,38.17923355102539,36.99004364013672,36.96550369262695,37.30818557739258,36.651641845703125,36.98015594482422,37.9354362487793,37.96450424194336,18.18181800842285,15.000000953674316,15.000000953674316,19.047618865966797,0,0,0,0,1.9336140155792236,8589934592,1073741824,4992434176,290652160
209,1771648094316,3504,3504,3504,3504,3504,3504,3504,3504,38.68012237548828,38.12785720825195,36.981201171875,36.91039276123047,37.206661224365234,36.59221267700195,36.87651443481445,37.88212203979492,37.97103500366211,15.000000953674316,18.18181800842285,19.047618865966797,15.000000953674316,0,0,0,0,1.9336140155792236,8589934592,1073741824,4992434176,290652160
204,1771648094526,3504,3504,3504,3504,3504,3504,3504,3504,38.68012237548828,38.12785720825195,36.981201171875,36.91039276123047,37.206661224365234,36.59221267700195,36.87651443481445,37.88212203979492,37.97103500366211,14.285715103149414,9.523809432983398,15.000000953674316,18.18181800842285,0,0,0,0,1.9336140155792236,8589934592,1073741824,4992434176,290652160
208,1771648094731,3504,3504,3504,3504,3504,3504,3504,3504,38.68012237548828,38.12785720825195,36.981201171875,36.91039276123047,37.206661224365234,36.59221267700195,36.87651443481445,37.88212203979492,37.97103500366211,19.047618865966797,19.047618865966797,23.809524536132813,19.047618865966797,0,0,0,0,2.5681838989257813,8589934592,1073741824,4992434176,290652160
201,1771648094940,3504,3504,3504,3504,3504,3504,3504,3504,38.68012237548828,38.12785720825195,36.981201171875,36.91039276123047,37.206661224365234,36.59221267700195,36.87651443481445,37.88212203979492,37.97103500366211,15.000000953674316,15.000000953674316,19.047618865966797,5,0,0,0,0,2.5681838989257813,8589934592,1073741824,4992434176,290652160
209,1771648095142,3504,3504,3504,3504,3504,3504,3504,3504,38.68012237548828,38.12785720825195,36.981201171875,36.91039276123047,37.206661224365234,36.59221267700195,36.87651443481445,37.89501190185547,37.974388122558594,28.571430206298828,25,35,20,15.000000953674316,10.526315689086914,15.000000953674316,10,2.5681838989257813,8589934592,1073741824,4992745472,290652160
207,1771648095352,3504,3504,3504,3504,3504,3504,3504,3504,38.61164855957031,38.134361267089844,36.964202880859375,36.83502960205078,37.099918365478516,36.580284118652344,36.80500030517578,37.89501190185547,37.974388122558594,5.263157844543457,4.761904716491699,19.047618865966797,4.761904716491699,9.523809432983398,9.523809432983398,4.761904716491699,4.761904716491699,2.5681838989257813,8589934592,1073741824,4992827392,290652160
208,1771648095560,3504,3504,3504,3504,3504,3504,3504,3504,38.61164855957031,38.134361267089844,36.964202880859375,36.83502960205078,37.099918365478516,36.580284118652344,36.80500030517578,37.89501190185547,37.974388122558594,14.285715103149414,10,23.809524536132813,4.761904716491699,0,0,0,0,2.5681838989257813,8589934592,1073741824,4992598016,290652160
207,1771648095769,3504,3504,3504,3504,3504,3504,3504,3504,38.61164855957031,38.134361267089844,36.964202880859375,36.83502960205078,37.099918365478516,36.580284118652344,36.80500030517578,37.89501190185547,37.974388122558594,22.72727394104004,14.285715103149414,25,9.523809432983398,0,0,0,0,2.2329044342041016,8589934592,1073741824,4992630784,290652160
209,1771648095976,3504,3504,3504,3504,3504,3504,3504,3504,38.61164855957031,38.134361267089844,36.964202880859375,36.83502960205078,37.099918365478516,36.580284118652344,36.80500030517578,37.89501190185547,37.974388122558594,10,10,28.571430206298828,5.263157844543457,0,0,0,0,2.2329044342041016,8589934592,1073741824,4992630784,290652160
202,1771648096186,3504,3504,3504,3504,3504,3504,3504,3504,38.68940734863281,38.1813850402832,37.03094482421875,36.91473388671875,37.21226119995117,36.64678192138672,36.92084503173828,37.93425750732422,37.98396682739258,19.047618865966797,13.636363983154297,20,9.090909004211426,0,0,0,0,2.2329044342041016,8589934592,1073741824,4992516096,290652160
203,1771648096389,3504,3504,3504,3504,3504,3504,3504,3504,38.68940734863281,38.1813850402832,37.03094482421875,36.91473388671875,37.21226119995117,36.64678192138672,36.92084503173828,37.93425750732422,37.98396682739258,15.000000953674316,15.000000953674316,28.571430206298828,10,0,0,0,0,2.2329044342041016,8589934592,1073741824,4992532480,290652160
202,1771648096593,3504,3504,3504,3504,3504,3504,3504,3504,38.68940734863281,38.1813850402832,37.03094482421875,36.91473388671875,37.21226119995117,36.64678192138672,36.92084503173828,37.93425750732422,37.98396682739258,19.047618865966797,10.526315689086914,25,5,0,0,0,0,2.2329044342041016,8589934592,1073741824,4992532480,290652160
203,1771648096796,3504,3504,3504,3504,3504,3504,3504,3504,38.68940734863281,38.1813850402832,37.03094482421875,36.91473388671875,37.21226119995117,36.64678192138672,36.92084503173828,37.93425750732422,37.98396682739258,15.000000953674316,14.285715103149414,15.000000953674316,18.18181800842285,0,0,0,0,2.2466094493865967,8589934592,1073741824,4992532480,290652160
209,1771648097000,3504,3504,3504,3504,3504,3504,3504,3504,38.68940734863281,38.1813850402832,37.03094482421875,36.91473388671875,37.21226119995117,36.64678192138672,36.92084503173828,37.93425750732422,37.98396682739258,15.000000953674316,15.000000953674316,19.047618865966797,10.526315689086914,0,0,0,0,2.2466094493865967,8589934592,1073741824,4992532480,290652160
203,1771648097210,3504,3504,3504,3504,3504,3504,3504,3504,38.32423782348633,37.882266998291016,36.796897888183594,36.60728454589844,36.974056243896484,36.3779411315918,36.612335205078125,37.64501190185547,37.68236541748047,15.000000953674316,14.285715103149414,28.571430206298828,9.523809432983398,0,0,0,0,2.2466094493865967,8589934592,1073741824,4992630784,290652160
202,1771648097414,3504,3504,3504,3504,3504,3504,3504,3504,38.32423782348633,37.882266998291016,36.796897888183594,36.60728454589844,36.974056243896484,36.3779411315918,36.612335205078125,37.64501190185547,37.68236541748047,14.285715103149414,14.285715103149414,20,9.523809432983398,0,0,0,0,2.2466094493865967,8589934592,1073741824,4992106496,290652160
209,1771648097617,3504,3504,3504,3504,3504,3504,3504,3504,38.32423782348633,37.882266998291016,36.796897888183594,36.60728454589844,36.974056243896484,36.3779411315918,36.612335205078125,37.64501190185547,37.68236541748047,15.789472579956055,20,19.047618865966797,5.263157844543457,0,0,0,0,2.2466094493865967,8589934592,1073741824,4989550592,290652160
206,1771648097827,3504,3504,3504,3504,3504,3504,3504,3504,38.32423782348633,37.882266998291016,36.796897888183594,36.60728454589844,36.974056243896484,36.3779411315918,36.612335205078125,37.64501190185547,37.68236541748047,18.18181800842285,20,5,9.090909004211426,0,0,0,0,1.864305853843689,8589934592,1073741824,4989550592,290652160
205,1771648098033,3504,3504,3504,3504,3504,3504,3504,3504,38.32423782348633,37.882266998291016,36.796897888183594,36.60728454589844,36.974056243896484,36.3779411315918,36.612335205078125,37.64501190185547,37.68236541748047,23.809524536132813,23.809524536132813,14.285715103149414,5,0,0,0,0,1.864305853843689,8589934592,1073741824,4989648896,290652160
200,1771648098239,3504,3504,3504,3504,3504,3504,3504,3504,38.218780517578125,37.786170959472656,36.65579605102539,36.55024719238281,36.87596130371094,36.3139762878418,36.4771728515625,37.55732727050781,37.55946731567383,15.000000953674316,23.809524536132813,15.000000953674316,15.000000953674316,0,0,0,0,1.864305853843689,8589934592,1073741824,4989747200,290652160
209,1771648098439,3504,3504,3504,3504,3504,3504,3504,3504,38.218780517578125,37.786170959472656,36.65579605102539,36.55024719238281,36.87596130371094,36.3139762878418,36.4771728515625,37.55732727050781,37.55946731567383,25,15.000000953674316,14.285715103149414,23.809524536132813,0,0,0,0,1.864305853843689,8589934592,1073741824,4989681664,290652160
209,1771648098649,3504,3504,3504,3504,3504,3504,3504,3504,38.218780517578125,37.786170959472656,36.65579605102539,36.55024719238281,36.87596130371094,36.3139762878418,36.4771728515625,37.55732727050781,37.55946731567383,30.000001907348633,23.809524536132813,25,25,19.047618865966797,23.809524536132813,14.285715103149414,4.761904716491699,2.3027164936065674,8589934592,1073741824,4991647744,290652160
208,1771648098860,3504,3504,3504,3504,3504,3504,3504,3504,38.218780517578125,37.786170959472656,36.65579605102539,36.55024719238281,36.87596130371094,36.3139762878418,36.4771728515625,37.55732727050781,37.55946731567383,22.72727394104004,9.523809432983398,14.285715103149414,4.761904716491699,0,0,0,0,2.3027164936065674,8589934592,1073741824,4991664128,290652160
209,1771648099069,3504,3504,3504,3504,3504,3504,3504,3504,38.218780517578125,37.786170959472656,36.65579605102539,36.55024719238281,36.87596130371094,36.3139762878418,36.4771728515625,37.55732727050781,37.55946731567383,19.047618865966797,15.000000953674316,19.047618865966797,4.761904716491699,0,0,0,0,2.3027164936065674,8589934592,1073741824,4991614976,290652160
208,1771648099279,3504,3504,3504,3504,3504,3504,3504,3504,38.488216400146484,37.96798324584961,36.81090545654297,36.735130310058594,36.96114730834961,36.38844299316406,36.58554458618164,37.6905632019043,37.682373046875,14.285715103149414,19.047618865966797,19.047618865966797,13.636363983154297,0,0,0,0,2.3027164936065674,8589934592,1073741824,4991975424,290652160
208,1771648099488,3504,3504,3504,3504,3504,3504,3504,3504,38.488216400146484,37.96798324584961,36.81090545654297,36.735130310058594,36.96114730834961,36.38844299316406,36.58554458618164,37.6905632019043,37.682373046875,10,23.809524536132813,15.000000953674316,5,0,0,0,0,2.3027164936065674,8589934592,1073741824,4991975424,290652160
209,1771648099698,3504,3504,3504,3504,3504,3504,3504,3504,38.488216400146484,37.96798324584961,36.81090545654297,36.735130310058594,36.96114730834961,36.38844299316406,36.58554458618164,37.6905632019043,37.682373046875,15.000000953674316,20,19.047618865966797,4.761904716491699,0,0,0,0,2.5096912384033203,8589934592,1073741824,4991991808,290652160
208,1771648099907,3504,3504,3504,3504,3504,3504,3504,3504,38.488216400146484,37.96798324584961,36.81090545654297,36.735130310058594,36.96114730834961,36.38844299316406,36.58554458618164,37.6905632019043,37.682373046875,14.285715103149414,19.047618865966797,19.047618865966797,9.523809432983398,0,0,0,0,2.5096912384033203,8589934592,1073741824,4991909888,290652160
201,1771648100117,3504,3504,3504,3504,3504,3504,3504,3504,38.488216400146484,37.96798324584961,36.81090545654297,36.735130310058594,36.96114730834961,36.38844299316406,36.58554458618164,37.6905632019043,37.682373046875,19.047618865966797,14.285715103149414,19.047618865966797,0,0,0,0,0,2.5096912384033203,8589934592,1073741824,4991909888,290652160
201,1771648100318,3504,3504,3504,3504,3504,3504,3504,3504,38.2298583984375,37.7070426940918,36.56295394897461,36.425636291503906,36.78211975097656,36.239341735839844,36.3548583984375,37.426578521728516,37.477718353271484,14.285715103149414,19.047618865966797,10.526315689086914,5,10,10,0,0,2.5096912384033203,8589934592,1073741824,4991942656,290652160
209,1771648100520,3504,3504,3504,3504,3504,3504,3504,3504,38.2298583984375,37.7070426940918,36.56295394897461,36.425636291503906,36.78211975097656,36.239341735839844,36.3548583984375,37.426578521728516,37.477718353271484,15.000000953674316,11.111111640930176,19.047618865966797,9.523809432983398,0,0,0,0,2.5096912384033203,8589934592,1073741824,4991926272,290652160
208,1771648100730,3504,3504,3504,3504,3504,3504,3504,3504,38.2298583984375,37.7070426940918,36.56295394897461,36.425636291503906,36.78211975097656,36.239341735839844,36.3548583984375,37.426578521728516,37.477718353271484,20,18.18181800842285,19.047618865966797,9.523809432983398,0,0,0,0,2.3725531101226807,8589934592,1073741824,4991959040,290652160
204,1771648100939,3504,3504,3504,3504,3504,3504,3504,3504,38.2298583984375,37.7070426940918,36.56295394897461,36.425636291503906,36.78211975097656,36.239341735839844,36.3548583984375,37.426578521728516,37.477718353271484,23.809524536132813,14.285715103149414,14.285715103149414,9.523809432983398,0,0,0,0,2.3725531101226807,8589934592,1073741824,4991959040,290652160
206,1771648101144,3504,3504,3504,3504,3504,3504,3504,3504,38.2298583984375,37.62767791748047,36.53223419189453,36.36497497558594,36.752838134765625,36.18024826049805,36.30908203125,37.36204147338867,37.440677642822266,25,15.000000953674316,15.000000953674316,5,0,0,0,0,2.3725531101226807,8589934592,1073741824,4991959040,290652160
203,1771648101352,3504,3504,3504,3504,3504,3504,3504,3504,38.23095703125,37.62767791748047,36.53223419189453,36.36497497558594,36.752838134765625,36.18024826049805,36.30908203125,37.36204147338867,37.440677642822266,25,14.285715103149414,19.047618865966797,10,0,0,0,0,2.3725531101226807,8589934592,1073741824,4991893504,290652160
209,1771648101556,3504,3504,3504,3504,3504,3504,3504,3504,38.23095703125,37.62767791748047,36.53223419189453,36.36497497558594,36.752838134765625,36.18024826049805,36.30908203125,37.36204147338867,37.440677642822266,31.81818199157715,19.047618865966797,14.285715103149414,9.523809432983398,0,0,0,0,2.3725531101226807,8589934592,1073741824,4991909888,290652160
203,1771648101766,3504,3504,3504,3504,3504,3504,3504,3504,38.23095703125,37.62767791748047,36.53223419189453,36.36497497558594,36.752838134765625,36.18024826049805,36.30908203125,37.36204147338867,37.440677642822266,15.000000953674316,14.285715103149414,14.285715103149414,4.761904716491699,0,0,0,0,2.4070632457733154,8589934592,1073741824,4991909888,290652160
201,1771648101970,3504,3504,3504,3504,3504,3504,3504,3504,38.23095703125,37.62767791748047,36.53223419189453,36.36497497558594,36.752838134765625,36.18024826049805,36.30908203125,37.36204147338867,37.440677642822266,25,10,15.000000953674316,10,0,0,0,0,2.4070632457733154,8589934592,1073741824,4991893504,290652160
209,1771648102172,3504,3504,3504,3504,3504,3504,3504,3504,38.15642547607422,37.48614501953125,36.41251754760742,36.2406120300293,36.6358528137207,36.13679504394531,36.19728088378906,37.24882125854492,37.344879150390625,20,10.526315689086914,15.789472579956055,15.000000953674316,0,0,0,0,2.4070632457733154,8589934592,1073741824,4991893504,290652160
200,1771648102382,3504,3504,3504,3504,3504,3504,3504,3504,38.15642547607422,37.48614501953125,36.41251754760742,36.2406120300293,36.6358528137207,36.13679504394531,36.19728088378906,37.24882125854492,37.344879150390625,19.047618865966797,13.636363983154297,13.636363983154297,18.18181800842285,0,0,0,0,2.4070632457733154,8589934592,1073741824,4991975424,290652160
209,1771648102583,3504,3504,3504,3504,3504,3504,3504,3504,38.15642547607422,37.48614501953125,36.41251754760742,36.2406120300293,36.6358528137207,36.13679504394531,36.19728088378906,37.24882125854492,37.344879150390625,20,15.000000953674316,5.263157844543457,15.789472579956055,0,0,0,0,2.4070632457733154,8589934592,1073741824,4991959040,290652160
205,1771648102793,3504,3504,3504,3504,3504,3504,3504,3504,38.15642547607422,37.48614501953125,36.41251754760742,36.2406120300293,36.6358528137207,36.13679504394531,36.19728088378906,37.24882125854492,37.344879150390625,19.047618865966797,9.523809432983398,9.523809432983398,14.285715103149414,0,0,4.545454502105713,0,2.1186771392822266,8589934592,1073741824,4991959040,290652160
200,1771648102999,3504,3504,3504,3504,3504,3504,3504,3504,38.15642547607422,37.48614501953125,36.41251754760742,36.2406120300293,36.6358528137207,36.13679504394531,36.19728088378906,37.24882125854492,37.344879150390625,19.047618865966797,15.000000953674316,13.636363983154297,19.047618865966797,0,0,0,0,2.1186771392822266,8589934592,1073741824,4991959040,290652160
200,1771648103200,3504,3504,3504,3504,3504,3504,3504,3504,38.125640869140625,37.43498229980469,36.309486389160156,36.173492431640625,36.58207702636719,36.065921783447266,36.163028717041016,37.187469482421875,37.26923370361328,26.3157901763916,15.000000953674316,5.555555820465088,15.000000953674316,0,0,0,0,2.1186771392822266,8589934592,1073741824,4991959040,290652160
202,1771648103401,3504,3504,3504,3504,3504,3504,3504,3504,38.125640869140625,37.43498229980469,36.309486389160156,36.173492431640625,36.58207702636719,36.065921783447266,36.163028717041016,37.187469482421875,37.26923370361328,23.809524536132813,15.000000953674316,14.285715103149414,15.000000953674316,0,0,0,0,2.1186771392822266,8589934592,1073741824,4991959040,290652160
209,1771648103604,3504,3504,3504,3504,3504,3504,3504,3504,38.125640869140625,37.43498229980469,36.309486389160156,36.173492431640625,36.58207702636719,36.065921783447266,36.163028717041016,37.187469482421875,37.26923370361328,20,15.000000953674316,10,15.000000953674316,0,0,0,0,2.1186771392822266,8589934592,1073741824,4991959040,290652160
209,1771648103814,3504,3504,3504,3504,3504,3504,3504,3504,38.125640869140625,37.43498229980469,36.309486389160156,36.173492431640625,36.58207702636719,36.065921783447266,36.163028717041016,37.187469482421875,37.26923370361328,25,14.285715103149414,9.523809432983398,14.285715103149414,0,0,0,0,1.9804394245147705,8589934592,1073741824,4991959040,290652160
208,1771648104024,3504,3504,3504,3504,3504,3504,3504,3504,38.125640869140625,37.43498229980469,36.309486389160156,36.173492431640625,36.58207702636719,36.065921783447266,36.163028717041016,37.187469482421875,37.26923370361328,19.047618865966797,14.285715103149414,9.523809432983398,9.523809432983398,0,0,0,0,1.9804394245147705,8589934592,1073741824,4991631360,290652160
209,1771648104233,3504,3504,3504,3504,3504,3504,3504,3504,38.0938606262207,37.34967041015625,36.22200012207031,36.10930252075195,36.476810455322266,36.03916931152344,36.07534408569336,37.123905181884766,37.176326751708984,28.571430206298828,14.285715103149414,15.000000953674316,19.047618865966797,0,0,0,0,1.9804394245147705,8589934592,1073741824,4991647744,290652160
206,1771648104443,3504,3504,3504,3504,3504,3504,3504,3504,38.0938606262207,37.34967041015625,36.22200012207031,36.10930252075195,36.476810455322266,36.03916931152344,36.07534408569336,37.123905181884766,37.176326751708984,33.333335876464844,25,19.047618865966797,15.000000953674316,9.523809432983398,5,0,0,1.9804394245147705,8589934592,1073741824,4995268608,290652160
200,1771648104650,3504,3504,3504,3504,3504,3504,3504,3504,38.0938606262207,37.34967041015625,36.22200012207031,36.10930252075195,36.476810455322266,36.03916931152344,36.07534408569336,37.123905181884766,37.176326751708984,23.809524536132813,14.285715103149414,14.285715103149414,13.636363983154297,0,0,0,0,2.890836715698242,8589934592,1073741824,4995268608,290652160
209,1771648104850,3504,3504,3504,3504,3504,3504,3504,3504,38.0938606262207,37.34967041015625,36.22200012207031,36.10930252075195,36.476810455322266,36.03916931152344,36.07534408569336,37.123905181884766,37.176326751708984,20,15.000000953674316,15.000000953674316,10.526315689086914,0,0,0,0,2.890836715698242,8589934592,1073741824,4995284992,290652160
209,1771648105060,3504,3504,3504,3504,3504,3504,3504,3504,38.0938606262207,37.34967041015625,36.22200012207031,36.10930252075195,36.476810455322266,36.03916931152344,36.07534408569336,37.123905181884766,37.176326751708984,19.047618865966797,23.809524536132813,14.285715103149414,9.090909004211426,0,0,0,0,2.890836715698242,8589934592,1073741824,4995121152,290652160
202,1771648105270,3504,3504,3504,3504,3504,3504,3504,3504,38.10922622680664,37.36874771118164,36.253135681152344,36.12923049926758,36.48979568481445,36.02574920654297,36.04419708251953,37.12112808227539,37.1885871887207,20,14.285715103149414,19.047618865966797,10,0,0,0,0,2.890836715698242,8589934592,1073741824,4995137536,290652160
207,1771648105473,3504,3504,3504,3504,3504,3504,3504,3504,38.10922622680664,37.36874771118164,36.253135681152344,36.12923049926758,36.48979568481445,36.02574920654297,36.04419708251953,37.12112808227539,37.1885871887207,15.000000953674316,15.000000953674316,19.047618865966797,15.000000953674316,0,0,0,0,2.890836715698242,8589934592,1073741824,4995137536,290652160
207,1771648105681,3504,3504,3504,3504,3504,3504,3504,3504,38.10922622680664,37.36874771118164,36.253135681152344,36.12923049926758,36.48979568481445,36.02574920654297,36.04419708251953,37.12112808227539,37.1885871887207,18.18181800842285,10,15.000000953674316,14.285715103149414,0,0,0,0,2.5806424617767334,8589934592,1073741824,4995153920,290652160
207,1771648105889,3504,3504,3504,3504,3504,3504,3504,3504,38.10922622680664,37.36874771118164,36.253135681152344,36.12923049926758,36.48979568481445,36.02574920654297,36.04419708251953,37.12112808227539,37.1885871887207,20,10,19.047618865966797,5,0,0,0,0,2.5806424617767334,8589934592,1073741824,4995055616,290652160
201,1771648106097,3504,3504,3504,3504,3504,3504,3504,3504,38.10922622680664,37.36874771118164,36.253135681152344,36.12923049926758,36.48979568481445,36.02574920654297,36.04419708251953,37.12112808227539,37.1885871887207,25,19.047618865966797,15.789472579956055,14.285715103149414,0,0,0,0,2.5806424617767334,8589934592,1073741824,4995088384,290652160
202,1771648106300,3504,3504,3504,3504,3504,3504,3504,3504,38.03207778930664,37.243953704833984,36.13034439086914,36.03828048706055,36.32869338989258,35.98589324951172,35.93640899658203,37.016014099121094,37.07473373413086,33.333335876464844,19.047618865966797,23.809524536132813,9.523809432983398,0,0,0,0,2.5806424617767334,8589934592,1073741824,4995104768,290652160
209,1771648106503,3504,3504,3504,3504,3504,3504,3504,3504,38.03207778930664,37.243953704833984,36.13034439086914,36.03828048706055,36.32869338989258,35.98589324951172,35.93640899658203,37.016014099121094,37.07473373413086,23.809524536132813,15.000000953674316,19.047618865966797,10,0,0,0,0,2.5806424617767334,8589934592,1073741824,4994924544,290652160
209,1771648106713,3504,3504,3504,3504,3504,3504,3504,3504,38.03207778930664,37.243953704833984,36.13034439086914,36.03828048706055,36.32869338989258,35.98589324951172,35.93640899658203,37.016014099121094,37.07473373413086,15.000000953674316,19.047618865966797,15.000000953674316,5,4.545454502105713,4.545454502105713,0,0,2.3268630504608154,8589934592,1073741824,4994940928,290652160
203,1771648106923,3504,3504,3504,3504,3504,3504,3504,3504,38.03207778930664,37.243953704833984,36.13034439086914,36.03828048706055,36.32869338989258,35.98589324951172,35.93640899658203,37.016014099121094,37.07473373413086,19.047618865966797,19.047618865966797,19.047618865966797,13.636363983154297,0,0,0,0,2.3268630504608154,8589934592,1073741824,4995170304,290652160
207,1771648107127,3504,3504,3504,3504,3504,3504,3504,3504,38.03207778930664,37.243953704833984,36.13034439086914,36.03828048706055,36.32869338989258,35.98589324951172,35.93640899658203,37.016014099121094,37.07473373413086,20,30.000001907348633,14.285715103149414,5.263157844543457,0,0,0,0,2.3268630504608154,8589934592,1073741824,4995186688,290652160
203,1771648107335,3504,3504,3504,3504,3504,3504,3504,3504,37.976844787597656,37.191375732421875,36.08032989501953,35.99317169189453,36.29874038696289,35.93445587158203,35.89031219482422,36.95051574707031,37.06056213378906,14.285715103149414,14.285715103149414,15.000000953674316,13.636363983154297,0,0,0,0,2.3268630504608154,8589934592,1073741824,4995284992,290652160
205,1771648107538,3504,3504,3504,3504,3504,3504,3504,3504,37.976844787597656,37.191375732421875,36.08032989501953,35.99317169189453,36.29874038696289,35.93445587158203,35.89031219482422,36.95051574707031,37.06056213378906,19.047618865966797,19.047618865966797,20,15.000000953674316,0,0,0,0,2.3268630504608154,8589934592,1073741824,4995186688,290652160
206,1771648107744,3504,3504,3504,3504,3504,3504,3504,3504,37.976844787597656,37.191375732421875,36.08032989501953,35.99317169189453,36.29874038696289,35.93445587158203,35.89031219482422,36.95051574707031,37.06056213378906,20,5.263157844543457,14.285715103149414,14.285715103149414,0,0,0,0,2.072011947631836,8589934592,1073741824,4995137536,290652160
209,1771648107952,3504,3504,3504,3504,3504,3504,3504,3504,37.976844787597656,37.191375732421875,36.08032989501953,35.99317169189453,36.29874038696289,35.93445587158203,35.89031219482422,36.95051574707031,37.06056213378906,23.809524536132813,14.285715103149414,19.047618865966797,5,0,0,0,0,2.072011947631836,8589934592,1073741824,4991614976,290652160
206,1771648108162,3504,3504,3504,3504,3504,3504,3504,3504,37.89920425415039,37.12251663208008,36.03395080566406,35.952842712402344,36.229679107666016,35.87928009033203,35.84098434448242,36.89271545410156,37.00007247924805,20,20,19.047618865966797,14.285715103149414,0,0,0,0,2.072011947631836,8589934592,1073741824,4991582208,290652160
209,1771648108369,3504,3504,3504,3504,3504,3504,3504,3504,37.89920425415039,37.12251663208008,36.03395080566406,35.952842712402344,36.229679107666016,35.87928009033203,35.84098434448242,36.89271545410156,37.00007247924805,28.571430206298828,14.285715103149414,15.000000953674316,14.285715103149414,0,0,0,0,2.072011947631836,8589934592,1073741824,4991614976,290652160
206,1771648108579,3504,3504,3504,3504,3504,3504,3504,3504,37.89920425415039,37.12251663208008,36.03395080566406,35.952842712402344,36.229679107666016,35.87928009033203,35.84098434448242,36.89271545410156,37.00007247924805,30.000001907348633,27.272727966308594,15.000000953674316,19.047618865966797,38.095237731933594,0,0,0,2.072011947631836,8589934592,1073741824,4991926272,290652160
207,1771648108785,3504,3504,3504,3504,3504,3504,3504,3504,37.89920425415039,37.12251663208008,36.03395080566406,35.952842712402344,36.229679107666016,35.87928009033203,35.84098434448242,36.89271545410156,37.00007247924805,15.000000953674316,5,13.636363983154297,15.000000953674316,0,0,0,0,1.956599473953247,8589934592,1073741824,4991909888,290652160
204,1771648108993,3504,3504,3504,3504,3504,3504,3504,3504,37.89920425415039,37.12251663208008,36.03395080566406,35.952842712402344,36.229679107666016,35.87928009033203,35.84098434448242,36.89271545410156,37.00007247924805,19.047618865966797,19.047618865966797,10,15.000000953674316,0,0,0,0,1.956599473953247,8589934592,1073741824,4991926272,290652160
207,1771648109198,3504,3504,3504,3504,3504,3504,3504,3504,37.99454879760742,37.485015869140625,36.235313415527344,36.093048095703125,36.36079025268555,35.92218780517578,35.893798828125,36.950225830078125,37.02492141723633,19.047618865966797,23.809524536132813,10,19.047618865966797,0,0,0,0,1.956599473953247,8589934592,1073741824,4991959040,290652160
207,1771648109406,3504,3504,3504,3504,3504,3504,3504,3504,37.99454879760742,37.485015869140625,36.235313415527344,36.093048095703125,36.36079025268555,35.92218780517578,35.893798828125,36.950225830078125,37.02492141723633,23.809524536132813,20,13.636363983154297,9.523809432983398,0,0,0,0,1.956599473953247,8589934592,1073741824,4991975424,290652160
201,1771648109614,3504,3504,3504,3504,3504,3504,3504,3504,37.99454879760742,37.485015869140625,36.235313415527344,36.093048095703125,36.36079025268555,35.92218780517578,35.893798828125,36.950225830078125,37.02492141723633,20,19.047618865966797,14.285715103149414,9.523809432983398,0,0,0,0,1.956599473953247,8589934592,1073741824,4991975424,290652160
206,1771648109816,3504,3504,3504,3504,3504,3504,3504,3504,37.99454879760742,37.485015869140625,36.235313415527344,36.093048095703125,36.36079025268555,35.92218780517578,35.893798828125,36.950225830078125,37.02492141723633,20,15.789472579956055,10.526315689086914,5.263157844543457,0,0,0,0,2.3589398860931396,8589934592,1073741824,4992008192,290652160
201,1771648110023,3504,3504,3504,3504,3504,3504,3504,3504,37.99454879760742,37.485015869140625,36.235313415527344,36.093048095703125,36.36079025268555,35.92218780517578,35.893798828125,36.950225830078125,37.02492141723633,10,22.72727394104004,19.047618865966797,9.523809432983398,0,0,0,0,2.3589398860931396,8589934592,1073741824,4992008192,290652160
209,1771648110224,3504,3504,3504,3504,3504,3504,3504,3504,37.8250617980957,37.150482177734375,35.9409065246582,35.91303253173828,36.198890686035156,35.83112335205078,35.83137512207031,36.8599853515625,36.92276382446289,20,21.052631378173828,20,10,5,0,0,0,2.3589398860931396,8589934592,1073741824,4992253952,290652160
209,1771648110435,3504,3504,3504,3504,3504,3504,3504,3504,37.8250617980957,37.150482177734375,35.9409065246582,35.91303253173828,36.198890686035156,35.83112335205078,35.83137512207031,36.8599853515625,36.92276382446289,18.18181800842285,15.000000953674316,14.285715103149414,9.523809432983398,0,0,0,0,2.3589398860931396,8589934592,1073741824,4992237568,290652160
209,1771648110645,3504,3504,3504,3504,3504,3504,3504,3504,37.8250617980957,37.150482177734375,35.9409065246582,35.91303253173828,36.198890686035156,35.83112335205078,35.83137512207031,36.8599853515625,36.92276382446289,23.809524536132813,18.18181800842285,14.285715103149414,9.090909004211426,0,0,0,0,3.1207475662231445,8589934592,1073741824,4992253952,290652160
202,1771648110855,3504,3504,3504,3504,3504,3504,3504,3504,37.8250617980957,37.150482177734375,35.9409065246582,35.91303253173828,36.198890686035156,35.83112335205078,35.83137512207031,36.8599853515625,36.92276382446289,20,15.000000953674316,9.523809432983398,10,0,0,0,0,3.1207475662231445,8589934592,1073741824,4992253952,290652160
205,1771648111058,3504,3504,3504,3504,3504,3504,3504,3504,37.8250617980957,37.150482177734375,35.9409065246582,35.91303253173828,36.198890686035156,35.83112335205078,35.83137512207031,36.8599853515625,36.92276382446289,25,14.285715103149414,10,5,0,0,0,0,3.1207475662231445,8589934592,1073741824,4992253952,290652160
206,1771648111264,3504,3504,3504,3504,3504,3504,3504,3504,37.728702545166016,37.04671859741211,35.87760925292969,35.82837677001953,36.15993118286133,35.780174255371094,35.816497802734375,36.81557846069336,36.856788635253906,27.272727966308594,15.000000953674316,15.000000953674316,14.285715103149414,0,0,0,0,3.1207475662231445,8589934592,1073741824,4992253952,290652160
209,1771648111471,3504,3504,3504,3504,3504,3504,3504,3504,37.728702545166016,37.04671859741211,35.87760925292969,35.82837677001953,36.15993118286133,35.780174255371094,35.816497802734375,36.81557846069336,36.856788635253906,25,28.571430206298828,14.285715103149414,9.523809432983398,0,0,0,4.545454502105713,3.1207475662231445,8589934592,1073741824,4992253952,290652160
207,1771648111681,3504,3504,3504,3504,3504,3504,3504,3504,37.728702545166016,37.04671859741211,35.87760925292969,35.82837677001953,36.15993118286133,35.780174255371094,35.816497802734375,36.81557846069336,36.856788635253906,19.047618865966797,14.285715103149414,5,9.523809432983398,4.545454502105713,0,0,0,2.4072718620300293,8589934592,1073741824,4992401408,290652160
209,1771648111889,3504,3504,3504,3504,3504,3504,3504,3504,37.728702545166016,37.04671859741211,35.87760925292969,35.82837677001953,36.15993118286133,35.780174255371094,35.816497802734375,36.81557846069336,36.856788635253906,19.047618865966797,15.000000953674316,13.636363983154297,5,0,0,0,0,2.4072718620300293,8589934592,1073741824,4992401408,290652160
200,1771648112099,3504,3504,3504,3504,3504,3504,3504,3504,37.728702545166016,37.04671859741211,35.87760925292969,35.82837677001953,36.15993118286133,35.780174255371094,35.816497802734375,36.81557846069336,36.856788635253906,28.571430206298828,18.18181800842285,10,9.523809432983398,0,0,0,0,2.4072718620300293,8589934592,1073741824,4992401408,290652160
209,1771648112300,3504,3504,3504,3504,3504,3504,3504,3504,37.620643615722656,36.908870697021484,35.79917907714844,35.809173583984375,36.10879898071289,35.75030517578125,35.807518005371094,36.76466369628906,36.82154846191406,15.789472579956055,21.052631378173828,10,10,0,0,0,0,2.4072718620300293,8589934592,1073741824,4992417792,290652160
206,1771648112510,3504,3504,3504,3504,3504,3504,3504,3504,37.620643615722656,36.908870697021484,35.79917907714844,35.809173583984375,36.10879898071289,35.75030517578125,35.807518005371094,36.76466369628906,36.82154846191406,19.047618865966797,9.523809432983398,13.636363983154297,14.285715103149414,0,0,0,0,2.4072718620300293,8589934592,1073741824,4992417792,290652160
205,1771648112716,3504,3504,3504,3504,3504,3504,3504,3504,37.620643615722656,36.908870697021484,35.79917907714844,35.809173583984375,36.10879898071289,35.75030517578125,35.807518005371094,36.76466369628906,36.82154846191406,23.809524536132813,14.285715103149414,5.263157844543457,15.000000953674316,0,0,0,0,2.130439519882202,8589934592,1073741824,4992417792,290652160
203,1771648112922,3504,3504,3504,3504,3504,3504,3504,3504,37.620643615722656,36.908870697021484,35.79917907714844,35.809173583984375,36.10879898071289,35.75030517578125,35.807518005371094,36.76466369628906,36.82154846191406,19.047618865966797,14.285715103149414,14.285715103149414,23.809524536132813,0,0,0,0,2.130439519882202,8589934592,1073741824,4992532480,290652160
203,1771648113127,3504,3504,3504,3504,3504,3504,3504,3504,37.620643615722656,36.908870697021484,35.79917907714844,35.809173583984375,36.10879898071289,35.75030517578125,35.807518005371094,36.76466369628906,36.82154846191406,15.000000953674316,15.000000953674316,9.523809432983398,19.047618865966797,0,0,0,0,2.130439519882202,8589934592,1073741824,4992532480,290652160
209,1771648113330,3504,3504,3504,3504,3504,3504,3504,3504,37.55987548828125,36.79765701293945,35.70717239379883,35.747779846191406,36.04158401489258,35.68412399291992,35.80546951293945,36.6959228515625,36.770469665527344,15.789472579956055,15.789472579956055,15.789472579956055,20,0,9.523809432983398,9.090909004211426,5,2.130439519882202,8589934592,1073741824,4993646592,290652160
206,1771648113540,3504,3504,3504,3504,3504,3504,3504,3504,37.55987548828125,36.79765701293945,35.70717239379883,35.747779846191406,36.04158401489258,35.68412399291992,35.80546951293945,36.6959228515625,36.770469665527344,19.047618865966797,22.72727394104004,9.523809432983398,5,9.090909004211426,4.761904716491699,0,0,2.130439519882202,8589934592,1073741824,4993253376,290652160
208,1771648113748,3504,3504,3504,3504,3504,3504,3504,3504,37.55987548828125,36.79765701293945,35.70717239379883,35.747779846191406,36.04158401489258,35.68412399291992,35.80546951293945,36.6959228515625,36.770469665527344,23.809524536132813,19.047618865966797,13.636363983154297,13.636363983154297,0,0,0,0,1.887627363204956,8589934592,1073741824,4993286144,290652160
207,1771648113957,3504,3504,3504,3504,3504,3504,3504,3504,37.55987548828125,36.79765701293945,35.70717239379883,35.747779846191406,36.04158401489258,35.68412399291992,35.80546951293945,36.6959228515625,36.770469665527344,20,15.000000953674316,10,5,0,0,0,0,1.887627363204956,8589934592,1073741824,4993040384,290652160
207,1771648114164,3504,3504,3504,3504,3504,3504,3504,3504,37.62525939941406,36.945560455322266,35.784393310546875,35.79254913330078,36.057701110839844,35.70162582397461,35.814327239990234,36.72149658203125,36.80891036987305,23.809524536132813,9.523809432983398,19.047618865966797,5,0,0,0,0,1.887627363204956,8589934592,1073741824,4993056768,290652160
209,1771648114373,3504,3504,3504,3504,3504,3504,3504,3504,37.62525939941406,36.945560455322266,35.784393310546875,35.79254913330078,36.057701110839844,35.70162582397461,35.814327239990234,36.72149658203125,36.80891036987305,19.047618865966797,19.047618865966797,10,13.636363983154297,0,0,0,0,1.887627363204956,8589934592,1073741824,4993056768,290652160
206,1771648114583,3504,3504,3504,3504,3504,3504,3504,3504,37.62525939941406,36.945560455322266,35.784393310546875,35.79254913330078,36.057701110839844,35.70162582397461,35.814327239990234,36.72149658203125,36.80891036987305,14.285715103149414,15.000000953674316,18.18181800842285,5,0,0,0,0,1.887627363204956,8589934592,1073741824,4993089536,290652160
209,1771648114790,3504,3504,3504,3504,3504,3504,3504,3504,37.62525939941406,36.945560455322266,35.784393310546875,35.79254913330078,36.057701110839844,35.70162582397461,35.814327239990234,36.72149658203125,36.80891036987305,15.000000953674316,23.809524536132813,15.000000953674316,9.523809432983398,0,0,0,0,2.579080820083618,8589934592,1073741824,4993073152,290652160
208,1771648115000,3504,3504,3504,3504,3504,3504,3504,3504,37.62525939941406,36.945560455322266,35.784393310546875,35.79254913330078,36.057701110839844,35.70162582397461,35.814327239990234,36.72149658203125,36.80891036987305,14.285715103149414,20,19.047618865966797,9.523809432983398,0,0,0,0,2.579080820083618,8589934592,1073741824,4993253376,290652160
209,1771648115209,3504,3504,3504,3504,3504,3504,3504,3504,37.45929718017578,36.842891693115234,35.65620422363281,35.668968200683594,35.95050048828125,35.621315002441406,35.793495178222656,36.619937896728516,36.71799087524414,25,18.18181800842285,23.809524536132813,14.285715103149414,0,0,0,0,2.579080820083618,8589934592,1073741824,4993253376,290652160
209,1771648115419,3504,3504,3504,3504,3504,3504,3504,3504,37.45929718017578,36.842891693115234,35.65620422363281,35.668968200683594,35.95050048828125,35.621315002441406,35.793495178222656,36.619937896728516,36.71799087524414,22.72727394104004,19.047618865966797,20,10,19.047618865966797,15.000000953674316,14.285715103149414,14.285715103149414,2.579080820083618,8589934592,1073741824,4993073152,290652160
205,1771648115629,3504,3504,3504,3504,3504,3504,3504,3504,37.45929718017578,36.842891693115234,35.65620422363281,35.668968200683594,35.95050048828125,35.621315002441406,35.793495178222656,36.619937896728516,36.71799087524414,19.047618865966797,15.000000953674316,23.809524536132813,13.636363983154297,0,0,0,0,2.579080820083618,8589934592,1073741824,4993073152,290652160
201,1771648115835,3504,3504,3504,3504,3504,3504,3504,3504,37.45929718017578,36.842891693115234,35.65620422363281,35.668968200683594,35.95050048828125,35.621315002441406,35.793495178222656,36.619937896728516,36.71799087524414,19.047618865966797,14.285715103149414,19.047618865966797,15.000000953674316,0,0,0,0,2.3956968784332275,8589934592,1073741824,4993269760,290652160
207,1771648116037,3504,3504,3504,3504,3504,3504,3504,3504,37.45929718017578,36.842891693115234,35.65620422363281,35.668968200683594,35.95050048828125,35.621315002441406,35.793495178222656,36.619937896728516,36.71799087524414,20,10.526315689086914,10,19.047618865966797,0,0,0,0,2.3956968784332275,8589934592,1073741824,4993236992,290652160
204,1771648116245,3504,3504,3504,3504,3504,3504,3504,3504,37.960594177246094,37.31015396118164,36.0198860168457,36.03962707519531,36.180484771728516,35.9322509765625,36.01991271972656,37.021671295166016,37.113529205322266,20,23.809524536132813,14.285715103149414,14.285715103149414,0,0,0,0,2.3956968784332275,8589934592,1073741824,4993236992,290652160
207,1771648116450,3504,3504,3504,3504,3504,3504,3504,3504,37.960594177246094,37.31015396118164,36.0198860168457,36.03962707519531,36.180484771728516,35.9322509765625,36.01991271972656,37.021671295166016,37.113529205322266,10,19.047618865966797,10,10.526315689086914,0,0,0,0,2.3956968784332275,8589934592,1073741824,4993269760,290652160
206,1771648116657,3504,3504,3504,3504,3504,3504,3504,3504,37.960594177246094,37.31015396118164,36.0198860168457,36.03962707519531,36.180484771728516,35.9322509765625,36.01991271972656,37.021671295166016,37.113529205322266,23.809524536132813,20,10,14.285715103149414,4.545454502105713,0,0,0,2.025887966156006,8589934592,1073741824,4993220608,290652160
209,1771648116864,3504,3504,3504,3504,3504,3504,3504,3504,37.960594177246094,37.31015396118164,36.0198860168457,36.03962707519531,36.180484771728516,35.9322509765625,36.01991271972656,37.021671295166016,37.113529205322266,14.285715103149414,25,9.523809432983398,4.761904716491699,0,0,0,0,2.025887966156006,8589934592,1073741824,4993236992,290652160
209,1771648117074,3504,3504,3504,3504,3504,3504,3504,3504,37.960594177246094,37.31015396118164,36.0198860168457,36.03962707519531,36.180484771728516,35.9322509765625,36.01991271972656,37.021671295166016,37.113529205322266,15.000000953674316,19.047618865966797,19.047618865966797,14.285715103149414,0,0,0,0,2.025887966156006,8589934592,1073741824,4993269760,290652160
204,1771648117284,3504,3504,3504,3504,3504,3504,3504,3504,37.485618591308594,36.842647552490234,35.66709518432617,35.66205596923828,35.93522644042969,35.6203498840332,35.79429626464844,36.63758850097656,36.70867156982422,23.809524536132813,36.3636360168457,33.333335876464844,19.047618865966797,0,4.761904716491699,4.545454502105713,0,2.025887966156006,8589934592,1073741824,4993515520,290652160
209,1771648117490,3504,3504,3504,3504,3504,3504,3504,3504,37.485618591308594,36.842647552490234,35.66709518432617,35.66205596923828,35.93522644042969,35.6203498840332,35.79429626464844,36.63758850097656,36.70867156982422,14.285715103149414,10,15.000000953674316,10.526315689086914,0,0,0,0,2.025887966156006,8589934592,1073741824,4993351680,290652160
209,1771648117700,3504,3504,3504,3504,3504,3504,3504,3504,37.485618591308594,36.842647552490234,35.66709518432617,35.66205596923828,35.93522644042969,35.6203498840332,35.79429626464844,36.63758850097656,36.70867156982422,23.809524536132813,14.285715103149414,14.285715103149414,13.043478012084961,0,0,0,0,2.350421190261841,8589934592,1073741824,4993351680,290652160
206,1771648117910,3504,3504,3504,3504,3504,3504,3504,3504,37.485618591308594,36.842647552490234,35.66709518432617,35.66205596923828,35.93522644042969,35.6203498840332,35.79429626464844,36.63758850097656,36.70867156982422,23.809524536132813,18.18181800842285,27.272727966308594,5.263157844543457,0,0,0,0,2.350421190261841,8589934592,1073741824,4993368064,290652160
209,1771648118117,3504,3504,3504,3504,3504,3504,3504,3504,37.485618591308594,36.842647552490234,35.66709518432617,35.66205596923828,35.93522644042969,35.6203498840332,35.79429626464844,36.63758850097656,36.70867156982422,28.571430206298828,15.789472579956055,14.285715103149414,13.636363983154297,0,0,0,0,2.350421190261841,8589934592,1073741824,4993269760,290652160
209,1771648118327,3504,3504,3504,3504,3504,3504,3504,3504,37.43606185913086,36.81385803222656,35.66315460205078,35.6333122253418,35.91300964355469,35.621665954589844,35.78943634033203,36.61335754394531,36.71299743652344,20,9.523809432983398,15.000000953674316,0,0,0,0,0,2.350421190261841,8589934592,1073741824,4993269760,290652160
207,1771648118536,3504,3504,3504,3504,3504,3504,3504,3504,37.43606185913086,36.81385803222656,35.66315460205078,35.6333122253418,35.91300964355469,35.621665954589844,35.78943634033203,36.61335754394531,36.71299743652344,30.000001907348633,22.72727394104004,28.571430206298828,14.285715103149414,0,0,0,0,2.350421190261841,8589934592,1073741824,4993728512,290652160
204,1771648118745,3504,3504,3504,3504,3504,3504,3504,3504,37.43606185913086,36.81385803222656,35.66315460205078,35.6333122253418,35.91300964355469,35.621665954589844,35.78943634033203,36.61335754394531,36.71299743652344,19.047618865966797,15.000000953674316,19.047618865966797,14.285715103149414,31.81818199157715,0,0,0,1.8297269344329834,8589934592,1073741824,4993646592,290652160
206,1771648118950,3504,3504,3504,3504,3504,3504,3504,3504,37.43606185913086,36.81385803222656,35.66315460205078,35.6333122253418,35.91300964355469,35.621665954589844,35.78943634033203,36.61335754394531,36.71299743652344,25,19.047618865966797,15.000000953674316,9.523809432983398,0,0,0,0,1.8297269344329834,8589934592,1073741824,4993662976,290652160
209,1771648119157,3504,3504,3504,3504,3504,3504,3504,3504,37.52542495727539,36.971214294433594,35.82667541503906,35.70083236694336,35.954097747802734,35.599998474121094,35.77263641357422,36.616859436035156,36.70109939575195,14.285715103149414,15.000000953674316,20,10,0,0,0,0,1.8297269344329834,8589934592,1073741824,4993613824,290652160
209,1771648119366,3504,3504,3504,3504,3504,3504,3504,3504,37.52542495727539,36.971214294433594,35.82667541503906,35.70083236694336,35.954097747802734,35.599998474121094,35.77263641357422,36.616859436035156,36.70109939575195,23.809524536132813,28.571430206298828,28.571430206298828,14.285715103149414,5,9.523809432983398,0,4.545454502105713,1.8297269344329834,8589934592,1073741824,4995432448,290652160
209,1771648119576,3504,3504,3504,3504,3504,3504,3504,3504,37.52542495727539,36.971214294433594,35.82667541503906,35.70083236694336,35.954097747802734,35.599998474121094,35.77263641357422,36.616859436035156,36.70109939575195,18.18181800842285,28.571430206298828,14.285715103149414,5,9.090909004211426,0,4.761904716491699,0,1.8297269344329834,8589934592,1073741824,4995432448,290652160
201,1771648119787,3504,3504,3504,3504,3504,3504,3504,3504,37.52542495727539,36.971214294433594,35.82667541503906,35.70083236694336,35.954097747802734,35.599998474121094,35.77263641357422,36.616859436035156,36.70109939575195,15.000000953674316,20,14.285715103149414,9.523809432983398,0,0,0,0,2.4190523624420166,8589934592,1073741824,4995432448,290652160
203,1771648119989,3504,3504,3504,3504,3504,3504,3504,3504,37.52542495727539,36.971214294433594,35.82667541503906,35.70083236694336,35.954097747802734,35.599998474121094,35.77263641357422,36.616859436035156,36.70109939575195,25,19.047618865966797,10,14.285715103149414,0,0,0,0,2.4190523624420166,8589934592,1073741824,4996005888,290652160
205,1771648120193,3504,3504,3504,3504,3504,3504,3504,3504,37.50291061401367,36.73948669433594,35.688232421875,35.63031768798828,35.93107223510742,35.611854553222656,35.7747802734375,36.59914016723633,36.69142532348633,15.000000953674316,21.052631378173828,9.523809432983398,10,0,0,0,0,2.4190523624420166,8589934592,1073741824,4995973120,290652160
203,1771648120400,3504,3504,3504,3504,3504,3504,3504,3504,37.50291061401367,36.73948669433594,35.688232421875,35.63031768798828,35.93107223510742,35.611854553222656,35.7747802734375,36.59914016723633,36.69142532348633,15.000000953674316,28.571430206298828,5,5,0,9.523809432983398,4.761904716491699,0,2.4190523624420166,8589934592,1073741824,4995760128,290652160
209,1771648120604,3504,3504,3504,3504,3504,3504,3504,3504,37.50291061401367,36.73948669433594,35.688232421875,35.63031768798828,35.93107223510742,35.611854553222656,35.7747802734375,36.59914016723633,36.69142532348633,28.571430206298828,14.285715103149414,15.000000953674316,13.636363983154297,0,0,0,0,2.4190523624420166,8589934592,1073741824,4995760128,290652160
209,1771648120814,3504,3504,3504,3504,3504,3504,3504,3504,37.50291061401367,36.73948669433594,35.688232421875,35.63031768798828,35.93107223510742,35.611854553222656,35.7747802734375,36.59914016723633,36.69142532348633,23.809524536132813,19.047618865966797,14.285715103149414,5,4.761904716491699,0,0,0,2.4177987575531006,8589934592,1073741824,4995760128,290652160
208,1771648121024,3504,3504,3504,3504,3504,3504,3504,3504,37.50291061401367,36.73948669433594,35.688232421875,35.63031768798828,35.93107223510742,35.611854553222656,35.7747802734375,36.59914016723633,36.69142532348633,27.272727966308594,10,14.285715103149414,14.285715103149414,0,0,0,0,2.4177987575531006,8589934592,1073741824,4995907584,290652160
203,1771648121233,3504,3504,3504,3504,3504,3504,3504,3504,37.44182586669922,36.6632194519043,35.65386199951172,35.521209716796875,35.83059310913086,35.544166564941406,35.766563415527344,36.51527404785156,36.624267578125,15.000000953674316,15.000000953674316,18.18181800842285,13.636363983154297,4.761904716491699,4.761904716491699,4.761904716491699,4.761904716491699,2.4177987575531006,8589934592,1073741824,4996038656,290652160
203,1771648121437,3504,3504,3504,3504,3504,3504,3504,3504,37.44182586669922,36.6632194519043,35.65386199951172,35.521209716796875,35.83059310913086,35.544166564941406,35.766563415527344,36.51527404785156,36.624267578125,20,19.047618865966797,20,5.263157844543457,0,0,0,0,2.4177987575531006,8589934592,1073741824,4996038656,290652160
208,1771648121641,3504,3504,3504,3504,3504,3504,3504,3504,37.44182586669922,36.6632194519043,35.65386199951172,35.521209716796875,35.83059310913086,35.544166564941406,35.766563415527344,36.51527404785156,36.624267578125,20,23.809524536132813,5.263157844543457,10,0,0,0,0,2.4177987575531006,8589934592,1073741824,4996055040,290652160
204,1771648121850,3504,3504,3504,3504,3504,3504,3504,3504,37.44182586669922,36.6632194519043,35.65386199951172,35.521209716796875,35.83059310913086,35.544166564941406,35.766563415527344,36.51527404785156,36.624267578125,19.047618865966797,19.047618865966797,14.285715103149414,9.090909004211426,0,0,0,0,2.223255157470703,8589934592,1073741824,4996055040,290652160
208,1771648122055,3504,3504,3504,3504,3504,3504,3504,3504,37.44182586669922,36.6632194519043,35.65386199951172,35.521209716796875,35.83059310913086,35.544166564941406,35.766563415527344,36.51527404785156,36.624267578125,25,25,14.285715103149414,10.526315689086914,0,4.761904716491699,0,0,2.223255157470703,8589934592,1073741824,4996055040,290652160
202,1771648122264,3504,3504,3504,3504,3504,3504,3504,3504,37.29462432861328,36.54780578613281,35.592140197753906,35.45374298095703,35.77888488769531,35.50743865966797,35.73896408081055,36.4571418762207,36.565704345703125,14.285715103149414,9.523809432983398,15.000000953674316,14.285715103149414,4.545454502105713,0,0,0,2.223255157470703,8589934592,1073741824,4996022272,290652160
202,1771648122467,3504,3504,3504,3504,3504,3504,3504,3504,37.29462432861328,36.54780578613281,35.592140197753906,35.45374298095703,35.77888488769531,35.50743865966797,35.73896408081055,36.4571418762207,36.565704345703125,15.000000953674316,15.000000953674316,15.000000953674316,14.285715103149414,0,0,0,0,2.223255157470703,8589934592,1073741824,4996022272,290652160
209,1771648122669,3504,3504,3504,3504,3504,3504,3504,3504,37.29462432861328,36.54780578613281,35.592140197753906,35.45374298095703,35.77888488769531,35.50743865966797,35.73896408081055,36.4571418762207,36.565704345703125,23.809524536132813,10,20,10,0,0,0,0,2.428316593170166,8589934592,1073741824,4995907584,290652160
208,1771648122879,3504,3504,3504,3504,3504,3504,3504,3504,37.29462432861328,36.54780578613281,35.592140197753906,35.45374298095703,35.77888488769531,35.50743865966797,35.73896408081055,36.4571418762207,36.565704345703125,19.047618865966797,14.285715103149414,21.7391300201416,9.523809432983398,0,0,0,0,2.428316593170166,8589934592,1073741824,4995907584,290652160
209,1771648123089,3504,3504,3504,3504,3504,3504,3504,3504,37.29462432861328,36.54780578613281,35.592140197753906,35.45374298095703,35.77888488769531,35.50743865966797,35.73896408081055,36.4571418762207,36.565704345703125,20,25,10.526315689086914,14.285715103149414,0,0,0,0,2.428316593170166,8589934592,1073741824,4996038656,290652160
206,1771648123299,3504,3504,3504,3504,3504,3504,3504,3504,37.212730407714844,36.52643585205078,35.54218673706055,35.386940002441406,35.67805480957031,35.43529510498047,35.660064697265625,36.39120101928711,36.4698486328125,19.047618865966797,27.272727966308594,9.523809432983398,4.761904716491699,0,0,0,0,2.428316593170166,8589934592,1073741824,4996104192,290652160
208,1771648123505,3504,3504,3504,3504,3504,3504,3504,3504,37.212730407714844,36.52643585205078,35.54218673706055,35.386940002441406,35.67805480957031,35.43529510498047,35.660064697265625,36.39120101928711,36.4698486328125,25,20,14.285715103149414,14.285715103149414,0,0,0,0,2.428316593170166,8589934592,1073741824,4996169728,290652160
205,1771648123714,3504,3504,3504,3504,3504,3504,3504,3504,37.212730407714844,36.52643585205078,35.54218673706055,35.386940002441406,35.67805480957031,35.43529510498047,35.660064697265625,36.39120101928711,36.4698486328125,23.809524536132813,19.047618865966797,14.285715103149414,5,0,0,0,0,2.2118663787841797,8589934592,1073741824,4996169728,290652160
204,1771648123920,3504,3504,3504,3504,3504,3504,3504,3504,37.212730407714844,36.52643585205078,35.54218673706055,35.386940002441406,35.67805480957031,35.43529510498047,35.660064697265625,36.39120101928711,36.4698486328125,23.809524536132813,20,14.285715103149414,5,0,0,0,0,2.2118663787841797,8589934592,1073741824,4996169728,290652160
207,1771648124125,3504,3504,3504,3504,3504,3504,3504,3504,37.212730407714844,36.52643585205078,35.54218673706055,35.386940002441406,35.67805480957031,35.43529510498047,35.660064697265625,36.39120101928711,36.4698486328125,15.000000953674316,27.272727966308594,5,14.285715103149414,0,0,0,0,2.2118663787841797,8589934592,1073741824,4995891200,290652160
209,1771648124333,3504,3504,3504,3504,3504,3504,3504,3504,37.18409729003906,36.48088073730469,35.50487518310547,35.36547088623047,35.624046325683594,35.42472457885742,35.64278030395508,36.37809371948242,36.434993743896484,14.285715103149414,10.526315689086914,19.047618865966797,20,0,0,0,0,2.2118663787841797,8589934592,1073741824,4995907584,290652160
9,1771648124543,3504,3504,3504,3504,3504,3504,3504,3504,37.18409729003906,36.48088073730469,35.50487518310547,35.36547088623047,35.624046325683594,35.42472457885742,35.64278030395508,36.37809371948242,36.434993743896484,25,14.285715103149414,20,19.047618865966797,0,0,0,0,2.2118663787841797,8589934592,1073741824,4995284992,290652160
