Delta,Time,CPU_FREQUENCY_0,CPU_FREQUENCY_1,CPU_FREQUENCY_2,CPU_FREQUENCY_3,CPU_FREQUENCY_4,CPU_FREQUENCY_5,CPU_FREQUENCY_6,CPU_FREQUENCY_7,CPU_TEMP_0,CPU_TEMP_1,CPU_TEMP_2,CPU_TEMP_3,CPU_TEMP_4,CPU_TEMP_5,CPU_TEMP_6,CPU_TEMP_7,CPU_TEMP_8,CPU_USAGE_0,CPU_USAGE_1,CPU_USAGE_2,CPU_USAGE_3,CPU_USAGE_4,CPU_USAGE_5,CPU_USAGE_6,CPU_USAGE_7,SYSTEM_POWER (Watts),TOTAL_MEMORY,TOTAL_SWAP,USED_MEMORY,USED_SWAP
0,1771644988610,3504,3504,3504,3504,3504,3504,3504,3504,49.151466369628906,48.57767868041992,47.431861877441406,47.12885284423828,47.48358154296875,47.37126922607422,47.04009246826172,48.21900939941406,48.36351013183594,0,0,0,0,0,0,0,0,8.78780746459961,8589934592,1073741824,5320294400,290652160
209,1771644988610,3504,3504,3504,3504,3504,3504,3504,3504,49.151466369628906,48.57767868041992,47.431861877441406,47.12885284423828,47.48358154296875,47.37126922607422,47.04009246826172,48.21900939941406,48.36351013183594,0,0,0,0,NaN,0,0,0,8.78780746459961,8589934592,1073741824,5321342976,290652160
209,1771644988820,3504,3504,3504,3504,3504,3504,3504,3504,49.151466369628906,48.57767868041992,47.431861877441406,47.12885284423828,47.48358154296875,47.37126922607422,47.04009246826172,48.21900939941406,48.36351013183594,18.18181800842285,9.090909004211426,19.047618865966797,0,28.571430206298828,25,4.761904716491699,4.761904716491699,2.1762585639953613,8589934592,1073741824,5341986816,290652160
209,1771644989030,3504,3504,3504,3504,3504,3504,3504,3504,49.151466369628906,48.57767868041992,47.431861877441406,47.12885284423828,47.48358154296875,47.37126922607422,47.04009246826172,48.21900939941406,48.36351013183594,9.523809432983398,5,9.523809432983398,9.523809432983398,4.545454502105713,4.545454502105713,0,0,2.1762585639953613,8589934592,1073741824,5341790208,290652160
202,1771644989240,3504,3504,3504,3504,3504,3504,3504,3504,49.077857971191406,48.611900329589844,47.22698211669922,46.93201446533203,46.73249435424805,46.695831298828125,46.25901794433594,47.393951416015625,47.60395050048828,20,22.72727394104004,31.81818199157715,18.18181800842285,30.000001907348633,0,0,0,2.1762585639953613,8589934592,1073741824,5336219648,290652160
203,1771644989443,3504,3504,3504,3504,3504,3504,3504,3504,49.077857971191406,48.611900329589844,47.22698211669922,46.93201446533203,46.73249435424805,46.695831298828125,46.25901794433594,47.393951416015625,47.60395050048828,19.047618865966797,10,15.789472579956055,15.789472579956055,0,0,0,0,2.1762585639953613,8589934592,1073741824,5336907776,290652160
207,1771644989646,3504,3504,3504,3504,3504,3504,3504,3504,49.077857971191406,48.611900329589844,47.22698211669922,46.93201446533203,46.73249435424805,46.695831298828125,46.25901794433594,47.393951416015625,47.60395050048828,10.526315689086914,15.789472579956055,23.809524536132813,14.285715103149414,0,0,0,0,2.1762585639953613,8589934592,1073741824,5336907776,290652160
203,1771644989855,3504,3504,3504,3504,3504,3504,3504,3504,49.077857971191406,48.611900329589844,47.22698211669922,46.93201446533203,46.73249435424805,46.695831298828125,46.25901794433594,47.393951416015625,47.60395050048828,22.72727394104004,27.272727966308594,10,4.761904716491699,0,0,0,0,2.8253116607666016,8589934592,1073741824,5336907776,290652160
199,1771644990059,3504,3504,3504,3504,3504,3504,3504,3504,49.077857971191406,48.611900329589844,47.22698211669922,46.93201446533203,46.73249435424805,46.695831298828125,46.25901794433594,47.393951416015625,47.60395050048828,15.000000953674316,20,19.047618865966797,10,0,0,0,0,2.8253116607666016,8589934592,1073741824,5336907776,290652160
209,1771644990259,3504,3504,3504,3504,3504,3504,3504,3504,46.70038986206055,46.364356994628906,45.107826232910156,44.83648681640625,45.30335235595703,45.54313659667969,44.893959045410156,46.039764404296875,46.042606353759766,15.000000953674316,15.000000953674316,15.789472579956055,5,0,0,0,0,2.8253116607666016,8589934592,1073741824,5332500480,290652160
209,1771644990468,3504,3504,3504,3504,3504,3504,3504,3504,46.70038986206055,46.364356994628906,45.107826232910156,44.83648681640625,45.30335235595703,45.54313659667969,44.893959045410156,46.039764404296875,46.042606353759766,15.000000953674316,20,19.047618865966797,19.047618865966797,19.047618865966797,9.523809432983398,9.523809432983398,9.090909004211426,2.8253116607666016,8589934592,1073741824,5333565440,290652160
209,1771644990679,3504,3504,3504,3504,3504,3504,3504,3504,46.70038986206055,46.364356994628906,45.107826232910156,44.83648681640625,45.30335235595703,45.54313659667969,44.893959045410156,46.039764404296875,46.042606353759766,19.047618865966797,19.047618865966797,14.285715103149414,15.000000953674316,0,0,0,0,3.0619900226593018,8589934592,1073741824,5333647360,290652160
201,1771644990889,3504,3504,3504,3504,3504,3504,3504,3504,46.70038986206055,46.364356994628906,45.107826232910156,44.83648681640625,45.30335235595703,45.54313659667969,44.893959045410156,46.039764404296875,46.042606353759766,30.000001907348633,28.571430206298828,23.809524536132813,38.095237731933594,0,0,0,0,3.0619900226593018,8589934592,1073741824,5325701120,290652160
209,1771644991090,3504,3504,3504,3504,3504,3504,3504,3504,46.70038986206055,46.364356994628906,45.107826232910156,44.83648681640625,45.30335235595703,45.54313659667969,44.893959045410156,46.039764404296875,46.042606353759766,15.000000953674316,10.526315689086914,19.047618865966797,19.047618865966797,0,0,0,0,3.0619900226593018,8589934592,1073741824,5325881344,290652160
206,1771644991300,3504,3504,3504,3504,3504,3504,3504,3504,45.924217224121094,45.34469985961914,44.307029724121094,43.92567443847656,44.41328811645508,44.48957824707031,43.966705322265625,45.10245132446289,45.12242126464844,14.285715103149414,18.18181800842285,20,5,0,0,0,0,3.0619900226593018,8589934592,1073741824,5325488128,290652160
206,1771644991507,3504,3504,3504,3504,3504,3504,3504,3504,45.924217224121094,45.34469985961914,44.307029724121094,43.92567443847656,44.41328811645508,44.48957824707031,43.966705322265625,45.10245132446289,45.12242126464844,10,10,23.809524536132813,4.761904716491699,0,0,0,0,3.0619900226593018,8589934592,1073741824,5325455360,290652160
209,1771644991713,3504,3504,3504,3504,3504,3504,3504,3504,45.924217224121094,45.34469985961914,44.307029724121094,43.92567443847656,44.41328811645508,44.48957824707031,43.966705322265625,45.10245132446289,45.12242126464844,23.809524536132813,23.809524536132813,10,19.047618865966797,0,4.545454502105713,4.545454502105713,0,2.0358824729919434,8589934592,1073741824,5325602816,290652160
203,1771644991924,3504,3504,3504,3504,3504,3504,3504,3504,45.924217224121094,45.34469985961914,44.307029724121094,43.92567443847656,44.41328811645508,44.48957824707031,43.966705322265625,45.10245132446289,45.12242126464844,14.285715103149414,23.809524536132813,9.523809432983398,5,0,0,0,0,2.0358824729919434,8589934592,1073741824,5325160448,290652160
209,1771644992128,3504,3504,3504,3504,3504,3504,3504,3504,45.924217224121094,45.34469985961914,44.307029724121094,43.92567443847656,44.41328811645508,44.48957824707031,43.966705322265625,45.10245132446289,45.12242126464844,20,15.000000953674316,15.000000953674316,9.523809432983398,0,0,0,0,2.0358824729919434,8589934592,1073741824,5325160448,290652160
202,1771644992337,3504,3504,3504,3504,3504,3504,3504,3504,45.21353530883789,44.476139068603516,43.403953552246094,43.152427673339844,43.726722717285156,43.46275329589844,43.169761657714844,44.24784851074219,44.32854080200195,19.047618865966797,23.809524536132813,9.523809432983398,4.761904716491699,0,0,0,0,2.0358824729919434,8589934592,1073741824,5325340672,290652160
205,1771644992540,3504,3504,3504,3504,3504,3504,3504,3504,45.21353530883789,44.476139068603516,43.403953552246094,43.152427673339844,43.726722717285156,43.46275329589844,43.169761657714844,44.24784851074219,44.32854080200195,10,25,10,14.285715103149414,0,0,0,0,2.0358824729919434,8589934592,1073741824,5325340672,290652160
207,1771644992747,3504,3504,3504,3504,3504,3504,3504,3504,45.21353530883789,44.476139068603516,43.403953552246094,43.152427673339844,43.726722717285156,43.46275329589844,43.169761657714844,44.24784851074219,44.32854080200195,14.285715103149414,31.81818199157715,14.285715103149414,5.263157844543457,0,0,0,0,2.0703399181365967,8589934592,1073741824,5325340672,290652160
209,1771644992955,3504,3504,3504,3504,3504,3504,3504,3504,45.21353530883789,44.476139068603516,43.403953552246094,43.152427673339844,43.726722717285156,43.46275329589844,43.169761657714844,44.24784851074219,44.32854080200195,22.72727394104004,15.000000953674316,9.523809432983398,9.090909004211426,0,0,0,0,2.0703399181365967,8589934592,1073741824,5325340672,290652160
208,1771644993165,3504,3504,3504,3504,3504,3504,3504,3504,45.21353530883789,44.476139068603516,43.403953552246094,43.152427673339844,43.726722717285156,43.46275329589844,43.169761657714844,44.24784851074219,44.32854080200195,15.789472579956055,20,5,9.523809432983398,0,0,0,0,2.0703399181365967,8589934592,1073741824,5325340672,290652160
205,1771644993373,3504,3504,3504,3504,3504,3504,3504,3504,44.33059310913086,43.83327865600586,42.687095642089844,42.59465026855469,43.01164245605469,42.830543518066406,42.51726531982422,43.585453033447266,43.63235855102539,23.809524536132813,18.18181800842285,14.285715103149414,5,0,0,0,0,2.0703399181365967,8589934592,1073741824,5323702272,290652160
209,1771644993580,3504,3504,3504,3504,3504,3504,3504,3504,44.33059310913086,43.83327865600586,42.687095642089844,42.59465026855469,43.01164245605469,42.830543518066406,42.51726531982422,43.585453033447266,43.63235855102539,28.571430206298828,15.000000953674316,9.523809432983398,9.523809432983398,0,0,0,0,2.0703399181365967,8589934592,1073741824,5323538432,290652160
205,1771644993790,3504,3504,3504,3504,3504,3504,3504,3504,44.33059310913086,43.83327865600586,42.687095642089844,42.59465026855469,43.01164245605469,42.830543518066406,42.51726531982422,43.585453033447266,43.63235855102539,19.047618865966797,19.047618865966797,9.523809432983398,10,0,0,0,0,2.556016683578491,8589934592,1073741824,5323538432,290652160
204,1771644993996,3504,3504,3504,3504,3504,3504,3504,3504,44.33059310913086,43.83327865600586,42.687095642089844,42.59465026855469,43.01164245605469,42.830543518066406,42.51726531982422,43.585453033447266,43.63235855102539,23.809524536132813,28.571430206298828,20,23.809524536132813,0,0,0,0,2.556016683578491,8589934592,1073741824,5324455936,290652160
205,1771644994201,3504,3504,3504,3504,3504,3504,3504,3504,43.74276351928711,43.41932678222656,42.20000457763672,41.96320343017578,42.418609619140625,42.419036865234375,41.96946716308594,43.00907897949219,43.12767791748047,15.000000953674316,5.263157844543457,19.047618865966797,19.047618865966797,0,0,0,0,2.556016683578491,8589934592,1073741824,5324455936,290652160
209,1771644994407,3504,3504,3504,3504,3504,3504,3504,3504,43.74276351928711,43.41932678222656,42.20000457763672,41.96320343017578,42.418609619140625,42.419036865234375,41.96946716308594,43.00907897949219,43.12767791748047,15.000000953674316,19.047618865966797,19.047618865966797,15.000000953674316,0,0,0,0,2.556016683578491,8589934592,1073741824,5324095488,290652160
206,1771644994617,3504,3504,3504,3504,3504,3504,3504,3504,43.74276351928711,43.41932678222656,42.20000457763672,41.96320343017578,42.418609619140625,42.419036865234375,41.96946716308594,43.00907897949219,43.12767791748047,14.285715103149414,14.285715103149414,15.000000953674316,14.285715103149414,0,0,0,0,2.556016683578491,8589934592,1073741824,5323456512,290652160
209,1771644994823,3504,3504,3504,3504,3504,3504,3504,3504,43.74276351928711,43.41932678222656,42.20000457763672,41.96320343017578,42.418609619140625,42.419036865234375,41.96946716308594,43.00907897949219,43.12767791748047,15.000000953674316,14.285715103149414,23.809524536132813,9.523809432983398,0,0,0,0,1.918331265449524,8589934592,1073741824,5323489280,290652160
208,1771644995034,3504,3504,3504,3504,3504,3504,3504,3504,43.74276351928711,43.41932678222656,42.20000457763672,41.96320343017578,42.418609619140625,42.419036865234375,41.96946716308594,43.00907897949219,43.12767791748047,13.636363983154297,14.285715103149414,25,5,0,0,0,0,1.918331265449524,8589934592,1073741824,5323505664,290652160
201,1771644995242,3504,3504,3504,3504,3504,3504,3504,3504,43.24343490600586,43.08090591430664,41.67890930175781,41.50384521484375,41.98130416870117,41.858970642089844,41.523887634277344,42.62506103515625,42.668060302734375,15.000000953674316,10,23.809524536132813,9.523809432983398,0,0,0,0,1.918331265449524,8589934592,1073741824,5323505664,290652160
204,1771644995444,3504,3504,3504,3504,3504,3504,3504,3504,43.24343490600586,43.08090591430664,41.67890930175781,41.50384521484375,41.98130416870117,41.858970642089844,41.523887634277344,42.62506103515625,42.668060302734375,25,15.000000953674316,19.047618865966797,10,4.761904716491699,0,0,0,1.918331265449524,8589934592,1073741824,5323571200,290652160
209,1771644995649,3504,3504,3504,3504,3504,3504,3504,3504,43.24343490600586,43.08090591430664,41.67890930175781,41.50384521484375,41.98130416870117,41.858970642089844,41.523887634277344,42.62506103515625,42.668060302734375,23.809524536132813,9.523809432983398,5.263157844543457,19.047618865966797,0,0,0,0,1.918331265449524,8589934592,1073741824,5323243520,290652160
204,1771644995859,3504,3504,3504,3504,3504,3504,3504,3504,43.24343490600586,43.08090591430664,41.67890930175781,41.50384521484375,41.98130416870117,41.858970642089844,41.523887634277344,42.62506103515625,42.668060302734375,23.809524536132813,19.047618865966797,14.285715103149414,14.285715103149414,0,0,0,0,2.415245532989502,8589934592,1073741824,5323096064,290652160
209,1771644996063,3504,3504,3504,3504,3504,3504,3504,3504,43.24343490600586,43.08090591430664,41.67890930175781,41.50384521484375,41.98130416870117,41.858970642089844,41.523887634277344,42.62506103515625,42.668060302734375,15.000000953674316,20,14.285715103149414,5,0,0,0,0,2.415245532989502,8589934592,1073741824,5322784768,290652160
203,1771644996274,3504,3504,3504,3504,3504,3504,3504,3504,42.88880920410156,42.630794525146484,41.19568634033203,41.04603576660156,41.432125091552734,41.251434326171875,41.06922912597656,42.210044860839844,42.175697326660156,23.809524536132813,14.285715103149414,19.047618865966797,9.523809432983398,0,0,0,0,2.415245532989502,8589934592,1073741824,5322784768,290652160
204,1771644996477,3504,3504,3504,3504,3504,3504,3504,3504,42.88880920410156,42.630794525146484,41.19568634033203,41.04603576660156,41.432125091552734,41.251434326171875,41.06922912597656,42.210044860839844,42.175697326660156,15.000000953674316,20,15.789472579956055,9.523809432983398,0,0,0,0,2.415245532989502,8589934592,1073741824,5322653696,290652160
207,1771644996682,3504,3504,3504,3504,3504,3504,3504,3504,42.88880920410156,42.630794525146484,41.19568634033203,41.04603576660156,41.432125091552734,41.251434326171875,41.06922912597656,42.210044860839844,42.175697326660156,20,23.809524536132813,19.047618865966797,10,0,0,0,0,2.083575963973999,8589934592,1073741824,5322670080,290652160
209,1771644996890,3504,3504,3504,3504,3504,3504,3504,3504,42.88880920410156,42.630794525146484,41.19568634033203,41.04603576660156,41.432125091552734,41.251434326171875,41.06922912597656,42.210044860839844,42.175697326660156,15.000000953674316,14.285715103149414,19.047618865966797,0,4.761904716491699,0,0,0,2.083575963973999,8589934592,1073741824,5323440128,290652160
209,1771644997100,3504,3504,3504,3504,3504,3504,3504,3504,42.88880920410156,42.630794525146484,41.19568634033203,41.04603576660156,41.432125091552734,41.251434326171875,41.06922912597656,42.210044860839844,42.175697326660156,22.72727394104004,15.789472579956055,19.047618865966797,14.285715103149414,0,0,0,0,2.083575963973999,8589934592,1073741824,5323341824,290652160
209,1771644997310,3504,3504,3504,3504,3504,3504,3504,3504,42.626312255859375,42.16309356689453,40.86823272705078,40.713233947753906,41.09306335449219,40.92195129394531,40.70916748046875,41.82819366455078,41.87818145751953,33.333335876464844,45.45454788208008,33.333335876464844,33.333335876464844,4.761904716491699,4.761904716491699,0,0,2.083575963973999,8589934592,1073741824,5323079680,290652160
209,1771644997520,3504,3504,3504,3504,3504,3504,3504,3504,42.626312255859375,42.16309356689453,40.86823272705078,40.713233947753906,41.09306335449219,40.92195129394531,40.70916748046875,41.82819366455078,41.87818145751953,15.000000953674316,23.809524536132813,14.285715103149414,4.761904716491699,0,0,0,0,2.083575963973999,8589934592,1073741824,5323423744,290652160
208,1771644997730,3504,3504,3504,3504,3504,3504,3504,3504,42.626312255859375,42.16309356689453,40.86823272705078,40.713233947753906,41.09306335449219,40.92195129394531,40.70916748046875,41.82819366455078,41.87818145751953,20,23.809524536132813,5,9.523809432983398,0,0,0,0,1.8711248636245728,8589934592,1073741824,5323259904,290652160
206,1771644997939,3504,3504,3504,3504,3504,3504,3504,3504,42.626312255859375,42.16309356689453,40.86823272705078,40.713233947753906,41.09306335449219,40.92195129394531,40.70916748046875,41.82819366455078,41.87818145751953,27.272727966308594,15.000000953674316,13.636363983154297,10,0,0,0,0,1.8711248636245728,8589934592,1073741824,5323374592,290652160
209,1771644998145,3504,3504,3504,3504,3504,3504,3504,3504,42.626312255859375,42.16309356689453,40.86823272705078,40.713233947753906,41.09306335449219,40.92195129394531,40.70916748046875,41.82819366455078,41.87818145751953,19.047618865966797,14.285715103149414,10,19.047618865966797,0,0,0,0,1.8711248636245728,8589934592,1073741824,5323374592,290652160
201,1771644998355,3504,3504,3504,3504,3504,3504,3504,3504,42.37245178222656,41.59651565551758,40.53155517578125,40.42071533203125,40.747406005859375,40.64928436279297,40.417152404785156,41.472293853759766,41.52065658569336,19.047618865966797,14.285715103149414,10,19.047618865966797,0,0,0,0,1.8711248636245728,8589934592,1073741824,5323374592,290652160
209,1771644998557,3504,3504,3504,3504,3504,3504,3504,3504,42.37245178222656,41.59651565551758,40.53155517578125,40.42071533203125,40.747406005859375,40.64928436279297,40.417152404785156,41.472293853759766,41.52065658569336,21.052631378173828,10.526315689086914,14.285715103149414,15.000000953674316,0,0,0,0,1.8711248636245728,8589934592,1073741824,5316804608,290652160
204,1771644998767,3504,3504,3504,3504,3504,3504,3504,3504,42.37245178222656,41.59651565551758,40.53155517578125,40.42071533203125,40.747406005859375,40.64928436279297,40.417152404785156,41.472293853759766,41.52065658569336,22.72727394104004,14.285715103149414,9.523809432983398,18.18181800842285,0,0,0,0,2.4029996395111084,8589934592,1073741824,5316263936,290652160
199,1771644998971,3504,3504,3504,3504,3504,3504,3504,3504,42.37245178222656,41.59651565551758,40.53155517578125,40.42071533203125,40.747406005859375,40.64928436279297,40.417152404785156,41.472293853759766,41.52065658569336,15.789472579956055,14.285715103149414,10,10.526315689086914,0,0,0,0,2.4029996395111084,8589934592,1073741824,5311594496,290652160
209,1771644999172,3504,3504,3504,3504,3504,3504,3504,3504,42.37245178222656,41.59651565551758,40.53155517578125,40.42071533203125,40.747406005859375,40.64928436279297,40.417152404785156,41.472293853759766,41.52065658569336,30.000001907348633,25,20,19.047618865966797,30.000001907348633,0,0,0,2.4029996395111084,8589934592,1073741824,5310873600,290652160
201,1771644999381,3504,3504,3504,3504,3504,3504,3504,3504,42.09926223754883,41.451820373535156,40.30035400390625,40.14366912841797,40.49510955810547,40.29375457763672,40.109230041503906,41.17202377319336,41.18265914916992,28.571430206298828,28.571430206298828,23.809524536132813,23.809524536132813,0,0,0,0,2.4029996395111084,8589934592,1073741824,5310873600,290652160
202,1771644999583,3504,3504,3504,3504,3504,3504,3504,3504,42.09926223754883,41.451820373535156,40.30035400390625,40.14366912841797,40.49510955810547,40.29375457763672,40.109230041503906,41.17202377319336,41.18265914916992,15.000000953674316,15.789472579956055,10,5,0,0,0,0,2.4029996395111084,8589934592,1073741824,5312348160,290652160
209,1771644999786,3504,3504,3504,3504,3504,3504,3504,3504,42.09926223754883,41.451820373535156,40.30035400390625,40.14366912841797,40.49510955810547,40.29375457763672,40.109230041503906,41.17202377319336,41.18265914916992,28.571430206298828,22.72727394104004,20,15.000000953674316,5,9.523809432983398,5,4.761904716491699,2.44993257522583,8589934592,1073741824,5312724992,290652160
209,1771644999996,3504,3504,3504,3504,3504,3504,3504,3504,42.09926223754883,41.451820373535156,40.30035400390625,40.14366912841797,40.49510955810547,40.29375457763672,40.109230041503906,41.17202377319336,41.18265914916992,15.000000953674316,5.263157844543457,13.636363983154297,9.523809432983398,0,0,0,0,2.44993257522583,8589934592,1073741824,5312741376,290652160
199,1771645000207,3504,3504,3504,3504,3504,3504,3504,3504,41.986045837402344,41.18165588378906,40.04429626464844,39.90412139892578,40.2962646484375,40.11601257324219,39.930763244628906,41.01213836669922,41.07074737548828,28.571430206298828,19.047618865966797,20,23.809524536132813,0,0,0,0,2.44993257522583,8589934592,1073741824,5312741376,290652160
208,1771645000407,3504,3504,3504,3504,3504,3504,3504,3504,41.986045837402344,41.18165588378906,40.04429626464844,39.90412139892578,40.2962646484375,40.11601257324219,39.930763244628906,41.01213836669922,41.07074737548828,20,20,14.285715103149414,15.789472579956055,0,0,0,0,2.44993257522583,8589934592,1073741824,5312741376,290652160
207,1771645000615,3504,3504,3504,3504,3504,3504,3504,3504,41.986045837402344,41.18165588378906,40.04429626464844,39.90412139892578,40.2962646484375,40.11601257324219,39.930763244628906,41.01213836669922,41.07074737548828,20,15.000000953674316,15.000000953674316,14.285715103149414,0,0,0,0,2.44993257522583,8589934592,1073741824,5317656576,290652160
209,1771645000823,3504,3504,3504,3504,3504,3504,3504,3504,41.986045837402344,41.18165588378906,40.04429626464844,39.90412139892578,40.2962646484375,40.11601257324219,39.930763244628906,41.01213836669922,41.07074737548828,22.72727394104004,13.636363983154297,20,9.523809432983398,0,0,0,0,1.9903855323791504,8589934592,1073741824,5317623808,290652160
199,1771645001034,3504,3504,3504,3504,3504,3504,3504,3504,41.986045837402344,41.18165588378906,40.04429626464844,39.90412139892578,40.2962646484375,40.11601257324219,39.930763244628906,41.01213836669922,41.07074737548828,25,10,13.636363983154297,9.523809432983398,0,0,0,0,1.9903855323791504,8589934592,1073741824,5317738496,290652160
220,1771645001234,3504,3504,3504,3504,3504,3504,3504,3504,41.67222595214844,40.68098449707031,39.67731475830078,39.50923156738281,40.019683837890625,39.69293212890625,39.604942321777344,40.65436553955078,40.68710708618164,25,19.047618865966797,10.526315689086914,20,9.523809432983398,5.263157844543457,0,0,1.9903855323791504,8589934592,1073741824,5317787648,290652160
209,1771645001455,3504,3504,3504,3504,3504,3504,3504,3504,41.67222595214844,40.68098449707031,39.67731475830078,39.50923156738281,40.019683837890625,39.69293212890625,39.604942321777344,40.65436553955078,40.68710708618164,14.285715103149414,14.285715103149414,9.090909004211426,9.090909004211426,9.090909004211426,9.090909004211426,0,0,1.9903855323791504,8589934592,1073741824,5317787648,290652160
208,1771645001665,3504,3504,3504,3504,3504,3504,3504,3504,41.67222595214844,40.68098449707031,39.67731475830078,39.50923156738281,40.019683837890625,39.69293212890625,39.604942321777344,40.65436553955078,40.68710708618164,31.81818199157715,31.81818199157715,33.333335876464844,28.571430206298828,19.047618865966797,19.047618865966797,14.285715103149414,14.285715103149414,1.9903855323791504,8589934592,1073741824,5283807232,290652160
205,1771645001874,3504,3504,3504,3504,3504,3504,3504,3504,41.67222595214844,40.68098449707031,39.67731475830078,39.50923156738281,40.019683837890625,39.69293212890625,39.604942321777344,40.65436553955078,40.68710708618164,25,14.285715103149414,14.285715103149414,4.761904716491699,4.761904716491699,0,4.545454502105713,0,2.5792465209960938,8589934592,1073741824,5284511744,290652160
207,1771645002080,3504,3504,3504,3504,3504,3504,3504,3504,41.67222595214844,40.68098449707031,39.67731475830078,39.50923156738281,40.019683837890625,39.69293212890625,39.604942321777344,40.65436553955078,40.68710708618164,23.809524536132813,10,15.000000953674316,9.523809432983398,0,0,0,0,2.5792465209960938,8589934592,1073741824,5284511744,290652160
205,1771645002288,3504,3504,3504,3504,3504,3504,3504,3504,42.6027946472168,41.68730545043945,40.47899627685547,40.37450408935547,40.341461181640625,40.40399169921875,40.271636962890625,41.4448127746582,41.495296478271484,23.809524536132813,25,23.809524536132813,20,14.285715103149414,18.18181800842285,14.285715103149414,14.285715103149414,2.5792465209960938,8589934592,1073741824,5281841152,290652160
207,1771645002494,3504,3504,3504,3504,3504,3504,3504,3504,42.6027946472168,41.68730545043945,40.47899627685547,40.37450408935547,40.341461181640625,40.40399169921875,40.271636962890625,41.4448127746582,41.495296478271484,15.000000953674316,23.809524536132813,14.285715103149414,14.285715103149414,5.263157844543457,10,9.523809432983398,4.761904716491699,2.5792465209960938,8589934592,1073741824,5282250752,290652160
209,1771645002702,3504,3504,3504,3504,3504,3504,3504,3504,42.6027946472168,41.68730545043945,40.47899627685547,40.37450408935547,40.341461181640625,40.40399169921875,40.271636962890625,41.4448127746582,41.495296478271484,14.285715103149414,23.809524536132813,10,15.000000953674316,0,0,0,0,1.8597557544708252,8589934592,1073741824,5282332672,290652160
202,1771645002912,3504,3504,3504,3504,3504,3504,3504,3504,42.6027946472168,41.68730545043945,40.47899627685547,40.37450408935547,40.341461181640625,40.40399169921875,40.271636962890625,41.4448127746582,41.495296478271484,15.000000953674316,23.809524536132813,13.636363983154297,19.047618865966797,4.545454502105713,0,0,0,1.8597557544708252,8589934592,1073741824,5282381824,290652160
208,1771645003114,3504,3504,3504,3504,3504,3504,3504,3504,42.6027946472168,41.68730545043945,40.47899627685547,40.37450408935547,40.341461181640625,40.40399169921875,40.271636962890625,41.4448127746582,41.495296478271484,15.000000953674316,20,5.263157844543457,15.000000953674316,0,0,0,0,1.8597557544708252,8589934592,1073741824,5282381824,290652160
209,1771645003323,3504,3504,3504,3504,3504,3504,3504,3504,41.709014892578125,40.73603057861328,39.691444396972656,39.53486633300781,39.992958068847656,39.72692108154297,39.58112335205078,40.67219161987305,40.69887924194336,18.18181800842285,15.000000953674316,14.285715103149414,23.809524536132813,0,0,0,0,1.8597557544708252,8589934592,1073741824,5282381824,290652160
209,1771645003534,3504,3504,3504,3504,3504,3504,3504,3504,41.709014892578125,40.73603057861328,39.691444396972656,39.53486633300781,39.992958068847656,39.72692108154297,39.58112335205078,40.67219161987305,40.69887924194336,14.285715103149414,14.285715103149414,4.761904716491699,9.523809432983398,4.545454502105713,0,0,0,1.8597557544708252,8589934592,1073741824,5282381824,290652160
200,1771645003744,3504,3504,3504,3504,3504,3504,3504,3504,41.709014892578125,40.73603057861328,39.691444396972656,39.53486633300781,39.992958068847656,39.72692108154297,39.58112335205078,40.67219161987305,40.69887924194336,15.000000953674316,9.523809432983398,9.523809432983398,23.809524536132813,0,0,0,0,3.316410541534424,8589934592,1073741824,5282430976,290652160
209,1771645003944,3504,3504,3504,3504,3504,3504,3504,3504,41.709014892578125,40.73603057861328,39.691444396972656,39.53486633300781,39.992958068847656,39.72692108154297,39.58112335205078,40.67219161987305,40.69887924194336,19.047618865966797,19.047618865966797,15.000000953674316,20,0,0,0,0,3.316410541534424,8589934592,1073741824,5282430976,290652160
200,1771645004155,3504,3504,3504,3504,3504,3504,3504,3504,41.709014892578125,40.73603057861328,39.691444396972656,39.53486633300781,39.992958068847656,39.72692108154297,39.58112335205078,40.67219161987305,40.69887924194336,14.285715103149414,15.000000953674316,9.523809432983398,14.285715103149414,0,0,0,0,3.316410541534424,8589934592,1073741824,5282430976,290652160
209,1771645004355,3504,3504,3504,3504,3504,3504,3504,3504,41.18051528930664,40.28535842895508,39.12914276123047,39.09343719482422,39.4422607421875,39.1593017578125,38.97599792480469,40.12071228027344,40.14263916015625,15.789472579956055,20,15.000000953674316,10,0,0,0,0,3.316410541534424,8589934592,1073741824,5282430976,290652160
203,1771645004565,3504,3504,3504,3504,3504,3504,3504,3504,41.18051528930664,40.28535842895508,39.12914276123047,39.09343719482422,39.4422607421875,39.1593017578125,38.97599792480469,40.12071228027344,40.14263916015625,14.285715103149414,23.809524536132813,9.523809432983398,9.523809432983398,0,0,0,0,3.316410541534424,8589934592,1073741824,5282430976,290652160
209,1771645004770,3504,3504,3504,3504,3504,3504,3504,3504,41.18051528930664,40.28535842895508,39.12914276123047,39.09343719482422,39.4422607421875,39.1593017578125,38.97599792480469,40.12071228027344,40.14263916015625,15.000000953674316,25,10,5,0,0,0,0,2.166991949081421,8589934592,1073741824,5282349056,290652160
208,1771645004980,3504,3504,3504,3504,3504,3504,3504,3504,41.18051528930664,40.28535842895508,39.12914276123047,39.09343719482422,39.4422607421875,39.1593017578125,38.97599792480469,40.12071228027344,40.14263916015625,18.18181800842285,19.047618865966797,23.809524536132813,13.636363983154297,0,0,0,0,2.166991949081421,8589934592,1073741824,5282070528,290652160
208,1771645005188,3504,3504,3504,3504,3504,3504,3504,3504,40.74176788330078,40.111114501953125,38.935638427734375,38.82810974121094,39.13128662109375,38.88683319091797,38.753211975097656,39.86745834350586,39.892189025878906,26.3157901763916,15.000000953674316,23.809524536132813,14.285715103149414,0,0,0,0,2.166991949081421,8589934592,1073741824,5282447360,290652160
207,1771645005397,3504,3504,3504,3504,3504,3504,3504,3504,40.74176788330078,40.111114501953125,38.935638427734375,38.82810974121094,39.13128662109375,38.88683319091797,38.753211975097656,39.86745834350586,39.892189025878906,22.72727394104004,14.285715103149414,15.000000953674316,5,0,0,0,0,2.166991949081421,8589934592,1073741824,5282447360,290652160
209,1771645005605,3504,3504,3504,3504,3504,3504,3504,3504,40.74176788330078,40.111114501953125,38.935638427734375,38.82810974121094,39.13128662109375,38.88683319091797,38.753211975097656,39.86745834350586,39.892189025878906,20,14.285715103149414,19.047618865966797,5,0,0,0,0,2.166991949081421,8589934592,1073741824,5282430976,290652160
208,1771645005815,3504,3504,3504,3504,3504,3504,3504,3504,40.74176788330078,40.111114501953125,38.935638427734375,38.82810974121094,39.13128662109375,38.88683319091797,38.753211975097656,39.86745834350586,39.892189025878906,25,19.047618865966797,14.285715103149414,9.523809432983398,0,0,0,0,2.2741363048553467,8589934592,1073741824,5280661504,290652160
209,1771645006023,3504,3504,3504,3504,3504,3504,3504,3504,40.74176788330078,40.111114501953125,38.935638427734375,38.82810974121094,39.13128662109375,38.88683319091797,38.753211975097656,39.86745834350586,39.892189025878906,22.72727394104004,9.523809432983398,14.285715103149414,19.047618865966797,0,0,0,0,2.2741363048553467,8589934592,1073741824,5280694272,290652160
206,1771645006233,3504,3504,3504,3504,3504,3504,3504,3504,40.46113967895508,39.986968994140625,38.65956115722656,38.644813537597656,38.98685073852539,38.674278259277344,38.62298583984375,39.689483642578125,39.72977828979492,25,15.000000953674316,14.285715103149414,19.047618865966797,0,0,0,0,2.2741363048553467,8589934592,1073741824,5278580736,290652160
206,1771645006440,3504,3504,3504,3504,3504,3504,3504,3504,40.46113967895508,39.986968994140625,38.65956115722656,38.644813537597656,38.98685073852539,38.674278259277344,38.62298583984375,39.689483642578125,39.72977828979492,19.047618865966797,14.285715103149414,10,19.047618865966797,0,0,0,0,2.2741363048553467,8589934592,1073741824,5278662656,290652160
209,1771645006647,3504,3504,3504,3504,3504,3504,3504,3504,40.46113967895508,39.986968994140625,38.65956115722656,38.644813537597656,38.98685073852539,38.674278259277344,38.62298583984375,39.689483642578125,39.72977828979492,19.047618865966797,14.285715103149414,20,10,0,0,0,0,2.2741363048553467,8589934592,1073741824,5278367744,290652160
209,1771645006857,3504,3504,3504,3504,3504,3504,3504,3504,40.46113967895508,39.986968994140625,38.65956115722656,38.644813537597656,38.98685073852539,38.674278259277344,38.62298583984375,39.689483642578125,39.72977828979492,10,22.72727394104004,18.18181800842285,9.523809432983398,0,4.761904716491699,0,4.545454502105713,2.1088554859161377,8589934592,1073741824,5278466048,290652160
199,1771645007067,3504,3504,3504,3504,3504,3504,3504,3504,40.46113967895508,39.986968994140625,38.65956115722656,38.644813537597656,38.98685073852539,38.674278259277344,38.62298583984375,39.689483642578125,39.72977828979492,21.7391300201416,15.000000953674316,28.571430206298828,5,0,0,0,0,2.1088554859161377,8589934592,1073741824,5278466048,290652160
205,1771645007268,3504,3504,3504,3504,3504,3504,3504,3504,40.317325592041016,39.871437072753906,38.54962158203125,38.360206604003906,38.79569625854492,38.47074890136719,38.44495391845703,39.546051025390625,39.56857681274414,10.526315689086914,5.263157844543457,25,9.523809432983398,0,0,0,0,2.1088554859161377,8589934592,1073741824,5278498816,290652160
209,1771645007474,3504,3504,3504,3504,3504,3504,3504,3504,40.317325592041016,39.871437072753906,38.54962158203125,38.360206604003906,38.79569625854492,38.47074890136719,38.44495391845703,39.546051025390625,39.56857681274414,20,19.047618865966797,30.000001907348633,15.000000953674316,0,0,0,0,2.1088554859161377,8589934592,1073741824,5279137792,290652160
206,1771645007684,3504,3504,3504,3504,3504,3504,3504,3504,40.317325592041016,39.871437072753906,38.54962158203125,38.360206604003906,38.79569625854492,38.47074890136719,38.44495391845703,39.546051025390625,39.56857681274414,19.047618865966797,14.285715103149414,22.72727394104004,19.047618865966797,0,0,0,0,1.9546780586242676,8589934592,1073741824,5279137792,290652160
209,1771645007890,3504,3504,3504,3504,3504,3504,3504,3504,40.317325592041016,39.871437072753906,38.54962158203125,38.360206604003906,38.79569625854492,38.47074890136719,38.44495391845703,39.546051025390625,39.56857681274414,10,14.285715103149414,15.789472579956055,14.285715103149414,0,0,0,0,1.9546780586242676,8589934592,1073741824,5279137792,290652160
209,1771645008100,3504,3504,3504,3504,3504,3504,3504,3504,40.317325592041016,39.871437072753906,38.54962158203125,38.360206604003906,38.79569625854492,38.47074890136719,38.44495391845703,39.546051025390625,39.56857681274414,14.285715103149414,20,13.636363983154297,19.047618865966797,0,0,0,0,1.9546780586242676,8589934592,1073741824,5279006720,290652160
209,1771645008310,3504,3504,3504,3504,3504,3504,3504,3504,40.02498245239258,39.68657684326172,38.28369903564453,38.10963439941406,38.65213394165039,38.284523010253906,38.27558135986328,39.327796936035156,39.395729064941406,19.047618865966797,14.285715103149414,5,9.523809432983398,0,0,0,0,1.9546780586242676,8589934592,1073741824,5279023104,290652160
204,1771645008520,3504,3504,3504,3504,3504,3504,3504,3504,40.02498245239258,39.68657684326172,38.28369903564453,38.10963439941406,38.65213394165039,38.284523010253906,38.27558135986328,39.327796936035156,39.395729064941406,28.571430206298828,19.047618865966797,19.047618865966797,10,5,5,4.761904716491699,0,1.9546780586242676,8589934592,1073741824,5280301056,290652160
207,1771645008726,3504,3504,3504,3504,3504,3504,3504,3504,40.02498245239258,39.68657684326172,38.28369903564453,38.10963439941406,38.65213394165039,38.284523010253906,38.27558135986328,39.327796936035156,39.395729064941406,20,20,14.285715103149414,14.285715103149414,0,0,0,0,2.5796823501586914,8589934592,1073741824,5280317440,290652160
205,1771645008933,3504,3504,3504,3504,3504,3504,3504,3504,40.02498245239258,39.68657684326172,38.28369903564453,38.10963439941406,38.65213394165039,38.284523010253906,38.27558135986328,39.327796936035156,39.395729064941406,23.809524536132813,19.047618865966797,14.285715103149414,14.285715103149414,4.761904716491699,4.761904716491699,4.761904716491699,0,2.5796823501586914,8589934592,1073741824,5272698880,290652160
204,1771645009139,3504,3504,3504,3504,3504,3504,3504,3504,40.02498245239258,39.68657684326172,38.28369903564453,38.10963439941406,38.65213394165039,38.284523010253906,38.27558135986328,39.327796936035156,39.395729064941406,25,15.000000953674316,15.000000953674316,19.047618865966797,9.523809432983398,0,0,0,2.5796823501586914,8589934592,1073741824,5273075712,290652160
209,1771645009344,3504,3504,3504,3504,3504,3504,3504,3504,40.118534088134766,39.81346130371094,38.391815185546875,38.173927307128906,38.59765625,38.214378356933594,38.216026306152344,39.28870391845703,39.38641357421875,23.809524536132813,14.285715103149414,14.285715103149414,15.000000953674316,33.333335876464844,0,0,0,2.5796823501586914,8589934592,1073741824,5273075712,290652160
208,1771645009555,3504,3504,3504,3504,3504,3504,3504,3504,40.118534088134766,39.81346130371094,38.391815185546875,38.173927307128906,38.59765625,38.214378356933594,38.216026306152344,39.28870391845703,39.38641357421875,22.72727394104004,9.523809432983398,5,0,5,9.090909004211426,0,4.545454502105713,2.5796823501586914,8589934592,1073741824,5273092096,290652160
209,1771645009764,3504,3504,3504,3504,3504,3504,3504,3504,40.118534088134766,39.81346130371094,38.391815185546875,38.173927307128906,38.59765625,38.214378356933594,38.216026306152344,39.28870391845703,39.38641357421875,20,23.809524536132813,14.285715103149414,13.636363983154297,0,0,0,0,1.895768642425537,8589934592,1073741824,5272895488,290652160
201,1771645009974,3504,3504,3504,3504,3504,3504,3504,3504,40.118534088134766,39.81346130371094,38.391815185546875,38.173927307128906,38.59765625,38.214378356933594,38.216026306152344,39.28870391845703,39.38641357421875,25,9.523809432983398,9.523809432983398,5,0,0,0,0,1.895768642425537,8589934592,1073741824,5272928256,290652160
206,1771645010176,3504,3504,3504,3504,3504,3504,3504,3504,40.118534088134766,39.81346130371094,38.391815185546875,38.173927307128906,38.59765625,38.214378356933594,38.140411376953125,39.255592346191406,39.359195709228516,38.095237731933594,15.000000953674316,10,14.285715103149414,0,0,0,0,1.895768642425537,8589934592,1073741824,5272928256,290652160
209,1771645010382,3504,3504,3504,3504,3504,3504,3504,3504,40.19617462158203,39.826515197753906,38.443275451660156,38.21527099609375,38.58354949951172,38.175697326660156,38.140411376953125,39.255592346191406,39.359195709228516,23.809524536132813,15.000000953674316,10,5,0,0,0,0,1.895768642425537,8589934592,1073741824,5272731648,290652160
204,1771645010592,3504,3504,3504,3504,3504,3504,3504,3504,40.19617462158203,39.826515197753906,38.443275451660156,38.21527099609375,38.58354949951172,38.175697326660156,38.140411376953125,39.255592346191406,39.359195709228516,25,19.047618865966797,18.18181800842285,14.285715103149414,0,0,0,0,1.895768642425537,8589934592,1073741824,5272731648,290652160
209,1771645010797,3504,3504,3504,3504,3504,3504,3504,3504,40.19617462158203,39.826515197753906,38.443275451660156,38.21527099609375,38.58354949951172,38.175697326660156,38.140411376953125,39.255592346191406,39.359195709228516,19.047618865966797,20,10,5,0,0,0,0,2.6191608905792236,8589934592,1073741824,5272748032,290652160
203,1771645011007,3504,3504,3504,3504,3504,3504,3504,3504,40.19617462158203,39.826515197753906,38.443275451660156,38.21527099609375,38.58354949951172,38.175697326660156,38.140411376953125,39.255592346191406,39.359195709228516,25,14.285715103149414,14.285715103149414,9.090909004211426,0,0,0,0,2.6191608905792236,8589934592,1073741824,5272715264,290652160
207,1771645011211,3504,3504,3504,3504,3504,3504,3504,3504,39.81377410888672,39.241214752197266,37.92021179199219,37.796714782714844,38.32737350463867,37.810882568359375,37.89686584472656,39.02711486816406,39.02357482910156,30.000001907348633,14.285715103149414,5.263157844543457,10.526315689086914,0,0,0,0,2.6191608905792236,8589934592,1073741824,5272731648,290652160
203,1771645011419,3504,3504,3504,3504,3504,3504,3504,3504,39.81377410888672,39.241214752197266,37.92021179199219,37.796714782714844,38.32737350463867,37.810882568359375,37.89686584472656,39.02711486816406,39.02357482910156,28.571430206298828,10,13.636363983154297,13.636363983154297,0,0,0,0,2.6191608905792236,8589934592,1073741824,5272600576,290652160
202,1771645011624,3504,3504,3504,3504,3504,3504,3504,3504,39.81377410888672,39.241214752197266,37.92021179199219,37.796714782714844,38.32737350463867,37.810882568359375,37.89686584472656,39.02711486816406,39.02357482910156,28.571430206298828,19.047618865966797,10,10,0,0,0,0,2.6191608905792236,8589934592,1073741824,5272600576,290652160
209,1771645011826,3504,3504,3504,3504,3504,3504,3504,3504,39.81377410888672,39.241214752197266,37.92021179199219,37.796714782714844,38.32737350463867,37.810882568359375,37.89686584472656,39.02711486816406,39.02357482910156,20,21.052631378173828,15.000000953674316,5.263157844543457,4.761904716491699,5,0,0,2.4027955532073975,8589934592,1073741824,5272600576,290652160
208,1771645012036,3504,3504,3504,3504,3504,3504,3504,3504,39.81377410888672,39.241214752197266,37.92021179199219,37.796714782714844,38.32737350463867,37.810882568359375,37.89686584472656,39.02711486816406,39.02357482910156,25,22.72727394104004,13.636363983154297,13.636363983154297,4.545454502105713,4.545454502105713,0,0,2.4027955532073975,8589934592,1073741824,5273059328,290652160
209,1771645012245,3504,3504,3504,3504,3504,3504,3504,3504,39.799259185791016,39.12871551513672,37.813148498535156,37.61909484863281,38.227684020996094,37.6053466796875,37.75843811035156,38.84074020385742,38.901710510253906,23.809524536132813,20,19.047618865966797,10,0,0,0,0,2.4027955532073975,8589934592,1073741824,5273059328,290652160
201,1771645012455,3504,3504,3504,3504,3504,3504,3504,3504,39.799259185791016,39.12871551513672,37.813148498535156,37.61909484863281,38.227684020996094,37.6053466796875,37.75843811035156,38.84074020385742,38.901710510253906,31.81818199157715,23.809524536132813,15.789472579956055,23.809524536132813,0,0,0,0,2.4027955532073975,8589934592,1073741824,5273059328,290652160
206,1771645012657,3504,3504,3504,3504,3504,3504,3504,3504,39.799259185791016,39.12871551513672,37.813148498535156,37.61909484863281,38.227684020996094,37.6053466796875,37.75843811035156,38.84074020385742,38.901710510253906,26.3157901763916,15.000000953674316,20,9.523809432983398,0,0,0,0,2.4027955532073975,8589934592,1073741824,5273059328,290652160
209,1771645012864,3504,3504,3504,3504,3504,3504,3504,3504,39.799259185791016,39.12871551513672,37.813148498535156,37.61909484863281,38.227684020996094,37.6053466796875,37.75843811035156,38.84074020385742,38.901710510253906,19.047618865966797,19.047618865966797,22.72727394104004,5,0,0,0,0,2.014247417449951,8589934592,1073741824,5273059328,290652160
205,1771645013074,3504,3504,3504,3504,3504,3504,3504,3504,39.799259185791016,39.12871551513672,37.813148498535156,37.61909484863281,38.227684020996094,37.6053466796875,37.75843811035156,38.84074020385742,38.901710510253906,14.285715103149414,19.047618865966797,14.285715103149414,13.636363983154297,0,0,0,0,2.014247417449951,8589934592,1073741824,5273583616,290652160
202,1771645013280,3504,3504,3504,3504,3504,3504,3504,3504,39.71299743652344,39.01342010498047,37.73649597167969,37.480377197265625,38.100223541259766,37.45172119140625,37.54908752441406,38.73045349121094,38.724937438964844,19.047618865966797,20,20,10,0,0,0,0,2.014247417449951,8589934592,1073741824,5273665536,290652160
207,1771645013482,3504,3504,3504,3504,3504,3504,3504,3504,39.71299743652344,39.01342010498047,37.73649597167969,37.480377197265625,38.100223541259766,37.45172119140625,37.54908752441406,38.73045349121094,38.724937438964844,10.526315689086914,23.809524536132813,15.000000953674316,10,0,0,0,0,2.014247417449951,8589934592,1073741824,5273567232,290652160
204,1771645013690,3504,3504,3504,3504,3504,3504,3504,3504,39.71299743652344,39.01342010498047,37.73649597167969,37.480377197265625,38.100223541259766,37.45172119140625,37.54908752441406,38.73045349121094,38.724937438964844,22.72727394104004,15.000000953674316,19.047618865966797,5,0,0,0,0,2.484389066696167,8589934592,1073741824,5273583616,290652160
205,1771645013895,3504,3504,3504,3504,3504,3504,3504,3504,39.71299743652344,39.01342010498047,37.73649597167969,37.480377197265625,38.100223541259766,37.45172119140625,37.54908752441406,38.73045349121094,38.724937438964844,10.526315689086914,9.523809432983398,15.789472579956055,19.047618865966797,0,0,0,0,2.484389066696167,8589934592,1073741824,5273583616,290652160
203,1771645014101,3504,3504,3504,3504,3504,3504,3504,3504,39.71299743652344,39.01342010498047,37.73649597167969,37.480377197265625,38.100223541259766,37.45172119140625,37.54908752441406,38.73045349121094,38.724937438964844,14.285715103149414,10,14.285715103149414,10,0,0,0,0,2.484389066696167,8589934592,1073741824,5273583616,290652160
200,1771645014306,3504,3504,3504,3504,3504,3504,3504,3504,39.53020095825195,38.85199737548828,37.533203125,37.41429901123047,37.89760208129883,37.25141143798828,37.44456481933594,38.5852165222168,38.614437103271484,15.000000953674316,15.000000953674316,20,23.809524536132813,0,0,0,0,2.484389066696167,8589934592,1073741824,5273583616,290652160
205,1771645014507,3504,3504,3504,3504,3504,3504,3504,3504,39.53020095825195,38.85199737548828,37.533203125,37.41429901123047,37.89760208129883,37.25141143798828,37.44456481933594,38.5852165222168,38.614437103271484,14.285715103149414,15.000000953674316,19.047618865966797,15.000000953674316,0,0,0,0,2.484389066696167,8589934592,1073741824,5273370624,290652160
208,1771645014713,3504,3504,3504,3504,3504,3504,3504,3504,39.53020095825195,38.85199737548828,37.533203125,37.41429901123047,37.89760208129883,37.25141143798828,37.44456481933594,38.5852165222168,38.614437103271484,10.526315689086914,14.285715103149414,19.047618865966797,15.000000953674316,0,0,0,0,2.650904655456543,8589934592,1073741824,5273403392,290652160
207,1771645014921,3504,3504,3504,3504,3504,3504,3504,3504,39.53020095825195,38.85199737548828,37.533203125,37.41429901123047,37.89760208129883,37.25141143798828,37.44456481933594,38.5852165222168,38.614437103271484,14.285715103149414,10,15.000000953674316,18.18181800842285,0,0,0,0,2.650904655456543,8589934592,1073741824,5273403392,290652160
208,1771645015129,3504,3504,3504,3504,3504,3504,3504,3504,39.53020095825195,38.85199737548828,37.533203125,37.41429901123047,37.89760208129883,37.25141143798828,37.44456481933594,38.5852165222168,38.614437103271484,19.047618865966797,10,23.809524536132813,19.047618865966797,0,0,0,0,2.650904655456543,8589934592,1073741824,5273419776,290652160
207,1771645015338,3504,3504,3504,3504,3504,3504,3504,3504,39.37228775024414,38.75623321533203,37.403419494628906,37.30657958984375,37.75215148925781,37.14849853515625,37.311317443847656,38.438507080078125,38.546451568603516,10,13.636363983154297,15.000000953674316,10,0,0,0,0,2.650904655456543,8589934592,1073741824,5273452544,290652160
207,1771645015546,3504,3504,3504,3504,3504,3504,3504,3504,39.37228775024414,38.75623321533203,37.403419494628906,37.30657958984375,37.75215148925781,37.14849853515625,37.311317443847656,38.438507080078125,38.546451568603516,18.18181800842285,14.285715103149414,19.047618865966797,19.047618865966797,0,0,0,0,2.650904655456543,8589934592,1073741824,5273583616,290652160
203,1771645015754,3504,3504,3504,3504,3504,3504,3504,3504,39.37228775024414,38.75623321533203,37.403419494628906,37.30657958984375,37.75215148925781,37.14849853515625,37.311317443847656,38.438507080078125,38.546451568603516,15.000000953674316,14.285715103149414,15.000000953674316,19.047618865966797,0,0,0,0,2.2151033878326416,8589934592,1073741824,5273583616,290652160
204,1771645015959,3504,3504,3504,3504,3504,3504,3504,3504,39.37228775024414,38.75623321533203,37.403419494628906,37.30657958984375,37.75215148925781,37.14849853515625,37.311317443847656,38.438507080078125,38.546451568603516,15.000000953674316,10.526315689086914,22.72727394104004,15.000000953674316,0,0,0,0,2.2151033878326416,8589934592,1073741824,5260673024,290652160
209,1771645016164,3504,3504,3504,3504,3504,3504,3504,3504,39.37228775024414,38.75623321533203,37.403419494628906,37.30657958984375,37.75215148925781,37.14849853515625,37.311317443847656,38.438507080078125,38.546451568603516,15.000000953674316,19.047618865966797,15.000000953674316,19.047618865966797,0,0,0,0,2.2151033878326416,8589934592,1073741824,5260967936,290652160
205,1771645016374,3504,3504,3504,3504,3504,3504,3504,3504,39.290000915527344,38.637393951416016,37.37493896484375,37.16040802001953,37.66316223144531,37.01448440551758,37.26062774658203,38.342586517333984,38.433528900146484,18.18181800842285,14.285715103149414,15.000000953674316,19.047618865966797,0,0,0,0,2.2151033878326416,8589934592,1073741824,5260918784,290652160
203,1771645016580,3504,3504,3504,3504,3504,3504,3504,3504,39.290000915527344,38.637393951416016,37.37493896484375,37.16040802001953,37.66316223144531,37.01448440551758,37.26062774658203,38.342586517333984,38.433528900146484,15.000000953674316,10,19.047618865966797,15.000000953674316,0,0,0,0,2.2151033878326416,8589934592,1073741824,5261017088,290652160
200,1771645016784,3504,3504,3504,3504,3504,3504,3504,3504,39.290000915527344,38.637393951416016,37.37493896484375,37.16040802001953,37.66316223144531,37.01448440551758,37.26062774658203,38.342586517333984,38.433528900146484,15.000000953674316,14.285715103149414,20,10.526315689086914,0,0,0,0,2.180304527282715,8589934592,1073741824,5261033472,290652160
207,1771645016984,3504,3504,3504,3504,3504,3504,3504,3504,39.290000915527344,38.637393951416016,37.37493896484375,37.16040802001953,37.66316223144531,37.01448440551758,37.26062774658203,38.342586517333984,38.433528900146484,14.285715103149414,15.000000953674316,15.000000953674316,19.047618865966797,5,0,0,0,2.180304527282715,8589934592,1073741824,5261000704,290652160
206,1771645017192,3504,3504,3504,3504,3504,3504,3504,3504,39.194671630859375,38.59461975097656,37.35199737548828,37.081825256347656,37.58002471923828,36.926918029785156,37.18040466308594,38.269309997558594,38.30960464477539,20,20,28.571430206298828,15.000000953674316,0,0,0,0,2.180304527282715,8589934592,1073741824,5261279232,290652160
205,1771645017399,3504,3504,3504,3504,3504,3504,3504,3504,39.194671630859375,38.59461975097656,37.35199737548828,37.081825256347656,37.58002471923828,36.926918029785156,37.18040466308594,38.269309997558594,38.30960464477539,30.000001907348633,28.571430206298828,25,27.272727966308594,4.761904716491699,0,0,0,2.180304527282715,8589934592,1073741824,5262442496,290652160
207,1771645017605,3504,3504,3504,3504,3504,3504,3504,3504,39.194671630859375,38.59461975097656,37.35199737548828,37.081825256347656,37.58002471923828,36.926918029785156,37.18040466308594,38.269309997558594,38.30960464477539,19.047618865966797,14.285715103149414,9.523809432983398,15.000000953674316,0,0,0,0,2.180304527282715,8589934592,1073741824,5262311424,290652160
207,1771645017813,3504,3504,3504,3504,3504,3504,3504,3504,39.194671630859375,38.59461975097656,37.35199737548828,37.081825256347656,37.58002471923828,36.926918029785156,37.18040466308594,38.269309997558594,38.30960464477539,25,14.285715103149414,14.285715103149414,19.047618865966797,0,0,0,0,2.085510730743408,8589934592,1073741824,5262311424,290652160
209,1771645018021,3504,3504,3504,3504,3504,3504,3504,3504,39.194671630859375,38.59461975097656,37.35199737548828,37.081825256347656,37.58002471923828,36.926918029785156,37.18040466308594,38.269309997558594,38.30960464477539,23.809524536132813,15.000000953674316,10,19.047618865966797,0,0,0,0,2.085510730743408,8589934592,1073741824,5262311424,290652160
209,1771645018231,3504,3504,3504,3504,3504,3504,3504,3504,39.3869514465332,38.74082565307617,37.46985626220703,37.238990783691406,37.61799240112305,37.09556579589844,37.350563049316406,38.47240447998047,38.51848220825195,33.333335876464844,19.047618865966797,23.809524536132813,14.285715103149414,14.285715103149414,14.285715103149414,14.285715103149414,10,2.085510730743408,8589934592,1073741824,5262245888,290652160
209,1771645018442,3504,3504,3504,3504,3504,3504,3504,3504,39.3869514465332,38.74082565307617,37.46985626220703,37.238990783691406,37.61799240112305,37.09556579589844,37.350563049316406,38.47240447998047,38.51848220825195,31.81818199157715,14.285715103149414,14.285715103149414,5,0,0,0,0,2.085510730743408,8589934592,1073741824,5262196736,290652160
209,1771645018651,3504,3504,3504,3504,3504,3504,3504,3504,39.3869514465332,38.74082565307617,37.46985626220703,37.238990783691406,37.61799240112305,37.09556579589844,37.350563049316406,38.47240447998047,38.51848220825195,25,14.285715103149414,13.636363983154297,13.636363983154297,0,0,0,0,2.085510730743408,8589934592,1073741824,5262196736,290652160
207,1771645018861,3504,3504,3504,3504,3504,3504,3504,3504,39.3869514465332,38.74082565307617,37.46985626220703,37.238990783691406,37.61799240112305,37.09556579589844,37.350563049316406,38.47240447998047,38.51848220825195,25,20,10,5,0,0,0,0,2.496429443359375,8589934592,1073741824,5262196736,290652160
203,1771645019069,3504,3504,3504,3504,3504,3504,3504,3504,39.3869514465332,38.74082565307617,37.46985626220703,37.238990783691406,37.61799240112305,37.09556579589844,37.350563049316406,38.47240447998047,38.51848220825195,27.272727966308594,19.047618865966797,9.523809432983398,5,0,0,0,0,2.496429443359375,8589934592,1073741824,5262196736,290652160
208,1771645019273,3504,3504,3504,3504,3504,3504,3504,3504,39.2361946105957,38.66104507446289,37.37303924560547,37.158287048339844,37.647674560546875,36.992340087890625,37.236907958984375,38.342506408691406,38.36369705200195,35,25,15.000000953674316,13.636363983154297,40,0,0,0,2.496429443359375,8589934592,1073741824,5262524416,290652160
208,1771645019482,3504,3504,3504,3504,3504,3504,3504,3504,39.2361946105957,38.66104507446289,37.37303924560547,37.158287048339844,37.647674560546875,36.992340087890625,37.236907958984375,38.342506408691406,38.36369705200195,20,23.809524536132813,14.285715103149414,5,0,0,0,0,2.496429443359375,8589934592,1073741824,5262524416,290652160
207,1771645019691,3504,3504,3504,3504,3504,3504,3504,3504,39.2361946105957,38.66104507446289,37.37303924560547,37.158287048339844,37.647674560546875,36.992340087890625,37.236907958984375,38.342506408691406,38.36369705200195,22.72727394104004,19.047618865966797,9.523809432983398,9.523809432983398,0,0,0,0,2.2517788410186768,8589934592,1073741824,5262524416,290652160
207,1771645019898,3504,3504,3504,3504,3504,3504,3504,3504,39.2361946105957,38.66104507446289,37.37303924560547,37.158287048339844,37.647674560546875,36.992340087890625,37.236907958984375,38.342506408691406,38.36369705200195,20,15.000000953674316,14.285715103149414,10,0,0,0,0,2.2517788410186768,8589934592,1073741824,5262508032,290652160
205,1771645020107,3504,3504,3504,3504,3504,3504,3504,3504,39.2361946105957,38.66104507446289,37.37303924560547,37.158287048339844,37.647674560546875,36.992340087890625,37.236907958984375,38.342506408691406,38.36369705200195,30.000001907348633,19.047618865966797,14.285715103149414,14.285715103149414,4.761904716491699,4.545454502105713,0,4.545454502105713,2.2517788410186768,8589934592,1073741824,5269176320,290652160
209,1771645020313,3504,3504,3504,3504,3504,3504,3504,3504,39.173702239990234,38.73796844482422,37.38227081298828,37.18732452392578,37.55202865600586,36.85647964477539,37.10716247558594,38.21784973144531,38.25923156738281,36.3636360168457,14.285715103149414,5.263157844543457,10,0,0,0,0,2.2517788410186768,8589934592,1073741824,5269127168,290652160
209,1771645020523,3504,3504,3504,3504,3504,3504,3504,3504,39.173702239990234,38.73796844482422,37.38227081298828,37.18732452392578,37.55202865600586,36.85647964477539,37.10716247558594,38.21784973144531,38.25923156738281,25,19.047618865966797,14.285715103149414,13.636363983154297,0,0,0,0,2.2517788410186768,8589934592,1073741824,5269159936,290652160
204,1771645020733,3504,3504,3504,3504,3504,3504,3504,3504,39.173702239990234,38.73796844482422,37.38227081298828,37.18732452392578,37.55202865600586,36.85647964477539,37.10716247558594,38.21784973144531,38.25923156738281,28.571430206298828,10,13.636363983154297,9.523809432983398,0,0,0,0,2.3343422412872314,8589934592,1073741824,5268439040,290652160
209,1771645020938,3504,3504,3504,3504,3504,3504,3504,3504,39.173702239990234,38.73796844482422,37.38227081298828,37.18732452392578,37.55202865600586,36.85647964477539,37.10716247558594,38.21784973144531,38.25923156738281,25,18.18181800842285,5.263157844543457,9.523809432983398,0,0,0,0,2.3343422412872314,8589934592,1073741824,5268439040,290652160
209,1771645021148,3504,3504,3504,3504,3504,3504,3504,3504,39.173702239990234,38.73796844482422,37.38227081298828,37.18732452392578,37.55202865600586,36.85647964477539,37.10716247558594,38.21784973144531,38.25923156738281,31.81818199157715,10.526315689086914,18.18181800842285,10,0,0,0,0,2.3343422412872314,8589934592,1073741824,5268439040,290652160
209,1771645021358,3504,3504,3504,3504,3504,3504,3504,3504,38.90218734741211,38.25946807861328,36.98394012451172,36.95794677734375,37.288028717041016,36.63421630859375,36.94059753417969,38.031375885009766,38.086891174316406,26.3157901763916,13.636363983154297,5,4.761904716491699,4.761904716491699,0,0,0,2.3343422412872314,8589934592,1073741824,5265080320,290652160
204,1771645021568,3504,3504,3504,3504,3504,3504,3504,3504,38.90218734741211,38.25946807861328,36.98394012451172,36.95794677734375,37.288028717041016,36.63421630859375,36.94059753417969,38.031375885009766,38.086891174316406,27.272727966308594,10,9.523809432983398,4.761904716491699,0,0,0,0,2.3343422412872314,8589934592,1073741824,5265178624,290652160
209,1771645021773,3504,3504,3504,3504,3504,3504,3504,3504,38.90218734741211,38.25946807861328,36.98394012451172,36.95794677734375,37.288028717041016,36.63421630859375,36.94059753417969,38.031375885009766,38.086891174316406,25,14.285715103149414,18.18181800842285,10,0,0,0,0,2.0736632347106934,8589934592,1073741824,5265063936,290652160
206,1771645021983,3504,3504,3504,3504,3504,3504,3504,3504,38.90218734741211,38.25946807861328,36.98394012451172,36.95794677734375,37.288028717041016,36.63421630859375,36.94059753417969,38.031375885009766,38.086891174316406,28.571430206298828,9.523809432983398,0,4.761904716491699,9.523809432983398,0,4.761904716491699,0,2.0736632347106934,8589934592,1073741824,5265014784,290652160
209,1771645022190,3504,3504,3504,3504,3504,3504,3504,3504,38.8284912109375,38.1923713684082,36.95825958251953,36.840816497802734,37.182247161865234,36.533023834228516,36.829795837402344,37.903053283691406,37.96961975097656,15.000000953674316,23.809524536132813,13.636363983154297,9.523809432983398,0,0,0,0,2.0736632347106934,8589934592,1073741824,5265014784,290652160
204,1771645022400,3504,3504,3504,3504,3504,3504,3504,3504,38.8284912109375,38.1923713684082,36.95825958251953,36.840816497802734,37.182247161865234,36.533023834228516,36.829795837402344,37.903053283691406,37.96961975097656,23.809524536132813,20,10,4.761904716491699,0,0,0,0,2.0736632347106934,8589934592,1073741824,5265031168,290652160
209,1771645022605,3504,3504,3504,3504,3504,3504,3504,3504,38.8284912109375,38.1923713684082,36.95825958251953,36.840816497802734,37.182247161865234,36.533023834228516,36.829795837402344,37.903053283691406,37.96961975097656,28.571430206298828,19.047618865966797,15.000000953674316,15.000000953674316,0,0,0,0,2.0736632347106934,8589934592,1073741824,5265408000,290652160
208,1771645022815,3504,3504,3504,3504,3504,3504,3504,3504,38.8284912109375,38.1923713684082,36.95825958251953,36.840816497802734,37.182247161865234,36.533023834228516,36.829795837402344,37.903053283691406,37.96961975097656,20,25,14.285715103149414,9.523809432983398,5,9.090909004211426,5,0,2.1438515186309814,8589934592,1073741824,5266620416,290652160
209,1771645023024,3504,3504,3504,3504,3504,3504,3504,3504,38.8284912109375,38.1923713684082,36.95825958251953,36.840816497802734,37.182247161865234,36.533023834228516,36.829795837402344,37.903053283691406,37.96961975097656,9.523809432983398,27.272727966308594,9.523809432983398,14.285715103149414,0,4.761904716491699,0,0,2.1438515186309814,8589934592,1073741824,5266620416,290652160
209,1771645023233,3504,3504,3504,3504,3504,3504,3504,3504,38.830936431884766,38.15054702758789,36.95280456542969,36.770751953125,37.134681701660156,36.48914337158203,36.75907897949219,37.876075744628906,37.91143798828125,28.571430206298828,30.000001907348633,23.809524536132813,10,0,0,0,0,2.1438515186309814,8589934592,1073741824,5267013632,290652160
200,1771645023443,3504,3504,3504,3504,3504,3504,3504,3504,38.830936431884766,38.15054702758789,36.95280456542969,36.770751953125,37.134681701660156,36.48914337158203,36.75907897949219,37.876075744628906,37.91143798828125,10,15.000000953674316,23.809524536132813,13.636363983154297,0,0,0,0,2.1438515186309814,8589934592,1073741824,5267013632,290652160
206,1771645023644,3504,3504,3504,3504,3504,3504,3504,3504,38.830936431884766,38.15054702758789,36.95280456542969,36.770751953125,37.134681701660156,36.48914337158203,36.75907897949219,37.876075744628906,37.91143798828125,19.047618865966797,20,15.000000953674316,0,0,0,0,0,2.1438515186309814,8589934592,1073741824,5266915328,290652160
207,1771645023851,3504,3504,3504,3504,3504,3504,3504,3504,38.830936431884766,38.15054702758789,36.95280456542969,36.770751953125,37.134681701660156,36.48914337158203,36.75907897949219,37.876075744628906,37.91143798828125,20,14.285715103149414,20,13.636363983154297,0,0,0,0,2.5822980403900146,8589934592,1073741824,5266915328,290652160
204,1771645024059,3504,3504,3504,3504,3504,3504,3504,3504,38.830936431884766,38.15054702758789,36.95280456542969,36.770751953125,37.134681701660156,36.48914337158203,36.75907897949219,37.876075744628906,37.91143798828125,22.72727394104004,14.285715103149414,14.285715103149414,5,0,0,0,0,2.5822980403900146,8589934592,1073741824,5266931712,290652160
209,1771645024264,3504,3504,3504,3504,3504,3504,3504,3504,38.72843933105469,38.012451171875,36.880889892578125,36.624176025390625,37.06463623046875,36.4127311706543,36.656402587890625,37.76055145263672,37.80678939819336,10,10,25,0,0,0,0,0,2.5822980403900146,8589934592,1073741824,5266964480,290652160
209,1771645024474,3504,3504,3504,3504,3504,3504,3504,3504,38.72843933105469,38.012451171875,36.880889892578125,36.624176025390625,37.06463623046875,36.4127311706543,36.656402587890625,37.76055145263672,37.80678939819336,19.047618865966797,14.285715103149414,28.571430206298828,13.636363983154297,0,0,0,0,2.5822980403900146,8589934592,1073741824,5266964480,290652160
208,1771645024683,3504,3504,3504,3504,3504,3504,3504,3504,38.72843933105469,38.012451171875,36.880889892578125,36.624176025390625,37.06463623046875,36.4127311706543,36.656402587890625,37.76055145263672,37.80678939819336,15.000000953674316,14.285715103149414,19.047618865966797,5,0,0,0,0,2.323079824447632,8589934592,1073741824,5266685952,290652160
209,1771645024892,3504,3504,3504,3504,3504,3504,3504,3504,38.72843933105469,38.012451171875,36.880889892578125,36.624176025390625,37.06463623046875,36.4127311706543,36.656402587890625,37.76055145263672,37.80678939819336,14.285715103149414,14.285715103149414,25,5,4.545454502105713,0,0,0,2.323079824447632,8589934592,1073741824,5266685952,290652160
204,1771645025102,3504,3504,3504,3504,3504,3504,3504,3504,38.72843933105469,38.012451171875,36.880889892578125,36.624176025390625,37.06463623046875,36.4127311706543,36.656402587890625,37.76055145263672,37.80678939819336,20,9.523809432983398,22.72727394104004,9.090909004211426,0,0,0,0,2.323079824447632,8589934592,1073741824,5266718720,290652160
207,1771645025307,3504,3504,3504,3504,3504,3504,3504,3504,38.638404846191406,37.90678024291992,36.789466857910156,36.596717834472656,36.952484130859375,36.36627960205078,36.550872802734375,37.692466735839844,37.7017822265625,23.809524536132813,10,19.047618865966797,5,0,0,0,0,2.323079824447632,8589934592,1073741824,5266718720,290652160
209,1771645025515,3504,3504,3504,3504,3504,3504,3504,3504,38.638404846191406,37.90678024291992,36.789466857910156,36.596717834472656,36.952484130859375,36.36627960205078,36.550872802734375,37.692466735839844,37.7017822265625,23.809524536132813,15.000000953674316,15.000000953674316,9.523809432983398,0,0,0,0,2.323079824447632,8589934592,1073741824,5266456576,290652160
207,1771645025725,3504,3504,3504,3504,3504,3504,3504,3504,38.638404846191406,37.90678024291992,36.789466857910156,36.596717834472656,36.952484130859375,36.36627960205078,36.550872802734375,37.692466735839844,37.7017822265625,19.047618865966797,14.285715103149414,19.047618865966797,9.523809432983398,4.761904716491699,0,4.545454502105713,0,2.369288444519043,8589934592,1073741824,5266685952,290652160
209,1771645025933,3504,3504,3504,3504,3504,3504,3504,3504,38.638404846191406,37.90678024291992,36.789466857910156,36.596717834472656,36.952484130859375,36.36627960205078,36.550872802734375,37.692466735839844,37.7017822265625,14.285715103149414,9.523809432983398,20,10,0,0,0,0,2.369288444519043,8589934592,1073741824,5266227200,290652160
201,1771645026143,3504,3504,3504,3504,3504,3504,3504,3504,38.638404846191406,37.90678024291992,36.789466857910156,36.596717834472656,36.952484130859375,36.36627960205078,36.550872802734375,37.692466735839844,37.7017822265625,10,13.636363983154297,22.72727394104004,18.18181800842285,0,0,0,0,2.369288444519043,8589934592,1073741824,5266243584,290652160
201,1771645026345,3504,3504,3504,3504,3504,3504,3504,3504,38.5601692199707,37.850093841552734,36.69651794433594,36.56267166137695,36.8976936340332,36.316219329833984,36.49264144897461,37.644935607910156,37.6519775390625,19.047618865966797,15.789472579956055,21.052631378173828,5.263157844543457,0,0,0,0,2.369288444519043,8589934592,1073741824,5266276352,290652160
205,1771645026546,3504,3504,3504,3504,3504,3504,3504,3504,38.5601692199707,37.850093841552734,36.69651794433594,36.56267166137695,36.8976936340332,36.316219329833984,36.49264144897461,37.644935607910156,37.6519775390625,25,10,15.000000953674316,10,0,0,0,0,2.369288444519043,8589934592,1073741824,5266178048,290652160
204,1771645026752,3504,3504,3504,3504,3504,3504,3504,3504,38.5601692199707,37.850093841552734,36.69651794433594,36.56267166137695,36.8976936340332,36.316219329833984,36.49264144897461,37.644935607910156,37.6519775390625,26.3157901763916,19.047618865966797,14.285715103149414,9.523809432983398,0,0,0,0,2.0267789363861084,8589934592,1073741824,5266178048,290652160
201,1771645026957,3504,3504,3504,3504,3504,3504,3504,3504,38.5601692199707,37.850093841552734,36.69651794433594,36.56267166137695,36.8976936340332,36.316219329833984,36.49264144897461,37.644935607910156,37.6519775390625,33.333335876464844,30.000001907348633,30.000001907348633,23.809524536132813,4.761904716491699,4.761904716491699,0,4.761904716491699,2.0267789363861084,8589934592,1073741824,5266178048,290652160
204,1771645027159,3504,3504,3504,3504,3504,3504,3504,3504,38.5601692199707,37.850093841552734,36.69651794433594,36.56267166137695,36.8976936340332,36.316219329833984,36.49264144897461,37.644935607910156,37.6519775390625,25,23.809524536132813,14.285715103149414,5,0,0,0,0,2.0267789363861084,8589934592,1073741824,5266178048,290652160
209,1771645027364,3504,3504,3504,3504,3504,3504,3504,3504,38.43955612182617,37.80602264404297,36.63786315917969,36.514732360839844,36.89731979370117,36.27997970581055,36.41712951660156,37.6109619140625,37.591529846191406,47.619049072265625,26.3157901763916,35,28.571430206298828,0,0,0,0,2.0267789363861084,8589934592,1073741824,5266178048,290652160
205,1771645027574,3504,3504,3504,3504,3504,3504,3504,3504,38.43955612182617,37.80602264404297,36.63786315917969,36.514732360839844,36.89731979370117,36.27997970581055,36.41712951660156,37.6109619140625,37.591529846191406,23.809524536132813,19.047618865966797,5,5,0,0,0,0,2.0267789363861084,8589934592,1073741824,5266309120,290652160
209,1771645027780,3504,3504,3504,3504,3504,3504,3504,3504,38.43955612182617,37.80602264404297,36.63786315917969,36.514732360839844,36.89731979370117,36.27997970581055,36.41712951660156,37.6109619140625,37.591529846191406,23.809524536132813,28.571430206298828,14.285715103149414,9.523809432983398,0,0,0,0,1.9912234544754028,8589934592,1073741824,5266276352,290652160
199,1771645027990,3504,3504,3504,3504,3504,3504,3504,3504,38.43955612182617,37.80602264404297,36.63786315917969,36.514732360839844,36.89731979370117,36.27997970581055,36.41712951660156,37.6109619140625,37.591529846191406,15.000000953674316,18.18181800842285,14.285715103149414,5,0,0,0,0,1.9912234544754028,8589934592,1073741824,5266309120,290652160
207,1771645028190,3504,3504,3504,3504,3504,3504,3504,3504,38.364871978759766,37.74131393432617,36.56226348876953,36.42308807373047,36.83385467529297,36.258968353271484,36.37146759033203,37.55415725708008,37.54770278930664,30.000001907348633,15.789472579956055,15.000000953674316,14.285715103149414,0,0,0,0,1.9912234544754028,8589934592,1073741824,5266194432,290652160
210,1771645028399,3504,3504,3504,3504,3504,3504,3504,3504,38.364871978759766,37.74131393432617,36.56226348876953,36.42308807373047,36.83385467529297,36.258968353271484,36.37146759033203,37.55415725708008,37.54770278930664,33.333335876464844,15.000000953674316,9.523809432983398,10,0,0,0,0,1.9912234544754028,8589934592,1073741824,5266063360,290652160
209,1771645028609,3504,3504,3504,3504,3504,3504,3504,3504,38.364871978759766,37.74131393432617,36.56226348876953,36.42308807373047,36.83385467529297,36.258968353271484,36.37146759033203,37.55415725708008,37.54770278930664,20,28.571430206298828,19.047618865966797,9.523809432983398,14.285715103149414,9.523809432983398,4.761904716491699,4.761904716491699,1.9912234544754028,8589934592,1073741824,5269929984,290652160
205,1771645028819,3504,3504,3504,3504,3504,3504,3504,3504,38.364871978759766,37.74131393432617,36.56226348876953,36.42308807373047,36.83385467529297,36.258968353271484,36.37146759033203,37.55415725708008,37.54770278930664,14.285715103149414,28.571430206298828,9.523809432983398,9.523809432983398,0,0,0,0,2.9726805686950684,8589934592,1073741824,5269946368,290652160
209,1771645029026,3504,3504,3504,3504,3504,3504,3504,3504,38.364871978759766,37.74131393432617,36.56226348876953,36.42308807373047,36.83385467529297,36.258968353271484,36.37146759033203,37.55415725708008,37.54770278930664,15.000000953674316,25,19.047618865966797,9.523809432983398,0,0,0,0,2.9726805686950684,8589934592,1073741824,5269946368,290652160
202,1771645029236,3504,3504,3504,3504,3504,3504,3504,3504,38.41301345825195,37.78424835205078,36.61195373535156,36.436920166015625,36.85245895385742,36.244361877441406,36.36329650878906,37.551483154296875,37.54703140258789,22.72727394104004,23.809524536132813,20,10,20,0,0,0,2.9726805686950684,8589934592,1073741824,5270355968,290652160
209,1771645029438,3504,3504,3504,3504,3504,3504,3504,3504,38.41301345825195,37.78424835205078,36.61195373535156,36.436920166015625,36.85245895385742,36.244361877441406,36.36329650878906,37.551483154296875,37.54703140258789,20,25,15.000000953674316,9.523809432983398,19.047618865966797,4.761904716491699,0,0,2.9726805686950684,8589934592,1073741824,5270274048,290652160
208,1771645029648,3504,3504,3504,3504,3504,3504,3504,3504,38.41301345825195,37.78424835205078,36.61195373535156,36.436920166015625,36.85245895385742,36.244361877441406,36.36329650878906,37.551483154296875,37.54703140258789,10,23.809524536132813,19.047618865966797,9.523809432983398,0,0,0,0,2.9726805686950684,8589934592,1073741824,5270224896,290652160
209,1771645029857,3504,3504,3504,3504,3504,3504,3504,3504,38.41301345825195,37.78424835205078,36.61195373535156,36.436920166015625,36.85245895385742,36.244361877441406,36.36329650878906,37.551483154296875,37.54703140258789,23.809524536132813,18.18181800842285,28.571430206298828,10,0,0,0,0,2.618715524673462,8589934592,1073741824,5270290432,290652160
205,1771645030067,3504,3504,3504,3504,3504,3504,3504,3504,38.41301345825195,37.78424835205078,36.61195373535156,36.436920166015625,36.85245895385742,36.244361877441406,36.36329650878906,37.551483154296875,37.54703140258789,14.285715103149414,15.000000953674316,23.809524536132813,19.047618865966797,0,0,0,0,2.618715524673462,8589934592,1073741824,5270355968,290652160
209,1771645030273,3504,3504,3504,3504,3504,3504,3504,3504,38.3765754699707,38.03078079223633,36.77031326293945,36.49745178222656,36.89195251464844,36.20785903930664,36.35560989379883,37.55213928222656,37.52225112915039,23.809524536132813,15.000000953674316,19.047618865966797,10,0,0,0,0,2.618715524673462,8589934592,1073741824,5270339584,290652160
203,1771645030482,3504,3504,3504,3504,3504,3504,3504,3504,38.3765754699707,38.03078079223633,36.77031326293945,36.49745178222656,36.89195251464844,36.20785903930664,36.35560989379883,37.55213928222656,37.52225112915039,14.285715103149414,22.72727394104004,15.789472579956055,9.090909004211426,0,0,0,0,2.618715524673462,8589934592,1073741824,5270339584,290652160
209,1771645030686,3504,3504,3504,3504,3504,3504,3504,3504,38.3765754699707,38.03078079223633,36.77031326293945,36.49745178222656,36.89195251464844,36.20785903930664,36.35560989379883,37.55213928222656,37.52225112915039,15.000000953674316,25,19.047618865966797,10,0,0,0,0,2.357840061187744,8589934592,1073741824,5270306816,290652160
204,1771645030896,3504,3504,3504,3504,3504,3504,3504,3504,38.3765754699707,38.03078079223633,36.77031326293945,36.49745178222656,36.89195251464844,36.20785903930664,36.35560989379883,37.55213928222656,37.52225112915039,14.285715103149414,19.047618865966797,22.72727394104004,9.523809432983398,0,0,0,0,2.357840061187744,8589934592,1073741824,5270372352,290652160
209,1771645031101,3504,3504,3504,3504,3504,3504,3504,3504,38.3765754699707,38.03078079223633,36.77031326293945,36.49745178222656,36.89195251464844,36.20785903930664,36.35560989379883,37.55213928222656,37.52225112915039,15.789472579956055,15.000000953674316,5.263157844543457,19.047618865966797,0,0,0,0,2.357840061187744,8589934592,1073741824,5270388736,290652160
209,1771645031310,3504,3504,3504,3504,3504,3504,3504,3504,38.188499450683594,37.57607650756836,36.46437454223633,36.22337341308594,36.755714416503906,36.148719787597656,36.21535873413086,37.377403259277344,37.394229888916016,22.72727394104004,13.636363983154297,13.636363983154297,19.047618865966797,0,0,0,0,2.357840061187744,8589934592,1073741824,5270241280,290652160
201,1771645031521,3504,3504,3504,3504,3504,3504,3504,3504,38.188499450683594,37.57607650756836,36.46437454223633,36.22337341308594,36.755714416503906,36.148719787597656,36.21535873413086,37.377403259277344,37.394229888916016,25,10,14.285715103149414,10,0,0,0,0,2.357840061187744,8589934592,1073741824,5270257664,290652160
202,1771645031723,3504,3504,3504,3504,3504,3504,3504,3504,38.188499450683594,37.57607650756836,36.46437454223633,36.22337341308594,36.755714416503906,36.148719787597656,36.21535873413086,37.377403259277344,37.394229888916016,19.047618865966797,20,10,23.809524536132813,0,0,0,0,2.1808547973632813,8589934592,1073741824,5267718144,290652160
209,1771645031925,3504,3504,3504,3504,3504,3504,3504,3504,38.188499450683594,37.57607650756836,36.46437454223633,36.22337341308594,36.755714416503906,36.148719787597656,36.21535873413086,37.377403259277344,37.394229888916016,15.000000953674316,25,10,15.000000953674316,4.761904716491699,0,0,0,2.1808547973632813,8589934592,1073741824,5267505152,290652160
202,1771645032136,3504,3504,3504,3504,3504,3504,3504,3504,38.188499450683594,37.57607650756836,36.46437454223633,36.22337341308594,36.755714416503906,36.148719787597656,36.21535873413086,37.377403259277344,37.394229888916016,14.285715103149414,23.809524536132813,10,5,0,0,0,0,2.1808547973632813,8589934592,1073741824,5267505152,290652160
203,1771645032338,3504,3504,3504,3504,3504,3504,3504,3504,38.18703079223633,37.52288818359375,36.40972137451172,36.17037582397461,36.651180267333984,36.1009521484375,36.115264892578125,37.31723403930664,37.33909225463867,15.000000953674316,15.789472579956055,20,14.285715103149414,0,0,0,0,2.1808547973632813,8589934592,1073741824,5267521536,290652160
206,1771645032542,3504,3504,3504,3504,3504,3504,3504,3504,38.18703079223633,37.52288818359375,36.40972137451172,36.17037582397461,36.651180267333984,36.1009521484375,36.115264892578125,37.31723403930664,37.33909225463867,25,14.285715103149414,19.047618865966797,5,0,0,0,0,2.1808547973632813,8589934592,1073741824,5267439616,290652160
208,1771645032750,3504,3504,3504,3504,3504,3504,3504,3504,38.18703079223633,37.52288818359375,36.40972137451172,36.17037582397461,36.651180267333984,36.1009521484375,36.115264892578125,37.31723403930664,37.33909225463867,23.809524536132813,19.047618865966797,19.047618865966797,14.285715103149414,0,0,0,0,2.0150954723358154,8589934592,1073741824,5267439616,290652160
200,1771645032959,3504,3504,3504,3504,3504,3504,3504,3504,38.18703079223633,37.52288818359375,36.40972137451172,36.17037582397461,36.651180267333984,36.1009521484375,36.115264892578125,37.31723403930664,37.33909225463867,20,14.285715103149414,20,5,0,0,0,0,2.0150954723358154,8589934592,1073741824,5267521536,290652160
205,1771645033160,3504,3504,3504,3504,3504,3504,3504,3504,38.18703079223633,37.52288818359375,36.40972137451172,36.17037582397461,36.651180267333984,36.1009521484375,36.115264892578125,37.31723403930664,37.33909225463867,25,15.000000953674316,25,14.285715103149414,0,0,0,0,2.0150954723358154,8589934592,1073741824,5267521536,290652160
207,1771645033366,3504,3504,3504,3504,3504,3504,3504,3504,38.155731201171875,37.44517135620117,36.28821563720703,36.10958480834961,36.57007598876953,36.03615188598633,36.06578063964844,37.23052978515625,37.2548713684082,14.285715103149414,19.047618865966797,18.18181800842285,5,0,0,0,0,2.0150954723358154,8589934592,1073741824,5267521536,290652160
205,1771645033574,3504,3504,3504,3504,3504,3504,3504,3504,38.155731201171875,37.44517135620117,36.28821563720703,36.10958480834961,36.57007598876953,36.03615188598633,36.06578063964844,37.23052978515625,37.2548713684082,15.000000953674316,15.000000953674316,10,19.047618865966797,0,0,0,0,2.0150954723358154,8589934592,1073741824,5267521536,290652160
208,1771645033780,3504,3504,3504,3504,3504,3504,3504,3504,38.155731201171875,37.44517135620117,36.28821563720703,36.10958480834961,36.57007598876953,36.03615188598633,36.06578063964844,37.23052978515625,37.2548713684082,23.809524536132813,28.571430206298828,15.000000953674316,15.000000953674316,0,0,0,0,2.121236801147461,8589934592,1073741824,5267570688,290652160
205,1771645033988,3504,3504,3504,3504,3504,3504,3504,3504,38.155731201171875,37.44517135620117,36.28821563720703,36.10958480834961,36.57007598876953,36.03615188598633,36.06578063964844,37.23052978515625,37.2548713684082,33.333335876464844,35,23.809524536132813,47.619049072265625,0,0,0,0,2.121236801147461,8589934592,1073741824,5268537344,290652160
200,1771645034194,3504,3504,3504,3504,3504,3504,3504,3504,38.16268539428711,37.41526794433594,36.223453521728516,36.079952239990234,36.57398986816406,36.0158576965332,35.98412322998047,37.204368591308594,37.21685791015625,25,23.809524536132813,10,5,0,0,0,0,2.121236801147461,8589934592,1073741824,5268439040,290652160
209,1771645034395,3504,3504,3504,3504,3504,3504,3504,3504,38.16268539428711,37.41526794433594,36.223453521728516,36.079952239990234,36.57398986816406,36.0158576965332,35.98412322998047,37.204368591308594,37.21685791015625,19.047618865966797,20,10,15.000000953674316,0,0,0,0,2.121236801147461,8589934592,1073741824,5268389888,290652160
203,1771645034605,3504,3504,3504,3504,3504,3504,3504,3504,38.16268539428711,37.41526794433594,36.223453521728516,36.079952239990234,36.57398986816406,36.0158576965332,35.98412322998047,37.204368591308594,37.21685791015625,20,14.285715103149414,14.285715103149414,9.523809432983398,0,0,0,0,2.121236801147461,8589934592,1073741824,5268258816,290652160
204,1771645034809,3504,3504,3504,3504,3504,3504,3504,3504,38.16268539428711,37.41526794433594,36.223453521728516,36.079952239990234,36.57398986816406,36.0158576965332,35.98412322998047,37.204368591308594,37.21685791015625,25,20,14.285715103149414,14.285715103149414,0,0,0,0,2.8438479900360107,8589934592,1073741824,5268258816,290652160
207,1771645035013,3504,3504,3504,3504,3504,3504,3504,3504,38.16268539428711,37.41526794433594,36.223453521728516,36.079952239990234,36.57398986816406,36.0158576965332,35.98412322998047,37.204368591308594,37.21685791015625,20,15.000000953674316,15.789472579956055,5,0,0,0,0,2.8438479900360107,8589934592,1073741824,5268193280,290652160
209,1771645035221,3504,3504,3504,3504,3504,3504,3504,3504,38.159732818603516,37.366905212402344,36.16938781738281,36.03937530517578,36.51356887817383,35.94024658203125,35.93490982055664,37.15692138671875,37.19904708862305,19.047618865966797,14.285715103149414,19.047618865966797,19.047618865966797,0,0,0,0,2.8438479900360107,8589934592,1073741824,5268291584,290652160
208,1771645035431,3504,3504,3504,3504,3504,3504,3504,3504,38.159732818603516,37.366905212402344,36.16938781738281,36.03937530517578,36.51356887817383,35.94024658203125,35.93490982055664,37.15692138671875,37.19904708862305,14.285715103149414,14.285715103149414,19.047618865966797,14.285715103149414,0,0,0,0,2.8438479900360107,8589934592,1073741824,5268291584,290652160
207,1771645035641,3504,3504,3504,3504,3504,3504,3504,3504,38.159732818603516,37.366905212402344,36.16938781738281,36.03937530517578,36.51356887817383,35.94024658203125,35.93490982055664,37.15692138671875,37.19904708862305,23.809524536132813,19.047618865966797,20,10,0,0,0,0,2.8438479900360107,8589934592,1073741824,5268291584,290652160
209,1771645035849,3504,3504,3504,3504,3504,3504,3504,3504,38.159732818603516,37.366905212402344,36.16938781738281,36.03937530517578,36.51356887817383,35.94024658203125,35.93490982055664,37.15692138671875,37.19904708862305,14.285715103149414,20,14.285715103149414,9.523809432983398,0,0,0,0,2.8059308528900146,8589934592,1073741824,5268258816,290652160
207,1771645036059,3504,3504,3504,3504,3504,3504,3504,3504,38.159732818603516,37.366905212402344,36.16938781738281,36.03937530517578,36.51356887817383,35.94024658203125,35.93490982055664,37.15692138671875,37.19904708862305,14.285715103149414,14.285715103149414,21.7391300201416,4.761904716491699,0,0,0,0,2.8059308528900146,8589934592,1073741824,5268176896,290652160
205,1771645036267,3504,3504,3504,3504,3504,3504,3504,3504,38.15621566772461,37.284244537353516,36.110626220703125,35.99049758911133,36.380157470703125,35.89778137207031,35.886112213134766,37.070655822753906,37.0629997253418,15.000000953674316,19.047618865966797,15.000000953674316,25,0,0,0,0,2.8059308528900146,8589934592,1073741824,5268291584,290652160
209,1771645036474,3504,3504,3504,3504,3504,3504,3504,3504,38.15621566772461,37.284244537353516,36.110626220703125,35.99049758911133,36.380157470703125,35.89778137207031,35.886112213134766,37.070655822753906,37.0629997253418,14.285715103149414,15.000000953674316,15.000000953674316,19.047618865966797,0,0,0,0,2.8059308528900146,8589934592,1073741824,5268406272,290652160
209,1771645036683,3504,3504,3504,3504,3504,3504,3504,3504,38.15621566772461,37.284244537353516,36.110626220703125,35.99049758911133,36.380157470703125,35.89778137207031,35.886112213134766,37.070655822753906,37.0629997253418,33.333335876464844,28.571430206298828,23.809524536132813,19.047618865966797,0,0,0,0,2.145298719406128,8589934592,1073741824,5268668416,290652160
209,1771645036894,3504,3504,3504,3504,3504,3504,3504,3504,38.15621566772461,37.284244537353516,36.110626220703125,35.99049758911133,36.380157470703125,35.89778137207031,35.886112213134766,37.070655822753906,37.0629997253418,10,22.72727394104004,14.285715103149414,9.090909004211426,0,0,0,0,2.145298719406128,8589934592,1073741824,5268668416,290652160
202,1771645037104,3504,3504,3504,3504,3504,3504,3504,3504,38.15621566772461,37.284244537353516,36.110626220703125,35.99049758911133,36.380157470703125,35.89778137207031,35.886112213134766,37.070655822753906,37.0629997253418,18.18181800842285,15.789472579956055,15.000000953674316,10,4.761904716491699,4.761904716491699,4.545454502105713,0,2.145298719406128,8589934592,1073741824,5268881408,290652160
207,1771645037307,3504,3504,3504,3504,3504,3504,3504,3504,38.16102981567383,37.26753234863281,36.11643981933594,35.98093795776367,36.322601318359375,35.83396911621094,35.87474822998047,37.02168655395508,37.06458282470703,15.000000953674316,23.809524536132813,14.285715103149414,9.523809432983398,0,0,0,0,2.145298719406128,8589934592,1073741824,5268881408,290652160
209,1771645037514,3504,3504,3504,3504,3504,3504,3504,3504,38.16102981567383,37.26753234863281,36.11643981933594,35.98093795776367,36.322601318359375,35.83396911621094,35.87474822998047,37.02168655395508,37.06458282470703,33.333335876464844,33.333335876464844,30.000001907348633,30.000001907348633,15.000000953674316,15.000000953674316,10.526315689086914,14.285715103149414,2.145298719406128,8589934592,1073741824,5269979136,290652160
209,1771645037725,3504,3504,3504,3504,3504,3504,3504,3504,38.16102981567383,37.26753234863281,36.11643981933594,35.98093795776367,36.322601318359375,35.83396911621094,35.87474822998047,37.02168655395508,37.06458282470703,0,9.523809432983398,19.047618865966797,9.090909004211426,0,4.545454502105713,8.69565200805664,0,1.8376108407974243,8589934592,1073741824,5270011904,290652160
204,1771645037935,3504,3504,3504,3504,3504,3504,3504,3504,38.16102981567383,37.26753234863281,36.11643981933594,35.98093795776367,36.322601318359375,35.83396911621094,35.87474822998047,37.02168655395508,37.06458282470703,22.72727394104004,14.285715103149414,19.047618865966797,5,4.761904716491699,0,0,0,1.8376108407974243,8589934592,1073741824,5270028288,290652160
209,1771645038140,3504,3504,3504,3504,3504,3504,3504,3504,38.16102981567383,37.26753234863281,36.11643981933594,35.98093795776367,36.322601318359375,35.83396911621094,35.87474822998047,37.02168655395508,37.06458282470703,15.000000953674316,10.526315689086914,19.047618865966797,20,0,0,0,0,1.8376108407974243,8589934592,1073741824,5270028288,290652160
208,1771645038350,3504,3504,3504,3504,3504,3504,3504,3504,38.49284362792969,37.703792572021484,36.495201110839844,36.31684112548828,36.631690979003906,36.223716735839844,36.2904052734375,37.51823043823242,37.55417251586914,13.636363983154297,18.18181800842285,9.523809432983398,10,0,0,0,0,1.8376108407974243,8589934592,1073741824,5270011904,290652160
209,1771645038559,3504,3504,3504,3504,3504,3504,3504,3504,38.49284362792969,37.703792572021484,36.495201110839844,36.31684112548828,36.631690979003906,36.223716735839844,36.2904052734375,37.51823043823242,37.55417251586914,15.000000953674316,9.523809432983398,9.523809432983398,18.18181800842285,0,0,0,0,1.8376108407974243,8589934592,1073741824,5270011904,290652160
204,1771645038769,3504,3504,3504,3504,3504,3504,3504,3504,38.49284362792969,37.703792572021484,36.495201110839844,36.31684112548828,36.631690979003906,36.223716735839844,36.2904052734375,37.51823043823242,37.55417251586914,23.809524536132813,15.000000953674316,10,19.047618865966797,0,0,0,0,2.628568172454834,8589934592,1073741824,5270028288,290652160
209,1771645038974,3504,3504,3504,3504,3504,3504,3504,3504,38.49284362792969,37.703792572021484,36.495201110839844,36.31684112548828,36.631690979003906,36.223716735839844,36.2904052734375,37.51823043823242,37.55417251586914,23.809524536132813,23.809524536132813,19.047618865966797,15.000000953674316,0,0,0,0,2.628568172454834,8589934592,1073741824,5270175744,290652160
199,1771645039183,3504,3504,3504,3504,3504,3504,3504,3504,38.49284362792969,37.22093200683594,36.07866287231445,35.89166259765625,36.32651138305664,35.855735778808594,35.85300064086914,37.02071762084961,37.0947380065918,19.047618865966797,15.000000953674316,15.000000953674316,13.636363983154297,0,0,0,0,2.628568172454834,8589934592,1073741824,5270159360,290652160
209,1771645039384,3504,3504,3504,3504,3504,3504,3504,3504,38.1145133972168,37.22093200683594,36.07866287231445,35.89166259765625,36.32651138305664,35.855735778808594,35.85300064086914,37.02071762084961,37.0947380065918,26.3157901763916,19.047618865966797,28.571430206298828,15.000000953674316,40,0,0,0,2.628568172454834,8589934592,1073741824,5270454272,290652160
208,1771645039594,3504,3504,3504,3504,3504,3504,3504,3504,38.1145133972168,37.22093200683594,36.07866287231445,35.89166259765625,36.32651138305664,35.855735778808594,35.85300064086914,37.02071762084961,37.0947380065918,19.047618865966797,14.285715103149414,15.000000953674316,5,0,0,0,0,2.628568172454834,8589934592,1073741824,5270454272,290652160
207,1771645039803,3504,3504,3504,3504,3504,3504,3504,3504,38.1145133972168,37.22093200683594,36.07866287231445,35.89166259765625,36.32651138305664,35.855735778808594,35.85300064086914,37.02071762084961,37.0947380065918,25,15.000000953674316,22.72727394104004,14.285715103149414,0,0,0,0,2.818481922149658,8589934592,1073741824,5270454272,290652160
200,1771645040011,3504,3504,3504,3504,3504,3504,3504,3504,38.1145133972168,37.22093200683594,36.07866287231445,35.89166259765625,36.32651138305664,35.855735778808594,35.85300064086914,37.02071762084961,37.0947380065918,22.72727394104004,14.285715103149414,15.000000953674316,10,0,0,0,0,2.818481922149658,8589934592,1073741824,5270290432,290652160
203,1771645040211,3504,3504,3504,3504,3504,3504,3504,3504,38.2017707824707,37.55992889404297,36.30732727050781,36.01435470581055,36.393951416015625,35.858917236328125,35.87632751464844,37.05195236206055,37.10232162475586,21.052631378173828,20,5,9.523809432983398,0,0,0,0,2.818481922149658,8589934592,1073741824,5270290432,290652160
207,1771645040415,3504,3504,3504,3504,3504,3504,3504,3504,38.2017707824707,37.55992889404297,36.30732727050781,36.01435470581055,36.393951416015625,35.858917236328125,35.87632751464844,37.05195236206055,37.10232162475586,15.000000953674316,23.809524536132813,15.000000953674316,10,0,0,0,0,2.818481922149658,8589934592,1073741824,5270224896,290652160
206,1771645040624,3504,3504,3504,3504,3504,3504,3504,3504,38.2017707824707,37.55992889404297,36.30732727050781,36.01435470581055,36.393951416015625,35.858917236328125,35.87632751464844,37.05195236206055,37.10232162475586,23.809524536132813,20,14.285715103149414,10,0,0,0,0,2.818481922149658,8589934592,1073741824,5270208512,290652160
209,1771645040830,3504,3504,3504,3504,3504,3504,3504,3504,38.2017707824707,37.55992889404297,36.30732727050781,36.01435470581055,36.393951416015625,35.858917236328125,35.87632751464844,37.05195236206055,37.10232162475586,23.809524536132813,20,5,9.523809432983398,0,0,0,0,2.06198787689209,8589934592,1073741824,5270208512,290652160
209,1771645041040,3504,3504,3504,3504,3504,3504,3504,3504,38.2017707824707,37.55992889404297,36.30732727050781,36.01435470581055,36.393951416015625,35.858917236328125,35.87632751464844,37.05195236206055,37.10232162475586,23.809524536132813,14.285715103149414,14.285715103149414,9.523809432983398,0,0,0,0,2.06198787689209,8589934592,1073741824,5270405120,290652160
209,1771645041250,3504,3504,3504,3504,3504,3504,3504,3504,38.077491760253906,37.0951042175293,36.01653289794922,35.837013244628906,36.221012115478516,35.76068878173828,35.82220458984375,36.90475845336914,36.94540786743164,14.285715103149414,14.285715103149414,14.285715103149414,23.809524536132813,0,0,0,0,2.06198787689209,8589934592,1073741824,5270405120,290652160
208,1771645041460,3504,3504,3504,3504,3504,3504,3504,3504,38.077491760253906,37.0951042175293,36.01653289794922,35.837013244628906,36.221012115478516,35.76068878173828,35.82220458984375,36.90475845336914,36.94540786743164,19.047618865966797,14.285715103149414,10,28.571430206298828,0,0,0,0,2.06198787689209,8589934592,1073741824,5270355968,290652160
201,1771645041669,3504,3504,3504,3504,3504,3504,3504,3504,38.077491760253906,37.0951042175293,36.01653289794922,35.837013244628906,36.221012115478516,35.76068878173828,35.82220458984375,36.90475845336914,36.94540786743164,15.000000953674316,14.285715103149414,13.636363983154297,15.000000953674316,0,0,0,0,2.06198787689209,8589934592,1073741824,5270454272,290652160
201,1771645041871,3504,3504,3504,3504,3504,3504,3504,3504,38.077491760253906,37.0951042175293,36.01653289794922,35.837013244628906,36.221012115478516,35.76068878173828,35.82220458984375,36.90475845336914,36.94540786743164,21.052631378173828,20,14.285715103149414,14.285715103149414,0,0,0,0,2.1690025329589844,8589934592,1073741824,5270454272,290652160
209,1771645042074,3504,3504,3504,3504,3504,3504,3504,3504,38.077491760253906,37.0951042175293,36.01653289794922,35.837013244628906,36.221012115478516,35.76068878173828,35.82220458984375,36.90475845336914,36.94540786743164,23.809524536132813,15.000000953674316,5.263157844543457,10,13.636363983154297,0,0,0,2.1690025329589844,8589934592,1073741824,5270437888,290652160
208,1771645042284,3504,3504,3504,3504,3504,3504,3504,3504,38.05295181274414,37.058998107910156,35.97196960449219,35.817596435546875,36.19526290893555,35.735565185546875,35.80848693847656,36.860469818115234,36.915828704833984,14.285715103149414,19.047618865966797,9.523809432983398,14.285715103149414,0,0,0,0,2.1690025329589844,8589934592,1073741824,5270437888,290652160
208,1771645042492,3504,3504,3504,3504,3504,3504,3504,3504,38.05295181274414,37.058998107910156,35.97196960449219,35.817596435546875,36.19526290893555,35.735565185546875,35.80848693847656,36.860469818115234,36.915828704833984,10,23.809524536132813,10,19.047618865966797,0,0,0,0,2.1690025329589844,8589934592,1073741824,5270437888,290652160
207,1771645042701,3504,3504,3504,3504,3504,3504,3504,3504,38.05295181274414,37.058998107910156,35.97196960449219,35.817596435546875,36.19526290893555,35.735565185546875,35.80848693847656,36.860469818115234,36.915828704833984,13.636363983154297,15.000000953674316,9.523809432983398,14.285715103149414,0,4.545454502105713,0,4.761904716491699,1.8851914405822754,8589934592,1073741824,5270421504,290652160
209,1771645042909,3504,3504,3504,3504,3504,3504,3504,3504,38.05295181274414,37.058998107910156,35.97196960449219,35.817596435546875,36.19526290893555,35.735565185546875,35.80848693847656,36.860469818115234,36.915828704833984,15.000000953674316,19.047618865966797,13.636363983154297,20,0,0,0,0,1.8851914405822754,8589934592,1073741824,5270421504,290652160
202,1771645043119,3504,3504,3504,3504,3504,3504,3504,3504,38.05295181274414,37.058998107910156,35.97196960449219,35.817596435546875,36.19526290893555,35.735565185546875,35.80848693847656,36.860469818115234,36.915828704833984,19.047618865966797,14.285715103149414,15.000000953674316,22.72727394104004,0,0,0,0,1.8851914405822754,8589934592,1073741824,5270536192,290652160
201,1771645043322,3504,3504,3504,3504,3504,3504,3504,3504,38.005733489990234,36.964473724365234,35.895999908447266,35.78401565551758,36.11259078979492,35.70476531982422,35.8072509765625,36.82048416137695,36.8446044921875,10,14.285715103149414,20,10.526315689086914,0,0,0,0,1.8851914405822754,8589934592,1073741824,5270552576,290652160
209,1771645043524,3504,3504,3504,3504,3504,3504,3504,3504,38.005733489990234,36.964473724365234,35.895999908447266,35.78401565551758,36.11259078979492,35.70476531982422,35.8072509765625,36.82048416137695,36.8446044921875,30.000001907348633,21.052631378173828,25,25,0,0,0,0,1.8851914405822754,8589934592,1073741824,5271863296,290652160
204,1771645043734,3504,3504,3504,3504,3504,3504,3504,3504,38.005733489990234,36.964473724365234,35.895999908447266,35.78401565551758,36.11259078979492,35.70476531982422,35.8072509765625,36.82048416137695,36.8446044921875,9.523809432983398,9.523809432983398,18.18181800842285,18.18181800842285,5,0,4.761904716491699,0,2.2512059211730957,8589934592,1073741824,5272879104,290652160
209,1771645043939,3504,3504,3504,3504,3504,3504,3504,3504,38.005733489990234,36.964473724365234,35.895999908447266,35.78401565551758,36.11259078979492,35.70476531982422,35.8072509765625,36.82048416137695,36.8446044921875,15.000000953674316,15.000000953674316,15.789472579956055,15.000000953674316,0,0,0,0,2.2512059211730957,8589934592,1073741824,5272879104,290652160
207,1771645044149,3504,3504,3504,3504,3504,3504,3504,3504,38.005733489990234,36.964473724365234,35.895999908447266,35.78401565551758,36.11259078979492,35.70476531982422,35.8072509765625,36.82048416137695,36.8446044921875,14.285715103149414,22.72727394104004,23.809524536132813,14.285715103149414,0,0,0,0,2.2512059211730957,8589934592,1073741824,5272879104,290652160
206,1771645044357,3504,3504,3504,3504,3504,3504,3504,3504,37.999935150146484,36.98556137084961,35.956138610839844,35.78977966308594,36.13085174560547,35.69203186035156,35.81529235839844,36.84031295776367,36.87440490722656,14.285715103149414,20,19.047618865966797,4.761904716491699,0,0,0,0,2.2512059211730957,8589934592,1073741824,5272846336,290652160
202,1771645044564,3504,3504,3504,3504,3504,3504,3504,3504,37.999935150146484,36.98556137084961,35.956138610839844,35.78977966308594,36.13085174560547,35.69203186035156,35.81529235839844,36.84031295776367,36.87440490722656,23.809524536132813,10,14.285715103149414,5,0,0,0,0,2.2512059211730957,8589934592,1073741824,5272846336,290652160
204,1771645044767,3504,3504,3504,3504,3504,3504,3504,3504,37.999935150146484,36.98556137084961,35.956138610839844,35.78977966308594,36.13085174560547,35.69203186035156,35.81529235839844,36.84031295776367,36.87440490722656,25,14.285715103149414,20,10,0,0,0,0,2.2619082927703857,8589934592,1073741824,5272420352,290652160
207,1771645044972,3504,3504,3504,3504,3504,3504,3504,3504,37.999935150146484,36.98556137084961,35.956138610839844,35.78977966308594,36.13085174560547,35.69203186035156,35.81529235839844,36.84031295776367,36.87440490722656,25,14.285715103149414,15.000000953674316,14.285715103149414,0,0,0,0,2.2619082927703857,8589934592,1073741824,5272420352,290652160
208,1771645045180,3504,3504,3504,3504,3504,3504,3504,3504,37.999935150146484,36.98556137084961,35.84222412109375,35.70698928833008,36.066253662109375,35.63279724121094,35.799827575683594,36.772281646728516,36.75830078125,20,20,10,20,0,0,0,0,2.2619082927703857,8589934592,1073741824,5272354816,290652160
209,1771645045388,3504,3504,3504,3504,3504,3504,3504,3504,37.90379333496094,36.865482330322266,35.84222412109375,35.70698928833008,36.066253662109375,35.63279724121094,35.799827575683594,36.772281646728516,36.75830078125,45.45454788208008,40,31.81818199157715,33.333335876464844,10,9.090909004211426,4.761904716491699,0,2.2619082927703857,8589934592,1073741824,5282463744,290652160
207,1771645045598,3504,3504,3504,3504,3504,3504,3504,3504,37.90379333496094,36.865482330322266,35.84222412109375,35.70698928833008,36.066253662109375,35.63279724121094,35.799827575683594,36.772281646728516,36.75830078125,70,71.42857360839844,66.66667175292969,47.619049072265625,0,0,0,0,2.2619082927703857,8589934592,1073741824,5289099264,290652160
200,1771645045806,3504,3504,3504,3504,3504,3504,3504,3504,37.90379333496094,36.865482330322266,35.84222412109375,35.70698928833008,36.066253662109375,35.63279724121094,35.799827575683594,36.772281646728516,36.75830078125,70,66.66667175292969,60.000003814697266,52.38095474243164,0,0,0,0,2.1693670749664307,8589934592,1073741824,5295996928,290652160
209,1771645046007,3504,3504,3504,3504,3504,3504,3504,3504,37.90379333496094,36.865482330322266,35.84222412109375,35.70698928833008,36.066253662109375,35.63279724121094,35.799827575683594,36.772281646728516,36.75830078125,28.571430206298828,20,25,20,0,0,0,0,2.1693670749664307,8589934592,1073741824,5303468032,290652160
207,1771645046217,3504,3504,3504,3504,3504,3504,3504,3504,38.02485656738281,37.06220245361328,36.016944885253906,35.81985855102539,36.19005584716797,35.68836975097656,35.80390930175781,36.85042190551758,36.878658294677734,28.571430206298828,19.047618865966797,14.285715103149414,10,0,0,0,0,2.1693670749664307,8589934592,1073741824,5303533568,290652160
204,1771645046424,3504,3504,3504,3504,3504,3504,3504,3504,38.02485656738281,37.06220245361328,36.016944885253906,35.81985855102539,36.19005584716797,35.68836975097656,35.80390930175781,36.85042190551758,36.878658294677734,19.047618865966797,19.047618865966797,14.285715103149414,9.090909004211426,0,0,0,0,2.1693670749664307,8589934592,1073741824,5303664640,290652160
199,1771645046630,3504,3504,3504,3504,3504,3504,3504,3504,38.02485656738281,37.06220245361328,36.016944885253906,35.81985855102539,36.19005584716797,35.68836975097656,35.80390930175781,36.85042190551758,36.878658294677734,15.789472579956055,20,10,5.263157844543457,0,0,0,0,2.1693670749664307,8589934592,1073741824,5303697408,290652160
209,1771645046830,3504,3504,3504,3504,3504,3504,3504,3504,38.02485656738281,37.06220245361328,36.016944885253906,35.81985855102539,36.19005584716797,35.68836975097656,35.80390930175781,36.85042190551758,36.878658294677734,23.809524536132813,23.809524536132813,14.285715103149414,14.285715103149414,0,0,0,0,2.393585205078125,8589934592,1073741824,5303697408,290652160
206,1771645047040,3504,3504,3504,3504,3504,3504,3504,3504,38.02485656738281,37.06220245361328,36.016944885253906,35.81985855102539,36.19005584716797,35.68836975097656,35.80390930175781,36.85042190551758,36.878658294677734,25,15.000000953674316,10,9.523809432983398,4.761904716491699,0,0,0,2.393585205078125,8589934592,1073741824,5303697408,290652160
207,1771645047247,3504,3504,3504,3504,3504,3504,3504,3504,37.9139518737793,36.87705612182617,35.8614616394043,35.70295715332031,36.05564498901367,35.59987258911133,35.79039001464844,36.748138427734375,36.74420928955078,23.809524536132813,20,23.809524536132813,10,0,0,0,0,2.393585205078125,8589934592,1073741824,5303762944,290652160
201,1771645047455,3504,3504,3504,3504,3504,3504,3504,3504,37.9139518737793,36.87705612182617,35.8614616394043,35.70295715332031,36.05564498901367,35.59987258911133,35.79039001464844,36.748138427734375,36.74420928955078,19.047618865966797,14.285715103149414,19.047618865966797,9.523809432983398,0,0,0,0,2.393585205078125,8589934592,1073741824,5303762944,290652160
201,1771645047657,3504,3504,3504,3504,3504,3504,3504,3504,37.9139518737793,36.87705612182617,35.8614616394043,35.70295715332031,36.05564498901367,35.59987258911133,35.79039001464844,36.748138427734375,36.74420928955078,15.000000953674316,20,15.789472579956055,5.263157844543457,0,0,0,0,2.393585205078125,8589934592,1073741824,5303762944,290652160
204,1771645047859,3504,3504,3504,3504,3504,3504,3504,3504,37.9139518737793,36.87705612182617,35.8614616394043,35.70295715332031,36.05564498901367,35.59987258911133,35.79039001464844,36.748138427734375,36.74420928955078,25,23.809524536132813,19.047618865966797,14.285715103149414,0,0,0,0,2.5127110481262207,8589934592,1073741824,5303730176,290652160
208,1771645048064,3504,3504,3504,3504,3504,3504,3504,3504,37.9139518737793,36.87705612182617,35.8614616394043,35.70295715332031,36.05564498901367,35.59987258911133,35.79039001464844,36.748138427734375,36.74420928955078,14.285715103149414,15.789472579956055,15.000000953674316,9.523809432983398,0,0,0,0,2.5127110481262207,8589934592,1073741824,5303730176,290652160
205,1771645048274,3504,3504,3504,3504,3504,3504,3504,3504,37.767295837402344,36.77165603637695,35.74748229980469,35.59773254394531,35.99753952026367,35.58613967895508,35.78171157836914,36.68584442138672,36.69418716430664,20,14.285715103149414,23.809524536132813,5,0,0,0,0,2.5127110481262207,8589934592,1073741824,5303746560,290652160
204,1771645048480,3504,3504,3504,3504,3504,3504,3504,3504,37.767295837402344,36.77165603637695,35.74748229980469,35.59773254394531,35.99753952026367,35.58613967895508,35.78171157836914,36.68584442138672,36.69418716430664,19.047618865966797,19.047618865966797,19.047618865966797,10,0,0,0,0,2.5127110481262207,8589934592,1073741824,5303599104,290652160
9,1771645048684,3504,3504,3504,3504,3504,3504,3504,3504,37.767295837402344,36.77165603637695,35.74748229980469,35.59773254394531,35.99753952026367,35.58613967895508,35.78171157836914,36.68584442138672,36.69418716430664,25,15.000000953674316,20,9.523809432983398,0,0,0,0,2.332566976547241,8589934592,1073741824,5303255040,290652160
