Delta,Time,CPU_FREQUENCY_0,CPU_FREQUENCY_1,CPU_FREQUENCY_2,CPU_FREQUENCY_3,CPU_FREQUENCY_4,CPU_FREQUENCY_5,CPU_FREQUENCY_6,CPU_FREQUENCY_7,CPU_TEMP_0,CPU_TEMP_1,CPU_TEMP_2,CPU_TEMP_3,CPU_TEMP_4,CPU_TEMP_5,CPU_TEMP_6,CPU_TEMP_7,CPU_TEMP_8,CPU_USAGE_0,CPU_USAGE_1,CPU_USAGE_2,CPU_USAGE_3,CPU_USAGE_4,CPU_USAGE_5,CPU_USAGE_6,CPU_USAGE_7,SYSTEM_POWER (Watts),TOTAL_MEMORY,TOTAL_SWAP,USED_MEMORY,USED_SWAP
0,1771641305262,3504,3504,3504,3504,3504,3504,3504,3504,57.477046966552734,57.104331970214844,55.76751708984375,55.56047058105469,55.566890716552734,55.49738311767578,55.14971923828125,56.52637481689453,56.66701126098633,100,0,50,0,0,0,0,0,6.695819854736328,8589934592,1073741824,5207982080,299040768
209,1771641305262,3504,3504,3504,3504,3504,3504,3504,3504,57.477046966552734,57.104331970214844,55.76751708984375,55.56047058105469,55.566890716552734,55.49738311767578,55.14971923828125,56.52637481689453,56.66701126098633,0,50,0,NaN,0,0,0,0,6.695819854736328,8589934592,1073741824,5208915968,299040768
206,1771641305472,3504,3504,3504,3504,3504,3504,3504,3504,57.477046966552734,57.104331970214844,55.76751708984375,55.56047058105469,55.566890716552734,55.49738311767578,55.14971923828125,56.52637481689453,56.66701126098633,10,15.000000953674316,19.047618865966797,13.636363983154297,23.809524536132813,9.523809432983398,4.761904716491699,4.761904716491699,6.695819854736328,8589934592,1073741824,5213995008,299040768
209,1771641305679,3504,3504,3504,3504,3504,3504,3504,3504,57.477046966552734,57.104331970214844,55.76751708984375,55.56047058105469,55.566890716552734,55.49738311767578,55.14971923828125,56.52637481689453,56.66701126098633,9.523809432983398,4.761904716491699,10,0,10.526315689086914,14.285715103149414,0,4.545454502105713,2.1472842693328857,8589934592,1073741824,5226201088,299040768
208,1771641305889,3504,3504,3504,3504,3504,3504,3504,3504,57.477046966552734,57.104331970214844,55.76751708984375,55.56047058105469,55.566890716552734,55.49738311767578,55.14971923828125,56.52637481689453,56.66701126098633,19.047618865966797,14.285715103149414,18.18181800842285,13.636363983154297,8.69565200805664,0,0,0,2.1472842693328857,8589934592,1073741824,5224333312,299040768
208,1771641306097,3504,3504,3504,3504,3504,3504,3504,3504,57.477046966552734,57.104331970214844,55.76751708984375,55.56047058105469,55.566890716552734,55.49738311767578,55.14971923828125,56.52637481689453,56.66701126098633,23.809524536132813,20,5,13.636363983154297,0,0,0,0,2.1472842693328857,8589934592,1073741824,5224333312,299040768
202,1771641306307,3504,3504,3504,3504,3504,3504,3504,3504,56.63168716430664,56.363746643066406,54.931373596191406,54.73021697998047,54.64506530761719,54.437782287597656,54.064971923828125,55.38581466674805,55.49513244628906,15.000000953674316,14.285715103149414,14.285715103149414,10.526315689086914,0,0,0,0,2.1472842693328857,8589934592,1073741824,5224333312,299040768
203,1771641306510,3504,3504,3504,3504,3504,3504,3504,3504,56.63168716430664,56.363746643066406,54.931373596191406,54.73021697998047,54.64506530761719,54.437782287597656,54.064971923828125,55.38581466674805,55.49513244628906,23.809524536132813,28.571430206298828,15.000000953674316,15.000000953674316,0,0,0,0,2.1472842693328857,8589934592,1073741824,5224333312,299040768
203,1771641306714,3504,3504,3504,3504,3504,3504,3504,3504,56.63168716430664,56.363746643066406,54.931373596191406,54.73021697998047,54.64506530761719,54.437782287597656,54.064971923828125,55.38581466674805,55.49513244628906,20,19.047618865966797,19.047618865966797,19.047618865966797,0,0,0,0,3.2431681156158447,8589934592,1073741824,5224333312,299040768
209,1771641306919,3504,3504,3504,3504,3504,3504,3504,3504,56.63168716430664,56.363746643066406,54.931373596191406,54.73021697998047,54.64506530761719,54.437782287597656,54.064971923828125,55.38581466674805,55.49513244628906,20,15.789472579956055,5.263157844543457,9.523809432983398,0,0,0,0,3.2431681156158447,8589934592,1073741824,5065555968,299040768
202,1771641307129,3504,3504,3504,3504,3504,3504,3504,3504,54.43550491333008,54.178218841552734,53.04979705810547,52.803466796875,53.228981018066406,53.102027893066406,52.75536346435547,53.860836029052734,54.04719924926758,22.72727394104004,45,19.047618865966797,9.523809432983398,0,0,0,0,3.2431681156158447,8589934592,1073741824,5065375744,299040768
204,1771641307332,3504,3504,3504,3504,3504,3504,3504,3504,54.43550491333008,54.178218841552734,53.04979705810547,52.803466796875,53.228981018066406,53.102027893066406,52.75536346435547,53.860836029052734,54.04719924926758,31.57894515991211,42.85714340209961,25,15.789472579956055,0,0,0,0,3.2431681156158447,8589934592,1073741824,5056020480,299040768
209,1771641307536,3504,3504,3504,3504,3504,3504,3504,3504,54.43550491333008,54.178218841552734,53.04979705810547,52.803466796875,53.228981018066406,53.102027893066406,52.75536346435547,53.860836029052734,54.04719924926758,20,28.571430206298828,19.047618865966797,23.809524536132813,9.523809432983398,14.285715103149414,4.761904716491699,5,3.2431681156158447,8589934592,1073741824,5057986560,299040768
209,1771641307746,3504,3504,3504,3504,3504,3504,3504,3504,54.43550491333008,54.178218841552734,53.04979705810547,52.803466796875,53.228981018066406,53.102027893066406,52.75536346435547,53.860836029052734,54.04719924926758,27.272727966308594,20,23.809524536132813,19.047618865966797,33.333335876464844,0,0,0,2.6803841590881348,8589934592,1073741824,5058478080,299040768
204,1771641307957,3504,3504,3504,3504,3504,3504,3504,3504,54.43550491333008,54.178218841552734,53.04979705810547,52.803466796875,53.228981018066406,53.102027893066406,52.75536346435547,53.860836029052734,54.04719924926758,14.285715103149414,22.72727394104004,9.523809432983398,14.285715103149414,0,0,0,0,2.6803841590881348,8589934592,1073741824,5058314240,299040768
209,1771641308162,3504,3504,3504,3504,3504,3504,3504,3504,53.76180648803711,53.725406646728516,52.442405700683594,52.05216979980469,52.45368576049805,52.247169494628906,51.86146545410156,53.05034637451172,53.258277893066406,15.000000953674316,5.263157844543457,10,19.047618865966797,0,0,0,0,2.6803841590881348,8589934592,1073741824,5058314240,299040768
206,1771641308372,3504,3504,3504,3504,3504,3504,3504,3504,53.76180648803711,53.725406646728516,52.442405700683594,52.05216979980469,52.45368576049805,52.247169494628906,51.86146545410156,53.05034637451172,53.258277893066406,28.571430206298828,22.72727394104004,9.523809432983398,14.285715103149414,0,0,0,0,2.6803841590881348,8589934592,1073741824,5058510848,299040768
209,1771641308579,3504,3504,3504,3504,3504,3504,3504,3504,53.76180648803711,53.725406646728516,52.442405700683594,52.05216979980469,52.45368576049805,52.247169494628906,51.86146545410156,53.05034637451172,53.258277893066406,10,10.526315689086914,14.285715103149414,15.000000953674316,4.761904716491699,0,0,0,2.6803841590881348,8589934592,1073741824,5059182592,299040768
209,1771641308788,3504,3504,3504,3504,3504,3504,3504,3504,53.76180648803711,53.725406646728516,52.442405700683594,52.05216979980469,52.45368576049805,52.247169494628906,51.86146545410156,53.05034637451172,53.258277893066406,18.18181800842285,22.72727394104004,9.523809432983398,14.285715103149414,0,4.545454502105713,4.545454502105713,0,2.172617197036743,8589934592,1073741824,5059182592,299040768
207,1771641308999,3504,3504,3504,3504,3504,3504,3504,3504,53.76180648803711,53.725406646728516,52.442405700683594,52.05216979980469,52.45368576049805,52.247169494628906,51.86146545410156,53.05034637451172,53.258277893066406,20,13.636363983154297,5,9.523809432983398,4.545454502105713,0,0,0,2.172617197036743,8589934592,1073741824,5059133440,299040768
199,1771641309207,3504,3504,3504,3504,3504,3504,3504,3504,52.89781188964844,52.33706283569336,51.330406188964844,51.11803436279297,51.504268646240234,51.348968505859375,51.056373596191406,52.18751525878906,52.35541915893555,14.285715103149414,20,13.636363983154297,5,0,0,0,0,2.172617197036743,8589934592,1073741824,5059149824,299040768
204,1771641309407,3504,3504,3504,3504,3504,3504,3504,3504,52.89781188964844,52.33706283569336,51.330406188964844,51.11803436279297,51.504268646240234,51.348968505859375,51.056373596191406,52.18751525878906,52.35541915893555,15.000000953674316,25,5.263157844543457,10,0,0,0,0,2.172617197036743,8589934592,1073741824,5059166208,299040768
203,1771641309612,3504,3504,3504,3504,3504,3504,3504,3504,52.89781188964844,52.33706283569336,51.330406188964844,51.11803436279297,51.504268646240234,51.348968505859375,51.056373596191406,52.18751525878906,52.35541915893555,20,20,14.285715103149414,9.523809432983398,0,0,0,0,2.354090929031372,8589934592,1073741824,5059149824,299040768
201,1771641309816,3504,3504,3504,3504,3504,3504,3504,3504,52.89781188964844,52.33706283569336,51.330406188964844,51.11803436279297,51.504268646240234,51.348968505859375,51.056373596191406,52.18751525878906,52.35541915893555,14.285715103149414,20,9.523809432983398,10,0,0,0,0,2.354090929031372,8589934592,1073741824,5059117056,299040768
202,1771641310018,3504,3504,3504,3504,3504,3504,3504,3504,52.89781188964844,52.33706283569336,51.330406188964844,51.11803436279297,51.504268646240234,51.348968505859375,51.056373596191406,52.18751525878906,52.35541915893555,15.000000953674316,20,5.263157844543457,10,0,0,0,0,2.354090929031372,8589934592,1073741824,5056970752,299040768
207,1771641310223,3504,3504,3504,3504,3504,3504,3504,3504,52.16972351074219,51.364418029785156,50.514442443847656,50.28926086425781,50.779354095458984,50.650169372558594,50.32025146484375,51.4822883605957,51.62142562866211,25,23.809524536132813,10,10,0,0,0,0,2.354090929031372,8589934592,1073741824,5057200128,299040768
204,1771641310430,3504,3504,3504,3504,3504,3504,3504,3504,52.16972351074219,51.364418029785156,50.514442443847656,50.28926086425781,50.779354095458984,50.650169372558594,50.32025146484375,51.4822883605957,51.62142562866211,15.000000953674316,20,14.285715103149414,13.636363983154297,5,5,4.761904716491699,0,2.354090929031372,8589934592,1073741824,5055791104,299040768
209,1771641310635,3504,3504,3504,3504,3504,3504,3504,3504,52.16972351074219,51.364418029785156,50.514442443847656,50.28926086425781,50.779354095458984,50.650169372558594,50.32025146484375,51.4822883605957,51.62142562866211,15.000000953674316,19.047618865966797,9.523809432983398,5,0,0,0,0,2.1608362197875977,8589934592,1073741824,5056036864,299040768
209,1771641310845,3504,3504,3504,3504,3504,3504,3504,3504,52.16972351074219,51.364418029785156,50.514442443847656,50.28926086425781,50.779354095458984,50.650169372558594,50.32025146484375,51.4822883605957,51.62142562866211,14.285715103149414,23.809524536132813,10,9.523809432983398,0,0,0,0,2.1608362197875977,8589934592,1073741824,5056036864,299040768
208,1771641311055,3504,3504,3504,3504,3504,3504,3504,3504,52.16972351074219,51.364418029785156,50.514442443847656,50.28926086425781,50.779354095458984,50.650169372558594,50.32025146484375,51.4822883605957,51.62142562866211,14.285715103149414,25,19.047618865966797,10,0,0,0,0,2.1608362197875977,8589934592,1073741824,5055692800,299040768
204,1771641311264,3504,3504,3504,3504,3504,3504,3504,3504,51.68157196044922,50.76051330566406,49.990623474121094,49.74980926513672,50.26536178588867,49.94532775878906,49.622779846191406,50.97972106933594,51.017906188964844,14.285715103149414,9.523809432983398,14.285715103149414,18.18181800842285,0,0,0,0,2.1608362197875977,8589934592,1073741824,5055692800,299040768
209,1771641311469,3504,3504,3504,3504,3504,3504,3504,3504,51.68157196044922,50.76051330566406,49.990623474121094,49.74980926513672,50.26536178588867,49.94532775878906,49.622779846191406,50.97972106933594,51.017906188964844,20,15.000000953674316,23.809524536132813,15.789472579956055,0,0,0,0,2.1608362197875977,8589934592,1073741824,5055610880,299040768
207,1771641311679,3504,3504,3504,3504,3504,3504,3504,3504,51.68157196044922,50.76051330566406,49.990623474121094,49.74980926513672,50.26536178588867,49.94532775878906,49.622779846191406,50.97972106933594,51.017906188964844,14.285715103149414,13.636363983154297,14.285715103149414,14.285715103149414,0,0,0,0,2.1968913078308105,8589934592,1073741824,5055610880,299040768
207,1771641311887,3504,3504,3504,3504,3504,3504,3504,3504,51.68157196044922,50.76051330566406,49.990623474121094,49.74980926513672,50.26536178588867,49.94532775878906,49.622779846191406,50.97972106933594,51.017906188964844,14.285715103149414,20,20,13.636363983154297,0,0,0,0,2.1968913078308105,8589934592,1073741824,5055676416,299040768
209,1771641312095,3504,3504,3504,3504,3504,3504,3504,3504,51.68157196044922,50.76051330566406,49.990623474121094,49.74980926513672,50.26536178588867,49.94532775878906,49.622779846191406,50.97972106933594,51.017906188964844,20,20,14.285715103149414,5,0,0,0,0,2.1968913078308105,8589934592,1073741824,5055496192,299040768
201,1771641312305,3504,3504,3504,3504,3504,3504,3504,3504,50.93810272216797,50.19517135620117,49.31245422363281,49.08092498779297,49.611961364746094,49.343597412109375,49.15367889404297,50.35370635986328,50.421539306640625,19.047618865966797,18.18181800842285,13.636363983154297,5,0,0,0,0,2.1968913078308105,8589934592,1073741824,5054971904,299040768
204,1771641312507,3504,3504,3504,3504,3504,3504,3504,3504,50.93810272216797,50.19517135620117,49.31245422363281,49.08092498779297,49.611961364746094,49.343597412109375,49.15367889404297,50.35370635986328,50.421539306640625,20,20,10.526315689086914,14.285715103149414,0,0,0,0,2.1968913078308105,8589934592,1073741824,5055102976,299040768
209,1771641312712,3504,3504,3504,3504,3504,3504,3504,3504,50.93810272216797,50.19517135620117,49.31245422363281,49.08092498779297,49.611961364746094,49.343597412109375,49.15367889404297,50.35370635986328,50.421539306640625,19.047618865966797,15.000000953674316,10,19.047618865966797,0,0,0,0,2.37835693359375,8589934592,1073741824,5055135744,299040768
206,1771641312922,3504,3504,3504,3504,3504,3504,3504,3504,50.93810272216797,50.19517135620117,49.31245422363281,49.08092498779297,49.611961364746094,49.343597412109375,49.15367889404297,50.35370635986328,50.421539306640625,19.047618865966797,19.047618865966797,18.18181800842285,19.047618865966797,0,0,0,0,2.37835693359375,8589934592,1073741824,5055676416,299040768
209,1771641313128,3504,3504,3504,3504,3504,3504,3504,3504,50.50172805786133,49.65190887451172,48.86723327636719,48.58662414550781,49.14641571044922,48.919639587402344,48.67511749267578,49.789329528808594,49.903099060058594,15.789472579956055,19.047618865966797,15.789472579956055,10,0,0,0,0,2.37835693359375,8589934592,1073741824,5055561728,299040768
209,1771641313339,3504,3504,3504,3504,3504,3504,3504,3504,50.50172805786133,49.65190887451172,48.86723327636719,48.58662414550781,49.14641571044922,48.919639587402344,48.67511749267578,49.789329528808594,49.903099060058594,27.272727966308594,14.285715103149414,18.18181800842285,9.523809432983398,0,0,0,0,2.37835693359375,8589934592,1073741824,5055578112,299040768
209,1771641313548,3504,3504,3504,3504,3504,3504,3504,3504,50.50172805786133,49.65190887451172,48.86723327636719,48.58662414550781,49.14641571044922,48.919639587402344,48.67511749267578,49.789329528808594,49.903099060058594,23.809524536132813,20,25,25,26.086956024169922,19.047618865966797,19.047618865966797,19.047618865966797,2.37835693359375,8589934592,1073741824,5045026816,299040768
209,1771641313759,3504,3504,3504,3504,3504,3504,3504,3504,50.50172805786133,49.65190887451172,48.86723327636719,48.58662414550781,49.14641571044922,48.919639587402344,48.67511749267578,49.789329528808594,49.903099060058594,19.047618865966797,9.523809432983398,18.18181800842285,9.090909004211426,0,0,0,0,2.003359079360962,8589934592,1073741824,5046714368,299040768
207,1771641313969,3504,3504,3504,3504,3504,3504,3504,3504,50.50172805786133,49.65190887451172,48.86723327636719,48.58662414550781,49.14641571044922,48.919639587402344,48.67511749267578,49.789329528808594,49.903099060058594,20,14.285715103149414,14.285715103149414,5,0,0,0,0,2.003359079360962,8589934592,1073741824,5046763520,299040768
201,1771641314177,3504,3504,3504,3504,3504,3504,3504,3504,50.4558219909668,49.70884323120117,48.73455047607422,48.51893615722656,48.99617385864258,48.885498046875,48.560096740722656,49.807003021240234,49.9220085144043,22.72727394104004,14.285715103149414,15.000000953674316,9.090909004211426,0,0,0,0,2.003359079360962,8589934592,1073741824,5046894592,299040768
205,1771641314379,3504,3504,3504,3504,3504,3504,3504,3504,50.4558219909668,49.70884323120117,48.73455047607422,48.51893615722656,48.99617385864258,48.885498046875,48.560096740722656,49.807003021240234,49.9220085144043,30.000001907348633,15.000000953674316,10,10,0,0,0,0,2.003359079360962,8589934592,1073741824,5046927360,299040768
200,1771641314585,3504,3504,3504,3504,3504,3504,3504,3504,50.4558219909668,49.70884323120117,48.73455047607422,48.51893615722656,48.99617385864258,48.885498046875,48.560096740722656,49.807003021240234,49.9220085144043,25,14.285715103149414,10,5,0,0,0,0,2.003359079360962,8589934592,1073741824,5046960128,299040768
209,1771641314786,3504,3504,3504,3504,3504,3504,3504,3504,50.4558219909668,49.70884323120117,48.73455047607422,48.51893615722656,48.99617385864258,48.885498046875,48.560096740722656,49.807003021240234,49.9220085144043,30.000001907348633,15.789472579956055,23.809524536132813,20,0,0,0,0,1.846287488937378,8589934592,1073741824,5047222272,299040768
209,1771641314996,3504,3504,3504,3504,3504,3504,3504,3504,50.4558219909668,49.70884323120117,48.73455047607422,48.51893615722656,48.99617385864258,48.885498046875,48.560096740722656,49.807003021240234,49.9220085144043,20,19.047618865966797,23.809524536132813,13.636363983154297,0,0,0,0,1.846287488937378,8589934592,1073741824,5040701440,299040768
206,1771641315205,3504,3504,3504,3504,3504,3504,3504,3504,49.67972183227539,49.082576751708984,48.06890106201172,47.73414611816406,48.34957504272461,48.18983459472656,47.78306579589844,49.069358825683594,49.11262130737305,19.047618865966797,14.285715103149414,15.000000953674316,5,0,0,0,0,1.846287488937378,8589934592,1073741824,5039620096,299040768
209,1771641315412,3504,3504,3504,3504,3504,3504,3504,3504,49.67972183227539,49.082576751708984,48.06890106201172,47.73414611816406,48.34957504272461,48.18983459472656,47.78306579589844,49.069358825683594,49.11262130737305,14.285715103149414,20,28.571430206298828,14.285715103149414,0,0,0,0,1.846287488937378,8589934592,1073741824,5040357376,299040768
209,1771641315622,3504,3504,3504,3504,3504,3504,3504,3504,49.67972183227539,49.082576751708984,48.06890106201172,47.73414611816406,48.34957504272461,48.18983459472656,47.78306579589844,49.069358825683594,49.11262130737305,19.047618865966797,13.636363983154297,19.047618865966797,5,0,0,0,0,2.5733485221862793,8589934592,1073741824,5038440448,299040768
209,1771641315832,3504,3504,3504,3504,3504,3504,3504,3504,49.67972183227539,49.082576751708984,48.06890106201172,47.73414611816406,48.34957504272461,48.18983459472656,47.78306579589844,49.069358825683594,49.11262130737305,19.047618865966797,14.285715103149414,14.285715103149414,4.761904716491699,0,0,0,0,2.5733485221862793,8589934592,1073741824,5038473216,299040768
202,1771641316042,3504,3504,3504,3504,3504,3504,3504,3504,49.67972183227539,49.082576751708984,48.06890106201172,47.73414611816406,48.34957504272461,48.18983459472656,47.78306579589844,49.069358825683594,49.11262130737305,23.809524536132813,10,20,9.523809432983398,0,0,0,0,2.5733485221862793,8589934592,1073741824,5038538752,299040768
209,1771641316245,3504,3504,3504,3504,3504,3504,3504,3504,49.09967041015625,48.71829605102539,47.679344177246094,47.39521026611328,47.82714080810547,47.74676513671875,47.46490478515625,48.64714050292969,48.71468734741211,25,10,19.047618865966797,9.523809432983398,0,0,0,0,2.5733485221862793,8589934592,1073741824,5038505984,299040768
207,1771641316455,3504,3504,3504,3504,3504,3504,3504,3504,49.09967041015625,48.71829605102539,47.679344177246094,47.39521026611328,47.82714080810547,47.74676513671875,47.46490478515625,48.64714050292969,48.71468734741211,28.571430206298828,23.809524536132813,23.809524536132813,15.000000953674316,0,0,0,0,2.5733485221862793,8589934592,1073741824,5051056128,299040768
209,1771641316663,3504,3504,3504,3504,3504,3504,3504,3504,49.09967041015625,48.71829605102539,47.679344177246094,47.39521026611328,47.82714080810547,47.74676513671875,47.46490478515625,48.64714050292969,48.71468734741211,15.000000953674316,19.047618865966797,15.000000953674316,9.523809432983398,9.090909004211426,9.090909004211426,4.761904716491699,0,2.4750211238861084,8589934592,1073741824,5047582720,299040768
204,1771641316873,3504,3504,3504,3504,3504,3504,3504,3504,49.09967041015625,48.71829605102539,47.679344177246094,47.39521026611328,47.82714080810547,47.74676513671875,47.46490478515625,48.64714050292969,48.71468734741211,31.81818199157715,20,19.047618865966797,19.047618865966797,0,0,0,0,2.4750211238861084,8589934592,1073741824,5047402496,299040768
203,1771641317077,3504,3504,3504,3504,3504,3504,3504,3504,49.09967041015625,48.71829605102539,47.679344177246094,47.39521026611328,47.82714080810547,47.74676513671875,47.46490478515625,48.64714050292969,48.71468734741211,20,19.047618865966797,14.285715103149414,10,0,0,0,0,2.4750211238861084,8589934592,1073741824,5047435264,299040768
204,1771641317281,3504,3504,3504,3504,3504,3504,3504,3504,49.000179290771484,48.41714096069336,47.27454376220703,47.01476287841797,47.455039978027344,47.43842315673828,47.0784912109375,48.22504425048828,48.33840560913086,20,15.000000953674316,5.263157844543457,19.047618865966797,0,0,0,0,2.4750211238861084,8589934592,1073741824,5047435264,299040768
209,1771641317486,3504,3504,3504,3504,3504,3504,3504,3504,49.000179290771484,48.41714096069336,47.27454376220703,47.01476287841797,47.455039978027344,47.43842315673828,47.0784912109375,48.22504425048828,48.33840560913086,15.000000953674316,14.285715103149414,9.523809432983398,25,0,0,0,0,2.4750211238861084,8589934592,1073741824,5047418880,299040768
203,1771641317696,3504,3504,3504,3504,3504,3504,3504,3504,49.000179290771484,48.41714096069336,47.27454376220703,47.01476287841797,47.455039978027344,47.43842315673828,47.0784912109375,48.22504425048828,48.33840560913086,23.809524536132813,25,19.047618865966797,9.523809432983398,0,0,0,0,1.8710379600524902,8589934592,1073741824,5047992320,299040768
207,1771641317899,3504,3504,3504,3504,3504,3504,3504,3504,49.000179290771484,48.41714096069336,47.27454376220703,47.01476287841797,47.455039978027344,47.43842315673828,47.0784912109375,48.22504425048828,48.33840560913086,40,35,33.333335876464844,25,38.095237731933594,0,0,0,1.8710379600524902,8589934592,1073741824,5054201856,299040768
204,1771641318107,3504,3504,3504,3504,3504,3504,3504,3504,49.000179290771484,48.41714096069336,47.27454376220703,47.01476287841797,47.455039978027344,47.183349609375,46.779029846191406,47.903465270996094,48.06968688964844,19.047618865966797,9.523809432983398,5,9.523809432983398,20,15.000000953674316,4.545454502105713,0,1.8710379600524902,8589934592,1073741824,5059690496,299040768
205,1771641318312,3504,3504,3504,3504,3504,3504,3504,3504,48.82026672363281,48.60647201538086,47.35472106933594,46.97888946533203,47.240264892578125,47.183349609375,46.779029846191406,47.903465270996094,48.06968688964844,20,15.000000953674316,10,5,0,0,0,0,1.8710379600524902,8589934592,1073741824,5059657728,299040768
209,1771641318518,3504,3504,3504,3504,3504,3504,3504,3504,48.82026672363281,48.60647201538086,47.35472106933594,46.97888946533203,47.240264892578125,47.183349609375,46.779029846191406,47.903465270996094,48.06968688964844,23.809524536132813,18.18181800842285,14.285715103149414,14.285715103149414,0,0,0,4.545454502105713,1.8710379600524902,8589934592,1073741824,5059706880,299040768
204,1771641318728,3504,3504,3504,3504,3504,3504,3504,3504,48.82026672363281,48.60647201538086,47.35472106933594,46.97888946533203,47.240264892578125,47.183349609375,46.779029846191406,47.903465270996094,48.06968688964844,19.047618865966797,5,13.636363983154297,14.285715103149414,0,0,0,0,2.4406344890594482,8589934592,1073741824,5059706880,299040768
203,1771641318933,3504,3504,3504,3504,3504,3504,3504,3504,48.82026672363281,48.60647201538086,47.35472106933594,46.97888946533203,47.240264892578125,47.183349609375,46.779029846191406,47.903465270996094,48.06968688964844,15.000000953674316,23.809524536132813,5.263157844543457,20,0,0,0,0,2.4406344890594482,8589934592,1073741824,5059723264,299040768
205,1771641319137,3504,3504,3504,3504,3504,3504,3504,3504,48.328983306884766,47.943687438964844,46.66167449951172,46.50666809082031,46.90830612182617,46.933265686035156,46.48810577392578,47.61590576171875,47.809356689453125,23.809524536132813,15.789472579956055,14.285715103149414,10,0,0,0,0,2.4406344890594482,8589934592,1073741824,5059837952,299040768
201,1771641319343,3504,3504,3504,3504,3504,3504,3504,3504,48.328983306884766,47.943687438964844,46.66167449951172,46.50666809082031,46.90830612182617,46.933265686035156,46.48810577392578,47.61590576171875,47.809356689453125,15.000000953674316,14.285715103149414,10,19.047618865966797,0,0,0,0,2.4406344890594482,8589934592,1073741824,5059788800,299040768
203,1771641319545,3504,3504,3504,3504,3504,3504,3504,3504,48.328983306884766,47.943687438964844,46.66167449951172,46.50666809082031,46.90830612182617,46.933265686035156,46.48810577392578,47.61590576171875,47.809356689453125,20,25,10,10,0,0,0,0,2.4406344890594482,8589934592,1073741824,5059870720,299040768
206,1771641319749,3504,3504,3504,3504,3504,3504,3504,3504,48.328983306884766,47.943687438964844,46.66167449951172,46.50666809082031,46.90830612182617,46.933265686035156,46.48810577392578,47.61590576171875,47.809356689453125,10,20,15.000000953674316,5,0,0,0,0,2.174586296081543,8589934592,1073741824,5059887104,299040768
205,1771641319956,3504,3504,3504,3504,3504,3504,3504,3504,48.328983306884766,47.943687438964844,46.66167449951172,46.50666809082031,46.90830612182617,46.933265686035156,46.48810577392578,47.61590576171875,47.809356689453125,10,23.809524536132813,15.000000953674316,13.636363983154297,0,0,0,0,2.174586296081543,8589934592,1073741824,5059772416,299040768
200,1771641320162,3504,3504,3504,3504,3504,3504,3504,3504,48.038734436035156,47.533687591552734,46.235755920410156,46.168548583984375,46.53533935546875,46.61547088623047,46.10404968261719,47.20521545410156,47.40287780761719,19.047618865966797,23.809524536132813,19.047618865966797,5.263157844543457,0,0,0,0,2.174586296081543,8589934592,1073741824,5059772416,299040768
209,1771641320363,3504,3504,3504,3504,3504,3504,3504,3504,48.038734436035156,47.533687591552734,46.235755920410156,46.168548583984375,46.53533935546875,46.61547088623047,46.10404968261719,47.20521545410156,47.40287780761719,10,15.789472579956055,15.000000953674316,9.523809432983398,0,0,0,0,2.174586296081543,8589934592,1073741824,5059772416,299040768
203,1771641320573,3504,3504,3504,3504,3504,3504,3504,3504,48.038734436035156,47.533687591552734,46.235755920410156,46.168548583984375,46.53533935546875,46.61547088623047,46.10404968261719,47.20521545410156,47.40287780761719,15.000000953674316,22.72727394104004,22.72727394104004,9.523809432983398,0,0,0,0,2.174586296081543,8589934592,1073741824,5059739648,299040768
203,1771641320777,3504,3504,3504,3504,3504,3504,3504,3504,48.038734436035156,47.533687591552734,46.235755920410156,46.168548583984375,46.53533935546875,46.61547088623047,46.10404968261719,47.20521545410156,47.40287780761719,19.047618865966797,15.000000953674316,5.263157844543457,15.000000953674316,0,0,0,0,2.114713191986084,8589934592,1073741824,5059739648,299040768
200,1771641320981,3504,3504,3504,3504,3504,3504,3504,3504,48.038734436035156,47.533687591552734,46.235755920410156,46.168548583984375,46.53533935546875,46.61547088623047,46.10404968261719,47.20521545410156,47.40287780761719,20,10,14.285715103149414,19.047618865966797,0,0,0,0,2.114713191986084,8589934592,1073741824,5059739648,299040768
200,1771641321182,3504,3504,3504,3504,3504,3504,3504,3504,47.58783721923828,47.247928619384766,45.86161804199219,45.71025085449219,46.231937408447266,46.339447021484375,45.79197692871094,46.8494987487793,47.02577209472656,15.000000953674316,15.000000953674316,10,21.052631378173828,0,0,0,0,2.114713191986084,8589934592,1073741824,5059739648,299040768
205,1771641321383,3504,3504,3504,3504,3504,3504,3504,3504,47.58783721923828,47.247928619384766,45.86161804199219,45.71025085449219,46.231937408447266,46.339447021484375,45.79197692871094,46.8494987487793,47.02577209472656,15.000000953674316,10,10,20,0,0,0,0,2.114713191986084,8589934592,1073741824,5059772416,299040768
208,1771641321588,3504,3504,3504,3504,3504,3504,3504,3504,47.58783721923828,47.247928619384766,45.86161804199219,45.71025085449219,46.231937408447266,46.339447021484375,45.79197692871094,46.8494987487793,47.02577209472656,23.809524536132813,23.809524536132813,19.047618865966797,30.000001907348633,9.523809432983398,9.523809432983398,9.523809432983398,5,2.114713191986084,8589934592,1073741824,5060231168,299040768
209,1771641321797,3504,3504,3504,3504,3504,3504,3504,3504,47.58783721923828,47.247928619384766,45.86161804199219,45.71025085449219,46.231937408447266,46.339447021484375,45.79197692871094,46.8494987487793,47.02577209472656,15.000000953674316,10,14.285715103149414,22.72727394104004,14.285715103149414,10,9.523809432983398,13.636363983154297,2.041795253753662,8589934592,1073741824,5012586496,299040768
203,1771641322007,3504,3504,3504,3504,3504,3504,3504,3504,47.58783721923828,47.247928619384766,45.86161804199219,45.71025085449219,46.231937408447266,46.339447021484375,45.79197692871094,46.8494987487793,47.02577209472656,14.285715103149414,19.047618865966797,5,14.285715103149414,0,0,0,0,2.041795253753662,8589934592,1073741824,5012996096,299040768
209,1771641322211,3504,3504,3504,3504,3504,3504,3504,3504,47.9810905456543,47.547149658203125,46.14551544189453,45.98143768310547,46.255313873291016,46.56109619140625,46.04204559326172,47.160980224609375,47.35877227783203,23.809524536132813,23.809524536132813,10,15.000000953674316,0,0,0,0,2.041795253753662,8589934592,1073741824,5012897792,299040768
209,1771641322421,3504,3504,3504,3504,3504,3504,3504,3504,47.9810905456543,47.547149658203125,46.14551544189453,45.98143768310547,46.255313873291016,46.56109619140625,46.04204559326172,47.160980224609375,47.35877227783203,23.809524536132813,23.809524536132813,22.72727394104004,23.809524536132813,20,27.272727966308594,15.000000953674316,15.000000953674316,2.041795253753662,8589934592,1073741824,5013323776,299040768
204,1771641322631,3504,3504,3504,3504,3504,3504,3504,3504,47.9810905456543,47.547149658203125,46.14551544189453,45.98143768310547,46.255313873291016,46.56109619140625,46.04204559326172,47.160980224609375,47.35877227783203,14.285715103149414,19.047618865966797,10,15.000000953674316,0,0,0,0,2.1617252826690674,8589934592,1073741824,5013323776,299040768
207,1771641322835,3504,3504,3504,3504,3504,3504,3504,3504,47.9810905456543,47.547149658203125,46.14551544189453,45.98143768310547,46.255313873291016,46.56109619140625,46.04204559326172,47.160980224609375,47.35877227783203,15.789472579956055,15.000000953674316,19.047618865966797,5,0,0,0,0,2.1617252826690674,8589934592,1073741824,5013438464,299040768
201,1771641323043,3504,3504,3504,3504,3504,3504,3504,3504,47.9810905456543,47.547149658203125,46.14551544189453,45.98143768310547,46.255313873291016,46.56109619140625,46.04204559326172,47.160980224609375,47.35877227783203,23.809524536132813,14.285715103149414,9.523809432983398,14.285715103149414,0,0,0,0,2.1617252826690674,8589934592,1073741824,5012668416,299040768
209,1771641323245,3504,3504,3504,3504,3504,3504,3504,3504,47.844268798828125,47.40746307373047,46.00679016113281,45.89202880859375,46.17643737792969,46.452781677246094,45.92035675048828,47.06232833862305,47.224403381347656,20,15.789472579956055,5.263157844543457,19.047618865966797,4.761904716491699,0,0,0,2.1617252826690674,8589934592,1073741824,5012127744,299040768
208,1771641323455,3504,3504,3504,3504,3504,3504,3504,3504,47.844268798828125,47.40746307373047,46.00679016113281,45.89202880859375,46.17643737792969,46.452781677246094,45.92035675048828,47.06232833862305,47.224403381347656,20,13.636363983154297,9.523809432983398,14.285715103149414,0,0,0,0,2.1617252826690674,8589934592,1073741824,5011095552,299040768
209,1771641323664,3504,3504,3504,3504,3504,3504,3504,3504,47.844268798828125,47.40746307373047,46.00679016113281,45.89202880859375,46.17643737792969,46.452781677246094,45.92035675048828,47.06232833862305,47.224403381347656,22.72727394104004,10.526315689086914,14.285715103149414,15.000000953674316,0,4.761904716491699,0,4.761904716491699,2.501551389694214,8589934592,1073741824,5011193856,299040768
206,1771641323874,3504,3504,3504,3504,3504,3504,3504,3504,47.844268798828125,47.40746307373047,46.00679016113281,45.89202880859375,46.17643737792969,46.452781677246094,45.92035675048828,47.06232833862305,47.224403381347656,15.000000953674316,14.285715103149414,4.761904716491699,14.285715103149414,0,0,0,0,2.501551389694214,8589934592,1073741824,5011128320,299040768
202,1771641324082,3504,3504,3504,3504,3504,3504,3504,3504,47.844268798828125,47.40746307373047,46.00679016113281,45.89202880859375,46.17643737792969,46.452781677246094,45.92035675048828,47.06232833862305,47.224403381347656,22.72727394104004,14.285715103149414,9.523809432983398,14.285715103149414,0,0,0,0,2.501551389694214,8589934592,1073741824,5011144704,299040768
209,1771641324285,3504,3504,3504,3504,3504,3504,3504,3504,46.976890563964844,46.633968353271484,45.37848663330078,45.28594970703125,45.644588470458984,45.966949462890625,45.33045196533203,46.4393424987793,46.414527893066406,15.789472579956055,19.047618865966797,10.526315689086914,15.000000953674316,0,0,0,0,2.501551389694214,8589934592,1073741824,5011161088,299040768
199,1771641324495,3504,3504,3504,3504,3504,3504,3504,3504,46.976890563964844,46.633968353271484,45.37848663330078,45.28594970703125,45.644588470458984,45.966949462890625,45.33045196533203,46.4393424987793,46.414527893066406,13.636363983154297,23.809524536132813,9.090909004211426,19.047618865966797,0,0,0,0,2.501551389694214,8589934592,1073741824,5011161088,299040768
206,1771641324695,3504,3504,3504,3504,3504,3504,3504,3504,46.976890563964844,46.633968353271484,45.37848663330078,45.28594970703125,45.644588470458984,45.966949462890625,45.33045196533203,46.4393424987793,46.414527893066406,26.3157901763916,31.57894515991211,21.052631378173828,28.571430206298828,0,0,0,0,2.3585503101348877,8589934592,1073741824,5011718144,299040768
204,1771641324902,3504,3504,3504,3504,3504,3504,3504,3504,46.976890563964844,46.633968353271484,45.37848663330078,45.28594970703125,45.644588470458984,45.966949462890625,45.33045196533203,46.4393424987793,46.414527893066406,14.285715103149414,19.047618865966797,19.047618865966797,5,0,0,0,0,2.3585503101348877,8589934592,1073741824,5011718144,299040768
209,1771641325107,3504,3504,3504,3504,3504,3504,3504,3504,46.976890563964844,46.633968353271484,45.37848663330078,45.28594970703125,45.26433181762695,45.68528747558594,44.97959899902344,46.1417236328125,46.06700897216797,20,10,23.809524536132813,9.523809432983398,0,0,0,0,2.3585503101348877,8589934592,1073741824,5011767296,299040768
209,1771641325317,3504,3504,3504,3504,3504,3504,3504,3504,46.504730224609375,46.26264572143555,45.07251739501953,44.897186279296875,45.26433181762695,45.68528747558594,44.97959899902344,46.1417236328125,46.06700897216797,20,14.285715103149414,15.000000953674316,5,13.636363983154297,10,9.523809432983398,0,2.3585503101348877,8589934592,1073741824,5005459456,299040768
201,1771641325527,3504,3504,3504,3504,3504,3504,3504,3504,46.504730224609375,46.26264572143555,45.07251739501953,44.897186279296875,45.26433181762695,45.68528747558594,44.97959899902344,46.1417236328125,46.06700897216797,31.81818199157715,19.047618865966797,19.047618865966797,14.285715103149414,0,0,0,0,2.3585503101348877,8589934592,1073741824,5006213120,299040768
209,1771641325729,3504,3504,3504,3504,3504,3504,3504,3504,46.504730224609375,46.26264572143555,45.07251739501953,44.897186279296875,45.26433181762695,45.68528747558594,44.97959899902344,46.1417236328125,46.06700897216797,10,21.052631378173828,10,14.285715103149414,0,0,0,0,2.1020398139953613,8589934592,1073741824,5006311424,299040768
206,1771641325938,3504,3504,3504,3504,3504,3504,3504,3504,46.504730224609375,46.26264572143555,45.07251739501953,44.897186279296875,45.26433181762695,45.68528747558594,44.97959899902344,46.1417236328125,46.06700897216797,23.809524536132813,23.809524536132813,18.18181800842285,21.052631378173828,4.761904716491699,4.545454502105713,0,4.545454502105713,2.1020398139953613,8589934592,1073741824,5006311424,299040768
209,1771641326145,3504,3504,3504,3504,3504,3504,3504,3504,46.54079055786133,46.177982330322266,45.00115203857422,44.79718017578125,45.132164001464844,45.60227966308594,44.830322265625,46.06232452392578,45.947174072265625,14.285715103149414,27.272727966308594,5,13.636363983154297,0,0,0,0,2.1020398139953613,8589934592,1073741824,5006311424,299040768
205,1771641326355,3504,3504,3504,3504,3504,3504,3504,3504,46.54079055786133,46.177982330322266,45.00115203857422,44.79718017578125,45.132164001464844,45.60227966308594,44.830322265625,46.06232452392578,45.947174072265625,20,15.000000953674316,15.000000953674316,10,0,0,0,0,2.1020398139953613,8589934592,1073741824,5006311424,299040768
207,1771641326561,3504,3504,3504,3504,3504,3504,3504,3504,46.54079055786133,46.177982330322266,45.00115203857422,44.79718017578125,45.132164001464844,45.60227966308594,44.830322265625,46.06232452392578,45.947174072265625,14.285715103149414,19.047618865966797,20,4.761904716491699,0,0,0,0,2.1020398139953613,8589934592,1073741824,5006327808,299040768
209,1771641326769,3504,3504,3504,3504,3504,3504,3504,3504,46.54079055786133,46.177982330322266,45.00115203857422,44.79718017578125,45.132164001464844,45.60227966308594,44.830322265625,46.06232452392578,45.947174072265625,15.000000953674316,20,23.809524536132813,14.285715103149414,0,0,0,0,2.0411245822906494,8589934592,1073741824,5006376960,299040768
205,1771641326979,3504,3504,3504,3504,3504,3504,3504,3504,46.54079055786133,46.177982330322266,45.00115203857422,44.79718017578125,45.132164001464844,45.60227966308594,44.830322265625,46.06232452392578,45.947174072265625,14.285715103149414,19.047618865966797,19.047618865966797,4.761904716491699,0,0,0,0,2.0411245822906494,8589934592,1073741824,5006393344,299040768
209,1771641327185,3504,3504,3504,3504,3504,3504,3504,3504,46.170867919921875,45.6960334777832,44.61553192138672,44.48539733886719,44.949195861816406,45.281410217285156,44.53876495361328,45.658119201660156,45.67242431640625,19.047618865966797,23.809524536132813,19.047618865966797,14.285715103149414,0,0,0,0,2.0411245822906494,8589934592,1073741824,5006393344,299040768
199,1771641327395,3504,3504,3504,3504,3504,3504,3504,3504,46.170867919921875,45.6960334777832,44.61553192138672,44.48539733886719,44.949195861816406,45.281410217285156,44.53876495361328,45.658119201660156,45.67242431640625,9.523809432983398,15.000000953674316,14.285715103149414,4.761904716491699,0,0,0,0,2.0411245822906494,8589934592,1073741824,5006393344,299040768
201,1771641327595,3504,3504,3504,3504,3504,3504,3504,3504,46.170867919921875,45.6960334777832,44.61553192138672,44.48539733886719,44.949195861816406,45.281410217285156,44.53876495361328,45.658119201660156,45.67242431640625,15.789472579956055,28.571430206298828,10.526315689086914,5.263157844543457,0,0,0,0,2.0411245822906494,8589934592,1073741824,5000167424,299040768
207,1771641327797,3504,3504,3504,3504,3504,3504,3504,3504,46.170867919921875,45.6960334777832,44.61553192138672,44.48539733886719,44.949195861816406,45.281410217285156,44.53876495361328,45.658119201660156,45.67242431640625,23.809524536132813,25,19.047618865966797,20,40,0,0,0,2.139019012451172,8589934592,1073741824,5000560640,299040768
200,1771641328005,3504,3504,3504,3504,3504,3504,3504,3504,46.170867919921875,45.6960334777832,44.61553192138672,44.48539733886719,44.949195861816406,45.281410217285156,44.53876495361328,45.658119201660156,45.67242431640625,15.000000953674316,20,14.285715103149414,19.047618865966797,4.761904716491699,0,0,0,2.139019012451172,8589934592,1073741824,5000577024,299040768
205,1771641328206,3504,3504,3504,3504,3504,3504,3504,3504,46.116668701171875,45.8264045715332,44.665138244628906,44.41862487792969,44.757137298583984,45.04557800292969,44.384376525878906,45.43056106567383,45.485809326171875,15.000000953674316,14.285715103149414,10,25,0,0,0,0,2.139019012451172,8589934592,1073741824,5000527872,299040768
203,1771641328412,3504,3504,3504,3504,3504,3504,3504,3504,46.116668701171875,45.8264045715332,44.665138244628906,44.41862487792969,44.757137298583984,45.04557800292969,44.384376525878906,45.43056106567383,45.485809326171875,19.047618865966797,10.526315689086914,10,15.000000953674316,0,0,0,0,2.139019012451172,8589934592,1073741824,5000462336,299040768
209,1771641328615,3504,3504,3504,3504,3504,3504,3504,3504,46.116668701171875,45.8264045715332,44.665138244628906,44.41862487792969,44.757137298583984,45.04557800292969,44.384376525878906,45.43056106567383,45.485809326171875,26.3157901763916,14.285715103149414,10,14.285715103149414,0,0,0,4.761904716491699,2.3334667682647705,8589934592,1073741824,5000527872,299040768
209,1771641328825,3504,3504,3504,3504,3504,3504,3504,3504,46.116668701171875,45.8264045715332,44.665138244628906,44.41862487792969,44.757137298583984,45.04557800292969,44.384376525878906,45.43056106567383,45.485809326171875,19.047618865966797,23.809524536132813,14.285715103149414,20,4.761904716491699,4.761904716491699,4.545454502105713,0,2.3334667682647705,8589934592,1073741824,5000724480,299040768
203,1771641329035,3504,3504,3504,3504,3504,3504,3504,3504,46.116668701171875,45.8264045715332,44.665138244628906,44.41862487792969,44.757137298583984,45.04557800292969,44.384376525878906,45.43056106567383,45.485809326171875,14.285715103149414,19.047618865966797,9.523809432983398,14.285715103149414,0,0,0,0,2.3334667682647705,8589934592,1073741824,5000724480,299040768
203,1771641329239,3504,3504,3504,3504,3504,3504,3504,3504,45.9278564453125,45.32331466674805,44.26605224609375,44.08997344970703,44.47496795654297,44.80889129638672,44.17088317871094,45.253684997558594,45.3333740234375,28.571430206298828,15.000000953674316,10,23.809524536132813,0,0,0,0,2.3334667682647705,8589934592,1073741824,5001936896,299040768
201,1771641329443,3504,3504,3504,3504,3504,3504,3504,3504,45.9278564453125,45.32331466674805,44.26605224609375,44.08997344970703,44.47496795654297,44.80889129638672,44.17088317871094,45.253684997558594,45.3333740234375,20,10,14.285715103149414,15.000000953674316,0,0,0,0,2.3334667682647705,8589934592,1073741824,5001969664,299040768
205,1771641329645,3504,3504,3504,3504,3504,3504,3504,3504,45.9278564453125,45.32331466674805,44.26605224609375,44.08997344970703,44.47496795654297,44.80889129638672,44.17088317871094,45.253684997558594,45.3333740234375,21.052631378173828,10,10,15.000000953674316,0,0,0,0,2.042804002761841,8589934592,1073741824,5001969664,299040768
209,1771641329851,3504,3504,3504,3504,3504,3504,3504,3504,45.9278564453125,45.32331466674805,44.26605224609375,44.08997344970703,44.47496795654297,44.80889129638672,44.17088317871094,45.253684997558594,45.3333740234375,22.72727394104004,14.285715103149414,10,19.047618865966797,0,0,0,0,2.042804002761841,8589934592,1073741824,5001691136,299040768
199,1771641330061,3504,3504,3504,3504,3504,3504,3504,3504,45.9278564453125,45.32331466674805,44.26605224609375,44.08997344970703,44.47496795654297,44.80889129638672,44.17088317871094,45.253684997558594,45.3333740234375,20,19.047618865966797,13.636363983154297,15.000000953674316,0,0,0,0,2.042804002761841,8589934592,1073741824,5001560064,299040768
202,1771641330262,3504,3504,3504,3504,3504,3504,3504,3504,45.76773452758789,45.06615447998047,44.12763977050781,43.80528259277344,44.28067398071289,44.48766326904297,43.845054626464844,44.99382781982422,45.04169845581055,20,10,5.263157844543457,14.285715103149414,0,0,0,0,2.042804002761841,8589934592,1073741824,5001560064,299040768
206,1771641330465,3504,3504,3504,3504,3504,3504,3504,3504,45.76773452758789,45.06615447998047,44.12763977050781,43.80528259277344,44.28067398071289,44.48766326904297,43.845054626464844,44.99382781982422,45.04169845581055,23.809524536132813,15.000000953674316,9.523809432983398,20,0,0,0,0,2.042804002761841,8589934592,1073741824,5001494528,299040768
203,1771641330672,3504,3504,3504,3504,3504,3504,3504,3504,45.76773452758789,45.06615447998047,44.12763977050781,43.80528259277344,44.28067398071289,44.48766326904297,43.845054626464844,44.99382781982422,45.04169845581055,14.285715103149414,25,10,14.285715103149414,0,0,0,0,2.56437349319458,8589934592,1073741824,5001691136,299040768
209,1771641330876,3504,3504,3504,3504,3504,3504,3504,3504,45.76773452758789,45.06615447998047,44.12763977050781,43.80528259277344,44.28067398071289,44.48766326904297,43.845054626464844,44.99382781982422,45.04169845581055,15.000000953674316,28.571430206298828,14.285715103149414,10,0,0,0,0,2.56437349319458,8589934592,1073741824,5001691136,299040768
209,1771641331086,3504,3504,3504,3504,3504,3504,3504,3504,45.76773452758789,45.06615447998047,44.12763977050781,43.80528259277344,44.28067398071289,44.48766326904297,43.845054626464844,44.99382781982422,45.04169845581055,15.000000953674316,23.809524536132813,5.263157844543457,9.523809432983398,0,0,0,0,2.56437349319458,8589934592,1073741824,5001609216,299040768
205,1771641331296,3504,3504,3504,3504,3504,3504,3504,3504,45.56462097167969,44.83168411254883,43.84104919433594,43.65564727783203,44.13811111450195,44.209808349609375,43.655372619628906,44.83140182495117,44.80899429321289,22.72727394104004,19.047618865966797,13.636363983154297,4.761904716491699,0,0,0,0,2.56437349319458,8589934592,1073741824,5001609216,299040768
201,1771641331502,3504,3504,3504,3504,3504,3504,3504,3504,45.56462097167969,44.83168411254883,43.84104919433594,43.65564727783203,44.13811111450195,44.209808349609375,43.655372619628906,44.83140182495117,44.80899429321289,25,20,14.285715103149414,5.263157844543457,0,0,0,0,2.56437349319458,8589934592,1073741824,5001674752,299040768
207,1771641331703,3504,3504,3504,3504,3504,3504,3504,3504,45.56462097167969,44.83168411254883,43.84104919433594,43.65564727783203,44.13811111450195,44.209808349609375,43.655372619628906,44.83140182495117,44.80899429321289,25,15.000000953674316,15.000000953674316,9.523809432983398,0,0,0,0,2.3585479259490967,8589934592,1073741824,5001658368,299040768
205,1771641331912,3504,3504,3504,3504,3504,3504,3504,3504,45.56462097167969,44.83168411254883,43.84104919433594,43.65564727783203,44.13811111450195,44.209808349609375,43.655372619628906,44.83140182495117,44.80899429321289,25,19.047618865966797,10,14.285715103149414,0,0,0,0,2.3585479259490967,8589934592,1073741824,5001674752,299040768
207,1771641332118,3504,3504,3504,3504,3504,3504,3504,3504,45.499977111816406,44.64903259277344,43.67094421386719,43.498680114746094,43.976783752441406,43.88279724121094,43.55164337158203,44.67144012451172,44.61640548706055,20,20,14.285715103149414,9.523809432983398,0,0,0,0,2.3585479259490967,8589934592,1073741824,5001674752,299040768
201,1771641332326,3504,3504,3504,3504,3504,3504,3504,3504,45.499977111816406,44.64903259277344,43.67094421386719,43.498680114746094,43.976783752441406,43.88279724121094,43.55164337158203,44.67144012451172,44.61640548706055,23.809524536132813,23.809524536132813,15.000000953674316,5,0,0,0,0,2.3585479259490967,8589934592,1073741824,5001609216,299040768
207,1771641332528,3504,3504,3504,3504,3504,3504,3504,3504,45.499977111816406,44.64903259277344,43.67094421386719,43.498680114746094,43.976783752441406,43.88279724121094,43.55164337158203,44.67144012451172,44.61640548706055,19.047618865966797,15.000000953674316,5,9.523809432983398,0,0,0,0,2.3585479259490967,8589934592,1073741824,5001625600,299040768
204,1771641332736,3504,3504,3504,3504,3504,3504,3504,3504,45.499977111816406,44.64903259277344,43.67094421386719,43.498680114746094,43.976783752441406,43.88279724121094,43.55164337158203,44.67144012451172,44.61640548706055,15.000000953674316,23.809524536132813,14.285715103149414,10,0,0,0,0,2.1887097358703613,8589934592,1073741824,5001641984,299040768
209,1771641332942,3504,3504,3504,3504,3504,3504,3504,3504,45.499977111816406,44.64903259277344,43.67094421386719,43.498680114746094,43.976783752441406,43.88279724121094,43.55164337158203,44.67144012451172,44.61640548706055,15.000000953674316,25,14.285715103149414,23.809524536132813,0,0,0,0,2.1887097358703613,8589934592,1073741824,5001576448,299040768
209,1771641333152,3504,3504,3504,3504,3504,3504,3504,3504,45.33137512207031,44.51166915893555,43.520606994628906,43.315093994140625,43.853851318359375,43.667236328125,43.321449279785156,44.439170837402344,44.457672119140625,14.285715103149414,19.047618865966797,14.285715103149414,19.047618865966797,0,0,0,0,2.1887097358703613,8589934592,1073741824,5001592832,299040768
209,1771641333361,3504,3504,3504,3504,3504,3504,3504,3504,45.33137512207031,44.51166915893555,43.520606994628906,43.315093994140625,43.853851318359375,43.667236328125,43.321449279785156,44.439170837402344,44.457672119140625,19.047618865966797,19.047618865966797,10,15.000000953674316,0,0,0,0,2.1887097358703613,8589934592,1073741824,4991172608,299040768
209,1771641333572,3504,3504,3504,3504,3504,3504,3504,3504,45.33137512207031,44.51166915893555,43.520606994628906,43.315093994140625,43.853851318359375,43.667236328125,43.321449279785156,44.439170837402344,44.457672119140625,15.000000953674316,19.047618865966797,9.523809432983398,14.285715103149414,4.761904716491699,4.761904716491699,0,0,2.1887097358703613,8589934592,1073741824,4990795776,299040768
200,1771641333781,3504,3504,3504,3504,3504,3504,3504,3504,45.33137512207031,44.51166915893555,43.520606994628906,43.315093994140625,43.853851318359375,43.667236328125,43.321449279785156,44.439170837402344,44.457672119140625,19.047618865966797,15.000000953674316,18.18181800842285,13.636363983154297,0,0,0,0,2.0064897537231445,8589934592,1073741824,4991188992,299040768
209,1771641333982,3504,3504,3504,3504,3504,3504,3504,3504,45.33137512207031,44.51166915893555,43.520606994628906,43.315093994140625,43.853851318359375,43.667236328125,43.321449279785156,44.439170837402344,44.457672119140625,30.000001907348633,28.571430206298828,26.3157901763916,21.052631378173828,5,5,5,0,2.0064897537231445,8589934592,1073741824,4992827392,299040768
202,1771641334192,3504,3504,3504,3504,3504,3504,3504,3504,45.186561584472656,44.426544189453125,43.40514373779297,43.23815155029297,43.74044418334961,43.546173095703125,43.22979736328125,44.33009338378906,44.33949661254883,18.18181800842285,10,9.523809432983398,14.285715103149414,0,0,4.545454502105713,0,2.0064897537231445,8589934592,1073741824,4992942080,299040768
206,1771641334395,3504,3504,3504,3504,3504,3504,3504,3504,45.186561584472656,44.426544189453125,43.40514373779297,43.23815155029297,43.74044418334961,43.546173095703125,43.22979736328125,44.33009338378906,44.33949661254883,15.000000953674316,23.809524536132813,14.285715103149414,20,0,0,0,0,2.0064897537231445,8589934592,1073741824,4993056768,299040768
209,1771641334602,3504,3504,3504,3504,3504,3504,3504,3504,45.186561584472656,44.426544189453125,43.40514373779297,43.23815155029297,43.74044418334961,43.546173095703125,43.22979736328125,44.33009338378906,44.33949661254883,25,28.571430206298828,20,23.809524536132813,0,0,0,0,2.0064897537231445,8589934592,1073741824,4993056768,299040768
205,1771641334812,3504,3504,3504,3504,3504,3504,3504,3504,45.186561584472656,44.426544189453125,43.40514373779297,43.23815155029297,43.74044418334961,43.546173095703125,43.22979736328125,44.33009338378906,44.33949661254883,14.285715103149414,19.047618865966797,9.523809432983398,14.285715103149414,0,0,0,0,1.9343258142471313,8589934592,1073741824,4993548288,299040768
203,1771641335018,3504,3504,3504,3504,3504,3504,3504,3504,45.186561584472656,44.426544189453125,43.40514373779297,43.23815155029297,43.74044418334961,43.546173095703125,43.22979736328125,44.33009338378906,44.33949661254883,14.285715103149414,20,10,20,0,0,0,0,1.9343258142471313,8589934592,1073741824,4993613824,299040768
208,1771641335222,3504,3504,3504,3504,3504,3504,3504,3504,44.95965576171875,44.2560920715332,43.19020080566406,42.98249053955078,43.53661346435547,43.38805389404297,43.04828643798828,44.08456039428711,44.14260482788086,20,20,15.000000953674316,15.000000953674316,0,0,0,0,1.9343258142471313,8589934592,1073741824,4994203648,299040768
203,1771641335431,3504,3504,3504,3504,3504,3504,3504,3504,44.95965576171875,44.2560920715332,43.19020080566406,42.98249053955078,43.53661346435547,43.38805389404297,43.04828643798828,44.08456039428711,44.14260482788086,90.47618865966797,90,90.47618865966797,90.47618865966797,0,0,0,0,1.9343258142471313,8589934592,1073741824,5037096960,299040768
209,1771641335635,3504,3504,3504,3504,3504,3504,3504,3504,44.95965576171875,44.2560920715332,43.19020080566406,42.98249053955078,43.53661346435547,43.38805389404297,43.04828643798828,44.08456039428711,44.14260482788086,38.095237731933594,23.809524536132813,23.809524536132813,28.571430206298828,0,0,0,0,2.1770882606506348,8589934592,1073741824,5040357376,299040768
207,1771641335845,3504,3504,3504,3504,3504,3504,3504,3504,44.95965576171875,44.2560920715332,43.19020080566406,42.98249053955078,43.53661346435547,43.38805389404297,43.04828643798828,44.08456039428711,44.14260482788086,23.809524536132813,14.285715103149414,20,9.523809432983398,0,0,0,0,2.1770882606506348,8589934592,1073741824,5040422912,299040768
209,1771641336053,3504,3504,3504,3504,3504,3504,3504,3504,44.95965576171875,44.2560920715332,43.19020080566406,42.98249053955078,43.53661346435547,43.38805389404297,43.04828643798828,44.08456039428711,44.14260482788086,28.571430206298828,19.047618865966797,18.18181800842285,20,0,0,0,0,2.1770882606506348,8589934592,1073741824,5041766400,299040768
201,1771641336263,3504,3504,3504,3504,3504,3504,3504,3504,44.84906005859375,44.2305908203125,43.14094543457031,42.86277770996094,43.486331939697266,43.33863830566406,42.99409484863281,44.026451110839844,44.085201263427734,15.000000953674316,15.000000953674316,5,14.285715103149414,9.090909004211426,0,0,0,2.1770882606506348,8589934592,1073741824,5041520640,299040768
206,1771641336465,3504,3504,3504,3504,3504,3504,3504,3504,44.84906005859375,44.2305908203125,43.14094543457031,42.86277770996094,43.486331939697266,43.33863830566406,42.99409484863281,44.026451110839844,44.085201263427734,15.789472579956055,14.285715103149414,14.285715103149414,15.000000953674316,0,0,0,0,2.1770882606506348,8589934592,1073741824,5041520640,299040768
206,1771641336672,3504,3504,3504,3504,3504,3504,3504,3504,44.84906005859375,44.2305908203125,43.14094543457031,42.86277770996094,43.486331939697266,43.33863830566406,42.99409484863281,44.026451110839844,44.085201263427734,25,10,14.285715103149414,15.000000953674316,0,0,0,0,2.140251398086548,8589934592,1073741824,5041471488,299040768
206,1771641336878,3504,3504,3504,3504,3504,3504,3504,3504,44.84906005859375,44.2305908203125,43.14094543457031,42.86277770996094,43.486331939697266,43.33863830566406,42.99409484863281,44.026451110839844,44.085201263427734,27.272727966308594,19.047618865966797,10.526315689086914,22.72727394104004,0,0,0,0,2.140251398086548,8589934592,1073741824,5041750016,299040768
206,1771641337085,3504,3504,3504,3504,3504,3504,3504,3504,44.84906005859375,44.2305908203125,43.14094543457031,42.86277770996094,43.486331939697266,43.33863830566406,42.99409484863281,44.026451110839844,44.085201263427734,19.047618865966797,19.047618865966797,10,15.000000953674316,0,0,0,0,2.140251398086548,8589934592,1073741824,5041733632,299040768
205,1771641337291,3504,3504,3504,3504,3504,3504,3504,3504,44.57557678222656,44.03110885620117,42.902015686035156,42.73451232910156,43.1662483215332,43.119842529296875,42.82337951660156,43.81534194946289,43.92724609375,30.000001907348633,36.842105865478516,31.81818199157715,25,0,0,0,0,2.140251398086548,8589934592,1073741824,5041684480,299040768
208,1771641337497,3504,3504,3504,3504,3504,3504,3504,3504,44.57557678222656,44.03110885620117,42.902015686035156,42.73451232910156,43.1662483215332,43.119842529296875,42.82337951660156,43.81534194946289,43.92724609375,15.000000953674316,22.72727394104004,5.263157844543457,19.047618865966797,0,0,0,0,2.140251398086548,8589934592,1073741824,5041651712,299040768
203,1771641337706,3504,3504,3504,3504,3504,3504,3504,3504,44.57557678222656,44.03110885620117,42.902015686035156,42.73451232910156,43.1662483215332,43.119842529296875,42.82337951660156,43.81534194946289,43.92724609375,23.809524536132813,19.047618865966797,13.636363983154297,14.285715103149414,0,0,0,0,2.2992751598358154,8589934592,1073741824,5041618944,299040768
201,1771641337910,3504,3504,3504,3504,3504,3504,3504,3504,44.57557678222656,44.03110885620117,42.902015686035156,42.73451232910156,43.1662483215332,43.119842529296875,42.82337951660156,43.81534194946289,43.92724609375,30.000001907348633,36.842105865478516,25,15.000000953674316,40,4.761904716491699,0,0,2.2992751598358154,8589934592,1073741824,5041848320,299040768
205,1771641338112,3504,3504,3504,3504,3504,3504,3504,3504,44.57557678222656,44.19493865966797,43.018150329589844,42.779541015625,43.16157531738281,43.010986328125,42.73020935058594,43.73208236694336,43.7970085144043,15.000000953674316,28.571430206298828,5,10,0,0,0,0,2.2992751598358154,8589934592,1073741824,5039374336,299040768
209,1771641338318,3504,3504,3504,3504,3504,3504,3504,3504,44.54050064086914,44.19493865966797,43.018150329589844,42.779541015625,43.16157531738281,43.010986328125,42.73020935058594,43.73208236694336,43.7970085144043,15.000000953674316,25,14.285715103149414,5,0,0,0,0,2.2992751598358154,8589934592,1073741824,5039374336,299040768
206,1771641338528,3504,3504,3504,3504,3504,3504,3504,3504,44.54050064086914,44.19493865966797,43.018150329589844,42.779541015625,43.16157531738281,43.010986328125,42.73020935058594,43.73208236694336,43.7970085144043,14.285715103149414,23.809524536132813,5,9.090909004211426,0,0,0,0,2.2992751598358154,8589934592,1073741824,5039374336,299040768
207,1771641338735,3504,3504,3504,3504,3504,3504,3504,3504,44.54050064086914,44.19493865966797,43.018150329589844,42.779541015625,43.16157531738281,43.010986328125,42.73020935058594,43.73208236694336,43.7970085144043,19.047618865966797,23.809524536132813,9.523809432983398,5,0,5,0,0,1.898142695426941,8589934592,1073741824,5039374336,299040768
201,1771641338943,3504,3504,3504,3504,3504,3504,3504,3504,44.54050064086914,44.19493865966797,43.018150329589844,42.779541015625,43.16157531738281,43.010986328125,42.73020935058594,43.73208236694336,43.7970085144043,19.047618865966797,15.000000953674316,14.285715103149414,13.636363983154297,0,0,0,0,1.898142695426941,8589934592,1073741824,5039439872,299040768
205,1771641339145,3504,3504,3504,3504,3504,3504,3504,3504,44.334449768066406,43.81629943847656,42.70884704589844,42.591949462890625,43.03594207763672,42.92344665527344,42.549476623535156,43.6153564453125,43.638248443603516,20,15.000000953674316,5,10.526315689086914,0,0,0,0,1.898142695426941,8589934592,1073741824,5039439872,299040768
204,1771641339351,3504,3504,3504,3504,3504,3504,3504,3504,44.334449768066406,43.81629943847656,42.70884704589844,42.591949462890625,43.03594207763672,42.92344665527344,42.549476623535156,43.6153564453125,43.638248443603516,15.000000953674316,20,19.047618865966797,5,0,0,0,0,1.898142695426941,8589934592,1073741824,5039620096,299040768
206,1771641339556,3504,3504,3504,3504,3504,3504,3504,3504,44.334449768066406,43.81629943847656,42.70884704589844,42.591949462890625,43.03594207763672,42.92344665527344,42.549476623535156,43.6153564453125,43.638248443603516,23.809524536132813,19.047618865966797,15.000000953674316,5,0,0,0,0,1.898142695426941,8589934592,1073741824,5039620096,299040768
209,1771641339763,3504,3504,3504,3504,3504,3504,3504,3504,44.334449768066406,43.81629943847656,42.70884704589844,42.591949462890625,43.03594207763672,42.92344665527344,42.549476623535156,43.6153564453125,43.638248443603516,35,35,28.571430206298828,31.81818199157715,18.18181800842285,14.285715103149414,14.285715103149414,14.285715103149414,2.321695327758789,8589934592,1073741824,5041831936,299040768
202,1771641339973,3504,3504,3504,3504,3504,3504,3504,3504,44.334449768066406,43.81629943847656,42.70884704589844,42.591949462890625,43.03594207763672,42.92344665527344,42.549476623535156,43.6153564453125,43.638248443603516,13.636363983154297,27.272727966308594,4.761904716491699,4.761904716491699,0,0,0,0,2.321695327758789,8589934592,1073741824,5041766400,299040768
201,1771641340177,3504,3504,3504,3504,3504,3504,3504,3504,44.4819221496582,44.02710723876953,42.868324279785156,42.70677947998047,43.0438117980957,43.137611389160156,42.73710632324219,43.89274978637695,43.919281005859375,10,25,10,0,0,0,0,0,2.321695327758789,8589934592,1073741824,5041750016,299040768
204,1771641340378,3504,3504,3504,3504,3504,3504,3504,3504,44.4819221496582,44.02710723876953,42.868324279785156,42.70677947998047,43.0438117980957,43.137611389160156,42.73710632324219,43.89274978637695,43.919281005859375,15.789472579956055,25,5.263157844543457,14.285715103149414,0,0,0,0,2.321695327758789,8589934592,1073741824,5041750016,299040768
209,1771641340583,3504,3504,3504,3504,3504,3504,3504,3504,44.4819221496582,44.02710723876953,42.868324279785156,42.70677947998047,43.0438117980957,43.137611389160156,42.73710632324219,43.89274978637695,43.919281005859375,19.047618865966797,25,14.285715103149414,10,0,0,0,0,2.321695327758789,8589934592,1073741824,5041668096,299040768
201,1771641340793,3504,3504,3504,3504,3504,3504,3504,3504,44.4819221496582,44.02710723876953,42.868324279785156,42.70677947998047,43.0438117980957,43.137611389160156,42.73710632324219,43.89274978637695,43.919281005859375,10,25,14.285715103149414,13.636363983154297,0,0,0,0,2.346198558807373,8589934592,1073741824,5040603136,299040768
206,1771641340995,3504,3504,3504,3504,3504,3504,3504,3504,44.4819221496582,44.02710723876953,42.868324279785156,42.70677947998047,43.0438117980957,43.137611389160156,42.73710632324219,43.89274978637695,43.919281005859375,19.047618865966797,28.571430206298828,10,5.263157844543457,0,0,0,0,2.346198558807373,8589934592,1073741824,5040603136,299040768
208,1771641341202,3504,3504,3504,3504,3504,3504,3504,3504,44.01876449584961,43.62995147705078,42.50135040283203,42.41254425048828,42.77463150024414,42.779090881347656,42.34331512451172,43.47195053100586,43.44523620605469,23.809524536132813,19.047618865966797,10,5,0,0,0,0,2.346198558807373,8589934592,1073741824,5040553984,299040768
209,1771641341411,3504,3504,3504,3504,3504,3504,3504,3504,44.01876449584961,43.62995147705078,42.50135040283203,42.41254425048828,42.77463150024414,42.779090881347656,42.34331512451172,43.47195053100586,43.44523620605469,23.809524536132813,15.000000953674316,13.636363983154297,13.636363983154297,0,0,0,0,2.346198558807373,8589934592,1073741824,5040553984,299040768
206,1771641341621,3504,3504,3504,3504,3504,3504,3504,3504,44.01876449584961,43.62995147705078,42.50135040283203,42.41254425048828,42.77463150024414,42.779090881347656,42.34331512451172,43.47195053100586,43.44523620605469,20,27.272727966308594,10,5,4.545454502105713,0,0,0,2.40678071975708,8589934592,1073741824,5040553984,299040768
209,1771641341828,3504,3504,3504,3504,3504,3504,3504,3504,44.01876449584961,43.62995147705078,42.50135040283203,42.41254425048828,42.77463150024414,42.779090881347656,42.34331512451172,43.47195053100586,43.44523620605469,25,15.000000953674316,18.18181800842285,14.285715103149414,0,0,0,0,2.40678071975708,8589934592,1073741824,5040406528,299040768
206,1771641342038,3504,3504,3504,3504,3504,3504,3504,3504,44.01876449584961,43.62995147705078,42.50135040283203,42.41254425048828,42.77463150024414,42.779090881347656,42.34331512451172,43.47195053100586,43.44523620605469,19.047618865966797,14.285715103149414,15.000000953674316,9.090909004211426,0,0,0,0,2.40678071975708,8589934592,1073741824,5040422912,299040768
208,1771641342245,3504,3504,3504,3504,3504,3504,3504,3504,43.83960723876953,43.48859405517578,42.342689514160156,42.12909698486328,42.524906158447266,42.63166809082031,42.15290832519531,43.23680877685547,43.23755645751953,33.333335876464844,14.285715103149414,10,5.263157844543457,0,0,0,0,2.40678071975708,8589934592,1073741824,5040422912,299040768
209,1771641342454,3504,3504,3504,3504,3504,3504,3504,3504,43.83960723876953,43.48859405517578,42.342689514160156,42.12909698486328,42.524906158447266,42.63166809082031,42.15290832519531,43.23680877685547,43.23755645751953,25,15.000000953674316,13.636363983154297,9.090909004211426,0,0,0,0,2.40678071975708,8589934592,1073741824,5040406528,299040768
209,1771641342664,3504,3504,3504,3504,3504,3504,3504,3504,43.83960723876953,43.48859405517578,42.342689514160156,42.12909698486328,42.524906158447266,42.63166809082031,42.15290832519531,43.23680877685547,43.23755645751953,23.809524536132813,14.285715103149414,5.263157844543457,5,0,0,0,0,2.0196452140808105,8589934592,1073741824,5040439296,299040768
207,1771641342873,3504,3504,3504,3504,3504,3504,3504,3504,43.83960723876953,43.48859405517578,42.342689514160156,42.12909698486328,42.524906158447266,42.63166809082031,42.15290832519531,43.23680877685547,43.23755645751953,33.333335876464844,20,13.636363983154297,14.285715103149414,0,0,0,0,2.0196452140808105,8589934592,1073741824,5040603136,299040768
205,1771641343081,3504,3504,3504,3504,3504,3504,3504,3504,43.83960723876953,43.48859405517578,42.342689514160156,42.12909698486328,42.524906158447266,42.63166809082031,42.15290832519531,43.23680877685547,43.23755645751953,23.809524536132813,23.809524536132813,14.285715103149414,14.285715103149414,0,0,0,0,2.0196452140808105,8589934592,1073741824,5040291840,299040768
205,1771641343287,3504,3504,3504,3504,3504,3504,3504,3504,43.8073616027832,43.391029357910156,42.14234161376953,41.97540283203125,42.41872787475586,42.531715393066406,42.068450927734375,43.09618377685547,43.13015365600586,20,23.809524536132813,10,5,0,0,0,0,2.0196452140808105,8589934592,1073741824,5040291840,299040768
202,1771641343493,3504,3504,3504,3504,3504,3504,3504,3504,43.8073616027832,43.391029357910156,42.14234161376953,41.97540283203125,42.41872787475586,42.531715393066406,42.068450927734375,43.09618377685547,43.13015365600586,23.809524536132813,15.000000953674316,10,14.285715103149414,0,0,0,0,2.0196452140808105,8589934592,1073741824,5040193536,299040768
209,1771641343695,3504,3504,3504,3504,3504,3504,3504,3504,43.8073616027832,43.391029357910156,42.14234161376953,41.97540283203125,42.41872787475586,42.531715393066406,42.068450927734375,43.09618377685547,43.13015365600586,20,20,15.000000953674316,5,5,4.761904716491699,0,0,2.007810354232788,8589934592,1073741824,5040259072,299040768
205,1771641343905,3504,3504,3504,3504,3504,3504,3504,3504,43.8073616027832,43.391029357910156,42.14234161376953,41.97540283203125,42.41872787475586,42.531715393066406,42.068450927734375,43.09618377685547,43.13015365600586,28.571430206298828,19.047618865966797,9.523809432983398,5,0,0,0,0,2.007810354232788,8589934592,1073741824,5040308224,299040768
204,1771641344112,3504,3504,3504,3504,3504,3504,3504,3504,43.8073616027832,43.391029357910156,42.07606506347656,41.91725158691406,42.34039306640625,42.40411376953125,41.96528625488281,42.94093322753906,43.011627197265625,23.809524536132813,14.285715103149414,14.285715103149414,22.72727394104004,0,0,0,0,2.007810354232788,8589934592,1073741824,5040160768,299040768
209,1771641344316,3504,3504,3504,3504,3504,3504,3504,3504,43.71980667114258,43.351890563964844,42.07606506347656,41.91725158691406,42.34039306640625,42.40411376953125,41.96528625488281,42.94093322753906,43.011627197265625,23.809524536132813,15.000000953674316,10,15.000000953674316,0,0,0,0,2.007810354232788,8589934592,1073741824,5040193536,299040768
208,1771641344526,3504,3504,3504,3504,3504,3504,3504,3504,43.71980667114258,43.351890563964844,42.07606506347656,41.91725158691406,42.34039306640625,42.40411376953125,41.96528625488281,42.94093322753906,43.011627197265625,20,14.285715103149414,13.636363983154297,19.047618865966797,0,0,0,0,2.007810354232788,8589934592,1073741824,5040128000,299040768
209,1771641344735,3504,3504,3504,3504,3504,3504,3504,3504,43.71980667114258,43.351890563964844,42.07606506347656,41.91725158691406,42.34039306640625,42.40411376953125,41.96528625488281,42.94093322753906,43.011627197265625,28.571430206298828,15.000000953674316,10,19.047618865966797,0,0,0,0,1.898297905921936,8589934592,1073741824,5040652288,299040768
202,1771641344945,3504,3504,3504,3504,3504,3504,3504,3504,43.71980667114258,43.351890563964844,42.07606506347656,41.91725158691406,42.34039306640625,42.40411376953125,41.96528625488281,42.94093322753906,43.011627197265625,20,13.636363983154297,13.636363983154297,14.285715103149414,5,5,4.761904716491699,4.761904716491699,1.898297905921936,8589934592,1073741824,5040848896,299040768
209,1771641345148,3504,3504,3504,3504,3504,3504,3504,3504,43.59546661376953,43.27941131591797,42.04668426513672,41.85741424560547,42.28559875488281,42.34004211425781,41.843406677246094,42.805545806884766,42.877281188964844,25,20,15.789472579956055,35,0,0,0,0,1.898297905921936,8589934592,1073741824,5041831936,299040768
209,1771641345358,3504,3504,3504,3504,3504,3504,3504,3504,43.59546661376953,43.27941131591797,42.04668426513672,41.85741424560547,42.28559875488281,42.34004211425781,41.843406677246094,42.805545806884766,42.877281188964844,14.285715103149414,14.285715103149414,9.523809432983398,23.809524536132813,0,0,0,0,1.898297905921936,8589934592,1073741824,5041864704,299040768
203,1771641345568,3504,3504,3504,3504,3504,3504,3504,3504,43.59546661376953,43.27941131591797,42.04668426513672,41.85741424560547,42.28559875488281,42.34004211425781,41.843406677246094,42.805545806884766,42.877281188964844,18.18181800842285,5,14.285715103149414,23.809524536132813,0,0,0,0,1.898297905921936,8589934592,1073741824,5041799168,299040768
206,1771641345771,3504,3504,3504,3504,3504,3504,3504,3504,43.59546661376953,43.27941131591797,42.04668426513672,41.85741424560547,42.28559875488281,42.34004211425781,41.843406677246094,42.805545806884766,42.877281188964844,10.526315689086914,14.285715103149414,5,25,0,0,0,0,2.445657253265381,8589934592,1073741824,5041864704,299040768
208,1771641345978,3504,3504,3504,3504,3504,3504,3504,3504,43.59546661376953,43.27941131591797,42.04668426513672,41.85741424560547,42.28559875488281,42.34004211425781,41.843406677246094,42.805545806884766,42.877281188964844,19.047618865966797,14.285715103149414,14.285715103149414,15.000000953674316,0,0,0,0,2.445657253265381,8589934592,1073741824,5041881088,299040768
207,1771641346187,3504,3504,3504,3504,3504,3504,3504,3504,43.475765228271484,43.17323303222656,41.86017608642578,41.676734924316406,42.13768768310547,42.21498107910156,41.697669982910156,42.73413848876953,42.780521392822266,19.047618865966797,15.000000953674316,15.000000953674316,19.047618865966797,0,0,0,0,2.445657253265381,8589934592,1073741824,5041733632,299040768
201,1771641346395,3504,3504,3504,3504,3504,3504,3504,3504,43.475765228271484,43.17323303222656,41.86017608642578,41.676734924316406,42.13768768310547,42.21498107910156,41.697669982910156,42.73413848876953,42.780521392822266,23.809524536132813,14.285715103149414,22.72727394104004,5,0,0,0,0,2.445657253265381,8589934592,1073741824,5041766400,299040768
209,1771641346597,3504,3504,3504,3504,3504,3504,3504,3504,43.475765228271484,43.17323303222656,41.86017608642578,41.676734924316406,42.13768768310547,42.21498107910156,41.697669982910156,42.73413848876953,42.780521392822266,26.3157901763916,20,25,14.285715103149414,0,0,0,0,2.445657253265381,8589934592,1073741824,5042274304,299040768
209,1771641346807,3504,3504,3504,3504,3504,3504,3504,3504,43.475765228271484,43.17323303222656,41.86017608642578,41.676734924316406,42.13768768310547,42.21498107910156,41.697669982910156,42.73413848876953,42.780521392822266,22.72727394104004,19.047618865966797,25,14.285715103149414,0,0,0,0,2.4576210975646973,8589934592,1073741824,5042454528,299040768
209,1771641347016,3504,3504,3504,3504,3504,3504,3504,3504,43.475765228271484,43.17323303222656,41.86017608642578,41.676734924316406,42.13768768310547,42.21498107910156,41.697669982910156,42.73413848876953,42.780521392822266,15.000000953674316,14.285715103149414,23.809524536132813,9.523809432983398,0,0,0,0,2.4576210975646973,8589934592,1073741824,5042520064,299040768
204,1771641347227,3504,3504,3504,3504,3504,3504,3504,3504,43.29347229003906,43.10157775878906,41.698707580566406,41.53002166748047,42.04167556762695,42.056785583496094,41.55418395996094,42.70573043823242,42.67081069946289,23.809524536132813,5,14.285715103149414,4.761904716491699,0,0,0,0,2.4576210975646973,8589934592,1073741824,5042307072,299040768
204,1771641347431,3504,3504,3504,3504,3504,3504,3504,3504,43.29347229003906,43.10157775878906,41.698707580566406,41.53002166748047,42.04167556762695,42.056785583496094,41.55418395996094,42.70573043823242,42.67081069946289,23.809524536132813,23.809524536132813,15.000000953674316,9.523809432983398,0,0,0,0,2.4576210975646973,8589934592,1073741824,5042307072,299040768
207,1771641347636,3504,3504,3504,3504,3504,3504,3504,3504,43.29347229003906,43.10157775878906,41.698707580566406,41.53002166748047,42.04167556762695,42.056785583496094,41.55418395996094,42.70573043823242,42.67081069946289,10.526315689086914,15.000000953674316,20,5.263157844543457,0,0,0,0,1.947608232498169,8589934592,1073741824,5042651136,299040768
209,1771641347845,3504,3504,3504,3504,3504,3504,3504,3504,43.29347229003906,43.10157775878906,41.698707580566406,41.53002166748047,42.04167556762695,42.056785583496094,41.55418395996094,42.70573043823242,42.67081069946289,28.571430206298828,38.095237731933594,23.809524536132813,22.72727394104004,28.571430206298828,0,0,0,1.947608232498169,8589934592,1073741824,5044191232,299040768
208,1771641348055,3504,3504,3504,3504,3504,3504,3504,3504,43.29347229003906,43.10157775878906,41.698707580566406,41.53002166748047,42.04167556762695,42.056785583496094,41.55418395996094,42.70573043823242,42.67081069946289,28.571430206298828,19.047618865966797,14.285715103149414,15.000000953674316,9.090909004211426,0,0,0,1.947608232498169,8589934592,1073741824,5044158464,299040768
207,1771641348263,3504,3504,3504,3504,3504,3504,3504,3504,43.34333419799805,43.28997039794922,41.86809539794922,41.607826232910156,41.989036560058594,41.98426818847656,41.5516357421875,42.67021560668945,42.627716064453125,15.000000953674316,5,9.523809432983398,23.809524536132813,0,0,0,0,1.947608232498169,8589934592,1073741824,5044043776,299040768
206,1771641348472,3504,3504,3504,3504,3504,3504,3504,3504,43.34333419799805,43.28997039794922,41.86809539794922,41.607826232910156,41.989036560058594,41.98426818847656,41.5516357421875,42.67021560668945,42.627716064453125,14.285715103149414,14.285715103149414,14.285715103149414,33.333335876464844,0,0,0,0,1.947608232498169,8589934592,1073741824,5040275456,299040768
209,1771641348678,3504,3504,3504,3504,3504,3504,3504,3504,43.34333419799805,43.28997039794922,41.86809539794922,41.607826232910156,41.989036560058594,41.98426818847656,41.5516357421875,42.67021560668945,42.627716064453125,14.285715103149414,23.809524536132813,14.285715103149414,20,0,9.090909004211426,0,0,1.9110933542251587,8589934592,1073741824,5040521216,299040768
206,1771641348888,3504,3504,3504,3504,3504,3504,3504,3504,43.34333419799805,43.28997039794922,41.86809539794922,41.607826232910156,41.989036560058594,41.98426818847656,41.5516357421875,42.67021560668945,42.627716064453125,19.047618865966797,14.285715103149414,10,19.047618865966797,0,0,0,0,1.9110933542251587,8589934592,1073741824,5040570368,299040768
202,1771641349095,3504,3504,3504,3504,3504,3504,3504,3504,43.34333419799805,43.28997039794922,41.86809539794922,41.607826232910156,41.989036560058594,41.98426818847656,41.5516357421875,42.67021560668945,42.627716064453125,15.000000953674316,10,10,23.809524536132813,0,0,0,0,1.9110933542251587,8589934592,1073741824,5040619520,299040768
209,1771641349299,3504,3504,3504,3504,3504,3504,3504,3504,43.190696716308594,42.971134185791016,41.606719970703125,41.44135284423828,41.82872772216797,41.828269958496094,41.471649169921875,42.59878158569336,42.53318786621094,14.285715103149414,10,5,25,0,0,0,0,1.9110933542251587,8589934592,1073741824,5040619520,299040768
202,1771641349509,3504,3504,3504,3504,3504,3504,3504,3504,43.190696716308594,42.971134185791016,41.606719970703125,41.44135284423828,41.82872772216797,41.828269958496094,41.471649169921875,42.59878158569336,42.53318786621094,19.047618865966797,22.72727394104004,18.18181800842285,19.047618865966797,0,0,0,0,1.9110933542251587,8589934592,1073741824,5040504832,299040768
208,1771641349711,3504,3504,3504,3504,3504,3504,3504,3504,43.190696716308594,42.971134185791016,41.606719970703125,41.44135284423828,41.82872772216797,41.828269958496094,41.471649169921875,42.59878158569336,42.53318786621094,10.526315689086914,25,10,10,0,0,0,0,2.092986822128296,8589934592,1073741824,5040504832,299040768
209,1771641349920,3504,3504,3504,3504,3504,3504,3504,3504,43.190696716308594,42.971134185791016,41.606719970703125,41.44135284423828,41.82872772216797,41.828269958496094,41.471649169921875,42.59878158569336,42.53318786621094,27.272727966308594,25,14.285715103149414,10,0,0,0,0,2.092986822128296,8589934592,1073741824,5040504832,299040768
204,1771641350130,3504,3504,3504,3504,3504,3504,3504,3504,43.07320022583008,42.80689239501953,41.35382843017578,41.26918029785156,41.63566207885742,41.576690673828125,41.37779235839844,42.407325744628906,42.34288787841797,19.047618865966797,19.047618865966797,14.285715103149414,13.043478012084961,0,0,0,0,2.092986822128296,8589934592,1073741824,5040504832,299040768
203,1771641350335,3504,3504,3504,3504,3504,3504,3504,3504,43.07320022583008,42.80689239501953,41.35382843017578,41.26918029785156,41.63566207885742,41.576690673828125,41.37779235839844,42.407325744628906,42.34288787841797,15.000000953674316,33.333335876464844,10,5.263157844543457,0,0,0,0,2.092986822128296,8589934592,1073741824,5040570368,299040768
204,1771641350539,3504,3504,3504,3504,3504,3504,3504,3504,43.07320022583008,42.80689239501953,41.35382843017578,41.26918029785156,41.63566207885742,41.576690673828125,41.37779235839844,42.407325744628906,42.34288787841797,15.000000953674316,20,14.285715103149414,9.523809432983398,0,4.761904716491699,0,0,2.092986822128296,8589934592,1073741824,5040340992,299040768
200,1771641350744,3504,3504,3504,3504,3504,3504,3504,3504,43.07320022583008,42.80689239501953,41.35382843017578,41.26918029785156,41.63566207885742,41.576690673828125,41.37779235839844,42.407325744628906,42.34288787841797,15.000000953674316,15.000000953674316,20,10,0,0,0,0,2.615992784500122,8589934592,1073741824,5040390144,299040768
203,1771641350945,3504,3504,3504,3504,3504,3504,3504,3504,43.07320022583008,42.80689239501953,41.35382843017578,41.26918029785156,41.63566207885742,41.576690673828125,41.37779235839844,42.407325744628906,42.34288787841797,23.809524536132813,15.000000953674316,15.000000953674316,5.263157844543457,4.761904716491699,0,0,4.761904716491699,2.615992784500122,8589934592,1073741824,5040390144,299040768
204,1771641351149,3504,3504,3504,3504,3504,3504,3504,3504,43.026405334472656,42.712093353271484,41.243247985839844,41.147605895996094,41.505271911621094,41.41400146484375,41.277435302734375,42.325531005859375,42.22374725341797,15.789472579956055,14.285715103149414,20,13.636363983154297,0,0,0,0,2.615992784500122,8589934592,1073741824,5040390144,299040768
207,1771641351353,3504,3504,3504,3504,3504,3504,3504,3504,43.026405334472656,42.712093353271484,41.243247985839844,41.147605895996094,41.505271911621094,41.41400146484375,41.277435302734375,42.325531005859375,42.22374725341797,23.809524536132813,10.526315689086914,15.000000953674316,5,0,0,0,0,2.615992784500122,8589934592,1073741824,5040259072,299040768
208,1771641351561,3504,3504,3504,3504,3504,3504,3504,3504,43.026405334472656,42.712093353271484,41.243247985839844,41.147605895996094,41.505271911621094,41.41400146484375,41.277435302734375,42.325531005859375,42.22374725341797,15.000000953674316,14.285715103149414,19.047618865966797,14.285715103149414,0,0,0,0,2.615992784500122,8589934592,1073741824,5040209920,299040768
207,1771641351770,3504,3504,3504,3504,3504,3504,3504,3504,43.026405334472656,42.712093353271484,41.243247985839844,41.147605895996094,41.505271911621094,41.41400146484375,41.277435302734375,42.325531005859375,42.22374725341797,28.571430206298828,20,14.285715103149414,10,0,0,0,0,2.820512294769287,8589934592,1073741824,5040455680,299040768
206,1771641351978,3504,3504,3504,3504,3504,3504,3504,3504,43.026405334472656,42.712093353271484,41.243247985839844,41.147605895996094,41.505271911621094,41.41400146484375,41.277435302734375,42.325531005859375,42.22374725341797,42.85714340209961,45.45454788208008,47.619049072265625,30.000001907348633,0,0,0,0,2.820512294769287,8589934592,1073741824,5047861248,299040768
209,1771641352185,3504,3504,3504,3504,3504,3504,3504,3504,42.928375244140625,42.57731246948242,41.21575164794922,41.027801513671875,41.42287063598633,41.31012725830078,41.15270233154297,42.257686614990234,42.11957550048828,55,40,30.000001907348633,38.095237731933594,0,0,0,0,2.820512294769287,8589934592,1073741824,5051400192,299040768
206,1771641352395,3504,3504,3504,3504,3504,3504,3504,3504,42.928375244140625,42.57731246948242,41.21575164794922,41.027801513671875,41.42287063598633,41.31012725830078,41.15270233154297,42.257686614990234,42.11957550048828,50,52.38095474243164,30.000001907348633,27.272727966308594,0,0,0,0,2.820512294769287,8589934592,1073741824,5055954944,299040768
208,1771641352602,3504,3504,3504,3504,3504,3504,3504,3504,42.928375244140625,42.57731246948242,41.21575164794922,41.027801513671875,41.42287063598633,41.31012725830078,41.15270233154297,42.257686614990234,42.11957550048828,50,33.333335876464844,23.809524536132813,21.052631378173828,0,0,0,0,2.820512294769287,8589934592,1073741824,5067374592,299040768
202,1771641352810,3504,3504,3504,3504,3504,3504,3504,3504,42.928375244140625,42.57731246948242,41.21575164794922,41.027801513671875,41.42287063598633,41.31012725830078,41.15270233154297,42.257686614990234,42.11957550048828,15.000000953674316,20,14.285715103149414,18.18181800842285,0,0,0,0,2.300217628479004,8589934592,1073741824,5067522048,299040768
206,1771641353013,3504,3504,3504,3504,3504,3504,3504,3504,42.928375244140625,42.57731246948242,41.21575164794922,41.027801513671875,41.42287063598633,41.31012725830078,41.15270233154297,42.257686614990234,42.11957550048828,25,14.285715103149414,20,14.285715103149414,0,0,0,0,2.300217628479004,8589934592,1073741824,5067522048,299040768
209,1771641353220,3504,3504,3504,3504,3504,3504,3504,3504,42.851966857910156,42.576927185058594,41.21843719482422,41.01409912109375,41.4076042175293,41.28050231933594,41.090126037597656,42.22932815551758,42.06449890136719,23.809524536132813,14.285715103149414,13.636363983154297,10.526315689086914,0,0,0,0,2.300217628479004,8589934592,1073741824,5067522048,299040768
200,1771641353430,3504,3504,3504,3504,3504,3504,3504,3504,42.851966857910156,42.576927185058594,41.21843719482422,41.01409912109375,41.4076042175293,41.28050231933594,41.090126037597656,42.22932815551758,42.06449890136719,19.047618865966797,5.263157844543457,5,14.285715103149414,0,0,0,0,2.300217628479004,8589934592,1073741824,5067341824,299040768
209,1771641353631,3504,3504,3504,3504,3504,3504,3504,3504,42.851966857910156,42.576927185058594,41.21843719482422,41.01409912109375,41.4076042175293,41.28050231933594,41.090126037597656,42.22932815551758,42.06449890136719,15.000000953674316,14.285715103149414,15.000000953674316,19.047618865966797,5,0,0,0,2.1183648109436035,8589934592,1073741824,5067292672,299040768
209,1771641353841,3504,3504,3504,3504,3504,3504,3504,3504,42.851966857910156,42.576927185058594,41.21843719482422,41.01409912109375,41.4076042175293,41.28050231933594,41.090126037597656,42.22932815551758,42.06449890136719,19.047618865966797,10,4.761904716491699,14.285715103149414,9.090909004211426,4.761904716491699,4.761904716491699,0,2.1183648109436035,8589934592,1073741824,5067522048,299040768
209,1771641354052,3504,3504,3504,3504,3504,3504,3504,3504,42.851966857910156,42.576927185058594,41.21843719482422,41.01409912109375,41.4076042175293,41.28050231933594,41.090126037597656,42.22932815551758,42.06449890136719,19.047618865966797,18.18181800842285,10,5,0,0,0,0,2.1183648109436035,8589934592,1073741824,5067472896,299040768
209,1771641354261,3504,3504,3504,3504,3504,3504,3504,3504,42.71979522705078,42.56241989135742,41.191734313964844,40.9454345703125,41.21919631958008,41.17066955566406,40.95221710205078,42.09703063964844,42.00313949584961,10,14.285715103149414,13.636363983154297,23.809524536132813,0,0,0,0,2.1183648109436035,8589934592,1073741824,5067472896,299040768
206,1771641354472,3504,3504,3504,3504,3504,3504,3504,3504,42.71979522705078,42.56241989135742,41.191734313964844,40.9454345703125,41.21919631958008,41.17066955566406,40.95221710205078,42.09703063964844,42.00313949584961,9.523809432983398,10,9.523809432983398,23.809524536132813,0,0,0,0,2.1183648109436035,8589934592,1073741824,5067538432,299040768
205,1771641354678,3504,3504,3504,3504,3504,3504,3504,3504,42.71979522705078,42.56241989135742,41.191734313964844,40.9454345703125,41.21919631958008,41.17066955566406,40.95221710205078,42.09703063964844,42.00313949584961,14.285715103149414,14.285715103149414,5,25,0,0,0,0,2.215937614440918,8589934592,1073741824,5067554816,299040768
209,1771641354884,3504,3504,3504,3504,3504,3504,3504,3504,42.71979522705078,42.56241989135742,41.191734313964844,40.9454345703125,41.21919631958008,41.17066955566406,40.95221710205078,42.09703063964844,42.00313949584961,15.000000953674316,20,14.285715103149414,18.18181800842285,0,0,0,0,2.215937614440918,8589934592,1073741824,5067554816,299040768
199,1771641355095,3504,3504,3504,3504,3504,3504,3504,3504,42.71979522705078,42.56241989135742,41.191734313964844,40.9454345703125,41.21919631958008,41.17066955566406,40.95221710205078,42.09703063964844,42.00313949584961,19.047618865966797,19.047618865966797,14.285715103149414,9.523809432983398,0,0,0,0,2.215937614440918,8589934592,1073741824,5067554816,299040768
209,1771641355295,3504,3504,3504,3504,3504,3504,3504,3504,42.59757614135742,42.20333480834961,40.958595275878906,40.82208251953125,41.1101188659668,41.05238342285156,40.82588195800781,41.92631149291992,41.90826416015625,15.000000953674316,28.571430206298828,10.526315689086914,10,0,0,0,0,2.215937614440918,8589934592,1073741824,5067554816,299040768
206,1771641355505,3504,3504,3504,3504,3504,3504,3504,3504,42.59757614135742,42.20333480834961,40.958595275878906,40.82208251953125,41.1101188659668,41.05238342285156,40.82588195800781,41.92631149291992,41.90826416015625,19.047618865966797,20,9.523809432983398,5,0,0,0,0,2.215937614440918,8589934592,1073741824,5067767808,299040768
206,1771641355711,3504,3504,3504,3504,3504,3504,3504,3504,42.59757614135742,42.20333480834961,40.958595275878906,40.82208251953125,41.1101188659668,41.05238342285156,40.82588195800781,41.92631149291992,41.90826416015625,15.000000953674316,30.000001907348633,9.523809432983398,13.636363983154297,0,0,0,0,2.553689956665039,8589934592,1073741824,5067767808,299040768
207,1771641355918,3504,3504,3504,3504,3504,3504,3504,3504,42.59757614135742,42.20333480834961,40.958595275878906,40.82208251953125,41.1101188659668,41.05238342285156,40.82588195800781,41.92631149291992,41.90826416015625,15.000000953674316,28.571430206298828,10,5.263157844543457,0,0,0,0,2.553689956665039,8589934592,1073741824,5067751424,299040768
209,1771641356126,3504,3504,3504,3504,3504,3504,3504,3504,42.538543701171875,42.03044509887695,40.80632781982422,40.74250030517578,40.997344970703125,40.93476867675781,40.702415466308594,41.8203125,41.78160858154297,14.285715103149414,28.571430206298828,13.636363983154297,9.523809432983398,0,0,0,0,2.553689956665039,8589934592,1073741824,5067767808,299040768
208,1771641356336,3504,3504,3504,3504,3504,3504,3504,3504,42.538543701171875,42.03044509887695,40.80632781982422,40.74250030517578,40.997344970703125,40.93476867675781,40.702415466308594,41.8203125,41.78160858154297,23.809524536132813,33.333335876464844,15.000000953674316,14.285715103149414,0,0,0,0,2.553689956665039,8589934592,1073741824,5069324288,299040768
209,1771641356545,3504,3504,3504,3504,3504,3504,3504,3504,42.538543701171875,42.03044509887695,40.80632781982422,40.74250030517578,40.997344970703125,40.93476867675781,40.702415466308594,41.8203125,41.78160858154297,19.047618865966797,33.333335876464844,15.000000953674316,9.523809432983398,0,0,0,0,2.553689956665039,8589934592,1073741824,5069324288,299040768
206,1771641356755,3504,3504,3504,3504,3504,3504,3504,3504,42.538543701171875,42.03044509887695,40.80632781982422,40.74250030517578,40.997344970703125,40.93476867675781,40.702415466308594,41.8203125,41.78160858154297,14.285715103149414,25,14.285715103149414,9.523809432983398,0,0,0,0,1.9601022005081177,8589934592,1073741824,5069324288,299040768
206,1771641356961,3504,3504,3504,3504,3504,3504,3504,3504,42.538543701171875,42.03044509887695,40.80632781982422,40.74250030517578,40.997344970703125,40.93476867675781,40.702415466308594,41.8203125,41.78160858154297,15.000000953674316,28.571430206298828,18.18181800842285,5.263157844543457,0,0,0,0,1.9601022005081177,8589934592,1073741824,5069422592,299040768
209,1771641357168,3504,3504,3504,3504,3504,3504,3504,3504,42.51899719238281,41.920326232910156,40.74989318847656,40.69304656982422,40.95579147338867,40.855125427246094,40.61277770996094,41.7473258972168,41.73185729980469,15.000000953674316,20,10,13.636363983154297,0,0,0,0,1.9601022005081177,8589934592,1073741824,5069111296,299040768
208,1771641357378,3504,3504,3504,3504,3504,3504,3504,3504,42.51899719238281,41.920326232910156,40.74989318847656,40.69304656982422,40.95579147338867,40.855125427246094,40.61277770996094,41.7473258972168,41.73185729980469,21.7391300201416,28.571430206298828,5,4.761904716491699,0,0,0,0,1.9601022005081177,8589934592,1073741824,5069144064,299040768
207,1771641357586,3504,3504,3504,3504,3504,3504,3504,3504,42.51899719238281,41.920326232910156,40.74989318847656,40.69304656982422,40.95579147338867,40.855125427246094,40.61277770996094,41.7473258972168,41.73185729980469,20,33.333335876464844,18.18181800842285,10,0,0,0,0,1.9601022005081177,8589934592,1073741824,5069357056,299040768
209,1771641357795,3504,3504,3504,3504,3504,3504,3504,3504,42.51899719238281,41.920326232910156,40.74989318847656,40.69304656982422,40.95579147338867,40.855125427246094,40.61277770996094,41.7473258972168,41.73185729980469,15.000000953674316,28.571430206298828,15.000000953674316,18.18181800842285,0,0,0,0,1.9359145164489746,8589934592,1073741824,5070979072,299040768
209,1771641358005,3504,3504,3504,3504,3504,3504,3504,3504,42.51899719238281,41.920326232910156,40.74989318847656,40.69304656982422,40.95579147338867,40.855125427246094,40.61277770996094,41.7473258972168,41.73185729980469,27.272727966308594,25,14.285715103149414,15.000000953674316,38.095237731933594,0,0,0,1.9359145164489746,8589934592,1073741824,5069766656,299040768
209,1771641358215,3504,3504,3504,3504,3504,3504,3504,3504,42.52967071533203,42.174102783203125,40.95048522949219,40.751495361328125,40.96474075317383,40.846229553222656,40.573036193847656,41.66238784790039,41.6887321472168,15.000000953674316,18.18181800842285,9.523809432983398,18.18181800842285,0,0,0,0,1.9359145164489746,8589934592,1073741824,5069783040,299040768
201,1771641358425,3504,3504,3504,3504,3504,3504,3504,3504,42.52967071533203,42.174102783203125,40.95048522949219,40.751495361328125,40.96474075317383,40.846229553222656,40.573036193847656,41.66238784790039,41.6887321472168,23.809524536132813,19.047618865966797,14.285715103149414,5,0,0,0,0,1.9359145164489746,8589934592,1073741824,5069799424,299040768
203,1771641358626,3504,3504,3504,3504,3504,3504,3504,3504,42.52967071533203,42.174102783203125,40.95048522949219,40.751495361328125,40.96474075317383,40.846229553222656,40.573036193847656,41.66238784790039,41.6887321472168,25,25,5.263157844543457,5.263157844543457,0,0,0,0,2.033313751220703,8589934592,1073741824,5069815808,299040768
201,1771641358830,3504,3504,3504,3504,3504,3504,3504,3504,42.52967071533203,42.174102783203125,40.95048522949219,40.751495361328125,40.96474075317383,40.846229553222656,40.573036193847656,41.66238784790039,41.6887321472168,15.000000953674316,26.3157901763916,22.72727394104004,19.047618865966797,15.789472579956055,20,15.000000953674316,14.285715103149414,2.033313751220703,8589934592,1073741824,5069783040,299040768
203,1771641359032,3504,3504,3504,3504,3504,3504,3504,3504,42.52967071533203,42.174102783203125,40.95048522949219,40.751495361328125,40.96474075317383,40.846229553222656,40.573036193847656,41.66238784790039,41.6887321472168,25,15.000000953674316,10.526315689086914,5,0,0,0,0,2.033313751220703,8589934592,1073741824,5069783040,299040768
207,1771641359236,3504,3504,3504,3504,3504,3504,3504,3504,42.750640869140625,42.207637786865234,41.008033752441406,40.90165710449219,41.02539825439453,41.08686065673828,40.833168029785156,41.95707702636719,41.976905822753906,19.047618865966797,23.809524536132813,15.000000953674316,13.636363983154297,0,0,0,4.761904716491699,2.033313751220703,8589934592,1073741824,5069406208,299040768
205,1771641359445,3504,3504,3504,3504,3504,3504,3504,3504,42.750640869140625,42.207637786865234,41.008033752441406,40.90165710449219,41.02539825439453,41.08686065673828,40.833168029785156,41.95707702636719,41.976905822753906,14.285715103149414,19.047618865966797,18.18181800842285,5.263157844543457,0,0,0,0,2.033313751220703,8589934592,1073741824,5069422592,299040768
207,1771641359651,3504,3504,3504,3504,3504,3504,3504,3504,42.750640869140625,42.207637786865234,41.008033752441406,40.90165710449219,41.02539825439453,41.08686065673828,40.833168029785156,41.95707702636719,41.976905822753906,15.000000953674316,23.809524536132813,15.000000953674316,9.523809432983398,0,0,0,0,2.0686471462249756,8589934592,1073741824,5069291520,299040768
200,1771641359859,3504,3504,3504,3504,3504,3504,3504,3504,42.750640869140625,42.207637786865234,41.008033752441406,40.90165710449219,41.02539825439453,41.08686065673828,40.833168029785156,41.95707702636719,41.976905822753906,14.285715103149414,15.000000953674316,20,9.523809432983398,0,0,0,0,2.0686471462249756,8589934592,1073741824,5069291520,299040768
206,1771641360060,3504,3504,3504,3504,3504,3504,3504,3504,42.750640869140625,42.207637786865234,41.008033752441406,40.90165710449219,41.02539825439453,41.08686065673828,40.833168029785156,41.95707702636719,41.976905822753906,15.789472579956055,25,23.809524536132813,15.000000953674316,0,0,0,0,2.0686471462249756,8589934592,1073741824,5069291520,299040768
204,1771641360267,3504,3504,3504,3504,3504,3504,3504,3504,42.37565612792969,41.680419921875,40.65856170654297,40.565025329589844,40.78223419189453,40.764862060546875,40.490142822265625,41.57234191894531,41.60531234741211,19.047618865966797,23.809524536132813,20,9.523809432983398,0,0,0,0,2.0686471462249756,8589934592,1073741824,5069291520,299040768
208,1771641360471,3504,3504,3504,3504,3504,3504,3504,3504,42.37565612792969,41.680419921875,40.65856170654297,40.565025329589844,40.78223419189453,40.764862060546875,40.490142822265625,41.57234191894531,41.60531234741211,23.809524536132813,10,15.000000953674316,5,0,0,0,0,2.0686471462249756,8589934592,1073741824,5069291520,299040768
204,1771641360681,3504,3504,3504,3504,3504,3504,3504,3504,42.37565612792969,41.680419921875,40.65856170654297,40.565025329589844,40.78223419189453,40.764862060546875,40.490142822265625,41.57234191894531,41.60531234741211,23.809524536132813,14.285715103149414,19.047618865966797,9.523809432983398,0,0,0,0,2.3865857124328613,8589934592,1073741824,5072273408,299040768
206,1771641360885,3504,3504,3504,3504,3504,3504,3504,3504,42.37565612792969,41.680419921875,40.65856170654297,40.565025329589844,40.78223419189453,40.764862060546875,40.490142822265625,41.57234191894531,41.60531234741211,25,28.571430206298828,14.285715103149414,14.285715103149414,0,0,0,0,2.3865857124328613,8589934592,1073741824,5072224256,299040768
208,1771641361093,3504,3504,3504,3504,3504,3504,3504,3504,42.37565612792969,41.680419921875,40.65856170654297,40.565025329589844,40.78223419189453,40.764862060546875,40.490142822265625,41.57234191894531,41.60531234741211,19.047618865966797,15.789472579956055,5,5,0,0,0,0,2.3865857124328613,8589934592,1073741824,5073108992,299040768
209,1771641361301,3504,3504,3504,3504,3504,3504,3504,3504,42.22865295410156,41.47174835205078,40.48017120361328,40.440635681152344,40.6861572265625,40.663360595703125,40.430328369140625,41.4533576965332,41.44850158691406,15.000000953674316,27.272727966308594,9.523809432983398,4.761904716491699,0,0,0,0,2.3865857124328613,8589934592,1073741824,5072502784,299040768
202,1771641361511,3504,3504,3504,3504,3504,3504,3504,3504,42.22865295410156,41.47174835205078,40.48017120361328,40.440635681152344,40.6861572265625,40.663360595703125,40.430328369140625,41.4533576965332,41.44850158691406,14.285715103149414,28.571430206298828,10,9.523809432983398,4.545454502105713,4.545454502105713,4.545454502105713,0,2.3865857124328613,8589934592,1073741824,5072519168,299040768
209,1771641361715,3504,3504,3504,3504,3504,3504,3504,3504,42.22865295410156,41.47174835205078,40.48017120361328,40.440635681152344,40.6861572265625,40.663360595703125,40.430328369140625,41.4533576965332,41.44850158691406,30.000001907348633,35,23.809524536132813,15.000000953674316,4.761904716491699,0,4.761904716491699,0,2.1063637733459473,8589934592,1073741824,5073649664,299040768
209,1771641361924,3504,3504,3504,3504,3504,3504,3504,3504,42.22865295410156,41.47174835205078,40.48017120361328,40.440635681152344,40.6861572265625,40.663360595703125,40.430328369140625,41.4533576965332,41.44850158691406,14.285715103149414,28.571430206298828,14.285715103149414,9.523809432983398,9.523809432983398,5,4.761904716491699,0,2.1063637733459473,8589934592,1073741824,5074321408,299040768
209,1771641362135,3504,3504,3504,3504,3504,3504,3504,3504,42.2534065246582,41.518638610839844,40.43891143798828,40.45713806152344,40.67140197753906,40.62446594238281,40.41474914550781,41.46460723876953,41.40496063232422,15.000000953674316,20,9.523809432983398,9.523809432983398,0,0,0,0,2.1063637733459473,8589934592,1073741824,5074272256,299040768
204,1771641362345,3504,3504,3504,3504,3504,3504,3504,3504,42.2534065246582,41.518638610839844,40.43891143798828,40.45713806152344,40.67140197753906,40.62446594238281,40.41474914550781,41.46460723876953,41.40496063232422,27.272727966308594,22.72727394104004,10,5,0,0,0,0,2.1063637733459473,8589934592,1073741824,5074321408,299040768
206,1771641362549,3504,3504,3504,3504,3504,3504,3504,3504,42.2534065246582,41.518638610839844,40.43891143798828,40.45713806152344,40.67140197753906,40.62446594238281,40.41474914550781,41.46460723876953,41.40496063232422,15.789472579956055,21.052631378173828,14.285715103149414,13.636363983154297,0,0,0,0,2.1063637733459473,8589934592,1073741824,5074272256,299040768
206,1771641362756,3504,3504,3504,3504,3504,3504,3504,3504,42.2534065246582,41.518638610839844,40.43891143798828,40.45713806152344,40.67140197753906,40.62446594238281,40.41474914550781,41.46460723876953,41.40496063232422,22.72727394104004,19.047618865966797,15.000000953674316,5,0,0,0,0,1.8147586584091187,8589934592,1073741824,5074239488,299040768
209,1771641362963,3504,3504,3504,3504,3504,3504,3504,3504,42.2534065246582,41.518638610839844,40.43891143798828,40.45713806152344,40.67140197753906,40.62446594238281,40.41474914550781,41.46460723876953,41.40496063232422,20,19.047618865966797,19.047618865966797,15.789472579956055,0,0,0,0,1.8147586584091187,8589934592,1073741824,5074354176,299040768
207,1771641363173,3504,3504,3504,3504,3504,3504,3504,3504,42.086326599121094,41.31318664550781,40.32835388183594,40.37000274658203,40.59701156616211,40.51548767089844,40.33848571777344,41.35259246826172,41.27912902832031,14.285715103149414,9.523809432983398,13.636363983154297,27.272727966308594,0,0,0,0,1.8147586584091187,8589934592,1073741824,5074354176,299040768
203,1771641363381,3504,3504,3504,3504,3504,3504,3504,3504,42.086326599121094,41.31318664550781,40.32835388183594,40.37000274658203,40.59701156616211,40.51548767089844,40.33848571777344,41.35259246826172,41.27912902832031,14.285715103149414,15.000000953674316,5.263157844543457,23.809524536132813,0,0,0,0,1.8147586584091187,8589934592,1073741824,5074354176,299040768
208,1771641363585,3504,3504,3504,3504,3504,3504,3504,3504,42.086326599121094,41.31318664550781,40.32835388183594,40.37000274658203,40.59701156616211,40.51548767089844,40.33848571777344,41.35259246826172,41.27912902832031,15.000000953674316,10,14.285715103149414,21.052631378173828,0,0,0,0,1.8147586584091187,8589934592,1073741824,5074354176,299040768
209,1771641363795,3504,3504,3504,3504,3504,3504,3504,3504,42.086326599121094,41.31318664550781,40.32835388183594,40.37000274658203,40.59701156616211,40.51548767089844,40.33848571777344,41.35259246826172,41.27912902832031,14.285715103149414,19.047618865966797,4.761904716491699,18.18181800842285,0,4.761904716491699,0,0,2.6144893169403076,8589934592,1073741824,5074059264,299040768
201,1771641364005,3504,3504,3504,3504,3504,3504,3504,3504,42.086326599121094,41.31318664550781,40.32835388183594,40.37000274658203,40.59701156616211,40.51548767089844,40.33848571777344,41.35259246826172,41.27912902832031,20,14.285715103149414,14.285715103149414,14.285715103149414,0,0,0,0,2.6144893169403076,8589934592,1073741824,5074075648,299040768
209,1771641364207,3504,3504,3504,3504,3504,3504,3504,3504,42.105342864990234,41.21070098876953,40.279273986816406,40.284202575683594,40.513572692871094,40.43605041503906,40.19805908203125,41.228309631347656,41.204933166503906,19.047618865966797,23.809524536132813,15.000000953674316,15.000000953674316,0,0,0,0,2.6144893169403076,8589934592,1073741824,5074026496,299040768
209,1771641364416,3504,3504,3504,3504,3504,3504,3504,3504,42.105342864990234,41.21070098876953,40.279273986816406,40.284202575683594,40.513572692871094,40.43605041503906,40.19805908203125,41.228309631347656,41.204933166503906,20,10,19.047618865966797,9.523809432983398,0,0,0,0,2.6144893169403076,8589934592,1073741824,5074075648,299040768
209,1771641364627,3504,3504,3504,3504,3504,3504,3504,3504,42.105342864990234,41.21070098876953,40.279273986816406,40.284202575683594,40.513572692871094,40.43605041503906,40.19805908203125,41.228309631347656,41.204933166503906,18.18181800842285,10,19.047618865966797,9.523809432983398,0,0,0,0,1.9245282411575317,8589934592,1073741824,5073928192,299040768
207,1771641364836,3504,3504,3504,3504,3504,3504,3504,3504,42.105342864990234,41.21070098876953,40.279273986816406,40.284202575683594,40.513572692871094,40.43605041503906,40.19805908203125,41.228309631347656,41.204933166503906,20,13.636363983154297,9.523809432983398,14.285715103149414,0,0,0,0,1.9245282411575317,8589934592,1073741824,5073928192,299040768
201,1771641365045,3504,3504,3504,3504,3504,3504,3504,3504,42.105342864990234,41.21070098876953,40.279273986816406,40.284202575683594,40.513572692871094,40.43605041503906,40.19805908203125,41.228309631347656,41.204933166503906,23.809524536132813,15.000000953674316,10,14.285715103149414,4.545454502105713,0,0,0,1.9245282411575317,8589934592,1073741824,5074026496,299040768
209,1771641365247,3504,3504,3504,3504,3504,3504,3504,3504,42.00499725341797,41.10918426513672,40.15503692626953,40.13545227050781,40.40060043334961,40.298423767089844,40.13603210449219,41.13581085205078,41.12857437133789,25,15.000000953674316,14.285715103149414,15.000000953674316,0,0,0,0,1.9245282411575317,8589934592,1073741824,5074059264,299040768
11,1771641365457,3504,3504,3504,3504,3504,3504,3504,3504,42.00499725341797,41.10918426513672,40.15503692626953,40.13545227050781,40.40060043334961,40.298423767089844,40.13603210449219,41.13581085205078,41.12857437133789,23.809524536132813,19.047618865966797,5,19.047618865966797,0,0,0,0,1.9245282411575317,8589934592,1073741824,5074059264,299040768
