Delta,Time,CPU_FREQUENCY_0,CPU_FREQUENCY_1,CPU_FREQUENCY_2,CPU_FREQUENCY_3,CPU_FREQUENCY_4,CPU_FREQUENCY_5,CPU_FREQUENCY_6,CPU_FREQUENCY_7,CPU_TEMP_0,CPU_TEMP_1,CPU_TEMP_2,CPU_TEMP_3,CPU_TEMP_4,CPU_TEMP_5,CPU_TEMP_6,CPU_TEMP_7,CPU_TEMP_8,CPU_USAGE_0,CPU_USAGE_1,CPU_USAGE_2,CPU_USAGE_3,CPU_USAGE_4,CPU_USAGE_5,CPU_USAGE_6,CPU_USAGE_7,SYSTEM_POWER (Watts),TOTAL_MEMORY,TOTAL_SWAP,USED_MEMORY,USED_SWAP
0,1771785393635,3504,3504,3504,3504,3504,3504,3504,3504,54.83412170410156,54.46835708618164,53.205230712890625,53.101966857910156,53.44297409057617,53.30731201171875,52.965087890625,54.090755462646484,54.34627151489258,0,0,0,0,NaN,0,0,50,9.291364669799805,8589934592,2147483648,4880859136,540344320
207,1771785393635,3504,3504,3504,3504,3504,3504,3504,3504,54.83412170410156,54.46835708618164,53.205230712890625,53.101966857910156,53.44297409057617,53.30731201171875,52.965087890625,54.090755462646484,54.34627151489258,NaN,0,0,0,0,0,0,0,9.291364669799805,8589934592,2147483648,4881760256,540344320
209,1771785393843,3504,3504,3504,3504,3504,3504,3504,3504,54.83412170410156,54.46835708618164,53.205230712890625,53.101966857910156,53.44297409057617,53.30731201171875,52.965087890625,54.090755462646484,54.34627151489258,19.047618865966797,20,14.285715103149414,5,9.090909004211426,4.761904716491699,0,0,9.291364669799805,8589934592,2147483648,4866850816,540344320
207,1771785394054,3504,3504,3504,3504,3504,3504,3504,3504,55.22085952758789,54.80976486206055,53.33557891845703,53.20567321777344,52.82564926147461,52.6314697265625,52.30980682373047,53.57021713256836,53.777931213378906,14.285715103149414,23.809524536132813,9.523809432983398,9.523809432983398,0,0,0,0,9.291364669799805,8589934592,2147483648,4866850816,540344320
206,1771785394261,3504,3504,3504,3504,3504,3504,3504,3504,55.22085952758789,54.80976486206055,53.33557891845703,53.20567321777344,52.82564926147461,52.6314697265625,52.30980682373047,53.57021713256836,53.777931213378906,19.047618865966797,23.809524536132813,5,18.18181800842285,0,0,0,0,9.291364669799805,8589934592,2147483648,4864917504,540344320
209,1771785394468,3504,3504,3504,3504,3504,3504,3504,3504,55.22085952758789,54.80976486206055,53.33557891845703,53.20567321777344,52.82564926147461,52.6314697265625,52.30980682373047,53.57021713256836,53.777931213378906,14.285715103149414,28.571430206298828,14.285715103149414,15.000000953674316,4.761904716491699,5,0,0,9.291364669799805,8589934592,2147483648,4864933888,540344320
209,1771785394678,3504,3504,3504,3504,3504,3504,3504,3504,55.22085952758789,54.80976486206055,53.33557891845703,53.20567321777344,52.82564926147461,52.6314697265625,52.30980682373047,53.57021713256836,53.777931213378906,19.047618865966797,19.047618865966797,9.523809432983398,14.285715103149414,0,0,0,0,12.836792945861816,8589934592,2147483648,4862967808,540344320
209,1771785394888,3504,3504,3504,3504,3504,3504,3504,3504,55.22085952758789,54.80976486206055,53.33557891845703,53.20567321777344,52.82564926147461,52.6314697265625,52.30980682373047,53.57021713256836,53.777931213378906,30.000001907348633,10,19.047618865966797,15.000000953674316,5,4.761904716491699,4.545454502105713,0,12.836792945861816,8589934592,2147483648,4862967808,540344320
209,1771785395098,3504,3504,3504,3504,3504,3504,3504,3504,52.63798904418945,51.850704193115234,50.82023620605469,50.73839569091797,51.1444091796875,50.876991271972656,50.64356231689453,51.77444076538086,52.001129150390625,20,23.809524536132813,25,23.809524536132813,4.545454502105713,4.545454502105713,0,0,12.836792945861816,8589934592,2147483648,4862967808,540344320
201,1771785395309,3504,3504,3504,3504,3504,3504,3504,3504,52.63798904418945,51.850704193115234,50.82023620605469,50.73839569091797,51.1444091796875,50.876991271972656,50.64356231689453,51.77444076538086,52.001129150390625,14.285715103149414,14.285715103149414,13.636363983154297,23.809524536132813,0,0,0,0,12.836792945861816,8589934592,2147483648,4636491776,540344320
201,1771785395511,3504,3504,3504,3504,3504,3504,3504,3504,52.63798904418945,51.850704193115234,50.82023620605469,50.73839569091797,51.1444091796875,50.876991271972656,50.64356231689453,51.77444076538086,52.001129150390625,23.809524536132813,19.047618865966797,15.000000953674316,25,0,0,0,0,12.836792945861816,8589934592,2147483648,4632068096,540344320
208,1771785395712,3504,3504,3504,3504,3504,3504,3504,3504,52.63798904418945,51.850704193115234,50.82023620605469,50.73839569091797,51.1444091796875,50.876991271972656,50.64356231689453,51.77444076538086,52.001129150390625,15.000000953674316,10.526315689086914,15.789472579956055,15.000000953674316,0,0,0,0,10.186342239379883,8589934592,2147483648,4618125312,540344320
209,1771785395921,3504,3504,3504,3504,3504,3504,3504,3504,52.63798904418945,51.850704193115234,50.82023620605469,50.73839569091797,51.1444091796875,50.876991271972656,50.64356231689453,51.77444076538086,52.001129150390625,33.333335876464844,23.809524536132813,27.272727966308594,22.72727394104004,0,0,0,0,10.186342239379883,8589934592,2147483648,4618813440,540344320
209,1771785396131,3504,3504,3504,3504,3504,3504,3504,3504,51.579830169677734,50.74020004272461,49.843170166015625,49.68724822998047,50.254886627197266,49.85231018066406,49.60454559326172,50.866607666015625,50.980960845947266,20,10,10,15.000000953674316,4.761904716491699,0,4.545454502105713,4.545454502105713,10.186342239379883,8589934592,2147483648,4618862592,540344320
206,1771785396341,3504,3504,3504,3504,3504,3504,3504,3504,51.579830169677734,50.74020004272461,49.843170166015625,49.68724822998047,50.254886627197266,49.85231018066406,49.60454559326172,50.866607666015625,50.980960845947266,22.72727394104004,13.636363983154297,13.636363983154297,9.090909004211426,0,0,0,0,10.186342239379883,8589934592,2147483648,4619812864,540344320
204,1771785396548,3504,3504,3504,3504,3504,3504,3504,3504,51.579830169677734,50.74020004272461,49.843170166015625,49.68724822998047,50.254886627197266,49.85231018066406,49.60454559326172,50.866607666015625,50.980960845947266,30.000001907348633,15.000000953674316,10,5,0,0,0,0,9.320452690124512,8589934592,2147483648,4620566528,540344320
209,1771785396753,3504,3504,3504,3504,3504,3504,3504,3504,51.579830169677734,50.74020004272461,49.843170166015625,49.68724822998047,50.254886627197266,49.85231018066406,49.60454559326172,50.866607666015625,50.980960845947266,30.000001907348633,10,14.285715103149414,9.523809432983398,0,0,0,0,9.320452690124512,8589934592,2147483648,4620566528,540344320
205,1771785396962,3504,3504,3504,3504,3504,3504,3504,3504,51.579830169677734,50.74020004272461,49.843170166015625,49.68724822998047,50.254886627197266,49.85231018066406,49.60454559326172,50.866607666015625,50.980960845947266,27.272727966308594,13.636363983154297,5.263157844543457,5,0,0,0,0,9.320452690124512,8589934592,2147483648,4620566528,540344320
200,1771785397168,3504,3504,3504,3504,3504,3504,3504,3504,50.81796646118164,50.036842346191406,49.086090087890625,48.91920471191406,49.444114685058594,49.125946044921875,48.954376220703125,50.085655212402344,50.24159240722656,26.3157901763916,10,14.285715103149414,9.523809432983398,0,0,0,0,9.320452690124512,8589934592,2147483648,4620566528,540344320
209,1771785397369,3504,3504,3504,3504,3504,3504,3504,3504,50.81796646118164,50.036842346191406,49.086090087890625,48.91920471191406,49.444114685058594,49.125946044921875,48.954376220703125,50.085655212402344,50.24159240722656,20,20,9.523809432983398,10,0,0,0,0,9.320452690124512,8589934592,2147483648,4622286848,540344320
208,1771785397579,3504,3504,3504,3504,3504,3504,3504,3504,50.81796646118164,50.036842346191406,49.086090087890625,48.91920471191406,49.444114685058594,49.125946044921875,48.954376220703125,50.085655212402344,50.24159240722656,18.18181800842285,23.809524536132813,9.523809432983398,10,0,0,0,0,10.53795337677002,8589934592,2147483648,4622319616,540344320
209,1771785397788,3504,3504,3504,3504,3504,3504,3504,3504,50.81796646118164,50.036842346191406,49.086090087890625,48.91920471191406,49.444114685058594,49.125946044921875,48.954376220703125,50.085655212402344,50.24159240722656,14.285715103149414,15.000000953674316,10,18.18181800842285,0,0,0,0,10.53795337677002,8589934592,2147483648,4622319616,540344320
201,1771785397998,3504,3504,3504,3504,3504,3504,3504,3504,50.81796646118164,50.036842346191406,49.086090087890625,48.91920471191406,49.444114685058594,49.125946044921875,48.954376220703125,50.085655212402344,50.24159240722656,20,9.523809432983398,5,14.285715103149414,0,0,0,0,10.53795337677002,8589934592,2147483648,4622336000,540344320
209,1771785398200,3504,3504,3504,3504,3504,3504,3504,3504,50.11277770996094,49.4005012512207,48.32404327392578,48.18934631347656,48.86556625366211,48.58684539794922,48.25511932373047,49.4414176940918,49.56006622314453,25,14.285715103149414,9.523809432983398,15.000000953674316,0,0,0,0,10.53795337677002,8589934592,2147483648,4622172160,540344320
207,1771785398410,3504,3504,3504,3504,3504,3504,3504,3504,50.11277770996094,49.4005012512207,48.32404327392578,48.18934631347656,48.86556625366211,48.58684539794922,48.25511932373047,49.4414176940918,49.56006622314453,19.047618865966797,5,14.285715103149414,14.285715103149414,0,0,0,0,10.53795337677002,8589934592,2147483648,4620107776,540344320
200,1771785398617,3504,3504,3504,3504,3504,3504,3504,3504,50.11277770996094,49.4005012512207,48.32404327392578,48.18934631347656,48.86556625366211,48.58684539794922,48.25511932373047,49.4414176940918,49.56006622314453,28.571430206298828,23.809524536132813,15.000000953674316,15.000000953674316,0,0,0,0,9.705995559692383,8589934592,2147483648,4620058624,540344320
209,1771785398818,3504,3504,3504,3504,3504,3504,3504,3504,50.11277770996094,49.4005012512207,48.32404327392578,48.18934631347656,48.86556625366211,48.58684539794922,48.25511932373047,49.4414176940918,49.56006622314453,30.000001907348633,15.000000953674316,14.285715103149414,10,0,0,0,0,9.705995559692383,8589934592,2147483648,4620075008,540344320
199,1771785399028,3504,3504,3504,3504,3504,3504,3504,3504,49.54112243652344,49.002323150634766,47.853187561035156,47.58787536621094,48.22334671020508,47.97663879394531,47.68633270263672,48.92793655395508,48.966434478759766,25,13.636363983154297,5,5,0,0,0,0,9.705995559692383,8589934592,2147483648,4620091392,540344320
207,1771785399229,3504,3504,3504,3504,3504,3504,3504,3504,49.54112243652344,49.002323150634766,47.853187561035156,47.58787536621094,48.22334671020508,47.97663879394531,47.68633270263672,48.92793655395508,48.966434478759766,25,15.789472579956055,19.047618865966797,9.523809432983398,0,0,0,0,9.705995559692383,8589934592,2147483648,4619993088,540344320
206,1771785399436,3504,3504,3504,3504,3504,3504,3504,3504,49.54112243652344,49.002323150634766,47.853187561035156,47.58787536621094,48.22334671020508,47.97663879394531,47.68633270263672,48.92793655395508,48.966434478759766,28.571430206298828,19.047618865966797,14.285715103149414,9.523809432983398,0,4.761904716491699,4.761904716491699,0,9.705995559692383,8589934592,2147483648,4620058624,540344320
201,1771785399643,3504,3504,3504,3504,3504,3504,3504,3504,49.54112243652344,49.002323150634766,47.853187561035156,47.58787536621094,48.22334671020508,47.97663879394531,47.68633270263672,48.92793655395508,48.966434478759766,10,15.789472579956055,5.263157844543457,5,4.545454502105713,0,0,0,10.49820613861084,8589934592,2147483648,4619927552,540344320
206,1771785399845,3504,3504,3504,3504,3504,3504,3504,3504,49.54112243652344,49.002323150634766,47.853187561035156,47.58787536621094,48.22334671020508,47.97663879394531,47.68633270263672,48.92793655395508,48.966434478759766,40,42.85714340209961,33.333335876464844,35,0,0,0,0,10.49820613861084,8589934592,2147483648,4620435456,540344320
209,1771785400052,3504,3504,3504,3504,3504,3504,3504,3504,49.0770149230957,48.58140563964844,47.35743713378906,47.25994110107422,47.69802474975586,47.599693298339844,47.32520294189453,48.5118408203125,48.586029052734375,19.047618865966797,15.000000953674316,9.523809432983398,9.090909004211426,0,0,0,0,10.49820613861084,8589934592,2147483648,4620435456,540344320
209,1771785400262,3504,3504,3504,3504,3504,3504,3504,3504,49.0770149230957,48.58140563964844,47.35743713378906,47.25994110107422,47.69802474975586,47.599693298339844,47.32520294189453,48.5118408203125,48.586029052734375,14.285715103149414,19.047618865966797,19.047618865966797,5,0,0,0,0,10.49820613861084,8589934592,2147483648,4620435456,540344320
206,1771785400472,3504,3504,3504,3504,3504,3504,3504,3504,49.0770149230957,48.58140563964844,47.35743713378906,47.25994110107422,47.69802474975586,47.599693298339844,47.32520294189453,48.5118408203125,48.586029052734375,23.809524536132813,22.72727394104004,14.285715103149414,10,0,0,0,0,10.49820613861084,8589934592,2147483648,4619960320,540344320
208,1771785400679,3504,3504,3504,3504,3504,3504,3504,3504,49.0770149230957,48.58140563964844,47.35743713378906,47.25994110107422,47.69802474975586,47.599693298339844,47.32520294189453,48.5118408203125,48.586029052734375,23.809524536132813,15.000000953674316,10.526315689086914,18.18181800842285,0,0,0,0,10.498940467834473,8589934592,2147483648,4619960320,540344320
207,1771785400887,3504,3504,3504,3504,3504,3504,3504,3504,49.0770149230957,48.58140563964844,47.35743713378906,47.25994110107422,47.69802474975586,47.599693298339844,47.32520294189453,48.5118408203125,48.586029052734375,10,14.285715103149414,9.523809432983398,15.000000953674316,0,0,0,0,10.498940467834473,8589934592,2147483648,4619878400,540344320
209,1771785401096,3504,3504,3504,3504,3504,3504,3504,3504,48.88828659057617,48.20388412475586,46.913734436035156,46.749473571777344,47.262351989746094,47.23725128173828,46.86273193359375,47.908180236816406,48.09860610961914,25,25,22.72727394104004,19.047618865966797,0,0,0,0,10.498940467834473,8589934592,2147483648,4619223040,540344320
209,1771785401305,3504,3504,3504,3504,3504,3504,3504,3504,48.88828659057617,48.20388412475586,46.913734436035156,46.749473571777344,47.262351989746094,47.23725128173828,46.86273193359375,47.908180236816406,48.09860610961914,19.047618865966797,15.000000953674316,14.285715103149414,10,0,0,0,0,10.498940467834473,8589934592,2147483648,4619223040,540344320
203,1771785401516,3504,3504,3504,3504,3504,3504,3504,3504,48.88828659057617,48.20388412475586,46.913734436035156,46.749473571777344,47.262351989746094,47.23725128173828,46.86273193359375,47.908180236816406,48.09860610961914,18.18181800842285,21.7391300201416,5,18.18181800842285,0,0,0,0,9.748143196105957,8589934592,2147483648,4619239424,540344320
207,1771785401719,3504,3504,3504,3504,3504,3504,3504,3504,48.88828659057617,48.20388412475586,46.913734436035156,46.749473571777344,47.262351989746094,47.23725128173828,46.86273193359375,47.908180236816406,48.09860610961914,15.000000953674316,20,14.285715103149414,15.000000953674316,4.761904716491699,0,0,0,9.748143196105957,8589934592,2147483648,4619288576,540344320
201,1771785401927,3504,3504,3504,3504,3504,3504,3504,3504,48.88828659057617,48.20388412475586,46.913734436035156,46.749473571777344,47.262351989746094,47.23725128173828,46.86273193359375,47.908180236816406,48.09860610961914,25,25,10,23.809524536132813,38.095237731933594,0,0,0,9.748143196105957,8589934592,2147483648,4617928704,540344320
208,1771785402129,3504,3504,3504,3504,3504,3504,3504,3504,48.405887603759766,48.187644958496094,46.697044372558594,46.53936004638672,46.972835540771484,46.937522888183594,46.479888916015625,47.607906341552734,47.81377410888672,15.000000953674316,25,15.000000953674316,5,0,0,0,0,9.748143196105957,8589934592,2147483648,4617961472,540344320
207,1771785402338,3504,3504,3504,3504,3504,3504,3504,3504,48.405887603759766,48.187644958496094,46.697044372558594,46.53936004638672,46.972835540771484,46.937522888183594,46.479888916015625,47.607906341552734,47.81377410888672,23.809524536132813,23.809524536132813,10,14.285715103149414,4.761904716491699,4.761904716491699,4.761904716491699,4.761904716491699,9.748143196105957,8589934592,2147483648,4617961472,540344320
205,1771785402545,3504,3504,3504,3504,3504,3504,3504,3504,48.405887603759766,48.187644958496094,46.697044372558594,46.53936004638672,46.972835540771484,46.937522888183594,46.479888916015625,47.607906341552734,47.81377410888672,14.285715103149414,23.809524536132813,14.285715103149414,5.263157844543457,0,0,0,0,9.020215034484863,8589934592,2147483648,4618059776,540344320
200,1771785402751,3504,3504,3504,3504,3504,3504,3504,3504,48.405887603759766,48.187644958496094,46.697044372558594,46.53936004638672,46.972835540771484,46.937522888183594,46.479888916015625,47.607906341552734,47.81377410888672,20,20,14.285715103149414,13.636363983154297,0,0,0,0,9.020215034484863,8589934592,2147483648,4618076160,540344320
209,1771785402952,3504,3504,3504,3504,3504,3504,3504,3504,48.405887603759766,48.187644958496094,46.697044372558594,46.53936004638672,46.972835540771484,46.937522888183594,46.479888916015625,47.607906341552734,47.81377410888672,10,25,5.263157844543457,0,4.761904716491699,0,0,0,9.020215034484863,8589934592,2147483648,4617846784,540344320
203,1771785403162,3504,3504,3504,3504,3504,3504,3504,3504,48.08662414550781,47.633785247802734,46.2093505859375,46.16046142578125,46.66850662231445,46.696327209472656,46.22869110107422,47.307228088378906,47.498207092285156,19.047618865966797,23.809524536132813,14.285715103149414,13.636363983154297,0,0,0,0,9.020215034484863,8589934592,2147483648,4617879552,540344320
209,1771785403366,3504,3504,3504,3504,3504,3504,3504,3504,48.08662414550781,47.633785247802734,46.2093505859375,46.16046142578125,46.66850662231445,46.696327209472656,46.22869110107422,47.307228088378906,47.498207092285156,25,25,14.285715103149414,10,0,0,0,0,9.020215034484863,8589934592,2147483648,4608262144,540344320
200,1771785403576,3504,3504,3504,3504,3504,3504,3504,3504,48.08662414550781,47.633785247802734,46.2093505859375,46.16046142578125,46.66850662231445,46.696327209472656,46.22869110107422,47.307228088378906,47.498207092285156,19.047618865966797,27.272727966308594,9.523809432983398,9.523809432983398,0,0,0,0,10.845795631408691,8589934592,2147483648,4606066688,540344320
207,1771785403777,3504,3504,3504,3504,3504,3504,3504,3504,48.08662414550781,47.633785247802734,46.2093505859375,46.16046142578125,46.66850662231445,46.696327209472656,46.22869110107422,47.307228088378906,47.498207092285156,15.000000953674316,5.555555820465088,15.000000953674316,5,4.761904716491699,0,0,0,10.845795631408691,8589934592,2147483648,4606066688,540344320
207,1771785403986,3504,3504,3504,3504,3504,3504,3504,3504,48.08662414550781,47.633785247802734,46.2093505859375,46.16046142578125,46.66850662231445,46.696327209472656,46.22869110107422,47.307228088378906,47.498207092285156,15.000000953674316,14.285715103149414,18.18181800842285,5,0,4.545454502105713,0,0,10.845795631408691,8589934592,2147483648,4605018112,540344320
205,1771785404194,3504,3504,3504,3504,3504,3504,3504,3504,47.63562774658203,47.32772445678711,45.827247619628906,45.637596130371094,46.38123321533203,46.41077423095703,45.836326599121094,46.90927505493164,47.088096618652344,19.047618865966797,14.285715103149414,15.000000953674316,13.636363983154297,0,0,0,0,10.845795631408691,8589934592,2147483648,4605493248,540344320
209,1771785404400,3504,3504,3504,3504,3504,3504,3504,3504,47.63562774658203,47.32772445678711,45.827247619628906,45.637596130371094,46.38123321533203,46.41077423095703,45.836326599121094,46.90927505493164,47.088096618652344,30.000001907348633,23.809524536132813,20,15.000000953674316,5,0,4.761904716491699,0,10.845795631408691,8589934592,2147483648,4605870080,540344320
208,1771785404610,3504,3504,3504,3504,3504,3504,3504,3504,47.63562774658203,47.32772445678711,45.827247619628906,45.637596130371094,46.38123321533203,46.41077423095703,45.836326599121094,46.90927505493164,47.088096618652344,18.18181800842285,19.047618865966797,9.523809432983398,4.761904716491699,4.761904716491699,9.090909004211426,0,0,10.508922576904297,8589934592,2147483648,4606001152,540344320
207,1771785404819,3504,3504,3504,3504,3504,3504,3504,3504,47.63562774658203,47.32772445678711,45.827247619628906,45.637596130371094,46.38123321533203,46.41077423095703,45.836326599121094,46.90927505493164,47.088096618652344,42.85714340209961,33.333335876464844,30.000001907348633,15.000000953674316,0,0,0,0,10.508922576904297,8589934592,2147483648,4610670592,540344320
209,1771785405027,3504,3504,3504,3504,3504,3504,3504,3504,47.42192459106445,47.12367248535156,45.587310791015625,45.489166259765625,46.06456756591797,46.22492980957031,45.606781005859375,46.6656494140625,46.83926773071289,35,40,42.85714340209961,52.38095474243164,0,0,0,0,10.508922576904297,8589934592,2147483648,4611506176,540344320
209,1771785405237,3504,3504,3504,3504,3504,3504,3504,3504,47.42192459106445,47.12367248535156,45.587310791015625,45.489166259765625,46.06456756591797,46.22492980957031,45.606781005859375,46.6656494140625,46.83926773071289,45.45454788208008,61.904762268066406,40.90909194946289,35,0,0,0,0,10.508922576904297,8589934592,2147483648,4612177920,540344320
200,1771785405447,3504,3504,3504,3504,3504,3504,3504,3504,47.42192459106445,47.12367248535156,45.587310791015625,45.489166259765625,46.06456756591797,46.22492980957031,45.606781005859375,46.6656494140625,46.83926773071289,40,52.38095474243164,35,31.81818199157715,0,0,0,0,10.508922576904297,8589934592,2147483648,4612374528,540344320
209,1771785405647,3504,3504,3504,3504,3504,3504,3504,3504,47.42192459106445,47.12367248535156,45.587310791015625,45.489166259765625,46.06456756591797,46.22492980957031,45.606781005859375,46.6656494140625,46.83926773071289,35,31.57894515991211,23.809524536132813,25,0,0,0,0,8.359917640686035,8589934592,2147483648,4627120128,540344320
204,1771785405857,3504,3504,3504,3504,3504,3504,3504,3504,47.42192459106445,47.12367248535156,45.587310791015625,45.489166259765625,46.06456756591797,46.22492980957031,45.606781005859375,46.6656494140625,46.83926773071289,33.333335876464844,27.272727966308594,25,23.809524536132813,19.047618865966797,10,0,0,8.359917640686035,8589934592,2147483648,4624744448,540344320
209,1771785406062,3504,3504,3504,3504,3504,3504,3504,3504,47.75228500366211,47.43291473388672,45.87743377685547,45.811988830566406,46.11113357543945,46.431480407714844,45.836997985839844,47.04475021362305,47.073421478271484,15.789472579956055,23.809524536132813,23.809524536132813,15.000000953674316,20,19.047618865966797,28.571430206298828,15.000000953674316,8.359917640686035,8589934592,2147483648,4587077632,540344320
208,1771785406272,3504,3504,3504,3504,3504,3504,3504,3504,47.75228500366211,47.43291473388672,45.87743377685547,45.811988830566406,46.11113357543945,46.431480407714844,45.836997985839844,47.04475021362305,47.073421478271484,21.7391300201416,25,9.523809432983398,5,4.545454502105713,4.545454502105713,0,0,8.359917640686035,8589934592,2147483648,4587847680,540344320
206,1771785406481,3504,3504,3504,3504,3504,3504,3504,3504,47.75228500366211,47.43291473388672,45.87743377685547,45.811988830566406,46.11113357543945,46.431480407714844,45.836997985839844,47.04475021362305,47.073421478271484,15.000000953674316,19.047618865966797,5,9.090909004211426,0,0,0,0,8.359917640686035,8589934592,2147483648,4587880448,540344320
209,1771785406688,3504,3504,3504,3504,3504,3504,3504,3504,47.75228500366211,47.43291473388672,45.87743377685547,45.811988830566406,46.11113357543945,46.431480407714844,45.836997985839844,47.04475021362305,47.073421478271484,23.809524536132813,33.333335876464844,23.809524536132813,20,10,15.000000953674316,10,14.285715103149414,10.87742805480957,8589934592,2147483648,4587192320,540344320
199,1771785406898,3504,3504,3504,3504,3504,3504,3504,3504,47.75228500366211,47.43291473388672,45.87743377685547,45.811988830566406,46.11113357543945,46.431480407714844,45.836997985839844,47.04475021362305,47.073421478271484,15.000000953674316,25,19.047618865966797,14.285715103149414,4.545454502105713,0,0,0,10.87742805480957,8589934592,2147483648,4587520000,540344320
209,1771785407098,3504,3504,3504,3504,3504,3504,3504,3504,47.61637496948242,47.287513732910156,45.76952362060547,45.68962097167969,46.12807083129883,46.38629913330078,45.834007263183594,46.945281982421875,47.09827423095703,19.047618865966797,30.000001907348633,15.789472579956055,14.285715103149414,5,0,0,0,10.87742805480957,8589934592,2147483648,4588060672,540344320
205,1771785407308,3504,3504,3504,3504,3504,3504,3504,3504,47.61637496948242,47.287513732910156,45.76952362060547,45.68962097167969,46.12807083129883,46.38629913330078,45.834007263183594,46.945281982421875,47.09827423095703,15.000000953674316,23.809524536132813,9.523809432983398,5,0,0,0,0,10.87742805480957,8589934592,2147483648,4588208128,540344320
209,1771785407514,3504,3504,3504,3504,3504,3504,3504,3504,47.61637496948242,47.287513732910156,45.76952362060547,45.68962097167969,46.12807083129883,46.38629913330078,45.834007263183594,46.945281982421875,47.09827423095703,15.000000953674316,25,10,9.523809432983398,0,0,0,0,10.87742805480957,8589934592,2147483648,4588208128,540344320
203,1771785407724,3504,3504,3504,3504,3504,3504,3504,3504,47.61637496948242,47.287513732910156,45.76952362060547,45.68962097167969,46.12807083129883,46.38629913330078,45.834007263183594,46.945281982421875,47.09827423095703,14.285715103149414,28.571430206298828,13.636363983154297,9.523809432983398,0,0,0,0,10.19168472290039,8589934592,2147483648,4588355584,540344320
200,1771785407927,3504,3504,3504,3504,3504,3504,3504,3504,47.61637496948242,47.287513732910156,45.76952362060547,45.68962097167969,46.12807083129883,46.38629913330078,45.834007263183594,46.945281982421875,47.09827423095703,15.000000953674316,28.571430206298828,14.285715103149414,5,0,0,4.761904716491699,0,10.19168472290039,8589934592,2147483648,4588371968,540344320
203,1771785408129,3504,3504,3504,3504,3504,3504,3504,3504,46.699562072753906,46.53788757324219,45.157630920410156,44.912254333496094,45.55561828613281,45.847190856933594,45.21221923828125,46.338218688964844,46.29670333862305,15.000000953674316,25,5.263157844543457,10,0,0,0,0,10.19168472290039,8589934592,2147483648,4588503040,540344320
201,1771785408333,3504,3504,3504,3504,3504,3504,3504,3504,46.699562072753906,46.53788757324219,45.157630920410156,44.912254333496094,45.55561828613281,45.847190856933594,45.21221923828125,46.338218688964844,46.29670333862305,14.285715103149414,30.000001907348633,10,5,0,0,0,0,10.19168472290039,8589934592,2147483648,4588503040,540344320
204,1771785408535,3504,3504,3504,3504,3504,3504,3504,3504,46.699562072753906,46.53788757324219,45.157630920410156,44.912254333496094,45.55561828613281,45.847190856933594,45.21221923828125,46.338218688964844,46.29670333862305,20,25,19.047618865966797,10,0,0,0,0,9.946638107299805,8589934592,2147483648,4588519424,540344320
201,1771785408739,3504,3504,3504,3504,3504,3504,3504,3504,46.699562072753906,46.53788757324219,45.157630920410156,44.912254333496094,45.55561828613281,45.847190856933594,45.21221923828125,46.338218688964844,46.29670333862305,14.285715103149414,19.047618865966797,14.285715103149414,9.523809432983398,0,0,0,0,9.946638107299805,8589934592,2147483648,4588519424,540344320
202,1771785408941,3504,3504,3504,3504,3504,3504,3504,3504,46.699562072753906,46.53788757324219,45.157630920410156,44.912254333496094,45.55561828613281,45.847190856933594,45.21221923828125,46.338218688964844,46.29670333862305,15.789472579956055,25,11.111111640930176,5.263157844543457,0,0,0,0,9.946638107299805,8589934592,2147483648,4588519424,540344320
208,1771785409144,3504,3504,3504,3504,3504,3504,3504,3504,46.424530029296875,46.13051223754883,44.848045349121094,44.59861755371094,45.16203689575195,45.584625244140625,44.836814880371094,46.030609130859375,45.96761703491211,14.285715103149414,25,14.285715103149414,9.523809432983398,0,0,0,0,9.946638107299805,8589934592,2147483648,4588568576,540344320
203,1771785409352,3504,3504,3504,3504,3504,3504,3504,3504,46.424530029296875,46.13051223754883,44.848045349121094,44.59861755371094,45.16203689575195,45.584625244140625,44.836814880371094,46.030609130859375,45.96761703491211,20,25,10,4.761904716491699,0,0,0,0,9.946638107299805,8589934592,2147483648,4588568576,540344320
204,1771785409556,3504,3504,3504,3504,3504,3504,3504,3504,46.424530029296875,46.13051223754883,44.848045349121094,44.59861755371094,45.16203689575195,45.584625244140625,44.836814880371094,46.030609130859375,45.96761703491211,15.000000953674316,25,14.285715103149414,15.000000953674316,5,0,0,0,10.196017265319824,8589934592,2147483648,4588568576,540344320
205,1771785409762,3504,3504,3504,3504,3504,3504,3504,3504,46.424530029296875,46.13051223754883,44.848045349121094,44.59861755371094,45.16203689575195,45.584625244140625,44.836814880371094,46.030609130859375,45.96761703491211,23.809524536132813,23.809524536132813,20,23.809524536132813,0,0,0,0,10.196017265319824,8589934592,2147483648,4589535232,540344320
209,1771785409967,3504,3504,3504,3504,3504,3504,3504,3504,46.424530029296875,46.13051223754883,44.848045349121094,44.59861755371094,45.16203689575195,45.584625244140625,44.836814880371094,46.030609130859375,45.96761703491211,15.000000953674316,10,15.000000953674316,15.000000953674316,0,0,0,0,10.196017265319824,8589934592,2147483648,4589551616,540344320
201,1771785410177,3504,3504,3504,3504,3504,3504,3504,3504,46.27246856689453,45.8951530456543,44.61656188964844,44.46117401123047,45.08788299560547,45.344886779785156,44.632469177246094,45.783203125,45.76192092895508,14.285715103149414,9.523809432983398,19.047618865966797,14.285715103149414,0,0,0,0,10.196017265319824,8589934592,2147483648,4589551616,540344320
204,1771785410379,3504,3504,3504,3504,3504,3504,3504,3504,46.27246856689453,45.8951530456543,44.61656188964844,44.46117401123047,45.08788299560547,45.344886779785156,44.632469177246094,45.783203125,45.76192092895508,19.047618865966797,14.285715103149414,14.285715103149414,20,0,0,0,0,10.196017265319824,8589934592,2147483648,4589551616,540344320
202,1771785410584,3504,3504,3504,3504,3504,3504,3504,3504,46.27246856689453,45.8951530456543,44.61656188964844,44.46117401123047,45.08788299560547,45.344886779785156,44.632469177246094,45.783203125,45.76192092895508,15.789472579956055,15.000000953674316,10,23.809524536132813,0,4.761904716491699,0,0,10.437427520751953,8589934592,2147483648,4589551616,540344320
208,1771785410786,3504,3504,3504,3504,3504,3504,3504,3504,46.27246856689453,45.8951530456543,44.61656188964844,44.46117401123047,45.08788299560547,45.344886779785156,44.632469177246094,45.783203125,45.76192092895508,23.809524536132813,20,14.285715103149414,10.526315689086914,0,0,0,0,10.437427520751953,8589934592,2147483648,4588634112,540344320
199,1771785410996,3504,3504,3504,3504,3504,3504,3504,3504,46.27246856689453,45.8951530456543,44.61656188964844,44.46117401123047,45.08788299560547,45.344886779785156,44.632469177246094,45.783203125,45.76192092895508,21.052631378173828,20,10,13.636363983154297,0,0,0,0,10.437427520751953,8589934592,2147483648,4588404736,540344320
207,1771785411196,3504,3504,3504,3504,3504,3504,3504,3504,46.04982376098633,45.55752944946289,44.381813049316406,44.22068786621094,44.88840103149414,45.09104919433594,44.44139862060547,45.500179290771484,45.58770751953125,31.81818199157715,23.809524536132813,15.000000953674316,15.000000953674316,0,0,0,0,10.437427520751953,8589934592,2147483648,4588863488,540344320
207,1771785411404,3504,3504,3504,3504,3504,3504,3504,3504,46.04982376098633,45.55752944946289,44.381813049316406,44.22068786621094,44.88840103149414,45.09104919433594,44.44139862060547,45.500179290771484,45.58770751953125,15.000000953674316,20,9.523809432983398,19.047618865966797,0,0,0,0,10.437427520751953,8589934592,2147483648,4588830720,540344320
201,1771785411612,3504,3504,3504,3504,3504,3504,3504,3504,46.04982376098633,45.55752944946289,44.381813049316406,44.22068786621094,44.88840103149414,45.09104919433594,44.44139862060547,45.500179290771484,45.58770751953125,19.047618865966797,19.047618865966797,9.523809432983398,5,0,0,0,0,10.056800842285156,8589934592,2147483648,4588863488,540344320
206,1771785411814,3504,3504,3504,3504,3504,3504,3504,3504,46.04982376098633,45.55752944946289,44.381813049316406,44.22068786621094,44.88840103149414,45.09104919433594,44.44139862060547,45.500179290771484,45.58770751953125,26.3157901763916,20,15.000000953674316,10,10,0,0,0,10.056800842285156,8589934592,2147483648,4589289472,540344320
202,1771785412021,3504,3504,3504,3504,3504,3504,3504,3504,46.0540771484375,45.73917007446289,44.44432067871094,44.145790100097656,44.73016357421875,44.94750213623047,44.306175231933594,45.33711242675781,45.4434814453125,23.809524536132813,23.809524536132813,15.000000953674316,9.523809432983398,33.333335876464844,0,0,0,10.056800842285156,8589934592,2147483648,4589518848,540344320
206,1771785412224,3504,3504,3504,3504,3504,3504,3504,3504,46.0540771484375,45.73917007446289,44.44432067871094,44.145790100097656,44.73016357421875,44.94750213623047,44.306175231933594,45.33711242675781,45.4434814453125,25,15.000000953674316,10,10,0,0,0,0,10.056800842285156,8589934592,2147483648,4589453312,540344320
202,1771785412431,3504,3504,3504,3504,3504,3504,3504,3504,46.0540771484375,45.73917007446289,44.44432067871094,44.145790100097656,44.73016357421875,44.94750213623047,44.306175231933594,45.33711242675781,45.4434814453125,15.000000953674316,20,9.523809432983398,5,0,0,0,0,10.056800842285156,8589934592,2147483648,4589518848,540344320
202,1771785412633,3504,3504,3504,3504,3504,3504,3504,3504,46.0540771484375,45.73917007446289,44.44432067871094,44.145790100097656,44.73016357421875,44.94750213623047,44.306175231933594,45.33711242675781,45.4434814453125,15.000000953674316,23.809524536132813,20,13.636363983154297,0,0,0,0,8.6812162399292,8589934592,2147483648,4589518848,540344320
209,1771785412836,3504,3504,3504,3504,3504,3504,3504,3504,46.0540771484375,45.73917007446289,44.44432067871094,44.145790100097656,44.73016357421875,44.94750213623047,44.306175231933594,45.33711242675781,45.4434814453125,14.285715103149414,25,15.000000953674316,0,0,0,0,0,8.6812162399292,8589934592,2147483648,4589584384,540344320
200,1771785413046,3504,3504,3504,3504,3504,3504,3504,3504,45.85757827758789,45.31039810180664,44.17118835449219,43.854713439941406,44.496158599853516,44.76775360107422,44.07450866699219,45.212589263916016,45.314640045166016,19.047618865966797,15.000000953674316,9.523809432983398,9.523809432983398,0,0,0,0,8.6812162399292,8589934592,2147483648,4589633536,540344320
209,1771785413247,3504,3504,3504,3504,3504,3504,3504,3504,45.85757827758789,45.31039810180664,44.17118835449219,43.854713439941406,44.496158599853516,44.76775360107422,44.07450866699219,45.212589263916016,45.314640045166016,33.333335876464844,35,23.809524536132813,10.526315689086914,5.263157844543457,10,10,0,8.6812162399292,8589934592,2147483648,4585717760,540344320
209,1771785413457,3504,3504,3504,3504,3504,3504,3504,3504,45.85757827758789,45.31039810180664,44.17118835449219,43.854713439941406,44.496158599853516,44.76775360107422,44.07450866699219,45.212589263916016,45.314640045166016,10,22.72727394104004,0,9.090909004211426,4.545454502105713,0,0,0,8.6812162399292,8589934592,2147483648,4585717760,540344320
209,1771785413667,3504,3504,3504,3504,3504,3504,3504,3504,45.85757827758789,45.31039810180664,44.17118835449219,43.854713439941406,44.496158599853516,44.76775360107422,44.07450866699219,45.212589263916016,45.314640045166016,14.285715103149414,25,14.285715103149414,10,0,0,0,0,10.238655090332031,8589934592,2147483648,4585717760,540344320
209,1771785413877,3504,3504,3504,3504,3504,3504,3504,3504,45.85757827758789,45.31039810180664,44.17118835449219,43.854713439941406,44.496158599853516,44.76775360107422,44.07450866699219,45.212589263916016,45.314640045166016,5,23.809524536132813,10,9.090909004211426,9.523809432983398,9.523809432983398,4.761904716491699,4.545454502105713,10.238655090332031,8589934592,2147483648,4585734144,540344320
209,1771785414087,3504,3504,3504,3504,3504,3504,3504,3504,45.882484436035156,45.349761962890625,44.15965270996094,43.90270233154297,44.38424301147461,44.680450439453125,44.038047790527344,45.23529052734375,45.26112747192383,14.285715103149414,22.72727394104004,9.090909004211426,4.761904716491699,0,0,0,0,10.238655090332031,8589934592,2147483648,4585734144,540344320
205,1771785414297,3504,3504,3504,3504,3504,3504,3504,3504,45.882484436035156,45.349761962890625,44.15965270996094,43.90270233154297,44.38424301147461,44.680450439453125,44.038047790527344,45.23529052734375,45.26112747192383,14.285715103149414,25,14.285715103149414,14.285715103149414,0,0,0,0,10.238655090332031,8589934592,2147483648,4585734144,540344320
204,1771785414503,3504,3504,3504,3504,3504,3504,3504,3504,45.882484436035156,45.349761962890625,44.15965270996094,43.90270233154297,44.38424301147461,44.680450439453125,44.038047790527344,45.23529052734375,45.26112747192383,22.72727394104004,23.809524536132813,5,14.285715103149414,0,0,0,0,10.238655090332031,8589934592,2147483648,4585734144,540344320
203,1771785414708,3504,3504,3504,3504,3504,3504,3504,3504,45.882484436035156,45.349761962890625,44.15965270996094,43.90270233154297,44.38424301147461,44.680450439453125,44.038047790527344,45.23529052734375,45.26112747192383,10,5.263157844543457,10,15.000000953674316,9.090909004211426,4.761904716491699,0,0,9.297672271728516,8589934592,2147483648,4585799680,540344320
205,1771785414912,3504,3504,3504,3504,3504,3504,3504,3504,45.882484436035156,45.349761962890625,44.15965270996094,43.90270233154297,44.38424301147461,44.680450439453125,44.038047790527344,45.23529052734375,45.26112747192383,25,23.809524536132813,14.285715103149414,10.526315689086914,0,0,0,0,9.297672271728516,8589934592,2147483648,4586012672,540344320
208,1771785415118,3504,3504,3504,3504,3504,3504,3504,3504,45.654380798339844,45.053436279296875,43.85292053222656,43.647705078125,44.28184509277344,44.47564697265625,43.86286163330078,44.98346710205078,45.05242156982422,21.052631378173828,25,15.000000953674316,22.72727394104004,0,0,0,0,9.297672271728516,8589934592,2147483648,4586995712,540344320
207,1771785415327,3504,3504,3504,3504,3504,3504,3504,3504,45.654380798339844,45.053436279296875,43.85292053222656,43.647705078125,44.28184509277344,44.47564697265625,43.86286163330078,44.98346710205078,45.05242156982422,14.285715103149414,23.809524536132813,10,5,0,0,0,0,9.297672271728516,8589934592,2147483648,4586913792,540344320
209,1771785415535,3504,3504,3504,3504,3504,3504,3504,3504,45.654380798339844,45.053436279296875,43.85292053222656,43.647705078125,44.28184509277344,44.47564697265625,43.86286163330078,44.98346710205078,45.05242156982422,19.047618865966797,14.285715103149414,22.72727394104004,5,0,0,0,0,8.76452350616455,8589934592,2147483648,4586913792,540344320
204,1771785415745,3504,3504,3504,3504,3504,3504,3504,3504,45.654380798339844,45.053436279296875,43.85292053222656,43.647705078125,44.28184509277344,44.47564697265625,43.86286163330078,44.98346710205078,45.05242156982422,27.272727966308594,19.047618865966797,23.809524536132813,13.636363983154297,0,0,0,0,8.76452350616455,8589934592,2147483648,4586946560,540344320
200,1771785415950,3504,3504,3504,3504,3504,3504,3504,3504,45.654380798339844,45.053436279296875,43.85292053222656,43.647705078125,44.28184509277344,44.47564697265625,43.86286163330078,44.98346710205078,45.05242156982422,10.526315689086914,23.809524536132813,19.047618865966797,9.523809432983398,0,0,0,0,8.76452350616455,8589934592,2147483648,4586831872,540344320
201,1771785416151,3504,3504,3504,3504,3504,3504,3504,3504,45.548919677734375,44.85343933105469,43.691017150878906,43.48780822753906,44.211021423339844,44.236572265625,43.67829132080078,44.821834564208984,44.85530090332031,19.047618865966797,20,16.666667938232422,10.526315689086914,0,0,0,0,8.76452350616455,8589934592,2147483648,4586930176,540344320
206,1771785416353,3504,3504,3504,3504,3504,3504,3504,3504,45.548919677734375,44.85343933105469,43.691017150878906,43.48780822753906,44.211021423339844,44.236572265625,43.67829132080078,44.821834564208984,44.85530090332031,10,15.789472579956055,19.047618865966797,5,0,0,0,0,8.76452350616455,8589934592,2147483648,4586930176,540344320
207,1771785416560,3504,3504,3504,3504,3504,3504,3504,3504,45.548919677734375,44.85343933105469,43.691017150878906,43.48780822753906,44.211021423339844,44.236572265625,43.67829132080078,44.821834564208984,44.85530090332031,20,19.047618865966797,19.047618865966797,9.523809432983398,0,0,0,0,10.709026336669922,8589934592,2147483648,4586766336,540344320
209,1771785416768,3504,3504,3504,3504,3504,3504,3504,3504,45.548919677734375,44.85343933105469,43.691017150878906,43.48780822753906,44.211021423339844,44.236572265625,43.67829132080078,44.821834564208984,44.85530090332031,14.285715103149414,23.809524536132813,23.809524536132813,14.285715103149414,0,0,0,0,10.709026336669922,8589934592,2147483648,4586733568,540344320
207,1771785416978,3504,3504,3504,3504,3504,3504,3504,3504,45.548919677734375,44.85343933105469,43.691017150878906,43.48780822753906,44.211021423339844,44.236572265625,43.67829132080078,44.821834564208984,44.85530090332031,14.285715103149414,5,15.789472579956055,4.761904716491699,0,0,0,0,10.709026336669922,8589934592,2147483648,4586733568,540344320
208,1771785417186,3504,3504,3504,3504,3504,3504,3504,3504,45.449161529541016,44.69169998168945,43.55851745605469,43.30403137207031,44.07611083984375,43.965293884277344,43.5877685546875,44.703392028808594,44.72878646850586,15.000000953674316,23.809524536132813,18.18181800842285,15.000000953674316,0,0,0,0,10.709026336669922,8589934592,2147483648,4586536960,540344320
200,1771785417394,3504,3504,3504,3504,3504,3504,3504,3504,45.449161529541016,44.69169998168945,43.55851745605469,43.30403137207031,44.07611083984375,43.965293884277344,43.5877685546875,44.703392028808594,44.72878646850586,23.809524536132813,14.285715103149414,10,14.285715103149414,0,0,0,0,10.709026336669922,8589934592,2147483648,4586536960,540344320
209,1771785417596,3504,3504,3504,3504,3504,3504,3504,3504,45.449161529541016,44.69169998168945,43.55851745605469,43.30403137207031,44.07611083984375,43.965293884277344,43.5877685546875,44.703392028808594,44.72878646850586,25,15.000000953674316,14.285715103149414,20,0,0,0,0,9.313329696655273,8589934592,2147483648,4586569728,540344320
208,1771785417805,3504,3504,3504,3504,3504,3504,3504,3504,45.449161529541016,44.69169998168945,43.55851745605469,43.30403137207031,44.07611083984375,43.965293884277344,43.5877685546875,44.703392028808594,44.72878646850586,19.047618865966797,15.000000953674316,10,19.047618865966797,0,0,0,0,9.313329696655273,8589934592,2147483648,4586405888,540344320
209,1771785418014,3504,3504,3504,3504,3504,3504,3504,3504,45.449161529541016,44.69169998168945,43.55851745605469,43.13897705078125,43.988037109375,43.765281677246094,43.488494873046875,44.54650115966797,44.597633361816406,14.285715103149414,19.047618865966797,18.18181800842285,0,0,0,0,0,9.313329696655273,8589934592,2147483648,4586291200,540344320
208,1771785418224,3504,3504,3504,3504,3504,3504,3504,3504,45.33229064941406,44.57801818847656,43.408485412597656,43.13897705078125,43.988037109375,43.765281677246094,43.488494873046875,44.54650115966797,44.597633361816406,23.809524536132813,27.272727966308594,15.000000953674316,18.18181800842285,0,0,0,0,9.313329696655273,8589934592,2147483648,4586291200,540344320
202,1771785418433,3504,3504,3504,3504,3504,3504,3504,3504,45.33229064941406,44.57801818847656,43.408485412597656,43.13897705078125,43.988037109375,43.765281677246094,43.488494873046875,44.54650115966797,44.597633361816406,14.285715103149414,15.000000953674316,9.523809432983398,15.000000953674316,0,0,0,0,9.313329696655273,8589934592,2147483648,4586291200,540344320
199,1771785418635,3504,3504,3504,3504,3504,3504,3504,3504,45.33229064941406,44.57801818847656,43.408485412597656,43.13897705078125,43.988037109375,43.765281677246094,43.488494873046875,44.54650115966797,44.597633361816406,20,10,5.263157844543457,14.285715103149414,0,0,0,0,10.807710647583008,8589934592,2147483648,4586291200,540344320
207,1771785418835,3504,3504,3504,3504,3504,3504,3504,3504,45.33229064941406,44.57801818847656,43.408485412597656,43.13897705078125,43.988037109375,43.765281677246094,43.488494873046875,44.54650115966797,44.597633361816406,21.052631378173828,20,14.285715103149414,15.000000953674316,0,0,0,0,10.807710647583008,8589934592,2147483648,4586291200,540344320
208,1771785419043,3504,3504,3504,3504,3504,3504,3504,3504,45.1649169921875,44.47425079345703,43.223968505859375,42.96739959716797,43.899169921875,43.614479064941406,43.32366180419922,44.38896560668945,44.48524856567383,18.18181800842285,20,14.285715103149414,5,0,0,0,0,10.807710647583008,8589934592,2147483648,4586127360,540344320
207,1771785419252,3504,3504,3504,3504,3504,3504,3504,3504,45.1649169921875,44.47425079345703,43.223968505859375,42.96739959716797,43.899169921875,43.614479064941406,43.32366180419922,44.38896560668945,44.48524856567383,21.052631378173828,19.047618865966797,9.523809432983398,9.090909004211426,0,0,0,0,10.807710647583008,8589934592,2147483648,4586127360,540344320
200,1771785419460,3504,3504,3504,3504,3504,3504,3504,3504,45.1649169921875,44.47425079345703,43.223968505859375,42.96739959716797,43.899169921875,43.614479064941406,43.32366180419922,44.38896560668945,44.48524856567383,23.809524536132813,22.72727394104004,9.523809432983398,5.263157844543457,0,0,0,0,10.807710647583008,8589934592,2147483648,4586127360,540344320
206,1771785419662,3504,3504,3504,3504,3504,3504,3504,3504,45.1649169921875,44.47425079345703,43.223968505859375,42.96739959716797,43.899169921875,43.614479064941406,43.32366180419922,44.38896560668945,44.48524856567383,15.000000953674316,25,15.789472579956055,9.523809432983398,0,0,4.761904716491699,0,11.118966102600098,8589934592,2147483648,4586143744,540344320
199,1771785419868,3504,3504,3504,3504,3504,3504,3504,3504,45.1649169921875,44.47425079345703,43.223968505859375,42.96739959716797,43.899169921875,43.614479064941406,43.32366180419922,44.38896560668945,44.48524856567383,19.047618865966797,15.789472579956055,14.285715103149414,10,4.761904716491699,0,0,0,11.118966102600098,8589934592,2147483648,4586192896,540344320
200,1771785420069,3504,3504,3504,3504,3504,3504,3504,3504,45.04768753051758,44.381202697753906,43.13914489746094,42.84008026123047,43.80997848510742,43.544097900390625,43.20124053955078,44.26929473876953,44.378883361816406,36.842105865478516,33.333335876464844,30.000001907348633,28.571430206298828,0,0,0,0,11.118966102600098,8589934592,2147483648,4597481472,540344320
205,1771785420269,3504,3504,3504,3504,3504,3504,3504,3504,45.04768753051758,44.381202697753906,43.13914489746094,42.84008026123047,43.80997848510742,43.544097900390625,43.20124053955078,44.26929473876953,44.378883361816406,19.047618865966797,26.3157901763916,15.000000953674316,10,0,0,0,0,11.118966102600098,8589934592,2147483648,4596613120,540344320
201,1771785420476,3504,3504,3504,3504,3504,3504,3504,3504,45.04768753051758,44.381202697753906,43.13914489746094,42.84008026123047,43.80997848510742,43.544097900390625,43.20124053955078,44.26929473876953,44.378883361816406,15.000000953674316,28.571430206298828,10,5.263157844543457,0,0,0,0,11.118966102600098,8589934592,2147483648,4596695040,540344320
209,1771785420677,3504,3504,3504,3504,3504,3504,3504,3504,45.04768753051758,44.381202697753906,43.13914489746094,42.84008026123047,43.80997848510742,43.544097900390625,43.20124053955078,44.26929473876953,44.378883361816406,19.047618865966797,23.809524536132813,15.000000953674316,19.047618865966797,0,0,0,0,10.33591079711914,8589934592,2147483648,4589223936,540344320
205,1771785420888,3504,3504,3504,3504,3504,3504,3504,3504,45.04768753051758,44.381202697753906,43.13914489746094,42.84008026123047,43.80997848510742,43.544097900390625,43.20124053955078,44.26929473876953,44.378883361816406,19.047618865966797,15.000000953674316,9.523809432983398,9.523809432983398,4.761904716491699,4.761904716491699,0,4.545454502105713,10.33591079711914,8589934592,2147483648,4589240320,540344320
209,1771785421094,3504,3504,3504,3504,3504,3504,3504,3504,44.95596694946289,44.33690643310547,43.093284606933594,42.835060119628906,43.702640533447266,43.45024871826172,43.11266326904297,44.16093444824219,44.32289505004883,35,28.571430206298828,28.571430206298828,23.809524536132813,10,14.285715103149414,10,10,10.33591079711914,8589934592,2147483648,4590338048,540344320
199,1771785421304,3504,3504,3504,3504,3504,3504,3504,3504,44.95596694946289,44.33690643310547,43.093284606933594,42.835060119628906,43.702640533447266,43.45024871826172,43.11266326904297,44.16093444824219,44.32289505004883,19.047618865966797,14.285715103149414,5,5,0,0,0,0,10.33591079711914,8589934592,2147483648,4589731840,540344320
206,1771785421504,3504,3504,3504,3504,3504,3504,3504,3504,44.95596694946289,44.33690643310547,43.093284606933594,42.835060119628906,43.702640533447266,43.45024871826172,43.11266326904297,44.16093444824219,44.32289505004883,25,20,14.285715103149414,5,0,0,0,0,10.33591079711914,8589934592,2147483648,4589748224,540344320
205,1771785421711,3504,3504,3504,3504,3504,3504,3504,3504,44.95596694946289,44.33690643310547,43.093284606933594,42.835060119628906,43.702640533447266,43.45024871826172,43.11266326904297,44.16093444824219,44.32289505004883,20,15.000000953674316,9.523809432983398,14.285715103149414,0,0,0,0,10.640176773071289,8589934592,2147483648,4589600768,540344320
209,1771785421917,3504,3504,3504,3504,3504,3504,3504,3504,44.95596694946289,44.33690643310547,43.093284606933594,42.835060119628906,43.702640533447266,43.45024871826172,43.11266326904297,44.16093444824219,44.32289505004883,35,33.333335876464844,28.571430206298828,23.809524536132813,38.095237731933594,0,0,0,10.640176773071289,8589934592,2147483648,4591222784,540344320
207,1771785422127,3504,3504,3504,3504,3504,3504,3504,3504,45.399017333984375,44.916019439697266,43.586204528808594,43.22602844238281,43.9290657043457,43.799522399902344,43.43976593017578,44.56918716430664,44.68657684326172,22.72727394104004,19.047618865966797,5.263157844543457,19.047618865966797,0,0,0,0,10.640176773071289,8589934592,2147483648,4590551040,540344320
209,1771785422335,3504,3504,3504,3504,3504,3504,3504,3504,45.399017333984375,44.916019439697266,43.586204528808594,43.22602844238281,43.9290657043457,43.799522399902344,43.43976593017578,44.56918716430664,44.68657684326172,25,15.000000953674316,18.18181800842285,15.000000953674316,0,0,0,0,10.640176773071289,8589934592,2147483648,4590551040,540344320
208,1771785422545,3504,3504,3504,3504,3504,3504,3504,3504,45.399017333984375,44.916019439697266,43.586204528808594,43.22602844238281,43.9290657043457,43.799522399902344,43.43976593017578,44.56918716430664,44.68657684326172,14.285715103149414,9.523809432983398,5,22.72727394104004,0,4.545454502105713,4.545454502105713,0,9.527225494384766,8589934592,2147483648,4590551040,540344320
207,1771785422754,3504,3504,3504,3504,3504,3504,3504,3504,45.399017333984375,44.916019439697266,43.586204528808594,43.22602844238281,43.9290657043457,43.799522399902344,43.43976593017578,44.56918716430664,44.68657684326172,23.809524536132813,19.047618865966797,14.285715103149414,5,0,0,0,0,9.527225494384766,8589934592,2147483648,4590551040,540344320
206,1771785422962,3504,3504,3504,3504,3504,3504,3504,3504,45.399017333984375,44.916019439697266,43.586204528808594,43.22602844238281,43.9290657043457,43.799522399902344,43.43976593017578,44.56918716430664,44.68657684326172,15.000000953674316,19.047618865966797,20,10,0,0,0,0,9.527225494384766,8589934592,2147483648,4590551040,540344320
208,1771785423170,3504,3504,3504,3504,3504,3504,3504,3504,44.859195709228516,44.25188446044922,43.01771545410156,42.771697998046875,43.6088752746582,43.40299987792969,43.05021667480469,44.095558166503906,44.208824157714844,14.285715103149414,20,19.047618865966797,4.761904716491699,0,0,0,0,9.527225494384766,8589934592,2147483648,4590551040,540344320
206,1771785423379,3504,3504,3504,3504,3504,3504,3504,3504,44.859195709228516,44.25188446044922,43.01771545410156,42.771697998046875,43.6088752746582,43.40299987792969,43.05021667480469,44.095558166503906,44.208824157714844,14.285715103149414,23.809524536132813,14.285715103149414,13.636363983154297,0,0,0,0,9.527225494384766,8589934592,2147483648,4590501888,540344320
209,1771785423586,3504,3504,3504,3504,3504,3504,3504,3504,44.859195709228516,44.25188446044922,43.01771545410156,42.771697998046875,43.6088752746582,43.40299987792969,43.05021667480469,44.095558166503906,44.208824157714844,42.105262756347656,35,25,25,0,0,0,0,10.556770324707031,8589934592,2147483648,4590501888,540344320
209,1771785423796,3504,3504,3504,3504,3504,3504,3504,3504,44.859195709228516,44.25188446044922,43.01771545410156,42.771697998046875,43.6088752746582,43.40299987792969,43.05021667480469,44.095558166503906,44.208824157714844,22.72727394104004,14.285715103149414,18.18181800842285,15.000000953674316,0,0,0,0,10.556770324707031,8589934592,2147483648,4590501888,540344320
208,1771785424006,3504,3504,3504,3504,3504,3504,3504,3504,44.859195709228516,44.25188446044922,43.01771545410156,42.771697998046875,43.6088752746582,43.40299987792969,43.05021667480469,44.095558166503906,44.208824157714844,19.047618865966797,23.809524536132813,14.285715103149414,18.18181800842285,0,0,0,0,10.556770324707031,8589934592,2147483648,4590501888,540344320
203,1771785424214,3504,3504,3504,3504,3504,3504,3504,3504,44.64299774169922,44.128089904785156,42.87828063964844,42.722076416015625,43.390167236328125,43.20246887207031,42.935333251953125,43.93849182128906,44.06821823120117,23.809524536132813,14.285715103149414,9.523809432983398,15.000000953674316,0,0,0,0,10.556770324707031,8589934592,2147483648,4590501888,540344320
204,1771785424418,3504,3504,3504,3504,3504,3504,3504,3504,44.64299774169922,44.128089904785156,42.87828063964844,42.722076416015625,43.390167236328125,43.20246887207031,42.935333251953125,43.93849182128906,44.06821823120117,25,15.000000953674316,10,10,0,0,0,0,10.556770324707031,8589934592,2147483648,4590501888,540344320
209,1771785424623,3504,3504,3504,3504,3504,3504,3504,3504,44.64299774169922,44.128089904785156,42.87828063964844,42.722076416015625,43.390167236328125,43.20246887207031,42.935333251953125,43.93849182128906,44.06821823120117,15.000000953674316,14.285715103149414,15.000000953674316,19.047618865966797,9.090909004211426,9.523809432983398,0,0,9.72872543334961,8589934592,2147483648,4590501888,540344320
209,1771785424833,3504,3504,3504,3504,3504,3504,3504,3504,44.64299774169922,44.128089904785156,42.87828063964844,42.722076416015625,43.390167236328125,43.20246887207031,42.935333251953125,43.93849182128906,44.06821823120117,22.72727394104004,14.285715103149414,9.523809432983398,14.285715103149414,0,0,0,0,9.72872543334961,8589934592,2147483648,4590501888,540344320
202,1771785425042,3504,3504,3504,3504,3504,3504,3504,3504,44.55954360961914,44.05678176879883,42.844871520996094,42.68678283691406,43.266788482666016,43.085906982421875,42.86582946777344,43.84433364868164,44.017669677734375,25,14.285715103149414,14.285715103149414,15.000000953674316,0,0,0,0,9.72872543334961,8589934592,2147483648,4590501888,540344320
206,1771785425245,3504,3504,3504,3504,3504,3504,3504,3504,44.55954360961914,44.05678176879883,42.844871520996094,42.68678283691406,43.266788482666016,43.085906982421875,42.86582946777344,43.84433364868164,44.017669677734375,25,10.526315689086914,5,15.000000953674316,0,0,0,0,9.72872543334961,8589934592,2147483648,4590485504,540344320
208,1771785425452,3504,3504,3504,3504,3504,3504,3504,3504,44.55954360961914,44.05678176879883,42.844871520996094,42.68678283691406,43.266788482666016,43.085906982421875,42.86582946777344,43.84433364868164,44.017669677734375,19.047618865966797,9.523809432983398,14.285715103149414,14.285715103149414,0,0,0,0,9.72872543334961,8589934592,2147483648,4590419968,540344320
207,1771785425661,3504,3504,3504,3504,3504,3504,3504,3504,44.55954360961914,44.05678176879883,42.844871520996094,42.68678283691406,43.266788482666016,43.085906982421875,42.86582946777344,43.84433364868164,44.017669677734375,23.809524536132813,23.809524536132813,10,23.809524536132813,0,0,0,0,9.21120834350586,8589934592,2147483648,4590452736,540344320
207,1771785425869,3504,3504,3504,3504,3504,3504,3504,3504,44.55954360961914,44.05678176879883,42.844871520996094,42.68678283691406,43.266788482666016,43.085906982421875,42.86582946777344,43.84433364868164,44.017669677734375,20,20,19.047618865966797,9.523809432983398,0,0,0,0,9.21120834350586,8589934592,2147483648,4587667456,540344320
209,1771785426077,3504,3504,3504,3504,3504,3504,3504,3504,44.368080139160156,43.9296875,42.72395324707031,42.58373260498047,43.161155700683594,42.98908233642578,42.77714538574219,43.748817443847656,43.87960433959961,18.18181800842285,27.272727966308594,19.047618865966797,9.523809432983398,0,0,0,0,9.21120834350586,8589934592,2147483648,4587667456,540344320
209,1771785426286,3504,3504,3504,3504,3504,3504,3504,3504,44.368080139160156,43.9296875,42.72395324707031,42.58373260498047,43.161155700683594,42.98908233642578,42.77714538574219,43.748817443847656,43.87960433959961,10.526315689086914,15.000000953674316,15.000000953674316,10,0,0,0,0,9.21120834350586,8589934592,2147483648,4587667456,540344320
208,1771785426495,3504,3504,3504,3504,3504,3504,3504,3504,44.368080139160156,43.9296875,42.72395324707031,42.58373260498047,43.161155700683594,42.98908233642578,42.77714538574219,43.748817443847656,43.87960433959961,14.285715103149414,23.809524536132813,14.285715103149414,4.761904716491699,0,0,0,0,9.21120834350586,8589934592,2147483648,4587569152,540344320
209,1771785426704,3504,3504,3504,3504,3504,3504,3504,3504,44.368080139160156,43.9296875,42.72395324707031,42.58373260498047,43.161155700683594,42.98908233642578,42.77714538574219,43.748817443847656,43.87960433959961,33.333335876464844,25,36.3636360168457,23.809524536132813,0,0,0,4.761904716491699,8.435664176940918,8589934592,2147483648,4589092864,540344320
202,1771785426914,3504,3504,3504,3504,3504,3504,3504,3504,44.368080139160156,43.9296875,42.72395324707031,42.58373260498047,43.161155700683594,42.98908233642578,42.77714538574219,43.748817443847656,43.87960433959961,13.636363983154297,27.272727966308594,5,4.761904716491699,0,4.545454502105713,0,0,8.435664176940918,8589934592,2147483648,4589092864,540344320
199,1771785427116,3504,3504,3504,3504,3504,3504,3504,3504,44.331809997558594,43.87816619873047,42.639564514160156,42.53355407714844,43.13119888305664,42.949188232421875,42.708465576171875,43.695106506347656,43.80287170410156,10.526315689086914,25,10,9.523809432983398,0,0,0,0,8.435664176940918,8589934592,2147483648,4589125632,540344320
200,1771785427317,3504,3504,3504,3504,3504,3504,3504,3504,44.331809997558594,43.87816619873047,42.639564514160156,42.53355407714844,43.13119888305664,42.949188232421875,42.708465576171875,43.695106506347656,43.80287170410156,15.000000953674316,30.000001907348633,14.285715103149414,5.263157844543457,0,0,0,0,8.435664176940918,8589934592,2147483648,4589125632,540344320
209,1771785427517,3504,3504,3504,3504,3504,3504,3504,3504,44.331809997558594,43.87816619873047,42.639564514160156,42.53355407714844,43.13119888305664,42.949188232421875,42.708465576171875,43.695106506347656,43.80287170410156,25,10,5.263157844543457,10,0,0,0,0,10.842817306518555,8589934592,2147483648,4588732416,540344320
207,1771785427727,3504,3504,3504,3504,3504,3504,3504,3504,44.331809997558594,43.87816619873047,42.639564514160156,42.53355407714844,43.13119888305664,42.949188232421875,42.708465576171875,43.695106506347656,43.80287170410156,23.809524536132813,5.263157844543457,9.523809432983398,14.285715103149414,0,0,0,0,10.842817306518555,8589934592,2147483648,4588732416,540344320
208,1771785427936,3504,3504,3504,3504,3504,3504,3504,3504,44.331809997558594,43.87816619873047,42.639564514160156,42.53355407714844,43.13119888305664,42.949188232421875,42.708465576171875,43.695106506347656,43.80287170410156,20,13.636363983154297,14.285715103149414,18.18181800842285,0,0,0,0,10.842817306518555,8589934592,2147483648,4588732416,540344320
200,1771785428144,3504,3504,3504,3504,3504,3504,3504,3504,44.17778015136719,43.77379608154297,42.538002014160156,42.379905700683594,43.086124420166016,42.87919616699219,42.612403869628906,43.62263870239258,43.66699981689453,23.809524536132813,14.285715103149414,5,15.000000953674316,0,0,0,0,10.842817306518555,8589934592,2147483648,4588732416,540344320
206,1771785428345,3504,3504,3504,3504,3504,3504,3504,3504,44.17778015136719,43.77379608154297,42.538002014160156,42.379905700683594,43.086124420166016,42.87919616699219,42.612403869628906,43.62263870239258,43.66699981689453,23.809524536132813,15.000000953674316,10,15.000000953674316,0,0,0,0,10.842817306518555,8589934592,2147483648,4588748800,540344320
209,1771785428552,3504,3504,3504,3504,3504,3504,3504,3504,44.17778015136719,43.77379608154297,42.538002014160156,42.379905700683594,43.086124420166016,42.87919616699219,42.612403869628906,43.62263870239258,43.66699981689453,15.789472579956055,15.000000953674316,14.285715103149414,5,0,0,0,0,10.651021957397461,8589934592,2147483648,4588486656,540344320
200,1771785428762,3504,3504,3504,3504,3504,3504,3504,3504,44.17778015136719,43.77379608154297,42.538002014160156,42.379905700683594,43.086124420166016,42.87919616699219,42.612403869628906,43.62263870239258,43.66699981689453,22.72727394104004,14.285715103149414,19.047618865966797,9.090909004211426,0,0,0,0,10.651021957397461,8589934592,2147483648,4588486656,540344320
203,1771785428963,3504,3504,3504,3504,3504,3504,3504,3504,44.17778015136719,43.77379608154297,42.538002014160156,42.379905700683594,43.086124420166016,42.87919616699219,42.612403869628906,43.62263870239258,43.66699981689453,21.052631378173828,15.000000953674316,20,5.263157844543457,0,0,0,0,10.651021957397461,8589934592,2147483648,4588486656,540344320
202,1771785429166,3504,3504,3504,3504,3504,3504,3504,3504,44.08323287963867,43.69097137451172,42.48655700683594,42.24640655517578,43.01591110229492,42.799827575683594,42.47938537597656,43.565799713134766,43.62440872192383,25,14.285715103149414,15.789472579956055,9.523809432983398,0,0,0,0,10.651021957397461,8589934592,2147483648,4588486656,540344320
207,1771785429369,3504,3504,3504,3504,3504,3504,3504,3504,44.08323287963867,43.69097137451172,42.48655700683594,42.24640655517578,43.01591110229492,42.799827575683594,42.47938537597656,43.565799713134766,43.62440872192383,19.047618865966797,5.263157844543457,23.809524536132813,5.263157844543457,0,0,0,0,10.651021957397461,8589934592,2147483648,4588355584,540344320
209,1771785429576,3504,3504,3504,3504,3504,3504,3504,3504,44.08323287963867,43.69097137451172,42.48655700683594,42.24640655517578,43.01591110229492,42.799827575683594,42.47938537597656,43.565799713134766,43.62440872192383,15.000000953674316,19.047618865966797,25,14.285715103149414,0,0,0,0,9.416096687316895,8589934592,2147483648,4588355584,540344320
208,1771785429787,3504,3504,3504,3504,3504,3504,3504,3504,44.08323287963867,43.69097137451172,42.48655700683594,42.24640655517578,43.01591110229492,42.799827575683594,42.47938537597656,43.565799713134766,43.62440872192383,19.047618865966797,14.285715103149414,22.72727394104004,4.761904716491699,4.545454502105713,0,4.545454502105713,4.761904716491699,9.416096687316895,8589934592,2147483648,4588388352,540344320
203,1771785429995,3504,3504,3504,3504,3504,3504,3504,3504,44.08323287963867,43.69097137451172,42.48655700683594,42.24640655517578,43.01591110229492,42.799827575683594,42.47938537597656,43.565799713134766,43.62440872192383,19.047618865966797,19.047618865966797,23.809524536132813,13.636363983154297,0,0,0,0,9.416096687316895,8589934592,2147483648,4588339200,540344320
209,1771785430199,3504,3504,3504,3504,3504,3504,3504,3504,44.044490814208984,43.66118621826172,42.4786376953125,42.199684143066406,42.964962005615234,42.76861572265625,42.39936065673828,43.53609085083008,43.56535720825195,15.000000953674316,20,15.000000953674316,5,0,0,0,0,9.416096687316895,8589934592,2147483648,4588371968,540344320
209,1771785430409,3504,3504,3504,3504,3504,3504,3504,3504,44.044490814208984,43.66118621826172,42.4786376953125,42.199684143066406,42.964962005615234,42.76861572265625,42.39936065673828,43.53609085083008,43.56535720825195,14.285715103149414,14.285715103149414,23.809524536132813,5,0,0,0,0,9.416096687316895,8589934592,2147483648,4588453888,540344320
209,1771785430619,3504,3504,3504,3504,3504,3504,3504,3504,44.044490814208984,43.66118621826172,42.4786376953125,42.199684143066406,42.964962005615234,42.76861572265625,42.39936065673828,43.53609085083008,43.56535720825195,23.809524536132813,14.285715103149414,19.047618865966797,9.523809432983398,0,0,0,0,9.772515296936035,8589934592,2147483648,4588486656,540344320
201,1771785430829,3504,3504,3504,3504,3504,3504,3504,3504,44.044490814208984,43.66118621826172,42.4786376953125,42.199684143066406,42.964962005615234,42.76861572265625,42.39936065673828,43.53609085083008,43.56535720825195,23.809524536132813,10,14.285715103149414,9.523809432983398,4.761904716491699,4.545454502105713,4.761904716491699,0,9.772515296936035,8589934592,2147483648,4588486656,540344320
201,1771785431031,3504,3504,3504,3504,3504,3504,3504,3504,43.99810028076172,43.632606506347656,42.44349670410156,42.125030517578125,42.89259338378906,42.75554656982422,42.331214904785156,43.48111343383789,43.513214111328125,25,10,20,10,0,0,0,0,9.772515296936035,8589934592,2147483648,4588355584,540344320
203,1771785431233,3504,3504,3504,3504,3504,3504,3504,3504,43.99810028076172,43.632606506347656,42.44349670410156,42.125030517578125,42.89259338378906,42.75554656982422,42.331214904785156,43.48111343383789,43.513214111328125,10,23.809524536132813,15.000000953674316,5,0,0,0,0,9.772515296936035,8589934592,2147483648,4588437504,540344320
206,1771785431437,3504,3504,3504,3504,3504,3504,3504,3504,43.99810028076172,43.632606506347656,42.44349670410156,42.125030517578125,42.89259338378906,42.75554656982422,42.331214904785156,43.48111343383789,43.513214111328125,19.047618865966797,25,20,14.285715103149414,0,0,0,0,9.772515296936035,8589934592,2147483648,4588486656,540344320
209,1771785431643,3504,3504,3504,3504,3504,3504,3504,3504,43.99810028076172,43.632606506347656,42.44349670410156,42.125030517578125,42.89259338378906,42.75554656982422,42.331214904785156,43.48111343383789,43.513214111328125,15.000000953674316,15.000000953674316,15.000000953674316,5,0,0,0,0,9.94410228729248,8589934592,2147483648,4588470272,540344320
206,1771785431853,3504,3504,3504,3504,3504,3504,3504,3504,43.99810028076172,43.632606506347656,42.44349670410156,42.125030517578125,42.89259338378906,42.75554656982422,42.331214904785156,43.48111343383789,43.513214111328125,23.809524536132813,19.047618865966797,23.809524536132813,14.285715103149414,0,0,0,0,9.94410228729248,8589934592,2147483648,4588535808,540344320
208,1771785432060,3504,3504,3504,3504,3504,3504,3504,3504,44.02359390258789,43.854915618896484,42.54225158691406,42.14569854736328,42.874568939208984,42.72673034667969,42.284034729003906,43.41905975341797,43.50461959838867,20,28.571430206298828,19.047618865966797,9.523809432983398,38.095237731933594,0,0,0,9.94410228729248,8589934592,2147483648,4588863488,540344320
209,1771785432269,3504,3504,3504,3504,3504,3504,3504,3504,44.02359390258789,43.854915618896484,42.54225158691406,42.14569854736328,42.874568939208984,42.72673034667969,42.284034729003906,43.41905975341797,43.50461959838867,19.047618865966797,14.285715103149414,22.72727394104004,9.523809432983398,0,0,0,0,9.94410228729248,8589934592,2147483648,4588863488,540344320
206,1771785432479,3504,3504,3504,3504,3504,3504,3504,3504,44.02359390258789,43.854915618896484,42.54225158691406,42.14569854736328,42.874568939208984,42.72673034667969,42.284034729003906,43.41905975341797,43.50461959838867,10,23.809524536132813,20,5.263157844543457,0,0,0,0,9.94410228729248,8589934592,2147483648,4588863488,540344320
209,1771785432686,3504,3504,3504,3504,3504,3504,3504,3504,44.02359390258789,43.854915618896484,42.54225158691406,42.14569854736328,42.874568939208984,42.72673034667969,42.284034729003906,43.41905975341797,43.50461959838867,14.285715103149414,20,15.000000953674316,13.636363983154297,0,0,0,0,8.91938304901123,8589934592,2147483648,4588863488,540344320
209,1771785432895,3504,3504,3504,3504,3504,3504,3504,3504,44.02359390258789,43.854915618896484,42.54225158691406,42.14569854736328,42.874568939208984,42.72673034667969,42.284034729003906,43.41905975341797,43.50461959838867,15.000000953674316,14.285715103149414,23.809524536132813,5,0,0,0,0,8.91938304901123,8589934592,2147483648,4588830720,540344320
206,1771785433105,3504,3504,3504,3504,3504,3504,3504,3504,43.9467658996582,43.57032775878906,42.34825134277344,42.04417419433594,42.84383010864258,42.723045349121094,42.217926025390625,43.38774871826172,43.446533203125,18.18181800842285,9.523809432983398,23.809524536132813,13.636363983154297,0,0,0,0,8.91938304901123,8589934592,2147483648,4588748800,540344320
204,1771785433312,3504,3504,3504,3504,3504,3504,3504,3504,43.9467658996582,43.57032775878906,42.34825134277344,42.04417419433594,42.84383010864258,42.723045349121094,42.217926025390625,43.38774871826172,43.446533203125,10,15.000000953674316,14.285715103149414,19.047618865966797,0,0,0,0,8.91938304901123,8589934592,2147483648,4588781568,540344320
209,1771785433517,3504,3504,3504,3504,3504,3504,3504,3504,43.9467658996582,43.57032775878906,42.34825134277344,42.04417419433594,42.84383010864258,42.723045349121094,42.217926025390625,43.38774871826172,43.446533203125,19.047618865966797,14.285715103149414,10,25,0,0,0,0,11.493524551391602,8589934592,2147483648,4588781568,540344320
208,1771785433727,3504,3504,3504,3504,3504,3504,3504,3504,43.9467658996582,43.57032775878906,42.34825134277344,42.04417419433594,42.84383010864258,42.723045349121094,42.217926025390625,43.38774871826172,43.446533203125,14.285715103149414,14.285715103149414,9.523809432983398,23.809524536132813,0,0,0,0,11.493524551391602,8589934592,2147483648,4588896256,540344320
209,1771785433935,3504,3504,3504,3504,3504,3504,3504,3504,43.9467658996582,43.57032775878906,42.34825134277344,42.04417419433594,42.84383010864258,42.723045349121094,42.217926025390625,43.38774871826172,43.446533203125,15.000000953674316,14.285715103149414,10,20,0,0,0,0,11.493524551391602,8589934592,2147483648,4588896256,540344320
204,1771785434145,3504,3504,3504,3504,3504,3504,3504,3504,43.8685302734375,43.499935150146484,42.18537139892578,41.93492126464844,42.660762786865234,42.61659240722656,42.14460754394531,43.24956130981445,43.33809280395508,13.636363983154297,5,13.636363983154297,27.272727966308594,4.545454502105713,0,4.545454502105713,0,11.493524551391602,8589934592,2147483648,4589010944,540344320
200,1771785434350,3504,3504,3504,3504,3504,3504,3504,3504,43.8685302734375,43.499935150146484,42.18537139892578,41.93492126464844,42.660762786865234,42.61659240722656,42.14460754394531,43.24956130981445,43.33809280395508,15.789472579956055,20,15.000000953674316,20,0,0,0,0,11.493524551391602,8589934592,2147483648,4589010944,540344320
199,1771785434552,3504,3504,3504,3504,3504,3504,3504,3504,43.8685302734375,43.499935150146484,42.18537139892578,41.93492126464844,42.660762786865234,42.61659240722656,42.14460754394531,43.24956130981445,43.33809280395508,28.571430206298828,23.809524536132813,23.809524536132813,21.052631378173828,0,0,0,0,10.731674194335938,8589934592,2147483648,4589240320,540344320
206,1771785434752,3504,3504,3504,3504,3504,3504,3504,3504,43.8685302734375,43.499935150146484,42.18537139892578,41.93492126464844,42.660762786865234,42.61659240722656,42.14460754394531,43.24956130981445,43.33809280395508,10.526315689086914,21.052631378173828,10.526315689086914,19.047618865966797,0,0,0,0,10.731674194335938,8589934592,2147483648,4589174784,540344320
209,1771785434958,3504,3504,3504,3504,3504,3504,3504,3504,43.8685302734375,43.499935150146484,42.18537139892578,41.93492126464844,42.660762786865234,42.61659240722656,42.14460754394531,43.24956130981445,43.33809280395508,28.571430206298828,23.809524536132813,20,15.000000953674316,9.090909004211426,0,0,0,10.731674194335938,8589934592,2147483648,4589617152,540344320
209,1771785435169,3504,3504,3504,3504,3504,3504,3504,3504,43.83645248413086,43.509517669677734,42.15242004394531,41.98558044433594,42.61445617675781,42.572113037109375,42.143951416015625,43.215599060058594,43.28352355957031,23.809524536132813,19.047618865966797,19.047618865966797,23.809524536132813,0,4.761904716491699,0,0,10.731674194335938,8589934592,2147483648,4591222784,540344320
209,1771785435379,3504,3504,3504,3504,3504,3504,3504,3504,43.83645248413086,43.509517669677734,42.15242004394531,41.98558044433594,42.61445617675781,42.572113037109375,42.143951416015625,43.215599060058594,43.28352355957031,27.272727966308594,19.047618865966797,9.523809432983398,9.523809432983398,4.761904716491699,0,0,0,10.731674194335938,8589934592,2147483648,4590862336,540344320
206,1771785435589,3504,3504,3504,3504,3504,3504,3504,3504,43.83645248413086,43.509517669677734,42.15242004394531,41.98558044433594,42.61445617675781,42.572113037109375,42.143951416015625,43.215599060058594,43.28352355957031,15.000000953674316,28.571430206298828,14.285715103149414,4.761904716491699,0,0,0,0,9.622720718383789,8589934592,2147483648,4590862336,540344320
208,1771785435795,3504,3504,3504,3504,3504,3504,3504,3504,43.83645248413086,43.509517669677734,42.15242004394531,41.98558044433594,42.61445617675781,42.572113037109375,42.143951416015625,43.215599060058594,43.28352355957031,20,23.809524536132813,14.285715103149414,5,0,0,0,0,9.622720718383789,8589934592,2147483648,4590813184,540344320
208,1771785436005,3504,3504,3504,3504,3504,3504,3504,3504,43.83645248413086,43.509517669677734,42.15242004394531,41.98558044433594,42.61445617675781,42.572113037109375,42.143951416015625,43.215599060058594,43.28352355957031,22.72727394104004,25,9.523809432983398,13.636363983154297,0,0,0,0,9.622720718383789,8589934592,2147483648,4590813184,540344320
204,1771785436214,3504,3504,3504,3504,3504,3504,3504,3504,43.83451461791992,43.461891174316406,42.115234375,41.942543029785156,42.59003829956055,42.530303955078125,42.10144805908203,43.18485641479492,43.25468444824219,25,15.000000953674316,14.285715103149414,5,0,0,0,0,9.622720718383789,8589934592,2147483648,4590714880,540344320
209,1771785436419,3504,3504,3504,3504,3504,3504,3504,3504,43.83451461791992,43.461891174316406,42.115234375,41.942543029785156,42.59003829956055,42.530303955078125,42.10144805908203,43.18485641479492,43.25468444824219,20,19.047618865966797,5.263157844543457,10,0,0,0,0,9.622720718383789,8589934592,2147483648,4588568576,540344320
205,1771785436629,3504,3504,3504,3504,3504,3504,3504,3504,43.83451461791992,43.461891174316406,42.115234375,41.942543029785156,42.59003829956055,42.530303955078125,42.10144805908203,43.18485641479492,43.25468444824219,23.809524536132813,23.809524536132813,14.285715103149414,9.090909004211426,0,0,0,0,9.966821670532227,8589934592,2147483648,4588486656,540344320
209,1771785436835,3504,3504,3504,3504,3504,3504,3504,3504,43.83451461791992,43.461891174316406,42.115234375,41.942543029785156,42.59003829956055,42.530303955078125,42.10144805908203,43.18485641479492,43.25468444824219,19.047618865966797,25,19.047618865966797,10,0,0,0,0,9.966821670532227,8589934592,2147483648,4588486656,540344320
206,1771785437045,3504,3504,3504,3504,3504,3504,3504,3504,43.75239944458008,43.434295654296875,42.05659484863281,41.894737243652344,42.46531295776367,42.46821594238281,42.04103088378906,43.093544006347656,43.189247131347656,15.000000953674316,23.809524536132813,14.285715103149414,5,0,0,0,0,9.966821670532227,8589934592,2147483648,4588273664,540344320
200,1771785437252,3504,3504,3504,3504,3504,3504,3504,3504,43.75239944458008,43.434295654296875,42.05659484863281,41.894737243652344,42.46531295776367,42.46821594238281,42.04103088378906,43.093544006347656,43.189247131347656,14.285715103149414,22.72727394104004,15.000000953674316,9.090909004211426,0,0,0,0,9.966821670532227,8589934592,2147483648,4588273664,540344320
209,1771785437453,3504,3504,3504,3504,3504,3504,3504,3504,43.75239944458008,43.434295654296875,42.05659484863281,41.894737243652344,42.46531295776367,42.46821594238281,42.04103088378906,43.093544006347656,43.189247131347656,15.000000953674316,21.052631378173828,20,10.526315689086914,0,0,0,0,9.966821670532227,8589934592,2147483648,4588273664,540344320
203,1771785437663,3504,3504,3504,3504,3504,3504,3504,3504,43.75239944458008,43.434295654296875,42.05659484863281,41.894737243652344,42.46531295776367,42.46821594238281,42.04103088378906,43.093544006347656,43.189247131347656,14.285715103149414,23.809524536132813,22.72727394104004,4.761904716491699,0,0,0,0,8.765266418457031,8589934592,2147483648,4588290048,540344320
200,1771785437866,3504,3504,3504,3504,3504,3504,3504,3504,43.75239944458008,43.434295654296875,42.05659484863281,41.894737243652344,42.46531295776367,42.46821594238281,42.04103088378906,43.093544006347656,43.189247131347656,20,20,10,14.285715103149414,0,0,0,0,8.765266418457031,8589934592,2147483648,4588290048,540344320
201,1771785438067,3504,3504,3504,3504,3504,3504,3504,3504,43.70988845825195,43.373146057128906,42.020164489746094,41.86516571044922,42.40785598754883,42.43946838378906,41.932472229003906,43.030006408691406,43.12408447265625,15.000000953674316,25,14.285715103149414,5.263157844543457,0,0,0,0,8.765266418457031,8589934592,2147483648,4588339200,540344320
200,1771785438269,3504,3504,3504,3504,3504,3504,3504,3504,43.70988845825195,43.373146057128906,42.020164489746094,41.86516571044922,42.40785598754883,42.43946838378906,41.932472229003906,43.030006408691406,43.12408447265625,20,30.000001907348633,10.526315689086914,19.047618865966797,0,0,0,0,8.765266418457031,8589934592,2147483648,4588306432,540344320
208,1771785438470,3504,3504,3504,3504,3504,3504,3504,3504,43.70988845825195,43.373146057128906,42.020164489746094,41.86516571044922,42.40785598754883,42.43946838378906,41.932472229003906,43.030006408691406,43.12408447265625,20,15.000000953674316,15.000000953674316,10.526315689086914,0,0,0,0,8.765266418457031,8589934592,2147483648,4588306432,540344320
202,1771785438679,3504,3504,3504,3504,3504,3504,3504,3504,43.70988845825195,43.373146057128906,42.020164489746094,41.86516571044922,42.40785598754883,42.43946838378906,41.932472229003906,43.030006408691406,43.12408447265625,19.047618865966797,14.285715103149414,14.285715103149414,9.523809432983398,0,0,0,0,11.281055450439453,8589934592,2147483648,4588290048,540344320
209,1771785438882,3504,3504,3504,3504,3504,3504,3504,3504,43.70988845825195,43.373146057128906,42.020164489746094,41.86516571044922,42.40785598754883,42.43946838378906,41.932472229003906,43.030006408691406,43.12408447265625,20,15.000000953674316,20,19.047618865966797,0,0,0,0,11.281055450439453,8589934592,2147483648,4588290048,540344320
201,1771785439092,3504,3504,3504,3504,3504,3504,3504,3504,43.665531158447266,43.366607666015625,41.970237731933594,41.815147399902344,42.39139175415039,42.39183044433594,41.891395568847656,42.953697204589844,43.074283599853516,14.285715103149414,13.636363983154297,15.000000953674316,14.285715103149414,0,0,0,0,11.281055450439453,8589934592,2147483648,4588371968,540344320
209,1771785439293,3504,3504,3504,3504,3504,3504,3504,3504,43.665531158447266,43.366607666015625,41.970237731933594,41.815147399902344,42.39139175415039,42.39183044433594,41.891395568847656,42.953697204589844,43.074283599853516,21.052631378173828,15.789472579956055,19.047618865966797,10,0,0,0,0,11.281055450439453,8589934592,2147483648,4588339200,540344320
208,1771785439503,3504,3504,3504,3504,3504,3504,3504,3504,43.665531158447266,43.366607666015625,41.970237731933594,41.815147399902344,42.39139175415039,42.39183044433594,41.891395568847656,42.953697204589844,43.074283599853516,22.72727394104004,19.047618865966797,10,4.761904716491699,0,0,0,0,11.281055450439453,8589934592,2147483648,4588339200,540344320
206,1771785439712,3504,3504,3504,3504,3504,3504,3504,3504,43.665531158447266,43.366607666015625,41.970237731933594,41.815147399902344,42.39139175415039,42.39183044433594,41.891395568847656,42.953697204589844,43.074283599853516,20,14.285715103149414,9.523809432983398,9.523809432983398,5,4.545454502105713,4.545454502105713,0,11.484621047973633,8589934592,2147483648,4588519424,540344320
209,1771785439919,3504,3504,3504,3504,3504,3504,3504,3504,43.665531158447266,43.366607666015625,41.970237731933594,41.815147399902344,42.39139175415039,42.39183044433594,41.891395568847656,42.953697204589844,43.074283599853516,23.809524536132813,20,18.18181800842285,9.523809432983398,0,0,0,0,11.484621047973633,8589934592,2147483648,4588519424,540344320
205,1771785440129,3504,3504,3504,3504,3504,3504,3504,3504,43.663795471191406,43.33034133911133,41.966400146484375,41.79241943359375,42.3819694519043,42.386329650878906,41.85896301269531,42.916748046875,43.043678283691406,14.285715103149414,15.000000953674316,15.000000953674316,15.000000953674316,0,0,0,0,11.484621047973633,8589934592,2147483648,4588535808,540344320
201,1771785440335,3504,3504,3504,3504,3504,3504,3504,3504,43.663795471191406,43.33034133911133,41.966400146484375,41.79241943359375,42.3819694519043,42.386329650878906,41.85896301269531,42.916748046875,43.043678283691406,15.000000953674316,14.285715103149414,9.523809432983398,28.571430206298828,0,0,0,0,11.484621047973633,8589934592,2147483648,4588634112,540344320
209,1771785440537,3504,3504,3504,3504,3504,3504,3504,3504,43.663795471191406,43.33034133911133,41.966400146484375,41.79241943359375,42.3819694519043,42.386329650878906,41.85896301269531,42.916748046875,43.043678283691406,19.047618865966797,14.285715103149414,15.000000953674316,25,0,0,0,0,10.814887046813965,8589934592,2147483648,4588634112,540344320
204,1771785440747,3504,3504,3504,3504,3504,3504,3504,3504,43.663795471191406,43.33034133911133,41.966400146484375,41.79241943359375,42.3819694519043,42.386329650878906,41.85896301269531,42.916748046875,43.043678283691406,19.047618865966797,15.000000953674316,14.285715103149414,19.047618865966797,0,0,0,0,10.814887046813965,8589934592,2147483648,4588650496,540344320
203,1771785440952,3504,3504,3504,3504,3504,3504,3504,3504,43.663795471191406,43.33034133911133,41.966400146484375,41.79241943359375,42.3819694519043,42.386329650878906,41.85896301269531,42.916748046875,43.043678283691406,20,14.285715103149414,15.000000953674316,10,0,0,0,0,10.814887046813965,8589934592,2147483648,4588650496,540344320
205,1771785441156,3504,3504,3504,3504,3504,3504,3504,3504,43.548828125,43.260921478271484,41.878173828125,41.721099853515625,42.35188293457031,42.3310546875,41.815040588378906,42.834590911865234,42.97520065307617,25,20,14.285715103149414,10,0,0,0,0,10.814887046813965,8589934592,2147483648,4588699648,540344320
209,1771785441362,3504,3504,3504,3504,3504,3504,3504,3504,43.548828125,43.260921478271484,41.878173828125,41.721099853515625,42.35188293457031,42.3310546875,41.815040588378906,42.834590911865234,42.97520065307617,10,33.333335876464844,10.526315689086914,9.523809432983398,0,0,0,0,10.814887046813965,8589934592,2147483648,4588716032,540344320
209,1771785441572,3504,3504,3504,3504,3504,3504,3504,3504,43.548828125,43.260921478271484,41.878173828125,41.721099853515625,42.35188293457031,42.3310546875,41.815040588378906,42.834590911865234,42.97520065307617,38.095237731933594,35,33.333335876464844,28.571430206298828,14.285715103149414,14.285715103149414,14.285715103149414,14.285715103149414,9.223002433776855,8589934592,2147483648,4588716032,540344320
205,1771785441782,3504,3504,3504,3504,3504,3504,3504,3504,43.548828125,43.260921478271484,41.878173828125,41.721099853515625,42.35188293457031,42.3310546875,41.815040588378906,42.834590911865234,42.97520065307617,14.285715103149414,14.285715103149414,13.636363983154297,5,4.545454502105713,0,0,0,9.223002433776855,8589934592,2147483648,4589682688,540344320
209,1771785441988,3504,3504,3504,3504,3504,3504,3504,3504,43.548828125,43.260921478271484,41.878173828125,41.721099853515625,42.35188293457031,42.3310546875,41.815040588378906,42.834590911865234,42.97520065307617,28.571430206298828,19.047618865966797,20,13.636363983154297,35,0,0,0,9.223002433776855,8589934592,2147483648,4590092288,540344320
200,1771785442199,3504,3504,3504,3504,3504,3504,3504,3504,44.0161018371582,43.808372497558594,42.322967529296875,42.10101318359375,42.59575653076172,42.64167785644531,42.12774658203125,43.267948150634766,43.384910583496094,28.571430206298828,19.047618865966797,19.047618865966797,14.285715103149414,0,0,0,0,9.223002433776855,8589934592,2147483648,4590125056,540344320
209,1771785442399,3504,3504,3504,3504,3504,3504,3504,3504,44.0161018371582,43.808372497558594,42.322967529296875,42.10101318359375,42.59575653076172,42.64167785644531,42.12774658203125,43.267948150634766,43.384910583496094,21.052631378173828,15.000000953674316,15.789472579956055,5,0,0,0,0,9.223002433776855,8589934592,2147483648,4590206976,540344320
208,1771785442610,3504,3504,3504,3504,3504,3504,3504,3504,44.0161018371582,43.808372497558594,42.322967529296875,42.10101318359375,42.59575653076172,42.64167785644531,42.12774658203125,43.267948150634766,43.384910583496094,19.047618865966797,9.523809432983398,18.18181800842285,9.523809432983398,0,0,0,0,10.428553581237793,8589934592,2147483648,4590206976,540344320
209,1771785442819,3504,3504,3504,3504,3504,3504,3504,3504,44.0161018371582,43.808372497558594,42.322967529296875,42.10101318359375,42.59575653076172,42.64167785644531,42.12774658203125,43.267948150634766,43.384910583496094,28.571430206298828,14.285715103149414,15.000000953674316,5,0,0,0,0,10.428553581237793,8589934592,2147483648,4590206976,540344320
207,1771785443029,3504,3504,3504,3504,3504,3504,3504,3504,43.671897888183594,43.34427261352539,42.01978302001953,41.81585693359375,42.42912292480469,42.40715026855469,41.890960693359375,42.94207763671875,43.067466735839844,19.047618865966797,5.263157844543457,19.047618865966797,13.636363983154297,0,0,0,0,10.428553581237793,8589934592,2147483648,4590026752,540344320
206,1771785443236,3504,3504,3504,3504,3504,3504,3504,3504,43.671897888183594,43.34427261352539,42.01978302001953,41.81585693359375,42.42912292480469,42.40715026855469,41.890960693359375,42.94207763671875,43.067466735839844,23.809524536132813,18.18181800842285,19.047618865966797,5,0,4.545454502105713,0,0,10.428553581237793,8589934592,2147483648,4590075904,540344320
208,1771785443443,3504,3504,3504,3504,3504,3504,3504,3504,43.671897888183594,43.34427261352539,42.01978302001953,41.81585693359375,42.42912292480469,42.40715026855469,41.890960693359375,42.94207763671875,43.067466735839844,14.285715103149414,10,19.047618865966797,19.047618865966797,0,0,0,0,10.428553581237793,8589934592,2147483648,4590075904,540344320
199,1771785443652,3504,3504,3504,3504,3504,3504,3504,3504,43.671897888183594,43.34427261352539,42.01978302001953,41.81585693359375,42.42912292480469,42.40715026855469,41.890960693359375,42.94207763671875,43.067466735839844,15.000000953674316,14.285715103149414,15.000000953674316,10,0,0,0,0,10.845977783203125,8589934592,2147483648,4590141440,540344320
199,1771785443852,3504,3504,3504,3504,3504,3504,3504,3504,43.671897888183594,43.34427261352539,42.01978302001953,41.81585693359375,42.42912292480469,42.40715026855469,41.890960693359375,42.94207763671875,43.067466735839844,15.789472579956055,23.809524536132813,20,10,0,0,0,0,10.845977783203125,8589934592,2147483648,4590141440,540344320
208,1771785444053,3504,3504,3504,3504,3504,3504,3504,3504,43.58765411376953,43.22331237792969,41.784202575683594,41.633888244628906,42.29963302612305,42.289642333984375,41.74946594238281,42.780059814453125,42.951202392578125,19.047618865966797,21.052631378173828,15.000000953674316,5,0,0,0,0,10.845977783203125,8589934592,2147483648,4590288896,540344320
209,1771785444262,3504,3504,3504,3504,3504,3504,3504,3504,43.58765411376953,43.22331237792969,41.784202575683594,41.633888244628906,42.29963302612305,42.289642333984375,41.74946594238281,42.780059814453125,42.951202392578125,23.809524536132813,14.285715103149414,19.047618865966797,9.523809432983398,0,0,0,0,10.845977783203125,8589934592,2147483648,4590288896,540344320
209,1771785444472,3504,3504,3504,3504,3504,3504,3504,3504,43.58765411376953,43.22331237792969,41.784202575683594,41.633888244628906,42.29963302612305,42.289642333984375,41.74946594238281,42.780059814453125,42.951202392578125,15.000000953674316,14.285715103149414,23.809524536132813,10,0,0,0,0,10.845977783203125,8589934592,2147483648,4590288896,540344320
209,1771785444682,3504,3504,3504,3504,3504,3504,3504,3504,43.58765411376953,43.22331237792969,41.784202575683594,41.633888244628906,42.29963302612305,42.289642333984375,41.74946594238281,42.780059814453125,42.951202392578125,23.809524536132813,14.285715103149414,15.000000953674316,9.090909004211426,9.090909004211426,0,0,0,10.150144577026367,8589934592,2147483648,4590288896,540344320
209,1771785444892,3504,3504,3504,3504,3504,3504,3504,3504,43.58765411376953,43.22331237792969,41.784202575683594,41.633888244628906,42.29963302612305,42.289642333984375,41.74946594238281,42.780059814453125,42.951202392578125,28.571430206298828,15.000000953674316,13.636363983154297,14.285715103149414,0,0,0,0,10.150144577026367,8589934592,2147483648,4590272512,540344320
205,1771785445102,3504,3504,3504,3504,3504,3504,3504,3504,43.60331344604492,43.20391845703125,41.71534729003906,41.580528259277344,42.266204833984375,42.20801544189453,41.68659210205078,42.74720001220703,42.88056182861328,23.809524536132813,19.047618865966797,5,5,0,0,0,0,10.150144577026367,8589934592,2147483648,4590272512,540344320
204,1771785445307,3504,3504,3504,3504,3504,3504,3504,3504,43.60331344604492,43.20391845703125,41.71534729003906,41.580528259277344,42.266204833984375,42.20801544189453,41.68659210205078,42.74720001220703,42.88056182861328,33.333335876464844,15.000000953674316,19.047618865966797,9.523809432983398,0,0,0,0,10.150144577026367,8589934592,2147483648,4590272512,540344320
209,1771785445512,3504,3504,3504,3504,3504,3504,3504,3504,43.60331344604492,43.20391845703125,41.71534729003906,41.580528259277344,42.266204833984375,42.20801544189453,41.68659210205078,42.74720001220703,42.88056182861328,25,14.285715103149414,9.523809432983398,5,4.761904716491699,4.761904716491699,0,0,10.150144577026367,8589934592,2147483648,4590288896,540344320
206,1771785445722,3504,3504,3504,3504,3504,3504,3504,3504,43.60331344604492,43.20391845703125,41.71534729003906,41.580528259277344,42.266204833984375,42.20801544189453,41.68659210205078,42.74720001220703,42.88056182861328,10,19.047618865966797,5,15.000000953674316,0,0,0,0,9.909597396850586,8589934592,2147483648,4590288896,540344320
209,1771785445929,3504,3504,3504,3504,3504,3504,3504,3504,43.60331344604492,43.20391845703125,41.71534729003906,41.580528259277344,42.266204833984375,42.20801544189453,41.68659210205078,42.74720001220703,42.88056182861328,42.85714340209961,23.809524536132813,23.809524536132813,22.72727394104004,0,0,0,0,9.909597396850586,8589934592,2147483648,4591157248,540344320
209,1771785446139,3504,3504,3504,3504,3504,3504,3504,3504,43.53799819946289,43.1626091003418,41.66741943359375,41.54473114013672,42.24378204345703,42.195579528808594,41.644752502441406,42.73550796508789,42.86698532104492,28.571430206298828,10.526315689086914,14.285715103149414,9.523809432983398,0,0,0,0,9.909597396850586,8589934592,2147483648,4591517696,540344320
206,1771785446349,3504,3504,3504,3504,3504,3504,3504,3504,43.53799819946289,43.1626091003418,41.66741943359375,41.54473114013672,42.24378204345703,42.195579528808594,41.644752502441406,42.73550796508789,42.86698532104492,23.809524536132813,18.18181800842285,9.523809432983398,5,0,0,0,0,9.909597396850586,8589934592,2147483648,4591517696,540344320
205,1771785446556,3504,3504,3504,3504,3504,3504,3504,3504,43.53799819946289,43.1626091003418,41.66741943359375,41.54473114013672,42.24378204345703,42.195579528808594,41.644752502441406,42.73550796508789,42.86698532104492,20,20,20,14.285715103149414,0,0,0,0,9.396724700927734,8589934592,2147483648,4591484928,540344320
205,1771785446762,3504,3504,3504,3504,3504,3504,3504,3504,43.53799819946289,43.1626091003418,41.66741943359375,41.54473114013672,42.24378204345703,42.195579528808594,41.644752502441406,42.73550796508789,42.86698532104492,14.285715103149414,14.285715103149414,25,9.523809432983398,0,0,0,0,9.396724700927734,8589934592,2147483648,4591484928,540344320
208,1771785446969,3504,3504,3504,3504,3504,3504,3504,3504,43.53799819946289,43.1626091003418,41.66741943359375,41.54473114013672,42.24378204345703,42.195579528808594,41.644752502441406,42.73550796508789,42.86698532104492,15.000000953674316,14.285715103149414,22.72727394104004,15.000000953674316,0,0,0,0,9.396724700927734,8589934592,2147483648,4591534080,540344320
201,1771785447177,3504,3504,3504,3504,3504,3504,3504,3504,43.387020111083984,43.09187316894531,41.61444091796875,41.48564147949219,42.18366622924805,42.113548278808594,41.60289001464844,42.72149658203125,42.79920196533203,19.047618865966797,19.047618865966797,15.000000953674316,14.285715103149414,0,0,0,0,9.396724700927734,8589934592,2147483648,4591304704,540344320
201,1771785447379,3504,3504,3504,3504,3504,3504,3504,3504,43.387020111083984,43.09187316894531,41.61444091796875,41.48564147949219,42.18366622924805,42.113548278808594,41.60289001464844,42.72149658203125,42.79920196533203,10,20,10.526315689086914,10,0,0,0,0,9.396724700927734,8589934592,2147483648,4591321088,540344320
209,1771785447581,3504,3504,3504,3504,3504,3504,3504,3504,43.387020111083984,43.09187316894531,41.61444091796875,41.48564147949219,42.18366622924805,42.113548278808594,41.60289001464844,42.72149658203125,42.79920196533203,20,20,19.047618865966797,5,0,0,0,0,9.604870796203613,8589934592,2147483648,4591321088,540344320
204,1771785447790,3504,3504,3504,3504,3504,3504,3504,3504,43.387020111083984,43.09187316894531,41.61444091796875,41.48564147949219,42.18366622924805,42.113548278808594,41.60289001464844,42.72149658203125,42.79920196533203,14.285715103149414,23.809524536132813,19.047618865966797,9.523809432983398,0,0,0,0,9.604870796203613,8589934592,2147483648,4591370240,540344320
208,1771785447996,3504,3504,3504,3504,3504,3504,3504,3504,43.387020111083984,43.09187316894531,41.61444091796875,41.48564147949219,42.18366622924805,42.113548278808594,41.60289001464844,42.72149658203125,42.79920196533203,15.000000953674316,15.789472579956055,15.000000953674316,9.523809432983398,0,0,0,0,9.604870796203613,8589934592,2147483648,4591370240,540344320
207,1771785448205,3504,3504,3504,3504,3504,3504,3504,3504,43.25867462158203,43.07112503051758,41.57451629638672,41.44917297363281,42.13737487792969,42.02063751220703,41.52667236328125,42.7120475769043,42.77885818481445,18.18181800842285,22.72727394104004,23.809524536132813,10,0,0,0,0,9.604870796203613,8589934592,2147483648,4591206400,540344320
209,1771785448412,3504,3504,3504,3504,3504,3504,3504,3504,43.25867462158203,43.07112503051758,41.57451629638672,41.44917297363281,42.13737487792969,42.02063751220703,41.52667236328125,42.7120475769043,42.77885818481445,10,23.809524536132813,15.000000953674316,9.523809432983398,0,0,0,0,9.604870796203613,8589934592,2147483648,4591206400,540344320
208,1771785448622,3504,3504,3504,3504,3504,3504,3504,3504,43.25867462158203,43.07112503051758,41.57451629638672,41.44917297363281,42.13737487792969,42.02063751220703,41.52667236328125,42.7120475769043,42.77885818481445,23.809524536132813,10,21.7391300201416,9.090909004211426,0,0,0,0,9.18761920928955,8589934592,2147483648,4591042560,540344320
207,1771785448832,3504,3504,3504,3504,3504,3504,3504,3504,43.25867462158203,43.07112503051758,41.57451629638672,41.44917297363281,42.13737487792969,42.02063751220703,41.52667236328125,42.7120475769043,42.77885818481445,23.809524536132813,15.000000953674316,21.052631378173828,5,0,0,0,0,9.18761920928955,8589934592,2147483648,4591075328,540344320
205,1771785449039,3504,3504,3504,3504,3504,3504,3504,3504,43.216896057128906,43.028724670410156,41.52101135253906,41.35259246826172,42.11153793334961,41.947547912597656,41.515968322753906,42.68744659423828,42.733734130859375,20,13.636363983154297,19.047618865966797,5,0,0,0,0,9.18761920928955,8589934592,2147483648,4591075328,540344320
209,1771785449245,3504,3504,3504,3504,3504,3504,3504,3504,43.216896057128906,43.028724670410156,41.52101135253906,41.35259246826172,42.11153793334961,41.947547912597656,41.515968322753906,42.68744659423828,42.733734130859375,23.809524536132813,19.047618865966797,19.047618865966797,14.285715103149414,0,0,0,0,9.18761920928955,8589934592,2147483648,4591026176,540344320
209,1771785449456,3504,3504,3504,3504,3504,3504,3504,3504,43.216896057128906,43.028724670410156,41.52101135253906,41.35259246826172,42.11153793334961,41.947547912597656,41.515968322753906,42.68744659423828,42.733734130859375,15.000000953674316,23.809524536132813,19.047618865966797,4.761904716491699,0,0,0,0,9.18761920928955,8589934592,2147483648,4591075328,540344320
209,1771785449665,3504,3504,3504,3504,3504,3504,3504,3504,43.216896057128906,43.028724670410156,41.52101135253906,41.35259246826172,42.11153793334961,41.947547912597656,41.515968322753906,42.68744659423828,42.733734130859375,14.285715103149414,20,19.047618865966797,9.523809432983398,0,0,0,0,10.536035537719727,8589934592,2147483648,4591091712,540344320
206,1771785449876,3504,3504,3504,3504,3504,3504,3504,3504,43.216896057128906,43.028724670410156,41.52101135253906,41.35259246826172,42.11153793334961,41.947547912597656,41.515968322753906,42.68744659423828,42.733734130859375,19.047618865966797,19.047618865966797,9.523809432983398,4.761904716491699,4.761904716491699,4.545454502105713,0,0,10.536035537719727,8589934592,2147483648,4591091712,540344320
209,1771785450082,3504,3504,3504,3504,3504,3504,3504,3504,43.24991989135742,43.01310729980469,41.513580322265625,41.308189392089844,42.06011199951172,41.90296936035156,41.470970153808594,42.68320083618164,42.68000030517578,33.333335876464844,35,25,25,0,0,4.545454502105713,0,10.536035537719727,8589934592,2147483648,4592648192,540344320
209,1771785450292,3504,3504,3504,3504,3504,3504,3504,3504,43.24991989135742,43.01310729980469,41.513580322265625,41.308189392089844,42.06011199951172,41.90296936035156,41.470970153808594,42.68320083618164,42.68000030517578,14.285715103149414,18.18181800842285,23.809524536132813,4.761904716491699,9.523809432983398,9.523809432983398,0,4.761904716491699,10.536035537719727,8589934592,2147483648,4593025024,540344320
209,1771785450502,3504,3504,3504,3504,3504,3504,3504,3504,43.24991989135742,43.01310729980469,41.513580322265625,41.308189392089844,42.06011199951172,41.90296936035156,41.470970153808594,42.68320083618164,42.68000030517578,19.047618865966797,15.000000953674316,15.000000953674316,9.523809432983398,0,0,4.545454502105713,0,10.536035537719727,8589934592,2147483648,4593074176,540344320
209,1771785450712,3504,3504,3504,3504,3504,3504,3504,3504,43.24991989135742,43.01310729980469,41.513580322265625,41.308189392089844,42.06011199951172,41.90296936035156,41.470970153808594,42.68320083618164,42.68000030517578,20,19.047618865966797,13.636363983154297,14.285715103149414,0,0,0,0,9.013766288757324,8589934592,2147483648,4593074176,540344320
204,1771785450922,3504,3504,3504,3504,3504,3504,3504,3504,43.24991989135742,43.01310729980469,41.513580322265625,41.308189392089844,42.06011199951172,41.90296936035156,41.470970153808594,42.68320083618164,42.68000030517578,27.272727966308594,19.047618865966797,15.000000953674316,14.285715103149414,0,0,0,0,9.013766288757324,8589934592,2147483648,4592992256,540344320
209,1771785451128,3504,3504,3504,3504,3504,3504,3504,3504,43.443702697753906,43.121952056884766,41.628753662109375,41.40724182128906,42.14712142944336,42.00334167480469,41.57429504394531,42.74015426635742,42.78218460083008,26.3157901763916,15.000000953674316,14.285715103149414,9.523809432983398,0,0,0,0,9.013766288757324,8589934592,2147483648,4593106944,540344320
207,1771785451337,3504,3504,3504,3504,3504,3504,3504,3504,43.443702697753906,43.121952056884766,41.628753662109375,41.40724182128906,42.14712142944336,42.00334167480469,41.57429504394531,42.74015426635742,42.78218460083008,36.3636360168457,14.285715103149414,14.285715103149414,9.523809432983398,0,0,0,0,9.013766288757324,8589934592,2147483648,4593025024,540344320
206,1771785451545,3504,3504,3504,3504,3504,3504,3504,3504,43.443702697753906,43.121952056884766,41.628753662109375,41.40724182128906,42.14712142944336,42.00334167480469,41.57429504394531,42.74015426635742,42.78218460083008,20,14.285715103149414,14.285715103149414,10,0,0,0,0,11.044108390808105,8589934592,2147483648,4593025024,540344320
202,1771785451753,3504,3504,3504,3504,3504,3504,3504,3504,43.443702697753906,43.121952056884766,41.628753662109375,41.40724182128906,42.14712142944336,42.00334167480469,41.57429504394531,42.74015426635742,42.78218460083008,19.047618865966797,14.285715103149414,10.526315689086914,9.523809432983398,0,0,0,0,11.044108390808105,8589934592,2147483648,4592844800,540344320
209,1771785451955,3504,3504,3504,3504,3504,3504,3504,3504,43.443702697753906,43.121952056884766,41.628753662109375,41.40724182128906,42.14712142944336,42.00334167480469,41.57429504394531,42.74015426635742,42.78218460083008,33.333335876464844,30.000001907348633,23.809524536132813,10.526315689086914,0,0,0,0,11.044108390808105,8589934592,2147483648,4592844800,540344320
207,1771785452165,3504,3504,3504,3504,3504,3504,3504,3504,43.246482849121094,43.06913757324219,41.5096435546875,41.260467529296875,42.018741607666016,41.837669372558594,41.47576141357422,42.64670181274414,42.66545486450195,25,20,19.047618865966797,18.18181800842285,23.809524536132813,0,0,0,11.044108390808105,8589934592,2147483648,4593385472,540344320
209,1771785452373,3504,3504,3504,3504,3504,3504,3504,3504,43.246482849121094,43.06913757324219,41.5096435546875,41.260467529296875,42.018741607666016,41.837669372558594,41.47576141357422,42.64670181274414,42.66545486450195,20,23.809524536132813,14.285715103149414,9.523809432983398,4.545454502105713,0,0,0,11.044108390808105,8589934592,2147483648,4593287168,540344320
206,1771785452583,3504,3504,3504,3504,3504,3504,3504,3504,43.246482849121094,43.06913757324219,41.5096435546875,41.260467529296875,42.018741607666016,41.837669372558594,41.47576141357422,42.64670181274414,42.66545486450195,22.72727394104004,22.72727394104004,9.523809432983398,4.761904716491699,0,0,0,0,9.532071113586426,8589934592,2147483648,4593287168,540344320
208,1771785452789,3504,3504,3504,3504,3504,3504,3504,3504,43.246482849121094,43.06913757324219,41.5096435546875,41.260467529296875,42.018741607666016,41.837669372558594,41.47576141357422,42.64670181274414,42.66545486450195,20,15.789472579956055,9.523809432983398,10,0,0,0,0,9.532071113586426,8589934592,2147483648,4593287168,540344320
202,1771785452998,3504,3504,3504,3504,3504,3504,3504,3504,43.246482849121094,43.06913757324219,41.5096435546875,41.260467529296875,42.018741607666016,41.837669372558594,41.47576141357422,42.64670181274414,42.66545486450195,20,22.72727394104004,15.000000953674316,14.285715103149414,0,0,0,0,9.532071113586426,8589934592,2147483648,4593303552,540344320
209,1771785453200,3504,3504,3504,3504,3504,3504,3504,3504,43.19163513183594,42.96387481689453,41.412574768066406,41.35449981689453,42.009429931640625,41.830482482910156,41.471839904785156,42.6463737487793,42.677452087402344,19.047618865966797,20,10,5,0,0,0,0,9.532071113586426,8589934592,2147483648,4593188864,540344320
200,1771785453410,3504,3504,3504,3504,3504,3504,3504,3504,43.19163513183594,42.96387481689453,41.412574768066406,41.35449981689453,42.009429931640625,41.830482482910156,41.471839904785156,42.6463737487793,42.677452087402344,23.809524536132813,15.000000953674316,23.809524536132813,9.523809432983398,0,0,0,0,9.532071113586426,8589934592,2147483648,4593188864,540344320
199,1771785453612,3504,3504,3504,3504,3504,3504,3504,3504,43.19163513183594,42.96387481689453,41.412574768066406,41.35449981689453,42.009429931640625,41.830482482910156,41.471839904785156,42.6463737487793,42.677452087402344,30.000001907348633,47.619049072265625,33.333335876464844,30.000001907348633,0,0,0,0,10.574045181274414,8589934592,2147483648,4593352704,540344320
9,1771785453812,3504,3504,3504,3504,3504,3504,3504,3504,43.19163513183594,42.96387481689453,41.412574768066406,41.35449981689453,42.009429931640625,41.830482482910156,41.471839904785156,42.6463737487793,42.677452087402344,20,15.789472579956055,25,5.263157844543457,0,0,0,0,10.574045181274414,8589934592,2147483648,4592631808,540344320
