Delta,Time,CPU_FREQUENCY_0,CPU_FREQUENCY_1,CPU_FREQUENCY_2,CPU_FREQUENCY_3,CPU_FREQUENCY_4,CPU_FREQUENCY_5,CPU_FREQUENCY_6,CPU_FREQUENCY_7,CPU_TEMP_0,CPU_TEMP_1,CPU_TEMP_2,CPU_TEMP_3,CPU_TEMP_4,CPU_TEMP_5,CPU_TEMP_6,CPU_TEMP_7,CPU_TEMP_8,CPU_USAGE_0,CPU_USAGE_1,CPU_USAGE_2,CPU_USAGE_3,CPU_USAGE_4,CPU_USAGE_5,CPU_USAGE_6,CPU_USAGE_7,SYSTEM_POWER (Watts),TOTAL_MEMORY,TOTAL_SWAP,USED_MEMORY,USED_SWAP
0,1771639712837,3504,3504,3504,3504,3504,3504,3504,3504,52.54106140136719,51.837127685546875,50.923309326171875,50.72113800048828,50.99152374267578,50.804283142089844,50.52623748779297,51.69552993774414,51.83909225463867,0,NaN,100,0,0,0,0,0,2.1102328300476074,8589934592,1073741824,5304811520,307429376
209,1771639712837,3504,3504,3504,3504,3504,3504,3504,3504,52.54106140136719,51.837127685546875,50.923309326171875,50.72113800048828,50.99152374267578,50.804283142089844,50.52623748779297,51.69552993774414,51.83909225463867,0,50,50,0,50,0,0,0,2.1102328300476074,8589934592,1073741824,5305679872,307429376
204,1771639713048,3504,3504,3504,3504,3504,3504,3504,3504,52.54106140136719,51.837127685546875,50.923309326171875,50.72113800048828,50.99152374267578,50.804283142089844,50.52623748779297,51.69552993774414,51.83909225463867,30.000001907348633,20,19.047618865966797,14.285715103149414,19.047618865966797,0,0,0,2.1102328300476074,8589934592,1073741824,5305679872,307429376
209,1771639713252,3504,3504,3504,3504,3504,3504,3504,3504,52.876338958740234,52.550872802734375,51.260284423828125,50.86578369140625,50.420047760009766,50.29937744140625,50.002716064453125,51.40126419067383,51.3596076965332,28.571430206298828,23.809524536132813,15.000000953674316,15.000000953674316,20,0,0,0,2.1102328300476074,8589934592,1073741824,5305679872,307429376
207,1771639713462,3504,3504,3504,3504,3504,3504,3504,3504,52.876338958740234,52.550872802734375,51.260284423828125,50.86578369140625,50.420047760009766,50.29937744140625,50.002716064453125,51.40126419067383,51.3596076965332,19.047618865966797,19.047618865966797,19.047618865966797,13.043478012084961,0,0,0,0,2.1102328300476074,8589934592,1073741824,5303336960,307429376
209,1771639713670,3504,3504,3504,3504,3504,3504,3504,3504,52.876338958740234,52.550872802734375,51.260284423828125,50.86578369140625,50.420047760009766,50.29937744140625,50.002716064453125,51.40126419067383,51.3596076965332,25,25,35,20,23.809524536132813,20,19.047618865966797,19.047618865966797,2.491565227508545,8589934592,1073741824,5301698560,307429376
207,1771639713881,3504,3504,3504,3504,3504,3504,3504,3504,52.876338958740234,52.550872802734375,51.260284423828125,50.86578369140625,50.420047760009766,50.29937744140625,50.002716064453125,51.40126419067383,51.3596076965332,18.18181800842285,13.636363983154297,14.285715103149414,4.761904716491699,0,0,0,0,2.491565227508545,8589934592,1073741824,5301780480,307429376
209,1771639714088,3504,3504,3504,3504,3504,3504,3504,3504,52.876338958740234,52.550872802734375,51.260284423828125,50.86578369140625,50.420047760009766,50.29937744140625,50.002716064453125,51.40126419067383,51.3596076965332,20,20,10,15.000000953674316,9.090909004211426,4.761904716491699,0,0,2.491565227508545,8589934592,1073741824,5075828736,307429376
206,1771639714299,3504,3504,3504,3504,3504,3504,3504,3504,50.618812561035156,49.799652099609375,48.883262634277344,48.618499755859375,48.92692565917969,48.795654296875,48.497955322265625,49.723514556884766,49.816314697265625,15.000000953674316,19.047618865966797,9.090909004211426,4.761904716491699,0,0,4.761904716491699,0,2.491565227508545,8589934592,1073741824,5075828736,307429376
209,1771639714505,3504,3504,3504,3504,3504,3504,3504,3504,50.618812561035156,49.799652099609375,48.883262634277344,48.618499755859375,48.92692565917969,48.795654296875,48.497955322265625,49.723514556884766,49.816314697265625,45.45454788208008,30.000001907348633,25,20,0,0,0,0,2.491565227508545,8589934592,1073741824,5077778432,307429376
200,1771639714715,3504,3504,3504,3504,3504,3504,3504,3504,50.618812561035156,49.799652099609375,48.883262634277344,48.618499755859375,48.92692565917969,48.795654296875,48.497955322265625,49.723514556884766,49.816314697265625,30.000001907348633,18.18181800842285,19.047618865966797,14.285715103149414,0,0,0,0,3.6380343437194824,8589934592,1073741824,5075992576,307429376
204,1771639714916,3504,3504,3504,3504,3504,3504,3504,3504,50.618812561035156,49.799652099609375,48.883262634277344,48.618499755859375,48.92692565917969,48.795654296875,48.497955322265625,49.723514556884766,49.816314697265625,30.000001907348633,15.789472579956055,19.047618865966797,14.285715103149414,0,0,0,0,3.6380343437194824,8589934592,1073741824,5062033408,307429376
209,1771639715122,3504,3504,3504,3504,3504,3504,3504,3504,50.618812561035156,49.799652099609375,48.883262634277344,48.618499755859375,48.92692565917969,48.795654296875,47.16473388671875,48.26982116699219,48.374446868896484,28.571430206298828,19.047618865966797,25,19.047618865966797,0,9.090909004211426,0,0,3.6380343437194824,8589934592,1073741824,5060968448,307429376
209,1771639715332,3504,3504,3504,3504,3504,3504,3504,3504,49.134613037109375,48.551761627197266,47.486106872558594,47.19366455078125,47.55000686645508,47.46375274658203,47.16473388671875,48.26982116699219,48.374446868896484,23.809524536132813,15.000000953674316,14.285715103149414,10,0,0,0,0,3.6380343437194824,8589934592,1073741824,5060952064,307429376
206,1771639715542,3504,3504,3504,3504,3504,3504,3504,3504,49.134613037109375,48.551761627197266,47.486106872558594,47.19366455078125,47.55000686645508,47.46375274658203,47.16473388671875,48.26982116699219,48.374446868896484,23.809524536132813,19.047618865966797,19.047618865966797,9.523809432983398,0,0,0,0,3.6380343437194824,8589934592,1073741824,5060739072,307429376
203,1771639715748,3504,3504,3504,3504,3504,3504,3504,3504,49.134613037109375,48.551761627197266,47.486106872558594,47.19366455078125,47.55000686645508,47.46375274658203,47.16473388671875,48.26982116699219,48.374446868896484,28.571430206298828,19.047618865966797,10,5,0,0,0,0,2.7386844158172607,8589934592,1073741824,5060968448,307429376
208,1771639715952,3504,3504,3504,3504,3504,3504,3504,3504,49.134613037109375,48.551761627197266,47.486106872558594,47.19366455078125,47.55000686645508,47.46375274658203,47.16473388671875,48.26982116699219,48.374446868896484,20,25,5,9.523809432983398,0,0,0,0,2.7386844158172607,8589934592,1073741824,5060968448,307429376
209,1771639716161,3504,3504,3504,3504,3504,3504,3504,3504,48.27164077758789,47.77496337890625,46.44879913330078,46.27333068847656,46.68095016479492,46.64775085449219,46.22087097167969,47.324867248535156,47.438133239746094,19.047618865966797,23.809524536132813,14.285715103149414,9.523809432983398,0,0,0,0,2.7386844158172607,8589934592,1073741824,5061066752,307429376
207,1771639716371,3504,3504,3504,3504,3504,3504,3504,3504,48.27164077758789,47.77496337890625,46.44879913330078,46.27333068847656,46.68095016479492,46.64775085449219,46.22087097167969,47.324867248535156,47.438133239746094,15.000000953674316,28.571430206298828,9.523809432983398,9.523809432983398,0,0,0,0,2.7386844158172607,8589934592,1073741824,5061165056,307429376
203,1771639716580,3504,3504,3504,3504,3504,3504,3504,3504,48.27164077758789,47.77496337890625,46.44879913330078,46.27333068847656,46.68095016479492,46.64775085449219,46.22087097167969,47.324867248535156,47.438133239746094,19.047618865966797,20,19.047618865966797,14.285715103149414,0,0,0,0,2.7386844158172607,8589934592,1073741824,5061181440,307429376
209,1771639716784,3504,3504,3504,3504,3504,3504,3504,3504,48.27164077758789,47.77496337890625,46.44879913330078,46.27333068847656,46.68095016479492,46.64775085449219,46.22087097167969,47.324867248535156,47.438133239746094,15.000000953674316,19.047618865966797,15.789472579956055,5,0,0,0,0,2.051187753677368,8589934592,1073741824,5061181440,307429376
207,1771639716993,3504,3504,3504,3504,3504,3504,3504,3504,48.27164077758789,47.77496337890625,46.44879913330078,46.27333068847656,46.68095016479492,46.64775085449219,46.22087097167969,47.324867248535156,47.438133239746094,23.809524536132813,14.285715103149414,22.72727394104004,5,0,0,0,0,2.051187753677368,8589934592,1073741824,5061115904,307429376
209,1771639717201,3504,3504,3504,3504,3504,3504,3504,3504,47.43093490600586,46.99481201171875,45.608741760253906,45.44917297363281,45.90550994873047,46.13489532470703,45.52326202392578,46.595401763916016,46.65237045288086,28.571430206298828,35,28.571430206298828,23.809524536132813,0,0,0,0,2.051187753677368,8589934592,1073741824,5060837376,307429376
199,1771639717411,3504,3504,3504,3504,3504,3504,3504,3504,47.43093490600586,46.99481201171875,45.608741760253906,45.44917297363281,45.90550994873047,46.13489532470703,45.52326202392578,46.595401763916016,46.65237045288086,15.000000953674316,28.571430206298828,19.047618865966797,9.523809432983398,0,0,0,0,2.051187753677368,8589934592,1073741824,5060984832,307429376
208,1771639717611,3504,3504,3504,3504,3504,3504,3504,3504,47.43093490600586,46.99481201171875,45.608741760253906,45.44917297363281,45.90550994873047,46.13489532470703,45.52326202392578,46.595401763916016,46.65237045288086,28.571430206298828,15.000000953674316,10.526315689086914,5.263157844543457,4.761904716491699,0,0,0,2.051187753677368,8589934592,1073741824,5058822144,307429376
209,1771639717820,3504,3504,3504,3504,3504,3504,3504,3504,47.43093490600586,46.99481201171875,45.608741760253906,45.44917297363281,45.90550994873047,46.13489532470703,45.52326202392578,46.595401763916016,46.65237045288086,21.052631378173828,28.571430206298828,19.047618865966797,18.18181800842285,0,0,0,0,2.2472457885742188,8589934592,1073741824,5059067904,307429376
209,1771639718030,3504,3504,3504,3504,3504,3504,3504,3504,47.43093490600586,46.99481201171875,45.608741760253906,45.44917297363281,45.90550994873047,46.13489532470703,45.52326202392578,46.595401763916016,46.65237045288086,27.272727966308594,19.047618865966797,14.285715103149414,9.523809432983398,0,0,0,0,2.2472457885742188,8589934592,1073741824,5059608576,307429376
201,1771639718240,3504,3504,3504,3504,3504,3504,3504,3504,46.639686584472656,46.331153869628906,45.158721923828125,44.84856414794922,45.266387939453125,45.6842041015625,44.95648193359375,46.12028121948242,46.04564666748047,25,14.285715103149414,13.636363983154297,4.761904716491699,4.545454502105713,0,0,0,2.2472457885742188,8589934592,1073741824,5059362816,307429376
205,1771639718442,3504,3504,3504,3504,3504,3504,3504,3504,46.639686584472656,46.331153869628906,45.158721923828125,44.84856414794922,45.266387939453125,45.6842041015625,44.95648193359375,46.12028121948242,46.04564666748047,20,20,5.555555820465088,10,0,0,0,0,2.2472457885742188,8589934592,1073741824,5059461120,307429376
209,1771639718647,3504,3504,3504,3504,3504,3504,3504,3504,46.639686584472656,46.331153869628906,45.158721923828125,44.84856414794922,45.266387939453125,45.6842041015625,44.95648193359375,46.12028121948242,46.04564666748047,19.047618865966797,20,18.18181800842285,10,4.761904716491699,4.761904716491699,0,0,2.027294635772705,8589934592,1073741824,5059084288,307429376
207,1771639718857,3504,3504,3504,3504,3504,3504,3504,3504,46.639686584472656,46.331153869628906,45.158721923828125,44.84856414794922,45.266387939453125,45.6842041015625,44.95648193359375,46.12028121948242,46.04564666748047,23.809524536132813,14.285715103149414,19.047618865966797,9.523809432983398,0,0,4.545454502105713,0,2.027294635772705,8589934592,1073741824,5059428352,307429376
209,1771639719065,3504,3504,3504,3504,3504,3504,3504,3504,46.639686584472656,46.331153869628906,45.158721923828125,44.84856414794922,45.266387939453125,45.6842041015625,44.95648193359375,46.12028121948242,46.04564666748047,23.809524536132813,14.285715103149414,15.000000953674316,9.523809432983398,0,0,0,0,2.027294635772705,8589934592,1073741824,5059297280,307429376
206,1771639719275,3504,3504,3504,3504,3504,3504,3504,3504,46.19218444824219,45.592445373535156,44.55626678466797,44.29741668701172,44.74876022338867,45.02246856689453,44.39469909667969,45.45314025878906,45.51057815551758,25,14.285715103149414,19.047618865966797,9.523809432983398,0,0,0,0,2.027294635772705,8589934592,1073741824,5059346432,307429376
207,1771639719482,3504,3504,3504,3504,3504,3504,3504,3504,46.19218444824219,45.592445373535156,44.55626678466797,44.29741668701172,44.74876022338867,45.02246856689453,44.39469909667969,45.45314025878906,45.51057815551758,23.809524536132813,10,19.047618865966797,5,0,0,0,0,2.027294635772705,8589934592,1073741824,5059346432,307429376
208,1771639719690,3504,3504,3504,3504,3504,3504,3504,3504,46.19218444824219,45.592445373535156,44.55626678466797,44.29741668701172,44.74876022338867,45.02246856689453,44.39469909667969,45.45314025878906,45.51057815551758,19.047618865966797,19.047618865966797,20,9.523809432983398,0,0,0,0,2.421671152114868,8589934592,1073741824,5058822144,307429376
209,1771639719898,3504,3504,3504,3504,3504,3504,3504,3504,46.19218444824219,45.592445373535156,44.55626678466797,44.29741668701172,44.74876022338867,45.02246856689453,44.39469909667969,45.45314025878906,45.51057815551758,23.809524536132813,14.285715103149414,19.047618865966797,9.523809432983398,0,0,0,0,2.421671152114868,8589934592,1073741824,5058379776,307429376
202,1771639720108,3504,3504,3504,3504,3504,3504,3504,3504,46.19218444824219,45.592445373535156,44.55626678466797,44.29741668701172,44.74876022338867,45.02246856689453,44.39469909667969,45.45314025878906,45.51057815551758,15.000000953674316,14.285715103149414,19.047618865966797,10,0,0,0,0,2.421671152114868,8589934592,1073741824,5057708032,307429376
209,1771639720311,3504,3504,3504,3504,3504,3504,3504,3504,45.734107971191406,45.020652770996094,44.04631042480469,43.71727752685547,44.239837646484375,44.34546661376953,43.838356018066406,44.93268585205078,44.97980499267578,20,15.000000953674316,20,19.047618865966797,0,0,0,0,2.421671152114868,8589934592,1073741824,5057708032,307429376
202,1771639720521,3504,3504,3504,3504,3504,3504,3504,3504,45.734107971191406,45.020652770996094,44.04631042480469,43.71727752685547,44.239837646484375,44.34546661376953,43.838356018066406,44.93268585205078,44.97980499267578,14.285715103149414,10,19.047618865966797,19.047618865966797,0,0,0,0,2.421671152114868,8589934592,1073741824,5057708032,307429376
209,1771639720724,3504,3504,3504,3504,3504,3504,3504,3504,45.734107971191406,45.020652770996094,44.04631042480469,43.71727752685547,44.239837646484375,44.34546661376953,43.838356018066406,44.93268585205078,44.97980499267578,19.047618865966797,14.285715103149414,20,19.047618865966797,0,0,0,0,2.2855801582336426,8589934592,1073741824,5057773568,307429376
209,1771639720934,3504,3504,3504,3504,3504,3504,3504,3504,45.734107971191406,45.020652770996094,44.04631042480469,43.71727752685547,44.239837646484375,44.34546661376953,43.838356018066406,44.93268585205078,44.97980499267578,10.526315689086914,15.000000953674316,19.047618865966797,15.000000953674316,0,0,0,0,2.2855801582336426,8589934592,1073741824,5057658880,307429376
204,1771639721143,3504,3504,3504,3504,3504,3504,3504,3504,45.39319610595703,44.567481994628906,43.562583923339844,43.292518615722656,43.91950988769531,43.698974609375,43.396697998046875,44.47063446044922,44.53226852416992,21.7391300201416,19.047618865966797,19.047618865966797,9.523809432983398,0,0,0,0,2.2855801582336426,8589934592,1073741824,5057658880,307429376
199,1771639721348,3504,3504,3504,3504,3504,3504,3504,3504,45.39319610595703,44.567481994628906,43.562583923339844,43.292518615722656,43.91950988769531,43.698974609375,43.396697998046875,44.47063446044922,44.53226852416992,20,10,20,9.523809432983398,0,0,0,0,2.2855801582336426,8589934592,1073741824,5057675264,307429376
206,1771639721549,3504,3504,3504,3504,3504,3504,3504,3504,45.39319610595703,44.567481994628906,43.562583923339844,43.292518615722656,43.91950988769531,43.698974609375,43.396697998046875,44.47063446044922,44.53226852416992,30.000001907348633,23.809524536132813,15.000000953674316,15.000000953674316,4.761904716491699,5,5,4.761904716491699,2.2855801582336426,8589934592,1073741824,5058134016,307429376
209,1771639721755,3504,3504,3504,3504,3504,3504,3504,3504,45.39319610595703,44.567481994628906,43.562583923339844,43.292518615722656,43.91950988769531,43.698974609375,43.396697998046875,44.47063446044922,44.53226852416992,10.526315689086914,14.285715103149414,9.523809432983398,25,0,0,0,0,1.87956964969635,8589934592,1073741824,5058232320,307429376
209,1771639721965,3504,3504,3504,3504,3504,3504,3504,3504,45.39319610595703,44.567481994628906,43.562583923339844,43.292518615722656,43.91950988769531,43.698974609375,43.396697998046875,44.47063446044922,44.53226852416992,23.809524536132813,10,10,23.809524536132813,0,0,0,0,1.87956964969635,8589934592,1073741824,5058183168,307429376
209,1771639722175,3504,3504,3504,3504,3504,3504,3504,3504,44.94085693359375,44.22734069824219,43.15001678466797,42.85657501220703,43.39771270751953,43.31083679199219,43.00006103515625,43.988887786865234,44.1275634765625,22.72727394104004,14.285715103149414,9.523809432983398,15.000000953674316,0,0,0,0,1.87956964969635,8589934592,1073741824,5058150400,307429376
208,1771639722385,3504,3504,3504,3504,3504,3504,3504,3504,44.94085693359375,44.22734069824219,43.15001678466797,42.85657501220703,43.39771270751953,43.31083679199219,43.00006103515625,43.988887786865234,44.1275634765625,19.047618865966797,14.285715103149414,9.523809432983398,18.18181800842285,0,0,0,0,1.87956964969635,8589934592,1073741824,5058117632,307429376
203,1771639722594,3504,3504,3504,3504,3504,3504,3504,3504,44.94085693359375,44.22734069824219,43.15001678466797,42.85657501220703,43.39771270751953,43.31083679199219,43.00006103515625,43.988887786865234,44.1275634765625,20,19.047618865966797,14.285715103149414,19.047618865966797,0,0,0,0,1.87956964969635,8589934592,1073741824,5058117632,307429376
209,1771639722798,3504,3504,3504,3504,3504,3504,3504,3504,44.94085693359375,44.22734069824219,43.15001678466797,42.85657501220703,43.39771270751953,43.31083679199219,43.00006103515625,43.988887786865234,44.1275634765625,33.333335876464844,15.000000953674316,14.285715103149414,5,0,0,0,0,2.138888359069824,8589934592,1073741824,5047500800,307429376
206,1771639723008,3504,3504,3504,3504,3504,3504,3504,3504,44.94085693359375,44.22734069824219,43.15001678466797,42.85657501220703,43.39771270751953,43.31083679199219,43.00006103515625,43.988887786865234,44.1275634765625,30.000001907348633,10,15.000000953674316,9.523809432983398,0,0,0,0,2.138888359069824,8589934592,1073741824,5047566336,307429376
209,1771639723215,3504,3504,3504,3504,3504,3504,3504,3504,44.468326568603516,44.05995178222656,42.88298797607422,42.65326690673828,43.068153381347656,42.97029113769531,42.62445068359375,43.634578704833984,43.74688720703125,30.000001907348633,33.333335876464844,19.047618865966797,20,38.095237731933594,0,0,0,2.138888359069824,8589934592,1073741824,5048467456,307429376
209,1771639723425,3504,3504,3504,3504,3504,3504,3504,3504,44.468326568603516,44.05995178222656,42.88298797607422,42.65326690673828,43.068153381347656,42.97029113769531,42.62445068359375,43.634578704833984,43.74688720703125,22.72727394104004,19.047618865966797,19.047618865966797,13.636363983154297,4.761904716491699,4.761904716491699,0,0,2.138888359069824,8589934592,1073741824,5049024512,307429376
209,1771639723635,3504,3504,3504,3504,3504,3504,3504,3504,44.468326568603516,44.05995178222656,42.88298797607422,42.65326690673828,43.068153381347656,42.97029113769531,42.62445068359375,43.634578704833984,43.74688720703125,23.809524536132813,19.047618865966797,14.285715103149414,10,4.761904716491699,0,0,0,2.212529182434082,8589934592,1073741824,5049352192,307429376
209,1771639723845,3504,3504,3504,3504,3504,3504,3504,3504,44.468326568603516,44.05995178222656,42.88298797607422,42.65326690673828,43.068153381347656,42.97029113769531,42.62445068359375,43.634578704833984,43.74688720703125,25,23.809524536132813,14.285715103149414,9.523809432983398,0,4.761904716491699,0,0,2.212529182434082,8589934592,1073741824,5049237504,307429376
207,1771639724055,3504,3504,3504,3504,3504,3504,3504,3504,44.468326568603516,44.05995178222656,42.88298797607422,42.65326690673828,43.068153381347656,42.97029113769531,42.62445068359375,43.634578704833984,43.74688720703125,19.047618865966797,25,10,5,0,0,0,0,2.212529182434082,8589934592,1073741824,5052923904,307429376
208,1771639724263,3504,3504,3504,3504,3504,3504,3504,3504,44.2313117980957,43.75031280517578,42.6185302734375,42.391456604003906,42.82615661621094,42.816986083984375,42.350685119628906,43.431434631347656,43.47795486450195,15.000000953674316,23.809524536132813,14.285715103149414,13.636363983154297,4.545454502105713,0,0,0,2.212529182434082,8589934592,1073741824,5053186048,307429376
209,1771639724471,3504,3504,3504,3504,3504,3504,3504,3504,44.2313117980957,43.75031280517578,42.6185302734375,42.391456604003906,42.82615661621094,42.816986083984375,42.350685119628906,43.431434631347656,43.47795486450195,19.047618865966797,19.047618865966797,19.047618865966797,10,0,0,0,0,2.212529182434082,8589934592,1073741824,5053284352,307429376
200,1771639724681,3504,3504,3504,3504,3504,3504,3504,3504,44.2313117980957,43.75031280517578,42.6185302734375,42.391456604003906,42.82615661621094,42.816986083984375,42.350685119628906,43.431434631347656,43.47795486450195,31.81818199157715,19.047618865966797,23.809524536132813,23.809524536132813,0,0,0,0,2.337453842163086,8589934592,1073741824,5053284352,307429376
203,1771639724882,3504,3504,3504,3504,3504,3504,3504,3504,44.2313117980957,43.75031280517578,42.6185302734375,42.391456604003906,42.82615661621094,42.816986083984375,42.350685119628906,43.431434631347656,43.47795486450195,47.36842346191406,40,25,20,15.000000953674316,14.285715103149414,5,0,2.337453842163086,8589934592,1073741824,5059248128,307429376
209,1771639725086,3504,3504,3504,3504,3504,3504,3504,3504,44.2313117980957,43.75031280517578,42.6185302734375,42.391456604003906,42.82615661621094,42.816986083984375,42.350685119628906,43.431434631347656,43.47795486450195,28.571430206298828,25,26.3157901763916,20,20,23.809524536132813,20,20,2.337453842163086,8589934592,1073741824,5043699712,307429376
201,1771639725296,3504,3504,3504,3504,3504,3504,3504,3504,44.45039749145508,43.96364212036133,42.66841125488281,42.42803192138672,42.670738220214844,42.901268005371094,42.47899627685547,43.56540298461914,43.61756134033203,14.285715103149414,9.523809432983398,18.18181800842285,4.761904716491699,4.761904716491699,0,0,0,2.337453842163086,8589934592,1073741824,5045272576,307429376
201,1771639725498,3504,3504,3504,3504,3504,3504,3504,3504,44.45039749145508,43.96364212036133,42.66841125488281,42.42803192138672,42.670738220214844,42.901268005371094,42.47899627685547,43.56540298461914,43.61756134033203,20,20,10.526315689086914,14.285715103149414,0,0,0,0,2.337453842163086,8589934592,1073741824,5045305344,307429376
209,1771639725700,3504,3504,3504,3504,3504,3504,3504,3504,44.45039749145508,43.96364212036133,42.66841125488281,42.42803192138672,42.670738220214844,42.901268005371094,42.47899627685547,43.56540298461914,43.61756134033203,25,33.333335876464844,28.571430206298828,15.789472579956055,15.000000953674316,15.000000953674316,15.000000953674316,10.526315689086914,2.3003509044647217,8589934592,1073741824,5045305344,307429376
206,1771639725910,3504,3504,3504,3504,3504,3504,3504,3504,44.45039749145508,43.96364212036133,42.66841125488281,42.42803192138672,42.670738220214844,42.901268005371094,42.47899627685547,43.56540298461914,43.61756134033203,9.523809432983398,20,4.761904716491699,9.090909004211426,0,0,0,0,2.3003509044647217,8589934592,1073741824,5045305344,307429376
208,1771639726117,3504,3504,3504,3504,3504,3504,3504,3504,44.45039749145508,43.96364212036133,42.66841125488281,42.42803192138672,42.670738220214844,42.901268005371094,42.47899627685547,43.56540298461914,43.61756134033203,20,28.571430206298828,14.285715103149414,15.000000953674316,0,0,0,0,2.3003509044647217,8589934592,1073741824,5045321728,307429376
201,1771639726326,3504,3504,3504,3504,3504,3504,3504,3504,44.22993087768555,43.719139099121094,42.46916198730469,42.249053955078125,42.601959228515625,42.78917694091797,42.3448486328125,43.417510986328125,43.50007247924805,25,15.000000953674316,9.523809432983398,9.523809432983398,0,0,0,0,2.3003509044647217,8589934592,1073741824,5045321728,307429376
204,1771639726528,3504,3504,3504,3504,3504,3504,3504,3504,44.22993087768555,43.719139099121094,42.46916198730469,42.249053955078125,42.601959228515625,42.78917694091797,42.3448486328125,43.417510986328125,43.50007247924805,23.809524536132813,20,10.526315689086914,5,0,0,0,0,2.3003509044647217,8589934592,1073741824,5045321728,307429376
209,1771639726732,3504,3504,3504,3504,3504,3504,3504,3504,44.22993087768555,43.719139099121094,42.46916198730469,42.249053955078125,42.601959228515625,42.78917694091797,42.3448486328125,43.417510986328125,43.50007247924805,30.000001907348633,23.809524536132813,19.047618865966797,23.809524536132813,5,5,9.090909004211426,4.761904716491699,2.436195135116577,8589934592,1073741824,5045321728,307429376
205,1771639726943,3504,3504,3504,3504,3504,3504,3504,3504,44.22993087768555,43.719139099121094,42.46916198730469,42.249053955078125,42.601959228515625,42.78917694091797,42.3448486328125,43.417510986328125,43.50007247924805,20,19.047618865966797,9.523809432983398,4.761904716491699,4.545454502105713,0,0,0,2.436195135116577,8589934592,1073741824,5047369728,307429376
205,1771639727148,3504,3504,3504,3504,3504,3504,3504,3504,43.464088439941406,43.148216247558594,41.80810546875,41.56926727294922,42.121299743652344,42.1375732421875,41.658966064453125,42.71185302734375,42.74501037597656,27.272727966308594,20,14.285715103149414,5.263157844543457,0,0,0,0,2.436195135116577,8589934592,1073741824,5047435264,307429376
205,1771639727354,3504,3504,3504,3504,3504,3504,3504,3504,43.464088439941406,43.148216247558594,41.80810546875,41.56926727294922,42.121299743652344,42.1375732421875,41.658966064453125,42.71185302734375,42.74501037597656,15.000000953674316,19.047618865966797,10,14.285715103149414,0,0,0,0,2.436195135116577,8589934592,1073741824,5047435264,307429376
200,1771639727561,3504,3504,3504,3504,3504,3504,3504,3504,43.464088439941406,43.148216247558594,41.80810546875,41.56926727294922,42.121299743652344,42.1375732421875,41.658966064453125,42.71185302734375,42.74501037597656,15.000000953674316,20,10,14.285715103149414,0,0,0,0,2.436195135116577,8589934592,1073741824,5047435264,307429376
203,1771639727761,3504,3504,3504,3504,3504,3504,3504,3504,43.464088439941406,43.148216247558594,41.80810546875,41.56926727294922,42.121299743652344,42.1375732421875,41.658966064453125,42.71185302734375,42.74501037597656,15.000000953674316,14.285715103149414,10,20,0,0,0,0,2.953890323638916,8589934592,1073741824,5047435264,307429376
202,1771639727965,3504,3504,3504,3504,3504,3504,3504,3504,43.464088439941406,43.148216247558594,41.80810546875,41.56926727294922,42.121299743652344,42.1375732421875,41.658966064453125,42.71185302734375,42.74501037597656,15.000000953674316,10,10,23.809524536132813,0,0,0,0,2.953890323638916,8589934592,1073741824,5047435264,307429376
200,1771639728168,3504,3504,3504,3504,3504,3504,3504,3504,43.0831184387207,42.77819061279297,41.344879150390625,41.157318115234375,41.618751525878906,41.514854431152344,41.32501220703125,42.38248825073242,42.349937438964844,23.809524536132813,10.526315689086914,14.285715103149414,15.789472579956055,0,0,0,0,2.953890323638916,8589934592,1073741824,5047304192,307429376
205,1771639728369,3504,3504,3504,3504,3504,3504,3504,3504,43.0831184387207,42.77819061279297,41.344879150390625,41.157318115234375,41.618751525878906,41.514854431152344,41.32501220703125,42.38248825073242,42.349937438964844,20,14.285715103149414,5,15.000000953674316,0,0,0,0,2.953890323638916,8589934592,1073741824,5047304192,307429376
205,1771639728575,3504,3504,3504,3504,3504,3504,3504,3504,43.0831184387207,42.77819061279297,41.344879150390625,41.157318115234375,41.618751525878906,41.514854431152344,41.32501220703125,42.38248825073242,42.349937438964844,25,10.526315689086914,10,19.047618865966797,0,0,0,0,2.953890323638916,8589934592,1073741824,5044486144,307429376
209,1771639728782,3504,3504,3504,3504,3504,3504,3504,3504,43.0831184387207,42.77819061279297,41.344879150390625,41.157318115234375,41.618751525878906,41.514854431152344,41.32501220703125,42.38248825073242,42.349937438964844,19.047618865966797,13.636363983154297,5,14.285715103149414,4.761904716491699,5,0,4.761904716491699,2.0404796600341797,8589934592,1073741824,5044486144,307429376
204,1771639728992,3504,3504,3504,3504,3504,3504,3504,3504,43.0831184387207,42.77819061279297,41.344879150390625,41.157318115234375,41.618751525878906,41.514854431152344,41.32501220703125,42.38248825073242,42.349937438964844,23.809524536132813,10,13.636363983154297,15.000000953674316,0,0,0,0,2.0404796600341797,8589934592,1073741824,5044486144,307429376
201,1771639729197,3504,3504,3504,3504,3504,3504,3504,3504,42.90471649169922,42.46079635620117,41.18949890136719,40.916748046875,41.29990005493164,41.193077087402344,41.031211853027344,42.12363052368164,42.06962203979492,20,14.285715103149414,5.263157844543457,14.285715103149414,0,0,0,0,2.0404796600341797,8589934592,1073741824,5044486144,307429376
209,1771639729398,3504,3504,3504,3504,3504,3504,3504,3504,42.90471649169922,42.46079635620117,41.18949890136719,40.916748046875,41.29990005493164,41.193077087402344,41.031211853027344,42.12363052368164,42.06962203979492,23.809524536132813,10,13.636363983154297,19.047618865966797,0,0,0,0,2.0404796600341797,8589934592,1073741824,5044551680,307429376
209,1771639729608,3504,3504,3504,3504,3504,3504,3504,3504,42.90471649169922,42.46079635620117,41.18949890136719,40.916748046875,41.29990005493164,41.193077087402344,41.031211853027344,42.12363052368164,42.06962203979492,19.047618865966797,15.000000953674316,5,14.285715103149414,0,0,0,0,2.0404796600341797,8589934592,1073741824,5044551680,307429376
209,1771639729818,3504,3504,3504,3504,3504,3504,3504,3504,42.90471649169922,42.46079635620117,41.18949890136719,40.916748046875,41.29990005493164,41.193077087402344,41.031211853027344,42.12363052368164,42.06962203979492,25,22.72727394104004,14.285715103149414,5.263157844543457,0,0,0,0,2.1275582313537598,8589934592,1073741824,5043126272,307429376
207,1771639730028,3504,3504,3504,3504,3504,3504,3504,3504,42.90471649169922,42.46079635620117,41.18949890136719,40.916748046875,41.29990005493164,41.193077087402344,41.031211853027344,42.12363052368164,42.06962203979492,19.047618865966797,19.047618865966797,5,9.090909004211426,0,0,0,0,2.1275582313537598,8589934592,1073741824,5042290688,307429376
208,1771639730236,3504,3504,3504,3504,3504,3504,3504,3504,42.636207580566406,42.05232620239258,40.843902587890625,40.65962219238281,41.027687072753906,40.89147186279297,40.71214294433594,41.80598449707031,41.82032775878906,19.047618865966797,20,14.285715103149414,10,0,0,0,0,2.1275582313537598,8589934592,1073741824,5042290688,307429376
209,1771639730445,3504,3504,3504,3504,3504,3504,3504,3504,42.636207580566406,42.05232620239258,40.843902587890625,40.65962219238281,41.027687072753906,40.89147186279297,40.71214294433594,41.80598449707031,41.82032775878906,25,19.047618865966797,13.636363983154297,9.523809432983398,0,4.761904716491699,0,4.545454502105713,2.1275582313537598,8589934592,1073741824,5041586176,307429376
209,1771639730654,3504,3504,3504,3504,3504,3504,3504,3504,42.636207580566406,42.05232620239258,40.843902587890625,40.65962219238281,41.027687072753906,40.89147186279297,40.71214294433594,41.80598449707031,41.82032775878906,23.809524536132813,19.047618865966797,10,14.285715103149414,0,0,0,0,2.214139938354492,8589934592,1073741824,5041618944,307429376
204,1771639730865,3504,3504,3504,3504,3504,3504,3504,3504,42.636207580566406,42.05232620239258,40.843902587890625,40.65962219238281,41.027687072753906,40.89147186279297,40.71214294433594,41.80598449707031,41.82032775878906,19.047618865966797,15.000000953674316,13.636363983154297,4.761904716491699,0,0,0,0,2.214139938354492,8589934592,1073741824,5041618944,307429376
205,1771639731069,3504,3504,3504,3504,3504,3504,3504,3504,42.636207580566406,42.05232620239258,40.843902587890625,40.65962219238281,41.027687072753906,40.89147186279297,40.71214294433594,41.80598449707031,41.82032775878906,20,23.809524536132813,10,10,0,0,0,0,2.214139938354492,8589934592,1073741824,5041618944,307429376
209,1771639731275,3504,3504,3504,3504,3504,3504,3504,3504,42.46303176879883,41.79407501220703,40.63892364501953,40.46614074707031,40.77945327758789,40.71162414550781,40.499595642089844,41.55254364013672,41.62152099609375,25,23.809524536132813,30.000001907348633,28.571430206298828,0,0,0,0,2.214139938354492,8589934592,1073741824,5043765248,307429376
207,1771639731485,3504,3504,3504,3504,3504,3504,3504,3504,42.46303176879883,41.79407501220703,40.63892364501953,40.46614074707031,40.77945327758789,40.71162414550781,40.499595642089844,41.55254364013672,41.62152099609375,50,55,23.809524536132813,20,0,0,0,0,2.214139938354492,8589934592,1073741824,5044322304,307429376
204,1771639731693,3504,3504,3504,3504,3504,3504,3504,3504,42.46303176879883,41.79407501220703,40.63892364501953,40.46614074707031,40.77945327758789,40.71162414550781,40.499595642089844,41.55254364013672,41.62152099609375,15.000000953674316,9.523809432983398,15.000000953674316,13.636363983154297,0,0,0,0,1.9548656940460205,8589934592,1073741824,5044224000,307429376
209,1771639731898,3504,3504,3504,3504,3504,3504,3504,3504,42.46303176879883,41.79407501220703,40.63892364501953,40.46614074707031,40.77945327758789,40.71162414550781,40.499595642089844,41.55254364013672,41.62152099609375,19.047618865966797,10,23.809524536132813,5,0,0,0,0,1.9548656940460205,8589934592,1073741824,5044224000,307429376
208,1771639732109,3504,3504,3504,3504,3504,3504,3504,3504,42.46303176879883,41.79407501220703,40.63892364501953,40.46614074707031,40.77945327758789,40.71162414550781,40.499595642089844,41.55254364013672,41.62152099609375,19.047618865966797,14.285715103149414,19.047618865966797,9.523809432983398,0,0,0,0,1.9548656940460205,8589934592,1073741824,5044174848,307429376
209,1771639732317,3504,3504,3504,3504,3504,3504,3504,3504,42.246646881103516,41.41171646118164,40.39409637451172,40.33125305175781,40.62939453125,40.550376892089844,40.390716552734375,41.38160705566406,41.40338897705078,14.285715103149414,14.285715103149414,19.047618865966797,10,0,0,0,0,1.9548656940460205,8589934592,1073741824,5044224000,307429376
200,1771639732528,3504,3504,3504,3504,3504,3504,3504,3504,42.246646881103516,41.41171646118164,40.39409637451172,40.33125305175781,40.62939453125,40.550376892089844,40.390716552734375,41.38160705566406,41.40338897705078,15.789472579956055,9.523809432983398,15.000000953674316,4.761904716491699,0,0,0,0,1.9548656940460205,8589934592,1073741824,5044142080,307429376
209,1771639732728,3504,3504,3504,3504,3504,3504,3504,3504,42.246646881103516,41.41171646118164,40.39409637451172,40.33125305175781,40.62939453125,40.550376892089844,40.390716552734375,41.38160705566406,41.40338897705078,28.571430206298828,15.000000953674316,15.000000953674316,14.285715103149414,5,5,5,0,1.9426506757736206,8589934592,1073741824,5044273152,307429376
207,1771639732940,3504,3504,3504,3504,3504,3504,3504,3504,42.246646881103516,41.41171646118164,40.39409637451172,40.33125305175781,40.62939453125,40.550376892089844,40.390716552734375,41.38160705566406,41.40338897705078,15.000000953674316,9.523809432983398,14.285715103149414,5,4.761904716491699,0,0,0,1.9426506757736206,8589934592,1073741824,5044436992,307429376
203,1771639733148,3504,3504,3504,3504,3504,3504,3504,3504,42.28843688964844,41.55772018432617,40.48857879638672,40.307029724121094,40.532814025878906,40.41471862792969,40.241416931152344,41.2759895324707,41.29722213745117,28.571430206298828,20,22.72727394104004,19.047618865966797,45,9.523809432983398,4.761904716491699,4.761904716491699,1.9426506757736206,8589934592,1073741824,5045665792,307429376
209,1771639733352,3504,3504,3504,3504,3504,3504,3504,3504,42.28843688964844,41.55772018432617,40.48857879638672,40.307029724121094,40.532814025878906,40.41471862792969,40.241416931152344,41.2759895324707,41.29722213745117,23.809524536132813,23.809524536132813,15.000000953674316,20,9.523809432983398,4.761904716491699,0,0,1.9426506757736206,8589934592,1073741824,5045731328,307429376
209,1771639733562,3504,3504,3504,3504,3504,3504,3504,3504,42.28843688964844,41.55772018432617,40.48857879638672,40.307029724121094,40.532814025878906,40.41471862792969,40.241416931152344,41.2759895324707,41.29722213745117,15.000000953674316,4.761904716491699,5,18.18181800842285,4.761904716491699,4.761904716491699,4.761904716491699,4.761904716491699,1.9426506757736206,8589934592,1073741824,5045747712,307429376
209,1771639733772,3504,3504,3504,3504,3504,3504,3504,3504,42.28843688964844,41.55772018432617,40.48857879638672,40.307029724121094,40.532814025878906,40.41471862792969,40.241416931152344,41.2759895324707,41.29722213745117,18.18181800842285,14.285715103149414,9.523809432983398,10,4.761904716491699,4.761904716491699,0,0,2.1531643867492676,8589934592,1073741824,5045780480,307429376
205,1771639733982,3504,3504,3504,3504,3504,3504,3504,3504,42.28843688964844,41.55772018432617,40.48857879638672,40.307029724121094,40.532814025878906,40.41471862792969,40.241416931152344,41.2759895324707,41.29722213745117,20,10,9.523809432983398,14.285715103149414,0,0,0,0,2.1531643867492676,8589934592,1073741824,5045813248,307429376
208,1771639734188,3504,3504,3504,3504,3504,3504,3504,3504,42.233482360839844,41.466285705566406,40.40675354003906,40.24842834472656,40.54194641113281,40.399986267089844,40.25279998779297,41.28553009033203,41.30604934692383,22.72727394104004,14.285715103149414,14.285715103149414,19.047618865966797,0,0,0,0,2.1531643867492676,8589934592,1073741824,5045780480,307429376
201,1771639734396,3504,3504,3504,3504,3504,3504,3504,3504,42.233482360839844,41.466285705566406,40.40675354003906,40.24842834472656,40.54194641113281,40.399986267089844,40.25279998779297,41.28553009033203,41.30604934692383,26.3157901763916,14.285715103149414,5,5,0,0,0,0,2.1531643867492676,8589934592,1073741824,5045780480,307429376
206,1771639734598,3504,3504,3504,3504,3504,3504,3504,3504,42.233482360839844,41.466285705566406,40.40675354003906,40.24842834472656,40.54194641113281,40.399986267089844,40.25279998779297,41.28553009033203,41.30604934692383,28.571430206298828,10.526315689086914,15.000000953674316,13.636363983154297,0,0,0,0,2.1531643867492676,8589934592,1073741824,5045764096,307429376
209,1771639734805,3504,3504,3504,3504,3504,3504,3504,3504,42.233482360839844,41.466285705566406,40.40675354003906,40.24842834472656,40.54194641113281,40.399986267089844,40.25279998779297,41.28553009033203,41.30604934692383,25,14.285715103149414,9.523809432983398,5,0,0,0,0,2.213961601257324,8589934592,1073741824,5045764096,307429376
202,1771639735015,3504,3504,3504,3504,3504,3504,3504,3504,42.233482360839844,41.466285705566406,40.40675354003906,40.24842834472656,40.54194641113281,40.399986267089844,40.25279998779297,41.28553009033203,41.30604934692383,33.333335876464844,18.18181800842285,14.285715103149414,10,0,0,0,0,2.213961601257324,8589934592,1073741824,5045764096,307429376
200,1771639735218,3504,3504,3504,3504,3504,3504,3504,3504,41.91690444946289,40.83465576171875,39.90247344970703,39.68903350830078,40.13430404663086,39.98009490966797,39.866172790527344,40.9037971496582,40.96470642089844,25,10.526315689086914,15.000000953674316,14.285715103149414,0,0,0,0,2.213961601257324,8589934592,1073741824,5045944320,307429376
209,1771639735419,3504,3504,3504,3504,3504,3504,3504,3504,41.91690444946289,40.83465576171875,39.90247344970703,39.68903350830078,40.13430404663086,39.98009490966797,39.866172790527344,40.9037971496582,40.96470642089844,30.000001907348633,15.000000953674316,10.526315689086914,14.285715103149414,0,0,0,0,2.213961601257324,8589934592,1073741824,5045944320,307429376
204,1771639735629,3504,3504,3504,3504,3504,3504,3504,3504,41.91690444946289,40.83465576171875,39.90247344970703,39.68903350830078,40.13430404663086,39.98009490966797,39.866172790527344,40.9037971496582,40.96470642089844,23.809524536132813,9.523809432983398,13.636363983154297,5.263157844543457,0,0,0,0,2.227768898010254,8589934592,1073741824,5045846016,307429376
209,1771639735834,3504,3504,3504,3504,3504,3504,3504,3504,41.91690444946289,40.83465576171875,39.90247344970703,39.68903350830078,40.13430404663086,39.98009490966797,39.866172790527344,40.9037971496582,40.96470642089844,19.047618865966797,19.047618865966797,15.000000953674316,9.523809432983398,0,0,0,0,2.227768898010254,8589934592,1073741824,5045813248,307429376
199,1771639736044,3504,3504,3504,3504,3504,3504,3504,3504,41.91690444946289,40.83465576171875,39.90247344970703,39.68903350830078,40.13430404663086,39.98009490966797,39.866172790527344,40.9037971496582,40.96470642089844,14.285715103149414,15.000000953674316,23.809524536132813,9.523809432983398,0,0,0,0,2.227768898010254,8589934592,1073741824,5045813248,307429376
203,1771639736244,3504,3504,3504,3504,3504,3504,3504,3504,41.72699737548828,40.67704391479492,39.682373046875,39.555641174316406,40.044273376464844,39.78117370605469,39.65790557861328,40.680870056152344,40.74528503417969,15.789472579956055,15.000000953674316,25,10,0,0,0,0,2.227768898010254,8589934592,1073741824,5045878784,307429376
203,1771639736448,3504,3504,3504,3504,3504,3504,3504,3504,41.72699737548828,40.67704391479492,39.682373046875,39.555641174316406,40.044273376464844,39.78117370605469,39.65790557861328,40.680870056152344,40.74528503417969,15.000000953674316,23.809524536132813,25,20,0,0,0,0,2.227768898010254,8589934592,1073741824,5046337536,307429376
209,1771639736652,3504,3504,3504,3504,3504,3504,3504,3504,41.72699737548828,40.67704391479492,39.682373046875,39.555641174316406,40.044273376464844,39.78117370605469,39.65790557861328,40.680870056152344,40.74528503417969,23.809524536132813,25,10,14.285715103149414,0,0,0,0,2.1038389205932617,8589934592,1073741824,5046386688,307429376
205,1771639736862,3504,3504,3504,3504,3504,3504,3504,3504,41.72699737548828,40.67704391479492,39.682373046875,39.555641174316406,40.044273376464844,39.78117370605469,39.65790557861328,40.680870056152344,40.74528503417969,14.285715103149414,28.571430206298828,13.636363983154297,5,0,0,0,0,2.1038389205932617,8589934592,1073741824,5046370304,307429376
205,1771639737068,3504,3504,3504,3504,3504,3504,3504,3504,41.72699737548828,40.67704391479492,39.682373046875,39.555641174316406,40.044273376464844,39.78117370605469,39.65790557861328,40.680870056152344,40.74528503417969,19.047618865966797,20,19.047618865966797,9.523809432983398,0,0,0,0,2.1038389205932617,8589934592,1073741824,5046370304,307429376
209,1771639737274,3504,3504,3504,3504,3504,3504,3504,3504,41.5582389831543,40.55607986450195,39.512969970703125,39.385231018066406,39.909400939941406,39.635704040527344,39.498008728027344,40.51997756958008,40.55525207519531,15.000000953674316,23.809524536132813,15.000000953674316,9.523809432983398,0,0,0,0,2.1038389205932617,8589934592,1073741824,5046370304,307429376
201,1771639737484,3504,3504,3504,3504,3504,3504,3504,3504,41.5582389831543,40.55607986450195,39.512969970703125,39.385231018066406,39.909400939941406,39.635704040527344,39.498008728027344,40.51997756958008,40.55525207519531,15.000000953674316,19.047618865966797,19.047618865966797,5,0,0,0,0,2.1038389205932617,8589934592,1073741824,5046272000,307429376
203,1771639737686,3504,3504,3504,3504,3504,3504,3504,3504,41.5582389831543,40.55607986450195,39.512969970703125,39.385231018066406,39.909400939941406,39.635704040527344,39.498008728027344,40.51997756958008,40.55525207519531,20,20,10.526315689086914,10,0,0,0,0,2.1407904624938965,8589934592,1073741824,5046288384,307429376
209,1771639737890,3504,3504,3504,3504,3504,3504,3504,3504,41.5582389831543,40.55607986450195,39.512969970703125,39.385231018066406,39.909400939941406,39.635704040527344,39.498008728027344,40.51997756958008,40.55525207519531,15.000000953674316,20,9.523809432983398,5,0,0,0,0,2.1407904624938965,8589934592,1073741824,5046321152,307429376
204,1771639738100,3504,3504,3504,3504,3504,3504,3504,3504,41.5582389831543,40.55607986450195,39.512969970703125,39.385231018066406,39.909400939941406,39.635704040527344,39.498008728027344,40.51997756958008,40.55525207519531,22.72727394104004,28.571430206298828,19.047618865966797,18.18181800842285,0,0,0,0,2.1407904624938965,8589934592,1073741824,5046239232,307429376
205,1771639738305,3504,3504,3504,3504,3504,3504,3504,3504,41.45145034790039,40.44403076171875,39.43955993652344,39.209716796875,39.638328552246094,39.475128173828125,39.26097869873047,40.32809829711914,40.346248626708984,15.000000953674316,25,5,5,0,0,0,0,2.1407904624938965,8589934592,1073741824,5046239232,307429376
209,1771639738511,3504,3504,3504,3504,3504,3504,3504,3504,41.45145034790039,40.44403076171875,39.43955993652344,39.209716796875,39.638328552246094,39.475128173828125,39.26097869873047,40.32809829711914,40.346248626708984,14.285715103149414,28.571430206298828,14.285715103149414,14.285715103149414,0,0,0,0,2.1407904624938965,8589934592,1073741824,5045895168,307429376
209,1771639738721,3504,3504,3504,3504,3504,3504,3504,3504,41.45145034790039,40.44403076171875,39.43955993652344,39.209716796875,39.638328552246094,39.475128173828125,39.26097869873047,40.32809829711914,40.346248626708984,10,20,14.285715103149414,10,0,0,4.761904716491699,0,2.473287582397461,8589934592,1073741824,5046157312,307429376
207,1771639738931,3504,3504,3504,3504,3504,3504,3504,3504,41.45145034790039,40.44403076171875,39.43955993652344,39.209716796875,39.638328552246094,39.475128173828125,39.26097869873047,40.32809829711914,40.346248626708984,19.047618865966797,13.636363983154297,5,14.285715103149414,0,0,0,0,2.473287582397461,8589934592,1073741824,5046140928,307429376
203,1771639739138,3504,3504,3504,3504,3504,3504,3504,3504,41.34543228149414,40.35558319091797,39.23389434814453,39.13236999511719,39.53702163696289,39.29444885253906,39.102027893066406,40.193687438964844,40.207916259765625,19.047618865966797,15.000000953674316,14.285715103149414,19.047618865966797,0,0,0,0,2.473287582397461,8589934592,1073741824,5046140928,307429376
205,1771639739342,3504,3504,3504,3504,3504,3504,3504,3504,41.34543228149414,40.35558319091797,39.23389434814453,39.13236999511719,39.53702163696289,39.29444885253906,39.102027893066406,40.193687438964844,40.207916259765625,20,15.000000953674316,14.285715103149414,14.285715103149414,0,0,0,0,2.473287582397461,8589934592,1073741824,5046124544,307429376
205,1771639739548,3504,3504,3504,3504,3504,3504,3504,3504,41.34543228149414,40.35558319091797,39.23389434814453,39.13236999511719,39.53702163696289,39.29444885253906,39.102027893066406,40.193687438964844,40.207916259765625,23.809524536132813,20,15.000000953674316,15.000000953674316,0,0,0,0,2.473287582397461,8589934592,1073741824,5046468608,307429376
208,1771639739754,3504,3504,3504,3504,3504,3504,3504,3504,41.34543228149414,40.35558319091797,39.23389434814453,39.13236999511719,39.53702163696289,39.29444885253906,39.102027893066406,40.193687438964844,40.207916259765625,15.000000953674316,22.72727394104004,15.000000953674316,9.523809432983398,0,0,0,0,2.3012800216674805,8589934592,1073741824,5046484992,307429376
208,1771639739962,3504,3504,3504,3504,3504,3504,3504,3504,41.34543228149414,40.35558319091797,39.23389434814453,39.13236999511719,39.53702163696289,39.29444885253906,39.102027893066406,40.193687438964844,40.207916259765625,15.000000953674316,20,15.000000953674316,5,4.761904716491699,0,0,0,2.3012800216674805,8589934592,1073741824,5046484992,307429376
202,1771639740172,3504,3504,3504,3504,3504,3504,3504,3504,41.110652923583984,40.243499755859375,39.08280944824219,38.99944305419922,39.33875274658203,39.148719787597656,38.91826629638672,40.022125244140625,40.044864654541016,19.047618865966797,27.272727966308594,22.72727394104004,18.18181800842285,0,0,0,0,2.3012800216674805,8589934592,1073741824,5046484992,307429376
202,1771639740375,3504,3504,3504,3504,3504,3504,3504,3504,41.110652923583984,40.243499755859375,39.08280944824219,38.99944305419922,39.33875274658203,39.148719787597656,38.91826629638672,40.022125244140625,40.044864654541016,15.000000953674316,21.052631378173828,20,5.263157844543457,0,0,0,0,2.3012800216674805,8589934592,1073741824,5047484416,307429376
207,1771639740578,3504,3504,3504,3504,3504,3504,3504,3504,41.110652923583984,40.243499755859375,39.08280944824219,38.99944305419922,39.33875274658203,39.148719787597656,38.91826629638672,40.022125244140625,40.044864654541016,30.000001907348633,33.333335876464844,26.3157901763916,23.809524536132813,0,0,0,0,2.3012800216674805,8589934592,1073741824,5048844288,307429376
206,1771639740786,3504,3504,3504,3504,3504,3504,3504,3504,41.110652923583984,40.243499755859375,39.08280944824219,38.99944305419922,39.33875274658203,39.148719787597656,38.91826629638672,40.022125244140625,40.044864654541016,31.81818199157715,30.000001907348633,27.272727966308594,20,0,0,0,0,1.967872142791748,8589934592,1073741824,5048500224,307429376
209,1771639740992,3504,3504,3504,3504,3504,3504,3504,3504,41.110652923583984,40.243499755859375,39.08280944824219,38.99944305419922,39.33875274658203,39.148719787597656,38.91826629638672,40.022125244140625,40.044864654541016,20,20,25,19.047618865966797,0,0,0,0,1.967872142791748,8589934592,1073741824,5048860672,307429376
209,1771639741202,3504,3504,3504,3504,3504,3504,3504,3504,40.915809631347656,40.13479995727539,39.05859375,38.84967041015625,39.19149398803711,39.01539611816406,38.774375915527344,39.87220764160156,39.95291519165039,33.333335876464844,54.54545593261719,40.90909194946289,33.333335876464844,0,0,0,0,1.967872142791748,8589934592,1073741824,5046157312,307429376
208,1771639741412,3504,3504,3504,3504,3504,3504,3504,3504,40.915809631347656,40.13479995727539,39.05859375,38.84967041015625,39.19149398803711,39.01539611816406,38.774375915527344,39.87220764160156,39.95291519165039,15.000000953674316,10,19.047618865966797,14.285715103149414,0,0,0,0,1.967872142791748,8589934592,1073741824,5046337536,307429376
209,1771639741621,3504,3504,3504,3504,3504,3504,3504,3504,40.915809631347656,40.13479995727539,39.05859375,38.84967041015625,39.19149398803711,39.01539611816406,38.774375915527344,39.87220764160156,39.95291519165039,33.333335876464844,33.333335876464844,31.57894515991211,30.000001907348633,10,14.285715103149414,18.18181800842285,10,1.967872142791748,8589934592,1073741824,5047566336,307429376
199,1771639741831,3504,3504,3504,3504,3504,3504,3504,3504,40.915809631347656,40.13479995727539,39.05859375,38.84967041015625,39.19149398803711,39.01539611816406,38.774375915527344,39.87220764160156,39.95291519165039,13.636363983154297,14.285715103149414,13.043478012084961,14.285715103149414,9.090909004211426,4.761904716491699,4.761904716491699,4.761904716491699,2.079087495803833,8589934592,1073741824,5047484416,307429376
209,1771639742031,3504,3504,3504,3504,3504,3504,3504,3504,40.915809631347656,40.13479995727539,39.05859375,38.84967041015625,39.19149398803711,39.01539611816406,38.774375915527344,39.87220764160156,39.95291519165039,15.789472579956055,15.789472579956055,5.263157844543457,15.000000953674316,0,0,0,0,2.079087495803833,8589934592,1073741824,5047484416,307429376
209,1771639742242,3504,3504,3504,3504,3504,3504,3504,3504,41.12904357910156,40.44476318359375,39.287872314453125,39.126220703125,39.3677978515625,39.294090270996094,39.076446533203125,40.18135452270508,40.30073165893555,18.18181800842285,27.272727966308594,14.285715103149414,14.285715103149414,0,0,0,0,2.079087495803833,8589934592,1073741824,5047484416,307429376
208,1771639742451,3504,3504,3504,3504,3504,3504,3504,3504,41.12904357910156,40.44476318359375,39.287872314453125,39.126220703125,39.3677978515625,39.294090270996094,39.076446533203125,40.18135452270508,40.30073165893555,5.263157844543457,19.047618865966797,9.523809432983398,19.047618865966797,0,0,0,0,2.079087495803833,8589934592,1073741824,5047549952,307429376
205,1771639742660,3504,3504,3504,3504,3504,3504,3504,3504,41.12904357910156,40.44476318359375,39.287872314453125,39.126220703125,39.3677978515625,39.294090270996094,39.076446533203125,40.18135452270508,40.30073165893555,18.18181800842285,20,9.523809432983398,19.047618865966797,0,0,0,0,2.153686761856079,8589934592,1073741824,5047648256,307429376
200,1771639742867,3504,3504,3504,3504,3504,3504,3504,3504,41.12904357910156,40.44476318359375,39.287872314453125,39.126220703125,39.3677978515625,39.294090270996094,39.076446533203125,40.18135452270508,40.30073165893555,10.526315689086914,23.809524536132813,10,14.285715103149414,0,0,0,0,2.153686761856079,8589934592,1073741824,5047713792,307429376
207,1771639743067,3504,3504,3504,3504,3504,3504,3504,3504,41.12904357910156,40.44476318359375,39.287872314453125,39.126220703125,39.3677978515625,39.294090270996094,39.076446533203125,40.18135452270508,40.30073165893555,19.047618865966797,15.000000953674316,5.263157844543457,15.789472579956055,0,0,0,0,2.153686761856079,8589934592,1073741824,5047713792,307429376
209,1771639743276,3504,3504,3504,3504,3504,3504,3504,3504,40.5789680480957,40.04838562011719,38.86034393310547,38.709510803222656,39.07278823852539,38.86286163330078,38.723602294921875,39.743953704833984,39.82062911987305,23.809524536132813,38.095237731933594,27.272727966308594,23.809524536132813,25,0,0,0,2.153686761856079,8589934592,1073741824,5047713792,307429376
206,1771639743485,3504,3504,3504,3504,3504,3504,3504,3504,40.5789680480957,40.04838562011719,38.86034393310547,38.709510803222656,39.07278823852539,38.86286163330078,38.723602294921875,39.743953704833984,39.82062911987305,14.285715103149414,20,9.523809432983398,13.636363983154297,0,0,0,0,2.153686761856079,8589934592,1073741824,5048500224,307429376
204,1771639743693,3504,3504,3504,3504,3504,3504,3504,3504,40.5789680480957,40.04838562011719,38.86034393310547,38.709510803222656,39.07278823852539,38.86286163330078,38.723602294921875,39.743953704833984,39.82062911987305,15.000000953674316,20,10.526315689086914,15.789472579956055,0,0,0,0,2.4381611347198486,8589934592,1073741824,5048516608,307429376
206,1771639743897,3504,3504,3504,3504,3504,3504,3504,3504,40.5789680480957,40.04838562011719,38.86034393310547,38.709510803222656,39.07278823852539,38.86286163330078,38.723602294921875,39.743953704833984,39.82062911987305,20,14.285715103149414,9.090909004211426,14.285715103149414,4.761904716491699,5,0,4.545454502105713,2.4381611347198486,8589934592,1073741824,5048516608,307429376
209,1771639744105,3504,3504,3504,3504,3504,3504,3504,3504,40.5789680480957,40.04838562011719,38.86034393310547,38.709510803222656,39.07278823852539,38.86286163330078,38.723602294921875,39.743953704833984,39.82062911987305,23.809524536132813,15.000000953674316,14.285715103149414,9.523809432983398,0,0,0,0,2.4381611347198486,8589934592,1073741824,5048270848,307429376
209,1771639744315,3504,3504,3504,3504,3504,3504,3504,3504,40.587608337402344,40.18954086303711,38.894554138183594,38.738525390625,39.03987503051758,38.76306915283203,38.69054412841797,39.69590377807617,39.77190399169922,33.333335876464844,18.18181800842285,5.263157844543457,9.523809432983398,0,0,0,0,2.4381611347198486,8589934592,1073741824,5048614912,307429376
209,1771639744524,3504,3504,3504,3504,3504,3504,3504,3504,40.587608337402344,40.18954086303711,38.894554138183594,38.738525390625,39.03987503051758,38.76306915283203,38.69054412841797,39.69590377807617,39.77190399169922,23.809524536132813,10,13.636363983154297,9.523809432983398,0,0,0,0,2.4381611347198486,8589934592,1073741824,5048516608,307429376
208,1771639744734,3504,3504,3504,3504,3504,3504,3504,3504,40.587608337402344,40.18954086303711,38.894554138183594,38.738525390625,39.03987503051758,38.76306915283203,38.69054412841797,39.69590377807617,39.77190399169922,30.000001907348633,14.285715103149414,13.636363983154297,5,0,0,0,0,2.165888786315918,8589934592,1073741824,5048631296,307429376
199,1771639744943,3504,3504,3504,3504,3504,3504,3504,3504,40.587608337402344,40.18954086303711,38.894554138183594,38.738525390625,39.03987503051758,38.76306915283203,38.69054412841797,39.69590377807617,39.77190399169922,31.81818199157715,15.000000953674316,5.263157844543457,13.636363983154297,0,0,0,0,2.165888786315918,8589934592,1073741824,5046075392,307429376
204,1771639745143,3504,3504,3504,3504,3504,3504,3504,3504,40.237186431884766,39.84257507324219,38.598777770996094,38.44976806640625,38.80186080932617,38.54540252685547,38.51109313964844,39.51348114013672,39.576725006103516,15.789472579956055,23.809524536132813,20,5.263157844543457,0,0,0,0,2.165888786315918,8589934592,1073741824,5046075392,307429376
205,1771639745348,3504,3504,3504,3504,3504,3504,3504,3504,40.237186431884766,39.84257507324219,38.598777770996094,38.44976806640625,38.80186080932617,38.54540252685547,38.51109313964844,39.51348114013672,39.576725006103516,28.571430206298828,20,14.285715103149414,9.523809432983398,0,0,0,0,2.165888786315918,8589934592,1073741824,5046075392,307429376
209,1771639745554,3504,3504,3504,3504,3504,3504,3504,3504,40.237186431884766,39.84257507324219,38.598777770996094,38.44976806640625,38.80186080932617,38.54540252685547,38.51109313964844,39.51348114013672,39.576725006103516,20,19.047618865966797,10,14.285715103149414,0,0,0,0,2.165888786315918,8589934592,1073741824,5046566912,307429376
209,1771639745764,3504,3504,3504,3504,3504,3504,3504,3504,40.237186431884766,39.84257507324219,38.598777770996094,38.44976806640625,38.80186080932617,38.54540252685547,38.51109313964844,39.51348114013672,39.576725006103516,14.285715103149414,14.285715103149414,14.285715103149414,20,0,0,0,0,2.042292356491089,8589934592,1073741824,5046468608,307429376
208,1771639745974,3504,3504,3504,3504,3504,3504,3504,3504,40.237186431884766,39.84257507324219,38.598777770996094,38.44976806640625,38.80186080932617,38.54540252685547,38.51109313964844,39.51348114013672,39.576725006103516,15.000000953674316,10,14.285715103149414,14.285715103149414,0,0,0,0,2.042292356491089,8589934592,1073741824,5046484992,307429376
203,1771639746183,3504,3504,3504,3504,3504,3504,3504,3504,40.07984161376953,39.7016716003418,38.489768981933594,38.241424560546875,38.69584274291992,38.36834716796875,38.37992858886719,39.34253692626953,39.379188537597656,14.285715103149414,13.636363983154297,14.285715103149414,18.18181800842285,0,0,0,0,2.042292356491089,8589934592,1073741824,5046370304,307429376
204,1771639746388,3504,3504,3504,3504,3504,3504,3504,3504,40.07984161376953,39.7016716003418,38.489768981933594,38.241424560546875,38.69584274291992,38.36834716796875,38.37992858886719,39.34253692626953,39.379188537597656,15.000000953674316,10,19.047618865966797,15.000000953674316,0,0,0,0,2.042292356491089,8589934592,1073741824,5046403072,307429376
204,1771639746593,3504,3504,3504,3504,3504,3504,3504,3504,40.07984161376953,39.7016716003418,38.489768981933594,38.241424560546875,38.69584274291992,38.36834716796875,38.37992858886719,39.34253692626953,39.379188537597656,19.047618865966797,15.000000953674316,15.000000953674316,10.526315689086914,0,0,0,0,2.042292356491089,8589934592,1073741824,5046452224,307429376
209,1771639746798,3504,3504,3504,3504,3504,3504,3504,3504,40.07984161376953,39.7016716003418,38.489768981933594,38.241424560546875,38.69584274291992,38.36834716796875,38.37992858886719,39.34253692626953,39.379188537597656,19.047618865966797,10,15.000000953674316,9.523809432983398,0,0,0,0,1.8948394060134888,8589934592,1073741824,5046370304,307429376
203,1771639747008,3504,3504,3504,3504,3504,3504,3504,3504,40.07984161376953,39.7016716003418,38.489768981933594,38.241424560546875,38.69584274291992,38.36834716796875,38.37992858886719,39.34253692626953,39.379188537597656,30.000001907348633,22.72727394104004,20,19.047618865966797,0,0,0,0,1.8948394060134888,8589934592,1073741824,5047009280,307429376
201,1771639747213,3504,3504,3504,3504,3504,3504,3504,3504,39.93507766723633,39.58198165893555,38.26190948486328,38.11511993408203,38.58906173706055,38.23558044433594,38.23872375488281,39.20956039428711,39.29365921020508,38.095237731933594,42.105262756347656,27.272727966308594,23.809524536132813,4.545454502105713,0,0,0,1.8948394060134888,8589934592,1073741824,5046599680,307429376
203,1771639747415,3504,3504,3504,3504,3504,3504,3504,3504,39.93507766723633,39.58198165893555,38.26190948486328,38.11511993408203,38.58906173706055,38.23558044433594,38.23872375488281,39.20956039428711,39.29365921020508,30.000001907348633,23.809524536132813,10,15.000000953674316,0,0,0,0,1.8948394060134888,8589934592,1073741824,5046599680,307429376
209,1771639747619,3504,3504,3504,3504,3504,3504,3504,3504,39.93507766723633,39.58198165893555,38.26190948486328,38.11511993408203,38.58906173706055,38.23558044433594,38.23872375488281,39.20956039428711,39.29365921020508,25,15.000000953674316,10.526315689086914,10,0,0,0,0,1.8948394060134888,8589934592,1073741824,5047222272,307429376
208,1771639747829,3504,3504,3504,3504,3504,3504,3504,3504,39.93507766723633,39.58198165893555,38.26190948486328,38.11511993408203,38.58906173706055,38.23558044433594,38.23872375488281,39.20956039428711,39.29365921020508,28.571430206298828,13.636363983154297,9.090909004211426,4.761904716491699,0,0,0,0,2.362567901611328,8589934592,1073741824,5047222272,307429376
209,1771639748038,3504,3504,3504,3504,3504,3504,3504,3504,39.93507766723633,39.58198165893555,38.26190948486328,38.11511993408203,38.58906173706055,38.23558044433594,38.23872375488281,39.20956039428711,39.29365921020508,25,10,10,14.285715103149414,0,0,0,0,2.362567901611328,8589934592,1073741824,5047189504,307429376
201,1771639748249,3504,3504,3504,3504,3504,3504,3504,3504,39.9594841003418,39.50102996826172,38.21685028076172,38.030372619628906,38.513179779052734,38.15125274658203,38.146080017089844,39.1434211730957,39.19606018066406,27.272727966308594,20,9.523809432983398,9.523809432983398,0,0,0,0,2.362567901611328,8589934592,1073741824,5047255040,307429376
209,1771639748451,3504,3504,3504,3504,3504,3504,3504,3504,39.9594841003418,39.50102996826172,38.21685028076172,38.030372619628906,38.513179779052734,38.15125274658203,38.146080017089844,39.1434211730957,39.19606018066406,20,20,10,10,0,0,0,0,2.362567901611328,8589934592,1073741824,5046927360,307429376
205,1771639748661,3504,3504,3504,3504,3504,3504,3504,3504,39.9594841003418,39.50102996826172,38.21685028076172,38.030372619628906,38.513179779052734,38.15125274658203,38.146080017089844,39.1434211730957,39.19606018066406,23.809524536132813,19.047618865966797,14.285715103149414,9.523809432983398,0,0,0,0,2.154554843902588,8589934592,1073741824,5046976512,307429376
200,1771639748867,3504,3504,3504,3504,3504,3504,3504,3504,39.9594841003418,39.50102996826172,38.21685028076172,38.030372619628906,38.513179779052734,38.15125274658203,38.146080017089844,39.1434211730957,39.19606018066406,15.000000953674316,23.809524536132813,9.523809432983398,5,0,4.761904716491699,4.761904716491699,0,2.154554843902588,8589934592,1073741824,5046976512,307429376
209,1771639749067,3504,3504,3504,3504,3504,3504,3504,3504,39.9594841003418,39.50102996826172,38.21685028076172,38.030372619628906,38.513179779052734,38.15125274658203,38.146080017089844,39.1434211730957,39.19606018066406,25,10,10.526315689086914,5,0,0,0,0,2.154554843902588,8589934592,1073741824,5047091200,307429376
204,1771639749277,3504,3504,3504,3504,3504,3504,3504,3504,39.89679718017578,39.3555908203125,38.189918518066406,37.93134307861328,38.37919616699219,38.01207733154297,38.01039123535156,39.07052993774414,39.0767936706543,28.571430206298828,14.285715103149414,13.636363983154297,9.523809432983398,0,4.761904716491699,0,0,2.154554843902588,8589934592,1073741824,5047091200,307429376
202,1771639749482,3504,3504,3504,3504,3504,3504,3504,3504,39.89679718017578,39.3555908203125,38.189918518066406,37.93134307861328,38.37919616699219,38.01207733154297,38.01039123535156,39.07052993774414,39.0767936706543,23.809524536132813,20,15.000000953674316,9.523809432983398,0,0,0,0,2.154554843902588,8589934592,1073741824,5047156736,307429376
203,1771639749685,3504,3504,3504,3504,3504,3504,3504,3504,39.89679718017578,39.3555908203125,38.189918518066406,37.93134307861328,38.37919616699219,38.01207733154297,38.01039123535156,39.07052993774414,39.0767936706543,23.809524536132813,14.285715103149414,15.000000953674316,10,0,0,0,0,2.10434627532959,8589934592,1073741824,5046812672,307429376
209,1771639749889,3504,3504,3504,3504,3504,3504,3504,3504,39.89679718017578,39.3555908203125,38.189918518066406,37.93134307861328,38.37919616699219,38.01207733154297,38.01039123535156,39.07052993774414,39.0767936706543,16.666667938232422,10,20,5,0,0,0,0,2.10434627532959,8589934592,1073741824,5046779904,307429376
204,1771639750099,3504,3504,3504,3504,3504,3504,3504,3504,39.89679718017578,39.3555908203125,38.189918518066406,37.93134307861328,38.37919616699219,38.01207733154297,38.01039123535156,39.07052993774414,39.0767936706543,22.72727394104004,10,13.636363983154297,13.636363983154297,4.761904716491699,4.761904716491699,0,0,2.10434627532959,8589934592,1073741824,5046599680,307429376
209,1771639750305,3504,3504,3504,3504,3504,3504,3504,3504,39.87565612792969,39.32021713256836,38.125633239746094,37.880516052246094,38.354766845703125,37.91101837158203,37.95166778564453,38.970638275146484,38.98196029663086,20,9.523809432983398,15.789472579956055,0,0,0,0,0,2.10434627532959,8589934592,1073741824,5046616064,307429376
209,1771639750515,3504,3504,3504,3504,3504,3504,3504,3504,39.87565612792969,39.32021713256836,38.125633239746094,37.880516052246094,38.354766845703125,37.91101837158203,37.95166778564453,38.970638275146484,38.98196029663086,22.72727394104004,9.523809432983398,22.72727394104004,13.636363983154297,0,0,0,0,2.10434627532959,8589934592,1073741824,5046697984,307429376
205,1771639750725,3504,3504,3504,3504,3504,3504,3504,3504,39.87565612792969,39.32021713256836,38.125633239746094,37.880516052246094,38.354766845703125,37.91101837158203,37.95166778564453,38.970638275146484,38.98196029663086,25,14.285715103149414,14.285715103149414,5,0,0,0,0,2.091632604598999,8589934592,1073741824,5046550528,307429376
209,1771639750931,3504,3504,3504,3504,3504,3504,3504,3504,39.87565612792969,39.32021713256836,38.125633239746094,37.880516052246094,38.354766845703125,37.91101837158203,37.95166778564453,38.970638275146484,38.98196029663086,28.571430206298828,10.526315689086914,14.285715103149414,14.285715103149414,0,0,0,0,2.091632604598999,8589934592,1073741824,5046599680,307429376
204,1771639751141,3504,3504,3504,3504,3504,3504,3504,3504,39.80438995361328,39.17979431152344,37.91704559326172,37.7359619140625,38.25526809692383,37.74616241455078,37.89105987548828,38.82341003417969,38.85708999633789,25,18.18181800842285,10,9.523809432983398,0,0,0,0,2.091632604598999,8589934592,1073741824,5046648832,307429376
208,1771639751346,3504,3504,3504,3504,3504,3504,3504,3504,39.80438995361328,39.17979431152344,37.91704559326172,37.7359619140625,38.25526809692383,37.74616241455078,37.89105987548828,38.82341003417969,38.85708999633789,33.333335876464844,15.000000953674316,15.000000953674316,10,0,0,0,0,2.091632604598999,8589934592,1073741824,5046616064,307429376
209,1771639751554,3504,3504,3504,3504,3504,3504,3504,3504,39.80438995361328,39.17979431152344,37.91704559326172,37.7359619140625,38.25526809692383,37.74616241455078,37.89105987548828,38.82341003417969,38.85708999633789,20,23.809524536132813,9.523809432983398,5,0,0,0,0,2.091632604598999,8589934592,1073741824,5046534144,307429376
209,1771639751765,3504,3504,3504,3504,3504,3504,3504,3504,39.80438995361328,39.17979431152344,37.91704559326172,37.7359619140625,38.25526809692383,37.74616241455078,37.89105987548828,38.82341003417969,38.85708999633789,23.809524536132813,14.285715103149414,9.523809432983398,9.090909004211426,0,0,0,0,2.030735731124878,8589934592,1073741824,5046648832,307429376
204,1771639751975,3504,3504,3504,3504,3504,3504,3504,3504,39.80438995361328,39.17979431152344,37.91704559326172,37.7359619140625,38.25526809692383,37.74616241455078,37.89105987548828,38.82341003417969,38.85708999633789,28.571430206298828,19.047618865966797,9.523809432983398,5,0,0,0,0,2.030735731124878,8589934592,1073741824,5046665216,307429376
209,1771639752179,3504,3504,3504,3504,3504,3504,3504,3504,39.7671012878418,39.08960723876953,37.817039489746094,37.60540771484375,38.151100158691406,37.61314392089844,37.82220458984375,38.73704528808594,38.7616081237793,28.571430206298828,10,14.285715103149414,13.636363983154297,0,0,0,0,2.030735731124878,8589934592,1073741824,5046665216,307429376
208,1771639752389,3504,3504,3504,3504,3504,3504,3504,3504,39.7671012878418,39.08960723876953,37.817039489746094,37.60540771484375,38.151100158691406,37.61314392089844,37.82220458984375,38.73704528808594,38.7616081237793,25,14.285715103149414,10,5,0,0,0,0,2.030735731124878,8589934592,1073741824,5046681600,307429376
205,1771639752598,3504,3504,3504,3504,3504,3504,3504,3504,39.7671012878418,39.08960723876953,37.817039489746094,37.60540771484375,38.151100158691406,37.61314392089844,37.82220458984375,38.73704528808594,38.7616081237793,19.047618865966797,14.285715103149414,9.523809432983398,19.047618865966797,0,0,0,0,2.030735731124878,8589934592,1073741824,5046665216,307429376
203,1771639752804,3504,3504,3504,3504,3504,3504,3504,3504,39.7671012878418,39.08960723876953,37.817039489746094,37.60540771484375,38.151100158691406,37.61314392089844,37.82220458984375,38.73704528808594,38.7616081237793,19.047618865966797,14.285715103149414,10,28.571430206298828,0,0,0,0,2.1430394649505615,8589934592,1073741824,5046763520,307429376
207,1771639753008,3504,3504,3504,3504,3504,3504,3504,3504,39.7671012878418,39.08960723876953,37.817039489746094,37.60540771484375,38.151100158691406,37.61314392089844,37.82220458984375,38.73704528808594,38.7616081237793,20,15.000000953674316,10,25,0,0,0,0,2.1430394649505615,8589934592,1073741824,5046779904,307429376
204,1771639753216,3504,3504,3504,3504,3504,3504,3504,3504,39.684112548828125,38.9914665222168,37.75311279296875,37.48704528808594,38.010398864746094,37.462310791015625,37.723426818847656,38.65850830078125,38.65097427368164,38.095237731933594,35,28.571430206298828,33.333335876464844,40.90909194946289,0,0,0,2.1430394649505615,8589934592,1073741824,5048598528,307429376
209,1771639753421,3504,3504,3504,3504,3504,3504,3504,3504,39.684112548828125,38.9914665222168,37.75311279296875,37.48704528808594,38.010398864746094,37.462310791015625,37.723426818847656,38.65850830078125,38.65097427368164,20,20,19.047618865966797,15.000000953674316,0,0,0,0,2.1430394649505615,8589934592,1073741824,5048598528,307429376
209,1771639753631,3504,3504,3504,3504,3504,3504,3504,3504,39.684112548828125,38.9914665222168,37.75311279296875,37.48704528808594,38.010398864746094,37.462310791015625,37.723426818847656,38.65850830078125,38.65097427368164,23.809524536132813,28.571430206298828,15.000000953674316,10,0,0,0,0,2.4371743202209473,8589934592,1073741824,5048598528,307429376
209,1771639753841,3504,3504,3504,3504,3504,3504,3504,3504,39.684112548828125,38.9914665222168,37.75311279296875,37.48704528808594,38.010398864746094,37.462310791015625,37.723426818847656,38.65850830078125,38.65097427368164,14.285715103149414,28.571430206298828,22.72727394104004,9.090909004211426,4.761904716491699,4.545454502105713,0,0,2.4371743202209473,8589934592,1073741824,5048909824,307429376
201,1771639754051,3504,3504,3504,3504,3504,3504,3504,3504,39.684112548828125,38.9914665222168,37.75311279296875,37.48704528808594,38.010398864746094,37.462310791015625,37.723426818847656,38.65850830078125,38.65097427368164,25,18.18181800842285,9.523809432983398,9.523809432983398,0,0,0,0,2.4371743202209473,8589934592,1073741824,5049040896,307429376
207,1771639754252,3504,3504,3504,3504,3504,3504,3504,3504,39.793209075927734,39.366451263427734,38.03553009033203,37.69318389892578,38.15861129760742,37.550262451171875,37.755577087402344,38.71168518066406,38.721981048583984,20,20,20,10,0,0,0,0,2.4371743202209473,8589934592,1073741824,5049057280,307429376
201,1771639754460,3504,3504,3504,3504,3504,3504,3504,3504,39.793209075927734,39.366451263427734,38.03553009033203,37.69318389892578,38.15861129760742,37.550262451171875,37.755577087402344,38.71168518066406,38.721981048583984,23.809524536132813,10,10,9.523809432983398,0,0,0,0,2.4371743202209473,8589934592,1073741824,5049040896,307429376
204,1771639754662,3504,3504,3504,3504,3504,3504,3504,3504,39.793209075927734,39.366451263427734,38.03553009033203,37.69318389892578,38.15861129760742,37.550262451171875,37.755577087402344,38.71168518066406,38.721981048583984,25,15.789472579956055,14.285715103149414,10.526315689086914,0,0,0,0,2.068216323852539,8589934592,1073741824,5049090048,307429376
209,1771639754867,3504,3504,3504,3504,3504,3504,3504,3504,39.793209075927734,39.366451263427734,38.03553009033203,37.69318389892578,38.15861129760742,37.550262451171875,37.755577087402344,38.71168518066406,38.721981048583984,25,13.636363983154297,5.263157844543457,14.285715103149414,0,0,0,0,2.068216323852539,8589934592,1073741824,5049155584,307429376
203,1771639755077,3504,3504,3504,3504,3504,3504,3504,3504,39.793209075927734,39.366451263427734,38.03553009033203,37.69318389892578,38.15861129760742,37.550262451171875,37.755577087402344,38.71168518066406,38.721981048583984,19.047618865966797,20,14.285715103149414,19.047618865966797,0,0,0,0,2.068216323852539,8589934592,1073741824,5049204736,307429376
205,1771639755281,3504,3504,3504,3504,3504,3504,3504,3504,39.55598449707031,38.889530181884766,37.677642822265625,37.443328857421875,37.889259338378906,37.32426452636719,37.57609558105469,38.53853225708008,38.56781005859375,15.000000953674316,22.72727394104004,14.285715103149414,19.047618865966797,0,0,0,0,2.068216323852539,8589934592,1073741824,5045600256,307429376
208,1771639755487,3504,3504,3504,3504,3504,3504,3504,3504,39.55598449707031,38.889530181884766,37.677642822265625,37.443328857421875,37.889259338378906,37.32426452636719,37.57609558105469,38.53853225708008,38.56781005859375,19.047618865966797,15.789472579956055,10,20,0,0,0,0,2.068216323852539,8589934592,1073741824,5045796864,307429376
209,1771639755696,3504,3504,3504,3504,3504,3504,3504,3504,39.55598449707031,38.889530181884766,37.677642822265625,37.443328857421875,37.889259338378906,37.32426452636719,37.57609558105469,38.53853225708008,38.56781005859375,18.18181800842285,19.047618865966797,19.047618865966797,5,0,0,0,0,2.2907567024230957,8589934592,1073741824,5045829632,307429376
208,1771639755906,3504,3504,3504,3504,3504,3504,3504,3504,39.55598449707031,38.889530181884766,37.677642822265625,37.443328857421875,37.889259338378906,37.32426452636719,37.57609558105469,38.53853225708008,38.56781005859375,20,14.285715103149414,19.047618865966797,13.636363983154297,0,0,0,0,2.2907567024230957,8589934592,1073741824,5045895168,307429376
209,1771639756115,3504,3504,3504,3504,3504,3504,3504,3504,39.55598449707031,38.889530181884766,37.677642822265625,37.443328857421875,37.889259338378906,37.32426452636719,37.57609558105469,38.53853225708008,38.56781005859375,23.809524536132813,28.571430206298828,14.285715103149414,10,0,0,0,0,2.2907567024230957,8589934592,1073741824,5045993472,307429376
208,1771639756324,3504,3504,3504,3504,3504,3504,3504,3504,39.420780181884766,38.79934310913086,37.508750915527344,37.400238037109375,37.79579162597656,37.232421875,37.47334289550781,38.416465759277344,38.50343322753906,15.000000953674316,23.809524536132813,9.523809432983398,9.523809432983398,0,0,0,0,2.2907567024230957,8589934592,1073741824,5045993472,307429376
207,1771639756533,3504,3504,3504,3504,3504,3504,3504,3504,39.420780181884766,38.79934310913086,37.508750915527344,37.400238037109375,37.79579162597656,37.232421875,37.47334289550781,38.416465759277344,38.50343322753906,23.809524536132813,19.047618865966797,15.000000953674316,9.523809432983398,0,0,0,0,2.2907567024230957,8589934592,1073741824,5045927936,307429376
203,1771639756741,3504,3504,3504,3504,3504,3504,3504,3504,39.420780181884766,38.79934310913086,37.508750915527344,37.400238037109375,37.79579162597656,37.232421875,37.47334289550781,38.416465759277344,38.50343322753906,19.047618865966797,19.047618865966797,9.523809432983398,15.000000953674316,0,0,0,0,1.931991696357727,8589934592,1073741824,5045927936,307429376
207,1771639756946,3504,3504,3504,3504,3504,3504,3504,3504,39.420780181884766,38.79934310913086,37.508750915527344,37.400238037109375,37.79579162597656,37.232421875,37.47334289550781,38.416465759277344,38.50343322753906,19.047618865966797,11.111111640930176,9.523809432983398,15.000000953674316,0,0,0,0,1.931991696357727,8589934592,1073741824,5046255616,307429376
209,1771639757153,3504,3504,3504,3504,3504,3504,3504,3504,39.31407165527344,38.72074508666992,37.398780822753906,37.306312561035156,37.705101013183594,37.1304931640625,37.385459899902344,38.33893966674805,38.41090393066406,20,18.18181800842285,10,19.047618865966797,0,0,0,0,1.931991696357727,8589934592,1073741824,5046255616,307429376
207,1771639757363,3504,3504,3504,3504,3504,3504,3504,3504,39.31407165527344,38.72074508666992,37.398780822753906,37.306312561035156,37.705101013183594,37.1304931640625,37.385459899902344,38.33893966674805,38.41090393066406,15.000000953674316,10,14.285715103149414,14.285715103149414,0,0,0,0,1.931991696357727,8589934592,1073741824,5046255616,307429376
209,1771639757571,3504,3504,3504,3504,3504,3504,3504,3504,39.31407165527344,38.72074508666992,37.398780822753906,37.306312561035156,37.705101013183594,37.1304931640625,37.385459899902344,38.33893966674805,38.41090393066406,19.047618865966797,19.047618865966797,19.047618865966797,14.285715103149414,0,0,0,0,1.931991696357727,8589934592,1073741824,5046255616,307429376
206,1771639757781,3504,3504,3504,3504,3504,3504,3504,3504,39.31407165527344,38.72074508666992,37.398780822753906,37.306312561035156,37.705101013183594,37.1304931640625,37.385459899902344,38.33893966674805,38.41090393066406,19.047618865966797,19.047618865966797,15.000000953674316,9.523809432983398,0,0,0,0,1.8699207305908203,8589934592,1073741824,5046255616,307429376
209,1771639757988,3504,3504,3504,3504,3504,3504,3504,3504,39.31407165527344,38.72074508666992,37.398780822753906,37.306312561035156,37.705101013183594,37.1304931640625,37.385459899902344,38.33893966674805,38.41090393066406,15.000000953674316,20,22.72727394104004,10,0,0,0,0,1.8699207305908203,8589934592,1073741824,5046272000,307429376
201,1771639758198,3504,3504,3504,3504,3504,3504,3504,3504,39.24132537841797,38.61933517456055,37.381614685058594,37.13848876953125,37.623802185058594,37.051422119140625,37.29698944091797,38.27562713623047,38.3138313293457,19.047618865966797,22.72727394104004,5,13.636363983154297,0,0,0,0,1.8699207305908203,8589934592,1073741824,5046222848,307429376
206,1771639758399,3504,3504,3504,3504,3504,3504,3504,3504,39.24132537841797,38.61933517456055,37.381614685058594,37.13848876953125,37.623802185058594,37.051422119140625,37.29698944091797,38.27562713623047,38.3138313293457,19.047618865966797,25,14.285715103149414,10,0,0,0,0,1.8699207305908203,8589934592,1073741824,5046222848,307429376
207,1771639758606,3504,3504,3504,3504,3504,3504,3504,3504,39.24132537841797,38.61933517456055,37.381614685058594,37.13848876953125,37.623802185058594,37.051422119140625,37.29698944091797,38.27562713623047,38.3138313293457,15.000000953674316,28.571430206298828,5.263157844543457,5,0,0,0,0,1.8699207305908203,8589934592,1073741824,5046222848,307429376
209,1771639758814,3504,3504,3504,3504,3504,3504,3504,3504,39.24132537841797,38.61933517456055,37.381614685058594,37.13848876953125,37.623802185058594,37.051422119140625,37.29698944091797,38.27562713623047,38.3138313293457,15.000000953674316,25,13.636363983154297,9.523809432983398,0,0,0,0,2.760157585144043,8589934592,1073741824,5046222848,307429376
209,1771639759025,3504,3504,3504,3504,3504,3504,3504,3504,39.24132537841797,38.61933517456055,37.381614685058594,37.13848876953125,37.623802185058594,37.051422119140625,37.29698944091797,38.27562713623047,38.3138313293457,23.809524536132813,31.81818199157715,19.047618865966797,19.047618865966797,19.047618865966797,19.047618865966797,18.18181800842285,19.047618865966797,2.760157585144043,8589934592,1073741824,5046435840,307429376
202,1771639759235,3504,3504,3504,3504,3504,3504,3504,3504,39.469451904296875,38.831703186035156,37.61559295654297,37.302513122558594,37.70082092285156,37.242279052734375,37.50480651855469,38.519874572753906,38.533119201660156,22.72727394104004,15.000000953674316,9.523809432983398,14.285715103149414,0,0,0,0,2.760157585144043,8589934592,1073741824,5046468608,307429376
209,1771639759437,3504,3504,3504,3504,3504,3504,3504,3504,39.469451904296875,38.831703186035156,37.61559295654297,37.302513122558594,37.70082092285156,37.242279052734375,37.50480651855469,38.519874572753906,38.533119201660156,20,25,10.526315689086914,5,0,0,0,0,2.760157585144043,8589934592,1073741824,5046468608,307429376
209,1771639759647,3504,3504,3504,3504,3504,3504,3504,3504,39.469451904296875,38.831703186035156,37.61559295654297,37.302513122558594,37.70082092285156,37.242279052734375,37.50480651855469,38.519874572753906,38.533119201660156,15.000000953674316,14.285715103149414,18.18181800842285,19.047618865966797,0,0,0,0,2.6745998859405518,8589934592,1073741824,5046468608,307429376
206,1771639759857,3504,3504,3504,3504,3504,3504,3504,3504,39.469451904296875,38.831703186035156,37.61559295654297,37.302513122558594,37.70082092285156,37.242279052734375,37.50480651855469,38.519874572753906,38.533119201660156,19.047618865966797,20,10,19.047618865966797,0,0,0,0,2.6745998859405518,8589934592,1073741824,5046484992,307429376
203,1771639760065,3504,3504,3504,3504,3504,3504,3504,3504,39.469451904296875,38.831703186035156,37.61559295654297,37.302513122558594,37.70082092285156,37.242279052734375,37.50480651855469,38.519874572753906,38.533119201660156,15.000000953674316,22.72727394104004,10,19.047618865966797,0,0,0,0,2.6745998859405518,8589934592,1073741824,5046435840,307429376
209,1771639760268,3504,3504,3504,3504,3504,3504,3504,3504,39.144161224365234,38.576881408691406,37.374900817871094,37.049888610839844,37.58188247680664,36.99713134765625,37.273277282714844,38.288578033447266,38.318450927734375,14.285715103149414,15.789472579956055,18.18181800842285,15.000000953674316,0,0,0,0,2.6745998859405518,8589934592,1073741824,5046566912,307429376
199,1771639760478,3504,3504,3504,3504,3504,3504,3504,3504,39.144161224365234,38.576881408691406,37.374900817871094,37.049888610839844,37.58188247680664,36.99713134765625,37.273277282714844,38.288578033447266,38.318450927734375,14.285715103149414,18.18181800842285,20,18.18181800842285,0,0,0,0,2.6745998859405518,8589934592,1073741824,5046566912,307429376
202,1771639760679,3504,3504,3504,3504,3504,3504,3504,3504,39.144161224365234,38.576881408691406,37.374900817871094,37.049888610839844,37.58188247680664,36.99713134765625,37.273277282714844,38.288578033447266,38.318450927734375,20,15.000000953674316,15.000000953674316,0,0,0,0,0,2.487061023712158,8589934592,1073741824,5046239232,307429376
205,1771639760881,3504,3504,3504,3504,3504,3504,3504,3504,39.144161224365234,38.576881408691406,37.374900817871094,37.049888610839844,37.58188247680664,36.99713134765625,37.273277282714844,38.288578033447266,38.318450927734375,15.000000953674316,10,20,15.000000953674316,0,0,0,0,2.487061023712158,8589934592,1073741824,5046239232,307429376
204,1771639761087,3504,3504,3504,3504,3504,3504,3504,3504,39.144161224365234,38.576881408691406,37.374900817871094,37.049888610839844,37.58188247680664,36.99713134765625,37.273277282714844,38.288578033447266,38.318450927734375,10,20,19.047618865966797,13.636363983154297,0,0,0,0,2.487061023712158,8589934592,1073741824,5046239232,307429376
209,1771639761292,3504,3504,3504,3504,3504,3504,3504,3504,39.00867462158203,38.40495300292969,37.28557586669922,37.01710891723633,37.45100021362305,36.826927185058594,37.12702941894531,38.17596435546875,38.16791534423828,23.809524536132813,20,10,10,0,0,0,0,2.487061023712158,8589934592,1073741824,5046239232,307429376
207,1771639761502,3504,3504,3504,3504,3504,3504,3504,3504,39.00867462158203,38.40495300292969,37.28557586669922,37.01710891723633,37.45100021362305,36.826927185058594,37.12702941894531,38.17596435546875,38.16791534423828,23.809524536132813,19.047618865966797,14.285715103149414,9.523809432983398,0,0,0,0,2.487061023712158,8589934592,1073741824,5046239232,307429376
209,1771639761710,3504,3504,3504,3504,3504,3504,3504,3504,39.00867462158203,38.40495300292969,37.28557586669922,37.01710891723633,37.45100021362305,36.826927185058594,37.12702941894531,38.17596435546875,38.16791534423828,20,23.809524536132813,5,5,0,0,0,0,1.808587908744812,8589934592,1073741824,5046075392,307429376
203,1771639761920,3504,3504,3504,3504,3504,3504,3504,3504,39.00867462158203,38.40495300292969,37.28557586669922,37.01710891723633,37.45100021362305,36.826927185058594,37.12702941894531,38.17596435546875,38.16791534423828,38.095237731933594,33.333335876464844,28.571430206298828,28.571430206298828,0,0,0,0,1.808587908744812,8589934592,1073741824,5046763520,307429376
208,1771639762124,3504,3504,3504,3504,3504,3504,3504,3504,39.00867462158203,38.310951232910156,37.17473602294922,36.96538162231445,37.34351348876953,36.72704315185547,37.09156036376953,38.07627868652344,38.07622528076172,25,15.000000953674316,10,5,0,0,0,0,1.808587908744812,8589934592,1073741824,5046796288,307429376
203,1771639762333,3504,3504,3504,3504,3504,3504,3504,3504,38.912811279296875,38.310951232910156,37.17473602294922,36.96538162231445,37.34351348876953,36.72704315185547,37.09156036376953,38.07627868652344,38.07622528076172,23.809524536132813,15.000000953674316,13.636363983154297,9.523809432983398,0,0,0,0,1.808587908744812,8589934592,1073741824,5046730752,307429376
205,1771639762537,3504,3504,3504,3504,3504,3504,3504,3504,38.912811279296875,38.310951232910156,37.17473602294922,36.96538162231445,37.34351348876953,36.72704315185547,37.09156036376953,38.07627868652344,38.07622528076172,19.047618865966797,20,15.000000953674316,10,0,0,0,0,1.808587908744812,8589934592,1073741824,5046730752,307429376
206,1771639762743,3504,3504,3504,3504,3504,3504,3504,3504,38.912811279296875,38.310951232910156,37.17473602294922,36.96538162231445,37.34351348876953,36.72704315185547,37.09156036376953,38.07627868652344,38.07622528076172,10.526315689086914,22.72727394104004,19.047618865966797,9.090909004211426,0,0,0,0,2.436978816986084,8589934592,1073741824,5046730752,307429376
205,1771639762950,3504,3504,3504,3504,3504,3504,3504,3504,38.912811279296875,38.310951232910156,37.17473602294922,36.96538162231445,37.34351348876953,36.72704315185547,37.09156036376953,38.07627868652344,38.07622528076172,22.72727394104004,15.789472579956055,20,5.263157844543457,0,0,0,0,2.436978816986084,8589934592,1073741824,5046829056,307429376
207,1771639763156,3504,3504,3504,3504,3504,3504,3504,3504,38.87959289550781,38.198368072509766,37.0218620300293,36.88216018676758,37.21054458618164,36.63813018798828,37.012115478515625,37.98933029174805,38.02595901489258,15.000000953674316,22.72727394104004,15.000000953674316,13.636363983154297,0,0,0,0,2.436978816986084,8589934592,1073741824,5047795712,307429376
200,1771639763364,3504,3504,3504,3504,3504,3504,3504,3504,38.87959289550781,38.198368072509766,37.0218620300293,36.88216018676758,37.21054458618164,36.63813018798828,37.012115478515625,37.98933029174805,38.02595901489258,25,30.000001907348633,28.571430206298828,10,38.095237731933594,0,0,0,2.436978816986084,8589934592,1073741824,5046779904,307429376
206,1771639763564,3504,3504,3504,3504,3504,3504,3504,3504,38.87959289550781,38.198368072509766,37.0218620300293,36.88216018676758,37.21054458618164,36.63813018798828,37.012115478515625,37.98933029174805,38.02595901489258,20,20,20,10,0,0,0,0,2.436978816986084,8589934592,1073741824,5047648256,307429376
209,1771639763771,3504,3504,3504,3504,3504,3504,3504,3504,38.87959289550781,38.198368072509766,37.0218620300293,36.88216018676758,37.21054458618164,36.63813018798828,37.012115478515625,37.98933029174805,38.02595901489258,22.72727394104004,20,14.285715103149414,14.285715103149414,0,0,0,0,2.4145779609680176,8589934592,1073741824,5047648256,307429376
209,1771639763981,3504,3504,3504,3504,3504,3504,3504,3504,38.87959289550781,38.198368072509766,37.0218620300293,36.88216018676758,37.21054458618164,36.63813018798828,37.012115478515625,37.98933029174805,38.02595901489258,10,22.72727394104004,15.000000953674316,0,4.761904716491699,4.761904716491699,0,0,2.4145779609680176,8589934592,1073741824,5047648256,307429376
208,1771639764191,3504,3504,3504,3504,3504,3504,3504,3504,38.983123779296875,38.49059295654297,37.246482849121094,37.000038146972656,37.28121566772461,36.66146469116211,37.01781463623047,38.0113639831543,38.044254302978516,23.809524536132813,20,23.809524536132813,14.285715103149414,0,0,0,0,2.4145779609680176,8589934592,1073741824,5047468032,307429376
209,1771639764400,3504,3504,3504,3504,3504,3504,3504,3504,38.983123779296875,38.49059295654297,37.246482849121094,37.000038146972656,37.28121566772461,36.66146469116211,37.01781463623047,38.0113639831543,38.044254302978516,14.285715103149414,19.047618865966797,14.285715103149414,5,0,0,0,0,2.4145779609680176,8589934592,1073741824,5047533568,307429376
209,1771639764610,3504,3504,3504,3504,3504,3504,3504,3504,38.983123779296875,38.49059295654297,37.246482849121094,37.000038146972656,37.28121566772461,36.66146469116211,37.01781463623047,38.0113639831543,38.044254302978516,23.809524536132813,23.809524536132813,14.285715103149414,18.18181800842285,0,0,0,0,2.4145779609680176,8589934592,1073741824,5047648256,307429376
206,1771639764820,3504,3504,3504,3504,3504,3504,3504,3504,38.983123779296875,38.49059295654297,37.246482849121094,37.000038146972656,37.28121566772461,36.66146469116211,37.01781463623047,38.0113639831543,38.044254302978516,23.809524536132813,19.047618865966797,19.047618865966797,9.523809432983398,0,0,0,0,1.9580235481262207,8589934592,1073741824,5047713792,307429376
203,1771639765028,3504,3504,3504,3504,3504,3504,3504,3504,38.983123779296875,38.49059295654297,37.246482849121094,37.000038146972656,37.28121566772461,36.66146469116211,37.01781463623047,38.0113639831543,38.044254302978516,19.047618865966797,10,19.047618865966797,5,0,0,0,0,1.9580235481262207,8589934592,1073741824,5047746560,307429376
209,1771639765231,3504,3504,3504,3504,3504,3504,3504,3504,38.83209228515625,38.115108489990234,36.94054412841797,36.740203857421875,37.1171875,36.504093170166016,36.855777740478516,37.83903121948242,37.885520935058594,25,19.047618865966797,20,13.636363983154297,0,0,0,0,1.9580235481262207,8589934592,1073741824,5047779328,307429376
204,1771639765441,3504,3504,3504,3504,3504,3504,3504,3504,38.83209228515625,38.115108489990234,36.94054412841797,36.740203857421875,37.1171875,36.504093170166016,36.855777740478516,37.83903121948242,37.885520935058594,25,5,14.285715103149414,5,0,0,0,0,1.9580235481262207,8589934592,1073741824,5047779328,307429376
209,1771639765646,3504,3504,3504,3504,3504,3504,3504,3504,38.83209228515625,38.115108489990234,36.94054412841797,36.740203857421875,37.1171875,36.504093170166016,36.855777740478516,37.83903121948242,37.885520935058594,30.000001907348633,19.047618865966797,20,10,0,0,0,0,2.0807666778564453,8589934592,1073741824,5047844864,307429376
208,1771639765856,3504,3504,3504,3504,3504,3504,3504,3504,38.83209228515625,38.115108489990234,36.94054412841797,36.740203857421875,37.1171875,36.504093170166016,36.855777740478516,37.83903121948242,37.885520935058594,23.809524536132813,14.285715103149414,5,9.523809432983398,0,0,0,0,2.0807666778564453,8589934592,1073741824,5047812096,307429376
202,1771639766065,3504,3504,3504,3504,3504,3504,3504,3504,38.83209228515625,38.115108489990234,36.94054412841797,36.740203857421875,37.1171875,36.504093170166016,36.855777740478516,37.83903121948242,37.885520935058594,23.809524536132813,14.285715103149414,13.636363983154297,13.636363983154297,0,0,0,0,2.0807666778564453,8589934592,1073741824,5047812096,307429376
206,1771639766268,3504,3504,3504,3504,3504,3504,3504,3504,38.79267120361328,38.03337478637695,36.89946746826172,36.643226623535156,37.04037857055664,36.43536376953125,36.75454330444336,37.75075912475586,37.83137130737305,20,15.000000953674316,15.789472579956055,10.526315689086914,0,0,0,0,2.0807666778564453,8589934592,1073741824,5047828480,307429376
206,1771639766474,3504,3504,3504,3504,3504,3504,3504,3504,38.79267120361328,38.03337478637695,36.89946746826172,36.643226623535156,37.04037857055664,36.43536376953125,36.75454330444336,37.75075912475586,37.83137130737305,15.000000953674316,20,13.636363983154297,15.000000953674316,0,0,0,0,2.0807666778564453,8589934592,1073741824,5047828480,307429376
203,1771639766681,3504,3504,3504,3504,3504,3504,3504,3504,38.79267120361328,38.03337478637695,36.89946746826172,36.643226623535156,37.04037857055664,36.43536376953125,36.75454330444336,37.75075912475586,37.83137130737305,14.285715103149414,19.047618865966797,10,19.047618865966797,0,0,0,0,1.8460484743118286,8589934592,1073741824,5047812096,307429376
209,1771639766885,3504,3504,3504,3504,3504,3504,3504,3504,38.79267120361328,38.03337478637695,36.89946746826172,36.643226623535156,37.04037857055664,36.43536376953125,36.75454330444336,37.75075912475586,37.83137130737305,20,19.047618865966797,10,19.047618865966797,0,0,0,0,1.8460484743118286,8589934592,1073741824,5047812096,307429376
209,1771639767095,3504,3504,3504,3504,3504,3504,3504,3504,38.79267120361328,38.03337478637695,36.89946746826172,36.643226623535156,37.04037857055664,36.43536376953125,36.75454330444336,37.75075912475586,37.83137130737305,23.809524536132813,15.000000953674316,9.523809432983398,10,0,0,0,0,1.8460484743118286,8589934592,1073741824,5047861248,307429376
203,1771639767305,3504,3504,3504,3504,3504,3504,3504,3504,38.70606231689453,37.96165466308594,36.8658447265625,36.599891662597656,36.987152099609375,36.386077880859375,36.67375946044922,37.700469970703125,37.750675201416016,23.809524536132813,13.636363983154297,13.636363983154297,9.523809432983398,0,0,0,0,1.8460484743118286,8589934592,1073741824,5047828480,307429376
209,1771639767508,3504,3504,3504,3504,3504,3504,3504,3504,38.70606231689453,37.96165466308594,36.8658447265625,36.599891662597656,36.987152099609375,36.386077880859375,36.67375946044922,37.700469970703125,37.750675201416016,15.000000953674316,15.789472579956055,10.526315689086914,23.809524536132813,0,0,0,0,1.8460484743118286,8589934592,1073741824,5047828480,307429376
200,1771639767718,3504,3504,3504,3504,3504,3504,3504,3504,38.70606231689453,37.96165466308594,36.8658447265625,36.599891662597656,36.987152099609375,36.386077880859375,36.67375946044922,37.700469970703125,37.750675201416016,22.72727394104004,23.809524536132813,13.636363983154297,5,0,0,0,0,2.031719207763672,8589934592,1073741824,5047828480,307429376
209,1771639767918,3504,3504,3504,3504,3504,3504,3504,3504,38.70606231689453,37.96165466308594,36.8658447265625,36.599891662597656,36.987152099609375,36.386077880859375,36.67375946044922,37.700469970703125,37.750675201416016,30.000001907348633,35,20,19.047618865966797,0,0,0,0,2.031719207763672,8589934592,1073741824,5049155584,307429376
209,1771639768128,3504,3504,3504,3504,3504,3504,3504,3504,38.70606231689453,37.91323471069336,36.789154052734375,36.56991958618164,36.97606658935547,36.3477783203125,36.623268127441406,37.664833068847656,37.658016204833984,15.000000953674316,23.809524536132813,14.285715103149414,9.523809432983398,0,0,0,0,2.031719207763672,8589934592,1073741824,5050744832,307429376
203,1771639768338,3504,3504,3504,3504,3504,3504,3504,3504,38.62654113769531,37.91323471069336,36.789154052734375,36.56991958618164,36.97606658935547,36.3477783203125,36.623268127441406,37.664833068847656,37.658016204833984,19.047618865966797,19.047618865966797,5,15.000000953674316,0,0,0,0,2.031719207763672,8589934592,1073741824,5050793984,307429376
205,1771639768542,3504,3504,3504,3504,3504,3504,3504,3504,38.62654113769531,37.91323471069336,36.789154052734375,36.56991958618164,36.97606658935547,36.3477783203125,36.623268127441406,37.664833068847656,37.658016204833984,25,15.000000953674316,14.285715103149414,19.047618865966797,0,0,0,0,2.031719207763672,8589934592,1073741824,5050482688,307429376
202,1771639768748,3504,3504,3504,3504,3504,3504,3504,3504,38.62654113769531,37.91323471069336,36.789154052734375,36.56991958618164,36.97606658935547,36.3477783203125,36.623268127441406,37.664833068847656,37.658016204833984,10,20,15.789472579956055,5.263157844543457,0,0,0,0,1.8832138776779175,8589934592,1073741824,5050548224,307429376
202,1771639768951,3504,3504,3504,3504,3504,3504,3504,3504,38.62654113769531,37.91323471069336,36.789154052734375,36.56991958618164,36.97606658935547,36.3477783203125,36.623268127441406,37.664833068847656,37.658016204833984,19.047618865966797,15.000000953674316,19.047618865966797,9.523809432983398,5,4.761904716491699,0,0,1.8832138776779175,8589934592,1073741824,5050548224,307429376
202,1771639769154,3504,3504,3504,3504,3504,3504,3504,3504,38.539981842041016,37.8975944519043,36.759986877441406,36.550559997558594,36.909427642822266,36.35279846191406,36.58130645751953,37.63004684448242,37.650760650634766,25,15.000000953674316,14.285715103149414,14.285715103149414,0,0,0,0,1.8832138776779175,8589934592,1073741824,5050548224,307429376
209,1771639769356,3504,3504,3504,3504,3504,3504,3504,3504,38.539981842041016,37.8975944519043,36.759986877441406,36.550559997558594,36.909427642822266,36.35279846191406,36.58130645751953,37.63004684448242,37.650760650634766,30.000001907348633,14.285715103149414,15.000000953674316,5,0,0,0,0,1.8832138776779175,8589934592,1073741824,5050564608,307429376
209,1771639769566,3504,3504,3504,3504,3504,3504,3504,3504,38.539981842041016,37.8975944519043,36.759986877441406,36.550559997558594,36.909427642822266,36.35279846191406,36.58130645751953,37.63004684448242,37.650760650634766,14.285715103149414,14.285715103149414,5,14.285715103149414,9.523809432983398,4.761904716491699,4.761904716491699,0,1.8832138776779175,8589934592,1073741824,5051056128,307429376
202,1771639769776,3504,3504,3504,3504,3504,3504,3504,3504,38.539981842041016,37.8975944519043,36.759986877441406,36.550559997558594,36.909427642822266,36.35279846191406,36.58130645751953,37.63004684448242,37.650760650634766,23.809524536132813,14.285715103149414,14.285715103149414,9.523809432983398,0,0,0,0,2.204617500305176,8589934592,1073741824,5051203584,307429376
205,1771639769979,3504,3504,3504,3504,3504,3504,3504,3504,38.539981842041016,37.8975944519043,36.759986877441406,36.550559997558594,36.909427642822266,36.35279846191406,36.58130645751953,37.63004684448242,37.650760650634766,30.000001907348633,20,15.000000953674316,5,4.761904716491699,0,0,0,2.204617500305176,8589934592,1073741824,5052579840,307429376
206,1771639770185,3504,3504,3504,3504,3504,3504,3504,3504,38.553436279296875,37.91232681274414,36.77083969116211,36.56682586669922,36.922210693359375,36.35304641723633,36.63874435424805,37.641422271728516,37.64826583862305,30.000001907348633,10,14.285715103149414,14.285715103149414,0,0,0,0,2.204617500305176,8589934592,1073741824,5052923904,307429376
208,1771639770393,3504,3504,3504,3504,3504,3504,3504,3504,38.553436279296875,37.91232681274414,36.77083969116211,36.56682586669922,36.922210693359375,36.35304641723633,36.63874435424805,37.641422271728516,37.64826583862305,27.272727966308594,15.000000953674316,5,5,0,0,0,0,2.204617500305176,8589934592,1073741824,5052792832,307429376
206,1771639770602,3504,3504,3504,3504,3504,3504,3504,3504,38.553436279296875,37.91232681274414,36.77083969116211,36.56682586669922,36.922210693359375,36.35304641723633,36.63874435424805,37.641422271728516,37.64826583862305,20,18.18181800842285,18.18181800842285,5,0,0,0,0,2.204617500305176,8589934592,1073741824,5052563456,307429376
204,1771639770809,3504,3504,3504,3504,3504,3504,3504,3504,38.553436279296875,37.91232681274414,36.77083969116211,36.56682586669922,36.922210693359375,36.35304641723633,36.63874435424805,37.641422271728516,37.64826583862305,25,10,15.789472579956055,13.636363983154297,0,0,0,0,2.1167263984680176,8589934592,1073741824,5052563456,307429376
202,1771639771014,3504,3504,3504,3504,3504,3504,3504,3504,38.553436279296875,37.91232681274414,36.77083969116211,36.56682586669922,36.922210693359375,36.35304641723633,36.63874435424805,37.641422271728516,37.64826583862305,23.809524536132813,15.000000953674316,22.72727394104004,0,0,0,0,0,2.1167263984680176,8589934592,1073741824,5052825600,307429376
200,1771639771217,3504,3504,3504,3504,3504,3504,3504,3504,38.36896896362305,37.752891540527344,36.602027893066406,36.38054656982422,36.855201721191406,36.246002197265625,36.47904968261719,37.524532318115234,37.52001190185547,20,15.000000953674316,15.789472579956055,10,0,0,0,0,2.1167263984680176,8589934592,1073741824,5052596224,307429376
208,1771639771418,3504,3504,3504,3504,3504,3504,3504,3504,38.36896896362305,37.752891540527344,36.602027893066406,36.38054656982422,36.855201721191406,36.246002197265625,36.47904968261719,37.524532318115234,37.52001190185547,20,19.047618865966797,19.047618865966797,10,0,0,0,0,2.1167263984680176,8589934592,1073741824,5052825600,307429376
208,1771639771626,3504,3504,3504,3504,3504,3504,3504,3504,38.36896896362305,37.752891540527344,36.602027893066406,36.38054656982422,36.855201721191406,36.246002197265625,36.47904968261719,37.524532318115234,37.52001190185547,23.809524536132813,15.000000953674316,19.047618865966797,9.523809432983398,0,0,0,0,2.3528568744659424,8589934592,1073741824,5052563456,307429376
208,1771639771835,3504,3504,3504,3504,3504,3504,3504,3504,38.36896896362305,37.752891540527344,36.602027893066406,36.38054656982422,36.855201721191406,36.246002197265625,36.47904968261719,37.524532318115234,37.52001190185547,14.285715103149414,23.809524536132813,5,14.285715103149414,0,0,0,0,2.3528568744659424,8589934592,1073741824,5052743680,307429376
209,1771639772044,3504,3504,3504,3504,3504,3504,3504,3504,38.36896896362305,37.752891540527344,36.602027893066406,36.38054656982422,36.855201721191406,36.246002197265625,36.47904968261719,37.524532318115234,37.52001190185547,15.000000953674316,19.047618865966797,14.285715103149414,9.523809432983398,0,0,0,0,2.3528568744659424,8589934592,1073741824,5052661760,307429376
209,1771639772254,3504,3504,3504,3504,3504,3504,3504,3504,38.25871658325195,37.6561393737793,36.53416442871094,36.299766540527344,36.80842208862305,36.207672119140625,36.39848327636719,37.43507766723633,37.48658752441406,23.809524536132813,19.047618865966797,19.047618865966797,10,0,0,0,0,2.3528568744659424,8589934592,1073741824,5052792832,307429376
202,1771639772464,3504,3504,3504,3504,3504,3504,3504,3504,38.25871658325195,37.6561393737793,36.53416442871094,36.299766540527344,36.80842208862305,36.207672119140625,36.39848327636719,37.43507766723633,37.48658752441406,23.809524536132813,19.047618865966797,9.523809432983398,9.523809432983398,0,0,0,0,2.3528568744659424,8589934592,1073741824,5052661760,307429376
208,1771639772667,3504,3504,3504,3504,3504,3504,3504,3504,38.25871658325195,37.6561393737793,36.53416442871094,36.299766540527344,36.80842208862305,36.207672119140625,36.39848327636719,37.43507766723633,37.48658752441406,25,20,10,9.523809432983398,0,4.761904716491699,0,0,1.9945545196533203,8589934592,1073741824,5052809216,307429376
11,1771639772876,3504,3504,3504,3504,3504,3504,3504,3504,38.25871658325195,37.6561393737793,36.53416442871094,36.299766540527344,36.80842208862305,36.207672119140625,36.39848327636719,37.43507766723633,37.48658752441406,19.047618865966797,14.285715103149414,5,15.000000953674316,0,0,0,0,1.9945545196533203,8589934592,1073741824,5052809216,307429376
