Delta,Time,CPU_FREQUENCY_0,CPU_FREQUENCY_1,CPU_FREQUENCY_2,CPU_FREQUENCY_3,CPU_FREQUENCY_4,CPU_FREQUENCY_5,CPU_FREQUENCY_6,CPU_FREQUENCY_7,CPU_TEMP_0,CPU_TEMP_1,CPU_TEMP_2,CPU_TEMP_3,CPU_TEMP_4,CPU_TEMP_5,CPU_TEMP_6,CPU_TEMP_7,CPU_TEMP_8,CPU_USAGE_0,CPU_USAGE_1,CPU_USAGE_2,CPU_USAGE_3,CPU_USAGE_4,CPU_USAGE_5,CPU_USAGE_6,CPU_USAGE_7,SYSTEM_POWER (Watts),TOTAL_MEMORY,TOTAL_SWAP,USED_MEMORY,USED_SWAP
0,1771639812344,3504,3504,3504,3504,3504,3504,3504,3504,49.247989654541016,48.596805572509766,47.44715881347656,47.24262237548828,47.272186279296875,47.29895782470703,46.95210266113281,48.13627243041992,48.216552734375,0,0,0,0,0,0,0,0,7.4387006759643555,8589934592,1073741824,5311922176,307429376
201,1771639812344,3504,3504,3504,3504,3504,3504,3504,3504,49.247989654541016,48.596805572509766,47.44715881347656,47.24262237548828,47.272186279296875,47.29895782470703,46.95210266113281,48.13627243041992,48.216552734375,50,0,NaN,NaN,0,0,0,0,7.4387006759643555,8589934592,1073741824,5311922176,307429376
200,1771639812546,3504,3504,3504,3504,3504,3504,3504,3504,49.247989654541016,48.596805572509766,47.44715881347656,47.24262237548828,47.272186279296875,47.29895782470703,46.95210266113281,48.13627243041992,48.216552734375,20,20,9.523809432983398,23.809524536132813,14.285715103149414,10,0,0,7.4387006759643555,8589934592,1073741824,5311922176,307429376
209,1771639812747,3504,3504,3504,3504,3504,3504,3504,3504,49.247989654541016,48.596805572509766,47.44715881347656,47.24262237548828,47.272186279296875,47.29895782470703,46.95210266113281,48.13627243041992,48.216552734375,20,10,5,0,21.052631378173828,20,4.761904716491699,4.761904716491699,2.1503829956054688,8589934592,1073741824,5311922176,307429376
207,1771639812957,3504,3504,3504,3504,3504,3504,3504,3504,49.247989654541016,48.596805572509766,47.44715881347656,47.24262237548828,47.272186279296875,47.29895782470703,46.95210266113281,48.13627243041992,48.216552734375,10,14.285715103149414,9.523809432983398,9.523809432983398,0,0,0,0,2.1503829956054688,8589934592,1073741824,5330747392,307429376
208,1771639813166,3504,3504,3504,3504,3504,3504,3504,3504,48.644290924072266,48.076629638671875,46.726829528808594,46.55047607421875,46.44633865356445,46.446250915527344,45.937416076660156,47.029842376708984,47.1185188293457,14.285715103149414,23.809524536132813,19.047618865966797,5,9.523809432983398,4.545454502105713,0,0,2.1503829956054688,8589934592,1073741824,5331369984,307429376
205,1771639813375,3504,3504,3504,3504,3504,3504,3504,3504,48.644290924072266,48.076629638671875,46.726829528808594,46.55047607421875,46.44633865356445,46.446250915527344,45.937416076660156,47.029842376708984,47.1185188293457,22.72727394104004,25,5.263157844543457,14.285715103149414,22.72727394104004,0,0,0,2.1503829956054688,8589934592,1073741824,5331124224,307429376
209,1771639813580,3504,3504,3504,3504,3504,3504,3504,3504,48.644290924072266,48.076629638671875,46.726829528808594,46.55047607421875,46.44633865356445,46.446250915527344,45.937416076660156,47.029842376708984,47.1185188293457,36.842105865478516,42.85714340209961,36.3636360168457,42.85714340209961,15.000000953674316,4.761904716491699,0,0,2.1503829956054688,8589934592,1073741824,5340250112,307429376
205,1771639813791,3504,3504,3504,3504,3504,3504,3504,3504,48.644290924072266,48.076629638671875,46.726829528808594,46.55047607421875,46.44633865356445,46.446250915527344,45.937416076660156,47.029842376708984,47.1185188293457,31.81818199157715,18.18181800842285,10,22.72727394104004,0,0,0,0,3.2329108715057373,8589934592,1073741824,5337579520,307429376
205,1771639813997,3504,3504,3504,3504,3504,3504,3504,3504,48.644290924072266,48.076629638671875,46.726829528808594,46.55047607421875,46.44633865356445,46.446250915527344,45.937416076660156,47.029842376708984,47.1185188293457,20,10,13.636363983154297,10.526315689086914,0,0,0,0,3.2329108715057373,8589934592,1073741824,5336104960,307429376
207,1771639814204,3504,3504,3504,3504,3504,3504,3504,3504,46.74691390991211,46.42131805419922,45.192779541015625,44.899871826171875,45.22073745727539,45.46056365966797,44.76942443847656,45.87898635864258,45.848655700683594,20,15.000000953674316,5.263157844543457,19.047618865966797,0,0,0,0,3.2329108715057373,8589934592,1073741824,5335613440,307429376
208,1771639814412,3504,3504,3504,3504,3504,3504,3504,3504,46.74691390991211,46.42131805419922,45.192779541015625,44.899871826171875,45.22073745727539,45.46056365966797,44.76942443847656,45.87898635864258,45.848655700683594,23.809524536132813,14.285715103149414,14.285715103149414,19.047618865966797,0,0,0,0,3.2329108715057373,8589934592,1073741824,5336825856,307429376
209,1771639814621,3504,3504,3504,3504,3504,3504,3504,3504,46.74691390991211,46.42131805419922,45.192779541015625,44.899871826171875,45.22073745727539,45.46056365966797,44.76942443847656,45.87898635864258,45.848655700683594,23.809524536132813,23.809524536132813,10,20,14.285715103149414,5,9.523809432983398,0,3.2329108715057373,8589934592,1073741824,5336825856,307429376
207,1771639814831,3504,3504,3504,3504,3504,3504,3504,3504,46.74691390991211,46.42131805419922,45.192779541015625,44.899871826171875,45.22073745727539,45.46056365966797,44.76942443847656,45.87898635864258,45.848655700683594,20,15.000000953674316,18.18181800842285,18.18181800842285,0,0,0,0,2.6930460929870605,8589934592,1073741824,5336825856,307429376
208,1771639815039,3504,3504,3504,3504,3504,3504,3504,3504,46.74691390991211,46.42131805419922,45.192779541015625,44.899871826171875,45.22073745727539,45.46056365966797,44.76942443847656,45.87898635864258,45.848655700683594,23.809524536132813,14.285715103149414,14.285715103149414,20,0,0,0,0,2.6930460929870605,8589934592,1073741824,5326880768,307429376
205,1771639815248,3504,3504,3504,3504,3504,3504,3504,3504,45.805030822753906,45.120880126953125,44.10650634765625,43.813209533691406,44.246524810791016,44.30927276611328,43.821502685546875,44.913265228271484,44.94552993774414,9.523809432983398,13.636363983154297,9.523809432983398,15.000000953674316,0,0,0,0,2.6930460929870605,8589934592,1073741824,5326946304,307429376
209,1771639815454,3504,3504,3504,3504,3504,3504,3504,3504,45.805030822753906,45.120880126953125,44.10650634765625,43.813209533691406,44.246524810791016,44.30927276611328,43.821502685546875,44.913265228271484,44.94552993774414,25,15.789472579956055,15.000000953674316,28.571430206298828,0,0,0,0,2.6930460929870605,8589934592,1073741824,5327847424,307429376
205,1771639815664,3504,3504,3504,3504,3504,3504,3504,3504,45.805030822753906,45.120880126953125,44.10650634765625,43.813209533691406,44.246524810791016,44.30927276611328,43.821502685546875,44.913265228271484,44.94552993774414,14.285715103149414,9.523809432983398,9.523809432983398,23.809524536132813,0,0,0,0,2.386535167694092,8589934592,1073741824,5328011264,307429376
209,1771639815870,3504,3504,3504,3504,3504,3504,3504,3504,45.805030822753906,45.120880126953125,44.10650634765625,43.813209533691406,44.246524810791016,44.30927276611328,43.821502685546875,44.913265228271484,44.94552993774414,19.047618865966797,19.047618865966797,20,19.047618865966797,0,4.761904716491699,0,0,2.386535167694092,8589934592,1073741824,5327962112,307429376
199,1771639816080,3504,3504,3504,3504,3504,3504,3504,3504,45.805030822753906,45.120880126953125,44.10650634765625,43.813209533691406,44.246524810791016,44.30927276611328,43.821502685546875,44.913265228271484,44.94552993774414,15.000000953674316,23.809524536132813,14.285715103149414,5,0,0,0,0,2.386535167694092,8589934592,1073741824,5328027648,307429376
209,1771639816280,3504,3504,3504,3504,3504,3504,3504,3504,45.056060791015625,44.31302261352539,43.27229309082031,42.97540283203125,43.489524841308594,43.323890686035156,43.03660583496094,44.02298355102539,44.143592834472656,19.047618865966797,20,14.285715103149414,9.523809432983398,0,0,0,0,2.386535167694092,8589934592,1073741824,5328027648,307429376
209,1771639816491,3504,3504,3504,3504,3504,3504,3504,3504,45.056060791015625,44.31302261352539,43.27229309082031,42.97540283203125,43.489524841308594,43.323890686035156,43.03660583496094,44.02298355102539,44.143592834472656,14.285715103149414,28.571430206298828,5,9.523809432983398,0,0,0,0,2.386535167694092,8589934592,1073741824,5328011264,307429376
209,1771639816700,3504,3504,3504,3504,3504,3504,3504,3504,45.056060791015625,44.31302261352539,43.27229309082031,42.97540283203125,43.489524841308594,43.323890686035156,43.03660583496094,44.02298355102539,44.143592834472656,14.285715103149414,23.809524536132813,14.285715103149414,9.523809432983398,0,0,0,0,2.2005255222320557,8589934592,1073741824,5328060416,307429376
203,1771639816910,3504,3504,3504,3504,3504,3504,3504,3504,45.056060791015625,44.31302261352539,43.27229309082031,42.97540283203125,43.489524841308594,43.323890686035156,43.03660583496094,44.02298355102539,44.143592834472656,15.000000953674316,15.000000953674316,9.523809432983398,14.285715103149414,0,0,0,0,2.2005255222320557,8589934592,1073741824,5328027648,307429376
199,1771639817114,3504,3504,3504,3504,3504,3504,3504,3504,45.056060791015625,44.31302261352539,43.27229309082031,42.97540283203125,43.489524841308594,43.323890686035156,43.03660583496094,44.02298355102539,44.143592834472656,10,10,15.789472579956055,10,0,0,0,0,2.2005255222320557,8589934592,1073741824,5325848576,307429376
209,1771639817314,3504,3504,3504,3504,3504,3504,3504,3504,44.21068572998047,43.71207809448242,42.606536865234375,42.41717529296875,42.82156753540039,42.837440490722656,42.38232421875,43.3963737487793,43.47488784790039,20,14.285715103149414,19.047618865966797,20,0,0,0,0,2.2005255222320557,8589934592,1073741824,5325668352,307429376
206,1771639817524,3504,3504,3504,3504,3504,3504,3504,3504,44.21068572998047,43.71207809448242,42.606536865234375,42.41717529296875,42.82156753540039,42.837440490722656,42.38232421875,43.3963737487793,43.47488784790039,23.809524536132813,25,19.047618865966797,23.809524536132813,0,0,0,0,2.2005255222320557,8589934592,1073741824,5327224832,307429376
203,1771639817731,3504,3504,3504,3504,3504,3504,3504,3504,44.21068572998047,43.71207809448242,42.606536865234375,42.41717529296875,42.82156753540039,42.837440490722656,42.38232421875,43.3963737487793,43.47488784790039,14.285715103149414,14.285715103149414,9.523809432983398,20,0,0,0,0,2.311596393585205,8589934592,1073741824,5327257600,307429376
202,1771639817935,3504,3504,3504,3504,3504,3504,3504,3504,44.21068572998047,43.71207809448242,42.606536865234375,42.41717529296875,42.82156753540039,42.837440490722656,42.38232421875,43.3963737487793,43.47488784790039,15.000000953674316,10,15.000000953674316,15.000000953674316,0,0,0,0,2.311596393585205,8589934592,1073741824,5327273984,307429376
209,1771639818137,3504,3504,3504,3504,3504,3504,3504,3504,43.74699401855469,43.32919692993164,42.08629608154297,41.82035827636719,42.3105354309082,42.30181884765625,41.855194091796875,42.829673767089844,42.898189544677734,21.052631378173828,23.809524536132813,20,14.285715103149414,0,0,0,0,2.311596393585205,8589934592,1073741824,5326848000,307429376
209,1771639818347,3504,3504,3504,3504,3504,3504,3504,3504,43.74699401855469,43.32919692993164,42.08629608154297,41.82035827636719,42.3105354309082,42.30181884765625,41.855194091796875,42.829673767089844,42.898189544677734,23.809524536132813,15.000000953674316,23.809524536132813,19.047618865966797,23.809524536132813,19.047618865966797,18.18181800842285,18.18181800842285,2.311596393585205,8589934592,1073741824,5321441280,307429376
209,1771639818557,3504,3504,3504,3504,3504,3504,3504,3504,43.74699401855469,43.32919692993164,42.08629608154297,41.82035827636719,42.3105354309082,42.30181884765625,41.855194091796875,42.829673767089844,42.898189544677734,19.047618865966797,19.047618865966797,14.285715103149414,15.000000953674316,0,0,0,0,2.311596393585205,8589934592,1073741824,5321490432,307429376
202,1771639818767,3504,3504,3504,3504,3504,3504,3504,3504,43.74699401855469,43.32919692993164,42.08629608154297,41.82035827636719,42.3105354309082,42.30181884765625,41.855194091796875,42.829673767089844,42.898189544677734,22.72727394104004,9.523809432983398,9.523809432983398,18.18181800842285,0,0,0,0,2.2121713161468506,8589934592,1073741824,5321506816,307429376
200,1771639818970,3504,3504,3504,3504,3504,3504,3504,3504,43.74699401855469,43.32919692993164,42.08629608154297,41.82035827636719,42.3105354309082,42.30181884765625,41.855194091796875,42.829673767089844,42.898189544677734,15.000000953674316,10.526315689086914,10,10,0,0,0,0,2.2121713161468506,8589934592,1073741824,5321326592,307429376
209,1771639819171,3504,3504,3504,3504,3504,3504,3504,3504,43.78618621826172,43.42831039428711,42.031761169433594,41.85504150390625,42.17167663574219,42.28437042236328,41.89070129394531,42.96001434326172,43.05402755737305,21.052631378173828,22.72727394104004,15.000000953674316,15.789472579956055,0,0,0,0,2.2121713161468506,8589934592,1073741824,5321342976,307429376
209,1771639819381,3504,3504,3504,3504,3504,3504,3504,3504,43.78618621826172,43.42831039428711,42.031761169433594,41.85504150390625,42.17167663574219,42.28437042236328,41.89070129394531,42.96001434326172,43.05402755737305,19.047618865966797,5.263157844543457,9.523809432983398,18.18181800842285,0,0,0,0,2.2121713161468506,8589934592,1073741824,5321310208,307429376
206,1771639819590,3504,3504,3504,3504,3504,3504,3504,3504,43.78618621826172,43.42831039428711,42.031761169433594,41.85504150390625,42.17167663574219,42.28437042236328,41.89070129394531,42.96001434326172,43.05402755737305,31.81818199157715,14.285715103149414,5,5,0,0,0,0,2.2121713161468506,8589934592,1073741824,5321342976,307429376
205,1771639819797,3504,3504,3504,3504,3504,3504,3504,3504,43.78618621826172,43.42831039428711,42.031761169433594,41.85504150390625,42.17167663574219,42.28437042236328,41.89070129394531,42.96001434326172,43.05402755737305,23.809524536132813,19.047618865966797,14.285715103149414,9.523809432983398,0,0,0,0,2.608685255050659,8589934592,1073741824,5321342976,307429376
208,1771639820003,3504,3504,3504,3504,3504,3504,3504,3504,43.78618621826172,43.42831039428711,42.031761169433594,41.85504150390625,42.17167663574219,42.28437042236328,41.89070129394531,42.96001434326172,43.05402755737305,15.000000953674316,23.809524536132813,14.285715103149414,10,0,0,0,0,2.608685255050659,8589934592,1073741824,5321342976,307429376
208,1771639820213,3504,3504,3504,3504,3504,3504,3504,3504,42.92228698730469,42.529052734375,41.180137634277344,40.962013244628906,41.34584426879883,41.21803283691406,41.061737060546875,42.08979034423828,42.09299087524414,15.000000953674316,10,23.809524536132813,13.636363983154297,0,0,0,0,2.608685255050659,8589934592,1073741824,5321195520,307429376
208,1771639820422,3504,3504,3504,3504,3504,3504,3504,3504,42.92228698730469,42.529052734375,41.180137634277344,40.962013244628906,41.34584426879883,41.21803283691406,41.061737060546875,42.08979034423828,42.09299087524414,18.18181800842285,14.285715103149414,28.571430206298828,10,0,0,0,0,2.608685255050659,8589934592,1073741824,5321195520,307429376
205,1771639820631,3504,3504,3504,3504,3504,3504,3504,3504,42.92228698730469,42.529052734375,41.180137634277344,40.962013244628906,41.34584426879883,41.21803283691406,41.061737060546875,42.08979034423828,42.09299087524414,15.000000953674316,14.285715103149414,25,9.523809432983398,0,0,0,0,2.498828411102295,8589934592,1073741824,5320982528,307429376
209,1771639820837,3504,3504,3504,3504,3504,3504,3504,3504,42.92228698730469,42.529052734375,41.180137634277344,40.962013244628906,41.34584426879883,41.21803283691406,41.061737060546875,42.08979034423828,42.09299087524414,19.047618865966797,10,19.047618865966797,14.285715103149414,0,0,0,0,2.498828411102295,8589934592,1073741824,5320982528,307429376
209,1771639821047,3504,3504,3504,3504,3504,3504,3504,3504,42.92228698730469,42.529052734375,41.180137634277344,40.962013244628906,41.34584426879883,41.21803283691406,41.061737060546875,42.08979034423828,42.09299087524414,25,9.523809432983398,14.285715103149414,9.523809432983398,9.523809432983398,4.761904716491699,4.761904716491699,4.545454502105713,2.498828411102295,8589934592,1073741824,5320982528,307429376
206,1771639821257,3504,3504,3504,3504,3504,3504,3504,3504,42.61423110961914,41.994205474853516,40.78660583496094,40.63519287109375,40.93419647216797,40.82148742675781,40.612464904785156,41.66999816894531,41.71979904174805,28.571430206298828,18.18181800842285,10,9.523809432983398,0,0,0,0,2.498828411102295,8589934592,1073741824,5321244672,307429376
208,1771639821464,3504,3504,3504,3504,3504,3504,3504,3504,42.61423110961914,41.994205474853516,40.78660583496094,40.63519287109375,40.93419647216797,40.82148742675781,40.612464904785156,41.66999816894531,41.71979904174805,19.047618865966797,15.000000953674316,22.72727394104004,5.263157844543457,0,0,0,0,2.498828411102295,8589934592,1073741824,5321293824,307429376
199,1771639821672,3504,3504,3504,3504,3504,3504,3504,3504,42.61423110961914,41.994205474853516,40.78660583496094,40.63519287109375,40.93419647216797,40.82148742675781,40.612464904785156,41.66999816894531,41.71979904174805,21.052631378173828,15.000000953674316,15.000000953674316,13.636363983154297,0,0,0,0,1.8074226379394531,8589934592,1073741824,5321293824,307429376
205,1771639821872,3504,3504,3504,3504,3504,3504,3504,3504,42.61423110961914,41.994205474853516,40.78660583496094,40.63519287109375,40.93419647216797,40.82148742675781,40.612464904785156,41.66999816894531,41.71979904174805,20,15.000000953674316,10.526315689086914,15.000000953674316,0,0,0,0,1.8074226379394531,8589934592,1073741824,5321277440,307429376
201,1771639822078,3504,3504,3504,3504,3504,3504,3504,3504,42.61423110961914,41.994205474853516,40.78660583496094,40.63519287109375,40.93419647216797,40.82148742675781,40.612464904785156,41.66999816894531,41.71979904174805,23.809524536132813,19.047618865966797,13.636363983154297,10,0,0,0,0,1.8074226379394531,8589934592,1073741824,5313527808,307429376
204,1771639822280,3504,3504,3504,3504,3504,3504,3504,3504,42.24578094482422,41.37245178222656,40.393760681152344,40.25371551513672,40.607173919677734,40.5968017578125,40.306060791015625,41.31136703491211,41.33921813964844,31.81818199157715,10,5.263157844543457,10,0,0,0,0,1.8074226379394531,8589934592,1073741824,5314215936,307429376
206,1771639822485,3504,3504,3504,3504,3504,3504,3504,3504,42.24578094482422,41.37245178222656,40.393760681152344,40.25371551513672,40.607173919677734,40.5968017578125,40.306060791015625,41.31136703491211,41.33921813964844,30.000001907348633,19.047618865966797,14.285715103149414,9.523809432983398,0,0,0,0,1.8074226379394531,8589934592,1073741824,5314854912,307429376
205,1771639822691,3504,3504,3504,3504,3504,3504,3504,3504,42.24578094482422,41.37245178222656,40.393760681152344,40.25371551513672,40.607173919677734,40.5968017578125,40.306060791015625,41.31136703491211,41.33921813964844,15.789472579956055,20,5.263157844543457,10,0,0,0,0,2.2756171226501465,8589934592,1073741824,5311709184,307429376
203,1771639822897,3504,3504,3504,3504,3504,3504,3504,3504,42.24578094482422,41.37245178222656,40.393760681152344,40.25371551513672,40.607173919677734,40.5968017578125,40.306060791015625,41.31136703491211,41.33921813964844,15.000000953674316,25,13.636363983154297,14.285715103149414,0,0,0,0,2.2756171226501465,8589934592,1073741824,5312266240,307429376
209,1771639823101,3504,3504,3504,3504,3504,3504,3504,3504,42.24578094482422,41.37245178222656,40.393760681152344,40.25371551513672,40.607173919677734,40.5968017578125,40.306060791015625,41.31136703491211,41.33921813964844,19.047618865966797,25,15.000000953674316,15.000000953674316,0,0,0,0,2.2756171226501465,8589934592,1073741824,5312299008,307429376
202,1771639823311,3504,3504,3504,3504,3504,3504,3504,3504,42.03626251220703,40.96531677246094,40.02893829345703,39.77238464355469,40.276702880859375,40.18437194824219,39.979393005371094,40.978782653808594,41.01380157470703,9.090909004211426,18.18181800842285,9.523809432983398,14.285715103149414,9.090909004211426,4.761904716491699,0,0,2.2756171226501465,8589934592,1073741824,5312315392,307429376
200,1771639823513,3504,3504,3504,3504,3504,3504,3504,3504,42.03626251220703,40.96531677246094,40.02893829345703,39.77238464355469,40.276702880859375,40.18437194824219,39.979393005371094,40.978782653808594,41.01380157470703,33.333335876464844,31.57894515991211,25,25,40,0,0,0,2.2756171226501465,8589934592,1073741824,5316673536,307429376
209,1771639823714,3504,3504,3504,3504,3504,3504,3504,3504,42.03626251220703,40.96531677246094,40.02893829345703,39.77238464355469,40.276702880859375,40.18437194824219,39.979393005371094,40.978782653808594,41.01380157470703,28.571430206298828,42.85714340209961,35,33.333335876464844,5,9.523809432983398,0,0,2.4102895259857178,8589934592,1073741824,5312413696,307429376
206,1771639823924,3504,3504,3504,3504,3504,3504,3504,3504,42.03626251220703,40.96531677246094,40.02893829345703,39.77238464355469,40.276702880859375,40.18437194824219,39.979393005371094,40.978782653808594,41.01380157470703,23.809524536132813,23.809524536132813,15.000000953674316,25,0,0,0,0,2.4102895259857178,8589934592,1073741824,5313069056,307429376
203,1771639824130,3504,3504,3504,3504,3504,3504,3504,3504,42.03626251220703,41.22892379760742,40.13288879394531,39.808128356933594,40.213409423828125,40.02088165283203,39.82554626464844,40.86971664428711,40.88193893432617,14.285715103149414,15.000000953674316,14.285715103149414,15.000000953674316,0,0,0,0,2.4102895259857178,8589934592,1073741824,5316755456,307429376
209,1771639824335,3504,3504,3504,3504,3504,3504,3504,3504,42.01580047607422,41.22892379760742,40.13288879394531,39.808128356933594,40.213409423828125,40.02088165283203,39.82554626464844,40.86971664428711,40.88193893432617,15.000000953674316,25,14.285715103149414,9.523809432983398,0,0,0,0,2.4102895259857178,8589934592,1073741824,5316706304,307429376
208,1771639824545,3504,3504,3504,3504,3504,3504,3504,3504,42.01580047607422,41.22892379760742,40.13288879394531,39.808128356933594,40.213409423828125,40.02088165283203,39.82554626464844,40.86971664428711,40.88193893432617,14.285715103149414,28.571430206298828,14.285715103149414,5,0,0,0,0,2.4102895259857178,8589934592,1073741824,5316345856,307429376
209,1771639824754,3504,3504,3504,3504,3504,3504,3504,3504,42.01580047607422,41.22892379760742,40.13288879394531,39.808128356933594,40.213409423828125,40.02088165283203,39.82554626464844,40.86971664428711,40.88193893432617,15.000000953674316,20,5,9.090909004211426,0,0,0,0,1.8324778079986572,8589934592,1073741824,5316345856,307429376
205,1771639824964,3504,3504,3504,3504,3504,3504,3504,3504,42.01580047607422,41.22892379760742,40.13288879394531,39.808128356933594,40.213409423828125,40.02088165283203,39.82554626464844,40.86971664428711,40.88193893432617,28.571430206298828,22.72727394104004,19.047618865966797,9.523809432983398,0,0,0,0,1.8324778079986572,8589934592,1073741824,5316673536,307429376
209,1771639825170,3504,3504,3504,3504,3504,3504,3504,3504,41.69673156738281,40.7025146484375,39.621124267578125,39.40892791748047,39.878047943115234,39.690284729003906,39.46025848388672,40.49076461791992,40.502262115478516,22.72727394104004,10,19.047618865966797,9.523809432983398,15.000000953674316,10,4.761904716491699,4.761904716491699,1.8324778079986572,8589934592,1073741824,5322735616,307429376
201,1771639825380,3504,3504,3504,3504,3504,3504,3504,3504,41.69673156738281,40.7025146484375,39.621124267578125,39.40892791748047,39.878047943115234,39.690284729003906,39.46025848388672,40.49076461791992,40.502262115478516,10.526315689086914,9.523809432983398,14.285715103149414,0,4.545454502105713,4.545454502105713,0,0,1.8324778079986572,8589934592,1073741824,5321932800,307429376
209,1771639825582,3504,3504,3504,3504,3504,3504,3504,3504,41.69673156738281,40.7025146484375,39.621124267578125,39.40892791748047,39.878047943115234,39.690284729003906,39.46025848388672,40.49076461791992,40.502262115478516,19.047618865966797,10.526315689086914,20,10,0,0,0,0,1.8324778079986572,8589934592,1073741824,5321932800,307429376
203,1771639825793,3504,3504,3504,3504,3504,3504,3504,3504,41.69673156738281,40.7025146484375,39.621124267578125,39.40892791748047,39.878047943115234,39.690284729003906,39.46025848388672,40.49076461791992,40.502262115478516,23.809524536132813,13.636363983154297,9.523809432983398,13.636363983154297,0,0,0,0,2.6596388816833496,8589934592,1073741824,5321998336,307429376
200,1771639825996,3504,3504,3504,3504,3504,3504,3504,3504,41.69673156738281,40.7025146484375,39.621124267578125,39.40892791748047,39.878047943115234,39.690284729003906,39.46025848388672,40.49076461791992,40.502262115478516,15.000000953674316,15.000000953674316,15.000000953674316,15.789472579956055,0,0,0,0,2.6596388816833496,8589934592,1073741824,5322014720,307429376
209,1771639826197,3504,3504,3504,3504,3504,3504,3504,3504,41.42770004272461,40.44129180908203,39.33958435058594,39.16847229003906,39.59381103515625,39.45942687988281,39.194664001464844,40.24513626098633,40.28752899169922,21.052631378173828,28.571430206298828,20,23.809524536132813,0,0,0,0,2.6596388816833496,8589934592,1073741824,5322407936,307429376
209,1771639826407,3504,3504,3504,3504,3504,3504,3504,3504,41.42770004272461,40.44129180908203,39.33958435058594,39.16847229003906,39.59381103515625,39.45942687988281,39.194664001464844,40.24513626098633,40.28752899169922,31.81818199157715,30.000001907348633,28.571430206298828,25,22.72727394104004,19.047618865966797,14.285715103149414,14.285715103149414,2.6596388816833496,8589934592,1073741824,5304320000,307429376
199,1771639826617,3504,3504,3504,3504,3504,3504,3504,3504,41.42770004272461,40.44129180908203,39.33958435058594,39.16847229003906,39.59381103515625,39.45942687988281,39.194664001464844,40.24513626098633,40.28752899169922,14.285715103149414,19.047618865966797,14.285715103149414,9.523809432983398,0,0,4.545454502105713,0,2.6596388816833496,8589934592,1073741824,5305352192,307429376
206,1771639826817,3504,3504,3504,3504,3504,3504,3504,3504,41.42770004272461,40.44129180908203,39.33958435058594,39.16847229003906,39.59381103515625,39.45942687988281,39.194664001464844,40.24513626098633,40.28752899169922,20,21.052631378173828,5,5,0,0,0,0,1.8444104194641113,8589934592,1073741824,5305352192,307429376
209,1771639827024,3504,3504,3504,3504,3504,3504,3504,3504,41.42770004272461,40.44129180908203,39.33958435058594,39.16847229003906,39.59381103515625,39.45942687988281,39.194664001464844,40.24513626098633,40.28752899169922,30.000001907348633,28.571430206298828,23.809524536132813,23.809524536132813,14.285715103149414,15.000000953674316,15.000000953674316,15.000000953674316,1.8444104194641113,8589934592,1073741824,5304860672,307429376
200,1771639827235,3504,3504,3504,3504,3504,3504,3504,3504,42.11610794067383,41.17554473876953,39.89179992675781,39.77008056640625,39.854461669921875,40.014923095703125,39.77759552001953,40.94340515136719,41.01276397705078,20,9.090909004211426,5,4.761904716491699,0,0,0,0,1.8444104194641113,8589934592,1073741824,5304877056,307429376
200,1771639827435,3504,3504,3504,3504,3504,3504,3504,3504,42.11610794067383,41.17554473876953,39.89179992675781,39.77008056640625,39.854461669921875,40.014923095703125,39.77759552001953,40.94340515136719,41.01276397705078,25,10.526315689086914,10,5,0,0,0,0,1.8444104194641113,8589934592,1073741824,5304877056,307429376
209,1771639827636,3504,3504,3504,3504,3504,3504,3504,3504,42.11610794067383,41.17554473876953,39.89179992675781,39.77008056640625,39.854461669921875,40.014923095703125,39.77759552001953,40.94340515136719,41.01276397705078,28.571430206298828,14.285715103149414,10,14.285715103149414,0,0,0,0,2.2039082050323486,8589934592,1073741824,5304893440,307429376
199,1771639827846,3504,3504,3504,3504,3504,3504,3504,3504,42.11610794067383,41.17554473876953,39.89179992675781,39.77008056640625,39.854461669921875,40.014923095703125,39.77759552001953,40.94340515136719,41.01276397705078,15.000000953674316,10,14.285715103149414,10,0,0,0,0,2.2039082050323486,8589934592,1073741824,5304893440,307429376
209,1771639828046,3504,3504,3504,3504,3504,3504,3504,3504,42.11610794067383,41.17554473876953,39.89179992675781,39.77008056640625,39.854461669921875,40.014923095703125,39.77759552001953,40.94340515136719,41.01276397705078,15.000000953674316,14.285715103149414,20,10,0,0,0,0,2.2039082050323486,8589934592,1073741824,5304893440,307429376
209,1771639828256,3504,3504,3504,3504,3504,3504,3504,3504,41.11063766479492,40.27693557739258,39.114845275878906,38.98809814453125,39.324554443359375,39.2149658203125,38.937217712402344,40.01737976074219,40.03746795654297,19.047618865966797,10.526315689086914,25,14.285715103149414,5,4.761904716491699,4.545454502105713,4.545454502105713,2.2039082050323486,8589934592,1073741824,5304893440,307429376
201,1771639828466,3504,3504,3504,3504,3504,3504,3504,3504,41.11063766479492,40.27693557739258,39.114845275878906,38.98809814453125,39.324554443359375,39.2149658203125,38.937217712402344,40.01737976074219,40.03746795654297,9.523809432983398,9.523809432983398,22.72727394104004,4.761904716491699,4.545454502105713,0,0,0,2.2039082050323486,8589934592,1073741824,5304729600,307429376
209,1771639828668,3504,3504,3504,3504,3504,3504,3504,3504,41.11063766479492,40.27693557739258,39.114845275878906,38.98809814453125,39.324554443359375,39.2149658203125,38.937217712402344,40.01737976074219,40.03746795654297,20,19.047618865966797,25,5.263157844543457,0,0,0,0,2.9327287673950195,8589934592,1073741824,5304729600,307429376
201,1771639828878,3504,3504,3504,3504,3504,3504,3504,3504,41.11063766479492,40.27693557739258,39.114845275878906,38.98809814453125,39.324554443359375,39.2149658203125,38.937217712402344,40.01737976074219,40.03746795654297,22.72727394104004,14.285715103149414,9.523809432983398,4.761904716491699,0,0,0,0,2.9327287673950195,8589934592,1073741824,5304745984,307429376
206,1771639829080,3504,3504,3504,3504,3504,3504,3504,3504,41.11063766479492,40.27693557739258,39.114845275878906,38.98809814453125,39.324554443359375,39.2149658203125,38.937217712402344,40.01737976074219,40.03746795654297,15.789472579956055,25,20,14.285715103149414,0,0,0,0,2.9327287673950195,8589934592,1073741824,5303664640,307429376
209,1771639829287,3504,3504,3504,3504,3504,3504,3504,3504,40.616390228271484,40.04001235961914,38.77301788330078,38.6680908203125,38.965641021728516,38.80144500732422,38.674705505371094,39.68439483642578,39.76198196411133,19.047618865966797,23.809524536132813,14.285715103149414,5,0,0,0,0,2.9327287673950195,8589934592,1073741824,5303320576,307429376
209,1771639829497,3504,3504,3504,3504,3504,3504,3504,3504,40.616390228271484,40.04001235961914,38.77301788330078,38.6680908203125,38.965641021728516,38.80144500732422,38.674705505371094,39.68439483642578,39.76198196411133,14.285715103149414,25,5,9.090909004211426,0,0,0,0,2.9327287673950195,8589934592,1073741824,5303255040,307429376
209,1771639829707,3504,3504,3504,3504,3504,3504,3504,3504,40.616390228271484,40.04001235961914,38.77301788330078,38.6680908203125,38.965641021728516,38.80144500732422,38.674705505371094,39.68439483642578,39.76198196411133,23.809524536132813,27.272727966308594,14.285715103149414,5,0,0,0,0,2.2641637325286865,8589934592,1073741824,5303271424,307429376
209,1771639829917,3504,3504,3504,3504,3504,3504,3504,3504,40.616390228271484,40.04001235961914,38.77301788330078,38.6680908203125,38.965641021728516,38.80144500732422,38.674705505371094,39.68439483642578,39.76198196411133,15.000000953674316,15.000000953674316,14.285715103149414,13.636363983154297,4.545454502105713,0,0,0,2.2641637325286865,8589934592,1073741824,5303304192,307429376
208,1771639830127,3504,3504,3504,3504,3504,3504,3504,3504,40.616390228271484,40.04001235961914,38.551666259765625,38.373382568359375,38.7397346496582,38.4544677734375,38.418922424316406,39.44904708862305,39.467185974121094,22.72727394104004,19.047618865966797,14.285715103149414,5,0,0,0,0,2.2641637325286865,8589934592,1073741824,5303058432,307429376
209,1771639830335,3504,3504,3504,3504,3504,3504,3504,3504,40.30417251586914,39.7735481262207,38.551666259765625,38.373382568359375,38.7397346496582,38.4544677734375,38.418922424316406,39.44904708862305,39.467185974121094,20,23.809524536132813,19.047618865966797,14.285715103149414,0,0,0,0,2.2641637325286865,8589934592,1073741824,5304532992,307429376
201,1771639830545,3504,3504,3504,3504,3504,3504,3504,3504,40.30417251586914,39.7735481262207,38.551666259765625,38.373382568359375,38.7397346496582,38.4544677734375,38.418922424316406,39.44904708862305,39.467185974121094,47.619049072265625,42.85714340209961,42.85714340209961,47.619049072265625,0,0,0,0,2.2641637325286865,8589934592,1073741824,5310169088,307429376
208,1771639830747,3504,3504,3504,3504,3504,3504,3504,3504,40.30417251586914,39.7735481262207,38.551666259765625,38.373382568359375,38.7397346496582,38.4544677734375,38.418922424316406,39.44904708862305,39.467185974121094,21.052631378173828,15.789472579956055,21.052631378173828,10.526315689086914,0,0,0,0,2.042623519897461,8589934592,1073741824,5310234624,307429376
206,1771639830957,3504,3504,3504,3504,3504,3504,3504,3504,40.30417251586914,39.7735481262207,38.551666259765625,38.373382568359375,38.7397346496582,38.4544677734375,38.418922424316406,39.44904708862305,39.467185974121094,13.636363983154297,13.636363983154297,18.18181800842285,18.18181800842285,0,0,0,0,2.042623519897461,8589934592,1073741824,5310234624,307429376
201,1771639831164,3504,3504,3504,3504,3504,3504,3504,3504,40.05498123168945,39.57343292236328,38.348388671875,38.152313232421875,38.6204719543457,38.29656982421875,38.250572204589844,39.24734115600586,39.286075592041016,15.789472579956055,10,10,10.526315689086914,0,0,0,0,2.042623519897461,8589934592,1073741824,5310234624,307429376
209,1771639831365,3504,3504,3504,3504,3504,3504,3504,3504,40.05498123168945,39.57343292236328,38.348388671875,38.152313232421875,38.6204719543457,38.29656982421875,38.250572204589844,39.24734115600586,39.286075592041016,23.809524536132813,15.000000953674316,10,19.047618865966797,0,0,0,0,2.042623519897461,8589934592,1073741824,5310234624,307429376
204,1771639831576,3504,3504,3504,3504,3504,3504,3504,3504,40.05498123168945,39.57343292236328,38.348388671875,38.152313232421875,38.6204719543457,38.29656982421875,38.250572204589844,39.24734115600586,39.286075592041016,14.285715103149414,18.18181800842285,9.523809432983398,18.18181800842285,0,0,0,0,2.042623519897461,8589934592,1073741824,5310234624,307429376
209,1771639831780,3504,3504,3504,3504,3504,3504,3504,3504,40.05498123168945,39.57343292236328,38.348388671875,38.152313232421875,38.6204719543457,38.29656982421875,38.250572204589844,39.24734115600586,39.286075592041016,23.809524536132813,15.000000953674316,10,15.000000953674316,0,0,0,0,1.8827589750289917,8589934592,1073741824,5310201856,307429376
206,1771639831990,3504,3504,3504,3504,3504,3504,3504,3504,40.05498123168945,39.57343292236328,38.348388671875,38.152313232421875,38.6204719543457,38.29656982421875,38.250572204589844,39.24734115600586,39.286075592041016,10,14.285715103149414,13.636363983154297,23.809524536132813,4.761904716491699,9.090909004211426,0,0,1.8827589750289917,8589934592,1073741824,5310300160,307429376
199,1771639832197,3504,3504,3504,3504,3504,3504,3504,3504,40.061161041259766,39.49021911621094,38.279327392578125,38.040138244628906,38.42115783691406,38.128265380859375,38.08014678955078,39.13423538208008,39.12657165527344,14.285715103149414,10,5,15.000000953674316,0,0,0,0,1.8827589750289917,8589934592,1073741824,5310283776,307429376
209,1771639832398,3504,3504,3504,3504,3504,3504,3504,3504,40.061161041259766,39.49021911621094,38.279327392578125,38.040138244628906,38.42115783691406,38.128265380859375,38.08014678955078,39.13423538208008,39.12657165527344,15.789472579956055,25,15.000000953674316,14.285715103149414,0,0,0,0,1.8827589750289917,8589934592,1073741824,5310365696,307429376
209,1771639832607,3504,3504,3504,3504,3504,3504,3504,3504,40.061161041259766,39.49021911621094,38.279327392578125,38.040138244628906,38.42115783691406,38.128265380859375,38.08014678955078,39.13423538208008,39.12657165527344,22.72727394104004,25,19.047618865966797,5.263157844543457,10,14.285715103149414,9.523809432983398,5,1.8827589750289917,8589934592,1073741824,5311496192,307429376
203,1771639832818,3504,3504,3504,3504,3504,3504,3504,3504,40.061161041259766,39.49021911621094,38.279327392578125,38.040138244628906,38.42115783691406,38.128265380859375,38.08014678955078,39.13423538208008,39.12657165527344,10,9.090909004211426,19.047618865966797,9.090909004211426,4.545454502105713,0,0,0,2.2521567344665527,8589934592,1073741824,5311578112,307429376
208,1771639833022,3504,3504,3504,3504,3504,3504,3504,3504,40.061161041259766,39.49021911621094,38.279327392578125,38.040138244628906,38.42115783691406,38.128265380859375,38.08014678955078,39.13423538208008,39.12657165527344,20,15.789472579956055,20,10,0,0,0,0,2.2521567344665527,8589934592,1073741824,5311643648,307429376
209,1771639833230,3504,3504,3504,3504,3504,3504,3504,3504,40.048465728759766,39.449153900146484,38.23223114013672,38.011077880859375,38.40601348876953,38.08656311035156,38.0390625,39.12998580932617,39.091888427734375,22.72727394104004,13.636363983154297,19.047618865966797,14.285715103149414,4.545454502105713,4.761904716491699,0,0,2.2521567344665527,8589934592,1073741824,5311758336,307429376
209,1771639833440,3504,3504,3504,3504,3504,3504,3504,3504,40.048465728759766,39.449153900146484,38.23223114013672,38.011077880859375,38.40601348876953,38.08656311035156,38.0390625,39.12998580932617,39.091888427734375,28.571430206298828,20,15.000000953674316,14.285715103149414,5.263157844543457,0,0,0,2.2521567344665527,8589934592,1073741824,5312724992,307429376
207,1771639833650,3504,3504,3504,3504,3504,3504,3504,3504,40.048465728759766,39.449153900146484,38.23223114013672,38.011077880859375,38.40601348876953,38.08656311035156,38.0390625,39.12998580932617,39.091888427734375,20,10,14.285715103149414,14.285715103149414,22.72727394104004,0,0,0,2.1040096282958984,8589934592,1073741824,5312774144,307429376
204,1771639833858,3504,3504,3504,3504,3504,3504,3504,3504,40.048465728759766,39.449153900146484,38.23223114013672,38.011077880859375,38.40601348876953,38.08656311035156,38.0390625,39.12998580932617,39.091888427734375,20,14.285715103149414,13.636363983154297,23.809524536132813,0,0,0,0,2.1040096282958984,8589934592,1073741824,5312774144,307429376
206,1771639834064,3504,3504,3504,3504,3504,3504,3504,3504,40.048465728759766,39.449153900146484,38.23223114013672,38.011077880859375,38.40601348876953,38.08656311035156,38.0390625,39.12998580932617,39.091888427734375,23.809524536132813,9.523809432983398,10,10,0,0,0,0,2.1040096282958984,8589934592,1073741824,5312856064,307429376
209,1771639834271,3504,3504,3504,3504,3504,3504,3504,3504,39.900455474853516,39.433170318603516,38.07556915283203,37.88160705566406,38.31226348876953,37.850120544433594,37.89708709716797,38.90512466430664,38.87498474121094,23.809524536132813,20,14.285715103149414,14.285715103149414,0,0,0,0,2.1040096282958984,8589934592,1073741824,5312856064,307429376
203,1771639834481,3504,3504,3504,3504,3504,3504,3504,3504,39.900455474853516,39.433170318603516,38.07556915283203,37.88160705566406,38.31226348876953,37.850120544433594,37.89708709716797,38.90512466430664,38.87498474121094,19.047618865966797,22.72727394104004,5,4.761904716491699,0,0,0,0,2.1040096282958984,8589934592,1073741824,5312905216,307429376
205,1771639834685,3504,3504,3504,3504,3504,3504,3504,3504,39.900455474853516,39.433170318603516,38.07556915283203,37.88160705566406,38.31226348876953,37.850120544433594,37.89708709716797,38.90512466430664,38.87498474121094,15.000000953674316,23.809524536132813,14.285715103149414,10,0,0,0,0,2.104689598083496,8589934592,1073741824,5312921600,307429376
206,1771639834891,3504,3504,3504,3504,3504,3504,3504,3504,39.900455474853516,39.433170318603516,38.07556915283203,37.88160705566406,38.31226348876953,37.850120544433594,37.89708709716797,38.90512466430664,38.87498474121094,19.047618865966797,26.3157901763916,14.285715103149414,5,0,0,0,0,2.104689598083496,8589934592,1073741824,5312954368,307429376
209,1771639835097,3504,3504,3504,3504,3504,3504,3504,3504,39.900455474853516,39.433170318603516,38.07556915283203,37.88160705566406,38.31226348876953,37.850120544433594,37.89708709716797,38.90512466430664,38.87498474121094,20,23.809524536132813,5.263157844543457,9.523809432983398,0,0,0,0,2.104689598083496,8589934592,1073741824,5312905216,307429376
209,1771639835307,3504,3504,3504,3504,3504,3504,3504,3504,39.687137603759766,38.98570251464844,37.75921630859375,37.50535583496094,38.00383758544922,37.560401916503906,37.70795440673828,38.67380142211914,38.641357421875,23.809524536132813,19.047618865966797,14.285715103149414,5,0,0,0,0,2.104689598083496,8589934592,1073741824,5312954368,307429376
203,1771639835518,3504,3504,3504,3504,3504,3504,3504,3504,39.687137603759766,38.98570251464844,37.75921630859375,37.50535583496094,38.00383758544922,37.560401916503906,37.70795440673828,38.67380142211914,38.641357421875,14.285715103149414,23.809524536132813,14.285715103149414,13.636363983154297,0,0,0,0,2.104689598083496,8589934592,1073741824,5313052672,307429376
209,1771639835722,3504,3504,3504,3504,3504,3504,3504,3504,39.687137603759766,38.98570251464844,37.75921630859375,37.50535583496094,38.00383758544922,37.560401916503906,37.70795440673828,38.67380142211914,38.641357421875,15.000000953674316,20,14.285715103149414,15.000000953674316,0,0,0,0,2.4876646995544434,8589934592,1073741824,5312856064,307429376
209,1771639835932,3504,3504,3504,3504,3504,3504,3504,3504,39.687137603759766,38.98570251464844,37.75921630859375,37.50535583496094,38.00383758544922,37.560401916503906,37.70795440673828,38.67380142211914,38.641357421875,23.809524536132813,23.809524536132813,19.047618865966797,20,4.761904716491699,0,0,0,2.4876646995544434,8589934592,1073741824,5313200128,307429376
200,1771639836142,3504,3504,3504,3504,3504,3504,3504,3504,39.48300552368164,38.863548278808594,37.589111328125,37.40435791015625,37.84660720825195,37.37268829345703,37.511451721191406,38.520137786865234,38.528968811035156,10,28.571430206298828,10,13.043478012084961,0,0,0,0,2.4876646995544434,8589934592,1073741824,5313200128,307429376
206,1771639836343,3504,3504,3504,3504,3504,3504,3504,3504,39.48300552368164,38.863548278808594,37.589111328125,37.40435791015625,37.84660720825195,37.37268829345703,37.511451721191406,38.520137786865234,38.528968811035156,20,30.000001907348633,19.047618865966797,5.555555820465088,0,0,0,0,2.4876646995544434,8589934592,1073741824,5313200128,307429376
206,1771639836550,3504,3504,3504,3504,3504,3504,3504,3504,39.48300552368164,38.863548278808594,37.589111328125,37.40435791015625,37.84660720825195,37.37268829345703,37.511451721191406,38.520137786865234,38.528968811035156,9.523809432983398,20,5,9.523809432983398,0,0,0,0,2.4876646995544434,8589934592,1073741824,5313216512,307429376
204,1771639836757,3504,3504,3504,3504,3504,3504,3504,3504,39.48300552368164,38.863548278808594,37.589111328125,37.40435791015625,37.84660720825195,37.37268829345703,37.511451721191406,38.520137786865234,38.528968811035156,23.809524536132813,28.571430206298828,14.285715103149414,9.523809432983398,0,0,0,0,1.8575373888015747,8589934592,1073741824,5313462272,307429376
199,1771639836962,3504,3504,3504,3504,3504,3504,3504,3504,39.48300552368164,38.863548278808594,37.589111328125,37.40435791015625,37.84660720825195,37.37268829345703,37.511451721191406,38.520137786865234,38.528968811035156,25,25,14.285715103149414,15.000000953674316,0,0,0,0,1.8575373888015747,8589934592,1073741824,5313806336,307429376
207,1771639837162,3504,3504,3504,3504,3504,3504,3504,3504,39.322914123535156,38.73107147216797,37.414031982421875,37.232696533203125,37.69076156616211,37.19123077392578,37.370994567871094,38.35175323486328,38.397830963134766,21.052631378173828,30.000001907348633,25,20,0,0,0,0,1.8575373888015747,8589934592,1073741824,5313773568,307429376
209,1771639837370,3504,3504,3504,3504,3504,3504,3504,3504,39.322914123535156,38.73107147216797,37.414031982421875,37.232696533203125,37.69076156616211,37.19123077392578,37.370994567871094,38.35175323486328,38.397830963134766,28.571430206298828,33.333335876464844,20,28.571430206298828,0,0,0,0,1.8575373888015747,8589934592,1073741824,5313789952,307429376
206,1771639837580,3504,3504,3504,3504,3504,3504,3504,3504,39.322914123535156,38.73107147216797,37.414031982421875,37.232696533203125,37.69076156616211,37.19123077392578,37.370994567871094,38.35175323486328,38.397830963134766,22.72727394104004,19.047618865966797,5,9.090909004211426,4.545454502105713,4.545454502105713,4.545454502105713,0,1.8575373888015747,8589934592,1073741824,5313806336,307429376
207,1771639837787,3504,3504,3504,3504,3504,3504,3504,3504,39.322914123535156,38.73107147216797,37.414031982421875,37.232696533203125,37.69076156616211,37.19123077392578,37.370994567871094,38.35175323486328,38.397830963134766,15.000000953674316,15.000000953674316,13.636363983154297,5,0,0,0,0,2.573672294616699,8589934592,1073741824,5313806336,307429376
207,1771639837995,3504,3504,3504,3504,3504,3504,3504,3504,39.322914123535156,38.73107147216797,37.414031982421875,37.232696533203125,37.69076156616211,37.19123077392578,37.370994567871094,38.35175323486328,38.397830963134766,19.047618865966797,19.047618865966797,14.285715103149414,20,0,0,0,0,2.573672294616699,8589934592,1073741824,5313691648,307429376
207,1771639838203,3504,3504,3504,3504,3504,3504,3504,3504,39.18217086791992,38.589576721191406,37.370262145996094,37.15282440185547,37.58263397216797,37.084739685058594,37.25383758544922,38.266517639160156,38.27373123168945,19.047618865966797,19.047618865966797,5.263157844543457,13.636363983154297,0,0,0,0,2.573672294616699,8589934592,1073741824,5313691648,307429376
201,1771639838412,3504,3504,3504,3504,3504,3504,3504,3504,39.18217086791992,38.589576721191406,37.370262145996094,37.15282440185547,37.58263397216797,37.084739685058594,37.25383758544922,38.266517639160156,38.27373123168945,20,25,9.523809432983398,5,0,0,0,0,2.573672294616699,8589934592,1073741824,5313691648,307429376
206,1771639838614,3504,3504,3504,3504,3504,3504,3504,3504,39.18217086791992,38.589576721191406,37.370262145996094,37.15282440185547,37.58263397216797,37.084739685058594,37.25383758544922,38.266517639160156,38.27373123168945,25,19.047618865966797,14.285715103149414,14.285715103149414,0,0,0,0,2.573672294616699,8589934592,1073741824,5313691648,307429376
209,1771639838820,3504,3504,3504,3504,3504,3504,3504,3504,39.18217086791992,38.589576721191406,37.370262145996094,37.15282440185547,37.58263397216797,37.084739685058594,37.25383758544922,38.266517639160156,38.27373123168945,19.047618865966797,15.000000953674316,10,15.000000953674316,0,0,0,0,2.574295997619629,8589934592,1073741824,5313691648,307429376
206,1771639839030,3504,3504,3504,3504,3504,3504,3504,3504,39.18217086791992,38.589576721191406,37.370262145996094,37.15282440185547,37.58263397216797,37.084739685058594,37.25383758544922,38.266517639160156,38.27373123168945,19.047618865966797,19.047618865966797,13.636363983154297,15.000000953674316,4.761904716491699,0,0,0,2.574295997619629,8589934592,1073741824,5302108160,307429376
209,1771639839237,3504,3504,3504,3504,3504,3504,3504,3504,39.07112121582031,38.472591400146484,37.30780029296875,37.06168746948242,37.46658706665039,36.93558883666992,37.15015411376953,38.1773567199707,38.167747497558594,14.285715103149414,19.047618865966797,5.263157844543457,14.285715103149414,0,0,0,0,2.574295997619629,8589934592,1073741824,5302124544,307429376
209,1771639839448,3504,3504,3504,3504,3504,3504,3504,3504,39.07112121582031,38.472591400146484,37.30780029296875,37.06168746948242,37.46658706665039,36.93558883666992,37.15015411376953,38.1773567199707,38.167747497558594,15.000000953674316,20,13.636363983154297,14.285715103149414,0,0,0,0,2.574295997619629,8589934592,1073741824,5302091776,307429376
203,1771639839657,3504,3504,3504,3504,3504,3504,3504,3504,39.07112121582031,38.472591400146484,37.30780029296875,37.06168746948242,37.46658706665039,36.93558883666992,37.15015411376953,38.1773567199707,38.167747497558594,19.047618865966797,14.285715103149414,5,19.047618865966797,0,0,0,0,2.3025805950164795,8589934592,1073741824,5302075392,307429376
201,1771639839862,3504,3504,3504,3504,3504,3504,3504,3504,39.07112121582031,38.472591400146484,37.30780029296875,37.06168746948242,37.46658706665039,36.93558883666992,37.15015411376953,38.1773567199707,38.167747497558594,20,10,14.285715103149414,19.047618865966797,0,0,0,0,2.3025805950164795,8589934592,1073741824,5302026240,307429376
205,1771639840064,3504,3504,3504,3504,3504,3504,3504,3504,39.07112121582031,38.472591400146484,37.30780029296875,37.06168746948242,37.46658706665039,36.93558883666992,37.15015411376953,38.1773567199707,38.167747497558594,25,20,19.047618865966797,15.000000953674316,0,0,0,0,2.3025805950164795,8589934592,1073741824,5302124544,307429376
201,1771639840270,3504,3504,3504,3504,3504,3504,3504,3504,38.950904846191406,38.28557586669922,37.095977783203125,36.982177734375,37.31009292602539,36.794715881347656,37.051353454589844,38.01470184326172,38.045509338378906,30.000001907348633,27.272727966308594,21.052631378173828,25,0,0,0,0,2.3025805950164795,8589934592,1073741824,5304483840,307429376
209,1771639840471,3504,3504,3504,3504,3504,3504,3504,3504,38.950904846191406,38.28557586669922,37.095977783203125,36.982177734375,37.31009292602539,36.794715881347656,37.051353454589844,38.01470184326172,38.045509338378906,42.85714340209961,35,45,45,0,0,0,0,2.3025805950164795,8589934592,1073741824,5302992896,307429376
209,1771639840681,3504,3504,3504,3504,3504,3504,3504,3504,38.950904846191406,38.28557586669922,37.095977783203125,36.982177734375,37.31009292602539,36.794715881347656,37.051353454589844,38.01470184326172,38.045509338378906,19.047618865966797,5.263157844543457,9.523809432983398,14.285715103149414,0,0,0,0,2.1057066917419434,8589934592,1073741824,5303025664,307429376
203,1771639840891,3504,3504,3504,3504,3504,3504,3504,3504,38.950904846191406,38.28557586669922,37.095977783203125,36.982177734375,37.31009292602539,36.794715881347656,37.051353454589844,38.01470184326172,38.045509338378906,25,18.18181800842285,9.523809432983398,14.285715103149414,0,0,0,0,2.1057066917419434,8589934592,1073741824,5302812672,307429376
209,1771639841095,3504,3504,3504,3504,3504,3504,3504,3504,38.950904846191406,38.28557586669922,37.095977783203125,36.982177734375,37.31009292602539,36.794715881347656,37.051353454589844,38.01470184326172,38.045509338378906,33.333335876464844,33.333335876464844,25,20,0,0,0,0,2.1057066917419434,8589934592,1073741824,5303713792,307429376
208,1771639841305,3504,3504,3504,3504,3504,3504,3504,3504,38.885311126708984,38.20341491699219,36.992454528808594,36.889583587646484,37.244686126708984,36.68450164794922,36.99007797241211,37.9235725402832,37.941200256347656,23.809524536132813,14.285715103149414,19.047618865966797,5,0,0,0,0,2.1057066917419434,8589934592,1073741824,5303713792,307429376
209,1771639841513,3504,3504,3504,3504,3504,3504,3504,3504,38.885311126708984,38.20341491699219,36.992454528808594,36.889583587646484,37.244686126708984,36.68450164794922,36.99007797241211,37.9235725402832,37.941200256347656,10,15.000000953674316,14.285715103149414,13.636363983154297,0,0,0,0,2.1057066917419434,8589934592,1073741824,5303746560,307429376
204,1771639841724,3504,3504,3504,3504,3504,3504,3504,3504,38.885311126708984,38.20341491699219,36.992454528808594,36.889583587646484,37.244686126708984,36.68450164794922,36.99007797241211,37.9235725402832,37.941200256347656,23.809524536132813,10,19.047618865966797,5,0,0,0,0,2.0059714317321777,8589934592,1073741824,5303762944,307429376
201,1771639841928,3504,3504,3504,3504,3504,3504,3504,3504,38.885311126708984,38.20341491699219,36.992454528808594,36.889583587646484,37.244686126708984,36.68450164794922,36.99007797241211,37.9235725402832,37.941200256347656,20,19.047618865966797,15.000000953674316,14.285715103149414,0,0,0,0,2.0059714317321777,8589934592,1073741824,5303795712,307429376
203,1771639842130,3504,3504,3504,3504,3504,3504,3504,3504,38.885311126708984,38.09033203125,36.93891525268555,36.743141174316406,37.12176513671875,36.567535400390625,36.852622985839844,37.822731018066406,37.8788948059082,25,15.000000953674316,20,15.000000953674316,0,0,0,0,2.0059714317321777,8589934592,1073741824,5303828480,307429376
201,1771639842334,3504,3504,3504,3504,3504,3504,3504,3504,38.83988571166992,38.09033203125,36.93891525268555,36.743141174316406,37.12176513671875,36.567535400390625,36.852622985839844,37.822731018066406,37.8788948059082,19.047618865966797,20,19.047618865966797,9.523809432983398,0,0,0,0,2.0059714317321777,8589934592,1073741824,5303877632,307429376
199,1771639842536,3504,3504,3504,3504,3504,3504,3504,3504,38.83988571166992,38.09033203125,36.93891525268555,36.743141174316406,37.12176513671875,36.567535400390625,36.852622985839844,37.822731018066406,37.8788948059082,14.285715103149414,19.047618865966797,10,21.052631378173828,0,0,0,0,2.0059714317321777,8589934592,1073741824,5303844864,307429376
209,1771639842737,3504,3504,3504,3504,3504,3504,3504,3504,38.83988571166992,38.09033203125,36.93891525268555,36.743141174316406,37.12176513671875,36.567535400390625,36.852622985839844,37.822731018066406,37.8788948059082,21.052631378173828,10.526315689086914,10,23.809524536132813,0,0,0,0,2.2528820037841797,8589934592,1073741824,5303844864,307429376
205,1771639842947,3504,3504,3504,3504,3504,3504,3504,3504,38.83988571166992,38.09033203125,36.93891525268555,36.743141174316406,37.12176513671875,36.567535400390625,36.852622985839844,37.822731018066406,37.8788948059082,22.72727394104004,13.636363983154297,10,15.000000953674316,0,0,0,0,2.2528820037841797,8589934592,1073741824,5303894016,307429376
209,1771639843153,3504,3504,3504,3504,3504,3504,3504,3504,38.72455978393555,37.97907638549805,36.8878288269043,36.61906433105469,36.99836730957031,36.45502471923828,36.71031188964844,37.709999084472656,37.75835418701172,10.526315689086914,15.000000953674316,18.18181800842285,20,0,0,0,0,2.2528820037841797,8589934592,1073741824,5303943168,307429376
204,1771639843363,3504,3504,3504,3504,3504,3504,3504,3504,38.72455978393555,37.97907638549805,36.8878288269043,36.61906433105469,36.99836730957031,36.45502471923828,36.71031188964844,37.709999084472656,37.75835418701172,19.047618865966797,19.047618865966797,5,21.7391300201416,4.545454502105713,4.761904716491699,4.761904716491699,0,2.2528820037841797,8589934592,1073741824,5304614912,307429376
200,1771639843568,3504,3504,3504,3504,3504,3504,3504,3504,38.72455978393555,37.97907638549805,36.8878288269043,36.61906433105469,36.99836730957031,36.45502471923828,36.71031188964844,37.709999084472656,37.75835418701172,33.333335876464844,20,28.571430206298828,20,25,0,0,0,2.2528820037841797,8589934592,1073741824,5304303616,307429376
209,1771639843769,3504,3504,3504,3504,3504,3504,3504,3504,38.72455978393555,37.97907638549805,36.8878288269043,36.61906433105469,36.99836730957031,36.45502471923828,36.71031188964844,37.709999084472656,37.75835418701172,10.526315689086914,20,20,15.000000953674316,0,0,0,0,2.2017691135406494,8589934592,1073741824,5304369152,307429376
207,1771639843978,3504,3504,3504,3504,3504,3504,3504,3504,38.72455978393555,37.97907638549805,36.8878288269043,36.61906433105469,36.99836730957031,36.45502471923828,36.71031188964844,37.709999084472656,37.75835418701172,18.18181800842285,13.636363983154297,15.000000953674316,19.047618865966797,0,0,0,0,2.2017691135406494,8589934592,1073741824,5304401920,307429376
208,1771639844187,3504,3504,3504,3504,3504,3504,3504,3504,38.746665954589844,38.18352508544922,37.00318908691406,36.697547912597656,37.03840255737305,36.44795227050781,36.69732666015625,37.70676803588867,37.73847198486328,15.789472579956055,15.000000953674316,14.285715103149414,14.285715103149414,0,0,0,0,2.2017691135406494,8589934592,1073741824,5304483840,307429376
200,1771639844396,3504,3504,3504,3504,3504,3504,3504,3504,38.746665954589844,38.18352508544922,37.00318908691406,36.697547912597656,37.03840255737305,36.44795227050781,36.69732666015625,37.70676803588867,37.73847198486328,27.272727966308594,10,13.636363983154297,19.047618865966797,0,0,0,0,2.2017691135406494,8589934592,1073741824,5304385536,307429376
209,1771639844597,3504,3504,3504,3504,3504,3504,3504,3504,38.746665954589844,38.18352508544922,37.00318908691406,36.697547912597656,37.03840255737305,36.44795227050781,36.69732666015625,37.70676803588867,37.73847198486328,30.000001907348633,25,10.526315689086914,5.555555820465088,0,0,0,0,2.2017691135406494,8589934592,1073741824,5304401920,307429376
207,1771639844807,3504,3504,3504,3504,3504,3504,3504,3504,38.746665954589844,38.18352508544922,37.00318908691406,36.697547912597656,37.03840255737305,36.44795227050781,36.69732666015625,37.70676803588867,37.73847198486328,28.571430206298828,23.809524536132813,30.000001907348633,21.7391300201416,18.18181800842285,14.285715103149414,19.047618865966797,14.285715103149414,1.9940733909606934,8589934592,1073741824,5305909248,307429376
209,1771639845015,3504,3504,3504,3504,3504,3504,3504,3504,38.746665954589844,38.18352508544922,37.00318908691406,36.697547912597656,37.03840255737305,36.44795227050781,36.69732666015625,37.70676803588867,37.73847198486328,33.333335876464844,23.809524536132813,23.809524536132813,26.3157901763916,0,0,0,0,1.9940733909606934,8589934592,1073741824,5307711488,307429376
203,1771639845225,3504,3504,3504,3504,3504,3504,3504,3504,38.96686553955078,38.293209075927734,37.08684539794922,36.90306854248047,37.14497756958008,36.75567626953125,36.972103118896484,38.04405212402344,38.05796813964844,65,66.66667175292969,57.142860412597656,57.142860412597656,0,0,0,0,1.9940733909606934,8589934592,1073741824,5314723840,307429376
208,1771639845428,3504,3504,3504,3504,3504,3504,3504,3504,38.96686553955078,38.293209075927734,37.08684539794922,36.90306854248047,37.14497756958008,36.75567626953125,36.972103118896484,38.04405212402344,38.05796813964844,23.809524536132813,25,15.000000953674316,23.809524536132813,0,0,0,0,1.9940733909606934,8589934592,1073741824,5315264512,307429376
208,1771639845637,3504,3504,3504,3504,3504,3504,3504,3504,38.96686553955078,38.293209075927734,37.08684539794922,36.90306854248047,37.14497756958008,36.75567626953125,36.972103118896484,38.04405212402344,38.05796813964844,15.000000953674316,19.047618865966797,9.523809432983398,19.047618865966797,0,0,0,0,1.99439537525177,8589934592,1073741824,5315297280,307429376
209,1771639845847,3504,3504,3504,3504,3504,3504,3504,3504,38.96686553955078,38.293209075927734,37.08684539794922,36.90306854248047,37.14497756958008,36.75567626953125,36.972103118896484,38.04405212402344,38.05796813964844,14.285715103149414,14.285715103149414,14.285715103149414,19.047618865966797,0,0,0,0,1.99439537525177,8589934592,1073741824,5315313664,307429376
204,1771639846057,3504,3504,3504,3504,3504,3504,3504,3504,38.96686553955078,38.293209075927734,37.08684539794922,36.90306854248047,37.14497756958008,36.75567626953125,36.972103118896484,38.04405212402344,38.05796813964844,19.047618865966797,19.047618865966797,9.523809432983398,5,0,0,0,0,1.99439537525177,8589934592,1073741824,5315411968,307429376
201,1771639846261,3504,3504,3504,3504,3504,3504,3504,3504,38.52207565307617,37.90388870239258,36.77864074707031,36.563865661621094,36.944244384765625,36.400638580322266,36.60128402709961,37.64468765258789,37.692020416259766,25,20,10,9.523809432983398,0,0,0,0,1.99439537525177,8589934592,1073741824,5315624960,307429376
201,1771639846464,3504,3504,3504,3504,3504,3504,3504,3504,38.52207565307617,37.90388870239258,36.77864074707031,36.563865661621094,36.944244384765625,36.400638580322266,36.60128402709961,37.64468765258789,37.692020416259766,20,15.000000953674316,10,10,0,0,0,0,1.99439537525177,8589934592,1073741824,5315674112,307429376
203,1771639846666,3504,3504,3504,3504,3504,3504,3504,3504,38.52207565307617,37.90388870239258,36.77864074707031,36.563865661621094,36.944244384765625,36.400638580322266,36.60128402709961,37.64468765258789,37.692020416259766,25,20,14.285715103149414,15.000000953674316,0,0,0,0,2.5730488300323486,8589934592,1073741824,5315657728,307429376
209,1771639846870,3504,3504,3504,3504,3504,3504,3504,3504,38.52207565307617,37.90388870239258,36.77864074707031,36.563865661621094,36.944244384765625,36.400638580322266,36.60128402709961,37.64468765258789,37.692020416259766,28.571430206298828,20,20,20,4.761904716491699,9.090909004211426,4.761904716491699,4.761904716491699,2.5730488300323486,8589934592,1073741824,5316542464,307429376
206,1771639847080,3504,3504,3504,3504,3504,3504,3504,3504,38.52207565307617,37.90388870239258,36.77864074707031,36.563865661621094,36.944244384765625,36.400638580322266,36.60128402709961,37.64468765258789,37.692020416259766,19.047618865966797,22.72727394104004,14.285715103149414,9.523809432983398,0,0,0,0,2.5730488300323486,8589934592,1073741824,5316640768,307429376
209,1771639847287,3504,3504,3504,3504,3504,3504,3504,3504,38.32220458984375,37.77035903930664,36.6289176940918,36.43173599243164,36.850257873535156,36.28660202026367,36.450599670410156,37.5144157409668,37.51473617553711,23.809524536132813,15.000000953674316,20,9.523809432983398,0,0,0,0,2.5730488300323486,8589934592,1073741824,5316919296,307429376
209,1771639847497,3504,3504,3504,3504,3504,3504,3504,3504,38.32220458984375,37.77035903930664,36.6289176940918,36.43173599243164,36.850257873535156,36.28660202026367,36.450599670410156,37.5144157409668,37.51473617553711,20,9.523809432983398,14.285715103149414,4.761904716491699,0,0,0,0,2.5730488300323486,8589934592,1073741824,5316935680,307429376
209,1771639847707,3504,3504,3504,3504,3504,3504,3504,3504,38.32220458984375,37.77035903930664,36.6289176940918,36.43173599243164,36.850257873535156,36.28660202026367,36.450599670410156,37.5144157409668,37.51473617553711,14.285715103149414,14.285715103149414,19.047618865966797,19.047618865966797,0,0,0,0,2.661142349243164,8589934592,1073741824,5316919296,307429376
209,1771639847917,3504,3504,3504,3504,3504,3504,3504,3504,38.32220458984375,37.77035903930664,36.6289176940918,36.43173599243164,36.850257873535156,36.28660202026367,36.450599670410156,37.5144157409668,37.51473617553711,14.285715103149414,14.285715103149414,18.18181800842285,10,0,0,0,0,2.661142349243164,8589934592,1073741824,5316919296,307429376
209,1771639848127,3504,3504,3504,3504,3504,3504,3504,3504,38.32220458984375,37.628543853759766,36.52548599243164,36.27695846557617,36.756099700927734,36.21099853515625,36.30998992919922,37.35833740234375,37.40550994873047,19.047618865966797,15.000000953674316,20,22.72727394104004,0,0,0,0,2.661142349243164,8589934592,1073741824,5317033984,307429376
209,1771639848337,3504,3504,3504,3504,3504,3504,3504,3504,38.21961975097656,37.628543853759766,36.52548599243164,36.27695846557617,36.756099700927734,36.21099853515625,36.30998992919922,37.35833740234375,37.40550994873047,9.523809432983398,10,19.047618865966797,10,4.761904716491699,4.761904716491699,0,0,2.661142349243164,8589934592,1073741824,5317017600,307429376
209,1771639848547,3504,3504,3504,3504,3504,3504,3504,3504,38.21961975097656,37.628543853759766,36.52548599243164,36.27695846557617,36.756099700927734,36.21099853515625,36.30998992919922,37.35833740234375,37.40550994873047,15.000000953674316,13.636363983154297,9.523809432983398,14.285715103149414,4.545454502105713,0,0,4.545454502105713,2.661142349243164,8589934592,1073741824,5317033984,307429376
206,1771639848757,3504,3504,3504,3504,3504,3504,3504,3504,38.21961975097656,37.628543853759766,36.52548599243164,36.27695846557617,36.756099700927734,36.21099853515625,36.30998992919922,37.35833740234375,37.40550994873047,14.285715103149414,14.285715103149414,19.047618865966797,18.18181800842285,0,0,0,0,2.06754732131958,8589934592,1073741824,5317033984,307429376
205,1771639848963,3504,3504,3504,3504,3504,3504,3504,3504,38.21961975097656,37.628543853759766,36.52548599243164,36.27695846557617,36.756099700927734,36.21099853515625,36.30998992919922,37.35833740234375,37.40550994873047,14.285715103149414,14.285715103149414,20,15.000000953674316,0,0,0,0,2.06754732131958,8589934592,1073741824,5317033984,307429376
208,1771639849170,3504,3504,3504,3504,3504,3504,3504,3504,38.2302131652832,37.571964263916016,36.49656295776367,36.213436126708984,36.700531005859375,36.15913009643555,36.246246337890625,37.265254974365234,37.35042190551758,20,15.000000953674316,15.000000953674316,5,0,0,0,0,2.06754732131958,8589934592,1073741824,5316968448,307429376
201,1771639849378,3504,3504,3504,3504,3504,3504,3504,3504,38.2302131652832,37.571964263916016,36.49656295776367,36.213436126708984,36.700531005859375,36.15913009643555,36.246246337890625,37.265254974365234,37.35042190551758,19.047618865966797,14.285715103149414,19.047618865966797,13.636363983154297,0,0,0,0,2.06754732131958,8589934592,1073741824,5316935680,307429376
209,1771639849580,3504,3504,3504,3504,3504,3504,3504,3504,38.2302131652832,37.571964263916016,36.49656295776367,36.213436126708984,36.700531005859375,36.15913009643555,36.246246337890625,37.265254974365234,37.35042190551758,19.047618865966797,15.000000953674316,23.809524536132813,10,0,0,0,0,2.06754732131958,8589934592,1073741824,5316935680,307429376
206,1771639849790,3504,3504,3504,3504,3504,3504,3504,3504,38.2302131652832,37.571964263916016,36.49656295776367,36.213436126708984,36.700531005859375,36.15913009643555,36.246246337890625,37.265254974365234,37.35042190551758,15.000000953674316,10,20,9.523809432983398,0,0,0,0,2.0308992862701416,8589934592,1073741824,5316886528,307429376
203,1771639849997,3504,3504,3504,3504,3504,3504,3504,3504,38.2302131652832,37.571964263916016,36.49656295776367,36.213436126708984,36.700531005859375,36.15913009643555,36.246246337890625,37.265254974365234,37.35042190551758,25,14.285715103149414,19.047618865966797,10,0,0,0,0,2.0308992862701416,8589934592,1073741824,5316952064,307429376
209,1771639850201,3504,3504,3504,3504,3504,3504,3504,3504,38.21292495727539,37.4334831237793,36.3674201965332,36.09364700317383,36.60491180419922,36.07924270629883,36.12660217285156,37.170509338378906,37.22149658203125,33.333335876464844,14.285715103149414,10,10,0,0,0,0,2.0308992862701416,8589934592,1073741824,5316263936,307429376
201,1771639850411,3504,3504,3504,3504,3504,3504,3504,3504,38.21292495727539,37.4334831237793,36.3674201965332,36.09364700317383,36.60491180419922,36.07924270629883,36.12660217285156,37.170509338378906,37.22149658203125,19.047618865966797,15.000000953674316,13.636363983154297,13.636363983154297,0,0,0,0,2.0308992862701416,8589934592,1073741824,5316280320,307429376
209,1771639850613,3504,3504,3504,3504,3504,3504,3504,3504,38.21292495727539,37.4334831237793,36.3674201965332,36.09364700317383,36.60491180419922,36.07924270629883,36.12660217285156,37.170509338378906,37.22149658203125,20,20,10.526315689086914,20,0,0,0,0,2.0308992862701416,8589934592,1073741824,5315657728,307429376
206,1771639850823,3504,3504,3504,3504,3504,3504,3504,3504,38.21292495727539,37.4334831237793,36.3674201965332,36.09364700317383,36.60491180419922,36.07924270629883,36.12660217285156,37.170509338378906,37.22149658203125,14.285715103149414,14.285715103149414,9.523809432983398,23.809524536132813,0,0,0,0,2.031554698944092,8589934592,1073741824,5315723264,307429376
204,1771639851030,3504,3504,3504,3504,3504,3504,3504,3504,38.21292495727539,37.4334831237793,36.3674201965332,36.09364700317383,36.60491180419922,36.07924270629883,36.12660217285156,37.170509338378906,37.22149658203125,19.047618865966797,14.285715103149414,5,20,0,0,0,0,2.031554698944092,8589934592,1073741824,5315706880,307429376
200,1771639851235,3504,3504,3504,3504,3504,3504,3504,3504,38.185020446777344,37.33731460571289,36.235836029052734,36.02351379394531,36.49208068847656,36.013160705566406,36.06156921386719,37.087955474853516,37.12006759643555,25,10,14.285715103149414,19.047618865966797,0,0,0,0,2.031554698944092,8589934592,1073741824,5315706880,307429376
209,1771639851436,3504,3504,3504,3504,3504,3504,3504,3504,38.185020446777344,37.33731460571289,36.235836029052734,36.02351379394531,36.49208068847656,36.013160705566406,36.06156921386719,37.087955474853516,37.12006759643555,31.57894515991211,25,28.571430206298828,26.3157901763916,0,0,0,0,2.031554698944092,8589934592,1073741824,5313658880,307429376
201,1771639851646,3504,3504,3504,3504,3504,3504,3504,3504,38.185020446777344,37.33731460571289,36.235836029052734,36.02351379394531,36.49208068847656,36.013160705566406,36.06156921386719,37.087955474853516,37.12006759643555,38.095237731933594,27.272727966308594,25,20,14.285715103149414,4.761904716491699,0,0,1.9200726747512817,8589934592,1073741824,5318918144,307429376
205,1771639851848,3504,3504,3504,3504,3504,3504,3504,3504,38.185020446777344,37.33731460571289,36.235836029052734,36.02351379394531,36.49208068847656,36.013160705566406,36.06156921386719,37.087955474853516,37.12006759643555,25,25,28.571430206298828,28.571430206298828,5,5,0,0,1.9200726747512817,8589934592,1073741824,5319786496,307429376
209,1771639852054,3504,3504,3504,3504,3504,3504,3504,3504,38.185020446777344,37.33731460571289,36.235836029052734,36.02351379394531,36.49208068847656,36.013160705566406,36.06156921386719,37.087955474853516,37.12006759643555,14.285715103149414,5.263157844543457,20,5,0,0,0,0,1.9200726747512817,8589934592,1073741824,5319786496,307429376
209,1771639852263,3504,3504,3504,3504,3504,3504,3504,3504,38.56318283081055,37.817440032958984,36.63969802856445,36.437469482421875,36.66688537597656,36.092979431152344,36.166961669921875,37.22813034057617,37.24280548095703,15.000000953674316,14.285715103149414,23.809524536132813,13.636363983154297,0,0,0,0,1.9200726747512817,8589934592,1073741824,5319786496,307429376
208,1771639852473,3504,3504,3504,3504,3504,3504,3504,3504,38.56318283081055,37.817440032958984,36.63969802856445,36.437469482421875,36.66688537597656,36.092979431152344,36.166961669921875,37.22813034057617,37.24280548095703,14.285715103149414,13.636363983154297,25,5,0,0,0,0,1.9200726747512817,8589934592,1073741824,5319655424,307429376
208,1771639852682,3504,3504,3504,3504,3504,3504,3504,3504,38.56318283081055,37.817440032958984,36.63969802856445,36.437469482421875,36.66688537597656,36.092979431152344,36.166961669921875,37.22813034057617,37.24280548095703,19.047618865966797,15.000000953674316,22.72727394104004,18.18181800842285,0,0,0,0,2.365431785583496,8589934592,1073741824,5319802880,307429376
203,1771639852891,3504,3504,3504,3504,3504,3504,3504,3504,38.56318283081055,37.817440032958984,36.63969802856445,36.437469482421875,36.66688537597656,36.092979431152344,36.166961669921875,37.22813034057617,37.24280548095703,23.809524536132813,14.285715103149414,10,10,0,0,0,0,2.365431785583496,8589934592,1073741824,5319933952,307429376
207,1771639853095,3504,3504,3504,3504,3504,3504,3504,3504,38.56318283081055,37.817440032958984,36.63969802856445,36.437469482421875,36.66688537597656,36.092979431152344,36.166961669921875,37.22813034057617,37.24280548095703,30.000001907348633,15.000000953674316,10,5,0,0,0,0,2.365431785583496,8589934592,1073741824,5319933952,307429376
207,1771639853303,3504,3504,3504,3504,3504,3504,3504,3504,38.176876068115234,37.29872131347656,36.18095397949219,35.9977912902832,36.38385772705078,35.98640441894531,35.97853088378906,37.04202651977539,37.081298828125,22.72727394104004,19.047618865966797,19.047618865966797,18.18181800842285,0,0,0,0,2.365431785583496,8589934592,1073741824,5319884800,307429376
201,1771639853511,3504,3504,3504,3504,3504,3504,3504,3504,38.176876068115234,37.29872131347656,36.18095397949219,35.9977912902832,36.38385772705078,35.98640441894531,35.97853088378906,37.04202651977539,37.081298828125,40,23.809524536132813,28.571430206298828,20,19.047618865966797,4.761904716491699,4.761904716491699,0,2.365431785583496,8589934592,1073741824,5330141184,307429376
200,1771639853712,3504,3504,3504,3504,3504,3504,3504,3504,38.176876068115234,37.29872131347656,36.18095397949219,35.9977912902832,36.38385772705078,35.98640441894531,35.97853088378906,37.04202651977539,37.081298828125,31.57894515991211,26.3157901763916,21.052631378173828,19.047618865966797,15.000000953674316,0,0,0,2.9579520225524902,8589934592,1073741824,5330141184,307429376
206,1771639853913,3504,3504,3504,3504,3504,3504,3504,3504,38.176876068115234,37.29872131347656,36.18095397949219,35.9977912902832,36.38385772705078,35.98640441894531,35.97853088378906,37.04202651977539,37.081298828125,25,20,15.000000953674316,15.789472579956055,0,0,0,0,2.9579520225524902,8589934592,1073741824,5330141184,307429376
209,1771639854120,3504,3504,3504,3504,3504,3504,3504,3504,38.176876068115234,37.29872131347656,36.18095397949219,35.9977912902832,36.38385772705078,35.974388122558594,36.00578308105469,37.04505157470703,37.10072326660156,25,14.285715103149414,13.636363983154297,10,0,0,0,0,2.9579520225524902,8589934592,1073741824,5330141184,307429376
204,1771639854330,3504,3504,3504,3504,3504,3504,3504,3504,38.22465133666992,37.54460525512695,36.34391784667969,36.08237838745117,36.46945571899414,35.974388122558594,36.00578308105469,37.04505157470703,37.10072326660156,27.272727966308594,14.285715103149414,5,9.523809432983398,0,0,0,0,2.9579520225524902,8589934592,1073741824,5331156992,307429376
209,1771639854535,3504,3504,3504,3504,3504,3504,3504,3504,38.22465133666992,37.54460525512695,36.34391784667969,36.08237838745117,36.46945571899414,35.974388122558594,36.00578308105469,37.04505157470703,37.10072326660156,23.809524536132813,23.809524536132813,14.285715103149414,9.523809432983398,0,0,0,0,2.9579520225524902,8589934592,1073741824,5331173376,307429376
207,1771639854745,3504,3504,3504,3504,3504,3504,3504,3504,38.22465133666992,37.54460525512695,36.34391784667969,36.08237838745117,36.46945571899414,35.974388122558594,36.00578308105469,37.04505157470703,37.10072326660156,23.809524536132813,15.000000953674316,19.047618865966797,13.636363983154297,0,0,0,0,1.9446905851364136,8589934592,1073741824,5331238912,307429376
206,1771639854954,3504,3504,3504,3504,3504,3504,3504,3504,38.22465133666992,37.54460525512695,36.34391784667969,36.08237838745117,36.46945571899414,35.974388122558594,36.00578308105469,37.04505157470703,37.10072326660156,21.052631378173828,19.047618865966797,20,15.789472579956055,4.761904716491699,0,0,0,1.9446905851364136,8589934592,1073741824,5331238912,307429376
209,1771639855160,3504,3504,3504,3504,3504,3504,3504,3504,38.12300109863281,37.173988342285156,36.090728759765625,35.91305160522461,36.27227020263672,35.88367462158203,35.88286209106445,36.913963317871094,36.983482360839844,14.285715103149414,25,19.047618865966797,9.523809432983398,0,0,0,0,1.9446905851364136,8589934592,1073741824,5331238912,307429376
209,1771639855369,3504,3504,3504,3504,3504,3504,3504,3504,38.12300109863281,37.173988342285156,36.090728759765625,35.91305160522461,36.27227020263672,35.88367462158203,35.88286209106445,36.913963317871094,36.983482360839844,14.285715103149414,19.047618865966797,20,14.285715103149414,0,0,0,0,1.9446905851364136,8589934592,1073741824,5331910656,307429376
209,1771639855580,3504,3504,3504,3504,3504,3504,3504,3504,38.12300109863281,37.173988342285156,36.090728759765625,35.91305160522461,36.27227020263672,35.88367462158203,35.88286209106445,36.913963317871094,36.983482360839844,15.000000953674316,14.285715103149414,27.272727966308594,9.523809432983398,0,0,0,0,1.9446905851364136,8589934592,1073741824,5329649664,307429376
204,1771639855790,3504,3504,3504,3504,3504,3504,3504,3504,38.12300109863281,37.173988342285156,36.090728759765625,35.91305160522461,36.27227020263672,35.88367462158203,35.88286209106445,36.913963317871094,36.983482360839844,22.72727394104004,14.285715103149414,23.809524536132813,5,0,0,0,0,2.1924097537994385,8589934592,1073741824,5329993728,307429376
207,1771639855995,3504,3504,3504,3504,3504,3504,3504,3504,38.12300109863281,37.173988342285156,36.090728759765625,35.91305160522461,36.27227020263672,35.88367462158203,35.88286209106445,36.913963317871094,36.983482360839844,20,23.809524536132813,15.000000953674316,18.18181800842285,0,0,0,0,2.1924097537994385,8589934592,1073741824,5330075648,307429376
207,1771639856203,3504,3504,3504,3504,3504,3504,3504,3504,38.05165481567383,37.043968200683594,36.03907775878906,35.824440002441406,36.186702728271484,35.817138671875,35.82890701293945,36.82970428466797,36.873435974121094,19.047618865966797,15.000000953674316,19.047618865966797,5,0,0,0,0,2.1924097537994385,8589934592,1073741824,5330092032,307429376
204,1771639856411,3504,3504,3504,3504,3504,3504,3504,3504,38.05165481567383,37.043968200683594,36.03907775878906,35.824440002441406,36.186702728271484,35.817138671875,35.82890701293945,36.82970428466797,36.873435974121094,23.809524536132813,9.523809432983398,15.000000953674316,9.523809432983398,0,0,0,0,2.1924097537994385,8589934592,1073741824,5330092032,307429376
208,1771639856616,3504,3504,3504,3504,3504,3504,3504,3504,38.05165481567383,37.043968200683594,36.03907775878906,35.824440002441406,36.186702728271484,35.817138671875,35.82890701293945,36.82970428466797,36.873435974121094,25,20,20,10,0,0,0,0,2.1924097537994385,8589934592,1073741824,5330075648,307429376
209,1771639856825,3504,3504,3504,3504,3504,3504,3504,3504,38.05165481567383,37.043968200683594,36.03907775878906,35.824440002441406,36.186702728271484,35.817138671875,35.82890701293945,36.82970428466797,36.873435974121094,19.047618865966797,18.18181800842285,19.047618865966797,9.523809432983398,0,0,0,0,2.006619691848755,8589934592,1073741824,5329993728,307429376
201,1771639857035,3504,3504,3504,3504,3504,3504,3504,3504,38.05165481567383,37.043968200683594,36.03907775878906,35.824440002441406,36.186702728271484,35.817138671875,35.82890701293945,36.82970428466797,36.873435974121094,15.000000953674316,20,23.809524536132813,15.000000953674316,0,0,0,0,2.006619691848755,8589934592,1073741824,5330059264,307429376
209,1771639857236,3504,3504,3504,3504,3504,3504,3504,3504,37.97273254394531,36.935359954833984,35.990230560302734,35.808921813964844,36.11008071899414,35.74522018432617,35.81181335449219,36.766353607177734,36.83810806274414,23.809524536132813,20,20,9.523809432983398,0,0,0,0,2.006619691848755,8589934592,1073741824,5330059264,307429376
209,1771639857446,3504,3504,3504,3504,3504,3504,3504,3504,37.97273254394531,36.935359954833984,35.990230560302734,35.808921813964844,36.11008071899414,35.74522018432617,35.81181335449219,36.766353607177734,36.83810806274414,20,19.047618865966797,22.72727394104004,9.523809432983398,0,0,0,0,2.006619691848755,8589934592,1073741824,5330059264,307429376
207,1771639857656,3504,3504,3504,3504,3504,3504,3504,3504,37.97273254394531,36.935359954833984,35.990230560302734,35.808921813964844,36.11008071899414,35.74522018432617,35.81181335449219,36.766353607177734,36.83810806274414,14.285715103149414,5,19.047618865966797,14.285715103149414,0,0,0,0,2.26434588432312,8589934592,1073741824,5330059264,307429376
205,1771639857863,3504,3504,3504,3504,3504,3504,3504,3504,37.97273254394531,36.935359954833984,35.990230560302734,35.808921813964844,36.11008071899414,35.74522018432617,35.81181335449219,36.766353607177734,36.83810806274414,14.285715103149414,14.285715103149414,15.000000953674316,15.000000953674316,0,0,0,0,2.26434588432312,8589934592,1073741824,5330059264,307429376
208,1771639858069,3504,3504,3504,3504,3504,3504,3504,3504,37.97273254394531,36.935359954833984,35.990230560302734,35.808921813964844,36.11008071899414,35.74522018432617,35.81181335449219,36.766353607177734,36.83810806274414,15.000000953674316,14.285715103149414,20,19.047618865966797,0,0,0,0,2.26434588432312,8589934592,1073741824,5330059264,307429376
201,1771639858278,3504,3504,3504,3504,3504,3504,3504,3504,37.91298294067383,36.86362075805664,35.91209030151367,35.78338623046875,36.04887008666992,35.68739700317383,35.805625915527344,36.69227981567383,36.76593017578125,14.285715103149414,14.285715103149414,19.047618865966797,14.285715103149414,0,0,0,0,2.26434588432312,8589934592,1073741824,5330059264,307429376
204,1771639858480,3504,3504,3504,3504,3504,3504,3504,3504,37.91298294067383,36.86362075805664,35.91209030151367,35.78338623046875,36.04887008666992,35.68739700317383,35.805625915527344,36.69227981567383,36.76593017578125,20,5.263157844543457,10,15.000000953674316,4.761904716491699,5,0,4.761904716491699,2.26434588432312,8589934592,1073741824,5330026496,307429376
205,1771639858685,3504,3504,3504,3504,3504,3504,3504,3504,37.91298294067383,36.86362075805664,35.91209030151367,35.78338623046875,36.04887008666992,35.68739700317383,35.805625915527344,36.69227981567383,36.76593017578125,19.047618865966797,15.000000953674316,10,19.047618865966797,0,0,0,0,2.93082857131958,8589934592,1073741824,5330026496,307429376
207,1771639858891,3504,3504,3504,3504,3504,3504,3504,3504,37.91298294067383,36.86362075805664,35.91209030151367,35.78338623046875,36.04887008666992,35.68739700317383,35.805625915527344,36.69227981567383,36.76593017578125,20,14.285715103149414,23.809524536132813,5,0,0,0,0,2.93082857131958,8589934592,1073741824,5328224256,307429376
209,1771639859098,3504,3504,3504,3504,3504,3504,3504,3504,37.91298294067383,36.86362075805664,35.91209030151367,35.78338623046875,36.04887008666992,35.68739700317383,35.805625915527344,36.69227981567383,36.76593017578125,23.809524536132813,19.047618865966797,19.047618865966797,14.285715103149414,0,0,0,0,2.93082857131958,8589934592,1073741824,5328257024,307429376
209,1771639859309,3504,3504,3504,3504,3504,3504,3504,3504,37.883094787597656,36.825599670410156,35.88115310668945,35.774986267089844,36.01858139038086,35.65391540527344,35.80418395996094,36.62295150756836,36.7676887512207,23.809524536132813,19.047618865966797,15.000000953674316,5,9.090909004211426,5,4.761904716491699,0,2.93082857131958,8589934592,1073741824,5328830464,307429376
208,1771639859519,3504,3504,3504,3504,3504,3504,3504,3504,37.883094787597656,36.825599670410156,35.88115310668945,35.774986267089844,36.01858139038086,35.65391540527344,35.80418395996094,36.62295150756836,36.7676887512207,19.047618865966797,5,9.523809432983398,14.285715103149414,0,8.69565200805664,0,0,2.93082857131958,8589934592,1073741824,5328830464,307429376
205,1771639859728,3504,3504,3504,3504,3504,3504,3504,3504,37.883094787597656,36.825599670410156,35.88115310668945,35.774986267089844,36.01858139038086,35.65391540527344,35.80418395996094,36.62295150756836,36.7676887512207,20,13.636363983154297,9.523809432983398,15.000000953674316,0,0,0,0,2.414381504058838,8589934592,1073741824,5328781312,307429376
209,1771639859934,3504,3504,3504,3504,3504,3504,3504,3504,37.883094787597656,36.825599670410156,35.88115310668945,35.774986267089844,36.01858139038086,35.65391540527344,35.80418395996094,36.62295150756836,36.7676887512207,20,10,10,14.285715103149414,0,0,0,0,2.414381504058838,8589934592,1073741824,5328814080,307429376
207,1771639860144,3504,3504,3504,3504,3504,3504,3504,3504,37.83932113647461,36.797462463378906,35.83906173706055,35.74993896484375,35.99367141723633,35.6322021484375,35.796234130859375,36.58621597290039,36.716617584228516,28.571430206298828,14.285715103149414,14.285715103149414,19.047618865966797,4.545454502105713,0,0,0,2.414381504058838,8589934592,1073741824,5332795392,307429376
204,1771639860352,3504,3504,3504,3504,3504,3504,3504,3504,37.83932113647461,36.797462463378906,35.83906173706055,35.74993896484375,35.99367141723633,35.6322021484375,35.796234130859375,36.58621597290039,36.716617584228516,14.285715103149414,19.047618865966797,5,22.72727394104004,0,0,0,0,2.414381504058838,8589934592,1073741824,5332844544,307429376
199,1771639860557,3504,3504,3504,3504,3504,3504,3504,3504,37.83932113647461,36.797462463378906,35.83906173706055,35.74993896484375,35.99367141723633,35.6322021484375,35.796234130859375,36.58621597290039,36.716617584228516,19.047618865966797,15.000000953674316,9.523809432983398,10.526315689086914,0,0,0,0,2.414381504058838,8589934592,1073741824,5333057536,307429376
203,1771639860757,3504,3504,3504,3504,3504,3504,3504,3504,37.83932113647461,36.797462463378906,35.83906173706055,35.74993896484375,35.99367141723633,35.6322021484375,35.796234130859375,36.58621597290039,36.716617584228516,21.052631378173828,15.789472579956055,14.285715103149414,14.285715103149414,0,0,0,0,2.0814380645751953,8589934592,1073741824,5332221952,307429376
207,1771639860961,3504,3504,3504,3504,3504,3504,3504,3504,37.83932113647461,36.797462463378906,35.83906173706055,35.74993896484375,35.99367141723633,35.6322021484375,35.796234130859375,36.58621597290039,36.716617584228516,23.809524536132813,14.285715103149414,5,15.789472579956055,0,0,0,0,2.0814380645751953,8589934592,1073741824,5332221952,307429376
209,1771639861169,3504,3504,3504,3504,3504,3504,3504,3504,37.65812301635742,36.634063720703125,35.70042419433594,35.60448455810547,35.913055419921875,35.57099914550781,35.780784606933594,36.46046829223633,36.6165771484375,20,9.523809432983398,14.285715103149414,22.72727394104004,0,0,0,0,2.0814380645751953,8589934592,1073741824,5332221952,307429376
206,1771639861379,3504,3504,3504,3504,3504,3504,3504,3504,37.65812301635742,36.634063720703125,35.70042419433594,35.60448455810547,35.913055419921875,35.57099914550781,35.780784606933594,36.46046829223633,36.6165771484375,14.285715103149414,9.523809432983398,15.000000953674316,14.285715103149414,0,0,0,0,2.0814380645751953,8589934592,1073741824,5332221952,307429376
209,1771639861587,3504,3504,3504,3504,3504,3504,3504,3504,37.65812301635742,36.634063720703125,35.70042419433594,35.60448455810547,35.913055419921875,35.57099914550781,35.780784606933594,36.46046829223633,36.6165771484375,14.285715103149414,10,18.18181800842285,15.000000953674316,0,0,0,0,2.0814380645751953,8589934592,1073741824,5332451328,307429376
202,1771639861797,3504,3504,3504,3504,3504,3504,3504,3504,37.65812301635742,36.634063720703125,35.70042419433594,35.60448455810547,35.913055419921875,35.57099914550781,35.780784606933594,36.46046829223633,36.6165771484375,14.285715103149414,9.523809432983398,15.000000953674316,19.047618865966797,0,0,0,0,1.945315957069397,8589934592,1073741824,5332353024,307429376
209,1771639862000,3504,3504,3504,3504,3504,3504,3504,3504,37.65812301635742,36.634063720703125,35.70042419433594,35.60448455810547,35.913055419921875,35.57099914550781,35.780784606933594,36.46046829223633,36.6165771484375,15.000000953674316,20,20,19.047618865966797,0,0,0,0,1.945315957069397,8589934592,1073741824,5332221952,307429376
202,1771639862210,3504,3504,3504,3504,3504,3504,3504,3504,37.56818771362305,36.57838439941406,35.67682647705078,35.510765075683594,35.778141021728516,35.53907775878906,35.76103591918945,36.41240692138672,36.5621337890625,23.809524536132813,9.523809432983398,9.523809432983398,10,0,0,0,0,1.945315957069397,8589934592,1073741824,5332271104,307429376
206,1771639862413,3504,3504,3504,3504,3504,3504,3504,3504,37.56818771362305,36.57838439941406,35.67682647705078,35.510765075683594,35.778141021728516,35.53907775878906,35.76103591918945,36.41240692138672,36.5621337890625,23.809524536132813,15.000000953674316,10,19.047618865966797,0,0,0,0,1.945315957069397,8589934592,1073741824,5332221952,307429376
209,1771639862620,3504,3504,3504,3504,3504,3504,3504,3504,37.56818771362305,36.57838439941406,35.67682647705078,35.510765075683594,35.778141021728516,35.53907775878906,35.76103591918945,36.41240692138672,36.5621337890625,15.000000953674316,14.285715103149414,9.523809432983398,14.285715103149414,0,0,0,0,1.945315957069397,8589934592,1073741824,5332238336,307429376
209,1771639862830,3504,3504,3504,3504,3504,3504,3504,3504,37.56818771362305,36.57838439941406,35.67682647705078,35.510765075683594,35.778141021728516,35.53907775878906,35.76103591918945,36.41240692138672,36.5621337890625,30.000001907348633,23.809524536132813,20,25,14.285715103149414,14.285715103149414,14.285715103149414,14.285715103149414,2.6361746788024902,8589934592,1073741824,5332385792,307429376
206,1771639863040,3504,3504,3504,3504,3504,3504,3504,3504,37.56818771362305,36.57838439941406,35.67682647705078,35.510765075683594,35.778141021728516,35.53907775878906,35.76103591918945,36.41240692138672,36.5621337890625,19.047618865966797,9.523809432983398,19.047618865966797,4.761904716491699,4.545454502105713,0,0,0,2.6361746788024902,8589934592,1073741824,5332385792,307429376
209,1771639863247,3504,3504,3504,3504,3504,3504,3504,3504,37.92597198486328,36.94991683959961,35.981712341308594,35.80713653564453,35.9593620300293,35.77110290527344,35.94371032714844,36.76383590698242,36.88823699951172,14.285715103149414,15.000000953674316,19.047618865966797,5,0,0,0,0,2.6361746788024902,8589934592,1073741824,5332385792,307429376
206,1771639863456,3504,3504,3504,3504,3504,3504,3504,3504,37.92597198486328,36.94991683959961,35.981712341308594,35.80713653564453,35.9593620300293,35.77110290527344,35.94371032714844,36.76383590698242,36.88823699951172,19.047618865966797,23.809524536132813,19.047618865966797,14.285715103149414,14.285715103149414,10,9.523809432983398,0,2.6361746788024902,8589934592,1073741824,5332385792,307429376
206,1771639863663,3504,3504,3504,3504,3504,3504,3504,3504,37.92597198486328,36.94991683959961,35.981712341308594,35.80713653564453,35.9593620300293,35.77110290527344,35.94371032714844,36.76383590698242,36.88823699951172,20,33.333335876464844,23.809524536132813,4.761904716491699,33.333335876464844,0,0,0,1.982006311416626,8589934592,1073741824,5333303296,307429376
200,1771639863869,3504,3504,3504,3504,3504,3504,3504,3504,37.92597198486328,36.94991683959961,35.981712341308594,35.80713653564453,35.9593620300293,35.77110290527344,35.94371032714844,36.76383590698242,36.88823699951172,14.285715103149414,25,10,9.523809432983398,0,0,0,0,1.982006311416626,8589934592,1073741824,5333303296,307429376
209,1771639864070,3504,3504,3504,3504,3504,3504,3504,3504,37.92597198486328,36.94991683959961,35.981712341308594,35.80713653564453,35.9593620300293,35.77110290527344,35.94371032714844,36.76383590698242,36.88823699951172,20,21.052631378173828,15.000000953674316,10,0,0,0,0,1.982006311416626,8589934592,1073741824,5333336064,307429376
205,1771639864280,3504,3504,3504,3504,3504,3504,3504,3504,37.92079544067383,37.1181755065918,36.0762939453125,35.85004425048828,36.070926666259766,35.663856506347656,35.803314208984375,36.65224838256836,36.72887420654297,14.285715103149414,22.72727394104004,18.18181800842285,9.523809432983398,0,0,0,0,1.982006311416626,8589934592,1073741824,5333336064,307429376
207,1771639864487,3504,3504,3504,3504,3504,3504,3504,3504,37.92079544067383,37.1181755065918,36.0762939453125,35.85004425048828,36.070926666259766,35.663856506347656,35.803314208984375,36.65224838256836,36.72887420654297,14.285715103149414,19.047618865966797,5,10.526315689086914,0,0,0,0,1.982006311416626,8589934592,1073741824,5333336064,307429376
206,1771639864695,3504,3504,3504,3504,3504,3504,3504,3504,37.92079544067383,37.1181755065918,36.0762939453125,35.85004425048828,36.070926666259766,35.663856506347656,35.803314208984375,36.65224838256836,36.72887420654297,25,25,15.000000953674316,13.636363983154297,0,0,0,0,2.2887234687805176,8589934592,1073741824,5333336064,307429376
209,1771639864901,3504,3504,3504,3504,3504,3504,3504,3504,37.92079544067383,37.1181755065918,36.0762939453125,35.85004425048828,36.070926666259766,35.663856506347656,35.803314208984375,36.65224838256836,36.72887420654297,10.526315689086914,23.809524536132813,13.636363983154297,10,0,0,0,0,2.2887234687805176,8589934592,1073741824,5333286912,307429376
209,1771639865111,3504,3504,3504,3504,3504,3504,3504,3504,37.92079544067383,37.1181755065918,36.0762939453125,35.85004425048828,36.070926666259766,35.663856506347656,35.803314208984375,36.65224838256836,36.72887420654297,27.272727966308594,20,5.263157844543457,9.523809432983398,0,0,0,0,2.2887234687805176,8589934592,1073741824,5333303296,307429376
208,1771639865321,3504,3504,3504,3504,3504,3504,3504,3504,37.565338134765625,36.55169677734375,35.67138671875,35.47859573364258,35.7843132019043,35.50043487548828,35.72795104980469,36.43851852416992,36.53870391845703,20,22.72727394104004,13.636363983154297,9.523809432983398,0,0,0,0,2.2887234687805176,8589934592,1073741824,5333270528,307429376
209,1771639865530,3504,3504,3504,3504,3504,3504,3504,3504,37.565338134765625,36.55169677734375,35.67138671875,35.47859573364258,35.7843132019043,35.50043487548828,35.72795104980469,36.43851852416992,36.53870391845703,14.285715103149414,23.809524536132813,9.523809432983398,14.285715103149414,0,0,0,0,2.2887234687805176,8589934592,1073741824,5333270528,307429376
209,1771639865740,3504,3504,3504,3504,3504,3504,3504,3504,37.565338134765625,36.55169677734375,35.67138671875,35.47859573364258,35.7843132019043,35.50043487548828,35.72795104980469,36.43851852416992,36.53870391845703,22.72727394104004,15.000000953674316,10,27.272727966308594,0,8.69565200805664,0,0,2.303697347640991,8589934592,1073741824,5333516288,307429376
209,1771639865950,3504,3504,3504,3504,3504,3504,3504,3504,37.565338134765625,36.55169677734375,35.67138671875,35.47859573364258,35.7843132019043,35.50043487548828,35.72795104980469,36.43851852416992,36.53870391845703,14.285715103149414,13.636363983154297,9.523809432983398,15.789472579956055,0,0,0,0,2.303697347640991,8589934592,1073741824,5333385216,307429376
209,1771639866160,3504,3504,3504,3504,3504,3504,3504,3504,37.46951675415039,36.473358154296875,35.64292907714844,35.40448760986328,35.632503509521484,35.430580139160156,35.67365646362305,36.376338958740234,36.45547866821289,14.285715103149414,10,9.523809432983398,22.72727394104004,0,0,0,0,2.303697347640991,8589934592,1073741824,5333729280,307429376
203,1771639866370,3504,3504,3504,3504,3504,3504,3504,3504,37.46951675415039,36.473358154296875,35.64292907714844,35.40448760986328,35.632503509521484,35.430580139160156,35.67365646362305,36.376338958740234,36.45547866821289,19.047618865966797,10,9.523809432983398,20,0,0,0,0,2.303697347640991,8589934592,1073741824,5333729280,307429376
207,1771639866574,3504,3504,3504,3504,3504,3504,3504,3504,37.46951675415039,36.473358154296875,35.64292907714844,35.40448760986328,35.632503509521484,35.430580139160156,35.67365646362305,36.376338958740234,36.45547866821289,10,14.285715103149414,9.523809432983398,25,0,0,0,0,2.303697347640991,8589934592,1073741824,5333729280,307429376
209,1771639866782,3504,3504,3504,3504,3504,3504,3504,3504,37.46951675415039,36.473358154296875,35.64292907714844,35.40448760986328,35.632503509521484,35.430580139160156,35.67365646362305,36.376338958740234,36.45547866821289,19.047618865966797,10,10,23.809524536132813,4.761904716491699,0,0,0,1.882910966873169,8589934592,1073741824,5333303296,307429376
208,1771639866992,3504,3504,3504,3504,3504,3504,3504,3504,37.46951675415039,36.473358154296875,35.64292907714844,35.40448760986328,35.632503509521484,35.430580139160156,35.67365646362305,36.376338958740234,36.45547866821289,10,13.636363983154297,9.090909004211426,18.18181800842285,4.545454502105713,0,4.545454502105713,4.545454502105713,1.882910966873169,8589934592,1073741824,5333680128,307429376
202,1771639867201,3504,3504,3504,3504,3504,3504,3504,3504,37.37377166748047,36.42338562011719,35.555233001708984,35.361656188964844,35.59272384643555,35.36016082763672,35.58839416503906,36.33379364013672,36.374176025390625,23.809524536132813,36.842105865478516,20,35,0,0,0,0,1.882910966873169,8589934592,1073741824,5333352448,307429376
209,1771639867403,3504,3504,3504,3504,3504,3504,3504,3504,37.37377166748047,36.42338562011719,35.555233001708984,35.361656188964844,35.59272384643555,35.36016082763672,35.58839416503906,36.33379364013672,36.374176025390625,30.000001907348633,33.333335876464844,15.000000953674316,10,0,0,0,0,1.882910966873169,8589934592,1073741824,5333581824,307429376
206,1771639867613,3504,3504,3504,3504,3504,3504,3504,3504,37.37377166748047,36.42338562011719,35.555233001708984,35.361656188964844,35.59272384643555,35.36016082763672,35.58839416503906,36.33379364013672,36.374176025390625,19.047618865966797,19.047618865966797,10,9.523809432983398,0,0,0,0,1.882910966873169,8589934592,1073741824,5333401600,307429376
208,1771639867821,3504,3504,3504,3504,3504,3504,3504,3504,37.37377166748047,36.42338562011719,35.555233001708984,35.361656188964844,35.59272384643555,35.36016082763672,35.58839416503906,36.33379364013672,36.374176025390625,15.000000953674316,19.047618865966797,19.047618865966797,4.761904716491699,0,0,0,0,2.0446019172668457,8589934592,1073741824,5333417984,307429376
203,1771639868030,3504,3504,3504,3504,3504,3504,3504,3504,37.37377166748047,36.42338562011719,35.555233001708984,35.361656188964844,35.59272384643555,35.36016082763672,35.58839416503906,36.33379364013672,36.374176025390625,14.285715103149414,28.571430206298828,19.047618865966797,14.285715103149414,0,0,0,0,2.0446019172668457,8589934592,1073741824,5333286912,307429376
209,1771639868234,3504,3504,3504,3504,3504,3504,3504,3504,37.31703186035156,36.37440490722656,35.50464630126953,35.3358154296875,35.536006927490234,35.32670593261719,35.5181999206543,36.300533294677734,36.276798248291016,15.000000953674316,20,10,10,0,0,0,0,2.0446019172668457,8589934592,1073741824,5333286912,307429376
208,1771639868444,3504,3504,3504,3504,3504,3504,3504,3504,37.31703186035156,36.37440490722656,35.50464630126953,35.3358154296875,35.536006927490234,35.32670593261719,35.5181999206543,36.300533294677734,36.276798248291016,14.285715103149414,15.000000953674316,9.523809432983398,19.047618865966797,4.761904716491699,4.761904716491699,0,0,2.0446019172668457,8589934592,1073741824,5333286912,307429376
209,1771639868653,3504,3504,3504,3504,3504,3504,3504,3504,37.31703186035156,36.37440490722656,35.50464630126953,35.3358154296875,35.536006927490234,35.32670593261719,35.5181999206543,36.300533294677734,36.276798248291016,23.809524536132813,19.047618865966797,13.636363983154297,14.285715103149414,0,0,0,0,2.0805978775024414,8589934592,1073741824,5333286912,307429376
200,1771639868864,3504,3504,3504,3504,3504,3504,3504,3504,37.31703186035156,36.37440490722656,35.50464630126953,35.3358154296875,35.536006927490234,35.32670593261719,35.5181999206543,36.300533294677734,36.276798248291016,22.72727394104004,27.272727966308594,15.000000953674316,19.047618865966797,5,4.761904716491699,0,0,2.0805978775024414,8589934592,1073741824,5334482944,307429376
206,1771639869064,3504,3504,3504,3504,3504,3504,3504,3504,37.31703186035156,36.37440490722656,35.50464630126953,35.3358154296875,35.536006927490234,35.32670593261719,35.5181999206543,36.300533294677734,36.276798248291016,15.000000953674316,25,10,10,9.523809432983398,10,5,5.263157844543457,2.0805978775024414,8589934592,1073741824,5335089152,307429376
202,1771639869271,3504,3504,3504,3504,3504,3504,3504,3504,37.44351577758789,36.45812225341797,35.58063507080078,35.42974853515625,35.57558822631836,35.35469055175781,35.56231689453125,36.32814407348633,36.31881332397461,20,20,10,9.523809432983398,0,0,0,0,2.0805978775024414,8589934592,1073741824,5335138304,307429376
205,1771639869473,3504,3504,3504,3504,3504,3504,3504,3504,37.44351577758789,36.45812225341797,35.58063507080078,35.42974853515625,35.57558822631836,35.35469055175781,35.56231689453125,36.32814407348633,36.31881332397461,21.052631378173828,19.047618865966797,14.285715103149414,5,0,0,0,0,2.0805978775024414,8589934592,1073741824,5335121920,307429376
209,1771639869680,3504,3504,3504,3504,3504,3504,3504,3504,37.44351577758789,36.45812225341797,35.58063507080078,35.42974853515625,35.57558822631836,35.35469055175781,35.56231689453125,36.32814407348633,36.31881332397461,23.809524536132813,15.000000953674316,9.523809432983398,9.523809432983398,0,0,0,0,1.8959089517593384,8589934592,1073741824,5335040000,307429376
209,1771639869890,3504,3504,3504,3504,3504,3504,3504,3504,37.44351577758789,36.45812225341797,35.58063507080078,35.42974853515625,35.57558822631836,35.35469055175781,35.56231689453125,36.32814407348633,36.31881332397461,23.809524536132813,10,10,14.285715103149414,0,0,0,0,1.8959089517593384,8589934592,1073741824,5335089152,307429376
209,1771639870100,3504,3504,3504,3504,3504,3504,3504,3504,37.44351577758789,36.45812225341797,35.58063507080078,35.42974853515625,35.57558822631836,35.35469055175781,35.56231689453125,36.32814407348633,36.31881332397461,20,22.72727394104004,14.285715103149414,15.000000953674316,0,0,0,0,1.8959089517593384,8589934592,1073741824,5335089152,307429376
209,1771639870310,3504,3504,3504,3504,3504,3504,3504,3504,37.251155853271484,36.395606994628906,35.394859313964844,35.32231140136719,35.45882797241211,35.26118469238281,35.4083251953125,36.25199890136719,36.19109344482422,22.72727394104004,23.809524536132813,18.18181800842285,19.047618865966797,0,0,0,0,1.8959089517593384,8589934592,1073741824,5335465984,307429376
209,1771639870520,3504,3504,3504,3504,3504,3504,3504,3504,37.251155853271484,36.395606994628906,35.394859313964844,35.32231140136719,35.45882797241211,35.26118469238281,35.4083251953125,36.25199890136719,36.19109344482422,19.047618865966797,15.000000953674316,23.809524536132813,10,0,0,0,0,1.8959089517593384,8589934592,1073741824,5335465984,307429376
207,1771639870730,3504,3504,3504,3504,3504,3504,3504,3504,37.251155853271484,36.395606994628906,35.394859313964844,35.32231140136719,35.45882797241211,35.26118469238281,35.4083251953125,36.25199890136719,36.19109344482422,10,22.72727394104004,15.000000953674316,13.636363983154297,0,0,0,0,2.6489782333374023,8589934592,1073741824,5335465984,307429376
207,1771639870939,3504,3504,3504,3504,3504,3504,3504,3504,37.251155853271484,36.395606994628906,35.394859313964844,35.32231140136719,35.45882797241211,35.26118469238281,35.4083251953125,36.25199890136719,36.19109344482422,14.285715103149414,20,14.285715103149414,14.285715103149414,0,0,0,0,2.6489782333374023,8589934592,1073741824,5335384064,307429376
201,1771639871146,3504,3504,3504,3504,3504,3504,3504,3504,37.17318344116211,36.24565887451172,35.26531982421875,35.267852783203125,35.400550842285156,35.19657897949219,35.350074768066406,36.17551040649414,36.09038543701172,23.809524536132813,14.285715103149414,10,19.047618865966797,0,0,0,0,2.6489782333374023,8589934592,1073741824,5335367680,307429376
202,1771639871349,3504,3504,3504,3504,3504,3504,3504,3504,37.17318344116211,36.24565887451172,35.26531982421875,35.267852783203125,35.400550842285156,35.19657897949219,35.350074768066406,36.17551040649414,36.09038543701172,20,15.789472579956055,15.000000953674316,5.263157844543457,0,0,0,0,2.6489782333374023,8589934592,1073741824,5335367680,307429376
209,1771639871552,3504,3504,3504,3504,3504,3504,3504,3504,37.17318344116211,36.24565887451172,35.26531982421875,35.267852783203125,35.400550842285156,35.19657897949219,35.350074768066406,36.17551040649414,36.09038543701172,25,19.047618865966797,20,14.285715103149414,0,0,0,0,2.6489782333374023,8589934592,1073741824,5335433216,307429376
200,1771639871762,3504,3504,3504,3504,3504,3504,3504,3504,37.17318344116211,36.24565887451172,35.26531982421875,35.267852783203125,35.400550842285156,35.19657897949219,35.350074768066406,36.17551040649414,36.09038543701172,14.285715103149414,15.000000953674316,14.285715103149414,4.761904716491699,0,0,0,0,1.9947162866592407,8589934592,1073741824,5335351296,307429376
206,1771639871964,3504,3504,3504,3504,3504,3504,3504,3504,37.17318344116211,36.24565887451172,35.26531982421875,35.267852783203125,35.400550842285156,35.19657897949219,35.350074768066406,36.17551040649414,36.09038543701172,20,14.285715103149414,30.000001907348633,10,0,0,0,0,1.9947162866592407,8589934592,1073741824,5335384064,307429376
208,1771639872171,3504,3504,3504,3504,3504,3504,3504,3504,37.11456298828125,36.26968765258789,35.20946502685547,35.21274948120117,35.299949645996094,35.15815734863281,35.32074737548828,36.102718353271484,36.051780700683594,15.000000953674316,19.047618865966797,23.809524536132813,9.523809432983398,0,0,0,0,1.9947162866592407,8589934592,1073741824,5335171072,307429376
9,1771639872380,3504,3504,3504,3504,3504,3504,3504,3504,37.11456298828125,36.26968765258789,35.20946502685547,35.21274948120117,35.299949645996094,35.15815734863281,35.32074737548828,36.102718353271484,36.051780700683594,18.18181800842285,14.285715103149414,27.272727966308594,0,0,0,0,0,1.9947162866592407,8589934592,1073741824,5334827008,307429376
