Delta,Time,CPU_FREQUENCY_0,CPU_FREQUENCY_1,CPU_FREQUENCY_2,CPU_FREQUENCY_3,CPU_FREQUENCY_4,CPU_FREQUENCY_5,CPU_FREQUENCY_6,CPU_FREQUENCY_7,CPU_TEMP_0,CPU_TEMP_1,CPU_TEMP_2,CPU_TEMP_3,CPU_TEMP_4,CPU_TEMP_5,CPU_TEMP_6,CPU_TEMP_7,CPU_TEMP_8,CPU_USAGE_0,CPU_USAGE_1,CPU_USAGE_2,CPU_USAGE_3,CPU_USAGE_4,CPU_USAGE_5,CPU_USAGE_6,CPU_USAGE_7,SYSTEM_POWER (Watts),TOTAL_MEMORY,TOTAL_SWAP,USED_MEMORY,USED_SWAP
0,1771649767620,3504,3504,3504,3504,3504,3504,3504,3504,52.22725296020508,51.664424896240234,50.746437072753906,50.540748596191406,50.871192932128906,50.67108154296875,50.3759765625,51.53656005859375,51.670379638671875,NaN,0,0,50,0,0,0,0,9.456055641174316,8589934592,1073741824,5322276864,290652160
209,1771649767621,3504,3504,3504,3504,3504,3504,3504,3504,52.22725296020508,51.664424896240234,50.746437072753906,50.540748596191406,50.871192932128906,50.67108154296875,50.3759765625,51.53656005859375,51.670379638671875,0,0,0,0,0,0,0,0,9.456055641174316,8589934592,1073741824,5322276864,290652160
202,1771649767831,3504,3504,3504,3504,3504,3504,3504,3504,52.22725296020508,51.664424896240234,50.746437072753906,50.540748596191406,50.871192932128906,50.67108154296875,50.3759765625,51.53656005859375,51.670379638671875,34.78260803222656,19.047618865966797,14.285715103149414,9.523809432983398,0,0,0,0,2.097639322280884,8589934592,1073741824,5322276864,290652160
207,1771649768034,3504,3504,3504,3504,3504,3504,3504,3504,52.22725296020508,51.664424896240234,50.746437072753906,50.540748596191406,50.871192932128906,50.67108154296875,50.3759765625,51.53656005859375,51.670379638671875,26.3157901763916,14.285715103149414,20,5,4.761904716491699,4.761904716491699,0,0,2.097639322280884,8589934592,1073741824,5322276864,290652160
208,1771649768242,3504,3504,3504,3504,3504,3504,3504,3504,51.09626388549805,50.50198745727539,49.56475067138672,49.333099365234375,49.56212615966797,49.382957458496094,49.16595458984375,50.274810791015625,50.4551887512207,14.285715103149414,20,5,14.285715103149414,0,0,0,0,2.097639322280884,8589934592,1073741824,5307056128,290652160
201,1771649768451,3504,3504,3504,3504,3504,3504,3504,3504,51.09626388549805,50.50198745727539,49.56475067138672,49.333099365234375,49.56212615966797,49.382957458496094,49.16595458984375,50.274810791015625,50.4551887512207,14.285715103149414,23.809524536132813,19.047618865966797,10,0,0,0,0,2.097639322280884,8589934592,1073741824,5309251584,290652160
202,1771649768652,3504,3504,3504,3504,3504,3504,3504,3504,51.09626388549805,50.50198745727539,49.56475067138672,49.333099365234375,49.56212615966797,49.382957458496094,49.16595458984375,50.274810791015625,50.4551887512207,66.66667175292969,65,65,60.000003814697266,75,71.42857360839844,66.66667175292969,78.94737243652344,2.585082530975342,8589934592,1073741824,5347115008,290652160
210,1771649768855,3504,3504,3504,3504,3504,3504,3504,3504,51.09626388549805,50.50198745727539,49.56475067138672,49.333099365234375,49.56212615966797,49.382957458496094,49.16595458984375,50.274810791015625,50.4551887512207,72.7272720336914,70,71.42857360839844,71.42857360839844,85.71428680419922,94.73684692382813,81.81818389892578,85.71428680419922,2.585082530975342,8589934592,1073741824,5354094592,290652160
204,1771649769066,3504,3504,3504,3504,3504,3504,3504,3504,51.09626388549805,50.50198745727539,49.56475067138672,49.333099365234375,49.56212615966797,49.382957458496094,49.16595458984375,50.274810791015625,50.4551887512207,75,70,75,71.42857360839844,90,90.90909576416016,85.71428680419922,85.71428680419922,2.585082530975342,8589934592,1073741824,5360549888,290652160
209,1771649769271,3504,3504,3504,3504,3504,3504,3504,3504,64.2643814086914,62.80952072143555,61.89988708496094,62.393043518066406,53.80288314819336,61.693389892578125,61.80000305175781,62.17524719238281,63.489933013916016,66.66667175292969,68.18181610107422,71.42857360839844,65,85.71428680419922,85.71428680419922,80,76.19047546386719,2.585082530975342,8589934592,1073741824,5348311040,290652160
209,1771649769480,3504,3504,3504,3504,3504,3504,3504,3504,64.2643814086914,62.80952072143555,61.89988708496094,62.393043518066406,53.80288314819336,61.693389892578125,61.80000305175781,62.17524719238281,63.489933013916016,71.42857360839844,70,71.42857360839844,68.18181610107422,90.47618865966797,85,85.71428680419922,90,2.585082530975342,8589934592,1073741824,5357928448,290652160
209,1771649769690,3504,3504,3504,3504,3504,3504,3504,3504,64.2643814086914,62.80952072143555,61.89988708496094,62.393043518066406,53.80288314819336,61.693389892578125,61.80000305175781,62.17524719238281,63.489933013916016,71.42857360839844,68.18181610107422,66.66667175292969,65,86.36363983154297,80.95238494873047,85.71428680419922,77.2727279663086,2.88751482963562,8589934592,1073741824,5363040256,290652160
207,1771649769900,3504,3504,3504,3504,3504,3504,3504,3504,64.2643814086914,62.80952072143555,61.89988708496094,62.393043518066406,53.80288314819336,61.693389892578125,61.80000305175781,62.17524719238281,63.489933013916016,76.19047546386719,75,76.19047546386719,76.19047546386719,90,90.47618865966797,90,80.95238494873047,2.88751482963562,8589934592,1073741824,5380521984,290652160
209,1771649770108,3504,3504,3504,3504,3504,3504,3504,3504,64.2643814086914,62.80952072143555,61.89988708496094,62.393043518066406,53.80288314819336,61.693389892578125,61.80000305175781,62.17524719238281,63.489933013916016,65,66.66667175292969,66.66667175292969,66.66667175292969,85,80.95238494873047,80.95238494873047,85.71428680419922,2.88751482963562,8589934592,1073741824,5122654208,290652160
202,1771649770318,3504,3504,3504,3504,3504,3504,3504,3504,78.28459167480469,76.87165832519531,75.94898223876953,76.58040618896484,62.61703109741211,75.82784271240234,76.01835632324219,76.27818298339844,78.1442642211914,71.42857360839844,68.18181610107422,70,66.66667175292969,81.81818389892578,85.71428680419922,81.81818389892578,85.71428680419922,2.88751482963562,8589934592,1073741824,5136351232,290652160
200,1771649770520,3504,3504,3504,3504,3504,3504,3504,3504,78.28459167480469,76.87165832519531,75.94898223876953,76.58040618896484,62.61703109741211,75.82784271240234,76.01835632324219,76.27818298339844,78.1442642211914,70,68.42105102539063,71.42857360839844,66.66667175292969,84.21052551269531,80,90,80,2.88751482963562,8589934592,1073741824,5100257280,290652160
200,1771649770720,3504,3504,3504,3504,3504,3504,3504,3504,78.28459167480469,76.87165832519531,75.94898223876953,76.58040618896484,62.61703109741211,75.82784271240234,76.01835632324219,76.27818298339844,78.1442642211914,70,68.42105102539063,70,70,90,80.95238494873047,80,85,9.853392601013184,8589934592,1073741824,5098061824,290652160
209,1771649770920,3504,3504,3504,3504,3504,3504,3504,3504,78.28459167480469,76.87165832519531,75.94898223876953,76.58040618896484,62.61703109741211,75.82784271240234,76.01835632324219,76.27818298339844,78.1442642211914,66.66667175292969,66.66667175292969,65,68.42105102539063,90,84.21052551269531,80,80,9.853392601013184,8589934592,1073741824,5157699584,290652160
212,1771649771130,3504,3504,3504,3504,3504,3504,3504,3504,78.28459167480469,76.87165832519531,75.94898223876953,76.58040618896484,62.61703109741211,75.82784271240234,76.01835632324219,76.27818298339844,78.1442642211914,75,71.42857360839844,71.42857360839844,71.42857360839844,90.47618865966797,85.71428680419922,85.71428680419922,85.71428680419922,9.853392601013184,8589934592,1073741824,5109104640,290652160
209,1771649771343,3504,3504,3504,3504,3504,3504,3504,3504,81.21833801269531,79.86953735351563,79.02369689941406,79.56167602539063,65.23560333251953,78.66693878173828,78.90386199951172,79.00696563720703,81.11904907226563,71.42857360839844,68.18181610107422,66.66667175292969,68.18181610107422,81.81818389892578,90.47618865966797,80.95238494873047,80.95238494873047,9.853392601013184,8589934592,1073741824,5088051200,290652160
200,1771649771553,3504,3504,3504,3504,3504,3504,3504,3504,81.21833801269531,79.86953735351563,79.02369689941406,79.56167602539063,65.23560333251953,78.66693878173828,78.90386199951172,79.00696563720703,81.11904907226563,76.19047546386719,70,68.18181610107422,70,85.71428680419922,86.36363983154297,80.95238494873047,90,9.853392601013184,8589934592,1073741824,5110071296,290652160
209,1771649771754,3504,3504,3504,3504,3504,3504,3504,3504,81.21833801269531,79.86953735351563,79.02369689941406,79.56167602539063,65.23560333251953,78.66693878173828,78.90386199951172,79.00696563720703,81.11904907226563,70,66.66667175292969,68.42105102539063,66.66667175292969,80,85,85,80.95238494873047,18.77416229248047,8589934592,1073741824,5088722944,290652160
206,1771649771964,3504,3504,3504,3504,3504,3504,3504,3504,81.21833801269531,79.86953735351563,79.02369689941406,79.56167602539063,65.23560333251953,78.66693878173828,78.90386199951172,79.00696563720703,81.11904907226563,71.42857360839844,68.42105102539063,70,65,90.47618865966797,85,85.71428680419922,80.95238494873047,18.77416229248047,8589934592,1073741824,5127684096,290652160
209,1771649772170,3504,3504,3504,3504,3504,3504,3504,3504,82.97183227539063,81.20834350585938,80.56224822998047,81.29926300048828,66.84498596191406,80.14907836914063,80.37908935546875,80.55950164794922,82.58358001708984,68.18181610107422,68.18181610107422,68.18181610107422,68.18181610107422,80.95238494873047,85,80.95238494873047,76.19047546386719,18.77416229248047,8589934592,1073741824,5127684096,290652160
209,1771649772380,3504,3504,3504,3504,3504,3504,3504,3504,82.97183227539063,81.20834350585938,80.56224822998047,81.29926300048828,66.84498596191406,80.14907836914063,80.37908935546875,80.55950164794922,82.58358001708984,70,70,70,70,85,81.81818389892578,90.47618865966797,85,18.77416229248047,8589934592,1073741824,5160943616,290652160
210,1771649772590,3504,3504,3504,3504,3504,3504,3504,3504,82.97183227539063,81.20834350585938,80.56224822998047,81.29926300048828,66.84498596191406,80.14907836914063,80.37908935546875,80.55950164794922,82.58358001708984,66.66667175292969,71.42857360839844,66.66667175292969,61.904762268066406,81.81818389892578,80.95238494873047,90,77.2727279663086,18.77416229248047,8589934592,1073741824,5101322240,290652160
203,1771649772801,3504,3504,3504,3504,3504,3504,3504,3504,82.97183227539063,81.20834350585938,80.56224822998047,81.29926300048828,66.84498596191406,80.14907836914063,80.37908935546875,80.55950164794922,82.58358001708984,76.19047546386719,71.42857360839844,66.66667175292969,70,85.71428680419922,85.71428680419922,81.81818389892578,80.95238494873047,19.545583724975586,8589934592,1073741824,5119131648,290652160
209,1771649773005,3504,3504,3504,3504,3504,3504,3504,3504,82.97183227539063,81.20834350585938,80.56224822998047,81.29926300048828,66.84498596191406,80.14907836914063,80.37908935546875,80.55950164794922,82.58358001708984,70,71.42857360839844,70,72.7272720336914,95,85.71428680419922,85,85,19.545583724975586,8589934592,1073741824,5117444096,290652160
209,1771649773215,3504,3504,3504,3504,3504,3504,3504,3504,84.15042114257813,82.74724578857422,81.9318618774414,82.4971923828125,68.09111785888672,81.65293884277344,81.74250793457031,82.21981048583984,83.92831420898438,76.19047546386719,70,76.19047546386719,70,95,80,90,80.95238494873047,19.545583724975586,8589934592,1073741824,5117444096,290652160
209,1771649773425,3504,3504,3504,3504,3504,3504,3504,3504,84.15042114257813,82.74724578857422,81.9318618774414,82.4971923828125,68.09111785888672,81.65293884277344,81.74250793457031,82.21981048583984,83.92831420898438,71.42857360839844,68.18181610107422,66.66667175292969,68.18181610107422,86.36363983154297,80.95238494873047,90.47618865966797,80.95238494873047,19.545583724975586,8589934592,1073741824,5126324224,290652160
209,1771649773635,3504,3504,3504,3504,3504,3504,3504,3504,84.15042114257813,82.74724578857422,81.9318618774414,82.4971923828125,68.09111785888672,81.65293884277344,81.74250793457031,82.21981048583984,83.92831420898438,57.142860412597656,60.000003814697266,50,57.894737243652344,63.6363639831543,72.7272720336914,63.6363639831543,57.142860412597656,19.545583724975586,8589934592,1073741824,5107695616,290652160
209,1771649773845,3504,3504,3504,3504,3504,3504,3504,3504,84.15042114257813,82.74724578857422,81.9318618774414,82.4971923828125,68.09111785888672,81.65293884277344,81.74250793457031,82.21981048583984,83.92831420898438,15.000000953674316,14.285715103149414,5,27.272727966308594,10,10,4.761904716491699,0,18.88562774658203,8589934592,1073741824,5103501312,290652160
205,1771649774055,3504,3504,3504,3504,3504,3504,3504,3504,84.15042114257813,82.74724578857422,81.9318618774414,82.4971923828125,68.09111785888672,81.65293884277344,81.74250793457031,82.21981048583984,83.92831420898438,22.72727394104004,14.285715103149414,13.636363983154297,19.047618865966797,0,4.761904716491699,0,0,18.88562774658203,8589934592,1073741824,5103501312,290652160
208,1771649774261,3504,3504,3504,3504,3504,3504,3504,3504,72.69526672363281,71.76123046875,70.74566650390625,70.94983673095703,64.30146026611328,70.31549072265625,69.91020965576172,70.95718383789063,71.75969696044922,15.000000953674316,19.047618865966797,5.263157844543457,19.047618865966797,0,0,0,0,18.88562774658203,8589934592,1073741824,5103140864,290652160
200,1771649774469,3504,3504,3504,3504,3504,3504,3504,3504,72.69526672363281,71.76123046875,70.74566650390625,70.94983673095703,64.30146026611328,70.31549072265625,69.91020965576172,70.95718383789063,71.75969696044922,10,23.809524536132813,13.636363983154297,15.000000953674316,0,0,0,0,18.88562774658203,8589934592,1073741824,5103173632,290652160
200,1771649774670,3504,3504,3504,3504,3504,3504,3504,3504,72.69526672363281,71.76123046875,70.74566650390625,70.94983673095703,64.30146026611328,70.31549072265625,69.91020965576172,70.95718383789063,71.75969696044922,15.000000953674316,20,10.526315689086914,15.000000953674316,0,0,0,0,19.517253875732422,8589934592,1073741824,5103190016,290652160
209,1771649774871,3504,3504,3504,3504,3504,3504,3504,3504,72.69526672363281,71.76123046875,70.74566650390625,70.94983673095703,64.30146026611328,70.31549072265625,69.91020965576172,70.95718383789063,71.75969696044922,15.000000953674316,15.789472579956055,9.523809432983398,15.000000953674316,0,0,0,0,19.517253875732422,8589934592,1073741824,5103468544,290652160
204,1771649775081,3504,3504,3504,3504,3504,3504,3504,3504,72.69526672363281,71.76123046875,70.74566650390625,70.94983673095703,64.30146026611328,70.31549072265625,69.91020965576172,70.95718383789063,71.75969696044922,19.047618865966797,27.272727966308594,14.285715103149414,23.809524536132813,0,0,0,0,19.517253875732422,8589934592,1073741824,5103403008,290652160
201,1771649775286,3504,3504,3504,3504,3504,3504,3504,3504,55.721107482910156,55.52509689331055,54.292877197265625,54.13862609863281,54.316856384277344,54.18659973144531,53.86583709716797,54.97967529296875,55.1859130859375,14.285715103149414,15.789472579956055,5.263157844543457,15.000000953674316,0,0,0,0,19.517253875732422,8589934592,1073741824,5103173632,290652160
207,1771649775487,3504,3504,3504,3504,3504,3504,3504,3504,55.721107482910156,55.52509689331055,54.292877197265625,54.13862609863281,54.316856384277344,54.18659973144531,53.86583709716797,54.97967529296875,55.1859130859375,21.052631378173828,23.809524536132813,15.000000953674316,19.047618865966797,0,0,0,0,19.517253875732422,8589934592,1073741824,5103206400,290652160
207,1771649775695,3504,3504,3504,3504,3504,3504,3504,3504,55.721107482910156,55.52509689331055,54.292877197265625,54.13862609863281,54.316856384277344,54.18659973144531,53.86583709716797,54.97967529296875,55.1859130859375,36.3636360168457,10,18.18181800842285,10,0,0,0,0,12.053886413574219,8589934592,1073741824,5103206400,290652160
202,1771649775904,3504,3504,3504,3504,3504,3504,3504,3504,55.721107482910156,55.52509689331055,54.292877197265625,54.13862609863281,54.316856384277344,54.18659973144531,53.86583709716797,54.97967529296875,55.1859130859375,23.809524536132813,14.285715103149414,5,19.047618865966797,0,0,0,0,12.053886413574219,8589934592,1073741824,5103058944,290652160
206,1771649776107,3504,3504,3504,3504,3504,3504,3504,3504,55.721107482910156,55.52509689331055,54.292877197265625,54.13862609863281,54.316856384277344,54.18659973144531,53.86583709716797,54.97967529296875,55.1859130859375,26.3157901763916,15.000000953674316,15.000000953674316,14.285715103149414,0,0,0,0,12.053886413574219,8589934592,1073741824,5103108096,290652160
206,1771649776314,3504,3504,3504,3504,3504,3504,3504,3504,52.72301483154297,52.24387741088867,51.25856018066406,51.13513946533203,51.3960075378418,51.22200012207031,50.91267395019531,52.00487518310547,52.215675354003906,28.571430206298828,14.285715103149414,14.285715103149414,5.263157844543457,0,0,0,0,12.053886413574219,8589934592,1073741824,5103124480,290652160
207,1771649776521,3504,3504,3504,3504,3504,3504,3504,3504,52.72301483154297,52.24387741088867,51.25856018066406,51.13513946533203,51.3960075378418,51.22200012207031,50.91267395019531,52.00487518310547,52.215675354003906,25,10,10,13.636363983154297,0,0,0,0,12.053886413574219,8589934592,1073741824,5103140864,290652160
209,1771649776728,3504,3504,3504,3504,3504,3504,3504,3504,52.72301483154297,52.24387741088867,51.25856018066406,51.13513946533203,51.3960075378418,51.22200012207031,50.91267395019531,52.00487518310547,52.215675354003906,28.571430206298828,19.047618865966797,14.285715103149414,10,0,4.545454502105713,0,0,1.9135775566101074,8589934592,1073741824,5103108096,290652160
209,1771649776938,3504,3504,3504,3504,3504,3504,3504,3504,52.72301483154297,52.24387741088867,51.25856018066406,51.13513946533203,51.3960075378418,51.22200012207031,50.91267395019531,52.00487518310547,52.215675354003906,27.272727966308594,14.285715103149414,9.523809432983398,4.761904716491699,0,0,0,0,1.9135775566101074,8589934592,1073741824,5103058944,290652160
209,1771649777148,3504,3504,3504,3504,3504,3504,3504,3504,51.01634216308594,50.350372314453125,49.519134521484375,49.3616943359375,49.71742248535156,49.40605163574219,49.213584899902344,50.332950592041016,50.45113754272461,28.571430206298828,14.285715103149414,9.523809432983398,13.636363983154297,0,0,0,0,1.9135775566101074,8589934592,1073741824,5102960640,290652160
202,1771649777358,3504,3504,3504,3504,3504,3504,3504,3504,51.01634216308594,50.350372314453125,49.519134521484375,49.3616943359375,49.71742248535156,49.40605163574219,49.213584899902344,50.332950592041016,50.45113754272461,21.052631378173828,30.000001907348633,19.047618865966797,20,0,0,0,0,1.9135775566101074,8589934592,1073741824,5100158976,290652160
209,1771649777561,3504,3504,3504,3504,3504,3504,3504,3504,51.01634216308594,50.350372314453125,49.519134521484375,49.3616943359375,49.71742248535156,49.40605163574219,49.213584899902344,50.332950592041016,50.45113754272461,15.000000953674316,23.809524536132813,10,15.000000953674316,0,0,0,0,1.9135775566101074,8589934592,1073741824,5100306432,290652160
202,1771649777770,3504,3504,3504,3504,3504,3504,3504,3504,51.01634216308594,50.350372314453125,49.519134521484375,49.3616943359375,49.71742248535156,49.40605163574219,49.213584899902344,50.332950592041016,50.45113754272461,18.18181800842285,23.809524536132813,14.285715103149414,14.285715103149414,0,0,0,0,2.3696210384368896,8589934592,1073741824,5100322816,290652160
209,1771649777973,3504,3504,3504,3504,3504,3504,3504,3504,51.01634216308594,50.350372314453125,49.519134521484375,49.3616943359375,49.71742248535156,49.40605163574219,49.213584899902344,50.332950592041016,50.45113754272461,15.000000953674316,20,10,19.047618865966797,0,0,0,0,2.3696210384368896,8589934592,1073741824,5100421120,290652160
201,1771649778183,3504,3504,3504,3504,3504,3504,3504,3504,49.770137786865234,49.25824737548828,48.27995300292969,48.074127197265625,48.53989028930664,48.35298156738281,47.97161865234375,49.144325256347656,49.18763732910156,15.000000953674316,14.285715103149414,14.285715103149414,10,4.761904716491699,0,0,0,2.3696210384368896,8589934592,1073741824,5100421120,290652160
210,1771649778385,3504,3504,3504,3504,3504,3504,3504,3504,49.770137786865234,49.25824737548828,48.27995300292969,48.074127197265625,48.53989028930664,48.35298156738281,47.97161865234375,49.144325256347656,49.18763732910156,19.047618865966797,25,10,15.000000953674316,0,0,0,0,2.3696210384368896,8589934592,1073741824,5100421120,290652160
209,1771649778596,3504,3504,3504,3504,3504,3504,3504,3504,49.770137786865234,49.25824737548828,48.27995300292969,48.074127197265625,48.53989028930664,48.35298156738281,47.97161865234375,49.144325256347656,49.18763732910156,20,23.809524536132813,19.047618865966797,22.72727394104004,9.523809432983398,14.285715103149414,13.636363983154297,13.636363983154297,2.3696210384368896,8589934592,1073741824,5067636736,290652160
209,1771649778806,3504,3504,3504,3504,3504,3504,3504,3504,49.770137786865234,49.25824737548828,48.27995300292969,48.074127197265625,48.53989028930664,48.35298156738281,47.97161865234375,49.144325256347656,49.18763732910156,71.42857360839844,65,65,66.66667175292969,80.95238494873047,90,80.95238494873047,76.19047546386719,2.235766887664795,8589934592,1073741824,5178392576,290652160
204,1771649779015,3504,3504,3504,3504,3504,3504,3504,3504,49.770137786865234,49.25824737548828,48.27995300292969,48.074127197265625,48.53989028930664,48.35298156738281,47.97161865234375,49.144325256347656,49.18763732910156,71.42857360839844,66.66667175292969,66.66667175292969,66.66667175292969,85.71428680419922,80.95238494873047,85.71428680419922,81.81818389892578,2.235766887664795,8589934592,1073741824,5136498688,290652160
209,1771649779220,3504,3504,3504,3504,3504,3504,3504,3504,60.951499938964844,59.64139938354492,58.781227111816406,59.24115753173828,52.05024337768555,58.894325256347656,58.87769317626953,59.52900695800781,60.37960433959961,76.19047546386719,71.42857360839844,71.42857360839844,70,85,85.71428680419922,95,89.47368621826172,2.235766887664795,8589934592,1073741824,5128060928,290652160
206,1771649779430,3504,3504,3504,3504,3504,3504,3504,3504,60.951499938964844,59.64139938354492,58.781227111816406,59.24115753173828,52.05024337768555,58.894325256347656,58.87769317626953,59.52900695800781,60.37960433959961,71.42857360839844,76.19047546386719,72.7272720336914,71.42857360839844,90.47618865966797,85,80,85.71428680419922,2.235766887664795,8589934592,1073741824,5149163520,290652160
214,1771649779637,3504,3504,3504,3504,3504,3504,3504,3504,60.951499938964844,59.64139938354492,58.781227111816406,59.24115753173828,52.05024337768555,58.894325256347656,58.87769317626953,59.52900695800781,60.37960433959961,71.42857360839844,66.66667175292969,65,70,85.71428680419922,85.71428680419922,90.90909576416016,85.71428680419922,2.213031768798828,8589934592,1073741824,5159763968,290652160
205,1771649779856,3504,3504,3504,3504,3504,3504,3504,3504,60.951499938964844,59.64139938354492,58.781227111816406,59.24115753173828,52.05024337768555,58.894325256347656,58.87769317626953,59.52900695800781,60.37960433959961,71.42857360839844,72.7272720336914,68.18181610107422,72.7272720336914,86.36363983154297,86.36363983154297,86.36363983154297,86.36363983154297,2.213031768798828,8589934592,1073741824,5176213504,290652160
212,1771649780061,3504,3504,3504,3504,3504,3504,3504,3504,60.951499938964844,59.64139938354492,58.781227111816406,59.24115753173828,52.05024337768555,58.894325256347656,58.87769317626953,59.52900695800781,60.37960433959961,76.19047546386719,71.42857360839844,75,70,90,80.95238494873047,85,85.71428680419922,2.213031768798828,8589934592,1073741824,5112283136,290652160
207,1771649780274,3504,3504,3504,3504,3504,3504,3504,3504,77.90724182128906,76.48971557617188,75.59123992919922,76.21190643310547,62.06593322753906,75.63368225097656,75.78118133544922,76.00595092773438,77.9677734375,71.42857360839844,71.42857360839844,71.42857360839844,77.2727279663086,85.71428680419922,90,85.71428680419922,80.95238494873047,2.213031768798828,8589934592,1073741824,5127684096,290652160
205,1771649780481,3504,3504,3504,3504,3504,3504,3504,3504,77.90724182128906,76.48971557617188,75.59123992919922,76.21190643310547,62.06593322753906,75.63368225097656,75.78118133544922,76.00595092773438,77.9677734375,76.19047546386719,70,70,70,80.95238494873047,86.36363983154297,90.47618865966797,90,2.213031768798828,8589934592,1073741824,5150441472,290652160
214,1771649780687,3504,3504,3504,3504,3504,3504,3504,3504,77.90724182128906,76.48971557617188,75.59123992919922,76.21190643310547,62.06593322753906,75.63368225097656,75.78118133544922,76.00595092773438,77.9677734375,75,71.42857360839844,72.7272720336914,71.42857360839844,90.47618865966797,90,85.71428680419922,80.95238494873047,10.762319564819336,8589934592,1073741824,5106171904,290652160
209,1771649780902,3504,3504,3504,3504,3504,3504,3504,3504,77.90724182128906,76.48971557617188,75.59123992919922,76.21190643310547,62.06593322753906,75.63368225097656,75.78118133544922,76.00595092773438,77.9677734375,66.66667175292969,70,66.66667175292969,68.18181610107422,81.81818389892578,81.81818389892578,85.71428680419922,86.36363983154297,10.762319564819336,8589934592,1073741824,5126291456,290652160
208,1771649781112,3504,3504,3504,3504,3504,3504,3504,3504,77.90724182128906,76.48971557617188,75.59123992919922,76.21190643310547,62.06593322753906,75.63368225097656,75.78118133544922,76.00595092773438,77.9677734375,76.19047546386719,68.18181610107422,71.42857360839844,70,85,85.71428680419922,81.81818389892578,85,10.762319564819336,8589934592,1073741824,5126291456,290652160
209,1771649781321,3504,3504,3504,3504,3504,3504,3504,3504,81.31602478027344,79.34954071044922,78.60105895996094,79.49226379394531,65.05353546142578,78.87557983398438,79.09545135498047,79.29596710205078,81.30664825439453,66.66667175292969,65,66.66667175292969,66.66667175292969,85,80.95238494873047,80.95238494873047,80.95238494873047,10.762319564819336,8589934592,1073741824,5126291456,290652160
206,1771649781530,3504,3504,3504,3504,3504,3504,3504,3504,81.31602478027344,79.34954071044922,78.60105895996094,79.49226379394531,65.05353546142578,78.87557983398438,79.09545135498047,79.29596710205078,81.30664825439453,81.81818389892578,80.95238494873047,80,76.19047546386719,91.30435180664063,100,95,90.47618865966797,10.762319564819336,8589934592,1073741824,5126291456,290652160
205,1771649781737,3504,3504,3504,3504,3504,3504,3504,3504,81.31602478027344,79.34954071044922,78.60105895996094,79.49226379394531,65.05353546142578,78.87557983398438,79.09545135498047,79.29596710205078,81.30664825439453,75,71.42857360839844,71.42857360839844,72.7272720336914,90,85.71428680419922,80.95238494873047,85.71428680419922,19.019033432006836,8589934592,1073741824,5109923840,290652160
202,1771649781943,3504,3504,3504,3504,3504,3504,3504,3504,81.31602478027344,79.34954071044922,78.60105895996094,79.49226379394531,65.05353546142578,78.87557983398438,79.09545135498047,79.29596710205078,81.30664825439453,65,71.42857360839844,66.66667175292969,68.42105102539063,85,85.71428680419922,85,80,19.019033432006836,8589934592,1073741824,5087559680,290652160
209,1771649782146,3504,3504,3504,3504,3504,3504,3504,3504,83.49637603759766,82.02823638916016,80.95327758789063,81.51143646240234,67.03728485107422,80.01212310791016,80.40982055664063,80.71418762207031,83.03852844238281,76.19047546386719,70,70,70,95.23809814453125,85,85,85.71428680419922,19.019033432006836,8589934592,1073741824,5151588352,290652160
208,1771649782356,3504,3504,3504,3504,3504,3504,3504,3504,83.49637603759766,82.02823638916016,80.95327758789063,81.51143646240234,67.03728485107422,80.01212310791016,80.40982055664063,80.71418762207031,83.03852844238281,76.19047546386719,71.42857360839844,71.42857360839844,72.7272720336914,90,90.47618865966797,81.81818389892578,85,19.019033432006836,8589934592,1073741824,5115576320,290652160
210,1771649782564,3504,3504,3504,3504,3504,3504,3504,3504,83.49637603759766,82.02823638916016,80.95327758789063,81.51143646240234,67.03728485107422,80.01212310791016,80.40982055664063,80.71418762207031,83.03852844238281,70,70,70,65,80.95238494873047,85,90,85.71428680419922,19.019033432006836,8589934592,1073741824,5116051456,290652160
206,1771649782774,3504,3504,3504,3504,3504,3504,3504,3504,83.49637603759766,82.02823638916016,80.95327758789063,81.51143646240234,67.03728485107422,80.01212310791016,80.40982055664063,80.71418762207031,83.03852844238281,77.2727279663086,72.7272720336914,72.7272720336914,72.7272720336914,90.47618865966797,90.90909576416016,86.36363983154297,86.36363983154297,19.40342140197754,8589934592,1073741824,5131452416,290652160
212,1771649782981,3504,3504,3504,3504,3504,3504,3504,3504,83.49637603759766,82.02823638916016,80.95327758789063,81.51143646240234,67.03728485107422,80.01212310791016,80.40982055664063,80.71418762207031,83.03852844238281,75,73.68421173095703,71.42857360839844,70,90.47618865966797,95,80,80,19.40342140197754,8589934592,1073741824,5119590400,290652160
200,1771649783194,3504,3504,3504,3504,3504,3504,3504,3504,85.76195526123047,83.57868957519531,82.94559478759766,83.84613800048828,68.52275848388672,82.18317413330078,82.37969970703125,82.52351379394531,84.662109375,71.42857360839844,73.91304016113281,68.18181610107422,68.18181610107422,85.71428680419922,90.90909576416016,86.36363983154297,77.2727279663086,19.40342140197754,8589934592,1073741824,5167497216,290652160
208,1771649783395,3504,3504,3504,3504,3504,3504,3504,3504,85.76195526123047,83.57868957519531,82.94559478759766,83.84613800048828,68.52275848388672,82.18317413330078,82.37969970703125,82.52351379394531,84.662109375,70,73.68421173095703,72.22222137451172,70,90,85,85,84.21052551269531,19.40342140197754,8589934592,1073741824,5130420224,290652160
209,1771649783604,3504,3504,3504,3504,3504,3504,3504,3504,85.76195526123047,83.57868957519531,82.94559478759766,83.84613800048828,68.52275848388672,82.18317413330078,82.37969970703125,82.52351379394531,84.662109375,68.18181610107422,63.6363639831543,63.6363639831543,65,90,85.71428680419922,80,77.2727279663086,19.40342140197754,8589934592,1073741824,5106335744,290652160
204,1771649783814,3504,3504,3504,3504,3504,3504,3504,3504,85.76195526123047,83.57868957519531,82.94559478759766,83.84613800048828,68.52275848388672,82.18317413330078,82.37969970703125,82.52351379394531,84.662109375,60.000003814697266,50,52.38095474243164,47.619049072265625,59.09090805053711,52.38095474243164,52.38095474243164,60.000003814697266,19.483407974243164,8589934592,1073741824,5124685824,290652160
201,1771649784019,3504,3504,3504,3504,3504,3504,3504,3504,85.76195526123047,83.57868957519531,82.94559478759766,83.84613800048828,68.52275848388672,82.18317413330078,82.37969970703125,82.52351379394531,84.662109375,20,14.285715103149414,14.285715103149414,5,0,0,4.761904716491699,0,19.483407974243164,8589934592,1073741824,5102600192,290652160
209,1771649784221,3504,3504,3504,3504,3504,3504,3504,3504,76.9505386352539,76.0264663696289,75.04969024658203,75.3165054321289,66.2293930053711,74.13545227050781,74.18792724609375,74.74907684326172,76.31787872314453,19.047618865966797,15.000000953674316,5.263157844543457,9.523809432983398,0,0,0,0,19.483407974243164,8589934592,1073741824,5102600192,290652160
208,1771649784431,3504,3504,3504,3504,3504,3504,3504,3504,76.9505386352539,76.0264663696289,75.04969024658203,75.3165054321289,66.2293930053711,74.13545227050781,74.18792724609375,74.74907684326172,76.31787872314453,23.809524536132813,14.285715103149414,9.523809432983398,15.000000953674316,0,0,0,0,19.483407974243164,8589934592,1073741824,5102600192,290652160
204,1771649784639,3504,3504,3504,3504,3504,3504,3504,3504,76.9505386352539,76.0264663696289,75.04969024658203,75.3165054321289,66.2293930053711,74.13545227050781,74.18792724609375,74.74907684326172,76.31787872314453,15.000000953674316,10,9.523809432983398,18.18181800842285,0,0,0,0,19.8175048828125,8589934592,1073741824,5102600192,290652160
203,1771649784844,3504,3504,3504,3504,3504,3504,3504,3504,76.9505386352539,76.0264663696289,75.04969024658203,75.3165054321289,66.2293930053711,74.13545227050781,74.18792724609375,74.74907684326172,76.31787872314453,15.000000953674316,15.000000953674316,10,15.000000953674316,0,0,0,0,19.8175048828125,8589934592,1073741824,5099520000,290652160
203,1771649785048,3504,3504,3504,3504,3504,3504,3504,3504,76.9505386352539,76.0264663696289,75.04969024658203,75.3165054321289,66.2293930053711,74.13545227050781,74.18792724609375,74.74907684326172,76.31787872314453,20,15.000000953674316,14.285715103149414,15.000000953674316,0,0,0,0,19.8175048828125,8589934592,1073741824,5099585536,290652160
208,1771649785252,3504,3504,3504,3504,3504,3504,3504,3504,56.735904693603516,56.435951232910156,55.263145446777344,55.14318084716797,55.25692367553711,55.18937683105469,54.83799743652344,55.95935821533203,56.23724365234375,23.809524536132813,19.047618865966797,10,20,0,0,0,0,19.8175048828125,8589934592,1073741824,5099372544,290652160
209,1771649785461,3504,3504,3504,3504,3504,3504,3504,3504,56.735904693603516,56.435951232910156,55.263145446777344,55.14318084716797,55.25692367553711,55.18937683105469,54.83799743652344,55.95935821533203,56.23724365234375,19.047618865966797,9.523809432983398,9.523809432983398,14.285715103149414,0,0,0,0,19.8175048828125,8589934592,1073741824,5099388928,290652160
202,1771649785672,3504,3504,3504,3504,3504,3504,3504,3504,56.735904693603516,56.435951232910156,55.263145446777344,55.14318084716797,55.25692367553711,55.18937683105469,54.83799743652344,55.95935821533203,56.23724365234375,15.000000953674316,19.047618865966797,9.523809432983398,22.72727394104004,0,0,0,0,12.315424919128418,8589934592,1073741824,5099503616,290652160
204,1771649785875,3504,3504,3504,3504,3504,3504,3504,3504,56.735904693603516,56.435951232910156,55.263145446777344,55.14318084716797,55.25692367553711,55.18937683105469,54.83799743652344,55.95935821533203,56.23724365234375,19.047618865966797,23.809524536132813,10.526315689086914,10.526315689086914,9.523809432983398,9.523809432983398,0,0,12.315424919128418,8589934592,1073741824,5102403584,290652160
205,1771649786080,3504,3504,3504,3504,3504,3504,3504,3504,56.735904693603516,56.435951232910156,55.263145446777344,55.14318084716797,55.25692367553711,55.18937683105469,54.83799743652344,55.95935821533203,56.23724365234375,15.000000953674316,15.789472579956055,14.285715103149414,22.72727394104004,15.789472579956055,4.761904716491699,0,0,12.315424919128418,8589934592,1073741824,5104648192,290652160
201,1771649786285,3504,3504,3504,3504,3504,3504,3504,3504,53.4708366394043,53.30443572998047,52.17913818359375,51.97510528564453,52.103878021240234,51.84934997558594,51.592002868652344,52.64796829223633,52.9047737121582,14.285715103149414,19.047618865966797,9.523809432983398,10.526315689086914,0,0,0,0,12.315424919128418,8589934592,1073741824,5104664576,290652160
204,1771649786487,3504,3504,3504,3504,3504,3504,3504,3504,53.4708366394043,53.30443572998047,52.17913818359375,51.97510528564453,52.103878021240234,51.84934997558594,51.592002868652344,52.64796829223633,52.9047737121582,15.789472579956055,21.052631378173828,15.000000953674316,14.285715103149414,4.761904716491699,0,0,0,12.315424919128418,8589934592,1073741824,5101830144,290652160
209,1771649786692,3504,3504,3504,3504,3504,3504,3504,3504,53.4708366394043,53.30443572998047,52.17913818359375,51.97510528564453,52.103878021240234,51.84934997558594,51.592002868652344,52.64796829223633,52.9047737121582,15.000000953674316,27.272727966308594,14.285715103149414,5,0,0,0,0,1.970523715019226,8589934592,1073741824,5099929600,290652160
201,1771649786902,3504,3504,3504,3504,3504,3504,3504,3504,53.4708366394043,53.30443572998047,52.17913818359375,51.97510528564453,52.103878021240234,51.84934997558594,51.592002868652344,52.64796829223633,52.9047737121582,27.272727966308594,19.047618865966797,5.263157844543457,9.090909004211426,0,0,0,0,1.970523715019226,8589934592,1073741824,5099913216,290652160
202,1771649787104,3504,3504,3504,3504,3504,3504,3504,3504,53.4708366394043,53.30443572998047,52.17913818359375,51.97510528564453,52.103878021240234,51.84934997558594,51.592002868652344,52.64796829223633,52.9047737121582,26.3157901763916,15.789472579956055,14.285715103149414,5.263157844543457,0,0,0,0,1.970523715019226,8589934592,1073741824,5100011520,290652160
209,1771649787307,3504,3504,3504,3504,3504,3504,3504,3504,51.55315399169922,50.92402267456055,50.06611633300781,49.92340850830078,50.28310775756836,49.99567413330078,49.75694274902344,50.89612579345703,51.0349006652832,28.571430206298828,15.000000953674316,14.285715103149414,14.285715103149414,0,0,0,0,1.970523715019226,8589934592,1073741824,5100027904,290652160
205,1771649787517,3504,3504,3504,3504,3504,3504,3504,3504,51.55315399169922,50.92402267456055,50.06611633300781,49.92340850830078,50.28310775756836,49.99567413330078,49.75694274902344,50.89612579345703,51.0349006652832,23.809524536132813,14.285715103149414,10,5,0,0,0,0,1.970523715019226,8589934592,1073741824,5100027904,290652160
203,1771649787722,3504,3504,3504,3504,3504,3504,3504,3504,51.55315399169922,50.92402267456055,50.06611633300781,49.92340850830078,50.28310775756836,49.99567413330078,49.75694274902344,50.89612579345703,51.0349006652832,30.000001907348633,14.285715103149414,14.285715103149414,9.523809432983398,0,0,0,0,2.346318244934082,8589934592,1073741824,5100027904,290652160
209,1771649787927,3504,3504,3504,3504,3504,3504,3504,3504,51.55315399169922,50.92402267456055,50.06611633300781,49.92340850830078,50.28310775756836,49.99567413330078,49.75694274902344,50.89612579345703,51.0349006652832,30.000001907348633,25,21.052631378173828,19.047618865966797,0,0,0,0,2.346318244934082,8589934592,1073741824,5100568576,290652160
206,1771649788137,3504,3504,3504,3504,3504,3504,3504,3504,51.55315399169922,49.74607849121094,48.80363464355469,48.661651611328125,49.05070114135742,48.82128143310547,48.54444885253906,49.62433624267578,49.75450897216797,23.809524536132813,14.285715103149414,18.18181800842285,5.263157844543457,15.000000953674316,9.523809432983398,9.090909004211426,4.761904716491699,2.346318244934082,8589934592,1073741824,5102125056,290652160
209,1771649788344,3504,3504,3504,3504,3504,3504,3504,3504,50.311607360839844,49.74607849121094,48.80363464355469,48.661651611328125,49.05070114135742,48.82128143310547,48.54444885253906,49.62433624267578,49.75450897216797,28.571430206298828,20,10,13.636363983154297,0,0,0,0,2.346318244934082,8589934592,1073741824,5102125056,290652160
201,1771649788554,3504,3504,3504,3504,3504,3504,3504,3504,50.311607360839844,49.74607849121094,48.80363464355469,48.661651611328125,49.05070114135742,48.82128143310547,48.54444885253906,49.62433624267578,49.75450897216797,23.809524536132813,25,19.047618865966797,14.285715103149414,4.761904716491699,4.761904716491699,4.761904716491699,4.761904716491699,2.346318244934082,8589934592,1073741824,5095161856,290652160
202,1771649788755,3504,3504,3504,3504,3504,3504,3504,3504,50.311607360839844,49.74607849121094,48.80363464355469,48.661651611328125,49.05070114135742,48.82128143310547,48.54444885253906,49.62433624267578,49.75450897216797,40,33.333335876464844,25,35,38.095237731933594,35,35,33.333335876464844,2.326674699783325,8589934592,1073741824,5090951168,290652160
209,1771649788958,3504,3504,3504,3504,3504,3504,3504,3504,50.311607360839844,49.74607849121094,48.80363464355469,48.661651611328125,49.05070114135742,48.82128143310547,48.54444885253906,49.62433624267578,49.75450897216797,70,71.42857360839844,65,65,89.47368621826172,85,85,80,2.326674699783325,8589934592,1073741824,5129158656,290652160
202,1771649789168,3504,3504,3504,3504,3504,3504,3504,3504,58.932884216308594,58.09492492675781,57.064903259277344,57.20769500732422,51.51025390625,57.01972198486328,56.86078643798828,57.62655258178711,58.27215576171875,76.19047546386719,70,71.42857360839844,75,90.47618865966797,86.36363983154297,90.47618865966797,80.95238494873047,2.326674699783325,8589934592,1073741824,5160976384,290652160
204,1771649789370,3504,3504,3504,3504,3504,3504,3504,3504,58.932884216308594,58.09492492675781,57.064903259277344,57.20769500732422,51.51025390625,57.01972198486328,56.86078643798828,57.62655258178711,58.27215576171875,70,66.66667175292969,71.42857360839844,76.19047546386719,90.47618865966797,89.47368621826172,80,90,2.326674699783325,8589934592,1073741824,5161582592,290652160
209,1771649789575,3504,3504,3504,3504,3504,3504,3504,3504,58.932884216308594,58.09492492675781,57.064903259277344,57.20769500732422,51.51025390625,57.01972198486328,56.86078643798828,57.62655258178711,58.27215576171875,71.42857360839844,70,65,70,84.21052551269531,80,80.95238494873047,85,2.326674699783325,8589934592,1073741824,5100519424,290652160
209,1771649789785,3504,3504,3504,3504,3504,3504,3504,3504,58.932884216308594,58.09492492675781,57.064903259277344,57.20769500732422,51.51025390625,57.01972198486328,56.86078643798828,57.62655258178711,58.27215576171875,70,66.66667175292969,70,66.66667175292969,86.36363983154297,85.71428680419922,85,85.71428680419922,2.417941093444824,8589934592,1073741824,5100519424,290652160
211,1771649789995,3504,3504,3504,3504,3504,3504,3504,3504,58.932884216308594,58.09492492675781,57.064903259277344,57.20769500732422,51.51025390625,57.01972198486328,56.86078643798828,57.62655258178711,58.27215576171875,76.19047546386719,71.42857360839844,69.56521606445313,70,85,86.36363983154297,85,81.81818389892578,2.417941093444824,8589934592,1073741824,5100781568,290652160
209,1771649790207,3504,3504,3504,3504,3504,3504,3504,3504,77.8089828491211,76.13795471191406,75.37254333496094,76.0313949584961,61.88672637939453,75.20288848876953,75.63029479980469,75.49874877929688,77.88434600830078,77.2727279663086,70,70,68.18181610107422,86.36363983154297,85,86.9565200805664,90,2.417941093444824,8589934592,1073741824,5160878080,290652160
209,1771649790417,3504,3504,3504,3504,3504,3504,3504,3504,77.8089828491211,76.13795471191406,75.37254333496094,76.0313949584961,61.88672637939453,75.20288848876953,75.63029479980469,75.49874877929688,77.88434600830078,71.42857360839844,68.18181610107422,72.7272720336914,71.42857360839844,90.47618865966797,90.47618865966797,90,77.2727279663086,2.417941093444824,8589934592,1073741824,5160878080,290652160
209,1771649790627,3504,3504,3504,3504,3504,3504,3504,3504,77.8089828491211,76.13795471191406,75.37254333496094,76.0313949584961,61.88672637939453,75.20288848876953,75.63029479980469,75.49874877929688,77.88434600830078,70,71.42857360839844,65,66.66667175292969,85.71428680419922,80.95238494873047,80.95238494873047,80,2.417941093444824,8589934592,1073741824,5160878080,290652160
205,1771649790837,3504,3504,3504,3504,3504,3504,3504,3504,77.8089828491211,76.13795471191406,75.37254333496094,76.0313949584961,61.88672637939453,75.20288848876953,75.63029479980469,75.49874877929688,77.88434600830078,72.7272720336914,70,76.19047546386719,68.18181610107422,90,85.71428680419922,85,86.36363983154297,7.086494445800781,8589934592,1073741824,5160878080,290652160
209,1771649791043,3504,3504,3504,3504,3504,3504,3504,3504,77.8089828491211,76.13795471191406,75.37254333496094,76.0313949584961,61.88672637939453,75.20288848876953,75.63029479980469,75.49874877929688,77.88434600830078,75,72.7272720336914,75,70,81.81818389892578,85.71428680419922,77.2727279663086,89.47368621826172,7.086494445800781,8589934592,1073741824,5084561408,290652160
200,1771649791252,3504,3504,3504,3504,3504,3504,3504,3504,81.36387634277344,79.90032958984375,79.04043579101563,79.57811737060547,65.18536376953125,78.62541961669922,78.85784149169922,78.96533966064453,81.11529541015625,85,85,77.2727279663086,76.19047546386719,90,80.95238494873047,86.36363983154297,86.36363983154297,7.086494445800781,8589934592,1073741824,5129371648,290652160
202,1771649791454,3504,3504,3504,3504,3504,3504,3504,3504,81.36387634277344,79.90032958984375,79.04043579101563,79.57811737060547,65.18536376953125,78.62541961669922,78.85784149169922,78.96533966064453,81.11529541015625,66.66667175292969,66.66667175292969,70,70,85.71428680419922,85,85,80,7.086494445800781,8589934592,1073741824,5080465408,290652160
206,1771649791657,3504,3504,3504,3504,3504,3504,3504,3504,81.36387634277344,79.90032958984375,79.04043579101563,79.57811737060547,65.18536376953125,78.62541961669922,78.85784149169922,78.96533966064453,81.11529541015625,75,65,70,65,85,90,84.21052551269531,80.95238494873047,18.962785720825195,8589934592,1073741824,5144363008,290652160
206,1771649791864,3504,3504,3504,3504,3504,3504,3504,3504,81.36387634277344,79.90032958984375,79.04043579101563,79.57811737060547,65.18536376953125,78.62541961669922,78.85784149169922,78.96533966064453,81.11529541015625,66.66667175292969,68.42105102539063,65,66.66667175292969,85,85.71428680419922,80.95238494873047,75,18.962785720825195,8589934592,1073741824,5102370816,290652160
209,1771649792070,3504,3504,3504,3504,3504,3504,3504,3504,81.36387634277344,79.90032958984375,79.04043579101563,79.57811737060547,65.18536376953125,78.62541961669922,78.85784149169922,78.96533966064453,81.11529541015625,75,72.7272720336914,77.2727279663086,70,86.36363983154297,90.47618865966797,85.71428680419922,80.95238494873047,18.962785720825195,8589934592,1073741824,5159682048,290652160
209,1771649792280,3504,3504,3504,3504,3504,3504,3504,3504,83.51016998291016,81.55245208740234,80.88818359375,81.60663604736328,67.01325988769531,80.24066925048828,80.31716918945313,80.74420166015625,82.5120620727539,71.42857360839844,71.42857360839844,70,68.18181610107422,85.71428680419922,85.71428680419922,85.71428680419922,80.95238494873047,18.962785720825195,8589934592,1073741824,5102501888,290652160
209,1771649792490,3504,3504,3504,3504,3504,3504,3504,3504,83.51016998291016,81.55245208740234,80.88818359375,81.60663604736328,67.01325988769531,80.24066925048828,80.31716918945313,80.74420166015625,82.5120620727539,68.18181610107422,66.66667175292969,66.66667175292969,70,85,85.71428680419922,76.19047546386719,85,18.962785720825195,8589934592,1073741824,5085052928,290652160
209,1771649792700,3504,3504,3504,3504,3504,3504,3504,3504,83.51016998291016,81.55245208740234,80.88818359375,81.60663604736328,67.01325988769531,80.24066925048828,80.31716918945313,80.74420166015625,82.5120620727539,76.19047546386719,75,71.42857360839844,76.19047546386719,85.71428680419922,90,95,81.81818389892578,19.676401138305664,8589934592,1073741824,5124587520,290652160
207,1771649792910,3504,3504,3504,3504,3504,3504,3504,3504,83.51016998291016,81.55245208740234,80.88818359375,81.60663604736328,67.01325988769531,80.24066925048828,80.31716918945313,80.74420166015625,82.5120620727539,76.19047546386719,68.18181610107422,75,68.18181610107422,90.90909576416016,86.36363983154297,86.36363983154297,81.81818389892578,19.676401138305664,8589934592,1073741824,5124603904,290652160
205,1771649793117,3504,3504,3504,3504,3504,3504,3504,3504,83.51016998291016,81.55245208740234,80.88818359375,81.60663604736328,67.01325988769531,80.24066925048828,80.31716918945313,80.74420166015625,82.5120620727539,70,68.42105102539063,68.18181610107422,70,90,90.47618865966797,80.95238494873047,80,19.676401138305664,8589934592,1073741824,5158780928,290652160
209,1771649793323,3504,3504,3504,3504,3504,3504,3504,3504,85.39409637451172,83.33125305175781,82.61420440673828,83.3934555053711,68.49957275390625,81.9970703125,82.11103057861328,82.46346282958984,84.36071014404297,70,72.7272720336914,70,71.42857360839844,80.95238494873047,90.47618865966797,85,90,19.676401138305664,8589934592,1073741824,5158649856,290652160
202,1771649793533,3504,3504,3504,3504,3504,3504,3504,3504,85.39409637451172,83.33125305175781,82.61420440673828,83.3934555053711,68.49957275390625,81.9970703125,82.11103057861328,82.46346282958984,84.36071014404297,68.18181610107422,65,72.7272720336914,66.66667175292969,85.71428680419922,85.71428680419922,85.71428680419922,77.2727279663086,19.676401138305664,8589934592,1073741824,5158649856,290652160
200,1771649793736,3504,3504,3504,3504,3504,3504,3504,3504,85.39409637451172,83.33125305175781,82.61420440673828,83.3934555053711,68.49957275390625,81.9970703125,82.11103057861328,82.46346282958984,84.36071014404297,78.94737243652344,71.42857360839844,73.68421173095703,70,90,90,80.95238494873047,84.21052551269531,19.530553817749023,8589934592,1073741824,5158649856,290652160
209,1771649793937,3504,3504,3504,3504,3504,3504,3504,3504,85.39409637451172,83.33125305175781,82.61420440673828,83.3934555053711,68.49957275390625,81.9970703125,82.11103057861328,82.46346282958984,84.36071014404297,20,15.000000953674316,9.523809432983398,5,0,10.526315689086914,0,4.761904716491699,19.530553817749023,8589934592,1073741824,5158649856,290652160
209,1771649794147,3504,3504,3504,3504,3504,3504,3504,3504,77.42051696777344,75.97611236572266,75.02216339111328,75.44092559814453,66.43737030029297,74.57858276367188,74.6042709350586,75.12748718261719,76.6881103515625,18.18181800842285,19.047618865966797,5,9.523809432983398,4.545454502105713,0,0,0,19.530553817749023,8589934592,1073741824,5101125632,290652160
202,1771649794357,3504,3504,3504,3504,3504,3504,3504,3504,77.42051696777344,75.97611236572266,75.02216339111328,75.44092559814453,66.43737030029297,74.57858276367188,74.6042709350586,75.12748718261719,76.6881103515625,25,19.047618865966797,14.285715103149414,5,0,0,0,0,19.530553817749023,8589934592,1073741824,5100896256,290652160
208,1771649794560,3504,3504,3504,3504,3504,3504,3504,3504,77.42051696777344,75.97611236572266,75.02216339111328,75.44092559814453,66.43737030029297,74.57858276367188,74.6042709350586,75.12748718261719,76.6881103515625,25,23.809524536132813,14.285715103149414,13.636363983154297,0,0,0,0,19.530553817749023,8589934592,1073741824,5100896256,290652160
209,1771649794769,3504,3504,3504,3504,3504,3504,3504,3504,77.42051696777344,75.97611236572266,75.02216339111328,75.44092559814453,66.43737030029297,74.57858276367188,74.6042709350586,75.12748718261719,76.6881103515625,22.72727394104004,20,10,5,0,0,0,0,19.88323402404785,8589934592,1073741824,5100896256,290652160
208,1771649794979,3504,3504,3504,3504,3504,3504,3504,3504,77.42051696777344,75.97611236572266,75.02216339111328,75.44092559814453,66.43737030029297,74.57858276367188,74.6042709350586,75.12748718261719,76.6881103515625,20,15.000000953674316,9.523809432983398,9.523809432983398,0,0,0,0,19.88323402404785,8589934592,1073741824,5100896256,290652160
203,1771649795187,3504,3504,3504,3504,3504,3504,3504,3504,57.093326568603516,56.66221618652344,55.5037841796875,55.30876159667969,55.54840850830078,55.40911865234375,55.09149932861328,56.203941345214844,56.45279312133789,19.047618865966797,22.72727394104004,14.285715103149414,14.285715103149414,0,0,0,0,19.88323402404785,8589934592,1073741824,5096996864,290652160
203,1771649795391,3504,3504,3504,3504,3504,3504,3504,3504,57.093326568603516,56.66221618652344,55.5037841796875,55.30876159667969,55.54840850830078,55.40911865234375,55.09149932861328,56.203941345214844,56.45279312133789,30.000001907348633,20,10,5.263157844543457,0,0,0,0,19.88323402404785,8589934592,1073741824,5096996864,290652160
209,1771649795594,3504,3504,3504,3504,3504,3504,3504,3504,57.093326568603516,56.66221618652344,55.5037841796875,55.30876159667969,55.54840850830078,55.40911865234375,55.09149932861328,56.203941345214844,56.45279312133789,30.000001907348633,15.000000953674316,14.285715103149414,9.523809432983398,0,0,0,0,19.88323402404785,8589934592,1073741824,5097095168,290652160
209,1771649795804,3504,3504,3504,3504,3504,3504,3504,3504,57.093326568603516,56.66221618652344,55.5037841796875,55.30876159667969,55.54840850830078,55.40911865234375,55.09149932861328,56.203941345214844,56.45279312133789,19.047618865966797,23.809524536132813,15.000000953674316,9.523809432983398,0,0,0,0,14.594914436340332,8589934592,1073741824,5097046016,290652160
206,1771649796014,3504,3504,3504,3504,3504,3504,3504,3504,57.093326568603516,56.66221618652344,55.5037841796875,55.30876159667969,55.54840850830078,55.40911865234375,55.09149932861328,56.203941345214844,56.45279312133789,19.047618865966797,5,19.047618865966797,5,0,0,0,0,14.594914436340332,8589934592,1073741824,5097046016,290652160
209,1771649796221,3504,3504,3504,3504,3504,3504,3504,3504,53.58895492553711,53.180091857910156,52.151893615722656,51.88269805908203,52.30268478393555,52.027191162109375,51.76734161376953,52.82123947143555,53.059425354003906,25,9.523809432983398,23.809524536132813,13.636363983154297,0,0,0,0,14.594914436340332,8589934592,1073741824,5097046016,290652160
206,1771649796430,3504,3504,3504,3504,3504,3504,3504,3504,53.58895492553711,53.180091857910156,52.151893615722656,51.88269805908203,52.30268478393555,52.027191162109375,51.76734161376953,52.82123947143555,53.059425354003906,28.571430206298828,25,15.000000953674316,15.000000953674316,9.523809432983398,9.523809432983398,5,4.761904716491699,14.594914436340332,8589934592,1073741824,5083774976,290652160
209,1771649796637,3504,3504,3504,3504,3504,3504,3504,3504,53.58895492553711,53.180091857910156,52.151893615722656,51.88269805908203,52.30268478393555,52.027191162109375,51.76734161376953,52.82123947143555,53.059425354003906,23.809524536132813,22.72727394104004,10,5,0,0,0,0,2.1528806686401367,8589934592,1073741824,5083791360,290652160
206,1771649796847,3504,3504,3504,3504,3504,3504,3504,3504,53.58895492553711,53.180091857910156,52.151893615722656,51.88269805908203,52.30268478393555,52.027191162109375,51.76734161376953,52.82123947143555,53.059425354003906,23.809524536132813,19.047618865966797,14.285715103149414,9.523809432983398,0,0,0,0,2.1528806686401367,8589934592,1073741824,5083496448,290652160
202,1771649797054,3504,3504,3504,3504,3504,3504,3504,3504,53.58895492553711,53.180091857910156,52.151893615722656,51.88269805908203,52.30268478393555,52.027191162109375,51.76734161376953,52.82123947143555,53.059425354003906,20,15.000000953674316,13.636363983154297,14.285715103149414,0,0,0,0,2.1528806686401367,8589934592,1073741824,5083496448,290652160
209,1771649797256,3504,3504,3504,3504,3504,3504,3504,3504,52.042816162109375,51.19330978393555,50.37065887451172,50.13927459716797,50.576595306396484,50.31083679199219,50.00901794433594,51.15358352661133,51.32355499267578,50,30.000001907348633,36.842105865478516,23.809524536132813,0,0,0,0,2.1528806686401367,8589934592,1073741824,5083447296,290652160
204,1771649797467,3504,3504,3504,3504,3504,3504,3504,3504,52.042816162109375,51.19330978393555,50.37065887451172,50.13927459716797,50.576595306396484,50.31083679199219,50.00901794433594,51.15358352661133,51.32355499267578,20,19.047618865966797,13.636363983154297,10,0,0,0,0,2.1528806686401367,8589934592,1073741824,5083463680,290652160
205,1771649797671,3504,3504,3504,3504,3504,3504,3504,3504,52.042816162109375,51.19330978393555,50.37065887451172,50.13927459716797,50.576595306396484,50.31083679199219,50.00901794433594,51.15358352661133,51.32355499267578,28.571430206298828,28.571430206298828,20,19.047618865966797,0,0,0,0,2.4241015911102295,8589934592,1073741824,5083922432,290652160
209,1771649797878,3504,3504,3504,3504,3504,3504,3504,3504,52.042816162109375,51.19330978393555,50.37065887451172,50.13927459716797,50.576595306396484,50.31083679199219,50.00901794433594,51.15358352661133,51.32355499267578,22.72727394104004,20,10,5,0,0,0,0,2.4241015911102295,8589934592,1073741824,5083611136,290652160
209,1771649798087,3504,3504,3504,3504,3504,3504,3504,3504,52.042816162109375,51.19330978393555,50.37065887451172,50.13927459716797,50.576595306396484,50.31083679199219,50.00901794433594,51.15358352661133,51.32355499267578,30.000001907348633,23.809524536132813,18.18181800842285,19.047618865966797,0,0,0,0,2.4241015911102295,8589934592,1073741824,5083676672,290652160
206,1771649798297,3504,3504,3504,3504,3504,3504,3504,3504,50.63948440551758,49.858497619628906,49.03929901123047,48.762840270996094,49.29938507080078,48.99281311035156,48.78076171875,49.85490417480469,49.95995330810547,19.047618865966797,15.000000953674316,5,4.761904716491699,0,4.761904716491699,0,0,2.4241015911102295,8589934592,1073741824,5083938816,290652160
206,1771649798504,3504,3504,3504,3504,3504,3504,3504,3504,50.63948440551758,49.858497619628906,49.03929901123047,48.762840270996094,49.29938507080078,48.99281311035156,48.78076171875,49.85490417480469,49.95995330810547,23.809524536132813,28.571430206298828,14.285715103149414,10,0,0,0,0,2.4241015911102295,8589934592,1073741824,5083955200,290652160
204,1771649798711,3504,3504,3504,3504,3504,3504,3504,3504,50.63948440551758,49.858497619628906,49.03929901123047,48.762840270996094,49.29938507080078,48.99281311035156,48.78076171875,49.85490417480469,49.95995330810547,15.789472579956055,15.000000953674316,10,9.523809432983398,0,0,0,0,2.291691541671753,8589934592,1073741824,5083971584,290652160
204,1771649798915,3504,3504,3504,3504,3504,3504,3504,3504,50.63948440551758,49.858497619628906,49.03929901123047,48.762840270996094,49.29938507080078,48.99281311035156,48.78076171875,49.85490417480469,49.95995330810547,66.66667175292969,66.66667175292969,65,60.000003814697266,72.7272720336914,75,70,70,2.291691541671753,8589934592,1073741824,5113987072,290652160
210,1771649799121,3504,3504,3504,3504,3504,3504,3504,3504,50.63948440551758,49.858497619628906,49.03929901123047,48.762840270996094,49.29938507080078,48.99281311035156,48.78076171875,49.85490417480469,49.95995330810547,70,70,71.42857360839844,70,94.73684692382813,85,85.71428680419922,80.95238494873047,2.291691541671753,8589934592,1073741824,5103927296,290652160
205,1771649799331,3504,3504,3504,3504,3504,3504,3504,3504,57.1801872253418,56.30870819091797,55.329566955566406,55.24967956542969,50.90907287597656,55.28021240234375,55.14984130859375,55.94923400878906,56.60170364379883,77.2727279663086,72.7272720336914,75,72.7272720336914,90.90909576416016,86.36363983154297,86.36363983154297,90.47618865966797,2.291691541671753,8589934592,1073741824,5127913472,290652160
209,1771649799537,3504,3504,3504,3504,3504,3504,3504,3504,57.1801872253418,56.30870819091797,55.329566955566406,55.24967956542969,50.90907287597656,55.28021240234375,55.14984130859375,55.94923400878906,56.60170364379883,70,70,68.18181610107422,70,85,80.95238494873047,90,85,2.291691541671753,8589934592,1073741824,5105795072,290652160
206,1771649799747,3504,3504,3504,3504,3504,3504,3504,3504,57.1801872253418,56.30870819091797,55.329566955566406,55.24967956542969,50.90907287597656,55.28021240234375,55.14984130859375,55.94923400878906,56.60170364379883,66.66667175292969,65,70,63.6363639831543,81.81818389892578,85,80.95238494873047,77.2727279663086,2.234793186187744,8589934592,1073741824,5105778688,290652160
209,1771649799953,3504,3504,3504,3504,3504,3504,3504,3504,57.1801872253418,56.30870819091797,55.329566955566406,55.24967956542969,50.90907287597656,55.28021240234375,55.14984130859375,55.94923400878906,56.60170364379883,71.42857360839844,72.7272720336914,71.42857360839844,71.42857360839844,90.47618865966797,85.71428680419922,85.71428680419922,85,2.234793186187744,8589934592,1073741824,5126078464,290652160
205,1771649800163,3504,3504,3504,3504,3504,3504,3504,3504,77.34208679199219,75.75390625,74.98602294921875,75.52960968017578,61.6447868347168,74.74510955810547,74.91239929199219,75.16316986083984,76.9764404296875,70,68.42105102539063,71.42857360839844,66.66667175292969,85,80.95238494873047,85,76.19047546386719,2.234793186187744,8589934592,1073741824,5104762880,290652160
205,1771649800369,3504,3504,3504,3504,3504,3504,3504,3504,77.34208679199219,75.75390625,74.98602294921875,75.52960968017578,61.6447868347168,74.74510955810547,74.91239929199219,75.16316986083984,76.9764404296875,66.66667175292969,68.18181610107422,66.66667175292969,65,85,85.71428680419922,80.95238494873047,80,2.234793186187744,8589934592,1073741824,5128273920,290652160
206,1771649800574,3504,3504,3504,3504,3504,3504,3504,3504,77.34208679199219,75.75390625,74.98602294921875,75.52960968017578,61.6447868347168,74.74510955810547,74.91239929199219,75.16316986083984,76.9764404296875,70,65,65,70,85.71428680419922,85,85,80.95238494873047,2.234793186187744,8589934592,1073741824,5089509376,290652160
209,1771649800781,3504,3504,3504,3504,3504,3504,3504,3504,77.34208679199219,75.75390625,74.98602294921875,75.52960968017578,61.6447868347168,74.74510955810547,74.91239929199219,75.16316986083984,76.9764404296875,68.18181610107422,68.18181610107422,66.66667175292969,66.66667175292969,90,85.71428680419922,81.81818389892578,80.95238494873047,7.524567604064941,8589934592,1073741824,5119524864,290652160
209,1771649800991,3504,3504,3504,3504,3504,3504,3504,3504,77.34208679199219,75.75390625,74.98602294921875,75.52960968017578,61.6447868347168,74.74510955810547,74.91239929199219,75.16316986083984,76.9764404296875,75,73.68421173095703,75,71.42857360839844,90.90909576416016,80.95238494873047,85,85,7.524567604064941,8589934592,1073741824,5099765760,290652160
202,1771649801201,3504,3504,3504,3504,3504,3504,3504,3504,81.30685424804688,79.79036712646484,78.9093017578125,79.38785552978516,64.97962188720703,78.1760025024414,78.25519561767578,78.53097534179688,80.45350646972656,75,72.7272720336914,68.18181610107422,66.66667175292969,90.47618865966797,85.71428680419922,85.71428680419922,77.2727279663086,7.524567604064941,8589934592,1073741824,5077630976,290652160
201,1771649801403,3504,3504,3504,3504,3504,3504,3504,3504,81.30685424804688,79.79036712646484,78.9093017578125,79.38785552978516,64.97962188720703,78.1760025024414,78.25519561767578,78.53097534179688,80.45350646972656,72.7272720336914,65,65,70,85,80,75,89.47368621826172,7.524567604064941,8589934592,1073741824,5099651072,290652160
209,1771649801605,3504,3504,3504,3504,3504,3504,3504,3504,81.30685424804688,79.79036712646484,78.9093017578125,79.38785552978516,64.97962188720703,78.1760025024414,78.25519561767578,78.53097534179688,80.45350646972656,70,70,70,66.66667175292969,85.71428680419922,90,85,80.95238494873047,7.524567604064941,8589934592,1073741824,5118558208,290652160
208,1771649801815,3504,3504,3504,3504,3504,3504,3504,3504,81.30685424804688,79.79036712646484,78.9093017578125,79.38785552978516,64.97962188720703,78.1760025024414,78.25519561767578,78.53097534179688,80.45350646972656,71.42857360839844,72.7272720336914,65,65,90,85.71428680419922,77.2727279663086,76.19047546386719,18.9915714263916,8589934592,1073741824,5114134528,290652160
209,1771649802024,3504,3504,3504,3504,3504,3504,3504,3504,81.30685424804688,79.79036712646484,78.9093017578125,79.38785552978516,64.97962188720703,78.1760025024414,78.25519561767578,78.53097534179688,80.45350646972656,70,66.66667175292969,68.18181610107422,71.42857360839844,85.71428680419922,85.71428680419922,90,85.71428680419922,18.9915714263916,8589934592,1073741824,5152751616,290652160
209,1771649802234,3504,3504,3504,3504,3504,3504,3504,3504,83.06034851074219,81.46540832519531,80.73457336425781,81.2222900390625,66.95122528076172,80.10332489013672,80.35972595214844,80.48493957519531,82.72746276855469,76.19047546386719,70,70,65,90.47618865966797,80.95238494873047,80.95238494873047,81.81818389892578,18.9915714263916,8589934592,1073741824,5152751616,290652160
215,1771649802444,3504,3504,3504,3504,3504,3504,3504,3504,83.06034851074219,81.46540832519531,80.73457336425781,81.2222900390625,66.95122528076172,80.10332489013672,80.35972595214844,80.48493957519531,82.72746276855469,68.18181610107422,66.66667175292969,68.18181610107422,68.18181610107422,90,85.71428680419922,80.95238494873047,80,18.9915714263916,8589934592,1073741824,5086298112,290652160
209,1771649802660,3504,3504,3504,3504,3504,3504,3504,3504,83.06034851074219,81.46540832519531,80.73457336425781,81.2222900390625,66.95122528076172,80.10332489013672,80.35972595214844,80.48493957519531,82.72746276855469,71.42857360839844,71.42857360839844,70,68.18181610107422,82.60869598388672,90.90909576416016,78.26087188720703,81.81818389892578,19.2880859375,8589934592,1073741824,5077336064,290652160
206,1771649802870,3504,3504,3504,3504,3504,3504,3504,3504,83.06034851074219,81.46540832519531,80.73457336425781,81.2222900390625,66.95122528076172,80.10332489013672,80.35972595214844,80.48493957519531,82.72746276855469,76.19047546386719,76.19047546386719,72.7272720336914,71.42857360839844,85.71428680419922,90,90,85.71428680419922,19.2880859375,8589934592,1073741824,5100011520,290652160
205,1771649803076,3504,3504,3504,3504,3504,3504,3504,3504,83.06034851074219,81.46540832519531,80.73457336425781,81.2222900390625,66.95122528076172,80.10332489013672,80.35972595214844,80.48493957519531,82.72746276855469,70,66.66667175292969,66.66667175292969,65,90.47618865966797,80.95238494873047,81.81818389892578,85,19.2880859375,8589934592,1073741824,5095768064,290652160
206,1771649803282,3504,3504,3504,3504,3504,3504,3504,3504,84.95375061035156,83.27922058105469,82.53348541259766,83.09664154052734,68.44942474365234,81.71177673339844,82.03120422363281,82.09261322021484,84.42715454101563,75,75,70,70,85,80.95238494873047,84.21052551269531,85,19.2880859375,8589934592,1073741824,5116887040,290652160
206,1771649803489,3504,3504,3504,3504,3504,3504,3504,3504,84.95375061035156,83.27922058105469,82.53348541259766,83.09664154052734,68.44942474365234,81.71177673339844,82.03120422363281,82.09261322021484,84.42715454101563,71.42857360839844,66.66667175292969,71.42857360839844,66.66667175292969,90.47618865966797,84.21052551269531,85.71428680419922,80.95238494873047,19.2880859375,8589934592,1073741824,5100011520,290652160
206,1771649803695,3504,3504,3504,3504,3504,3504,3504,3504,84.95375061035156,83.27922058105469,82.53348541259766,83.09664154052734,68.44942474365234,81.71177673339844,82.03120422363281,82.09261322021484,84.42715454101563,70,70,66.66667175292969,70,85,86.36363983154297,80.95238494873047,81.81818389892578,19.169416427612305,8589934592,1073741824,5116428288,290652160
210,1771649803902,3504,3504,3504,3504,3504,3504,3504,3504,84.95375061035156,83.27922058105469,82.53348541259766,83.09664154052734,68.44942474365234,81.71177673339844,82.03120422363281,82.09261322021484,84.42715454101563,54.54545593261719,61.904762268066406,57.142860412597656,47.619049072265625,60.000003814697266,60.000003814697266,60.000003814697266,57.894737243652344,19.169416427612305,8589934592,1073741824,5116428288,290652160
200,1771649804113,3504,3504,3504,3504,3504,3504,3504,3504,84.95375061035156,83.27922058105469,82.53348541259766,83.09664154052734,68.44942474365234,81.71177673339844,82.03120422363281,82.09261322021484,84.42715454101563,14.285715103149414,14.285715103149414,15.000000953674316,13.636363983154297,4.761904716491699,4.761904716491699,0,0,19.169416427612305,8589934592,1073741824,5116428288,290652160
208,1771649804314,3504,3504,3504,3504,3504,3504,3504,3504,79.41967010498047,78.24098205566406,77.27501678466797,77.5791244506836,67.39544677734375,76.84786987304688,76.89036560058594,77.4014663696289,79.02415466308594,15.000000953674316,15.000000953674316,20,5,0,0,0,0,19.169416427612305,8589934592,1073741824,5116428288,290652160
203,1771649804523,3504,3504,3504,3504,3504,3504,3504,3504,79.41967010498047,78.24098205566406,77.27501678466797,77.5791244506836,67.39544677734375,76.84786987304688,76.89036560058594,77.4014663696289,79.02415466308594,20,23.809524536132813,13.636363983154297,14.285715103149414,0,0,0,0,19.169416427612305,8589934592,1073741824,5089935360,290652160
209,1771649804726,3504,3504,3504,3504,3504,3504,3504,3504,79.41967010498047,78.24098205566406,77.27501678466797,77.5791244506836,67.39544677734375,76.84786987304688,76.89036560058594,77.4014663696289,79.02415466308594,20,20,5.263157844543457,0,4.761904716491699,0,0,0,19.66407012939453,8589934592,1073741824,5089968128,290652160
204,1771649804937,3504,3504,3504,3504,3504,3504,3504,3504,79.41967010498047,78.24098205566406,77.27501678466797,77.5791244506836,67.39544677734375,76.84786987304688,76.89036560058594,77.4014663696289,79.02415466308594,22.72727394104004,14.285715103149414,9.523809432983398,9.090909004211426,4.761904716491699,4.545454502105713,0,0,19.66407012939453,8589934592,1073741824,5089902592,290652160
203,1771649805141,3504,3504,3504,3504,3504,3504,3504,3504,57.84978103637695,57.43156814575195,56.28394317626953,56.025787353515625,56.23821258544922,56.16532897949219,55.76117706298828,56.93855667114258,57.17222213745117,21.052631378173828,25,20,15.789472579956055,0,0,0,0,19.66407012939453,8589934592,1073741824,5090721792,290652160
207,1771649805346,3504,3504,3504,3504,3504,3504,3504,3504,57.84978103637695,57.43156814575195,56.28394317626953,56.025787353515625,56.23821258544922,56.16532897949219,55.76117706298828,56.93855667114258,57.17222213745117,19.047618865966797,19.047618865966797,33.333335876464844,10,0,0,0,0,19.66407012939453,8589934592,1073741824,5089869824,290652160
209,1771649805554,3504,3504,3504,3504,3504,3504,3504,3504,57.84978103637695,57.43156814575195,56.28394317626953,56.025787353515625,56.23821258544922,56.16532897949219,55.76117706298828,56.93855667114258,57.17222213745117,14.285715103149414,10,25,9.090909004211426,0,0,0,0,19.66407012939453,8589934592,1073741824,5089837056,290652160
206,1771649805764,3504,3504,3504,3504,3504,3504,3504,3504,57.84978103637695,57.43156814575195,56.28394317626953,56.025787353515625,56.23821258544922,56.16532897949219,55.76117706298828,56.93855667114258,57.17222213745117,23.809524536132813,14.285715103149414,22.72727394104004,20,0,0,0,0,13.88482666015625,8589934592,1073741824,5089902592,290652160
206,1771649805970,3504,3504,3504,3504,3504,3504,3504,3504,57.84978103637695,57.43156814575195,56.28394317626953,56.025787353515625,56.23821258544922,56.16532897949219,55.76117706298828,56.93855667114258,57.17222213745117,19.047618865966797,19.047618865966797,20,23.809524536132813,0,0,0,0,13.88482666015625,8589934592,1073741824,5089902592,290652160
200,1771649806177,3504,3504,3504,3504,3504,3504,3504,3504,53.98373794555664,53.661529541015625,52.584205627441406,52.242889404296875,52.67363739013672,52.49236297607422,52.19468688964844,53.24944305419922,53.453739166259766,15.000000953674316,14.285715103149414,20,15.000000953674316,0,0,0,0,13.88482666015625,8589934592,1073741824,5089902592,290652160
208,1771649806378,3504,3504,3504,3504,3504,3504,3504,3504,53.98373794555664,53.661529541015625,52.584205627441406,52.242889404296875,52.67363739013672,52.49236297607422,52.19468688964844,53.24944305419922,53.453739166259766,20,10.526315689086914,14.285715103149414,25,0,0,0,0,13.88482666015625,8589934592,1073741824,5089902592,290652160
200,1771649806586,3504,3504,3504,3504,3504,3504,3504,3504,53.98373794555664,53.661529541015625,52.584205627441406,52.242889404296875,52.67363739013672,52.49236297607422,52.19468688964844,53.24944305419922,53.453739166259766,14.285715103149414,9.523809432983398,10,22.72727394104004,0,0,0,0,13.88482666015625,8589934592,1073741824,5090017280,290652160
200,1771649806787,3504,3504,3504,3504,3504,3504,3504,3504,53.98373794555664,53.661529541015625,52.584205627441406,52.242889404296875,52.67363739013672,52.49236297607422,52.19468688964844,53.24944305419922,53.453739166259766,15.789472579956055,20,14.285715103149414,20,0,0,0,0,2.151188373565674,8589934592,1073741824,5088395264,290652160
209,1771649806988,3504,3504,3504,3504,3504,3504,3504,3504,53.98373794555664,53.661529541015625,52.584205627441406,52.242889404296875,52.67363739013672,52.49236297607422,52.19468688964844,53.24944305419922,53.453739166259766,30.000001907348633,31.57894515991211,21.052631378173828,25,4.761904716491699,4.761904716491699,4.761904716491699,4.761904716491699,2.151188373565674,8589934592,1073741824,5088395264,290652160
204,1771649807198,3504,3504,3504,3504,3504,3504,3504,3504,52.23526382446289,51.44792175292969,50.63713073730469,50.30073547363281,50.77498245239258,50.573265075683594,50.30278015136719,51.448265075683594,51.573299407958984,19.047618865966797,19.047618865966797,9.523809432983398,0,0,0,0,0,2.151188373565674,8589934592,1073741824,5088395264,290652160
209,1771649807404,3504,3504,3504,3504,3504,3504,3504,3504,52.23526382446289,51.44792175292969,50.63713073730469,50.30073547363281,50.77498245239258,50.573265075683594,50.30278015136719,51.448265075683594,51.573299407958984,25,22.72727394104004,14.285715103149414,14.285715103149414,0,0,0,0,2.151188373565674,8589934592,1073741824,5088395264,290652160
207,1771649807613,3504,3504,3504,3504,3504,3504,3504,3504,52.23526382446289,51.44792175292969,50.63713073730469,50.30073547363281,50.77498245239258,50.573265075683594,50.30278015136719,51.448265075683594,51.573299407958984,19.047618865966797,20,5,5,0,0,0,0,2.151188373565674,8589934592,1073741824,5089017856,290652160
209,1771649807821,3504,3504,3504,3504,3504,3504,3504,3504,52.23526382446289,51.44792175292969,50.63713073730469,50.30073547363281,50.77498245239258,50.573265075683594,50.30278015136719,51.448265075683594,51.573299407958984,28.571430206298828,19.047618865966797,14.285715103149414,13.636363983154297,0,0,0,0,2.8215737342834473,8589934592,1073741824,5089034240,290652160
209,1771649808031,3504,3504,3504,3504,3504,3504,3504,3504,52.23526382446289,51.44792175292969,50.63713073730469,50.30073547363281,50.77498245239258,50.573265075683594,50.30278015136719,51.448265075683594,51.573299407958984,28.571430206298828,19.047618865966797,13.636363983154297,9.523809432983398,0,0,0,0,2.8215737342834473,8589934592,1073741824,5088690176,290652160
202,1771649808241,3504,3504,3504,3504,3504,3504,3504,3504,50.952842712402344,50.09395217895508,49.349510192871094,48.967262268066406,49.51899719238281,49.23021697998047,49.060882568359375,50.134185791015625,50.25426483154297,23.809524536132813,10,5,9.523809432983398,0,4.761904716491699,0,0,2.8215737342834473,8589934592,1073741824,5088690176,290652160
202,1771649808444,3504,3504,3504,3504,3504,3504,3504,3504,50.952842712402344,50.09395217895508,49.349510192871094,48.967262268066406,49.51899719238281,49.23021697998047,49.060882568359375,50.134185791015625,50.25426483154297,20,19.047618865966797,10,5,0,0,0,0,2.8215737342834473,8589934592,1073741824,5088690176,290652160
199,1771649808647,3504,3504,3504,3504,3504,3504,3504,3504,50.952842712402344,50.09395217895508,49.349510192871094,48.967262268066406,49.51899719238281,49.23021697998047,49.060882568359375,50.134185791015625,50.25426483154297,35,15.000000953674316,10,10,0,0,0,0,2.848653554916382,8589934592,1073741824,5089017856,290652160
208,1771649808847,3504,3504,3504,3504,3504,3504,3504,3504,50.952842712402344,50.09395217895508,49.349510192871094,48.967262268066406,49.51899719238281,49.23021697998047,49.060882568359375,50.134185791015625,50.25426483154297,21.052631378173828,21.052631378173828,19.047618865966797,10.526315689086914,0,0,0,4.761904716491699,2.848653554916382,8589934592,1073741824,5032361984,290652160
209,1771649809056,3504,3504,3504,3504,3504,3504,3504,3504,50.952842712402344,50.09395217895508,49.349510192871094,48.967262268066406,49.51899719238281,49.23021697998047,49.060882568359375,50.134185791015625,50.25426483154297,61.904762268066406,63.6363639831543,57.894737243652344,63.6363639831543,81.81818389892578,76.19047546386719,77.2727279663086,76.19047546386719,2.848653554916382,8589934592,1073741824,5143592960,290652160
215,1771649809266,3504,3504,3504,3504,3504,3504,3504,3504,54.6995964050293,53.90232849121094,52.95134735107422,52.795188903808594,50.01504135131836,53.03236389160156,52.81769561767578,53.68843078613281,54.18167495727539,71.42857360839844,70,66.66667175292969,65,90.47618865966797,90.47618865966797,90,80.95238494873047,2.848653554916382,8589934592,1073741824,5133631488,290652160
212,1771649809481,3504,3504,3504,3504,3504,3504,3504,3504,54.6995964050293,53.90232849121094,52.95134735107422,52.795188903808594,50.01504135131836,53.03236389160156,52.81769561767578,53.68843078613281,54.18167495727539,72.7272720336914,72.7272720336914,68.18181610107422,69.56521606445313,86.36363983154297,80.95238494873047,77.2727279663086,90.47618865966797,2.848653554916382,8589934592,1073741824,5095604224,290652160
209,1771649809694,3504,3504,3504,3504,3504,3504,3504,3504,54.6995964050293,53.90232849121094,52.95134735107422,52.795188903808594,50.01504135131836,53.03236389160156,52.81769561767578,53.68843078613281,54.18167495727539,66.66667175292969,71.42857360839844,71.42857360839844,70,85,80.95238494873047,80.95238494873047,81.81818389892578,2.3358919620513916,8589934592,1073741824,5074075648,290652160
209,1771649809903,3504,3504,3504,3504,3504,3504,3504,3504,54.6995964050293,53.90232849121094,52.95134735107422,52.795188903808594,50.01504135131836,53.03236389160156,52.81769561767578,53.68843078613281,54.18167495727539,76.19047546386719,71.42857360839844,66.66667175292969,68.18181610107422,86.36363983154297,81.81818389892578,90.47618865966797,85,2.3358919620513916,8589934592,1073741824,5096144896,290652160
207,1771649810113,3504,3504,3504,3504,3504,3504,3504,3504,54.6995964050293,53.90232849121094,52.95134735107422,52.795188903808594,50.01504135131836,53.03236389160156,52.81769561767578,53.68843078613281,54.18167495727539,71.42857360839844,66.66667175292969,68.18181610107422,65,85,85,80.95238494873047,85.71428680419922,2.3358919620513916,8589934592,1073741824,5151129600,290652160
209,1771649810321,3504,3504,3504,3504,3504,3504,3504,3504,76.50031280517578,74.95245361328125,74.15526580810547,74.7334976196289,61.027992248535156,74.33345031738281,74.56282806396484,74.63455963134766,76.70015716552734,75,75,70,71.42857360839844,85.71428680419922,90.47618865966797,86.36363983154297,81.81818389892578,2.3358919620513916,8589934592,1073741824,5115035648,290652160
200,1771649810531,3504,3504,3504,3504,3504,3504,3504,3504,76.50031280517578,74.95245361328125,74.15526580810547,74.7334976196289,61.027992248535156,74.33345031738281,74.56282806396484,74.63455963134766,76.70015716552734,68.18181610107422,72.7272720336914,68.18181610107422,66.66667175292969,85.71428680419922,85.71428680419922,80.95238494873047,85,2.3358919620513916,8589934592,1073741824,5115035648,290652160
204,1771649810732,3504,3504,3504,3504,3504,3504,3504,3504,76.50031280517578,74.95245361328125,74.15526580810547,74.7334976196289,61.027992248535156,74.33345031738281,74.56282806396484,74.63455963134766,76.70015716552734,75,70,68.42105102539063,70,85,85,84.21052551269531,80.95238494873047,3.861142873764038,8589934592,1073741824,5124980736,290652160
201,1771649810937,3504,3504,3504,3504,3504,3504,3504,3504,76.50031280517578,74.95245361328125,74.15526580810547,74.7334976196289,61.027992248535156,74.33345031738281,74.56282806396484,74.63455963134766,76.70015716552734,70,66.66667175292969,66.66667175292969,65,80.95238494873047,95.23809814453125,76.19047546386719,85,3.861142873764038,8589934592,1073741824,5128798208,290652160
208,1771649811138,3504,3504,3504,3504,3504,3504,3504,3504,76.50031280517578,74.95245361328125,74.15526580810547,79.5836181640625,64.85880279541016,78.15326690673828,78.54424285888672,78.4179916381836,80.8136978149414,70,68.42105102539063,65,66.66667175292969,85,85,84.21052551269531,85,3.861142873764038,8589934592,1073741824,5128798208,290652160
208,1771649811348,3504,3504,3504,3504,3504,3504,3504,3504,81.5051498413086,79.33786010742188,78.6383056640625,79.5836181640625,64.85880279541016,78.15326690673828,78.54424285888672,78.4179916381836,80.8136978149414,75,76.19047546386719,75,75,90.47618865966797,90.47618865966797,81.81818389892578,85.71428680419922,3.861142873764038,8589934592,1073741824,5128798208,290652160
209,1771649811557,3504,3504,3504,3504,3504,3504,3504,3504,81.5051498413086,79.33786010742188,78.6383056640625,79.5836181640625,64.85880279541016,78.15326690673828,78.54424285888672,78.4179916381836,80.8136978149414,72.7272720336914,66.66667175292969,66.66667175292969,66.66667175292969,85.71428680419922,85.71428680419922,80,76.19047546386719,3.861142873764038,8589934592,1073741824,5128798208,290652160
203,1771649811767,3504,3504,3504,3504,3504,3504,3504,3504,81.5051498413086,79.33786010742188,78.6383056640625,79.5836181640625,64.85880279541016,78.15326690673828,78.54424285888672,78.4179916381836,80.8136978149414,71.42857360839844,70,71.42857360839844,70,85.71428680419922,80.95238494873047,81.81818389892578,85.71428680419922,18.683414459228516,8589934592,1073741824,5101060096,290652160
200,1771649811970,3504,3504,3504,3504,3504,3504,3504,3504,81.5051498413086,79.33786010742188,78.6383056640625,79.5836181640625,64.85880279541016,78.15326690673828,78.54424285888672,78.4179916381836,80.8136978149414,75,71.42857360839844,68.18181610107422,71.42857360839844,90,85,85,85,18.683414459228516,8589934592,1073741824,5078777856,290652160
208,1771649812171,3504,3504,3504,3504,3504,3504,3504,3504,83.16160583496094,81.5536880493164,80.85334014892578,81.45506286621094,67.01054382324219,80.30743408203125,80.61499786376953,80.68384552001953,82.877685546875,75,65,68.42105102539063,65,85,84.21052551269531,85,85,18.683414459228516,8589934592,1073741824,5100961792,290652160
204,1771649812380,3504,3504,3504,3504,3504,3504,3504,3504,83.16160583496094,81.5536880493164,80.85334014892578,81.45506286621094,67.01054382324219,80.30743408203125,80.61499786376953,80.68384552001953,82.877685546875,66.66667175292969,68.18181610107422,66.66667175292969,68.18181610107422,85.71428680419922,85.71428680419922,85,76.19047546386719,18.683414459228516,8589934592,1073741824,5100814336,290652160
209,1771649812584,3504,3504,3504,3504,3504,3504,3504,3504,83.16160583496094,81.5536880493164,80.85334014892578,81.45506286621094,67.01054382324219,80.30743408203125,80.61499786376953,80.68384552001953,82.877685546875,71.42857360839844,68.42105102539063,70,70,85,85.71428680419922,76.19047546386719,85,18.683414459228516,8589934592,1073741824,5117755392,290652160
207,1771649812794,3504,3504,3504,3504,3504,3504,3504,3504,83.16160583496094,81.5536880493164,80.85334014892578,81.45506286621094,67.01054382324219,80.30743408203125,80.61499786376953,80.68384552001953,82.877685546875,75,68.18181610107422,75,70,90.90909576416016,90.47618865966797,80.95238494873047,81.81818389892578,19.055980682373047,8589934592,1073741824,5117444096,290652160
201,1771649813002,3504,3504,3504,3504,3504,3504,3504,3504,83.16160583496094,81.5536880493164,80.85334014892578,81.45506286621094,67.01054382324219,80.30743408203125,80.61499786376953,80.68384552001953,82.877685546875,68.18181610107422,65,66.66667175292969,66.66667175292969,85,77.2727279663086,85.71428680419922,85,19.055980682373047,8589934592,1073741824,5114904576,290652160
211,1771649813203,3504,3504,3504,3504,3504,3504,3504,3504,84.85077667236328,83.27310943603516,82.5240478515625,83.07554626464844,68.44302368164063,81.70549774169922,81.97856140136719,82.02989196777344,84.25973510742188,68.42105102539063,71.42857360839844,71.42857360839844,65,90.47618865966797,84.21052551269531,78.94737243652344,76.19047546386719,19.055980682373047,8589934592,1073741824,5126242304,290652160
212,1771649813415,3504,3504,3504,3504,3504,3504,3504,3504,84.85077667236328,83.27310943603516,82.5240478515625,83.07554626464844,68.44302368164063,81.70549774169922,81.97856140136719,82.02989196777344,84.25973510742188,71.42857360839844,70,71.42857360839844,71.42857360839844,85,90.47618865966797,81.81818389892578,85,19.055980682373047,8589934592,1073741824,5094047744,290652160
210,1771649813627,3504,3504,3504,3504,3504,3504,3504,3504,84.85077667236328,83.27310943603516,82.5240478515625,83.07554626464844,68.44302368164063,81.70549774169922,81.97856140136719,82.02989196777344,84.25973510742188,71.42857360839844,71.42857360839844,66.66667175292969,63.6363639831543,86.36363983154297,80.95238494873047,77.2727279663086,86.36363983154297,19.055980682373047,8589934592,1073741824,5072044032,290652160
209,1771649813838,3504,3504,3504,3504,3504,3504,3504,3504,84.85077667236328,83.27310943603516,82.5240478515625,83.07554626464844,68.44302368164063,81.70549774169922,81.97856140136719,82.02989196777344,84.25973510742188,81.81818389892578,72.7272720336914,71.42857360839844,76.19047546386719,85.71428680419922,81.81818389892578,90,85,20.01055908203125,8589934592,1073741824,5101223936,290652160
209,1771649814048,3504,3504,3504,3504,3504,3504,3504,3504,84.85077667236328,83.27310943603516,82.5240478515625,83.07554626464844,68.44302368164063,81.70549774169922,81.97856140136719,82.02989196777344,84.25973510742188,40,42.85714340209961,33.333335876464844,36.3636360168457,42.85714340209961,42.85714340209961,42.85714340209961,40.90909194946289,20.01055908203125,8589934592,1073741824,5099012096,290652160
202,1771649814258,3504,3504,3504,3504,3504,3504,3504,3504,82.05485534667969,80.54469299316406,79.64532470703125,80.17048645019531,68.32931518554688,79.15904235839844,79.27360534667969,79.5818099975586,81.66343688964844,14.285715103149414,19.047618865966797,14.285715103149414,0,0,0,4.545454502105713,4.545454502105713,20.01055908203125,8589934592,1073741824,5092655104,290652160
208,1771649814461,3504,3504,3504,3504,3504,3504,3504,3504,82.05485534667969,80.54469299316406,79.64532470703125,80.17048645019531,68.32931518554688,79.15904235839844,79.27360534667969,79.5818099975586,81.66343688964844,25,25,25,19.047618865966797,0,0,0,0,20.01055908203125,8589934592,1073741824,5093965824,290652160
209,1771649814670,3504,3504,3504,3504,3504,3504,3504,3504,82.05485534667969,80.54469299316406,79.64532470703125,80.17048645019531,68.32931518554688,79.15904235839844,79.27360534667969,79.5818099975586,81.66343688964844,22.72727394104004,23.809524536132813,15.000000953674316,5,0,0,0,0,19.92119598388672,8589934592,1073741824,5090885632,290652160
206,1771649814880,3504,3504,3504,3504,3504,3504,3504,3504,82.05485534667969,80.54469299316406,79.64532470703125,80.17048645019531,68.32931518554688,79.15904235839844,79.27360534667969,79.5818099975586,81.66343688964844,25,10,13.636363983154297,13.636363983154297,0,0,0,0,19.92119598388672,8589934592,1073741824,5090885632,290652160
205,1771649815087,3504,3504,3504,3504,3504,3504,3504,3504,82.05485534667969,80.54469299316406,79.64532470703125,80.17048645019531,68.32931518554688,79.15904235839844,79.27360534667969,79.5818099975586,81.66343688964844,25,14.285715103149414,9.523809432983398,4.761904716491699,0,0,0,0,19.92119598388672,8589934592,1073741824,5090836480,290652160
208,1771649815293,3504,3504,3504,3504,3504,3504,3504,3504,58.66387176513672,58.23529052734375,57.11090850830078,56.948280334472656,57.06312942504883,56.987586975097656,56.50035095214844,57.7747802734375,58.06008529663086,19.047618865966797,20,15.000000953674316,10,0,0,0,0,19.92119598388672,8589934592,1073741824,5089935360,290652160
209,1771649815502,3504,3504,3504,3504,3504,3504,3504,3504,58.66387176513672,58.23529052734375,57.11090850830078,56.948280334472656,57.06312942504883,56.987586975097656,56.50035095214844,57.7747802734375,58.06008529663086,5,22.72727394104004,19.047618865966797,4.761904716491699,0,0,0,0,19.92119598388672,8589934592,1073741824,5089935360,290652160
208,1771649815712,3504,3504,3504,3504,3504,3504,3504,3504,58.66387176513672,58.23529052734375,57.11090850830078,56.948280334472656,57.06312942504883,56.987586975097656,56.50035095214844,57.7747802734375,58.06008529663086,18.18181800842285,20,15.000000953674316,9.523809432983398,0,0,0,0,17.234237670898438,8589934592,1073741824,5089853440,290652160
207,1771649815920,3504,3504,3504,3504,3504,3504,3504,3504,58.66387176513672,58.23529052734375,57.11090850830078,56.948280334472656,57.06312942504883,56.987586975097656,56.50035095214844,57.7747802734375,58.06008529663086,15.000000953674316,19.047618865966797,22.72727394104004,5,0,0,0,0,17.234237670898438,8589934592,1073741824,5089853440,290652160
207,1771649816129,3504,3504,3504,3504,3504,3504,3504,3504,58.66387176513672,58.23529052734375,57.11090850830078,56.948280334472656,57.06312942504883,56.987586975097656,56.50035095214844,57.7747802734375,58.06008529663086,19.047618865966797,20,15.000000953674316,14.285715103149414,0,0,0,0,17.234237670898438,8589934592,1073741824,5089902592,290652160
209,1771649816336,3504,3504,3504,3504,3504,3504,3504,3504,54.445858001708984,54.11537170410156,52.990638732910156,52.80522155761719,53.0966796875,52.92243957519531,52.498329162597656,53.68077850341797,53.897857666015625,19.047618865966797,9.523809432983398,15.000000953674316,4.761904716491699,0,0,0,0,17.234237670898438,8589934592,1073741824,5089902592,290652160
204,1771649816546,3504,3504,3504,3504,3504,3504,3504,3504,54.445858001708984,54.11537170410156,52.990638732910156,52.80522155761719,53.0966796875,52.92243957519531,52.498329162597656,53.68077850341797,53.897857666015625,30.000001907348633,27.272727966308594,27.272727966308594,19.047618865966797,18.18181800842285,18.18181800842285,10,9.523809432983398,17.234237670898438,8589934592,1073741824,5089918976,290652160
209,1771649816752,3504,3504,3504,3504,3504,3504,3504,3504,54.445858001708984,54.11537170410156,52.990638732910156,52.80522155761719,53.0966796875,52.92243957519531,52.498329162597656,53.68077850341797,53.897857666015625,19.047618865966797,21.052631378173828,15.789472579956055,9.523809432983398,0,0,0,0,2.0371251106262207,8589934592,1073741824,5089918976,290652160
200,1771649816962,3504,3504,3504,3504,3504,3504,3504,3504,54.445858001708984,54.11537170410156,52.990638732910156,52.80522155761719,53.0966796875,52.92243957519531,52.498329162597656,53.68077850341797,53.897857666015625,14.285715103149414,27.272727966308594,13.636363983154297,9.523809432983398,0,0,0,0,2.0371251106262207,8589934592,1073741824,5088346112,290652160
208,1771649817162,3504,3504,3504,3504,3504,3504,3504,3504,52.996238708496094,52.31790542602539,51.35767364501953,51.213783264160156,51.3661994934082,51.27190399169922,50.949249267578125,52.185420989990234,52.38051223754883,15.000000953674316,22.22222328186035,15.000000953674316,5.263157844543457,0,0,0,0,2.0371251106262207,8589934592,1073741824,5088591872,290652160
205,1771649817371,3504,3504,3504,3504,3504,3504,3504,3504,52.996238708496094,52.31790542602539,51.35767364501953,51.213783264160156,51.3661994934082,51.27190399169922,50.949249267578125,52.185420989990234,52.38051223754883,20,13.636363983154297,15.000000953674316,9.523809432983398,0,0,0,0,2.0371251106262207,8589934592,1073741824,5088591872,290652160
203,1771649817577,3504,3504,3504,3504,3504,3504,3504,3504,52.996238708496094,52.31790542602539,51.35767364501953,51.213783264160156,51.3661994934082,51.27190399169922,50.949249267578125,52.185420989990234,52.38051223754883,20,14.285715103149414,19.047618865966797,5,0,0,0,0,2.0371251106262207,8589934592,1073741824,5088591872,290652160
205,1771649817781,3504,3504,3504,3504,3504,3504,3504,3504,52.996238708496094,52.31790542602539,51.35767364501953,51.213783264160156,51.3661994934082,51.27190399169922,50.949249267578125,52.185420989990234,52.38051223754883,23.809524536132813,15.000000953674316,19.047618865966797,10,0,0,0,0,2.481489658355713,8589934592,1073741824,5088591872,290652160
203,1771649817987,3504,3504,3504,3504,3504,3504,3504,3504,52.996238708496094,52.31790542602539,51.35767364501953,51.213783264160156,51.3661994934082,51.27190399169922,50.949249267578125,52.185420989990234,52.38051223754883,25,14.285715103149414,20,9.523809432983398,0,0,0,0,2.481489658355713,8589934592,1073741824,5088641024,290652160
208,1771649818191,3504,3504,3504,3504,3504,3504,3504,3504,51.29492950439453,50.41437530517578,49.674049377441406,49.459938049316406,49.86528015136719,49.547203063964844,49.27330017089844,50.524200439453125,50.61924362182617,23.809524536132813,10.526315689086914,15.000000953674316,14.285715103149414,0,0,0,0,2.481489658355713,8589934592,1073741824,5088641024,290652160
202,1771649818399,3504,3504,3504,3504,3504,3504,3504,3504,51.29492950439453,50.41437530517578,49.674049377441406,49.459938049316406,49.86528015136719,49.547203063964844,49.27330017089844,50.524200439453125,50.61924362182617,20,14.285715103149414,9.523809432983398,14.285715103149414,0,4.761904716491699,4.545454502105713,4.545454502105713,2.481489658355713,8589934592,1073741824,5088641024,290652160
201,1771649818602,3504,3504,3504,3504,3504,3504,3504,3504,51.29492950439453,50.41437530517578,49.674049377441406,49.459938049316406,49.86528015136719,49.547203063964844,49.27330017089844,50.524200439453125,50.61924362182617,15.000000953674316,20,10,15.000000953674316,0,0,0,0,2.481489658355713,8589934592,1073741824,5088641024,290652160
209,1771649818804,3504,3504,3504,3504,3504,3504,3504,3504,51.29492950439453,50.41437530517578,49.674049377441406,49.459938049316406,49.86528015136719,49.547203063964844,49.27330017089844,50.524200439453125,50.61924362182617,30.000001907348633,23.809524536132813,25,20,5,5,0,0,2.8503949642181396,8589934592,1073741824,5088641024,290652160
206,1771649819013,3504,3504,3504,3504,3504,3504,3504,3504,51.29492950439453,50.41437530517578,49.674049377441406,49.459938049316406,49.86528015136719,49.547203063964844,49.27330017089844,50.524200439453125,50.61924362182617,33.333335876464844,40,28.571430206298828,28.571430206298828,31.81818199157715,33.333335876464844,28.571430206298828,20,2.8503949642181396,8589934592,1073741824,5083758592,290652160
201,1771649819220,3504,3504,3504,3504,3504,3504,3504,3504,53.290016174316406,52.42186737060547,51.55921936035156,51.457977294921875,49.696353912353516,51.47241973876953,51.117469787597656,52.20174789428711,52.473541259765625,76.19047546386719,71.42857360839844,71.42857360839844,70,89.47368621826172,90,80,80.95238494873047,2.8503949642181396,8589934592,1073741824,5100339200,290652160
210,1771649819421,3504,3504,3504,3504,3504,3504,3504,3504,53.290016174316406,52.42186737060547,51.55921936035156,51.457977294921875,49.696353912353516,51.47241973876953,51.117469787597656,52.20174789428711,52.473541259765625,70,65,70,65,85.71428680419922,85.71428680419922,80,85,2.8503949642181396,8589934592,1073741824,5071994880,290652160
204,1771649819632,3504,3504,3504,3504,3504,3504,3504,3504,53.290016174316406,52.42186737060547,51.55921936035156,51.457977294921875,49.696353912353516,51.47241973876953,51.117469787597656,52.20174789428711,52.473541259765625,72.7272720336914,71.42857360839844,66.66667175292969,66.66667175292969,85.71428680419922,85.71428680419922,81.81818389892578,85.71428680419922,2.8503949642181396,8589934592,1073741824,5116035072,290652160
213,1771649819837,3504,3504,3504,3504,3504,3504,3504,3504,53.290016174316406,52.42186737060547,51.55921936035156,51.457977294921875,49.696353912353516,51.47241973876953,51.117469787597656,52.20174789428711,52.473541259765625,73.68421173095703,71.42857360839844,71.42857360839844,71.42857360839844,90.47618865966797,90,80,80.95238494873047,2.0958075523376465,8589934592,1073741824,5116035072,290652160
209,1771649820050,3504,3504,3504,3504,3504,3504,3504,3504,53.290016174316406,52.42186737060547,51.55921936035156,51.457977294921875,49.696353912353516,51.47241973876953,51.117469787597656,52.20174789428711,52.473541259765625,69.56521606445313,66.66667175292969,70,71.42857360839844,90,85.71428680419922,81.81818389892578,85,2.0958075523376465,8589934592,1073741824,5074534400,290652160
209,1771649820260,3504,3504,3504,3504,3504,3504,3504,3504,76.99092102050781,75.2005615234375,74.43384552001953,75.15290832519531,60.75833511352539,73.79435729980469,74.05948638916016,74.01296997070313,76.2265625,75,75,68.18181610107422,71.42857360839844,86.36363983154297,81.81818389892578,90.47618865966797,77.2727279663086,2.0958075523376465,8589934592,1073741824,5095079936,290652160
200,1771649820470,3504,3504,3504,3504,3504,3504,3504,3504,76.99092102050781,75.2005615234375,74.43384552001953,75.15290832519531,60.75833511352539,73.79435729980469,74.05948638916016,74.01296997070313,76.2265625,75,70,70,66.66667175292969,85,85.71428680419922,85,80.95238494873047,2.0958075523376465,8589934592,1073741824,5095079936,290652160
209,1771649820670,3504,3504,3504,3504,3504,3504,3504,3504,76.99092102050781,75.2005615234375,74.43384552001953,75.15290832519531,60.75833511352539,73.79435729980469,74.05948638916016,74.01296997070313,76.2265625,71.42857360839844,68.18181610107422,70,70,80.95238494873047,89.47368621826172,85,80,4.731733798980713,8589934592,1073741824,5095079936,290652160
209,1771649820880,3504,3504,3504,3504,3504,3504,3504,3504,76.99092102050781,75.2005615234375,74.43384552001953,75.15290832519531,60.75833511352539,73.79435729980469,74.05948638916016,74.01296997070313,76.2265625,68.18181610107422,65,61.904762268066406,66.66667175292969,80.95238494873047,86.36363983154297,77.2727279663086,76.19047546386719,4.731733798980713,8589934592,1073741824,5095079936,290652160
207,1771649821090,3504,3504,3504,3504,3504,3504,3504,3504,76.99092102050781,75.2005615234375,74.43384552001953,75.15290832519531,60.75833511352539,73.79435729980469,74.05948638916016,74.01296997070313,76.2265625,73.68421173095703,72.7272720336914,72.7272720336914,71.42857360839844,85.71428680419922,85.71428680419922,85.71428680419922,85.71428680419922,4.731733798980713,8589934592,1073741824,5124325376,290652160
208,1771649821297,3504,3504,3504,3504,3504,3504,3504,3504,81.20348358154297,79.0752182006836,78.42313385009766,79.29193878173828,64.81402587890625,78.15443420410156,78.07797241210938,78.57730865478516,80.25701141357422,71.42857360839844,65,65,65,90,80.95238494873047,80,80.95238494873047,4.731733798980713,8589934592,1073741824,5100257280,290652160
209,1771649821506,3504,3504,3504,3504,3504,3504,3504,3504,81.20348358154297,79.0752182006836,78.42313385009766,79.29193878173828,64.81402587890625,78.15443420410156,78.07797241210938,78.57730865478516,80.25701141357422,70,66.66667175292969,66.66667175292969,66.66667175292969,80.95238494873047,85.71428680419922,85.71428680419922,80,4.731733798980713,8589934592,1073741824,5074010112,290652160
209,1771649821716,3504,3504,3504,3504,3504,3504,3504,3504,81.20348358154297,79.0752182006836,78.42313385009766,79.29193878173828,64.81402587890625,78.15443420410156,78.07797241210938,78.57730865478516,80.25701141357422,72.7272720336914,71.42857360839844,70,71.42857360839844,86.36363983154297,85,81.81818389892578,81.81818389892578,18.776966094970703,8589934592,1073741824,5074010112,290652160
209,1771649821926,3504,3504,3504,3504,3504,3504,3504,3504,81.20348358154297,79.0752182006836,78.42313385009766,79.29193878173828,64.81402587890625,78.15443420410156,78.07797241210938,78.57730865478516,80.25701141357422,70,70,71.42857360839844,66.66667175292969,94.73684692382813,85.71428680419922,78.94737243652344,78.94737243652344,18.776966094970703,8589934592,1073741824,5074010112,290652160
208,1771649822136,3504,3504,3504,3504,3504,3504,3504,3504,81.20348358154297,79.0752182006836,80.95885467529297,81.6317138671875,67.06159973144531,80.33190155029297,80.40237426757813,80.78839111328125,82.69501495361328,72.7272720336914,72.7272720336914,71.42857360839844,76.19047546386719,86.9565200805664,90.47618865966797,90.47618865966797,86.36363983154297,18.776966094970703,8589934592,1073741824,5097684992,290652160
211,1771649822345,3504,3504,3504,3504,3504,3504,3504,3504,83.4188003540039,81.6971435546875,80.95885467529297,81.6317138671875,67.06159973144531,80.33190155029297,80.40237426757813,80.78839111328125,82.69501495361328,68.18181610107422,65,63.6363639831543,61.904762268066406,90,85.71428680419922,77.2727279663086,80.95238494873047,18.776966094970703,8589934592,1073741824,5090213888,290652160
209,1771649822556,3504,3504,3504,3504,3504,3504,3504,3504,83.4188003540039,81.6971435546875,80.95885467529297,81.6317138671875,67.06159973144531,80.33190155029297,80.40237426757813,80.78839111328125,82.69501495361328,70,68.18181610107422,75,72.7272720336914,85.71428680419922,85.71428680419922,80.95238494873047,85.71428680419922,18.776966094970703,8589934592,1073741824,5116542976,290652160
203,1771649822766,3504,3504,3504,3504,3504,3504,3504,3504,83.4188003540039,81.6971435546875,80.95885467529297,81.6317138671875,67.06159973144531,80.33190155029297,80.40237426757813,80.78839111328125,82.69501495361328,71.42857360839844,65,68.18181610107422,70,85.71428680419922,80.95238494873047,85.71428680419922,81.81818389892578,19.171300888061523,8589934592,1073741824,5128716288,290652160
210,1771649822970,3504,3504,3504,3504,3504,3504,3504,3504,83.4188003540039,81.6971435546875,80.95885467529297,81.6317138671875,67.06159973144531,80.33190155029297,80.40237426757813,80.78839111328125,82.69501495361328,70,66.66667175292969,73.68421173095703,60.000003814697266,80.95238494873047,80.95238494873047,80,84.21052551269531,19.171300888061523,8589934592,1073741824,5137694720,290652160
208,1771649823180,3504,3504,3504,3504,3504,3504,3504,3504,84.78248596191406,83.23912811279297,82.50721740722656,83.00684356689453,68.55411529541016,81.91561889648438,82.20266723632813,82.23759460449219,84.60535430908203,71.42857360839844,70,69.56521606445313,76.19047546386719,90.47618865966797,85.71428680419922,81.81818389892578,81.81818389892578,19.171300888061523,8589934592,1073741824,5093474304,290652160
209,1771649823389,3504,3504,3504,3504,3504,3504,3504,3504,84.78248596191406,83.23912811279297,82.50721740722656,83.00684356689453,68.55411529541016,81.91561889648438,82.20266723632813,82.23759460449219,84.60535430908203,71.42857360839844,71.42857360839844,70,70,90,80,80,85,19.171300888061523,8589934592,1073741824,5070782464,290652160
202,1771649823599,3504,3504,3504,3504,3504,3504,3504,3504,84.78248596191406,83.23912811279297,82.50721740722656,83.00684356689453,68.55411529541016,81.91561889648438,82.20266723632813,82.23759460449219,84.60535430908203,71.42857360839844,66.66667175292969,70,68.18181610107422,85.71428680419922,85.71428680419922,90,77.2727279663086,19.171300888061523,8589934592,1073741824,5092802560,290652160
209,1771649823802,3504,3504,3504,3504,3504,3504,3504,3504,84.78248596191406,83.23912811279297,82.50721740722656,83.00684356689453,68.55411529541016,81.91561889648438,82.20266723632813,82.23759460449219,84.60535430908203,75,71.42857360839844,71.42857360839844,71.42857360839844,85,90.47618865966797,80.95238494873047,90,19.352561950683594,8589934592,1073741824,5115265024,290652160
208,1771649824012,3504,3504,3504,3504,3504,3504,3504,3504,84.78248596191406,83.23912811279297,82.50721740722656,83.00684356689453,68.55411529541016,81.91561889648438,82.20266723632813,82.23759460449219,84.60535430908203,71.42857360839844,70,71.42857360839844,70,85.71428680419922,85.71428680419922,86.36363983154297,85,19.352561950683594,8589934592,1073741824,5121982464,290652160
209,1771649824220,3504,3504,3504,3504,3504,3504,3504,3504,84.32417297363281,82.8336410522461,82.01001739501953,82.41471862792969,69.25582122802734,81.60189056396484,81.5132827758789,81.98404693603516,83.98331451416016,14.285715103149414,22.72727394104004,19.047618865966797,13.636363983154297,14.285715103149414,10,10,13.636363983154297,19.352561950683594,8589934592,1073741824,5089935360,290652160
206,1771649824430,3504,3504,3504,3504,3504,3504,3504,3504,84.32417297363281,82.8336410522461,82.01001739501953,82.41471862792969,69.25582122802734,81.60189056396484,81.5132827758789,81.98404693603516,83.98331451416016,19.047618865966797,4.761904716491699,5,0,9.090909004211426,9.090909004211426,9.523809432983398,0,19.352561950683594,8589934592,1073741824,5090279424,290652160
199,1771649824637,3504,3504,3504,3504,3504,3504,3504,3504,84.32417297363281,82.8336410522461,82.01001739501953,82.41471862792969,69.25582122802734,81.60189056396484,81.5132827758789,81.98404693603516,83.98331451416016,23.809524536132813,19.047618865966797,14.285715103149414,5,0,0,0,0,19.117952346801758,8589934592,1073741824,5090328576,290652160
209,1771649824837,3504,3504,3504,3504,3504,3504,3504,3504,84.32417297363281,82.8336410522461,82.01001739501953,82.41471862792969,69.25582122802734,81.60189056396484,81.5132827758789,81.98404693603516,83.98331451416016,25,10.526315689086914,20,14.285715103149414,0,0,0,0,19.117952346801758,8589934592,1073741824,5087313920,290652160
203,1771649825047,3504,3504,3504,3504,3504,3504,3504,3504,84.32417297363281,82.8336410522461,82.01001739501953,82.41471862792969,69.25582122802734,81.60189056396484,81.5132827758789,81.98404693603516,83.98331451416016,14.285715103149414,19.047618865966797,22.72727394104004,5,0,0,0,0,19.117952346801758,8589934592,1073741824,5087313920,290652160
209,1771649825251,3504,3504,3504,3504,3504,3504,3504,3504,59.847137451171875,59.46784210205078,58.27537536621094,57.98817443847656,58.13918685913086,58.15260314941406,57.60607147216797,58.977840423583984,59.229244232177734,25,15.000000953674316,15.789472579956055,13.636363983154297,0,0,0,0,19.117952346801758,8589934592,1073741824,5087363072,290652160
208,1771649825461,3504,3504,3504,3504,3504,3504,3504,3504,59.847137451171875,59.46784210205078,58.27537536621094,57.98817443847656,58.13918685913086,58.15260314941406,57.60607147216797,58.977840423583984,59.229244232177734,10,15.000000953674316,19.047618865966797,10,0,0,0,0,19.117952346801758,8589934592,1073741824,5086511104,290652160
206,1771649825670,3504,3504,3504,3504,3504,3504,3504,3504,59.847137451171875,59.46784210205078,58.27537536621094,57.98817443847656,58.13918685913086,58.15260314941406,57.60607147216797,58.977840423583984,59.229244232177734,19.047618865966797,18.18181800842285,19.047618865966797,4.761904716491699,0,0,0,0,17.026744842529297,8589934592,1073741824,5086527488,290652160
201,1771649825877,3504,3504,3504,3504,3504,3504,3504,3504,59.847137451171875,59.46784210205078,58.27537536621094,57.98817443847656,58.13918685913086,58.15260314941406,57.60607147216797,58.977840423583984,59.229244232177734,14.285715103149414,23.809524536132813,23.809524536132813,14.285715103149414,0,4.761904716491699,4.545454502105713,0,17.026744842529297,8589934592,1073741824,5086560256,290652160
209,1771649826079,3504,3504,3504,3504,3504,3504,3504,3504,59.847137451171875,59.46784210205078,58.27537536621094,57.98817443847656,58.13918685913086,58.15260314941406,57.60607147216797,58.977840423583984,59.229244232177734,21.052631378173828,15.789472579956055,15.000000953674316,5.263157844543457,5,0,0,4.761904716491699,17.026744842529297,8589934592,1073741824,5087477760,290652160
209,1771649826289,3504,3504,3504,3504,3504,3504,3504,3504,55.028045654296875,54.752994537353516,53.560707092285156,53.231475830078125,53.61722946166992,53.47266387939453,53.03025817871094,54.23438262939453,54.44438934326172,23.809524536132813,19.047618865966797,9.523809432983398,9.090909004211426,0,0,0,0,17.026744842529297,8589934592,1073741824,5087477760,290652160
209,1771649826500,3504,3504,3504,3504,3504,3504,3504,3504,55.028045654296875,54.752994537353516,53.560707092285156,53.231475830078125,53.61722946166992,53.47266387939453,53.03025817871094,54.23438262939453,54.44438934326172,19.047618865966797,19.047618865966797,15.000000953674316,5,8.69565200805664,0,0,0,17.026744842529297,8589934592,1073741824,5087363072,290652160
201,1771649826710,3504,3504,3504,3504,3504,3504,3504,3504,55.028045654296875,54.752994537353516,53.560707092285156,53.231475830078125,53.61722946166992,53.47266387939453,53.03025817871094,54.23438262939453,54.44438934326172,19.047618865966797,19.047618865966797,18.18181800842285,13.636363983154297,0,0,0,0,4.206701755523682,8589934592,1073741824,5087379456,290652160
206,1771649826912,3504,3504,3504,3504,3504,3504,3504,3504,55.028045654296875,54.752994537353516,53.560707092285156,53.231475830078125,53.61722946166992,53.47266387939453,53.03025817871094,54.23438262939453,54.44438934326172,15.000000953674316,15.000000953674316,10.526315689086914,20,0,0,0,0,4.206701755523682,8589934592,1073741824,5087379456,290652160
201,1771649827118,3504,3504,3504,3504,3504,3504,3504,3504,55.028045654296875,54.752994537353516,53.560707092285156,53.231475830078125,53.61722946166992,53.47266387939453,53.03025817871094,54.23438262939453,54.44438934326172,25,14.285715103149414,18.18181800842285,15.000000953674316,0,0,0,0,4.206701755523682,8589934592,1073741824,5087412224,290652160
199,1771649827321,3504,3504,3504,3504,3504,3504,3504,3504,52.97862243652344,52.3809814453125,51.413063049316406,51.089111328125,51.53774642944336,51.32672119140625,50.97057342529297,52.12540054321289,52.355716705322266,38.095237731933594,36.842105865478516,20,38.095237731933594,0,0,0,0,4.206701755523682,8589934592,1073741824,5087363072,290652160
201,1771649827521,3504,3504,3504,3504,3504,3504,3504,3504,52.97862243652344,52.3809814453125,51.413063049316406,51.089111328125,51.53774642944336,51.32672119140625,50.97057342529297,52.12540054321289,52.355716705322266,25,20,10.526315689086914,15.789472579956055,0,0,0,0,4.206701755523682,8589934592,1073741824,5087363072,290652160
9,1771649827722,3504,3504,3504,3504,3504,3504,3504,3504,52.97862243652344,52.3809814453125,51.413063049316406,51.089111328125,51.53774642944336,51.32672119140625,50.97057342529297,52.12540054321289,52.355716705322266,20,19.047618865966797,10,25,0,0,0,0,2.0823557376861572,8589934592,1073741824,5087100928,290652160
