Delta,Time,CPU_FREQUENCY_0,CPU_FREQUENCY_1,CPU_FREQUENCY_2,CPU_FREQUENCY_3,CPU_FREQUENCY_4,CPU_FREQUENCY_5,CPU_FREQUENCY_6,CPU_FREQUENCY_7,CPU_TEMP_0,CPU_TEMP_1,CPU_TEMP_2,CPU_TEMP_3,CPU_TEMP_4,CPU_TEMP_5,CPU_TEMP_6,CPU_TEMP_7,CPU_TEMP_8,CPU_USAGE_0,CPU_USAGE_1,CPU_USAGE_2,CPU_USAGE_3,CPU_USAGE_4,CPU_USAGE_5,CPU_USAGE_6,CPU_USAGE_7,SYSTEM_POWER (Watts),TOTAL_MEMORY,TOTAL_SWAP,USED_MEMORY,USED_SWAP
0,1771638821004,3504,3504,3504,3504,3504,3504,3504,3504,48.1818733215332,47.70967102050781,46.31682586669922,46.368247985839844,46.490081787109375,46.54595184326172,46.05029296875,47.135528564453125,47.29071807861328,50,0,0,0,0,0,0,0,4.602626800537109,8589934592,1073741824,5368774656,307429376
209,1771638821004,3504,3504,3504,3504,3504,3504,3504,3504,48.1818733215332,47.70967102050781,46.31682586669922,46.368247985839844,46.490081787109375,46.54595184326172,46.05029296875,47.135528564453125,47.29071807861328,0,0,50,0,0,0,0,0,4.602626800537109,8589934592,1073741824,5369446400,307429376
208,1771638821215,3504,3504,3504,3504,3504,3504,3504,3504,47.02965545654297,46.8692626953125,45.36454772949219,45.262840270996094,45.171329498291016,45.5234375,44.84076690673828,46.032108306884766,45.972747802734375,20,22.72727394104004,10,9.523809432983398,9.090909004211426,0,0,0,4.602626800537109,8589934592,1073741824,5368102912,307429376
209,1771638821423,3504,3504,3504,3504,3504,3504,3504,3504,47.02965545654297,46.8692626953125,45.36454772949219,45.262840270996094,45.171329498291016,45.5234375,44.84076690673828,46.032108306884766,45.972747802734375,19.047618865966797,25,9.523809432983398,9.523809432983398,0,0,0,0,4.602626800537109,8589934592,1073741824,5368152064,307429376
208,1771638821633,3504,3504,3504,3504,3504,3504,3504,3504,47.02965545654297,46.8692626953125,45.36454772949219,45.262840270996094,45.171329498291016,45.5234375,44.84076690673828,46.032108306884766,45.972747802734375,19.047618865966797,23.809524536132813,14.285715103149414,9.523809432983398,0,0,0,0,4.602626800537109,8589934592,1073741824,5358387200,307429376
206,1771638821843,3504,3504,3504,3504,3504,3504,3504,3504,47.02965545654297,46.8692626953125,45.36454772949219,45.262840270996094,45.171329498291016,45.5234375,44.84076690673828,46.032108306884766,45.972747802734375,23.809524536132813,23.809524536132813,23.809524536132813,14.285715103149414,0,0,0,0,2.359189748764038,8589934592,1073741824,5360467968,307429376
209,1771638822049,3504,3504,3504,3504,3504,3504,3504,3504,47.02965545654297,46.8692626953125,45.36454772949219,45.262840270996094,45.171329498291016,45.5234375,44.84076690673828,46.032108306884766,45.972747802734375,70,71.42857360839844,66.66667175292969,65,90,85.71428680419922,94.73684692382813,80.95238494873047,2.359189748764038,8589934592,1073741824,5408489472,307429376
209,1771638822259,3504,3504,3504,3504,3504,3504,3504,3504,50.07630157470703,49.26203536987305,48.00121307373047,48.13684844970703,45.27613067626953,48.066917419433594,47.924468994140625,48.79167556762695,49.21382141113281,71.42857360839844,70,70,71.42857360839844,90.47618865966797,90,81.81818389892578,80.95238494873047,2.359189748764038,8589934592,1073741824,5413797888,307429376
209,1771638822469,3504,3504,3504,3504,3504,3504,3504,3504,50.07630157470703,49.26203536987305,48.00121307373047,48.13684844970703,45.27613067626953,48.066917419433594,47.924468994140625,48.79167556762695,49.21382141113281,71.42857360839844,63.6363639831543,61.904762268066406,61.904762268066406,80,77.2727279663086,80,76.19047546386719,2.359189748764038,8589934592,1073741824,5409128448,307429376
209,1771638822679,3504,3504,3504,3504,3504,3504,3504,3504,50.07630157470703,49.26203536987305,48.00121307373047,48.13684844970703,45.27613067626953,48.066917419433594,47.924468994140625,48.79167556762695,49.21382141113281,66.66667175292969,65,66.66667175292969,61.904762268066406,81.81818389892578,76.19047546386719,76.19047546386719,80,3.3176426887512207,8589934592,1073741824,5404213248,307429376
208,1771638822889,3504,3504,3504,3504,3504,3504,3504,3504,50.07630157470703,49.26203536987305,48.00121307373047,48.13684844970703,45.27613067626953,48.066917419433594,47.924468994140625,48.79167556762695,49.21382141113281,66.66667175292969,66.66667175292969,63.6363639831543,66.66667175292969,80.95238494873047,80.95238494873047,77.2727279663086,71.42857360839844,3.3176426887512207,8589934592,1073741824,5406195712,307429376
210,1771638823098,3504,3504,3504,3504,3504,3504,3504,3504,50.07630157470703,49.26203536987305,48.00121307373047,48.13684844970703,45.27613067626953,48.066917419433594,47.924468994140625,48.79167556762695,49.21382141113281,66.66667175292969,61.904762268066406,60.000003814697266,61.904762268066406,80.95238494873047,80.95238494873047,80.95238494873047,76.19047546386719,3.3176426887512207,8589934592,1073741824,5433589760,307429376
199,1771638823309,3504,3504,3504,3504,3504,3504,3504,3504,69.47206115722656,67.84904479980469,66.79460144042969,67.6524658203125,55.14069747924805,66.86338806152344,67.0230484008789,67.28524780273438,68.88011169433594,66.66667175292969,66.66667175292969,68.18181610107422,70,86.36363983154297,81.81818389892578,77.2727279663086,76.19047546386719,3.3176426887512207,8589934592,1073741824,5420548096,307429376
209,1771638823509,3504,3504,3504,3504,3504,3504,3504,3504,69.47206115722656,67.84904479980469,66.79460144042969,67.6524658203125,55.14069747924805,66.86338806152344,67.0230484008789,67.28524780273438,68.88011169433594,63.15789031982422,60.000003814697266,57.894737243652344,66.66667175292969,78.94737243652344,78.94737243652344,73.68421173095703,75,3.3176426887512207,8589934592,1073741824,5420548096,307429376
203,1771638823719,3504,3504,3504,3504,3504,3504,3504,3504,69.47206115722656,67.84904479980469,66.79460144042969,67.6524658203125,55.14069747924805,66.86338806152344,67.0230484008789,67.28524780273438,68.88011169433594,66.66667175292969,65,66.66667175292969,66.66667175292969,80.95238494873047,80.95238494873047,80,76.19047546386719,5.525245189666748,8589934592,1073741824,5180096512,307429376
200,1771638823923,3504,3504,3504,3504,3504,3504,3504,3504,69.47206115722656,67.84904479980469,66.79460144042969,67.6524658203125,55.14069747924805,66.86338806152344,67.0230484008789,67.28524780273438,68.88011169433594,61.904762268066406,61.904762268066406,60.000003814697266,65,76.19047546386719,80,72.7272720336914,70,5.525245189666748,8589934592,1073741824,5180506112,307429376
205,1771638824123,3504,3504,3504,3504,3504,3504,3504,3504,69.47206115722656,67.84904479980469,66.79460144042969,67.6524658203125,55.14069747924805,66.86338806152344,67.0230484008789,67.28524780273438,68.88011169433594,70,60.000003814697266,66.66667175292969,61.904762268066406,78.94737243652344,75,78.94737243652344,71.42857360839844,5.525245189666748,8589934592,1073741824,5180506112,307429376
209,1771638824329,3504,3504,3504,3504,3504,3504,3504,3504,72.85887908935547,71.06021118164063,70.11896514892578,70.9816665649414,58.228145599365234,69.71656799316406,69.8663330078125,70.15208435058594,71.83488464355469,66.66667175292969,61.904762268066406,60.000003814697266,60.000003814697266,80,80.95238494873047,71.42857360839844,70,5.525245189666748,8589934592,1073741824,5180506112,307429376
209,1771638824539,3504,3504,3504,3504,3504,3504,3504,3504,72.85887908935547,71.06021118164063,70.11896514892578,70.9816665649414,58.228145599365234,69.71656799316406,69.8663330078125,70.15208435058594,71.83488464355469,70,61.904762268066406,66.66667175292969,66.66667175292969,77.2727279663086,76.19047546386719,76.19047546386719,77.2727279663086,5.525245189666748,8589934592,1073741824,5180506112,307429376
209,1771638824749,3504,3504,3504,3504,3504,3504,3504,3504,72.85887908935547,71.06021118164063,70.11896514892578,70.9816665649414,58.228145599365234,69.71656799316406,69.8663330078125,70.15208435058594,71.83488464355469,68.18181610107422,66.66667175292969,61.904762268066406,66.66667175292969,80,80,80.95238494873047,75,17.41339111328125,8589934592,1073741824,5168693248,307429376
209,1771638824959,3504,3504,3504,3504,3504,3504,3504,3504,72.85887908935547,71.06021118164063,70.11896514892578,70.9816665649414,58.228145599365234,69.71656799316406,69.8663330078125,70.15208435058594,71.83488464355469,66.66667175292969,65,61.904762268066406,61.904762268066406,81.81818389892578,77.2727279663086,77.2727279663086,72.7272720336914,17.41339111328125,8589934592,1073741824,5193744384,307429376
206,1771638825169,3504,3504,3504,3504,3504,3504,3504,3504,73.96096801757813,72.3073501586914,71.35699462890625,72.12574768066406,59.58031463623047,71.09825134277344,71.1783676147461,71.61125183105469,73.18196105957031,70,63.6363639831543,65,66.66667175292969,76.19047546386719,76.19047546386719,80,75,17.41339111328125,8589934592,1073741824,5201149952,307429376
209,1771638825375,3504,3504,3504,3504,3504,3504,3504,3504,73.96096801757813,72.3073501586914,71.35699462890625,72.12574768066406,59.58031463623047,71.09825134277344,71.1783676147461,71.61125183105469,73.18196105957031,66.66667175292969,65,66.66667175292969,65,80,76.19047546386719,75,72.7272720336914,17.41339111328125,8589934592,1073741824,5200609280,307429376
205,1771638825586,3504,3504,3504,3504,3504,3504,3504,3504,73.96096801757813,72.3073501586914,71.35699462890625,72.12574768066406,59.58031463623047,71.09825134277344,71.1783676147461,71.61125183105469,73.18196105957031,65,61.904762268066406,57.142860412597656,59.09090805053711,77.2727279663086,80,72.7272720336914,75,17.41339111328125,8589934592,1073741824,5200609280,307429376
209,1771638825792,3504,3504,3504,3504,3504,3504,3504,3504,73.96096801757813,72.3073501586914,71.35699462890625,72.12574768066406,59.58031463623047,71.09825134277344,71.1783676147461,71.61125183105469,73.18196105957031,68.18181610107422,61.904762268066406,61.904762268066406,60.000003814697266,75,72.7272720336914,75,71.42857360839844,18.073518753051758,8589934592,1073741824,5181308928,307429376
213,1771638826002,3504,3504,3504,3504,3504,3504,3504,3504,73.96096801757813,72.3073501586914,71.35699462890625,72.12574768066406,59.58031463623047,71.09825134277344,71.1783676147461,71.61125183105469,73.18196105957031,61.904762268066406,60.000003814697266,61.904762268066406,61.904762268066406,76.19047546386719,78.94737243652344,75,76.19047546386719,18.073518753051758,8589934592,1073741824,5170053120,307429376
207,1771638826215,3504,3504,3504,3504,3504,3504,3504,3504,75.21675109863281,73.69331359863281,72.70321655273438,73.44021606445313,60.7982292175293,72.27074432373047,72.51692962646484,72.69107055664063,74.61483001708984,70,68.18181610107422,66.66667175292969,66.66667175292969,86.36363983154297,78.26087188720703,77.2727279663086,75,18.073518753051758,8589934592,1073741824,5170053120,307429376
202,1771638826423,3504,3504,3504,3504,3504,3504,3504,3504,75.21675109863281,73.69331359863281,72.70321655273438,73.44021606445313,60.7982292175293,72.27074432373047,72.51692962646484,72.69107055664063,74.61483001708984,72.7272720336914,66.66667175292969,61.904762268066406,66.66667175292969,80,85,76.19047546386719,77.2727279663086,18.073518753051758,8589934592,1073741824,5169545216,307429376
209,1771638826625,3504,3504,3504,3504,3504,3504,3504,3504,75.21675109863281,73.69331359863281,72.70321655273438,73.44021606445313,60.7982292175293,72.27074432373047,72.51692962646484,72.69107055664063,74.61483001708984,63.15789031982422,60.000003814697266,61.904762268066406,60.000003814697266,80,80,76.19047546386719,70,18.073518753051758,8589934592,1073741824,5170266112,307429376
206,1771638826835,3504,3504,3504,3504,3504,3504,3504,3504,75.21675109863281,73.69331359863281,72.70321655273438,73.44021606445313,60.7982292175293,72.27074432373047,72.51692962646484,72.69107055664063,74.61483001708984,68.18181610107422,61.904762268066406,61.904762268066406,61.904762268066406,80.95238494873047,76.19047546386719,75,80.95238494873047,16.910078048706055,8589934592,1073741824,5199642624,307429376
209,1771638827042,3504,3504,3504,3504,3504,3504,3504,3504,75.21675109863281,73.69331359863281,72.70321655273438,73.44021606445313,60.7982292175293,72.27074432373047,72.51692962646484,72.69107055664063,74.61483001708984,33.333335876464844,25,30.000001907348633,25,30.000001907348633,33.333335876464844,31.81818199157715,33.333335876464844,16.910078048706055,8589934592,1073741824,5142183936,307429376
208,1771638827252,3504,3504,3504,3504,3504,3504,3504,3504,72.69034576416016,71.24073028564453,70.22339630126953,70.86590576171875,60.756656646728516,69.63675689697266,69.75717163085938,70.16490173339844,71.83380126953125,15.000000953674316,14.285715103149414,14.285715103149414,4.545454502105713,4.761904716491699,4.761904716491699,0,0,16.910078048706055,8589934592,1073741824,5144100864,307429376
207,1771638827461,3504,3504,3504,3504,3504,3504,3504,3504,72.69034576416016,71.24073028564453,70.22339630126953,70.86590576171875,60.756656646728516,69.63675689697266,69.75717163085938,70.16490173339844,71.83380126953125,19.047618865966797,19.047618865966797,5,9.523809432983398,0,0,0,0,16.910078048706055,8589934592,1073741824,5144526848,307429376
209,1771638827669,3504,3504,3504,3504,3504,3504,3504,3504,72.69034576416016,71.24073028564453,70.22339630126953,70.86590576171875,60.756656646728516,69.63675689697266,69.75717163085938,70.16490173339844,71.83380126953125,19.047618865966797,10,19.047618865966797,5,0,0,0,0,17.49488639831543,8589934592,1073741824,5144526848,307429376
209,1771638827879,3504,3504,3504,3504,3504,3504,3504,3504,72.69034576416016,71.24073028564453,70.22339630126953,70.86590576171875,60.756656646728516,69.63675689697266,69.75717163085938,70.16490173339844,71.83380126953125,20,14.285715103149414,22.72727394104004,9.523809432983398,0,0,0,0,17.49488639831543,8589934592,1073741824,5144494080,307429376
209,1771638828088,3504,3504,3504,3504,3504,3504,3504,3504,72.69034576416016,71.24073028564453,70.22339630126953,70.86590576171875,60.756656646728516,69.63675689697266,69.75717163085938,70.16490173339844,71.83380126953125,23.809524536132813,14.285715103149414,15.789472579956055,9.523809432983398,0,0,0,0,17.49488639831543,8589934592,1073741824,5144608768,307429376
208,1771638828298,3504,3504,3504,3504,3504,3504,3504,3504,52.13872528076172,51.42694854736328,50.359046936035156,50.38623809814453,50.55201721191406,50.287071228027344,50.02336883544922,51.188228607177734,51.366546630859375,28.571430206298828,14.285715103149414,18.18181800842285,9.523809432983398,0,0,0,0,17.49488639831543,8589934592,1073741824,5144608768,307429376
201,1771638828507,3504,3504,3504,3504,3504,3504,3504,3504,52.13872528076172,51.42694854736328,50.359046936035156,50.38623809814453,50.55201721191406,50.287071228027344,50.02336883544922,51.188228607177734,51.366546630859375,25,14.285715103149414,9.523809432983398,9.523809432983398,0,0,0,0,17.49488639831543,8589934592,1073741824,5144608768,307429376
208,1771638828709,3504,3504,3504,3504,3504,3504,3504,3504,52.13872528076172,51.42694854736328,50.359046936035156,50.38623809814453,50.55201721191406,50.287071228027344,50.02336883544922,51.188228607177734,51.366546630859375,33.333335876464844,20,10,10.526315689086914,0,0,0,0,14.355234146118164,8589934592,1073741824,5144608768,307429376
205,1771638828918,3504,3504,3504,3504,3504,3504,3504,3504,52.13872528076172,51.42694854736328,50.359046936035156,50.38623809814453,50.55201721191406,50.287071228027344,50.02336883544922,51.188228607177734,51.366546630859375,28.571430206298828,10,14.285715103149414,9.090909004211426,0,0,0,0,14.355234146118164,8589934592,1073741824,5145034752,307429376
202,1771638829123,3504,3504,3504,3504,3504,3504,3504,3504,52.13872528076172,51.42694854736328,50.359046936035156,50.38623809814453,50.55201721191406,50.287071228027344,50.02336883544922,51.188228607177734,51.366546630859375,30.000001907348633,14.285715103149414,14.285715103149414,15.000000953674316,0,0,0,0,14.355234146118164,8589934592,1073741824,5144969216,307429376
209,1771638829326,3504,3504,3504,3504,3504,3504,3504,3504,48.561038970947266,48.058082580566406,46.706092834472656,46.727325439453125,46.93913650512695,46.876708984375,46.48688507080078,47.5582389831543,47.7173957824707,15.000000953674316,23.809524536132813,5.263157844543457,5,0,0,0,0,14.355234146118164,8589934592,1073741824,5145001984,307429376
209,1771638829536,3504,3504,3504,3504,3504,3504,3504,3504,48.561038970947266,48.058082580566406,46.706092834472656,46.727325439453125,46.93913650512695,46.876708984375,46.48688507080078,47.5582389831543,47.7173957824707,23.809524536132813,19.047618865966797,9.523809432983398,13.636363983154297,0,0,0,0,14.355234146118164,8589934592,1073741824,5144723456,307429376
209,1771638829746,3504,3504,3504,3504,3504,3504,3504,3504,48.561038970947266,48.058082580566406,46.706092834472656,46.727325439453125,46.93913650512695,46.876708984375,46.48688507080078,47.5582389831543,47.7173957824707,14.285715103149414,15.000000953674316,9.523809432983398,0,8.69565200805664,4.545454502105713,0,0,1.9207788705825806,8589934592,1073741824,5144756224,307429376
209,1771638829956,3504,3504,3504,3504,3504,3504,3504,3504,48.561038970947266,48.058082580566406,46.706092834472656,46.727325439453125,46.93913650512695,46.876708984375,46.48688507080078,47.5582389831543,47.7173957824707,20,23.809524536132813,5,5,0,0,0,0,1.9207788705825806,8589934592,1073741824,5144756224,307429376
201,1771638830166,3504,3504,3504,3504,3504,3504,3504,3504,46.61710739135742,46.263450622558594,44.90587615966797,44.93517303466797,45.16178894042969,45.46343994140625,44.78752899169922,45.886138916015625,45.91592025756836,31.81818199157715,14.285715103149414,13.636363983154297,13.636363983154297,0,0,0,0,1.9207788705825806,8589934592,1073741824,5144756224,307429376
208,1771638830368,3504,3504,3504,3504,3504,3504,3504,3504,46.61710739135742,46.263450622558594,44.90587615966797,44.93517303466797,45.16178894042969,45.46343994140625,44.78752899169922,45.886138916015625,45.91592025756836,25,20,21.052631378173828,14.285715103149414,25,0,0,0,1.9207788705825806,8589934592,1073741824,5144723456,307429376
209,1771638830577,3504,3504,3504,3504,3504,3504,3504,3504,46.61710739135742,46.263450622558594,44.90587615966797,44.93517303466797,45.16178894042969,45.46343994140625,44.78752899169922,45.886138916015625,45.91592025756836,30.000001907348633,19.047618865966797,14.285715103149414,15.000000953674316,10,0,0,0,1.9207788705825806,8589934592,1073741824,5144788992,307429376
205,1771638830787,3504,3504,3504,3504,3504,3504,3504,3504,46.61710739135742,46.263450622558594,44.90587615966797,44.93517303466797,45.16178894042969,45.46343994140625,44.78752899169922,45.886138916015625,45.91592025756836,23.809524536132813,19.047618865966797,18.18181800842285,23.809524536132813,0,0,0,0,2.2681756019592285,8589934592,1073741824,5145755648,307429376
206,1771638830993,3504,3504,3504,3504,3504,3504,3504,3504,46.61710739135742,46.263450622558594,44.90587615966797,44.93517303466797,45.16178894042969,45.46343994140625,44.78752899169922,45.886138916015625,45.91592025756836,25,15.000000953674316,10,15.000000953674316,0,0,0,0,2.2681756019592285,8589934592,1073741824,5145788416,307429376
206,1771638831200,3504,3504,3504,3504,3504,3504,3504,3504,45.6961555480957,45.278629302978516,44.01939392089844,43.87896728515625,44.18742370605469,44.05873107910156,43.637794494628906,44.72420120239258,44.8012809753418,27.272727966308594,19.047618865966797,10,9.523809432983398,0,0,0,0,2.2681756019592285,8589934592,1073741824,5144739840,307429376
209,1771638831407,3504,3504,3504,3504,3504,3504,3504,3504,45.6961555480957,45.278629302978516,44.01939392089844,43.87896728515625,44.18742370605469,44.05873107910156,43.637794494628906,44.72420120239258,44.8012809753418,20,20,14.285715103149414,10,0,0,0,0,2.2681756019592285,8589934592,1073741824,5144690688,307429376
208,1771638831617,3504,3504,3504,3504,3504,3504,3504,3504,45.6961555480957,45.278629302978516,44.01939392089844,43.87896728515625,44.18742370605469,44.05873107910156,43.637794494628906,44.72420120239258,44.8012809753418,14.285715103149414,19.047618865966797,14.285715103149414,9.090909004211426,0,0,0,0,2.2681756019592285,8589934592,1073741824,5144477696,307429376
206,1771638831826,3504,3504,3504,3504,3504,3504,3504,3504,45.6961555480957,45.278629302978516,44.01939392089844,43.87896728515625,44.18742370605469,44.05873107910156,43.637794494628906,44.72420120239258,44.8012809753418,19.047618865966797,22.72727394104004,19.047618865966797,10,0,0,0,0,2.207988739013672,8589934592,1073741824,5144510464,307429376
209,1771638832032,3504,3504,3504,3504,3504,3504,3504,3504,45.6961555480957,45.278629302978516,44.01939392089844,43.87896728515625,44.18742370605469,44.05873107910156,43.637794494628906,44.72420120239258,44.8012809753418,40,35,38.095237731933594,28.571430206298828,42.85714340209961,26.3157901763916,28.571430206298828,28.571430206298828,2.207988739013672,8589934592,1073741824,5156388864,307429376
203,1771638832248,3504,3504,3504,3504,3504,3504,3504,3504,47.3110466003418,46.49070358276367,45.31121063232422,45.514732360839844,43.82273483276367,45.42591857910156,45.152069091796875,46.0594596862793,46.35414123535156,71.42857360839844,61.904762268066406,66.66667175292969,66.66667175292969,85.71428680419922,95.23809814453125,80.95238494873047,76.19047546386719,2.207988739013672,8589934592,1073741824,5195726848,307429376
209,1771638832452,3504,3504,3504,3504,3504,3504,3504,3504,47.3110466003418,46.49070358276367,45.31121063232422,45.514732360839844,43.82273483276367,45.42591857910156,45.152069091796875,46.0594596862793,46.35414123535156,76.19047546386719,75,70,71.42857360839844,90,86.36363983154297,81.81818389892578,85,2.207988739013672,8589934592,1073741824,5197709312,307429376
209,1771638832662,3504,3504,3504,3504,3504,3504,3504,3504,47.3110466003418,46.49070358276367,45.31121063232422,45.514732360839844,43.82273483276367,45.42591857910156,45.152069091796875,46.0594596862793,46.35414123535156,65,66.66667175292969,66.66667175292969,65,81.81818389892578,81.81818389892578,85,85.71428680419922,2.6568381786346436,8589934592,1073741824,5185978368,307429376
203,1771638832872,3504,3504,3504,3504,3504,3504,3504,3504,47.3110466003418,46.49070358276367,45.31121063232422,45.514732360839844,43.82273483276367,45.42591857910156,45.152069091796875,46.0594596862793,46.35414123535156,63.6363639831543,57.142860412597656,61.904762268066406,59.09090805053711,76.19047546386719,80,71.42857360839844,68.18181610107422,2.6568381786346436,8589934592,1073741824,5223219200,307429376
209,1771638833076,3504,3504,3504,3504,3504,3504,3504,3504,47.3110466003418,46.49070358276367,45.31121063232422,45.514732360839844,43.82273483276367,45.42591857910156,45.152069091796875,46.0594596862793,46.35414123535156,76.19047546386719,71.42857360839844,65,65,76.19047546386719,80.95238494873047,76.19047546386719,75,2.6568381786346436,8589934592,1073741824,5230100480,307429376
210,1771638833288,3504,3504,3504,3504,3504,3504,3504,3504,69.07109832763672,67.19620513916016,66.20039367675781,67.15037536621094,54.28559494018555,65.8956527709961,66.18153381347656,66.2380599975586,68.06648254394531,80,66.66667175292969,66.66667175292969,66.66667175292969,80,78.94737243652344,80.95238494873047,76.19047546386719,2.6568381786346436,8589934592,1073741824,5182406656,307429376
209,1771638833499,3504,3504,3504,3504,3504,3504,3504,3504,69.07109832763672,67.19620513916016,66.20039367675781,67.15037536621094,54.28559494018555,65.8956527709961,66.18153381347656,66.2380599975586,68.06648254394531,68.18181610107422,65,66.66667175292969,63.6363639831543,76.19047546386719,81.81818389892578,75,80.95238494873047,2.6568381786346436,8589934592,1073741824,5183520768,307429376
209,1771638833709,3504,3504,3504,3504,3504,3504,3504,3504,69.07109832763672,67.19620513916016,66.20039367675781,67.15037536621094,54.28559494018555,65.8956527709961,66.18153381347656,66.2380599975586,68.06648254394531,65,63.6363639831543,61.904762268066406,65,80.95238494873047,77.2727279663086,77.2727279663086,76.19047546386719,1.973070740699768,8589934592,1073741824,5183520768,307429376
207,1771638833919,3504,3504,3504,3504,3504,3504,3504,3504,69.07109832763672,67.19620513916016,66.20039367675781,67.15037536621094,54.28559494018555,65.8956527709961,66.18153381347656,66.2380599975586,68.06648254394531,66.66667175292969,60.000003814697266,61.904762268066406,60.000003814697266,80.95238494873047,80.95238494873047,73.68421173095703,71.42857360839844,1.973070740699768,8589934592,1073741824,5183520768,307429376
209,1771638834126,3504,3504,3504,3504,3504,3504,3504,3504,69.07109832763672,67.19620513916016,66.20039367675781,67.15037536621094,54.28559494018555,65.8956527709961,66.18153381347656,66.2380599975586,68.06648254394531,65,68.18181610107422,61.904762268066406,63.6363639831543,80.95238494873047,70,77.2727279663086,75,1.973070740699768,8589934592,1073741824,5190074368,307429376
205,1771638834336,3504,3504,3504,3504,3504,3504,3504,3504,71.64000701904297,70.06179809570313,69.0968246459961,69.81871795654297,57.51453399658203,69.04815673828125,69.24761199951172,69.46224975585938,71.20832824707031,63.6363639831543,57.142860412597656,61.904762268066406,60.000003814697266,76.19047546386719,80.95238494873047,80.95238494873047,69.56521606445313,1.973070740699768,8589934592,1073741824,5219254272,307429376
209,1771638834542,3504,3504,3504,3504,3504,3504,3504,3504,71.64000701904297,70.06179809570313,69.0968246459961,69.81871795654297,57.51453399658203,69.04815673828125,69.24761199951172,69.46224975585938,71.20832824707031,80.95238494873047,70,66.66667175292969,71.42857360839844,80.95238494873047,80.95238494873047,80,78.94737243652344,1.973070740699768,8589934592,1073741824,5164122112,307429376
209,1771638834752,3504,3504,3504,3504,3504,3504,3504,3504,71.64000701904297,70.06179809570313,69.0968246459961,69.81871795654297,57.51453399658203,69.04815673828125,69.24761199951172,69.46224975585938,71.20832824707031,70,70,70,66.66667175292969,85.71428680419922,90.47618865966797,90.90909576416016,81.81818389892578,17.853017807006836,8589934592,1073741824,5215617024,307429376
209,1771638834962,3504,3504,3504,3504,3504,3504,3504,3504,71.64000701904297,70.06179809570313,69.0968246459961,69.81871795654297,57.51453399658203,69.04815673828125,69.24761199951172,69.46224975585938,71.20832824707031,76.19047546386719,71.42857360839844,68.18181610107422,66.66667175292969,85,85,80.95238494873047,85,17.853017807006836,8589934592,1073741824,5184290816,307429376
217,1771638835172,3504,3504,3504,3504,3504,3504,3504,3504,75.13284301757813,73.10791015625,71.98759460449219,72.95915222167969,59.887733459472656,71.87944793701172,71.96168518066406,72.6480941772461,74.30648040771484,76.19047546386719,68.18181610107422,70,71.42857360839844,81.81818389892578,86.9565200805664,80,80.95238494873047,17.853017807006836,8589934592,1073741824,5223530496,307429376
209,1771638835390,3504,3504,3504,3504,3504,3504,3504,3504,75.13284301757813,73.10791015625,71.98759460449219,72.95915222167969,59.887733459472656,71.87944793701172,71.96168518066406,72.6480941772461,74.30648040771484,71.42857360839844,70,63.6363639831543,68.18181610107422,81.81818389892578,85,86.36363983154297,81.81818389892578,17.853017807006836,8589934592,1073741824,5199151104,307429376
205,1771638835600,3504,3504,3504,3504,3504,3504,3504,3504,75.13284301757813,73.10791015625,71.98759460449219,72.95915222167969,59.887733459472656,71.87944793701172,71.96168518066406,72.6480941772461,74.30648040771484,68.18181610107422,59.09090805053711,61.904762268066406,61.904762268066406,80,80.95238494873047,72.7272720336914,76.19047546386719,17.853017807006836,8589934592,1073741824,5204312064,307429376
209,1771638835806,3504,3504,3504,3504,3504,3504,3504,3504,75.13284301757813,73.10791015625,71.98759460449219,72.95915222167969,59.887733459472656,71.87944793701172,71.96168518066406,72.6480941772461,74.30648040771484,65,61.904762268066406,60.000003814697266,55,80,76.19047546386719,75,71.42857360839844,17.170644760131836,8589934592,1073741824,5229772800,307429376
206,1771638836019,3504,3504,3504,3504,3504,3504,3504,3504,75.13284301757813,73.10791015625,71.98759460449219,72.95915222167969,59.887733459472656,71.87944793701172,71.96168518066406,72.6480941772461,74.30648040771484,63.6363639831543,61.904762268066406,63.6363639831543,63.6363639831543,76.19047546386719,85.71428680419922,75,70,17.170644760131836,8589934592,1073741824,5229772800,307429376
211,1771638836226,3504,3504,3504,3504,3504,3504,3504,3504,76.2391357421875,74.45442199707031,73.5108413696289,74.4288558959961,61.39094543457031,72.95248413085938,73.19625091552734,73.3780746459961,75.33982849121094,61.904762268066406,63.15789031982422,65,65,81.81818389892578,76.19047546386719,72.7272720336914,77.2727279663086,17.170644760131836,8589934592,1073741824,5185028096,307429376
209,1771638836437,3504,3504,3504,3504,3504,3504,3504,3504,76.2391357421875,74.45442199707031,73.5108413696289,74.4288558959961,61.39094543457031,72.95248413085938,73.19625091552734,73.3780746459961,75.33982849121094,65,65.21739196777344,63.6363639831543,63.6363639831543,80.95238494873047,80.95238494873047,71.42857360839844,72.7272720336914,17.170644760131836,8589934592,1073741824,5203591168,307429376
209,1771638836647,3504,3504,3504,3504,3504,3504,3504,3504,76.2391357421875,74.45442199707031,73.5108413696289,74.4288558959961,61.39094543457031,72.95248413085938,73.19625091552734,73.3780746459961,75.33982849121094,61.904762268066406,60.000003814697266,66.66667175292969,60.000003814697266,76.19047546386719,80.95238494873047,76.19047546386719,78.94737243652344,17.661396026611328,8589934592,1073741824,5187076096,307429376
201,1771638836857,3504,3504,3504,3504,3504,3504,3504,3504,76.2391357421875,74.45442199707031,73.5108413696289,74.4288558959961,61.39094543457031,72.95248413085938,73.19625091552734,73.3780746459961,75.33982849121094,66.66667175292969,63.6363639831543,65,66.66667175292969,76.19047546386719,77.2727279663086,85.71428680419922,77.2727279663086,17.661396026611328,8589934592,1073741824,5201707008,307429376
206,1771638837059,3504,3504,3504,3504,3504,3504,3504,3504,76.2391357421875,74.45442199707031,73.5108413696289,74.4288558959961,61.39094543457031,72.95248413085938,73.19625091552734,73.3780746459961,75.33982849121094,65,60.000003814697266,57.142860412597656,47.619049072265625,55,61.11111068725586,55,50,17.661396026611328,8589934592,1073741824,5170495488,307429376
209,1771638837265,3504,3504,3504,3504,3504,3504,3504,3504,74.32086944580078,72.61103057861328,71.72708892822266,72.52603149414063,61.369964599609375,71.44562530517578,71.44644927978516,71.93748474121094,73.55323028564453,25,14.285715103149414,21.052631378173828,10,9.523809432983398,9.090909004211426,4.761904716491699,0,17.661396026611328,8589934592,1073741824,5175902208,307429376
201,1771638837475,3504,3504,3504,3504,3504,3504,3504,3504,74.32086944580078,72.61103057861328,71.72708892822266,72.52603149414063,61.369964599609375,71.44562530517578,71.44644927978516,71.93748474121094,73.55323028564453,19.047618865966797,5.263157844543457,18.18181800842285,4.761904716491699,0,0,0,0,17.661396026611328,8589934592,1073741824,5175918592,307429376
206,1771638837677,3504,3504,3504,3504,3504,3504,3504,3504,74.32086944580078,72.61103057861328,71.72708892822266,72.52603149414063,61.369964599609375,71.44562530517578,71.44644927978516,71.93748474121094,73.55323028564453,15.000000953674316,22.72727394104004,15.000000953674316,10,0,0,0,0,17.851158142089844,8589934592,1073741824,5171871744,307429376
207,1771638837884,3504,3504,3504,3504,3504,3504,3504,3504,74.32086944580078,72.61103057861328,71.72708892822266,72.52603149414063,61.369964599609375,71.44562530517578,71.44644927978516,71.93748474121094,73.55323028564453,14.285715103149414,20,19.047618865966797,5,0,0,0,0,17.851158142089844,8589934592,1073741824,5172199424,307429376
209,1771638838092,3504,3504,3504,3504,3504,3504,3504,3504,74.32086944580078,72.61103057861328,71.72708892822266,72.52603149414063,61.369964599609375,71.44562530517578,71.44644927978516,71.93748474121094,73.55323028564453,19.047618865966797,20,19.047618865966797,13.636363983154297,0,0,0,0,17.851158142089844,8589934592,1073741824,5172117504,307429376
209,1771638838302,3504,3504,3504,3504,3504,3504,3504,3504,52.891300201416016,52.32721710205078,51.22187805175781,51.22502899169922,51.36799240112305,51.128143310546875,50.869110107421875,52.04395294189453,52.2625617980957,15.000000953674316,28.571430206298828,10,5,0,0,0,0,17.851158142089844,8589934592,1073741824,5173248000,307429376
209,1771638838512,3504,3504,3504,3504,3504,3504,3504,3504,52.891300201416016,52.32721710205078,51.22187805175781,51.22502899169922,51.36799240112305,51.128143310546875,50.869110107421875,52.04395294189453,52.2625617980957,14.285715103149414,33.333335876464844,13.636363983154297,14.285715103149414,0,0,0,0,17.851158142089844,8589934592,1073741824,5169840128,307429376
209,1771638838722,3504,3504,3504,3504,3504,3504,3504,3504,52.891300201416016,52.32721710205078,51.22187805175781,51.22502899169922,51.36799240112305,51.128143310546875,50.869110107421875,52.04395294189453,52.2625617980957,23.809524536132813,14.285715103149414,14.285715103149414,14.285715103149414,0,0,0,0,16.910263061523438,8589934592,1073741824,5165907968,307429376
204,1771638838932,3504,3504,3504,3504,3504,3504,3504,3504,52.891300201416016,52.32721710205078,51.22187805175781,51.22502899169922,51.36799240112305,51.128143310546875,50.869110107421875,52.04395294189453,52.2625617980957,23.809524536132813,19.047618865966797,14.285715103149414,14.285715103149414,0,0,0,0,16.910263061523438,8589934592,1073741824,5162188800,307429376
205,1771638839136,3504,3504,3504,3504,3504,3504,3504,3504,52.891300201416016,48.442935943603516,47.20502471923828,47.17346954345703,47.410911560058594,47.28240203857422,46.93543243408203,48.050865173339844,48.22917938232422,23.809524536132813,15.000000953674316,5.263157844543457,10,0,0,0,0,16.910263061523438,8589934592,1073741824,5162188800,307429376
203,1771638839342,3504,3504,3504,3504,3504,3504,3504,3504,48.9366569519043,48.442935943603516,47.20502471923828,47.17346954345703,47.410911560058594,47.28240203857422,46.93543243408203,48.050865173339844,48.22917938232422,23.809524536132813,25,14.285715103149414,5,0,0,0,0,16.910263061523438,8589934592,1073741824,5162631168,307429376
208,1771638839546,3504,3504,3504,3504,3504,3504,3504,3504,48.9366569519043,48.442935943603516,47.20502471923828,47.17346954345703,47.410911560058594,47.28240203857422,46.93543243408203,48.050865173339844,48.22917938232422,21.052631378173828,23.809524536132813,10,14.285715103149414,0,0,0,0,16.910263061523438,8589934592,1073741824,5155667968,307429376
206,1771638839755,3504,3504,3504,3504,3504,3504,3504,3504,48.9366569519043,48.442935943603516,47.20502471923828,47.17346954345703,47.410911560058594,47.28240203857422,46.93543243408203,48.050865173339844,48.22917938232422,14.285715103149414,25,9.523809432983398,5,0,0,0,0,2.33048415184021,8589934592,1073741824,5147901952,307429376
209,1771638839962,3504,3504,3504,3504,3504,3504,3504,3504,48.9366569519043,48.442935943603516,47.20502471923828,47.17346954345703,47.410911560058594,47.28240203857422,46.93543243408203,48.050865173339844,48.22917938232422,19.047618865966797,23.809524536132813,14.285715103149414,13.636363983154297,0,0,0,0,2.33048415184021,8589934592,1073741824,5147820032,307429376
203,1771638840172,3504,3504,3504,3504,3504,3504,3504,3504,46.93244171142578,46.711517333984375,45.33678436279297,45.31837463378906,45.58959197998047,45.83528137207031,45.154197692871094,46.28557205200195,46.35059356689453,30.000001907348633,47.619049072265625,38.095237731933594,28.571430206298828,0,0,0,0,2.33048415184021,8589934592,1073741824,5152374784,307429376
208,1771638840375,3504,3504,3504,3504,3504,3504,3504,3504,46.93244171142578,46.711517333984375,45.33678436279297,45.31837463378906,45.58959197998047,45.83528137207031,45.154197692871094,46.28557205200195,46.35059356689453,23.809524536132813,33.333335876464844,15.000000953674316,30.000001907348633,15.000000953674316,0,0,0,2.33048415184021,8589934592,1073741824,5146853376,307429376
207,1771638840584,3504,3504,3504,3504,3504,3504,3504,3504,46.93244171142578,46.711517333984375,45.33678436279297,45.31837463378906,45.58959197998047,45.83528137207031,45.154197692871094,46.28557205200195,46.35059356689453,20,19.047618865966797,20,5,27.272727966308594,0,0,0,2.33048415184021,8589934592,1073741824,5146574848,307429376
205,1771638840792,3504,3504,3504,3504,3504,3504,3504,3504,46.93244171142578,46.711517333984375,45.33678436279297,45.31837463378906,45.58959197998047,45.83528137207031,45.154197692871094,46.28557205200195,46.35059356689453,23.809524536132813,10,22.72727394104004,9.523809432983398,0,0,0,0,1.8835136890411377,8589934592,1073741824,5147328512,307429376
208,1771638840997,3504,3504,3504,3504,3504,3504,3504,3504,46.93244171142578,46.711517333984375,45.33678436279297,45.31837463378906,45.58959197998047,45.83528137207031,45.154197692871094,46.28557205200195,46.35059356689453,15.000000953674316,15.000000953674316,15.789472579956055,13.636363983154297,0,0,0,0,1.8835136890411377,8589934592,1073741824,5147361280,307429376
201,1771638841207,3504,3504,3504,3504,3504,3504,3504,3504,45.94783020019531,45.72956466674805,44.42485809326172,44.277610778808594,44.560909271240234,44.59241485595703,44.057220458984375,45.134769439697266,45.2692756652832,38.095237731933594,23.809524536132813,28.571430206298828,10,0,0,0,0,1.8835136890411377,8589934592,1073741824,5149556736,307429376
203,1771638841408,3504,3504,3504,3504,3504,3504,3504,3504,45.94783020019531,45.72956466674805,44.42485809326172,44.277610778808594,44.560909271240234,44.59241485595703,44.057220458984375,45.134769439697266,45.2692756652832,40,30.000001907348633,15.000000953674316,15.000000953674316,0,0,0,0,1.8835136890411377,8589934592,1073741824,5149851648,307429376
208,1771638841612,3504,3504,3504,3504,3504,3504,3504,3504,45.94783020019531,45.72956466674805,44.42485809326172,44.277610778808594,44.560909271240234,44.59241485595703,44.057220458984375,45.134769439697266,45.2692756652832,15.000000953674316,25,23.809524536132813,14.285715103149414,10,9.523809432983398,9.523809432983398,9.523809432983398,1.8835136890411377,8589934592,1073741824,5151440896,307429376
208,1771638841821,3504,3504,3504,3504,3504,3504,3504,3504,45.94783020019531,45.72956466674805,44.42485809326172,44.277610778808594,44.560909271240234,44.59241485595703,44.057220458984375,45.134769439697266,45.2692756652832,19.047618865966797,19.047618865966797,15.000000953674316,5,0,0,0,0,2.7056469917297363,8589934592,1073741824,5151473664,307429376
205,1771638842030,3504,3504,3504,3504,3504,3504,3504,3504,45.94783020019531,45.72956466674805,44.42485809326172,44.277610778808594,44.560909271240234,44.59241485595703,44.057220458984375,45.134769439697266,45.2692756652832,28.571430206298828,15.000000953674316,14.285715103149414,10,4.761904716491699,4.761904716491699,4.761904716491699,4.761904716491699,2.7056469917297363,8589934592,1073741824,5130764288,307429376
205,1771638842235,3504,3504,3504,3504,3504,3504,3504,3504,46.29621887207031,45.63142013549805,44.392242431640625,44.36958312988281,43.89379119873047,44.451332092285156,44.22620391845703,45.19105911254883,45.451725006103516,65,65,61.904762268066406,61.904762268066406,90,80.95238494873047,75,75,2.7056469917297363,8589934592,1073741824,5242961920,307429376
207,1771638842441,3504,3504,3504,3504,3504,3504,3504,3504,46.29621887207031,45.63142013549805,44.392242431640625,44.36958312988281,43.89379119873047,44.451332092285156,44.22620391845703,45.19105911254883,45.451725006103516,70,72.7272720336914,70,70,85.71428680419922,85.71428680419922,85.71428680419922,80,2.7056469917297363,8589934592,1073741824,5214896128,307429376
209,1771638842648,3504,3504,3504,3504,3504,3504,3504,3504,46.29621887207031,45.63142013549805,44.392242431640625,44.36958312988281,43.89379119873047,44.451332092285156,44.22620391845703,45.19105911254883,45.451725006103516,66.66667175292969,71.42857360839844,65,66.66667175292969,80,80,70,85,2.505958080291748,8589934592,1073741824,5174870016,307429376
209,1771638842858,3504,3504,3504,3504,3504,3504,3504,3504,46.29621887207031,45.63142013549805,44.392242431640625,44.36958312988281,43.89379119873047,44.451332092285156,44.22620391845703,45.19105911254883,45.451725006103516,66.66667175292969,65,63.6363639831543,61.904762268066406,77.2727279663086,80.95238494873047,76.19047546386719,77.2727279663086,2.505958080291748,8589934592,1073741824,5192204288,307429376
206,1771638843068,3504,3504,3504,3504,3504,3504,3504,3504,46.29621887207031,45.63142013549805,44.392242431640625,44.36958312988281,43.89379119873047,44.451332092285156,44.22620391845703,45.19105911254883,45.451725006103516,65,66.66667175292969,61.904762268066406,65,85,75,75,80.95238494873047,2.505958080291748,8589934592,1073741824,5182488576,307429376
209,1771638843275,3504,3504,3504,3504,3504,3504,3504,3504,68.05926513671875,66.6070327758789,65.51996612548828,66.28915405273438,53.84383773803711,65.3741226196289,65.90387725830078,65.74958038330078,67.91881561279297,63.6363639831543,61.904762268066406,61.904762268066406,63.6363639831543,76.19047546386719,80.95238494873047,77.2727279663086,75,2.505958080291748,8589934592,1073741824,5204213760,307429376
206,1771638843485,3504,3504,3504,3504,3504,3504,3504,3504,68.05926513671875,66.6070327758789,65.51996612548828,66.28915405273438,53.84383773803711,65.3741226196289,65.90387725830078,65.74958038330078,67.91881561279297,70,66.66667175292969,65,60.000003814697266,80,80.95238494873047,73.68421173095703,77.2727279663086,2.505958080291748,8589934592,1073741824,5205835776,307429376
209,1771638843692,3504,3504,3504,3504,3504,3504,3504,3504,68.05926513671875,66.6070327758789,65.51996612548828,66.28915405273438,53.84383773803711,65.3741226196289,65.90387725830078,65.74958038330078,67.91881561279297,66.66667175292969,60.000003814697266,60.000003814697266,61.904762268066406,77.2727279663086,76.19047546386719,73.91304016113281,80,2.944455623626709,8589934592,1073741824,5198069760,307429376
202,1771638843902,3504,3504,3504,3504,3504,3504,3504,3504,68.05926513671875,66.6070327758789,65.51996612548828,66.28915405273438,53.84383773803711,65.3741226196289,65.90387725830078,65.74958038330078,67.91881561279297,61.904762268066406,63.6363639831543,59.09090805053711,57.142860412597656,76.19047546386719,77.2727279663086,75,75,2.944455623626709,8589934592,1073741824,5226758144,307429376
200,1771638844105,3504,3504,3504,3504,3504,3504,3504,3504,68.05926513671875,66.6070327758789,65.51996612548828,66.28915405273438,53.84383773803711,65.3741226196289,65.90387725830078,65.74958038330078,67.91881561279297,65,57.894737243652344,60.000003814697266,65,80,80,76.19047546386719,76.19047546386719,2.944455623626709,8589934592,1073741824,5224710144,307429376
216,1771638844305,3504,3504,3504,3504,3504,3504,3504,3504,71.93751525878906,70.11121368408203,69.15655517578125,70.02787017822266,57.58769607543945,69.0675277709961,69.41946411132813,69.44580078125,71.47557830810547,65,61.904762268066406,61.904762268066406,60.000003814697266,80,75,80,70,2.944455623626709,8589934592,1073741824,5224611840,307429376
205,1771638844521,3504,3504,3504,3504,3504,3504,3504,3504,71.93751525878906,70.11121368408203,69.15655517578125,70.02787017822266,57.58769607543945,69.0675277709961,69.41946411132813,69.44580078125,71.47557830810547,66.66667175292969,63.6363639831543,61.904762268066406,59.09090805053711,76.19047546386719,81.81818389892578,71.42857360839844,76.19047546386719,2.944455623626709,8589934592,1073741824,5180620800,307429376
204,1771638844727,3504,3504,3504,3504,3504,3504,3504,3504,71.93751525878906,70.11121368408203,69.15655517578125,70.02787017822266,57.58769607543945,69.0675277709961,69.41946411132813,69.44580078125,71.47557830810547,66.66667175292969,63.15789031982422,65,66.66667175292969,76.19047546386719,80,75,72.7272720336914,17.686819076538086,8589934592,1073741824,5182291968,307429376
209,1771638844931,3504,3504,3504,3504,3504,3504,3504,3504,71.93751525878906,70.11121368408203,69.15655517578125,70.02787017822266,57.58769607543945,69.0675277709961,69.41946411132813,69.44580078125,71.47557830810547,71.42857360839844,66.66667175292969,70,63.15789031982422,80,78.94737243652344,75,78.94737243652344,17.686819076538086,8589934592,1073741824,5182980096,307429376
205,1771638845141,3504,3504,3504,3504,3504,3504,3504,3504,74.27875518798828,72.42790222167969,71.50199127197266,72.38463592529297,59.5324821472168,71.02630615234375,71.14527130126953,71.4769058227539,73.22509002685547,65,61.904762268066406,63.6363639831543,63.6363639831543,81.81818389892578,81.81818389892578,77.2727279663086,72.7272720336914,17.686819076538086,8589934592,1073741824,5183012864,307429376
208,1771638845347,3504,3504,3504,3504,3504,3504,3504,3504,74.27875518798828,72.42790222167969,71.50199127197266,72.38463592529297,59.5324821472168,71.02630615234375,71.14527130126953,71.4769058227539,73.22509002685547,65,60.000003814697266,60.000003814697266,57.142860412597656,80,75,80,70,17.686819076538086,8589934592,1073741824,5198430208,307429376
202,1771638845556,3504,3504,3504,3504,3504,3504,3504,3504,74.27875518798828,72.42790222167969,71.50199127197266,72.38463592529297,59.5324821472168,71.02630615234375,71.14527130126953,71.4769058227539,73.22509002685547,68.18181610107422,66.66667175292969,65,65,80,80.95238494873047,81.81818389892578,77.2727279663086,17.686819076538086,8589934592,1073741824,5198823424,307429376
209,1771638845759,3504,3504,3504,3504,3504,3504,3504,3504,74.27875518798828,72.42790222167969,71.50199127197266,72.38463592529297,59.5324821472168,71.02630615234375,71.14527130126953,71.4769058227539,73.22509002685547,66.66667175292969,60.000003814697266,61.904762268066406,65,80.95238494873047,80.95238494873047,75,80,17.214780807495117,8589934592,1073741824,5198200832,307429376
201,1771638845969,3504,3504,3504,3504,3504,3504,3504,3504,74.27875518798828,72.42790222167969,71.50199127197266,72.38463592529297,59.5324821472168,71.02630615234375,71.14527130126953,71.4769058227539,73.22509002685547,60.000003814697266,61.904762268066406,61.904762268066406,66.66667175292969,76.19047546386719,76.19047546386719,75,70,17.214780807495117,8589934592,1073741824,5228101632,307429376
202,1771638846171,3504,3504,3504,3504,3504,3504,3504,3504,75.49120330810547,73.70162963867188,72.79863739013672,73.61128234863281,60.93754577636719,72.53060150146484,72.62432861328125,73.03836059570313,74.73026275634766,65,61.904762268066406,60.000003814697266,60.000003814697266,76.19047546386719,78.94737243652344,76.19047546386719,71.42857360839844,17.214780807495117,8589934592,1073741824,5228052480,307429376
212,1771638846373,3504,3504,3504,3504,3504,3504,3504,3504,75.49120330810547,73.70162963867188,72.79863739013672,73.61128234863281,60.93754577636719,72.53060150146484,72.62432861328125,73.03836059570313,74.73026275634766,61.904762268066406,60.000003814697266,61.904762268066406,66.66667175292969,80,72.7272720336914,76.19047546386719,75,17.214780807495117,8589934592,1073741824,5226987520,307429376
211,1771638846585,3504,3504,3504,3504,3504,3504,3504,3504,75.49120330810547,73.70162963867188,72.79863739013672,73.61128234863281,60.93754577636719,72.53060150146484,72.62432861328125,73.03836059570313,74.73026275634766,60.000003814697266,61.904762268066406,61.904762268066406,63.6363639831543,80,80,70,76.19047546386719,17.214780807495117,8589934592,1073741824,5172445184,307429376
209,1771638846797,3504,3504,3504,3504,3504,3504,3504,3504,75.49120330810547,73.70162963867188,72.79863739013672,73.61128234863281,60.93754577636719,72.53060150146484,72.62432861328125,73.03836059570313,74.73026275634766,68.18181610107422,61.904762268066406,61.904762268066406,63.15789031982422,81.81818389892578,76.19047546386719,77.2727279663086,80.95238494873047,17.504234313964844,8589934592,1073741824,5183078400,307429376
201,1771638847007,3504,3504,3504,3504,3504,3504,3504,3504,75.49120330810547,73.70162963867188,72.79863739013672,73.61128234863281,60.93754577636719,72.53060150146484,72.62432861328125,73.03836059570313,74.73026275634766,70,61.904762268066406,61.904762268066406,63.6363639831543,76.19047546386719,85.71428680419922,76.19047546386719,71.42857360839844,17.504234313964844,8589934592,1073741824,5182980096,307429376
206,1771638847209,3504,3504,3504,3504,3504,3504,3504,3504,75.935546875,74.56085968017578,73.54434967041016,74.16329193115234,61.9202995300293,72.90376281738281,73.13512420654297,73.33495330810547,75.29593658447266,45,42.105262756347656,55,35,45,38.095237731933594,31.57894515991211,38.095237731933594,17.504234313964844,8589934592,1073741824,5201264640,307429376
201,1771638847415,3504,3504,3504,3504,3504,3504,3504,3504,75.935546875,74.56085968017578,73.54434967041016,74.16329193115234,61.9202995300293,72.90376281738281,73.13512420654297,73.33495330810547,75.29593658447266,19.047618865966797,9.523809432983398,4.761904716491699,0,9.523809432983398,5,9.090909004211426,0,17.504234313964844,8589934592,1073741824,5194924032,307429376
205,1771638847618,3504,3504,3504,3504,3504,3504,3504,3504,75.935546875,74.56085968017578,73.54434967041016,74.16329193115234,61.9202995300293,72.90376281738281,73.13512420654297,73.33495330810547,75.29593658447266,25,15.000000953674316,10.526315689086914,14.285715103149414,0,0,0,0,17.504234313964844,8589934592,1073741824,5194891264,307429376
201,1771638847823,3504,3504,3504,3504,3504,3504,3504,3504,75.935546875,74.56085968017578,73.54434967041016,74.16329193115234,61.9202995300293,72.90376281738281,73.13512420654297,73.33495330810547,75.29593658447266,23.809524536132813,23.809524536132813,14.285715103149414,9.523809432983398,0,0,0,0,17.74620819091797,8589934592,1073741824,5191598080,307429376
209,1771638848025,3504,3504,3504,3504,3504,3504,3504,3504,75.935546875,74.56085968017578,73.54434967041016,74.16329193115234,61.9202995300293,72.90376281738281,73.13512420654297,73.33495330810547,75.29593658447266,15.000000953674316,14.285715103149414,10,20,0,0,0,0,17.74620819091797,8589934592,1073741824,5191598080,307429376
206,1771638848236,3504,3504,3504,3504,3504,3504,3504,3504,54.14907455444336,53.51044845581055,52.39823913574219,52.429969787597656,52.43584060668945,52.27345275878906,52.01771545410156,53.18272399902344,53.45145034790039,23.809524536132813,20,10,19.047618865966797,0,0,0,0,17.74620819091797,8589934592,1073741824,5191598080,307429376
205,1771638848442,3504,3504,3504,3504,3504,3504,3504,3504,54.14907455444336,53.51044845581055,52.39823913574219,52.429969787597656,52.43584060668945,52.27345275878906,52.01771545410156,53.18272399902344,53.45145034790039,20,10,18.18181800842285,15.000000953674316,0,0,0,0,17.74620819091797,8589934592,1073741824,5191598080,307429376
209,1771638848648,3504,3504,3504,3504,3504,3504,3504,3504,54.14907455444336,53.51044845581055,52.39823913574219,52.429969787597656,52.43584060668945,52.27345275878906,52.01771545410156,53.18272399902344,53.45145034790039,22.72727394104004,19.047618865966797,5.263157844543457,19.047618865966797,0,0,0,0,16.42794418334961,8589934592,1073741824,5181865984,307429376
209,1771638848858,3504,3504,3504,3504,3504,3504,3504,3504,54.14907455444336,53.51044845581055,52.39823913574219,52.429969787597656,52.43584060668945,52.27345275878906,52.01771545410156,53.18272399902344,53.45145034790039,21.052631378173828,14.285715103149414,13.636363983154297,14.285715103149414,0,0,0,0,16.42794418334961,8589934592,1073741824,5171593216,307429376
204,1771638849069,3504,3504,3504,3504,3504,3504,3504,3504,54.14907455444336,53.51044845581055,52.39823913574219,52.429969787597656,52.43584060668945,52.27345275878906,52.01771545410156,53.18272399902344,53.45145034790039,31.81818199157715,9.523809432983398,9.523809432983398,9.523809432983398,0,0,0,0,16.42794418334961,8589934592,1073741824,5171576832,307429376
208,1771638849273,3504,3504,3504,3504,3504,3504,3504,3504,49.469390869140625,48.8587646484375,47.68421936035156,47.67547607421875,47.908348083496094,47.745704650878906,47.434410095214844,48.56194305419922,48.68400573730469,26.3157901763916,20,15.000000953674316,10,0,0,0,0,16.42794418334961,8589934592,1073741824,5171625984,307429376
206,1771638849483,3504,3504,3504,3504,3504,3504,3504,3504,49.469390869140625,48.8587646484375,47.68421936035156,47.67547607421875,47.908348083496094,47.745704650878906,47.434410095214844,48.56194305419922,48.68400573730469,27.272727966308594,19.047618865966797,9.523809432983398,9.523809432983398,0,0,0,0,16.42794418334961,8589934592,1073741824,5171625984,307429376
209,1771638849690,3504,3504,3504,3504,3504,3504,3504,3504,49.469390869140625,48.8587646484375,47.68421936035156,47.67547607421875,47.908348083496094,47.745704650878906,47.434410095214844,48.56194305419922,48.68400573730469,23.809524536132813,25,14.285715103149414,10,0,4.761904716491699,0,4.761904716491699,2.217616319656372,8589934592,1073741824,5170544640,307429376
208,1771638849900,3504,3504,3504,3504,3504,3504,3504,3504,49.469390869140625,48.8587646484375,47.68421936035156,47.67547607421875,47.908348083496094,47.745704650878906,47.434410095214844,48.56194305419922,48.68400573730469,10,22.72727394104004,9.523809432983398,18.18181800842285,9.090909004211426,0,0,0,2.217616319656372,8589934592,1073741824,5162467328,307429376
205,1771638850109,3504,3504,3504,3504,3504,3504,3504,3504,49.469390869140625,48.8587646484375,47.68421936035156,47.67547607421875,47.908348083496094,47.745704650878906,47.434410095214844,48.56194305419922,48.68400573730469,28.571430206298828,25,20,35,0,0,0,0,2.217616319656372,8589934592,1073741824,5159927808,307429376
207,1771638850315,3504,3504,3504,3504,3504,3504,3504,3504,47.5742073059082,47.22908020019531,45.731971740722656,45.79792022705078,46.0357780456543,46.18292999267578,45.62035369873047,46.694313049316406,46.82233810424805,33.333335876464844,23.809524536132813,23.809524536132813,28.571430206298828,0,0,0,0,2.217616319656372,8589934592,1073741824,5158912000,307429376
202,1771638850523,3504,3504,3504,3504,3504,3504,3504,3504,47.5742073059082,47.22908020019531,45.731971740722656,45.79792022705078,46.0357780456543,46.18292999267578,45.62035369873047,46.694313049316406,46.82233810424805,35,25,19.047618865966797,15.000000953674316,35,0,0,0,2.217616319656372,8589934592,1073741824,5158912000,307429376
209,1771638850725,3504,3504,3504,3504,3504,3504,3504,3504,47.5742073059082,47.22908020019531,45.731971740722656,45.79792022705078,46.0357780456543,46.18292999267578,45.62035369873047,46.694313049316406,46.82233810424805,20,20,15.000000953674316,10,0,0,0,0,1.9452545642852783,8589934592,1073741824,5159845888,307429376
205,1771638850936,3504,3504,3504,3504,3504,3504,3504,3504,47.5742073059082,47.22908020019531,45.731971740722656,45.79792022705078,46.0357780456543,46.18292999267578,45.62035369873047,46.694313049316406,46.82233810424805,23.809524536132813,9.523809432983398,14.285715103149414,9.090909004211426,4.545454502105713,4.761904716491699,0,0,1.9452545642852783,8589934592,1073741824,5159878656,307429376
206,1771638851142,3504,3504,3504,3504,3504,3504,3504,3504,46.36759567260742,46.172061920166016,44.802635192871094,44.60578155517578,44.90653610229492,45.15277099609375,44.48136901855469,45.61491775512695,45.623199462890625,25,14.285715103149414,10,10,0,0,0,0,1.9452545642852783,8589934592,1073741824,5159878656,307429376
208,1771638851348,3504,3504,3504,3504,3504,3504,3504,3504,46.36759567260742,46.172061920166016,44.802635192871094,44.60578155517578,44.90653610229492,45.15277099609375,44.48136901855469,45.61491775512695,45.623199462890625,23.809524536132813,20,14.285715103149414,19.047618865966797,0,0,0,0,1.9452545642852783,8589934592,1073741824,5159878656,307429376
208,1771638851557,3504,3504,3504,3504,3504,3504,3504,3504,46.36759567260742,46.172061920166016,44.802635192871094,44.60578155517578,44.90653610229492,45.15277099609375,44.48136901855469,45.61491775512695,45.623199462890625,19.047618865966797,14.285715103149414,5,15.000000953674316,0,0,0,0,1.9452545642852783,8589934592,1073741824,5159878656,307429376
209,1771638851766,3504,3504,3504,3504,3504,3504,3504,3504,46.36759567260742,46.172061920166016,44.802635192871094,44.60578155517578,44.90653610229492,45.15277099609375,44.48136901855469,45.61491775512695,45.623199462890625,15.000000953674316,14.285715103149414,9.523809432983398,14.285715103149414,0,0,0,0,2.5300803184509277,8589934592,1073741824,5159878656,307429376
205,1771638851975,3504,3504,3504,3504,3504,3504,3504,3504,46.36759567260742,46.172061920166016,44.802635192871094,44.60578155517578,44.90653610229492,45.15277099609375,44.48136901855469,45.61491775512695,45.623199462890625,33.333335876464844,14.285715103149414,18.18181800842285,9.523809432983398,0,0,0,0,2.5300803184509277,8589934592,1073741824,5159862272,307429376
206,1771638852182,3504,3504,3504,3504,3504,3504,3504,3504,45.49652099609375,44.798248291015625,43.626747131347656,43.316925048828125,43.95505905151367,43.872314453125,43.50457000732422,44.57880401611328,44.64934158325195,33.333335876464844,30.000001907348633,25,19.047618865966797,23.809524536132813,19.047618865966797,20,20,2.5300803184509277,8589934592,1073741824,5159862272,307429376
210,1771638852388,3504,3504,3504,3504,3504,3504,3504,3504,45.49652099609375,44.798248291015625,43.626747131347656,43.316925048828125,43.95505905151367,43.872314453125,43.50457000732422,44.57880401611328,44.64934158325195,75,71.42857360839844,70,75,94.73684692382813,90,85.71428680419922,80,2.5300803184509277,8589934592,1073741824,5159862272,307429376
213,1771638852599,3504,3504,3504,3504,3504,3504,3504,3504,45.49652099609375,44.798248291015625,43.626747131347656,43.316925048828125,43.95505905151367,43.872314453125,43.50457000732422,44.57880401611328,44.64934158325195,71.42857360839844,70,71.42857360839844,71.42857360839844,90.90909576416016,85.71428680419922,81.81818389892578,86.36363983154297,2.5300803184509277,8589934592,1073741824,5159862272,307429376
209,1771638852812,3504,3504,3504,3504,3504,3504,3504,3504,45.49652099609375,44.798248291015625,43.626747131347656,43.316925048828125,43.95505905151367,43.872314453125,43.50457000732422,44.57880401611328,44.64934158325195,77.2727279663086,72.7272720336914,72.7272720336914,71.42857360839844,85.71428680419922,85.71428680419922,90.47618865966797,85,2.480029582977295,8589934592,1073741824,5197316096,307429376
202,1771638853022,3504,3504,3504,3504,3504,3504,3504,3504,45.49652099609375,44.798248291015625,43.626747131347656,43.316925048828125,43.95505905151367,43.872314453125,43.50457000732422,44.57880401611328,44.64934158325195,66.66667175292969,66.66667175292969,61.904762268066406,63.6363639831543,80.95238494873047,76.19047546386719,75,77.2727279663086,2.480029582977295,8589934592,1073741824,5175754752,307429376
209,1771638853225,3504,3504,3504,3504,3504,3504,3504,3504,67.94020080566406,66.61964416503906,65.39767456054688,65.8763427734375,53.50861740112305,65.24168395996094,65.5369873046875,65.72679901123047,67.50862884521484,70,65,70,63.15789031982422,90,80.95238494873047,80.95238494873047,80,2.480029582977295,8589934592,1073741824,5190975488,307429376
204,1771638853435,3504,3504,3504,3504,3504,3504,3504,3504,67.94020080566406,66.61964416503906,65.39767456054688,65.8763427734375,53.50861740112305,65.24168395996094,65.5369873046875,65.72679901123047,67.50862884521484,66.66667175292969,61.904762268066406,57.142860412597656,59.09090805053711,72.7272720336914,76.19047546386719,76.19047546386719,70,2.480029582977295,8589934592,1073741824,5234589696,307429376
200,1771638853640,3504,3504,3504,3504,3504,3504,3504,3504,67.94020080566406,66.61964416503906,65.39767456054688,65.8763427734375,53.50861740112305,65.24168395996094,65.5369873046875,65.72679901123047,67.50862884521484,65,61.904762268066406,65,65,84.21052551269531,80,76.19047546386719,77.2727279663086,1.897074818611145,8589934592,1073741824,5229854720,307429376
211,1771638853840,3504,3504,3504,3504,3504,3504,3504,3504,67.94020080566406,66.61964416503906,65.39767456054688,65.8763427734375,53.50861740112305,65.24168395996094,65.5369873046875,65.72679901123047,67.50862884521484,70,63.15789031982422,65,60.000003814697266,76.19047546386719,80.95238494873047,73.68421173095703,73.68421173095703,1.897074818611145,8589934592,1073741824,5228150784,307429376
203,1771638854055,3504,3504,3504,3504,3504,3504,3504,3504,67.94020080566406,66.61964416503906,65.39767456054688,65.8763427734375,53.50861740112305,65.24168395996094,65.5369873046875,65.72679901123047,67.50862884521484,63.6363639831543,63.6363639831543,59.09090805053711,63.6363639831543,80.95238494873047,80.95238494873047,77.2727279663086,72.7272720336914,1.897074818611145,8589934592,1073741824,5185191936,307429376
209,1771638854258,3504,3504,3504,3504,3504,3504,3504,3504,72.16303253173828,70.49212646484375,69.56221008300781,70.1025619506836,58.0063362121582,69.27085876464844,69.47085571289063,69.71540832519531,71.45809173583984,70,63.15789031982422,63.15789031982422,63.15789031982422,76.19047546386719,75,75,76.19047546386719,1.897074818611145,8589934592,1073741824,5185191936,307429376
206,1771638854468,3504,3504,3504,3504,3504,3504,3504,3504,72.16303253173828,70.49212646484375,69.56221008300781,70.1025619506836,58.0063362121582,69.27085876464844,69.47085571289063,69.71540832519531,71.45809173583984,70,63.6363639831543,63.6363639831543,63.6363639831543,80.95238494873047,85,76.19047546386719,75,1.897074818611145,8589934592,1073741824,5185191936,307429376
205,1771638854675,3504,3504,3504,3504,3504,3504,3504,3504,72.16303253173828,70.49212646484375,69.56221008300781,70.1025619506836,58.0063362121582,69.27085876464844,69.47085571289063,69.71540832519531,71.45809173583984,66.66667175292969,60.000003814697266,60.000003814697266,60.000003814697266,80.95238494873047,77.2727279663086,76.19047546386719,76.19047546386719,15.300520896911621,8589934592,1073741824,5185191936,307429376
209,1771638854881,3504,3504,3504,3504,3504,3504,3504,3504,72.16303253173828,70.49212646484375,69.56221008300781,70.1025619506836,58.0063362121582,69.27085876464844,69.47085571289063,69.71540832519531,71.45809173583984,61.904762268066406,61.904762268066406,63.6363639831543,63.6363639831543,80,76.19047546386719,71.42857360839844,75,15.300520896911621,8589934592,1073741824,5198462976,307429376
201,1771638855091,3504,3504,3504,3504,3504,3504,3504,3504,72.16303253173828,70.49212646484375,69.56221008300781,70.1025619506836,58.0063362121582,69.27085876464844,69.47085571289063,69.71540832519531,71.45809173583984,71.42857360839844,61.904762268066406,63.15789031982422,65,75,80,80.95238494873047,80.95238494873047,15.300520896911621,8589934592,1073741824,5198544896,307429376
203,1771638855292,3504,3504,3504,3504,3504,3504,3504,3504,74.51375579833984,72.71727752685547,71.7631607055664,72.4652328491211,59.84668731689453,71.64859008789063,71.8808364868164,72.09322357177734,73.9524917602539,65,65,61.904762268066406,61.904762268066406,80.95238494873047,76.19047546386719,73.68421173095703,71.42857360839844,15.300520896911621,8589934592,1073741824,5198561280,307429376
201,1771638855496,3504,3504,3504,3504,3504,3504,3504,3504,74.51375579833984,72.71727752685547,71.7631607055664,72.4652328491211,59.84668731689453,71.64859008789063,71.8808364868164,72.09322357177734,73.9524917602539,70,65,65,63.15789031982422,85.71428680419922,84.21052551269531,76.19047546386719,73.68421173095703,15.300520896911621,8589934592,1073741824,5198561280,307429376
209,1771638855698,3504,3504,3504,3504,3504,3504,3504,3504,74.51375579833984,72.71727752685547,71.7631607055664,72.4652328491211,59.84668731689453,71.64859008789063,71.8808364868164,72.09322357177734,73.9524917602539,65,60.000003814697266,60.000003814697266,61.904762268066406,77.77777862548828,77.2727279663086,80,76.19047546386719,17.878995895385742,8589934592,1073741824,5198561280,307429376
200,1771638855908,3504,3504,3504,3504,3504,3504,3504,3504,74.51375579833984,72.71727752685547,71.7631607055664,72.4652328491211,59.84668731689453,71.64859008789063,71.8808364868164,72.09322357177734,73.9524917602539,68.18181610107422,61.904762268066406,57.142860412597656,60.000003814697266,72.7272720336914,75,71.42857360839844,72.7272720336914,17.878995895385742,8589934592,1073741824,5197037568,307429376
209,1771638856108,3504,3504,3504,3504,3504,3504,3504,3504,74.51375579833984,72.71727752685547,71.7631607055664,72.4652328491211,59.84668731689453,71.64859008789063,71.8808364868164,72.09322357177734,73.9524917602539,63.15789031982422,66.66667175292969,61.904762268066406,61.904762268066406,85,75,75,78.94737243652344,17.878995895385742,8589934592,1073741824,5233655808,307429376
209,1771638856318,3504,3504,3504,3504,3504,3504,3504,3504,75.73538208007813,74.29364013671875,73.23190307617188,73.771484375,61.30137252807617,72.8194808959961,72.95484161376953,73.26174926757813,75.12046813964844,66.66667175292969,65,60.000003814697266,65,75,80,80.95238494873047,71.42857360839844,17.878995895385742,8589934592,1073741824,5233655808,307429376
209,1771638856528,3504,3504,3504,3504,3504,3504,3504,3504,75.73538208007813,74.29364013671875,73.23190307617188,73.771484375,61.30137252807617,72.8194808959961,72.95484161376953,73.26174926757813,75.12046813964844,61.904762268066406,63.6363639831543,66.66667175292969,61.904762268066406,81.81818389892578,77.2727279663086,80.95238494873047,75,17.878995895385742,8589934592,1073741824,5233655808,307429376
203,1771638856738,3504,3504,3504,3504,3504,3504,3504,3504,75.73538208007813,74.29364013671875,73.23190307617188,73.771484375,61.30137252807617,72.8194808959961,72.95484161376953,73.26174926757813,75.12046813964844,61.904762268066406,65,65,59.09090805053711,76.19047546386719,76.19047546386719,71.42857360839844,68.18181610107422,17.47264862060547,8589934592,1073741824,5233655808,307429376
209,1771638856942,3504,3504,3504,3504,3504,3504,3504,3504,75.73538208007813,74.29364013671875,73.23190307617188,73.771484375,61.30137252807617,72.8194808959961,72.95484161376953,73.26174926757813,75.12046813964844,70,66.66667175292969,68.18181610107422,65,80.95238494873047,90,80,84.21052551269531,17.47264862060547,8589934592,1073741824,5190991872,307429376
206,1771638857152,3504,3504,3504,3504,3504,3504,3504,3504,76.80762481689453,75.0188980102539,74.10051727294922,74.78124237060547,62.197601318359375,73.68157958984375,73.75456237792969,74.14448547363281,75.82671356201172,61.904762268066406,60.000003814697266,66.66667175292969,60.000003814697266,76.19047546386719,76.19047546386719,68.18181610107422,69.56521606445313,17.47264862060547,8589934592,1073741824,5221367808,307429376
209,1771638857358,3504,3504,3504,3504,3504,3504,3504,3504,76.80762481689453,75.0188980102539,74.10051727294922,74.78124237060547,62.197601318359375,73.68157958984375,73.75456237792969,74.14448547363281,75.82671356201172,14.285715103149414,19.047618865966797,15.000000953674316,14.285715103149414,15.000000953674316,19.047618865966797,15.000000953674316,10,17.47264862060547,8589934592,1073741824,5186912256,307429376
204,1771638857569,3504,3504,3504,3504,3504,3504,3504,3504,76.80762481689453,75.0188980102539,74.10051727294922,74.78124237060547,62.197601318359375,73.68157958984375,73.75456237792969,74.14448547363281,75.82671356201172,14.285715103149414,19.047618865966797,0,0,4.545454502105713,0,0,0,17.47264862060547,8589934592,1073741824,5186912256,307429376
207,1771638857773,3504,3504,3504,3504,3504,3504,3504,3504,76.80762481689453,75.0188980102539,74.10051727294922,74.78124237060547,62.197601318359375,73.68157958984375,73.75456237792969,74.14448547363281,75.82671356201172,15.789472579956055,15.000000953674316,14.285715103149414,9.523809432983398,0,0,0,0,17.39796257019043,8589934592,1073741824,5186912256,307429376
209,1771638857981,3504,3504,3504,3504,3504,3504,3504,3504,76.80762481689453,75.0188980102539,74.10051727294922,74.78124237060547,62.197601318359375,73.68157958984375,73.75456237792969,74.14448547363281,75.82671356201172,27.272727966308594,23.809524536132813,14.285715103149414,10,0,0,0,0,17.39796257019043,8589934592,1073741824,5183619072,307429376
206,1771638858192,3504,3504,3504,3504,3504,3504,3504,3504,55.91123580932617,55.2570915222168,54.12321472167969,53.9576416015625,53.697322845458984,53.94720458984375,53.680809020996094,54.850669860839844,55.15153121948242,20,23.809524536132813,14.285715103149414,9.523809432983398,0,0,0,0,17.39796257019043,8589934592,1073741824,5183700992,307429376
203,1771638858399,3504,3504,3504,3504,3504,3504,3504,3504,55.91123580932617,55.2570915222168,54.12321472167969,53.9576416015625,53.697322845458984,53.94720458984375,53.680809020996094,54.850669860839844,55.15153121948242,14.285715103149414,20,19.047618865966797,9.523809432983398,0,0,0,0,17.39796257019043,8589934592,1073741824,5183700992,307429376
207,1771638858602,3504,3504,3504,3504,3504,3504,3504,3504,55.91123580932617,55.2570915222168,54.12321472167969,53.9576416015625,53.697322845458984,53.94720458984375,53.680809020996094,54.850669860839844,55.15153121948242,15.000000953674316,15.000000953674316,15.000000953674316,9.523809432983398,0,0,0,0,17.39796257019043,8589934592,1073741824,5183700992,307429376
203,1771638858811,3504,3504,3504,3504,3504,3504,3504,3504,55.91123580932617,55.2570915222168,54.12321472167969,53.9576416015625,53.697322845458984,53.94720458984375,53.680809020996094,54.850669860839844,55.15153121948242,14.285715103149414,23.809524536132813,20,10,0,0,0,0,17.231122970581055,8589934592,1073741824,5183700992,307429376
207,1771638859015,3504,3504,3504,3504,3504,3504,3504,3504,55.91123580932617,55.2570915222168,54.12321472167969,53.9576416015625,53.697322845458984,53.94720458984375,53.680809020996094,54.850669860839844,55.15153121948242,19.047618865966797,19.047618865966797,19.047618865966797,5,0,0,0,0,17.231122970581055,8589934592,1073741824,5174362112,307429376
202,1771638859223,3504,3504,3504,3504,3504,3504,3504,3504,49.914249420166016,49.31502914428711,48.240623474121094,47.925575256347656,48.471981048583984,48.25749969482422,47.978187561035156,49.13154602050781,49.24921798706055,20,19.047618865966797,20,9.523809432983398,0,0,0,0,17.231122970581055,8589934592,1073741824,5174394880,307429376
209,1771638859425,3504,3504,3504,3504,3504,3504,3504,3504,49.914249420166016,49.31502914428711,48.240623474121094,47.925575256347656,48.471981048583984,48.25749969482422,47.978187561035156,49.13154602050781,49.24921798706055,23.809524536132813,10.526315689086914,19.047618865966797,5.263157844543457,0,0,0,0,17.231122970581055,8589934592,1073741824,5174378496,307429376
208,1771638859635,3504,3504,3504,3504,3504,3504,3504,3504,49.914249420166016,49.31502914428711,48.240623474121094,47.925575256347656,48.471981048583984,48.25749969482422,47.978187561035156,49.13154602050781,49.24921798706055,20,14.285715103149414,15.000000953674316,13.636363983154297,0,0,0,0,4.159060001373291,8589934592,1073741824,5174247424,307429376
203,1771638859844,3504,3504,3504,3504,3504,3504,3504,3504,49.914249420166016,49.31502914428711,48.240623474121094,47.925575256347656,48.471981048583984,48.25749969482422,47.978187561035156,49.13154602050781,49.24921798706055,15.000000953674316,27.272727966308594,14.285715103149414,19.047618865966797,0,0,0,0,4.159060001373291,8589934592,1073741824,5174231040,307429376
208,1771638860047,3504,3504,3504,3504,3504,3504,3504,3504,49.914249420166016,49.31502914428711,48.240623474121094,47.925575256347656,48.471981048583984,48.25749969482422,47.978187561035156,49.13154602050781,49.24921798706055,14.285715103149414,25,14.285715103149414,10,0,0,0,0,4.159060001373291,8589934592,1073741824,5164466176,307429376
202,1771638860256,3504,3504,3504,3504,3504,3504,3504,3504,47.95256042480469,47.612571716308594,46.17216491699219,45.93731689453125,46.47978591918945,46.521026611328125,46.01361083984375,47.086002349853516,47.24272155761719,25,23.809524536132813,10,5,0,0,0,0,4.159060001373291,8589934592,1073741824,5159600128,307429376
202,1771638860458,3504,3504,3504,3504,3504,3504,3504,3504,47.95256042480469,47.612571716308594,46.17216491699219,45.93731689453125,46.47978591918945,46.521026611328125,46.01361083984375,47.086002349853516,47.24272155761719,23.809524536132813,15.000000953674316,15.000000953674316,15.000000953674316,21.052631378173828,0,0,0,4.159060001373291,8589934592,1073741824,5160042496,307429376
209,1771638860661,3504,3504,3504,3504,3504,3504,3504,3504,47.95256042480469,47.612571716308594,46.17216491699219,45.93731689453125,46.47978591918945,46.521026611328125,46.01361083984375,47.086002349853516,47.24272155761719,25,20,14.285715103149414,9.523809432983398,15.000000953674316,0,0,0,2.254446506500244,8589934592,1073741824,5160075264,307429376
203,1771638860871,3504,3504,3504,3504,3504,3504,3504,3504,47.95256042480469,47.612571716308594,46.17216491699219,45.93731689453125,46.47978591918945,46.521026611328125,46.01361083984375,47.086002349853516,47.24272155761719,20,23.809524536132813,10,9.523809432983398,0,0,0,0,2.254446506500244,8589934592,1073741824,5160075264,307429376
209,1771638861075,3504,3504,3504,3504,3504,3504,3504,3504,47.95256042480469,47.612571716308594,46.17216491699219,45.93731689453125,46.47978591918945,46.521026611328125,46.01361083984375,47.086002349853516,47.24272155761719,23.809524536132813,15.000000953674316,19.047618865966797,10,0,0,0,0,2.254446506500244,8589934592,1073741824,5159976960,307429376
206,1771638861285,3504,3504,3504,3504,3504,3504,3504,3504,46.681358337402344,46.64743423461914,45.210296630859375,44.83191680908203,45.36705017089844,45.595176696777344,44.88850402832031,46.053688049316406,46.0173225402832,19.047618865966797,10,14.285715103149414,19.047618865966797,4.545454502105713,0,0,0,2.254446506500244,8589934592,1073741824,5159927808,307429376
209,1771638861492,3504,3504,3504,3504,3504,3504,3504,3504,46.681358337402344,46.64743423461914,45.210296630859375,44.83191680908203,45.36705017089844,45.595176696777344,44.88850402832031,46.053688049316406,46.0173225402832,30.000001907348633,23.809524536132813,23.809524536132813,28.571430206298828,4.761904716491699,5,5,0,2.254446506500244,8589934592,1073741824,5161877504,307429376
204,1771638861702,3504,3504,3504,3504,3504,3504,3504,3504,46.681358337402344,46.64743423461914,45.210296630859375,44.83191680908203,45.36705017089844,45.595176696777344,44.88850402832031,46.053688049316406,46.0173225402832,19.047618865966797,14.285715103149414,15.000000953674316,14.285715103149414,0,0,0,0,3.1491830348968506,8589934592,1073741824,5161877504,307429376
201,1771638861906,3504,3504,3504,3504,3504,3504,3504,3504,46.681358337402344,46.64743423461914,45.210296630859375,44.83191680908203,45.36705017089844,45.595176696777344,44.88850402832031,46.053688049316406,46.0173225402832,10,15.000000953674316,20,10,0,0,0,0,3.1491830348968506,8589934592,1073741824,5161877504,307429376
209,1771638862109,3504,3504,3504,3504,3504,3504,3504,3504,46.681358337402344,46.64743423461914,45.210296630859375,44.83191680908203,45.36705017089844,45.595176696777344,44.88850402832031,46.053688049316406,46.0173225402832,15.000000953674316,15.000000953674316,20,10,0,0,0,0,3.1491830348968506,8589934592,1073741824,5161926656,307429376
205,1771638862318,3504,3504,3504,3504,3504,3504,3504,3504,45.78430938720703,45.22773361206055,44.056671142578125,43.728736877441406,44.335205078125,44.438453674316406,43.91606140136719,45.016387939453125,45.063533782958984,33.333335876464844,42.85714340209961,33.333335876464844,28.571430206298828,42.85714340209961,38.095237731933594,38.095237731933594,33.333335876464844,3.1491830348968506,8589934592,1073741824,5202427904,307429376
201,1771638862524,3504,3504,3504,3504,3504,3504,3504,3504,45.78430938720703,45.22773361206055,44.056671142578125,43.728736877441406,44.335205078125,44.438453674316406,43.91606140136719,45.016387939453125,45.063533782958984,70,66.66667175292969,66.66667175292969,70,80.95238494873047,85,85.71428680419922,90.47618865966797,3.1491830348968506,8589934592,1073741824,5199249408,307429376
209,1771638862725,3504,3504,3504,3504,3504,3504,3504,3504,45.78430938720703,45.22773361206055,44.056671142578125,43.728736877441406,44.335205078125,44.438453674316406,43.91606140136719,45.016387939453125,45.063533782958984,66.66667175292969,65,70,68.18181610107422,95,80.95238494873047,75,75,2.319509983062744,8589934592,1073741824,5198839808,307429376
209,1771638862935,3504,3504,3504,3504,3504,3504,3504,3504,45.78430938720703,45.22773361206055,44.056671142578125,43.728736877441406,44.335205078125,44.438453674316406,43.91606140136719,45.016387939453125,45.063533782958984,66.66667175292969,71.42857360839844,65,65,80.95238494873047,85,76.19047546386719,85,2.319509983062744,8589934592,1073741824,5235228672,307429376
209,1771638863145,3504,3504,3504,3504,3504,3504,3504,3504,65.1417007446289,63.7528076171875,62.68568420410156,63.133453369140625,52.30878829956055,62.799537658691406,63.07514190673828,63.20940399169922,64.86615753173828,71.42857360839844,65,68.18181610107422,70,80.95238494873047,80.95238494873047,80,72.7272720336914,2.319509983062744,8589934592,1073741824,5229592576,307429376
202,1771638863355,3504,3504,3504,3504,3504,3504,3504,3504,65.1417007446289,63.7528076171875,62.68568420410156,63.133453369140625,52.30878829956055,62.799537658691406,63.07514190673828,63.20940399169922,64.86615753173828,61.904762268066406,68.18181610107422,57.142860412597656,59.09090805053711,75,76.19047546386719,71.42857360839844,80.95238494873047,2.319509983062744,8589934592,1073741824,5210456064,307429376
213,1771638863558,3504,3504,3504,3504,3504,3504,3504,3504,65.1417007446289,63.7528076171875,62.68568420410156,63.133453369140625,52.30878829956055,62.799537658691406,63.07514190673828,63.20940399169922,64.86615753173828,65,60.000003814697266,65,61.904762268066406,76.19047546386719,80,80,73.68421173095703,2.319509983062744,8589934592,1073741824,5211258880,307429376
210,1771638863771,3504,3504,3504,3504,3504,3504,3504,3504,65.1417007446289,63.7528076171875,62.68568420410156,63.133453369140625,52.30878829956055,62.799537658691406,63.07514190673828,63.20940399169922,64.86615753173828,66.66667175292969,66.66667175292969,61.904762268066406,65,85.71428680419922,77.2727279663086,73.91304016113281,72.7272720336914,2.4553191661834717,8589934592,1073741824,5198741504,307429376
209,1771638863981,3504,3504,3504,3504,3504,3504,3504,3504,65.1417007446289,63.7528076171875,62.68568420410156,63.133453369140625,52.30878829956055,62.799537658691406,63.07514190673828,63.20940399169922,64.86615753173828,65,66.66667175292969,65,63.6363639831543,76.19047546386719,80.95238494873047,80.95238494873047,76.19047546386719,2.4553191661834717,8589934592,1073741824,5188747264,307429376
208,1771638864191,3504,3504,3504,3504,3504,3504,3504,3504,72.42393493652344,70.46501159667969,69.55465698242188,70.29080963134766,57.98554611206055,69.56741333007813,69.76806640625,69.98523712158203,71.77388763427734,63.6363639831543,65,65.21739196777344,65,80.95238494873047,85.71428680419922,76.19047546386719,76.19047546386719,2.4553191661834717,8589934592,1073741824,5196398592,307429376
210,1771638864401,3504,3504,3504,3504,3504,3504,3504,3504,72.42393493652344,70.46501159667969,69.55465698242188,70.29080963134766,57.98554611206055,69.56741333007813,69.76806640625,69.98523712158203,71.77388763427734,66.66667175292969,68.18181610107422,60.000003814697266,60.000003814697266,75,75,71.42857360839844,76.19047546386719,2.4553191661834717,8589934592,1073741824,5221908480,307429376
209,1771638864611,3504,3504,3504,3504,3504,3504,3504,3504,72.42393493652344,70.46501159667969,69.55465698242188,70.29080963134766,57.98554611206055,69.56741333007813,69.76806640625,69.98523712158203,71.77388763427734,63.6363639831543,66.66667175292969,66.66667175292969,63.6363639831543,81.81818389892578,80.95238494873047,80,75,2.4553191661834717,8589934592,1073741824,5220909056,307429376
205,1771638864821,3504,3504,3504,3504,3504,3504,3504,3504,72.42393493652344,70.46501159667969,69.55465698242188,70.29080963134766,57.98554611206055,69.56741333007813,69.76806640625,69.98523712158203,71.77388763427734,60.000003814697266,63.6363639831543,59.09090805053711,60.000003814697266,77.2727279663086,76.19047546386719,76.19047546386719,72.7272720336914,15.75103759765625,8589934592,1073741824,5220909056,307429376
209,1771638865026,3504,3504,3504,3504,3504,3504,3504,3504,72.42393493652344,70.46501159667969,69.55465698242188,70.29080963134766,57.98554611206055,69.56741333007813,69.76806640625,69.98523712158203,71.77388763427734,65,70,60.000003814697266,59.09090805053711,75,80.95238494873047,71.42857360839844,71.42857360839844,15.75103759765625,8589934592,1073741824,5220909056,307429376
205,1771638865237,3504,3504,3504,3504,3504,3504,3504,3504,74.57891082763672,72.87155151367188,71.8627700805664,72.4854507446289,60.052757263183594,71.70650482177734,71.8690414428711,72.10344696044922,73.91624450683594,66.66667175292969,65,66.66667175292969,66.66667175292969,85,80,75,75,15.75103759765625,8589934592,1073741824,5189255168,307429376
209,1771638865442,3504,3504,3504,3504,3504,3504,3504,3504,74.57891082763672,72.87155151367188,71.8627700805664,72.4854507446289,60.052757263183594,71.70650482177734,71.8690414428711,72.10344696044922,73.91624450683594,63.6363639831543,66.66667175292969,60.000003814697266,65,80.95238494873047,80.95238494873047,76.19047546386719,76.19047546386719,15.75103759765625,8589934592,1073741824,5189222400,307429376
209,1771638865652,3504,3504,3504,3504,3504,3504,3504,3504,74.57891082763672,72.87155151367188,71.8627700805664,72.4854507446289,60.052757263183594,71.70650482177734,71.8690414428711,72.10344696044922,73.91624450683594,68.42105102539063,70,66.66667175292969,65,80.95238494873047,81.81818389892578,76.19047546386719,76.19047546386719,17.04178810119629,8589934592,1073741824,5188337664,307429376
206,1771638865862,3504,3504,3504,3504,3504,3504,3504,3504,74.57891082763672,72.87155151367188,71.8627700805664,72.4854507446289,60.052757263183594,71.70650482177734,71.8690414428711,72.10344696044922,73.91624450683594,63.6363639831543,59.09090805053711,61.904762268066406,59.09090805053711,80.95238494873047,76.19047546386719,76.19047546386719,71.42857360839844,17.04178810119629,8589934592,1073741824,5188337664,307429376
207,1771638866068,3504,3504,3504,3504,3504,3504,3504,3504,74.57891082763672,72.87155151367188,71.8627700805664,72.4854507446289,60.052757263183594,71.70650482177734,71.8690414428711,72.10344696044922,73.91624450683594,61.904762268066406,66.66667175292969,61.904762268066406,66.66667175292969,80.95238494873047,80.95238494873047,71.42857360839844,76.19047546386719,17.04178810119629,8589934592,1073741824,5188337664,307429376
204,1771638866276,3504,3504,3504,3504,3504,3504,3504,3504,76.22463989257813,74.55024719238281,73.53193664550781,74.14065551757813,61.575313568115234,73.15853118896484,73.36255645751953,73.51529693603516,75.43661499023438,71.42857360839844,65,65,66.66667175292969,80.95238494873047,80.95238494873047,80,71.42857360839844,17.04178810119629,8589934592,1073741824,5219287040,307429376
207,1771638866481,3504,3504,3504,3504,3504,3504,3504,3504,76.22463989257813,74.55024719238281,73.53193664550781,74.14065551757813,61.575313568115234,73.15853118896484,73.36255645751953,73.51529693603516,75.43661499023438,63.15789031982422,63.6363639831543,61.904762268066406,63.15789031982422,80,80,76.19047546386719,75,17.04178810119629,8589934592,1073741824,5217730560,307429376
201,1771638866689,3504,3504,3504,3504,3504,3504,3504,3504,76.22463989257813,74.55024719238281,73.53193664550781,74.14065551757813,61.575313568115234,73.15853118896484,73.36255645751953,73.51529693603516,75.43661499023438,63.6363639831543,60.000003814697266,60.000003814697266,63.6363639831543,76.19047546386719,80.95238494873047,71.42857360839844,71.42857360839844,18.015480041503906,8589934592,1073741824,5197250560,307429376
212,1771638866891,3504,3504,3504,3504,3504,3504,3504,3504,76.22463989257813,74.55024719238281,73.53193664550781,74.14065551757813,61.575313568115234,73.15853118896484,73.36255645751953,73.51529693603516,75.43661499023438,65,65,60.000003814697266,63.15789031982422,80,80,75,75,18.015480041503906,8589934592,1073741824,5198200832,307429376
203,1771638867104,3504,3504,3504,3504,3504,3504,3504,3504,76.22463989257813,74.55024719238281,73.53193664550781,74.14065551757813,61.575313568115234,73.15853118896484,73.36255645751953,73.51529693603516,75.43661499023438,71.42857360839844,63.6363639831543,65.21739196777344,63.6363639831543,80.95238494873047,80.95238494873047,77.2727279663086,70,18.015480041503906,8589934592,1073741824,5198200832,307429376
209,1771638867308,3504,3504,3504,3504,3504,3504,3504,3504,77.53009796142578,75.6863784790039,74.69036865234375,75.42227172851563,62.59295654296875,74.22001647949219,74.22218322753906,74.67436218261719,76.32792663574219,65,63.15789031982422,57.894737243652344,57.142860412597656,75,70,75,65.21739196777344,18.015480041503906,8589934592,1073741824,5201510400,307429376
208,1771638867518,3504,3504,3504,3504,3504,3504,3504,3504,77.53009796142578,75.6863784790039,74.69036865234375,75.42227172851563,62.59295654296875,74.22001647949219,74.22218322753906,74.67436218261719,76.32792663574219,14.285715103149414,4.761904716491699,9.090909004211426,0,9.090909004211426,4.761904716491699,0,0,18.015480041503906,8589934592,1073741824,5186289664,307429376
207,1771638867727,3504,3504,3504,3504,3504,3504,3504,3504,77.53009796142578,75.6863784790039,74.69036865234375,75.42227172851563,62.59295654296875,74.22001647949219,74.22218322753906,74.67436218261719,76.32792663574219,19.047618865966797,19.047618865966797,10,18.18181800842285,0,0,0,0,18.297142028808594,8589934592,1073741824,5186273280,307429376
209,1771638867936,3504,3504,3504,3504,3504,3504,3504,3504,77.53009796142578,75.6863784790039,74.69036865234375,75.42227172851563,62.59295654296875,74.22001647949219,74.22218322753906,74.67436218261719,76.32792663574219,25,19.047618865966797,10,5,0,0,0,0,18.297142028808594,8589934592,1073741824,5186273280,307429376
209,1771638868145,3504,3504,3504,3504,3504,3504,3504,3504,59.00714111328125,58.511959075927734,57.238800048828125,57.050384521484375,55.501678466796875,57.1033935546875,56.81018829345703,57.961280822753906,58.34269714355469,27.272727966308594,15.000000953674316,18.18181800842285,13.636363983154297,4.545454502105713,0,0,0,18.297142028808594,8589934592,1073741824,5186273280,307429376
202,1771638868356,3504,3504,3504,3504,3504,3504,3504,3504,59.00714111328125,58.511959075927734,57.238800048828125,57.050384521484375,55.501678466796875,57.1033935546875,56.81018829345703,57.961280822753906,58.34269714355469,15.000000953674316,19.047618865966797,10,5,0,0,0,0,18.297142028808594,8589934592,1073741824,5183209472,307429376
209,1771638868558,3504,3504,3504,3504,3504,3504,3504,3504,59.00714111328125,58.511959075927734,57.238800048828125,57.050384521484375,55.501678466796875,57.1033935546875,56.81018829345703,57.961280822753906,58.34269714355469,15.000000953674316,23.809524536132813,14.285715103149414,9.523809432983398,0,0,0,0,18.297142028808594,8589934592,1073741824,5179719680,307429376
204,1771638868769,3504,3504,3504,3504,3504,3504,3504,3504,59.00714111328125,58.511959075927734,57.238800048828125,57.050384521484375,55.501678466796875,57.1033935546875,56.81018829345703,57.961280822753906,58.34269714355469,22.72727394104004,19.047618865966797,9.523809432983398,5,0,0,0,0,17.711030960083008,8589934592,1073741824,5172969472,307429376
209,1771638868973,3504,3504,3504,3504,3504,3504,3504,3504,59.00714111328125,58.511959075927734,57.238800048828125,57.050384521484375,55.501678466796875,57.1033935546875,56.81018829345703,57.961280822753906,58.34269714355469,25,15.000000953674316,5,9.523809432983398,0,0,0,0,17.711030960083008,8589934592,1073741824,5173067776,307429376
206,1771638869183,3504,3504,3504,3504,3504,3504,3504,3504,50.675357818603516,49.90717697143555,48.91240692138672,48.60868835449219,49.15872573852539,48.91529846191406,48.62561798095703,49.826358795166016,49.936004638671875,28.571430206298828,13.636363983154297,14.285715103149414,9.523809432983398,0,0,0,0,17.711030960083008,8589934592,1073741824,5173100544,307429376
208,1771638869390,3504,3504,3504,3504,3504,3504,3504,3504,50.675357818603516,49.90717697143555,48.91240692138672,48.60868835449219,49.15872573852539,48.91529846191406,48.62561798095703,49.826358795166016,49.936004638671875,20,15.789472579956055,9.523809432983398,5,0,0,0,0,17.711030960083008,8589934592,1073741824,5173035008,307429376
209,1771638869599,3504,3504,3504,3504,3504,3504,3504,3504,50.675357818603516,49.90717697143555,48.91240692138672,48.60868835449219,49.15872573852539,48.91529846191406,48.62561798095703,49.826358795166016,49.936004638671875,23.809524536132813,23.809524536132813,14.285715103149414,10,0,0,0,0,17.711030960083008,8589934592,1073741824,5173149696,307429376
209,1771638869809,3504,3504,3504,3504,3504,3504,3504,3504,50.675357818603516,49.90717697143555,48.91240692138672,48.60868835449219,49.15872573852539,48.91529846191406,48.62561798095703,49.826358795166016,49.936004638671875,15.000000953674316,23.809524536132813,5,9.090909004211426,0,0,0,0,7.520847797393799,8589934592,1073741824,5173100544,307429376
209,1771638870019,3504,3504,3504,3504,3504,3504,3504,3504,50.675357818603516,49.90717697143555,48.91240692138672,48.60868835449219,49.15872573852539,48.91529846191406,48.62561798095703,49.826358795166016,49.936004638671875,14.285715103149414,14.285715103149414,28.571430206298828,9.523809432983398,0,0,0,0,7.520847797393799,8589934592,1073741824,5173100544,307429376
209,1771638870229,3504,3504,3504,3504,3504,3504,3504,3504,48.57364273071289,48.06024169921875,46.71156311035156,46.45146942138672,46.92383575439453,46.912689208984375,46.52278137207031,47.61589050292969,47.80270004272461,14.285715103149414,5,23.809524536132813,5,0,0,0,0,7.520847797393799,8589934592,1073741824,5173100544,307429376
202,1771638870439,3504,3504,3504,3504,3504,3504,3504,3504,48.57364273071289,48.06024169921875,46.71156311035156,46.45146942138672,46.92383575439453,46.912689208984375,46.52278137207031,47.61589050292969,47.80270004272461,22.72727394104004,14.285715103149414,23.809524536132813,9.523809432983398,0,0,0,0,7.520847797393799,8589934592,1073741824,5158617088,307429376
209,1771638870642,3504,3504,3504,3504,3504,3504,3504,3504,48.57364273071289,48.06024169921875,46.71156311035156,46.45146942138672,46.92383575439453,46.912689208984375,46.52278137207031,47.61589050292969,47.80270004272461,36.842105865478516,45.45454788208008,40,38.095237731933594,60.000003814697266,20,20,15.000000953674316,1.9689292907714844,8589934592,1073741824,5160140800,307429376
206,1771638870852,3504,3504,3504,3504,3504,3504,3504,3504,48.57364273071289,48.06024169921875,46.71156311035156,46.45146942138672,46.92383575439453,46.912689208984375,46.52278137207031,47.61589050292969,47.80270004272461,19.047618865966797,5.263157844543457,4.761904716491699,14.285715103149414,0,0,0,0,1.9689292907714844,8589934592,1073741824,5160255488,307429376
209,1771638871058,3504,3504,3504,3504,3504,3504,3504,3504,48.57364273071289,48.06024169921875,46.71156311035156,46.45146942138672,46.92383575439453,46.912689208984375,46.52278137207031,47.61589050292969,47.80270004272461,15.000000953674316,19.047618865966797,10,15.000000953674316,0,0,0,0,1.9689292907714844,8589934592,1073741824,5160321024,307429376
208,1771638871269,3504,3504,3504,3504,3504,3504,3504,3504,47.701171875,47.55508041381836,45.96168518066406,45.6142578125,46.005306243896484,46.24982452392578,45.65570068359375,46.803184509277344,46.90528106689453,14.285715103149414,19.047618865966797,13.636363983154297,19.047618865966797,0,0,0,0,1.9689292907714844,8589934592,1073741824,5160337408,307429376
209,1771638871477,3504,3504,3504,3504,3504,3504,3504,3504,47.701171875,47.55508041381836,45.96168518066406,45.6142578125,46.005306243896484,46.24982452392578,45.65570068359375,46.803184509277344,46.90528106689453,19.047618865966797,19.047618865966797,10,14.285715103149414,0,0,0,0,1.9689292907714844,8589934592,1073741824,5160321024,307429376
204,1771638871687,3504,3504,3504,3504,3504,3504,3504,3504,47.701171875,47.55508041381836,45.96168518066406,45.6142578125,46.005306243896484,46.24982452392578,45.65570068359375,46.803184509277344,46.90528106689453,28.571430206298828,19.047618865966797,14.285715103149414,14.285715103149414,0,0,0,0,2.6158535480499268,8589934592,1073741824,5160239104,307429376
209,1771638871892,3504,3504,3504,3504,3504,3504,3504,3504,47.701171875,47.55508041381836,45.96168518066406,45.6142578125,46.005306243896484,46.24982452392578,45.65570068359375,46.803184509277344,46.90528106689453,25,15.000000953674316,15.000000953674316,10,0,0,0,0,2.6158535480499268,8589934592,1073741824,5160468480,307429376
199,1771638872102,3504,3504,3504,3504,3504,3504,3504,3504,47.701171875,47.55508041381836,45.96168518066406,45.6142578125,46.005306243896484,46.24982452392578,45.65570068359375,46.803184509277344,46.90528106689453,22.72727394104004,10,22.72727394104004,9.523809432983398,0,0,0,0,2.6158535480499268,8589934592,1073741824,5160501248,307429376
205,1771638872302,3504,3504,3504,3504,3504,3504,3504,3504,46.15398406982422,45.74254608154297,44.49578094482422,44.16577911376953,44.74708557128906,45.04637145996094,44.369659423828125,45.48331069946289,45.53104019165039,21.052631378173828,19.047618865966797,21.052631378173828,10,0,0,0,0,2.6158535480499268,8589934592,1073741824,5160484864,307429376
206,1771638872511,3504,3504,3504,3504,3504,3504,3504,3504,46.15398406982422,45.74254608154297,44.49578094482422,44.16577911376953,44.74708557128906,45.04637145996094,44.369659423828125,45.48331069946289,45.53104019165039,65,55,61.904762268066406,57.142860412597656,85,76.19047546386719,65,71.42857360839844,2.6158535480499268,8589934592,1073741824,5184946176,307429376
206,1771638872718,3504,3504,3504,3504,3504,3504,3504,3504,46.15398406982422,45.74254608154297,44.49578094482422,44.16577911376953,44.74708557128906,45.04637145996094,44.369659423828125,45.48331069946289,45.53104019165039,72.7272720336914,72.7272720336914,71.42857360839844,71.42857360839844,86.36363983154297,90.47618865966797,85.71428680419922,80,2.9260752201080322,8589934592,1073741824,5227937792,307429376
201,1771638872925,3504,3504,3504,3504,3504,3504,3504,3504,46.15398406982422,45.74254608154297,44.49578094482422,44.16577911376953,44.74708557128906,45.04637145996094,44.369659423828125,45.48331069946289,45.53104019165039,65,60.000003814697266,61.904762268066406,60.000003814697266,80.95238494873047,76.19047546386719,72.7272720336914,77.2727279663086,2.9260752201080322,8589934592,1073741824,5210423296,307429376
200,1771638873126,3504,3504,3504,3504,3504,3504,3504,3504,46.15398406982422,45.74254608154297,44.49578094482422,44.16577911376953,44.74708557128906,45.04637145996094,44.369659423828125,45.48331069946289,45.53104019165039,60.000003814697266,65,68.42105102539063,66.66667175292969,78.94737243652344,80,73.68421173095703,78.94737243652344,2.9260752201080322,8589934592,1073741824,5192187904,307429376
209,1771638873327,3504,3504,3504,3504,3504,3504,3504,3504,62.96395492553711,61.566200256347656,60.504905700683594,60.91448211669922,51.329872131347656,60.42717742919922,60.647178649902344,60.75442886352539,62.40107727050781,66.66667175292969,63.15789031982422,70,63.15789031982422,80,85,70,70,2.9260752201080322,8589934592,1073741824,5195628544,307429376
210,1771638873537,3504,3504,3504,3504,3504,3504,3504,3504,62.96395492553711,61.566200256347656,60.504905700683594,60.91448211669922,51.329872131347656,60.42717742919922,60.647178649902344,60.75442886352539,62.40107727050781,65,63.6363639831543,63.6363639831543,66.66667175292969,80.95238494873047,80.95238494873047,77.2727279663086,72.7272720336914,2.9260752201080322,8589934592,1073741824,5207605248,307429376
203,1771638873748,3504,3504,3504,3504,3504,3504,3504,3504,62.96395492553711,61.566200256347656,60.504905700683594,60.91448211669922,51.329872131347656,60.42717742919922,60.647178649902344,60.75442886352539,62.40107727050781,66.66667175292969,66.66667175292969,70,61.904762268066406,80,85.71428680419922,76.19047546386719,75,2.0571582317352295,8589934592,1073741824,5188583424,307429376
205,1771638873952,3504,3504,3504,3504,3504,3504,3504,3504,62.96395492553711,61.566200256347656,60.504905700683594,60.91448211669922,51.329872131347656,60.42717742919922,60.647178649902344,60.75442886352539,62.40107727050781,66.66667175292969,65,66.66667175292969,63.6363639831543,80.95238494873047,76.19047546386719,75,80,2.0571582317352295,8589934592,1073741824,5191155712,307429376
209,1771638874158,3504,3504,3504,3504,3504,3504,3504,3504,72.65957641601563,70.83708953857422,69.836181640625,70.52111053466797,57.96939468383789,69.39533996582031,69.60582733154297,69.72940826416016,71.57505798339844,61.904762268066406,61.904762268066406,61.904762268066406,63.15789031982422,85.71428680419922,80,75,77.2727279663086,2.0571582317352295,8589934592,1073741824,5211471872,307429376
209,1771638874368,3504,3504,3504,3504,3504,3504,3504,3504,72.65957641601563,70.83708953857422,69.836181640625,70.52111053466797,57.96939468383789,69.39533996582031,69.60582733154297,69.72940826416016,71.57505798339844,66.66667175292969,61.904762268066406,65,59.09090805053711,77.2727279663086,80.95238494873047,77.2727279663086,70,2.0571582317352295,8589934592,1073741824,5219975168,307429376
209,1771638874578,3504,3504,3504,3504,3504,3504,3504,3504,72.65957641601563,70.83708953857422,69.836181640625,70.52111053466797,57.96939468383789,69.39533996582031,69.60582733154297,69.72940826416016,71.57505798339844,65,63.6363639831543,68.18181610107422,61.904762268066406,90,80.95238494873047,73.68421173095703,71.42857360839844,2.0571582317352295,8589934592,1073741824,5220270080,307429376
215,1771638874788,3504,3504,3504,3504,3504,3504,3504,3504,72.65957641601563,70.83708953857422,69.836181640625,70.52111053466797,57.96939468383789,69.39533996582031,69.60582733154297,69.72940826416016,71.57505798339844,61.904762268066406,60.000003814697266,61.904762268066406,60.000003814697266,80.95238494873047,76.19047546386719,69.56521606445313,72.7272720336914,12.358601570129395,8589934592,1073741824,5199904768,307429376
211,1771638875004,3504,3504,3504,3504,3504,3504,3504,3504,72.65957641601563,70.83708953857422,69.836181640625,70.52111053466797,57.96939468383789,69.39533996582031,69.60582733154297,69.72940826416016,71.57505798339844,63.6363639831543,61.904762268066406,61.904762268066406,63.6363639831543,77.2727279663086,77.2727279663086,80.95238494873047,72.7272720336914,12.358601570129395,8589934592,1073741824,5189828608,307429376
209,1771638875216,3504,3504,3504,3504,3504,3504,3504,3504,74.88944244384766,73.50325775146484,72.4358139038086,73.06971740722656,60.29551696777344,71.76338958740234,71.82891082763672,72.21977233886719,73.86991119384766,66.66667175292969,66.66667175292969,68.18181610107422,61.904762268066406,85,80.95238494873047,76.19047546386719,75,12.358601570129395,8589934592,1073741824,5187174400,307429376
209,1771638875425,3504,3504,3504,3504,3504,3504,3504,3504,74.88944244384766,73.50325775146484,72.4358139038086,73.06971740722656,60.29551696777344,71.76338958740234,71.82891082763672,72.21977233886719,73.86991119384766,61.904762268066406,66.66667175292969,60.000003814697266,61.904762268066406,77.2727279663086,80.95238494873047,80.95238494873047,76.19047546386719,12.358601570129395,8589934592,1073741824,5189779456,307429376
209,1771638875635,3504,3504,3504,3504,3504,3504,3504,3504,74.88944244384766,73.50325775146484,72.4358139038086,73.06971740722656,60.29551696777344,71.76338958740234,71.82891082763672,72.21977233886719,73.86991119384766,65,63.6363639831543,66.66667175292969,65,80,80,76.19047546386719,71.42857360839844,17.30682945251465,8589934592,1073741824,5217189888,307429376
201,1771638875845,3504,3504,3504,3504,3504,3504,3504,3504,74.88944244384766,73.50325775146484,72.4358139038086,73.06971740722656,60.29551696777344,71.76338958740234,71.82891082763672,72.21977233886719,73.86991119384766,68.18181610107422,68.42105102539063,60.000003814697266,59.09090805053711,77.2727279663086,77.2727279663086,77.2727279663086,80.95238494873047,17.30682945251465,8589934592,1073741824,5220139008,307429376
205,1771638876047,3504,3504,3504,3504,3504,3504,3504,3504,74.88944244384766,73.50325775146484,72.4358139038086,73.06971740722656,60.29551696777344,71.76338958740234,71.82891082763672,72.21977233886719,73.86991119384766,65,66.66667175292969,61.904762268066406,65,80,84.21052551269531,78.94737243652344,70,17.30682945251465,8589934592,1073741824,5220794368,307429376
203,1771638876252,3504,3504,3504,3504,3504,3504,3504,3504,76.3940658569336,74.40086364746094,73.46318054199219,74.52203369140625,61.78802490234375,73.62902069091797,73.73271942138672,74.09597778320313,75.80805969238281,61.904762268066406,65,65,60.000003814697266,80,81.81818389892578,75,76.19047546386719,17.30682945251465,8589934592,1073741824,5198905344,307429376
200,1771638876456,3504,3504,3504,3504,3504,3504,3504,3504,76.3940658569336,74.40086364746094,73.46318054199219,74.52203369140625,61.78802490234375,73.62902069091797,73.73271942138672,74.09597778320313,75.80805969238281,68.42105102539063,71.42857360839844,66.66667175292969,66.66667175292969,80.95238494873047,80,80.95238494873047,75,17.30682945251465,8589934592,1073741824,5203083264,307429376
201,1771638876656,3504,3504,3504,3504,3504,3504,3504,3504,76.3940658569336,74.40086364746094,73.46318054199219,74.52203369140625,61.78802490234375,73.62902069091797,73.73271942138672,74.09597778320313,75.80805969238281,66.66667175292969,65,65,65,80,76.19047546386719,78.94737243652344,75,17.54303550720215,8589934592,1073741824,5199642624,307429376
202,1771638876858,3504,3504,3504,3504,3504,3504,3504,3504,76.3940658569336,74.40086364746094,73.46318054199219,74.52203369140625,61.78802490234375,73.62902069091797,73.73271942138672,74.09597778320313,75.80805969238281,65,60.000003814697266,61.904762268066406,60.000003814697266,80.95238494873047,73.68421173095703,76.19047546386719,75,17.54303550720215,8589934592,1073741824,5200003072,307429376
209,1771638877060,3504,3504,3504,3504,3504,3504,3504,3504,76.3940658569336,74.40086364746094,73.46318054199219,74.52203369140625,61.78802490234375,73.62902069091797,73.73271942138672,74.09597778320313,75.80805969238281,65,71.42857360839844,63.15789031982422,60.000003814697266,80,80,80,71.42857360839844,17.54303550720215,8589934592,1073741824,5186043904,307429376
204,1771638877270,3504,3504,3504,3504,3504,3504,3504,3504,77.6680908203125,76.16975402832031,75.13311004638672,75.81328582763672,63.0150260925293,74.92474365234375,74.95832824707031,75.49598693847656,77.20539855957031,68.18181610107422,61.904762268066406,66.66667175292969,76.19047546386719,78.94737243652344,80,76.19047546386719,80,17.54303550720215,8589934592,1073741824,5191598080,307429376
206,1771638877475,3504,3504,3504,3504,3504,3504,3504,3504,77.6680908203125,76.16975402832031,75.13311004638672,75.81328582763672,63.0150260925293,74.92474365234375,74.95832824707031,75.49598693847656,77.20539855957031,42.105262756347656,40,45,38.095237731933594,54.54545593261719,47.619049072265625,47.619049072265625,42.85714340209961,17.54303550720215,8589934592,1073741824,5207277568,307429376
208,1771638877681,3504,3504,3504,3504,3504,3504,3504,3504,77.6680908203125,76.16975402832031,75.13311004638672,75.81328582763672,63.0150260925293,74.92474365234375,74.95832824707031,75.49598693847656,77.20539855957031,9.523809432983398,0,14.285715103149414,0,10,14.285715103149414,5,5,17.623361587524414,8589934592,1073741824,5191630848,307429376
201,1771638877890,3504,3504,3504,3504,3504,3504,3504,3504,77.6680908203125,76.16975402832031,75.13311004638672,75.81328582763672,63.0150260925293,74.92474365234375,74.95832824707031,75.49598693847656,77.20539855957031,14.285715103149414,14.285715103149414,19.047618865966797,9.523809432983398,0,4.545454502105713,0,0,17.623361587524414,8589934592,1073741824,5191647232,307429376
209,1771638878092,3504,3504,3504,3504,3504,3504,3504,3504,77.6680908203125,76.16975402832031,75.13311004638672,75.81328582763672,63.0150260925293,74.92474365234375,74.95832824707031,75.49598693847656,77.20539855957031,15.000000953674316,25,20,10,4.761904716491699,0,4.761904716491699,0,17.623361587524414,8589934592,1073741824,5188616192,307429376
206,1771638878302,3504,3504,3504,3504,3504,3504,3504,3504,62.418052673339844,61.752838134765625,60.512367248535156,60.64195251464844,57.20478439331055,59.97576904296875,59.70366668701172,60.82292175292969,61.44552993774414,23.809524536132813,9.523809432983398,18.18181800842285,9.523809432983398,0,0,0,0,17.623361587524414,8589934592,1073741824,5188599808,307429376
205,1771638878509,3504,3504,3504,3504,3504,3504,3504,3504,62.418052673339844,61.752838134765625,60.512367248535156,60.64195251464844,57.20478439331055,59.97576904296875,59.70366668701172,60.82292175292969,61.44552993774414,21.052631378173828,19.047618865966797,10,5,0,0,0,0,17.623361587524414,8589934592,1073741824,5188583424,307429376
207,1771638878715,3504,3504,3504,3504,3504,3504,3504,3504,62.418052673339844,61.752838134765625,60.512367248535156,60.64195251464844,57.20478439331055,59.97576904296875,59.70366668701172,60.82292175292969,61.44552993774414,28.571430206298828,25,10,9.523809432983398,0,0,0,0,17.818897247314453,8589934592,1073741824,5182455808,307429376
204,1771638878922,3504,3504,3504,3504,3504,3504,3504,3504,62.418052673339844,61.752838134765625,60.512367248535156,60.64195251464844,57.20478439331055,59.97576904296875,59.70366668701172,60.82292175292969,61.44552993774414,19.047618865966797,19.047618865966797,9.523809432983398,9.523809432983398,0,0,0,0,17.818897247314453,8589934592,1073741824,5178572800,307429376
209,1771638879127,3504,3504,3504,3504,3504,3504,3504,3504,62.418052673339844,61.752838134765625,60.512367248535156,60.64195251464844,57.20478439331055,59.97576904296875,59.70366668701172,60.82292175292969,61.44552993774414,25,21.052631378173828,14.285715103149414,5,0,0,0,0,17.818897247314453,8589934592,1073741824,5178589184,307429376
203,1771638879337,3504,3504,3504,3504,3504,3504,3504,3504,51.41935729980469,50.589942932128906,49.67186737060547,49.614967346191406,49.88016891479492,49.588897705078125,49.274688720703125,50.525569915771484,50.64483642578125,14.285715103149414,22.72727394104004,10,9.090909004211426,4.761904716491699,0,0,0,17.818897247314453,8589934592,1073741824,5178769408,307429376
206,1771638879541,3504,3504,3504,3504,3504,3504,3504,3504,51.41935729980469,50.589942932128906,49.67186737060547,49.614967346191406,49.88016891479492,49.588897705078125,49.274688720703125,50.525569915771484,50.64483642578125,20,20,15.000000953674316,5,0,0,0,0,17.818897247314453,8589934592,1073741824,5178785792,307429376
204,1771638879748,3504,3504,3504,3504,3504,3504,3504,3504,51.41935729980469,50.589942932128906,49.67186737060547,49.614967346191406,49.88016891479492,49.588897705078125,49.274688720703125,50.525569915771484,50.64483642578125,22.72727394104004,23.809524536132813,14.285715103149414,10,0,0,0,0,7.797338962554932,8589934592,1073741824,5178769408,307429376
209,1771638879952,3504,3504,3504,3504,3504,3504,3504,3504,51.41935729980469,50.589942932128906,49.67186737060547,49.614967346191406,49.88016891479492,49.588897705078125,49.274688720703125,50.525569915771484,50.64483642578125,15.000000953674316,30.000001907348633,5,9.523809432983398,0,0,0,0,7.797338962554932,8589934592,1073741824,5178802176,307429376
209,1771638880163,3504,3504,3504,3504,3504,3504,3504,3504,49.145198822021484,48.554405212402344,47.34198760986328,47.24473571777344,47.49634552001953,47.41565704345703,46.97978210449219,48.17523193359375,48.3275146484375,15.000000953674316,27.272727966308594,13.636363983154297,5,0,0,0,0,7.797338962554932,8589934592,1073741824,5178753024,307429376
208,1771638880373,3504,3504,3504,3504,3504,3504,3504,3504,49.145198822021484,48.554405212402344,47.34198760986328,47.24473571777344,47.49634552001953,47.41565704345703,46.97978210449219,48.17523193359375,48.3275146484375,22.72727394104004,25,10,14.285715103149414,0,0,0,0,7.797338962554932,8589934592,1073741824,5168988160,307429376
206,1771638880581,3504,3504,3504,3504,3504,3504,3504,3504,49.145198822021484,48.554405212402344,47.34198760986328,47.24473571777344,47.49634552001953,47.41565704345703,46.97978210449219,48.17523193359375,48.3275146484375,20,35,14.285715103149414,14.285715103149414,40,0,0,0,7.797338962554932,8589934592,1073741824,5164662784,307429376
199,1771638880788,3504,3504,3504,3504,3504,3504,3504,3504,49.145198822021484,48.554405212402344,47.34198760986328,47.24473571777344,47.49634552001953,47.41565704345703,46.97978210449219,48.17523193359375,48.3275146484375,15.000000953674316,19.047618865966797,10,23.809524536132813,0,0,0,0,2.0296037197113037,8589934592,1073741824,5164826624,307429376
209,1771638880989,3504,3504,3504,3504,3504,3504,3504,3504,49.145198822021484,48.554405212402344,47.34198760986328,47.24473571777344,47.49634552001953,47.41565704345703,46.97978210449219,48.17523193359375,48.3275146484375,15.000000953674316,14.285715103149414,14.285715103149414,21.052631378173828,0,0,0,0,2.0296037197113037,8589934592,1073741824,5164711936,307429376
9,1771638881199,3504,3504,3504,3504,3504,3504,3504,3504,47.895965576171875,47.715171813964844,46.118202209472656,46.024627685546875,46.26224899291992,46.32078552246094,45.71587371826172,46.8240852355957,46.99288558959961,23.809524536132813,15.000000953674316,10,22.72727394104004,0,0,0,0,2.0296037197113037,8589934592,1073741824,5168332800,307429376
