Delta,Time,CPU_FREQUENCY_0,CPU_FREQUENCY_1,CPU_FREQUENCY_2,CPU_FREQUENCY_3,CPU_FREQUENCY_4,CPU_FREQUENCY_5,CPU_FREQUENCY_6,CPU_FREQUENCY_7,CPU_TEMP_0,CPU_TEMP_1,CPU_TEMP_2,CPU_TEMP_3,CPU_TEMP_4,CPU_TEMP_5,CPU_TEMP_6,CPU_TEMP_7,CPU_TEMP_8,CPU_USAGE_0,CPU_USAGE_1,CPU_USAGE_2,CPU_USAGE_3,CPU_USAGE_4,CPU_USAGE_5,CPU_USAGE_6,CPU_USAGE_7,SYSTEM_POWER (Watts),TOTAL_MEMORY,TOTAL_SWAP,USED_MEMORY,USED_SWAP
0,1771639912573,3504,3504,3504,3504,3504,3504,3504,3504,49.775123596191406,49.069671630859375,47.92567443847656,47.80677795410156,47.60026931762695,47.63531494140625,47.176353454589844,48.43596649169922,48.409759521484375,0,0,0,0,0,0,0,0,9.177742004394531,8589934592,1073741824,5257723904,307429376
209,1771639912574,3504,3504,3504,3504,3504,3504,3504,3504,49.775123596191406,49.069671630859375,47.92567443847656,47.80677795410156,47.60026931762695,47.63531494140625,47.176353454589844,48.43596649169922,48.409759521484375,NaN,NaN,0,0,NaN,50,0,NaN,9.177742004394531,8589934592,1073741824,5258280960,307429376
209,1771639912784,3504,3504,3504,3504,3504,3504,3504,3504,49.775123596191406,49.069671630859375,47.92567443847656,47.80677795410156,47.60026931762695,47.63531494140625,47.176353454589844,48.43596649169922,48.409759521484375,23.809524536132813,27.272727966308594,13.636363983154297,9.523809432983398,9.090909004211426,0,0,0,2.1378533840179443,8589934592,1073741824,5258493952,307429376
208,1771639912994,3504,3504,3504,3504,3504,3504,3504,3504,49.775123596191406,49.069671630859375,47.92567443847656,47.80677795410156,47.60026931762695,47.63531494140625,47.176353454589844,48.43596649169922,48.409759521484375,28.571430206298828,10,10,10,0,0,0,0,2.1378533840179443,8589934592,1073741824,5258493952,307429376
209,1771639913203,3504,3504,3504,3504,3504,3504,3504,3504,48.83137512207031,48.26045227050781,46.92829895019531,46.88362121582031,46.70307922363281,46.89929962158203,46.382545471191406,47.50710678100586,47.58409118652344,23.809524536132813,14.285715103149414,9.523809432983398,9.523809432983398,0,0,0,0,2.1378533840179443,8589934592,1073741824,5249056768,307429376
209,1771639913413,3504,3504,3504,3504,3504,3504,3504,3504,48.83137512207031,48.26045227050781,46.92829895019531,46.88362121582031,46.70307922363281,46.89929962158203,46.382545471191406,47.50710678100586,47.58409118652344,25,19.047618865966797,15.000000953674316,19.047618865966797,0,0,0,0,2.1378533840179443,8589934592,1073741824,5248958464,307429376
209,1771639913622,3504,3504,3504,3504,3504,3504,3504,3504,48.83137512207031,48.26045227050781,46.92829895019531,46.88362121582031,46.70307922363281,46.89929962158203,46.382545471191406,47.50710678100586,47.58409118652344,63.6363639831543,57.142860412597656,52.38095474243164,54.54545593261719,76.19047546386719,71.42857360839844,66.66667175292969,65,2.1378533840179443,8589934592,1073741824,5329895424,307429376
208,1771639913832,3504,3504,3504,3504,3504,3504,3504,3504,48.83137512207031,48.26045227050781,46.92829895019531,46.88362121582031,46.70307922363281,46.89929962158203,46.382545471191406,47.50710678100586,47.58409118652344,80,76.19047546386719,76.19047546386719,75,85.71428680419922,85.71428680419922,86.36363983154297,80.95238494873047,3.405935525894165,8589934592,1073741824,5283987456,307429376
204,1771639914041,3504,3504,3504,3504,3504,3504,3504,3504,48.83137512207031,48.26045227050781,46.92829895019531,46.88362121582031,46.70307922363281,46.89929962158203,46.382545471191406,47.50710678100586,47.58409118652344,71.42857360839844,75,66.66667175292969,71.42857360839844,85.71428680419922,80.95238494873047,90.47618865966797,85.71428680419922,3.405935525894165,8589934592,1073741824,5283446784,307429376
214,1771639914246,3504,3504,3504,3504,3504,3504,3504,3504,61.23954391479492,60.227203369140625,59.2640380859375,59.540313720703125,50.923866271972656,59.323272705078125,59.214569091796875,59.706336975097656,60.824031829833984,75,80.95238494873047,85.71428680419922,76.19047546386719,85.71428680419922,85,85,85,3.405935525894165,8589934592,1073741824,5271126016,307429376
209,1771639914460,3504,3504,3504,3504,3504,3504,3504,3504,61.23954391479492,60.227203369140625,59.2640380859375,59.540313720703125,50.923866271972656,59.323272705078125,59.214569091796875,59.706336975097656,60.824031829833984,77.2727279663086,71.42857360839844,77.2727279663086,71.42857360839844,90,86.36363983154297,86.36363983154297,82.60869598388672,3.405935525894165,8589934592,1073741824,5283414016,307429376
212,1771639914670,3504,3504,3504,3504,3504,3504,3504,3504,61.23954391479492,60.227203369140625,59.2640380859375,59.540313720703125,50.923866271972656,59.323272705078125,59.214569091796875,59.706336975097656,60.824031829833984,85.71428680419922,81.81818389892578,75,76.19047546386719,81.81818389892578,85.71428680419922,85.71428680419922,80,3.4358997344970703,8589934592,1073741824,5284397056,307429376
209,1771639914883,3504,3504,3504,3504,3504,3504,3504,3504,61.23954391479492,60.227203369140625,59.2640380859375,59.540313720703125,50.923866271972656,59.323272705078125,59.214569091796875,59.706336975097656,60.824031829833984,85,85,81.81818389892578,80,90.47618865966797,85.71428680419922,85,90.47618865966797,3.4358997344970703,8589934592,1073741824,5180817408,307429376
209,1771639915093,3504,3504,3504,3504,3504,3504,3504,3504,61.23954391479492,60.227203369140625,59.2640380859375,59.540313720703125,50.923866271972656,59.323272705078125,59.214569091796875,59.706336975097656,60.824031829833984,72.7272720336914,76.19047546386719,75,77.2727279663086,85.71428680419922,90.47618865966797,90.90909576416016,85.71428680419922,3.4358997344970703,8589934592,1073741824,5209030656,307429376
202,1771639915303,3504,3504,3504,3504,3504,3504,3504,3504,75.77069854736328,74.03909301757813,73.25160217285156,73.93781280517578,59.94920349121094,73.19066619873047,73.44599914550781,73.5599594116211,75.59858703613281,80,71.42857360839844,71.42857360839844,71.42857360839844,95.23809814453125,75,80.95238494873047,81.81818389892578,3.4358997344970703,8589934592,1073741824,5234589696,307429376
209,1771639915505,3504,3504,3504,3504,3504,3504,3504,3504,75.77069854736328,74.03909301757813,73.25160217285156,73.93781280517578,59.94920349121094,73.19066619873047,73.44599914550781,73.5599594116211,75.59858703613281,76.19047546386719,71.42857360839844,71.42857360839844,75,90,90.47618865966797,90,85,3.4358997344970703,8589934592,1073741824,5234688000,307429376
210,1771639915715,3504,3504,3504,3504,3504,3504,3504,3504,75.77069854736328,74.03909301757813,73.25160217285156,73.93781280517578,59.94920349121094,73.19066619873047,73.44599914550781,73.5599594116211,75.59858703613281,85.71428680419922,85,80,80.95238494873047,85,90.47618865966797,85,80.95238494873047,9.912985801696777,8589934592,1073741824,5216174080,307429376
210,1771639915926,3504,3504,3504,3504,3504,3504,3504,3504,75.77069854736328,74.03909301757813,73.25160217285156,73.93781280517578,59.94920349121094,73.19066619873047,73.44599914550781,73.5599594116211,75.59858703613281,85.71428680419922,81.81818389892578,85.71428680419922,85.71428680419922,90.90909576416016,85.71428680419922,86.36363983154297,81.81818389892578,9.912985801696777,8589934592,1073741824,5242454016,307429376
209,1771639916136,3504,3504,3504,3504,3504,3504,3504,3504,79.77680969238281,78.21210479736328,77.3901138305664,77.97151947021484,63.04898452758789,76.43409729003906,76.5184326171875,76.80126953125,78.64759063720703,100,100,100,100,95.23809814453125,90.90909576416016,81.81818389892578,85,9.912985801696777,8589934592,1073741824,5231706112,307429376
209,1771639916346,3504,3504,3504,3504,3504,3504,3504,3504,79.77680969238281,78.21210479736328,77.3901138305664,77.97151947021484,63.04898452758789,76.43409729003906,76.5184326171875,76.80126953125,78.64759063720703,95,95.23809814453125,90.47618865966797,90.47618865966797,85.71428680419922,85.71428680419922,90,85.71428680419922,9.912985801696777,8589934592,1073741824,5246631936,307429376
209,1771639916556,3504,3504,3504,3504,3504,3504,3504,3504,79.77680969238281,78.21210479736328,77.3901138305664,77.97151947021484,63.04898452758789,76.43409729003906,76.5184326171875,76.80126953125,78.64759063720703,86.36363983154297,85,76.19047546386719,71.42857360839844,90.47618865966797,85,80.95238494873047,80.95238494873047,9.912985801696777,8589934592,1073741824,5271764992,307429376
200,1771639916766,3504,3504,3504,3504,3504,3504,3504,3504,79.77680969238281,78.21210479736328,77.3901138305664,77.97151947021484,63.04898452758789,76.43409729003906,76.5184326171875,76.80126953125,78.64759063720703,89.47368621826172,81.81818389892578,76.19047546386719,76.19047546386719,85.71428680419922,81.81818389892578,85.71428680419922,85.71428680419922,19.29738426208496,8589934592,1073741824,5272666112,307429376
209,1771639916966,3504,3504,3504,3504,3504,3504,3504,3504,79.77680969238281,78.21210479736328,77.3901138305664,77.97151947021484,63.04898452758789,76.43409729003906,76.5184326171875,76.80126953125,78.64759063720703,90.47618865966797,95,90,90,85,90,90,90,19.29738426208496,8589934592,1073741824,5272666112,307429376
202,1771639917176,3504,3504,3504,3504,3504,3504,3504,3504,81.5665283203125,79.60720825195313,78.83216094970703,79.61576080322266,65.03370666503906,78.78553771972656,79.0447006225586,79.13552856445313,81.34114074707031,71.42857360839844,70,70,71.42857360839844,80.95238494873047,95.23809814453125,80.95238494873047,90,19.29738426208496,8589934592,1073741824,5272666112,307429376
209,1771639917379,3504,3504,3504,3504,3504,3504,3504,3504,81.5665283203125,79.60720825195313,78.83216094970703,79.61576080322266,65.03370666503906,78.78553771972656,79.0447006225586,79.13552856445313,81.34114074707031,85,80.95238494873047,81.81818389892578,76.19047546386719,85.71428680419922,90,85.71428680419922,80.95238494873047,19.29738426208496,8589934592,1073741824,5272043520,307429376
204,1771639917589,3504,3504,3504,3504,3504,3504,3504,3504,81.5665283203125,79.60720825195313,78.83216094970703,79.61576080322266,65.03370666503906,78.78553771972656,79.0447006225586,79.13552856445313,81.34114074707031,72.7272720336914,76.19047546386719,70,70,90,90,90,85.71428680419922,19.29738426208496,8589934592,1073741824,5244502016,307429376
209,1771639917794,3504,3504,3504,3504,3504,3504,3504,3504,81.5665283203125,79.60720825195313,78.83216094970703,79.61576080322266,65.03370666503906,78.78553771972656,79.0447006225586,79.13552856445313,81.34114074707031,73.68421173095703,75,66.66667175292969,71.42857360839844,85,90.47618865966797,85.71428680419922,80,20.60022735595703,8589934592,1073741824,5233115136,307429376
209,1771639918003,3504,3504,3504,3504,3504,3504,3504,3504,81.5665283203125,79.60720825195313,78.83216094970703,79.61576080322266,65.03370666503906,78.78553771972656,79.0447006225586,79.13552856445313,81.34114074707031,77.2727279663086,71.42857360839844,76.19047546386719,70,85.71428680419922,85.71428680419922,85.71428680419922,85.71428680419922,20.60022735595703,8589934592,1073741824,5233115136,307429376
209,1771639918213,3504,3504,3504,3504,3504,3504,3504,3504,83.16011810302734,80.87079620361328,80.31976318359375,81.16932678222656,66.18438720703125,79.86319732666016,80.02710723876953,80.3021240234375,82.34501647949219,70,75,75,71.42857360839844,86.36363983154297,90.47618865966797,80.95238494873047,86.36363983154297,20.60022735595703,8589934592,1073741824,5233115136,307429376
205,1771639918423,3504,3504,3504,3504,3504,3504,3504,3504,83.16011810302734,80.87079620361328,80.31976318359375,81.16932678222656,66.18438720703125,79.86319732666016,80.02710723876953,80.3021240234375,82.34501647949219,76.19047546386719,72.7272720336914,76.19047546386719,72.7272720336914,90,90.47618865966797,85.71428680419922,85,20.60022735595703,8589934592,1073741824,5236703232,307429376
205,1771639918629,3504,3504,3504,3504,3504,3504,3504,3504,83.16011810302734,80.87079620361328,80.31976318359375,81.16932678222656,66.18438720703125,79.86319732666016,80.02710723876953,80.3021240234375,82.34501647949219,77.2727279663086,70,71.42857360839844,75,85.71428680419922,85,85.71428680419922,85.71428680419922,20.149585723876953,8589934592,1073741824,5263310848,307429376
210,1771639918835,3504,3504,3504,3504,3504,3504,3504,3504,83.16011810302734,80.87079620361328,80.31976318359375,81.16932678222656,66.18438720703125,79.86319732666016,80.02710723876953,80.3021240234375,82.34501647949219,21.052631378173828,23.809524536132813,25,14.285715103149414,15.000000953674316,18.18181800842285,10,9.523809432983398,20.149585723876953,8589934592,1073741824,5181718528,307429376
206,1771639919045,3504,3504,3504,3504,3504,3504,3504,3504,83.16011810302734,80.87079620361328,80.31976318359375,81.16932678222656,66.18438720703125,79.86319732666016,80.02710723876953,80.3021240234375,82.34501647949219,14.285715103149414,19.047618865966797,19.047618865966797,9.523809432983398,0,0,0,0,20.149585723876953,8589934592,1073741824,5183717376,307429376
209,1771639919253,3504,3504,3504,3504,3504,3504,3504,3504,72.79367065429688,71.52548217773438,70.65193176269531,70.98188781738281,63.057743072509766,70.32102966308594,70.247314453125,70.88855743408203,72.28949737548828,19.047618865966797,14.285715103149414,19.047618865966797,9.523809432983398,0,0,0,0,20.149585723876953,8589934592,1073741824,5183717376,307429376
209,1771639919463,3504,3504,3504,3504,3504,3504,3504,3504,72.79367065429688,71.52548217773438,70.65193176269531,70.98188781738281,63.057743072509766,70.32102966308594,70.247314453125,70.88855743408203,72.28949737548828,15.000000953674316,20,19.047618865966797,10,0,0,0,0,20.149585723876953,8589934592,1073741824,5183717376,307429376
206,1771639919672,3504,3504,3504,3504,3504,3504,3504,3504,72.79367065429688,71.52548217773438,70.65193176269531,70.98188781738281,63.057743072509766,70.32102966308594,70.247314453125,70.88855743408203,72.28949737548828,19.047618865966797,19.047618865966797,10,9.523809432983398,0,0,0,0,20.18376922607422,8589934592,1073741824,5183700992,307429376
206,1771639919879,3504,3504,3504,3504,3504,3504,3504,3504,72.79367065429688,71.52548217773438,70.65193176269531,70.98188781738281,63.057743072509766,70.32102966308594,70.247314453125,70.88855743408203,72.28949737548828,38.095237731933594,38.095237731933594,23.809524536132813,14.285715103149414,0,0,0,0,20.18376922607422,8589934592,1073741824,5185486848,307429376
207,1771639920086,3504,3504,3504,3504,3504,3504,3504,3504,72.79367065429688,71.52548217773438,70.65193176269531,70.98188781738281,63.057743072509766,70.32102966308594,70.247314453125,70.88855743408203,72.28949737548828,23.809524536132813,20,19.047618865966797,10,0,0,0,0,20.18376922607422,8589934592,1073741824,5195268096,307429376
207,1771639920294,3504,3504,3504,3504,3504,3504,3504,3504,53.95491027832031,53.419715881347656,52.38999938964844,52.28053283691406,52.4259033203125,52.22599792480469,51.84971618652344,53.015567779541016,53.21983337402344,23.809524536132813,15.000000953674316,19.047618865966797,5,0,0,0,0,20.18376922607422,8589934592,1073741824,5193990144,307429376
199,1771639920502,3504,3504,3504,3504,3504,3504,3504,3504,53.95491027832031,53.419715881347656,52.38999938964844,52.28053283691406,52.4259033203125,52.22599792480469,51.84971618652344,53.015567779541016,53.21983337402344,20,22.72727394104004,9.523809432983398,13.636363983154297,0,0,0,0,20.18376922607422,8589934592,1073741824,5193908224,307429376
209,1771639920702,3504,3504,3504,3504,3504,3504,3504,3504,53.95491027832031,53.419715881347656,52.38999938964844,52.28053283691406,52.4259033203125,52.22599792480469,51.84971618652344,53.015567779541016,53.21983337402344,20,25,10.526315689086914,15.789472579956055,0,0,0,0,13.667745590209961,8589934592,1073741824,5193105408,307429376
201,1771639920912,3504,3504,3504,3504,3504,3504,3504,3504,53.95491027832031,53.419715881347656,52.38999938964844,52.28053283691406,52.4259033203125,52.22599792480469,51.84971618652344,53.015567779541016,53.21983337402344,14.285715103149414,10,9.523809432983398,18.18181800842285,0,0,0,0,13.667745590209961,8589934592,1073741824,5193400320,307429376
209,1771639921114,3504,3504,3504,3504,3504,3504,3504,3504,53.95491027832031,53.419715881347656,52.38999938964844,52.28053283691406,52.4259033203125,52.22599792480469,51.84971618652344,53.015567779541016,53.21983337402344,19.047618865966797,20,14.285715103149414,30.000001907348633,0,0,0,0,13.667745590209961,8589934592,1073741824,5194301440,307429376
205,1771639921325,3504,3504,3504,3504,3504,3504,3504,3504,50.786590576171875,49.95280456542969,49.121299743652344,48.976158142089844,49.24618911743164,49.01318359375,48.61515808105469,49.8549690246582,49.90804672241211,10,9.523809432983398,5,19.047618865966797,4.545454502105713,0,0,0,13.667745590209961,8589934592,1073741824,5193613312,307429376
202,1771639921530,3504,3504,3504,3504,3504,3504,3504,3504,50.786590576171875,49.95280456542969,49.121299743652344,48.976158142089844,49.24618911743164,49.01318359375,48.61515808105469,49.8549690246582,49.90804672241211,45,38.095237731933594,28.571430206298828,40,0,0,0,0,13.667745590209961,8589934592,1073741824,5200117760,307429376
209,1771639921733,3504,3504,3504,3504,3504,3504,3504,3504,50.786590576171875,49.95280456542969,49.121299743652344,48.976158142089844,49.24618911743164,49.01318359375,48.61515808105469,49.8549690246582,49.90804672241211,45,35,25,25,0,0,0,0,1.9390416145324707,8589934592,1073741824,5201281024,307429376
204,1771639921943,3504,3504,3504,3504,3504,3504,3504,3504,50.786590576171875,49.95280456542969,49.121299743652344,48.976158142089844,49.24618911743164,49.01318359375,48.61515808105469,49.8549690246582,49.90804672241211,22.72727394104004,14.285715103149414,9.523809432983398,19.047618865966797,0,4.545454502105713,4.545454502105713,0,1.9390416145324707,8589934592,1073741824,5202231296,307429376
209,1771639922148,3504,3504,3504,3504,3504,3504,3504,3504,49.009029388427734,48.47118377685547,47.38999938964844,47.210548400878906,47.47871017456055,47.39314270019531,46.946144104003906,48.08312225341797,48.17536926269531,15.789472579956055,20,15.000000953674316,23.809524536132813,0,0,0,0,1.9390416145324707,8589934592,1073741824,5197152256,307429376
201,1771639922358,3504,3504,3504,3504,3504,3504,3504,3504,49.009029388427734,48.47118377685547,47.38999938964844,47.210548400878906,47.47871017456055,47.39314270019531,46.946144104003906,48.08312225341797,48.17536926269531,23.809524536132813,25,9.523809432983398,5,9.523809432983398,0,0,4.761904716491699,1.9390416145324707,8589934592,1073741824,5195038720,307429376
206,1771639922560,3504,3504,3504,3504,3504,3504,3504,3504,49.009029388427734,48.47118377685547,47.38999938964844,47.210548400878906,47.47871017456055,47.39314270019531,46.946144104003906,48.08312225341797,48.17536926269531,20,19.047618865966797,15.000000953674316,9.523809432983398,0,0,0,0,1.9390416145324707,8589934592,1073741824,5195497472,307429376
209,1771639922768,3504,3504,3504,3504,3504,3504,3504,3504,49.009029388427734,48.47118377685547,47.38999938964844,47.210548400878906,47.47871017456055,47.39314270019531,46.946144104003906,48.08312225341797,48.17536926269531,19.047618865966797,25,15.000000953674316,10,0,4.761904716491699,0,0,2.443807601928711,8589934592,1073741824,5195595776,307429376
208,1771639922978,3504,3504,3504,3504,3504,3504,3504,3504,49.009029388427734,48.47118377685547,47.38999938964844,47.210548400878906,47.47871017456055,47.39314270019531,46.946144104003906,48.08312225341797,48.17536926269531,23.809524536132813,22.72727394104004,14.285715103149414,9.523809432983398,0,0,0,0,2.443807601928711,8589934592,1073741824,5195595776,307429376
209,1771639923186,3504,3504,3504,3504,3504,3504,3504,3504,47.73728942871094,47.3748664855957,46.026283264160156,45.913963317871094,46.24031066894531,46.367042541503906,45.70964813232422,46.828758239746094,46.89825439453125,28.571430206298828,25,23.809524536132813,19.047618865966797,4.761904716491699,0,0,0,2.443807601928711,8589934592,1073741824,5195595776,307429376
206,1771639923396,3504,3504,3504,3504,3504,3504,3504,3504,47.73728942871094,47.3748664855957,46.026283264160156,45.913963317871094,46.24031066894531,46.367042541503906,45.70964813232422,46.828758239746094,46.89825439453125,28.571430206298828,33.333335876464844,19.047618865966797,14.285715103149414,0,0,0,0,2.443807601928711,8589934592,1073741824,5195595776,307429376
209,1771639923603,3504,3504,3504,3504,3504,3504,3504,3504,47.73728942871094,47.3748664855957,46.026283264160156,45.913963317871094,46.24031066894531,46.367042541503906,45.70964813232422,46.828758239746094,46.89825439453125,30.000001907348633,33.333335876464844,28.571430206298828,20,30.000001907348633,23.809524536132813,22.72727394104004,20,2.443807601928711,8589934592,1073741824,5192450048,307429376
210,1771639923812,3504,3504,3504,3504,3504,3504,3504,3504,47.73728942871094,47.3748664855957,46.026283264160156,45.913963317871094,46.24031066894531,46.367042541503906,45.70964813232422,46.828758239746094,46.89825439453125,71.42857360839844,75,66.66667175292969,61.904762268066406,81.81818389892578,85.71428680419922,90,80.95238494873047,2.5316359996795654,8589934592,1073741824,5232230400,307429376
209,1771639924023,3504,3504,3504,3504,3504,3504,3504,3504,47.73728942871094,47.3748664855957,46.026283264160156,45.913963317871094,46.24031066894531,46.367042541503906,45.70964813232422,46.828758239746094,46.89825439453125,71.42857360839844,68.18181610107422,66.66667175292969,71.42857360839844,85,80.95238494873047,85.71428680419922,80.95238494873047,2.5316359996795654,8589934592,1073741824,5237686272,307429376
209,1771639924233,3504,3504,3504,3504,3504,3504,3504,3504,58.783416748046875,57.757232666015625,56.745033264160156,57.11248016357422,49.87921142578125,56.808250427246094,56.552825927734375,57.3054084777832,58.05626678466797,70,72.7272720336914,71.42857360839844,68.18181610107422,90.47618865966797,90.47618865966797,90.47618865966797,85.71428680419922,2.5316359996795654,8589934592,1073741824,5225922560,307429376
209,1771639924443,3504,3504,3504,3504,3504,3504,3504,3504,58.783416748046875,57.757232666015625,56.745033264160156,57.11248016357422,49.87921142578125,56.808250427246094,56.552825927734375,57.3054084777832,58.05626678466797,76.19047546386719,70,71.42857360839844,70,86.36363983154297,85.71428680419922,90.90909576416016,85.71428680419922,2.5316359996795654,8589934592,1073741824,5225922560,307429376
208,1771639924653,3504,3504,3504,3504,3504,3504,3504,3504,58.783416748046875,57.757232666015625,56.745033264160156,57.11248016357422,49.87921142578125,56.808250427246094,56.552825927734375,57.3054084777832,58.05626678466797,77.2727279663086,80,75,76.19047546386719,95.23809814453125,85.71428680419922,85.71428680419922,85.71428680419922,2.162393569946289,8589934592,1073741824,5196939264,307429376
211,1771639924862,3504,3504,3504,3504,3504,3504,3504,3504,58.783416748046875,57.757232666015625,56.745033264160156,57.11248016357422,49.87921142578125,56.808250427246094,56.552825927734375,57.3054084777832,58.05626678466797,85.71428680419922,80.95238494873047,76.19047546386719,76.19047546386719,95,90.47618865966797,85,80,2.162393569946289,8589934592,1073741824,5224595456,307429376
207,1771639925074,3504,3504,3504,3504,3504,3504,3504,3504,58.783416748046875,57.757232666015625,56.745033264160156,57.11248016357422,49.87921142578125,56.808250427246094,56.552825927734375,57.3054084777832,58.05626678466797,80.95238494873047,80.95238494873047,90.47618865966797,80,90.47618865966797,85,86.36363983154297,86.36363983154297,2.162393569946289,8589934592,1073741824,5209391104,307429376
209,1771639925282,3504,3504,3504,3504,3504,3504,3504,3504,76.14836120605469,74.60247802734375,73.6267318725586,74.2252197265625,59.96626663208008,72.99651336669922,73.08348083496094,73.50756072998047,75.32637023925781,85,76.19047546386719,71.42857360839844,72.7272720336914,85.71428680419922,90.47618865966797,90,81.81818389892578,2.162393569946289,8589934592,1073741824,5235867648,307429376
206,1771639925492,3504,3504,3504,3504,3504,3504,3504,3504,76.14836120605469,74.60247802734375,73.6267318725586,74.2252197265625,59.96626663208008,72.99651336669922,73.08348083496094,73.50756072998047,75.32637023925781,71.42857360839844,71.42857360839844,76.19047546386719,76.19047546386719,81.81818389892578,85.71428680419922,85.71428680419922,90,2.162393569946289,8589934592,1073741824,5245861888,307429376
200,1771639925698,3504,3504,3504,3504,3504,3504,3504,3504,76.14836120605469,74.60247802734375,73.6267318725586,74.2252197265625,59.96626663208008,72.99651336669922,73.08348083496094,73.50756072998047,75.32637023925781,75,75,71.42857360839844,70,89.47368621826172,86.36363983154297,95,85.71428680419922,10.804742813110352,8589934592,1073741824,5242404864,307429376
200,1771639925898,3504,3504,3504,3504,3504,3504,3504,3504,76.14836120605469,74.60247802734375,73.6267318725586,74.2252197265625,59.96626663208008,72.99651336669922,73.08348083496094,73.50756072998047,75.32637023925781,71.42857360839844,70,70,71.42857360839844,95.23809814453125,89.47368621826172,80.95238494873047,80,10.804742813110352,8589934592,1073741824,5248106496,307429376
205,1771639926099,3504,3504,3504,3504,3504,3504,3504,3504,76.14836120605469,74.60247802734375,73.6267318725586,74.2252197265625,59.96626663208008,72.99651336669922,73.08348083496094,73.50756072998047,75.32637023925781,70,66.66667175292969,68.42105102539063,68.42105102539063,85,85,90,84.21052551269531,10.804742813110352,8589934592,1073741824,5248106496,307429376
205,1771639926304,3504,3504,3504,3504,3504,3504,3504,3504,79.24227905273438,77.49883270263672,76.59105682373047,77.23625946044922,63.047428131103516,76.5138168334961,76.58380889892578,77.16346740722656,78.98573303222656,70,70,66.66667175292969,66.66667175292969,85,80.95238494873047,90,80.95238494873047,10.804742813110352,8589934592,1073741824,5248106496,307429376
209,1771639926509,3504,3504,3504,3504,3504,3504,3504,3504,79.24227905273438,77.49883270263672,76.59105682373047,77.23625946044922,63.047428131103516,76.5138168334961,76.58380889892578,77.16346740722656,78.98573303222656,76.19047546386719,70,71.42857360839844,70,85.71428680419922,85.71428680419922,90,80,10.804742813110352,8589934592,1073741824,5248106496,307429376
218,1771639926719,3504,3504,3504,3504,3504,3504,3504,3504,79.24227905273438,77.49883270263672,76.59105682373047,77.23625946044922,63.047428131103516,76.5138168334961,76.58380889892578,77.16346740722656,78.98573303222656,75,68.18181610107422,66.66667175292969,66.66667175292969,90,90,81.81818389892578,86.36363983154297,19.352306365966797,8589934592,1073741824,5238784000,307429376
209,1771639926938,3504,3504,3504,3504,3504,3504,3504,3504,79.24227905273438,77.49883270263672,76.59105682373047,77.23625946044922,63.047428131103516,76.5138168334961,76.58380889892578,77.16346740722656,78.98573303222656,78.26087188720703,81.81818389892578,77.2727279663086,73.91304016113281,82.60869598388672,86.36363983154297,81.81818389892578,81.81818389892578,19.352306365966797,8589934592,1073741824,5215387648,307429376
210,1771639927148,3504,3504,3504,3504,3504,3504,3504,3504,81.39347076416016,79.46428680419922,78.67141723632813,79.47139739990234,64.74752044677734,78.57295227050781,78.83023071289063,78.9261245727539,81.01741790771484,90,80.95238494873047,85,80.95238494873047,85,95.23809814453125,85.71428680419922,90,19.352306365966797,8589934592,1073741824,5215387648,307429376
202,1771639927359,3504,3504,3504,3504,3504,3504,3504,3504,81.39347076416016,79.46428680419922,78.67141723632813,79.47139739990234,64.74752044677734,78.57295227050781,78.83023071289063,78.9261245727539,81.01741790771484,76.19047546386719,76.19047546386719,72.7272720336914,75,86.36363983154297,85.71428680419922,85.71428680419922,85.71428680419922,19.352306365966797,8589934592,1073741824,5215387648,307429376
204,1771639927562,3504,3504,3504,3504,3504,3504,3504,3504,81.39347076416016,79.46428680419922,78.67141723632813,79.47139739990234,64.74752044677734,78.57295227050781,78.83023071289063,78.9261245727539,81.01741790771484,75,73.68421173095703,75,70,85,85.71428680419922,90.47618865966797,81.81818389892578,19.352306365966797,8589934592,1073741824,5215387648,307429376
209,1771639927767,3504,3504,3504,3504,3504,3504,3504,3504,81.39347076416016,79.46428680419922,78.67141723632813,79.47139739990234,64.74752044677734,78.57295227050781,78.83023071289063,78.9261245727539,81.01741790771484,71.42857360839844,66.66667175292969,65,66.66667175292969,85,90,85,78.94737243652344,19.731029510498047,8589934592,1073741824,5275303936,307429376
201,1771639927977,3504,3504,3504,3504,3504,3504,3504,3504,81.39347076416016,79.46428680419922,78.67141723632813,79.47139739990234,64.74752044677734,78.57295227050781,78.83023071289063,78.9261245727539,81.01741790771484,72.7272720336914,71.42857360839844,71.42857360839844,71.42857360839844,85.71428680419922,86.36363983154297,90.47618865966797,80.95238494873047,19.731029510498047,8589934592,1073741824,5274435584,307429376
209,1771639928179,3504,3504,3504,3504,3504,3504,3504,3504,82.77027893066406,80.72776794433594,80.16209411621094,80.92494201660156,66.24894714355469,80.2008285522461,80.0909652709961,80.7544174194336,82.29730224609375,73.68421173095703,70,65,66.66667175292969,85.71428680419922,90,85.71428680419922,85,19.731029510498047,8589934592,1073741824,5276499968,307429376
213,1771639928389,3504,3504,3504,3504,3504,3504,3504,3504,82.77027893066406,80.72776794433594,80.16209411621094,80.92494201660156,66.24894714355469,80.2008285522461,80.0909652709961,80.7544174194336,82.29730224609375,76.19047546386719,71.42857360839844,71.42857360839844,70,80.95238494873047,95,85.71428680419922,81.81818389892578,19.731029510498047,8589934592,1073741824,5235294208,307429376
209,1771639928603,3504,3504,3504,3504,3504,3504,3504,3504,82.77027893066406,80.72776794433594,80.16209411621094,80.92494201660156,66.24894714355469,80.2008285522461,80.0909652709961,80.7544174194336,82.29730224609375,72.7272720336914,72.7272720336914,69.56521606445313,72.7272720336914,85.71428680419922,85.71428680419922,90,85.71428680419922,19.731029510498047,8589934592,1073741824,5241847808,307429376
209,1771639928812,3504,3504,3504,3504,3504,3504,3504,3504,82.77027893066406,80.72776794433594,80.16209411621094,80.92494201660156,66.24894714355469,80.2008285522461,80.0909652709961,80.7544174194336,82.29730224609375,52.38095474243164,50,42.105262756347656,42.85714340209961,47.619049072265625,54.54545593261719,47.619049072265625,45.45454788208008,19.468215942382813,8589934592,1073741824,5240848384,307429376
206,1771639929023,3504,3504,3504,3504,3504,3504,3504,3504,82.77027893066406,80.72776794433594,80.16209411621094,80.92494201660156,66.24894714355469,80.2008285522461,80.0909652709961,80.7544174194336,82.29730224609375,20,23.809524536132813,14.285715103149414,15.000000953674316,9.090909004211426,4.761904716491699,0,0,19.468215942382813,8589934592,1073741824,5211619328,307429376
205,1771639929229,3504,3504,3504,3504,3504,3504,3504,3504,75.05339050292969,73.40648651123047,72.63861846923828,73.23632049560547,64.06752014160156,72.11150360107422,72.01326751708984,72.69527435302734,74.04960632324219,22.72727394104004,19.047618865966797,9.523809432983398,15.000000953674316,0,0,0,0,19.468215942382813,8589934592,1073741824,5212258304,307429376
200,1771639929435,3504,3504,3504,3504,3504,3504,3504,3504,75.05339050292969,73.40648651123047,72.63861846923828,73.23632049560547,64.06752014160156,72.11150360107422,72.01326751708984,72.69527435302734,74.04960632324219,10.526315689086914,20,14.285715103149414,19.047618865966797,0,0,0,0,19.468215942382813,8589934592,1073741824,5209194496,307429376
209,1771639929636,3504,3504,3504,3504,3504,3504,3504,3504,75.05339050292969,73.40648651123047,72.63861846923828,73.23632049560547,64.06752014160156,72.11150360107422,72.01326751708984,72.69527435302734,74.04960632324219,20,28.571430206298828,10.526315689086914,15.000000953674316,0,0,4.761904716491699,0,19.916772842407227,8589934592,1073741824,5210144768,307429376
209,1771639929846,3504,3504,3504,3504,3504,3504,3504,3504,75.05339050292969,73.40648651123047,72.63861846923828,73.23632049560547,64.06752014160156,72.11150360107422,72.01326751708984,72.69527435302734,74.04960632324219,14.285715103149414,15.000000953674316,27.272727966308594,19.047618865966797,4.761904716491699,0,0,0,19.916772842407227,8589934592,1073741824,5210390528,307429376
205,1771639930056,3504,3504,3504,3504,3504,3504,3504,3504,75.05339050292969,73.40648651123047,72.63861846923828,73.23632049560547,64.06752014160156,72.11150360107422,72.01326751708984,72.69527435302734,74.04960632324219,22.72727394104004,14.285715103149414,15.000000953674316,14.285715103149414,0,0,0,0,19.916772842407227,8589934592,1073741824,5208342528,307429376
201,1771639930262,3504,3504,3504,3504,3504,3504,3504,3504,54.662811279296875,54.2950439453125,53.160179138183594,53.058349609375,53.16339111328125,53.00775909423828,52.661903381347656,53.79344940185547,53.993770599365234,20,19.047618865966797,14.285715103149414,23.809524536132813,0,0,0,0,19.916772842407227,8589934592,1073741824,5208489984,307429376
209,1771639930464,3504,3504,3504,3504,3504,3504,3504,3504,54.662811279296875,54.2950439453125,53.160179138183594,53.058349609375,53.16339111328125,53.00775909423828,52.661903381347656,53.79344940185547,53.993770599365234,15.789472579956055,10.526315689086914,10,15.000000953674316,0,0,0,0,19.916772842407227,8589934592,1073741824,5208211456,307429376
205,1771639930673,3504,3504,3504,3504,3504,3504,3504,3504,54.662811279296875,54.2950439453125,53.160179138183594,53.058349609375,53.16339111328125,53.00775909423828,52.661903381347656,53.79344940185547,53.993770599365234,22.72727394104004,9.523809432983398,14.285715103149414,14.285715103149414,0,0,0,0,12.480780601501465,8589934592,1073741824,5208604672,307429376
206,1771639930879,3504,3504,3504,3504,3504,3504,3504,3504,54.662811279296875,54.2950439453125,53.160179138183594,53.058349609375,53.16339111328125,53.00775909423828,52.661903381347656,53.79344940185547,53.993770599365234,15.000000953674316,23.809524536132813,10,15.000000953674316,0,0,0,0,12.480780601501465,8589934592,1073741824,5208457216,307429376
207,1771639931086,3504,3504,3504,3504,3504,3504,3504,3504,54.662811279296875,54.2950439453125,53.160179138183594,53.058349609375,53.16339111328125,53.00775909423828,52.661903381347656,53.79344940185547,53.993770599365234,10,19.047618865966797,14.285715103149414,15.000000953674316,0,0,0,0,12.480780601501465,8589934592,1073741824,5208457216,307429376
207,1771639931294,3504,3504,3504,3504,3504,3504,3504,3504,51.29241943359375,50.45881271362305,49.699928283691406,49.5533447265625,49.830413818359375,49.53411865234375,49.26459503173828,50.428714752197266,50.52287292480469,10,15.000000953674316,5,22.72727394104004,0,0,0,0,12.480780601501465,8589934592,1073741824,5208424448,307429376
209,1771639931502,3504,3504,3504,3504,3504,3504,3504,3504,51.29241943359375,50.45881271362305,49.699928283691406,49.5533447265625,49.830413818359375,49.53411865234375,49.26459503173828,50.428714752197266,50.52287292480469,23.809524536132813,14.285715103149414,9.523809432983398,15.000000953674316,0,0,0,0,12.480780601501465,8589934592,1073741824,5208424448,307429376
206,1771639931712,3504,3504,3504,3504,3504,3504,3504,3504,51.29241943359375,50.45881271362305,49.699928283691406,49.5533447265625,49.830413818359375,49.53411865234375,49.26459503173828,50.428714752197266,50.52287292480469,19.047618865966797,14.285715103149414,5,19.047618865966797,0,0,0,0,2.1350834369659424,8589934592,1073741824,5208424448,307429376
209,1771639931920,3504,3504,3504,3504,3504,3504,3504,3504,51.29241943359375,50.45881271362305,49.699928283691406,49.5533447265625,49.830413818359375,49.53411865234375,49.26459503173828,50.428714752197266,50.52287292480469,42.85714340209961,21.052631378173828,22.72727394104004,19.047618865966797,0,9.090909004211426,0,4.761904716491699,2.1350834369659424,8589934592,1073741824,5208031232,307429376
209,1771639932130,3504,3504,3504,3504,3504,3504,3504,3504,49.47658157348633,48.88167190551758,47.87333679199219,47.650596618652344,47.97799301147461,47.84613037109375,47.47187042236328,48.58264923095703,48.68111801147461,28.571430206298828,31.81818199157715,33.333335876464844,23.809524536132813,0,0,0,0,2.1350834369659424,8589934592,1073741824,5203279872,307429376
205,1771639932339,3504,3504,3504,3504,3504,3504,3504,3504,49.47658157348633,48.88167190551758,47.87333679199219,47.650596618652344,47.97799301147461,47.84613037109375,47.47187042236328,48.58264923095703,48.68111801147461,15.000000953674316,14.285715103149414,23.809524536132813,9.523809432983398,0,0,0,0,2.1350834369659424,8589934592,1073741824,5198888960,307429376
208,1771639932546,3504,3504,3504,3504,3504,3504,3504,3504,49.47658157348633,48.88167190551758,47.87333679199219,47.650596618652344,47.97799301147461,47.84613037109375,47.47187042236328,48.58264923095703,48.68111801147461,14.285715103149414,5,15.000000953674316,15.000000953674316,0,0,0,0,2.1350834369659424,8589934592,1073741824,5198888960,307429376
208,1771639932755,3504,3504,3504,3504,3504,3504,3504,3504,49.47658157348633,48.88167190551758,47.87333679199219,47.650596618652344,47.97799301147461,47.84613037109375,47.47187042236328,48.58264923095703,48.68111801147461,14.285715103149414,14.285715103149414,19.047618865966797,19.047618865966797,0,0,0,0,2.379009962081909,8589934592,1073741824,5198888960,307429376
209,1771639932964,3504,3504,3504,3504,3504,3504,3504,3504,49.47658157348633,48.88167190551758,47.87333679199219,47.650596618652344,47.97799301147461,47.84613037109375,47.47187042236328,48.58264923095703,48.68111801147461,15.000000953674316,14.285715103149414,22.72727394104004,15.000000953674316,0,0,0,0,2.379009962081909,8589934592,1073741824,5198987264,307429376
209,1771639933174,3504,3504,3504,3504,3504,3504,3504,3504,48.31717300415039,47.769813537597656,46.50548553466797,46.329376220703125,46.68295669555664,46.705360412597656,46.19538116455078,47.260677337646484,47.38101577758789,22.72727394104004,19.047618865966797,15.789472579956055,14.285715103149414,0,0,0,0,2.379009962081909,8589934592,1073741824,5198938112,307429376
209,1771639933384,3504,3504,3504,3504,3504,3504,3504,3504,48.31717300415039,47.769813537597656,46.50548553466797,46.329376220703125,46.68295669555664,46.705360412597656,46.19538116455078,47.260677337646484,47.38101577758789,25,14.285715103149414,13.636363983154297,13.636363983154297,0,0,0,0,2.379009962081909,8589934592,1073741824,5198954496,307429376
207,1771639933594,3504,3504,3504,3504,3504,3504,3504,3504,48.31717300415039,47.769813537597656,46.50548553466797,46.329376220703125,46.68295669555664,46.705360412597656,46.19538116455078,47.260677337646484,47.38101577758789,28.571430206298828,19.047618865966797,14.285715103149414,9.523809432983398,4.761904716491699,4.761904716491699,4.761904716491699,0,2.379009962081909,8589934592,1073741824,5193498624,307429376
205,1771639933802,3504,3504,3504,3504,3504,3504,3504,3504,48.31717300415039,47.769813537597656,46.50548553466797,46.329376220703125,46.68295669555664,46.705360412597656,46.19538116455078,47.260677337646484,47.38101577758789,66.66667175292969,52.38095474243164,57.142860412597656,57.142860412597656,68.18181610107422,65,76.19047546386719,61.904762268066406,2.136295795440674,8589934592,1073741824,5193498624,307429376
204,1771639934008,3504,3504,3504,3504,3504,3504,3504,3504,48.31717300415039,47.769813537597656,46.50548553466797,46.329376220703125,46.68295669555664,46.705360412597656,46.19538116455078,47.260677337646484,47.38101577758789,75,73.68421173095703,68.42105102539063,70,85.71428680419922,90.47618865966797,80.95238494873047,85,2.136295795440674,8589934592,1073741824,5276221440,307429376
209,1771639934212,3504,3504,3504,3504,3504,3504,3504,3504,57.193153381347656,56.08784484863281,54.99005889892578,55.2156982421875,49.39249801635742,55.41205596923828,55.06774139404297,55.90303421020508,56.5286979675293,75,71.42857360839844,75,75,85,85.71428680419922,90.47618865966797,85,2.136295795440674,8589934592,1073741824,5266653184,307429376
200,1771639934422,3504,3504,3504,3504,3504,3504,3504,3504,57.193153381347656,56.08784484863281,54.99005889892578,55.2156982421875,49.39249801635742,55.41205596923828,55.06774139404297,55.90303421020508,56.5286979675293,68.18181610107422,66.66667175292969,66.66667175292969,75,85.71428680419922,85.71428680419922,90,81.81818389892578,2.136295795440674,8589934592,1073741824,5265309696,307429376
209,1771639934623,3504,3504,3504,3504,3504,3504,3504,3504,57.193153381347656,56.08784484863281,54.99005889892578,55.2156982421875,49.39249801635742,55.41205596923828,55.06774139404297,55.90303421020508,56.5286979675293,70,66.66667175292969,71.42857360839844,71.42857360839844,84.21052551269531,84.21052551269531,90,80,2.35798716545105,8589934592,1073741824,5247205376,307429376
206,1771639934833,3504,3504,3504,3504,3504,3504,3504,3504,57.193153381347656,56.08784484863281,54.99005889892578,55.2156982421875,49.39249801635742,55.41205596923828,55.06774139404297,55.90303421020508,56.5286979675293,71.42857360839844,70,72.7272720336914,66.66667175292969,85.71428680419922,90.47618865966797,80.95238494873047,85.71428680419922,2.35798716545105,8589934592,1073741824,5235326976,307429376
207,1771639935042,3504,3504,3504,3504,3504,3504,3504,3504,57.193153381347656,56.08784484863281,54.99005889892578,55.2156982421875,49.39249801635742,55.41205596923828,55.06774139404297,55.90303421020508,56.5286979675293,71.42857360839844,72.7272720336914,75,71.42857360839844,86.36363983154297,90,90.47618865966797,80,2.35798716545105,8589934592,1073741824,5210275840,307429376
209,1771639935249,3504,3504,3504,3504,3504,3504,3504,3504,75.82709503173828,73.77640533447266,73.11498260498047,73.98104858398438,59.765750885009766,73.06831359863281,73.06961822509766,73.46476745605469,75.11200714111328,75,68.42105102539063,70,66.66667175292969,90,86.36363983154297,80.95238494873047,85.71428680419922,2.35798716545105,8589934592,1073741824,5222203392,307429376
201,1771639935459,3504,3504,3504,3504,3504,3504,3504,3504,75.82709503173828,73.77640533447266,73.11498260498047,73.98104858398438,59.765750885009766,73.06831359863281,73.06961822509766,73.46476745605469,75.11200714111328,68.18181610107422,68.18181610107422,71.42857360839844,71.42857360839844,85.71428680419922,85.71428680419922,85.71428680419922,81.81818389892578,2.35798716545105,8589934592,1073741824,5209980928,307429376
201,1771639935661,3504,3504,3504,3504,3504,3504,3504,3504,75.82709503173828,73.77640533447266,73.11498260498047,73.98104858398438,59.765750885009766,73.06831359863281,73.06961822509766,73.46476745605469,75.11200714111328,68.42105102539063,68.42105102539063,70,65,90,85,84.21052551269531,84.21052551269531,7.322124481201172,8589934592,1073741824,5221826560,307429376
209,1771639935862,3504,3504,3504,3504,3504,3504,3504,3504,75.82709503173828,73.77640533447266,73.11498260498047,73.98104858398438,59.765750885009766,73.06831359863281,73.06961822509766,73.46476745605469,75.11200714111328,71.42857360839844,68.18181610107422,71.42857360839844,63.15789031982422,85.71428680419922,90,85.71428680419922,80,7.322124481201172,8589934592,1073741824,5230624768,307429376
206,1771639936072,3504,3504,3504,3504,3504,3504,3504,3504,75.82709503173828,73.77640533447266,73.11498260498047,73.98104858398438,59.765750885009766,73.06831359863281,73.06961822509766,73.46476745605469,75.11200714111328,71.42857360839844,70,76.19047546386719,68.18181610107422,85.71428680419922,90,80.95238494873047,85.71428680419922,7.322124481201172,8589934592,1073741824,5226823680,307429376
202,1771639936278,3504,3504,3504,3504,3504,3504,3504,3504,79.38401794433594,77.67454528808594,76.88455963134766,77.56898498535156,62.92530822753906,76.09876251220703,76.25930786132813,76.45561981201172,78.42829895019531,75,70,68.42105102539063,70,90,86.36363983154297,85,80.95238494873047,7.322124481201172,8589934592,1073741824,5255593984,307429376
209,1771639936481,3504,3504,3504,3504,3504,3504,3504,3504,79.38401794433594,77.67454528808594,76.88455963134766,77.56898498535156,62.92530822753906,76.09876251220703,76.25930786132813,76.45561981201172,78.42829895019531,70,66.66667175292969,68.18181610107422,66.66667175292969,90,85,85,80.95238494873047,7.322124481201172,8589934592,1073741824,5226823680,307429376
200,1771639936690,3504,3504,3504,3504,3504,3504,3504,3504,79.38401794433594,77.67454528808594,76.88455963134766,77.56898498535156,62.92530822753906,76.09876251220703,76.25930786132813,76.45561981201172,78.42829895019531,71.42857360839844,71.42857360839844,66.66667175292969,66.66667175292969,85.71428680419922,85.71428680419922,86.36363983154297,76.19047546386719,19.191740036010742,8589934592,1073741824,5209866240,307429376
202,1771639936891,3504,3504,3504,3504,3504,3504,3504,3504,79.38401794433594,77.67454528808594,76.88455963134766,77.56898498535156,62.92530822753906,76.09876251220703,76.25930786132813,76.45561981201172,78.42829895019531,71.42857360839844,68.42105102539063,68.42105102539063,68.42105102539063,90.47618865966797,80,85,85,19.191740036010742,8589934592,1073741824,5209866240,307429376
209,1771639937094,3504,3504,3504,3504,3504,3504,3504,3504,79.38401794433594,77.67454528808594,76.88455963134766,77.56898498535156,62.92530822753906,76.09876251220703,76.25930786132813,76.45561981201172,78.42829895019531,73.68421173095703,75,76.19047546386719,71.42857360839844,85,85.71428680419922,80,85,19.191740036010742,8589934592,1073741824,5209767936,307429376
210,1771639937304,3504,3504,3504,3504,3504,3504,3504,3504,81.22529602050781,79.62776947021484,78.7960205078125,79.42182159423828,64.81037139892578,78.25517272949219,78.4500503540039,78.64134979248047,80.71456909179688,66.66667175292969,71.42857360839844,65,65,85,90,85.71428680419922,90.47618865966797,19.191740036010742,8589934592,1073741824,5225037824,307429376
209,1771639937514,3504,3504,3504,3504,3504,3504,3504,3504,81.22529602050781,79.62776947021484,78.7960205078125,79.42182159423828,64.81037139892578,78.25517272949219,78.4500503540039,78.64134979248047,80.71456909179688,76.19047546386719,68.18181610107422,72.7272720336914,72.7272720336914,90.47618865966797,86.36363983154297,81.81818389892578,80.95238494873047,19.191740036010742,8589934592,1073741824,5208096768,307429376
204,1771639937724,3504,3504,3504,3504,3504,3504,3504,3504,81.22529602050781,79.62776947021484,78.7960205078125,79.42182159423828,64.81037139892578,78.25517272949219,78.4500503540039,78.64134979248047,80.71456909179688,77.2727279663086,75,70,70,90.90909576416016,85,85,85.71428680419922,19.518808364868164,8589934592,1073741824,5208096768,307429376
200,1771639937929,3504,3504,3504,3504,3504,3504,3504,3504,81.22529602050781,79.62776947021484,78.7960205078125,79.42182159423828,64.81037139892578,78.25517272949219,78.4500503540039,78.64134979248047,80.71456909179688,70,66.66667175292969,63.6363639831543,66.66667175292969,90,85.71428680419922,80.95238494873047,80.95238494873047,19.518808364868164,8589934592,1073741824,5208096768,307429376
209,1771639938129,3504,3504,3504,3504,3504,3504,3504,3504,82.8701171875,81.25574493408203,80.529052734375,81.06224822998047,66.22779846191406,79.41474914550781,79.67192077636719,79.75717163085938,82.01171112060547,70,73.68421173095703,68.42105102539063,68.42105102539063,90,89.47368621826172,78.94737243652344,78.94737243652344,19.518808364868164,8589934592,1073741824,5233360896,307429376
209,1771639938339,3504,3504,3504,3504,3504,3504,3504,3504,82.8701171875,81.25574493408203,80.529052734375,81.06224822998047,66.22779846191406,79.41474914550781,79.67192077636719,79.75717163085938,82.01171112060547,71.42857360839844,68.18181610107422,71.42857360839844,68.18181610107422,85.71428680419922,90.47618865966797,85.71428680419922,80.95238494873047,19.518808364868164,8589934592,1073741824,5216583680,307429376
209,1771639938549,3504,3504,3504,3504,3504,3504,3504,3504,82.8701171875,81.25574493408203,80.529052734375,81.06224822998047,66.22779846191406,79.41474914550781,79.67192077636719,79.75717163085938,82.01171112060547,70,71.42857360839844,70,70,86.36363983154297,90.47618865966797,86.36363983154297,80,19.518808364868164,8589934592,1073741824,5243060224,307429376
209,1771639938759,3504,3504,3504,3504,3504,3504,3504,3504,82.8701171875,81.25574493408203,80.529052734375,81.06224822998047,66.22779846191406,79.41474914550781,79.67192077636719,79.75717163085938,82.01171112060547,68.18181610107422,66.66667175292969,63.6363639831543,68.18181610107422,95,85.71428680419922,76.19047546386719,77.2727279663086,19.71334457397461,8589934592,1073741824,5220843520,307429376
203,1771639938969,3504,3504,3504,3504,3504,3504,3504,3504,82.8701171875,81.25574493408203,80.529052734375,81.06224822998047,66.22779846191406,79.41474914550781,79.67192077636719,79.75717163085938,82.01171112060547,10,9.090909004211426,5,9.523809432983398,4.761904716491699,4.545454502105713,0,4.545454502105713,19.71334457397461,8589934592,1073741824,5220843520,307429376
209,1771639939173,3504,3504,3504,3504,3504,3504,3504,3504,76.00080871582031,74.68304443359375,73.77503204345703,74.22608947753906,64.5557861328125,72.7811050415039,72.71436309814453,73.40025329589844,74.72903442382813,15.000000953674316,21.052631378173828,10,20,4.761904716491699,5,4.761904716491699,0,19.71334457397461,8589934592,1073741824,5209980928,307429376
202,1771639939383,3504,3504,3504,3504,3504,3504,3504,3504,76.00080871582031,74.68304443359375,73.77503204345703,74.22608947753906,64.5557861328125,72.7811050415039,72.71436309814453,73.40025329589844,74.72903442382813,19.047618865966797,23.809524536132813,19.047618865966797,23.809524536132813,23.809524536132813,19.047618865966797,15.000000953674316,15.000000953674316,19.71334457397461,8589934592,1073741824,5211258880,307429376
209,1771639939586,3504,3504,3504,3504,3504,3504,3504,3504,76.00080871582031,74.68304443359375,73.77503204345703,74.22608947753906,64.5557861328125,72.7811050415039,72.71436309814453,73.40025329589844,74.72903442382813,20,25,23.809524536132813,20,0,0,0,0,19.71334457397461,8589934592,1073741824,5208391680,307429376
209,1771639939796,3504,3504,3504,3504,3504,3504,3504,3504,76.00080871582031,74.68304443359375,73.77503204345703,74.22608947753906,64.5557861328125,72.7811050415039,72.71436309814453,73.40025329589844,74.72903442382813,23.809524536132813,19.047618865966797,14.285715103149414,13.636363983154297,0,0,4.761904716491699,0,19.39342498779297,8589934592,1073741824,5208276992,307429376
206,1771639940006,3504,3504,3504,3504,3504,3504,3504,3504,76.00080871582031,74.68304443359375,73.77503204345703,74.22608947753906,64.5557861328125,72.7811050415039,72.71436309814453,73.40025329589844,74.72903442382813,22.72727394104004,20,9.523809432983398,10,0,0,0,0,19.39342498779297,8589934592,1073741824,5207375872,307429376
206,1771639940212,3504,3504,3504,3504,3504,3504,3504,3504,55.64059066772461,55.26692199707031,54.077545166015625,53.98844909667969,53.92082214355469,53.93712615966797,53.56452941894531,54.74384689331055,55.05636215209961,15.000000953674316,31.81818199157715,10,9.523809432983398,0,0,0,0,19.39342498779297,8589934592,1073741824,5205639168,307429376
209,1771639940419,3504,3504,3504,3504,3504,3504,3504,3504,55.64059066772461,55.26692199707031,54.077545166015625,53.98844909667969,53.92082214355469,53.93712615966797,53.56452941894531,54.74384689331055,55.05636215209961,14.285715103149414,25,9.523809432983398,9.523809432983398,0,0,0,0,19.39342498779297,8589934592,1073741824,5198839808,307429376
203,1771639940629,3504,3504,3504,3504,3504,3504,3504,3504,55.64059066772461,55.26692199707031,54.077545166015625,53.98844909667969,53.92082214355469,53.93712615966797,53.56452941894531,54.74384689331055,55.05636215209961,25,23.809524536132813,14.285715103149414,9.523809432983398,0,0,0,0,14.974468231201172,8589934592,1073741824,5198856192,307429376
209,1771639940833,3504,3504,3504,3504,3504,3504,3504,3504,55.64059066772461,55.26692199707031,54.077545166015625,53.98844909667969,53.92082214355469,53.93712615966797,53.56452941894531,54.74384689331055,55.05636215209961,19.047618865966797,20,10,15.000000953674316,0,0,0,0,14.974468231201172,8589934592,1073741824,5198856192,307429376
201,1771639941043,3504,3504,3504,3504,3504,3504,3504,3504,55.64059066772461,55.26692199707031,54.077545166015625,53.98844909667969,53.92082214355469,53.93712615966797,53.56452941894531,54.74384689331055,55.05636215209961,10,28.571430206298828,13.636363983154297,5,0,0,0,0,14.974468231201172,8589934592,1073741824,5198856192,307429376
209,1771639941246,3504,3504,3504,3504,3504,3504,3504,3504,51.73444366455078,50.98408508300781,50.141502380371094,50.04142761230469,50.308631896972656,50.049339294433594,49.72673034667969,50.90870666503906,51.04240417480469,20,30.000001907348633,15.000000953674316,14.285715103149414,0,0,0,0,14.974468231201172,8589934592,1073741824,5199003648,307429376
205,1771639941456,3504,3504,3504,3504,3504,3504,3504,3504,51.73444366455078,50.98408508300781,50.141502380371094,50.04142761230469,50.308631896972656,50.049339294433594,49.72673034667969,50.90870666503906,51.04240417480469,18.18181800842285,28.571430206298828,10,4.761904716491699,0,0,0,0,14.974468231201172,8589934592,1073741824,5199003648,307429376
199,1771639941662,3504,3504,3504,3504,3504,3504,3504,3504,51.73444366455078,50.98408508300781,50.141502380371094,50.04142761230469,50.308631896972656,50.049339294433594,49.72673034667969,50.90870666503906,51.04240417480469,15.000000953674316,23.809524536132813,10,9.523809432983398,0,0,0,0,2.7499053478240967,8589934592,1073741824,5199003648,307429376
203,1771639941863,3504,3504,3504,3504,3504,3504,3504,3504,51.73444366455078,50.98408508300781,50.141502380371094,50.04142761230469,50.308631896972656,50.049339294433594,49.72673034667969,50.90870666503906,51.04240417480469,20,21.052631378173828,14.285715103149414,5.263157844543457,0,0,0,0,2.7499053478240967,8589934592,1073741824,5199101952,307429376
209,1771639942066,3504,3504,3504,3504,3504,3504,3504,3504,51.73444366455078,50.98408508300781,50.141502380371094,50.04142761230469,50.308631896972656,50.049339294433594,49.72673034667969,50.90870666503906,51.04240417480469,15.000000953674316,25,10.526315689086914,14.285715103149414,4.761904716491699,5,0,0,2.7499053478240967,8589934592,1073741824,5199101952,307429376
202,1771639942276,3504,3504,3504,3504,3504,3504,3504,3504,49.901451110839844,49.243778228759766,48.30998992919922,48.13861083984375,48.478233337402344,48.31481170654297,47.919898986816406,49.09390640258789,49.18252944946289,19.047618865966797,33.333335876464844,18.18181800842285,10,4.761904716491699,4.761904716491699,4.761904716491699,4.761904716491699,2.7499053478240967,8589934592,1073741824,5188534272,307429376
209,1771639942479,3504,3504,3504,3504,3504,3504,3504,3504,49.901451110839844,49.243778228759766,48.30998992919922,48.13861083984375,48.478233337402344,48.31481170654297,47.919898986816406,49.09390640258789,49.18252944946289,15.000000953674316,31.81818199157715,15.000000953674316,14.285715103149414,0,0,0,0,2.7499053478240967,8589934592,1073741824,5185257472,307429376
206,1771639942689,3504,3504,3504,3504,3504,3504,3504,3504,49.901451110839844,49.243778228759766,48.30998992919922,48.13861083984375,48.478233337402344,48.31481170654297,47.919898986816406,49.09390640258789,49.18252944946289,14.285715103149414,25,9.523809432983398,5,0,0,0,0,2.5012550354003906,8589934592,1073741824,5185273856,307429376
204,1771639942896,3504,3504,3504,3504,3504,3504,3504,3504,49.901451110839844,49.243778228759766,48.30998992919922,48.13861083984375,48.478233337402344,48.31481170654297,47.919898986816406,49.09390640258789,49.18252944946289,19.047618865966797,30.000001907348633,10,18.18181800842285,0,0,0,0,2.5012550354003906,8589934592,1073741824,5185437696,307429376
209,1771639943101,3504,3504,3504,3504,3504,3504,3504,3504,49.901451110839844,49.243778228759766,48.30998992919922,48.13861083984375,48.478233337402344,48.31481170654297,47.919898986816406,49.09390640258789,49.18252944946289,15.000000953674316,23.809524536132813,14.285715103149414,15.000000953674316,0,0,0,0,2.5012550354003906,8589934592,1073741824,5185437696,307429376
200,1771639943311,3504,3504,3504,3504,3504,3504,3504,3504,48.762481689453125,48.23832702636719,47.02479553222656,46.919189453125,47.13798522949219,47.15662384033203,46.72376251220703,47.84371566772461,48.013004302978516,14.285715103149414,19.047618865966797,9.523809432983398,14.285715103149414,0,0,0,0,2.5012550354003906,8589934592,1073741824,5185421312,307429376
204,1771639943512,3504,3504,3504,3504,3504,3504,3504,3504,48.762481689453125,48.23832702636719,47.02479553222656,46.919189453125,47.13798522949219,47.15662384033203,46.72376251220703,47.84371566772461,48.013004302978516,20,21.052631378173828,10.526315689086914,20,0,0,0,0,2.5012550354003906,8589934592,1073741824,5185306624,307429376
209,1771639943717,3504,3504,3504,3504,3504,3504,3504,3504,48.762481689453125,48.23832702636719,47.02479553222656,46.919189453125,47.13798522949219,47.15662384033203,46.72376251220703,47.84371566772461,48.013004302978516,15.000000953674316,33.333335876464844,14.285715103149414,25,5,0,0,0,2.159942626953125,8589934592,1073741824,5149818880,307429376
201,1771639943926,3504,3504,3504,3504,3504,3504,3504,3504,48.762481689453125,48.23832702636719,47.02479553222656,46.919189453125,47.13798522949219,47.15662384033203,46.72376251220703,47.84371566772461,48.013004302978516,66.66667175292969,66.66667175292969,65,63.6363639831543,85,86.36363983154297,77.2727279663086,75,2.159942626953125,8589934592,1073741824,5216141312,307429376
209,1771639944128,3504,3504,3504,3504,3504,3504,3504,3504,48.762481689453125,48.23832702636719,53.387237548828125,53.63372039794922,48.82579040527344,53.20697784423828,52.96259307861328,53.703853607177734,54.37159729003906,70,75,66.66667175292969,68.42105102539063,85.71428680419922,95,85,80,2.159942626953125,8589934592,1073741824,5230231552,307429376
210,1771639944338,3504,3504,3504,3504,3504,3504,3504,3504,55.4998664855957,54.50925064086914,53.387237548828125,53.63372039794922,48.82579040527344,53.20697784423828,52.96259307861328,53.703853607177734,54.37159729003906,71.42857360839844,70,70,66.66667175292969,85,80,85,86.9565200805664,2.159942626953125,8589934592,1073741824,5223628800,307429376
209,1771639944549,3504,3504,3504,3504,3504,3504,3504,3504,55.4998664855957,54.50925064086914,53.387237548828125,53.63372039794922,48.82579040527344,53.20697784423828,52.96259307861328,53.703853607177734,54.37159729003906,71.42857360839844,71.42857360839844,68.18181610107422,70,81.81818389892578,86.36363983154297,80.95238494873047,90,2.159942626953125,8589934592,1073741824,5208866816,307429376
202,1771639944759,3504,3504,3504,3504,3504,3504,3504,3504,55.4998664855957,54.50925064086914,53.387237548828125,53.63372039794922,48.82579040527344,53.20697784423828,52.96259307861328,53.703853607177734,54.37159729003906,71.42857360839844,68.18181610107422,66.66667175292969,63.6363639831543,85,85.71428680419922,86.36363983154297,85.71428680419922,2.135603904724121,8589934592,1073741824,5254217728,307429376
209,1771639944962,3504,3504,3504,3504,3504,3504,3504,3504,55.4998664855957,54.50925064086914,53.387237548828125,53.63372039794922,48.82579040527344,53.20697784423828,52.96259307861328,53.703853607177734,54.37159729003906,70,75,70,71.42857360839844,86.36363983154297,85,85,85,2.135603904724121,8589934592,1073741824,5259313152,307429376
206,1771639945172,3504,3504,3504,3504,3504,3504,3504,3504,75.4271240234375,73.46329498291016,72.76298522949219,73.6285629272461,59.5597038269043,72.81462097167969,73.12525177001953,73.14453125,75.28524780273438,71.42857360839844,70,66.66667175292969,68.42105102539063,85,90.47618865966797,90.47618865966797,77.2727279663086,2.135603904724121,8589934592,1073741824,5248139264,307429376
200,1771639945379,3504,3504,3504,3504,3504,3504,3504,3504,75.4271240234375,73.46329498291016,72.76298522949219,73.6285629272461,59.5597038269043,72.81462097167969,73.12525177001953,73.14453125,75.28524780273438,71.42857360839844,71.42857360839844,68.18181610107422,68.18181610107422,85.71428680419922,95,80,80,2.135603904724121,8589934592,1073741824,5215617024,307429376
209,1771639945579,3504,3504,3504,3504,3504,3504,3504,3504,75.4271240234375,73.46329498291016,72.76298522949219,73.6285629272461,59.5597038269043,72.81462097167969,73.12525177001953,73.14453125,75.28524780273438,75,71.42857360839844,72.22222137451172,70,85,90.90909576416016,80.95238494873047,80.95238494873047,2.135603904724121,8589934592,1073741824,5219319808,307429376
206,1771639945789,3504,3504,3504,3504,3504,3504,3504,3504,75.4271240234375,73.46329498291016,72.76298522949219,73.6285629272461,59.5597038269043,72.81462097167969,73.12525177001953,73.14453125,75.28524780273438,66.66667175292969,65,72.7272720336914,65,90,85,90,80.95238494873047,7.60295295715332,8589934592,1073741824,5216747520,307429376
218,1771639945995,3504,3504,3504,3504,3504,3504,3504,3504,75.4271240234375,73.46329498291016,72.76298522949219,73.6285629272461,59.5597038269043,72.81462097167969,73.12525177001953,73.14453125,75.28524780273438,70,63.6363639831543,65,63.6363639831543,85.71428680419922,80,80.95238494873047,85,7.60295295715332,8589934592,1073741824,5241749504,307429376
208,1771639946214,3504,3504,3504,3504,3504,3504,3504,3504,79.5707778930664,77.5228271484375,76.71068572998047,77.61862182617188,63.03797912597656,76.07711029052734,76.21582794189453,76.50959014892578,78.45182800292969,68.18181610107422,68.18181610107422,72.7272720336914,66.66667175292969,86.36363983154297,90.90909576416016,81.81818389892578,81.81818389892578,7.60295295715332,8589934592,1073741824,5230067712,307429376
205,1771639946423,3504,3504,3504,3504,3504,3504,3504,3504,79.5707778930664,77.5228271484375,76.71068572998047,77.61862182617188,63.03797912597656,76.07711029052734,76.21582794189453,76.50959014892578,78.45182800292969,71.42857360839844,68.42105102539063,68.18181610107422,66.66667175292969,85,85,90,85.71428680419922,7.60295295715332,8589934592,1073741824,5223317504,307429376
209,1771639946629,3504,3504,3504,3504,3504,3504,3504,3504,79.5707778930664,77.5228271484375,76.71068572998047,77.61862182617188,63.03797912597656,76.07711029052734,76.21582794189453,76.50959014892578,78.45182800292969,71.42857360839844,71.42857360839844,75,70,81.81818389892578,85.71428680419922,86.36363983154297,85,19.02036476135254,8589934592,1073741824,5200478208,307429376
209,1771639946839,3504,3504,3504,3504,3504,3504,3504,3504,79.5707778930664,77.5228271484375,76.71068572998047,77.61862182617188,63.03797912597656,76.07711029052734,76.21582794189453,76.50959014892578,78.45182800292969,70,71.42857360839844,71.42857360839844,68.18181610107422,90.47618865966797,85.71428680419922,85.71428680419922,85,19.02036476135254,8589934592,1073741824,5200478208,307429376
210,1771639947048,3504,3504,3504,3504,3504,3504,3504,3504,79.5707778930664,77.5228271484375,76.71068572998047,77.61862182617188,63.03797912597656,76.07711029052734,76.21582794189453,76.50959014892578,78.45182800292969,72.7272720336914,66.66667175292969,66.66667175292969,66.66667175292969,85.71428680419922,81.81818389892578,90,81.81818389892578,19.02036476135254,8589934592,1073741824,5200478208,307429376
203,1771639947259,3504,3504,3504,3504,3504,3504,3504,3504,81.30432891845703,79.49107360839844,78.7091064453125,79.4691390991211,64.98104858398438,78.74407958984375,78.87993621826172,79.17973327636719,81.2043228149414,75,71.42857360839844,71.42857360839844,70,85,85.71428680419922,90.47618865966797,80.95238494873047,19.02036476135254,8589934592,1073741824,5200478208,307429376
213,1771639947462,3504,3504,3504,3504,3504,3504,3504,3504,81.30432891845703,79.49107360839844,78.7091064453125,79.4691390991211,64.98104858398438,78.74407958984375,78.87993621826172,79.17973327636719,81.2043228149414,70,70,70,71.42857360839844,85.71428680419922,85,80.95238494873047,90,19.02036476135254,8589934592,1073741824,5257379840,307429376
203,1771639947676,3504,3504,3504,3504,3504,3504,3504,3504,81.30432891845703,79.49107360839844,78.7091064453125,79.4691390991211,64.98104858398438,78.74407958984375,78.87993621826172,79.17973327636719,81.2043228149414,71.42857360839844,71.42857360839844,66.66667175292969,65,85,85.71428680419922,85,90.90909576416016,19.6686954498291,8589934592,1073741824,5227380736,307429376
209,1771639947879,3504,3504,3504,3504,3504,3504,3504,3504,81.30432891845703,79.49107360839844,78.7091064453125,79.4691390991211,64.98104858398438,78.74407958984375,78.87993621826172,79.17973327636719,81.2043228149414,71.42857360839844,76.19047546386719,70,71.42857360839844,90.90909576416016,80.95238494873047,90.47618865966797,85,19.6686954498291,8589934592,1073741824,5239865344,307429376
209,1771639948089,3504,3504,3504,3504,3504,3504,3504,3504,81.30432891845703,79.49107360839844,78.7091064453125,79.4691390991211,64.98104858398438,78.74407958984375,78.87993621826172,79.17973327636719,81.2043228149414,76.19047546386719,70,72.7272720336914,68.18181610107422,85.71428680419922,90,90,81.81818389892578,19.6686954498291,8589934592,1073741824,5236850688,307429376
209,1771639948299,3504,3504,3504,3504,3504,3504,3504,3504,82.8895034790039,81.09819793701172,80.4080581665039,81.126953125,66.62681579589844,80.66473388671875,80.8493423461914,81.14015197753906,83.21463775634766,71.42857360839844,68.18181610107422,66.66667175292969,71.42857360839844,85,95.23809814453125,82.60869598388672,90,19.6686954498291,8589934592,1073741824,5238456320,307429376
202,1771639948509,3504,3504,3504,3504,3504,3504,3504,3504,82.8895034790039,81.09819793701172,80.4080581665039,81.126953125,66.62681579589844,80.66473388671875,80.8493423461914,81.14015197753906,83.21463775634766,66.66667175292969,66.66667175292969,65,65,80.95238494873047,80.95238494873047,85,86.36363983154297,19.6686954498291,8589934592,1073741824,5270716416,307429376
209,1771639948712,3504,3504,3504,3504,3504,3504,3504,3504,82.8895034790039,81.09819793701172,80.4080581665039,81.126953125,66.62681579589844,80.66473388671875,80.8493423461914,81.14015197753906,83.21463775634766,75,71.42857360839844,71.42857360839844,75,85,90.47618865966797,85.71428680419922,90,19.324216842651367,8589934592,1073741824,5268684800,307429376
209,1771639948922,3504,3504,3504,3504,3504,3504,3504,3504,82.8895034790039,81.09819793701172,80.4080581665039,81.126953125,66.62681579589844,80.66473388671875,80.8493423461914,81.14015197753906,83.21463775634766,55,45,50,52.38095474243164,61.904762268066406,66.66667175292969,55,60.000003814697266,19.324216842651367,8589934592,1073741824,5199429632,307429376
209,1771639949132,3504,3504,3504,3504,3504,3504,3504,3504,78.9017333984375,77.12589263916016,76.3990478515625,77.08677673339844,66.07780456542969,76.2137451171875,76.49227905273438,76.6353530883789,78.87162780761719,18.18181800842285,9.523809432983398,9.090909004211426,14.285715103149414,4.545454502105713,0,0,0,19.324216842651367,8589934592,1073741824,5204967424,307429376
202,1771639949342,3504,3504,3504,3504,3504,3504,3504,3504,78.9017333984375,77.12589263916016,76.3990478515625,77.08677673339844,66.07780456542969,76.2137451171875,76.49227905273438,76.6353530883789,78.87162780761719,19.047618865966797,14.285715103149414,10,14.285715103149414,0,0,0,0,19.324216842651367,8589934592,1073741824,5204967424,307429376
208,1771639949546,3504,3504,3504,3504,3504,3504,3504,3504,78.9017333984375,77.12589263916016,76.3990478515625,77.08677673339844,66.07780456542969,76.2137451171875,76.49227905273438,76.6353530883789,78.87162780761719,20,10,14.285715103149414,23.809524536132813,0,0,0,0,19.324216842651367,8589934592,1073741824,5201887232,307429376
209,1771639949754,3504,3504,3504,3504,3504,3504,3504,3504,78.9017333984375,77.12589263916016,76.3990478515625,77.08677673339844,66.07780456542969,76.2137451171875,76.49227905273438,76.6353530883789,78.87162780761719,9.523809432983398,9.523809432983398,9.523809432983398,20,4.761904716491699,4.761904716491699,0,0,19.919965744018555,8589934592,1073741824,5201887232,307429376
201,1771639949964,3504,3504,3504,3504,3504,3504,3504,3504,78.9017333984375,77.12589263916016,76.3990478515625,77.08677673339844,66.07780456542969,76.2137451171875,76.49227905273438,76.6353530883789,78.87162780761719,20,14.285715103149414,10,14.285715103149414,0,0,0,0,19.919965744018555,8589934592,1073741824,5201903616,307429376
209,1771639950166,3504,3504,3504,3504,3504,3504,3504,3504,56.15763473510742,55.818843841552734,54.64607238769531,54.51756286621094,54.61296463012695,54.52776336669922,54.14551544189453,55.297637939453125,55.579280853271484,20,10.526315689086914,5,15.000000953674316,0,0,0,0,19.919965744018555,8589934592,1073741824,5200101376,307429376
201,1771639950376,3504,3504,3504,3504,3504,3504,3504,3504,56.15763473510742,55.818843841552734,54.64607238769531,54.51756286621094,54.61296463012695,54.52776336669922,54.14551544189453,55.297637939453125,55.579280853271484,19.047618865966797,22.72727394104004,14.285715103149414,19.047618865966797,0,0,0,0,19.919965744018555,8589934592,1073741824,5200101376,307429376
206,1771639950579,3504,3504,3504,3504,3504,3504,3504,3504,56.15763473510742,55.818843841552734,54.64607238769531,54.51756286621094,54.61296463012695,54.52776336669922,54.14551544189453,55.297637939453125,55.579280853271484,19.047618865966797,15.000000953674316,10,14.285715103149414,0,0,0,0,19.919965744018555,8589934592,1073741824,5197119488,307429376
205,1771639950786,3504,3504,3504,3504,3504,3504,3504,3504,56.15763473510742,55.818843841552734,54.64607238769531,54.51756286621094,54.61296463012695,54.52776336669922,54.14551544189453,55.297637939453125,55.579280853271484,15.000000953674316,25,14.285715103149414,15.789472579956055,0,0,0,0,14.574986457824707,8589934592,1073741824,5197299712,307429376
209,1771639950991,3504,3504,3504,3504,3504,3504,3504,3504,56.15763473510742,55.818843841552734,54.64607238769531,54.51756286621094,54.61296463012695,54.52776336669922,54.14551544189453,55.297637939453125,55.579280853271484,20,14.285715103149414,9.523809432983398,18.18181800842285,0,0,0,0,14.574986457824707,8589934592,1073741824,5197250560,307429376
202,1771639951201,3504,3504,3504,3504,3504,3504,3504,3504,52.33903121948242,51.616451263427734,50.738616943359375,50.616981506347656,50.89537811279297,50.653411865234375,50.276390075683594,51.496070861816406,51.691810607910156,14.285715103149414,15.000000953674316,5,15.000000953674316,0,0,0,0,14.574986457824707,8589934592,1073741824,5197250560,307429376
207,1771639951404,3504,3504,3504,3504,3504,3504,3504,3504,52.33903121948242,51.616451263427734,50.738616943359375,50.616981506347656,50.89537811279297,50.653411865234375,50.276390075683594,51.496070861816406,51.691810607910156,19.047618865966797,27.272727966308594,14.285715103149414,20,0,0,0,0,14.574986457824707,8589934592,1073741824,5197250560,307429376
206,1771639951612,3504,3504,3504,3504,3504,3504,3504,3504,52.33903121948242,51.616451263427734,50.738616943359375,50.616981506347656,50.89537811279297,50.653411865234375,50.276390075683594,51.496070861816406,51.691810607910156,15.000000953674316,15.000000953674316,10,14.285715103149414,0,0,0,0,14.574986457824707,8589934592,1073741824,5197217792,307429376
209,1771639951819,3504,3504,3504,3504,3504,3504,3504,3504,52.33903121948242,51.616451263427734,50.738616943359375,50.616981506347656,50.89537811279297,50.653411865234375,50.276390075683594,51.496070861816406,51.691810607910156,15.000000953674316,20,9.523809432983398,19.047618865966797,0,0,0,0,2.0708611011505127,8589934592,1073741824,5197234176,307429376
200,1771639952029,3504,3504,3504,3504,3504,3504,3504,3504,52.33903121948242,51.616451263427734,50.738616943359375,50.616981506347656,50.89537811279297,50.653411865234375,50.276390075683594,51.496070861816406,51.691810607910156,18.18181800842285,14.285715103149414,15.000000953674316,19.047618865966797,0,0,0,0,2.0708611011505127,8589934592,1073741824,5197381632,307429376
209,1771639952229,3504,3504,3504,3504,3504,3504,3504,3504,50.39032745361328,49.655372619628906,48.779571533203125,48.55677795410156,49.01577377319336,48.77104949951172,48.36632537841797,49.58274841308594,49.72734069824219,15.789472579956055,15.000000953674316,20,20,0,0,0,0,2.0708611011505127,8589934592,1073741824,5197430784,307429376
205,1771639952439,3504,3504,3504,3504,3504,3504,3504,3504,50.39032745361328,49.655372619628906,48.779571533203125,48.55677795410156,49.01577377319336,48.77104949951172,48.36632537841797,49.58274841308594,49.72734069824219,19.047618865966797,10,18.18181800842285,15.000000953674316,0,0,0,0,2.0708611011505127,8589934592,1073741824,5197430784,307429376
206,1771639952645,3504,3504,3504,3504,3504,3504,3504,3504,50.39032745361328,49.655372619628906,48.779571533203125,48.55677795410156,49.01577377319336,48.77104949951172,48.36632537841797,49.58274841308594,49.72734069824219,15.000000953674316,14.285715103149414,10,23.809524536132813,0,0,0,0,2.8680899143218994,8589934592,1073741824,5183094784,307429376
207,1771639952852,3504,3504,3504,3504,3504,3504,3504,3504,50.39032745361328,49.655372619628906,48.779571533203125,48.55677795410156,49.01577377319336,48.77104949951172,48.36632537841797,49.58274841308594,49.72734069824219,14.285715103149414,13.636363983154297,10,19.047618865966797,0,0,0,0,2.8680899143218994,8589934592,1073741824,5183193088,307429376
201,1771639953060,3504,3504,3504,3504,3504,3504,3504,3504,50.39032745361328,49.655372619628906,48.779571533203125,48.55677795410156,49.01577377319336,48.77104949951172,48.36632537841797,49.58274841308594,49.72734069824219,23.809524536132813,15.789472579956055,19.047618865966797,15.000000953674316,4.545454502105713,0,0,0,2.8680899143218994,8589934592,1073741824,5183225856,307429376
209,1771639953262,3504,3504,3504,3504,3504,3504,3504,3504,49.10666275024414,48.568359375,47.460235595703125,47.21025085449219,47.56061935424805,47.49293518066406,47.06871795654297,48.2280158996582,48.42876434326172,23.809524536132813,23.809524536132813,33.333335876464844,14.285715103149414,0,0,0,0,2.8680899143218994,8589934592,1073741824,5183782912,307429376
209,1771639953472,3504,3504,3504,3504,3504,3504,3504,3504,49.10666275024414,48.568359375,47.460235595703125,47.21025085449219,47.56061935424805,47.49293518066406,47.06871795654297,48.2280158996582,48.42876434326172,10,20,15.000000953674316,9.523809432983398,4.761904716491699,10,4.761904716491699,0,2.8680899143218994,8589934592,1073741824,5183782912,307429376
208,1771639953682,3504,3504,3504,3504,3504,3504,3504,3504,49.10666275024414,48.568359375,47.460235595703125,47.21025085449219,47.56061935424805,47.49293518066406,47.06871795654297,48.2280158996582,48.42876434326172,14.285715103149414,19.047618865966797,14.285715103149414,5,0,0,0,0,2.699267864227295,8589934592,1073741824,5186600960,307429376
206,1771639953891,3504,3504,3504,3504,3504,3504,3504,3504,49.10666275024414,48.568359375,47.460235595703125,47.21025085449219,47.56061935424805,47.49293518066406,47.06871795654297,48.2280158996582,48.42876434326172,38.095237731933594,40.90909194946289,42.85714340209961,31.81818199157715,68.18181610107422,23.809524536132813,28.571430206298828,28.571430206298828,2.699267864227295,8589934592,1073741824,5196824576,307429376
209,1771639954097,3504,3504,3504,3504,3504,3504,3504,3504,49.10666275024414,48.568359375,47.460235595703125,47.21025085449219,47.56061935424805,47.49293518066406,47.06871795654297,48.2280158996582,48.42876434326172,75,75,71.42857360839844,70,90,90.47618865966797,80.95238494873047,90,2.699267864227295,8589934592,1073741824,5215305728,307429376
204,1771639954307,3504,3504,3504,3504,3504,3504,3504,3504,53.68870544433594,53.20659255981445,51.92865753173828,51.89024353027344,48.430782318115234,51.682411193847656,51.441375732421875,52.24485397338867,53.082977294921875,75,71.42857360839844,71.42857360839844,70,85.71428680419922,80.95238494873047,90.47618865966797,80.95238494873047,2.699267864227295,8589934592,1073741824,5225545728,307429376
209,1771639954512,3504,3504,3504,3504,3504,3504,3504,3504,53.68870544433594,53.20659255981445,51.92865753173828,51.89024353027344,48.430782318115234,51.682411193847656,51.441375732421875,52.24485397338867,53.082977294921875,71.42857360839844,70,70,68.18181610107422,85.71428680419922,90.47618865966797,85,85.71428680419922,2.699267864227295,8589934592,1073741824,5233852416,307429376
204,1771639954722,3504,3504,3504,3504,3504,3504,3504,3504,53.68870544433594,53.20659255981445,51.92865753173828,51.89024353027344,48.430782318115234,51.682411193847656,51.441375732421875,52.24485397338867,53.082977294921875,71.42857360839844,68.18181610107422,66.66667175292969,70,85,85.71428680419922,85.71428680419922,80.95238494873047,2.183211088180542,8589934592,1073741824,5261361152,307429376
203,1771639954926,3504,3504,3504,3504,3504,3504,3504,3504,53.68870544433594,53.20659255981445,51.92865753173828,51.89024353027344,48.430782318115234,51.682411193847656,51.441375732421875,52.24485397338867,53.082977294921875,70,68.42105102539063,75,65,85.71428680419922,85,80.95238494873047,90,2.183211088180542,8589934592,1073741824,5264801792,307429376
209,1771639955131,3504,3504,3504,3504,3504,3504,3504,3504,75.50447845458984,73.45748138427734,72.74494934082031,73.6458511352539,59.51626968383789,72.78244018554688,72.81855773925781,73.12186431884766,75.03694915771484,72.7272720336914,71.42857360839844,71.42857360839844,70,85,90,85,80.95238494873047,2.183211088180542,8589934592,1073741824,5226692608,307429376
207,1771639955341,3504,3504,3504,3504,3504,3504,3504,3504,75.50447845458984,73.45748138427734,72.74494934082031,73.6458511352539,59.51626968383789,72.78244018554688,72.81855773925781,73.12186431884766,75.03694915771484,75,66.66667175292969,66.66667175292969,69.56521606445313,85.71428680419922,85.71428680419922,81.81818389892578,90.47618865966797,2.183211088180542,8589934592,1073741824,5226692608,307429376
209,1771639955548,3504,3504,3504,3504,3504,3504,3504,3504,75.50447845458984,73.45748138427734,72.74494934082031,73.6458511352539,59.51626968383789,72.78244018554688,72.81855773925781,73.12186431884766,75.03694915771484,70,75,66.66667175292969,65,80.95238494873047,80.95238494873047,84.21052551269531,80.95238494873047,2.183211088180542,8589934592,1073741824,5226692608,307429376
204,1771639955758,3504,3504,3504,3504,3504,3504,3504,3504,75.50447845458984,73.45748138427734,72.74494934082031,73.6458511352539,59.51626968383789,72.78244018554688,72.81855773925781,73.12186431884766,75.03694915771484,72.7272720336914,71.42857360839844,71.42857360839844,70,90.47618865966797,85,85.71428680419922,90,4.462146282196045,8589934592,1073741824,5201100800,307429376
210,1771639955963,3504,3504,3504,3504,3504,3504,3504,3504,75.50447845458984,73.45748138427734,72.74494934082031,73.6458511352539,59.51626968383789,72.78244018554688,72.81855773925781,73.12186431884766,75.03694915771484,71.42857360839844,71.42857360839844,70,66.66667175292969,90,86.36363983154297,80.95238494873047,81.81818389892578,4.462146282196045,8589934592,1073741824,5212995584,307429376
204,1771639956174,3504,3504,3504,3504,3504,3504,3504,3504,79.3865737915039,77.81934356689453,76.97820281982422,77.65015411376953,63.27630615234375,76.69449615478516,77.04161071777344,77.00599670410156,79.49004364013672,75,70,71.42857360839844,71.42857360839844,90.47618865966797,85,85.71428680419922,90,4.462146282196045,8589934592,1073741824,5212995584,307429376
209,1771639956379,3504,3504,3504,3504,3504,3504,3504,3504,79.3865737915039,77.81934356689453,76.97820281982422,77.65015411376953,63.27630615234375,76.69449615478516,77.04161071777344,77.00599670410156,79.49004364013672,71.42857360839844,68.18181610107422,65,70,81.81818389892578,90,86.36363983154297,85,4.462146282196045,8589934592,1073741824,5212995584,307429376
208,1771639956589,3504,3504,3504,3504,3504,3504,3504,3504,79.3865737915039,77.81934356689453,76.97820281982422,77.65015411376953,63.27630615234375,76.69449615478516,77.04161071777344,77.00599670410156,79.49004364013672,71.42857360839844,61.904762268066406,66.66667175292969,68.18181610107422,85,81.81818389892578,84.21052551269531,81.81818389892578,4.462146282196045,8589934592,1073741824,5212995584,307429376
206,1771639956798,3504,3504,3504,3504,3504,3504,3504,3504,79.3865737915039,77.81934356689453,76.97820281982422,77.65015411376953,63.27630615234375,76.69449615478516,77.04161071777344,77.00599670410156,79.49004364013672,70,70,70,70,85,86.36363983154297,81.81818389892578,85.71428680419922,19.15523910522461,8589934592,1073741824,5246287872,307429376
209,1771639957004,3504,3504,3504,3504,3504,3504,3504,3504,79.3865737915039,77.81934356689453,76.97820281982422,77.65015411376953,63.27630615234375,76.69449615478516,77.04161071777344,77.00599670410156,79.49004364013672,71.42857360839844,71.42857360839844,71.42857360839844,66.66667175292969,86.36363983154297,90,85.71428680419922,85,19.15523910522461,8589934592,1073741824,5228134400,307429376
207,1771639957214,3504,3504,3504,3504,3504,3504,3504,3504,81.99254608154297,79.80834197998047,79.0589828491211,80.01774597167969,65.33824157714844,78.83361053466797,79.15798950195313,79.3155288696289,81.67897033691406,80,71.42857360839844,72.7272720336914,76.19047546386719,80.95238494873047,95,85,86.36363983154297,19.15523910522461,8589934592,1073741824,5238587392,307429376
209,1771639957422,3504,3504,3504,3504,3504,3504,3504,3504,81.99254608154297,79.80834197998047,79.0589828491211,80.01774597167969,65.33824157714844,78.83361053466797,79.15798950195313,79.3155288696289,81.67897033691406,71.42857360839844,70,65,70,85,80.95238494873047,85.71428680419922,85.71428680419922,19.15523910522461,8589934592,1073741824,5223088128,307429376
209,1771639957632,3504,3504,3504,3504,3504,3504,3504,3504,81.99254608154297,79.80834197998047,79.0589828491211,80.01774597167969,65.33824157714844,78.83361053466797,79.15798950195313,79.3155288696289,81.67897033691406,71.42857360839844,66.66667175292969,68.18181610107422,68.18181610107422,85.71428680419922,90.47618865966797,80.95238494873047,85,19.290311813354492,8589934592,1073741824,5247893504,307429376
209,1771639957842,3504,3504,3504,3504,3504,3504,3504,3504,81.99254608154297,79.80834197998047,79.0589828491211,80.01774597167969,65.33824157714844,78.83361053466797,79.15798950195313,79.3155288696289,81.67897033691406,66.66667175292969,66.66667175292969,66.66667175292969,66.66667175292969,85,85.71428680419922,90.47618865966797,85,19.290311813354492,8589934592,1073741824,5204508672,307429376
209,1771639958052,3504,3504,3504,3504,3504,3504,3504,3504,81.99254608154297,79.80834197998047,79.0589828491211,80.01774597167969,65.33824157714844,78.83361053466797,79.15798950195313,79.3155288696289,81.67897033691406,76.19047546386719,76.19047546386719,71.42857360839844,71.42857360839844,86.9565200805664,90.47618865966797,85,81.81818389892578,19.290311813354492,8589934592,1073741824,5201412096,307429376
199,1771639958262,3504,3504,3504,3504,3504,3504,3504,3504,83.51933288574219,81.3846664428711,80.82398986816406,81.68433380126953,66.87562561035156,80.47274017333984,80.81108093261719,80.89665222167969,83.23375701904297,76.19047546386719,71.42857360839844,70,70,85.71428680419922,95.23809814453125,82.60869598388672,85.71428680419922,19.290311813354492,8589934592,1073741824,5215535104,307429376
209,1771639958462,3504,3504,3504,3504,3504,3504,3504,3504,83.51933288574219,81.3846664428711,80.82398986816406,81.68433380126953,66.87562561035156,80.47274017333984,80.81108093261719,80.89665222167969,83.23375701904297,70,70,71.42857360839844,75,90,85.71428680419922,84.21052551269531,80.95238494873047,19.290311813354492,8589934592,1073741824,5210243072,307429376
208,1771639958672,3504,3504,3504,3504,3504,3504,3504,3504,83.51933288574219,81.3846664428711,80.82398986816406,81.68433380126953,66.87562561035156,80.47274017333984,80.81108093261719,80.89665222167969,83.23375701904297,71.42857360839844,71.42857360839844,68.42105102539063,75,85,90,85.71428680419922,90,20.05301284790039,8589934592,1073741824,5227970560,307429376
209,1771639958880,3504,3504,3504,3504,3504,3504,3504,3504,83.51933288574219,81.3846664428711,80.82398986816406,81.68433380126953,66.87562561035156,80.47274017333984,80.81108093261719,80.89665222167969,83.23375701904297,71.42857360839844,66.66667175292969,71.42857360839844,68.18181610107422,90.47618865966797,85.71428680419922,85.71428680419922,80.95238494873047,20.05301284790039,8589934592,1073741824,5272682496,307429376
209,1771639959090,3504,3504,3504,3504,3504,3504,3504,3504,83.51933288574219,81.3846664428711,80.82398986816406,81.68433380126953,66.87562561035156,80.47274017333984,80.81108093261719,80.89665222167969,83.23375701904297,38.095237731933594,35,31.81818199157715,33.333335876464844,30.000001907348633,38.095237731933594,35,33.333335876464844,20.05301284790039,8589934592,1073741824,5212274688,307429376
208,1771639959301,3504,3504,3504,3504,3504,3504,3504,3504,81.98348236083984,79.94434356689453,79.20606994628906,80.02811431884766,67.32764434814453,78.75884246826172,78.85177612304688,79.25299072265625,81.147705078125,23.809524536132813,13.636363983154297,10,9.523809432983398,4.545454502105713,0,0,0,20.05301284790039,8589934592,1073741824,5212618752,307429376
201,1771639959510,3504,3504,3504,3504,3504,3504,3504,3504,81.98348236083984,79.94434356689453,79.20606994628906,80.02811431884766,67.32764434814453,78.75884246826172,78.85177612304688,79.25299072265625,81.147705078125,30.000001907348633,14.285715103149414,13.636363983154297,14.285715103149414,0,0,0,0,20.05301284790039,8589934592,1073741824,5212602368,307429376
201,1771639959712,3504,3504,3504,3504,3504,3504,3504,3504,81.98348236083984,79.94434356689453,79.20606994628906,80.02811431884766,67.32764434814453,78.75884246826172,78.85177612304688,79.25299072265625,81.147705078125,25,15.000000953674316,10,10,0,0,0,0,20.04429054260254,8589934592,1073741824,5209505792,307429376
209,1771639959914,3504,3504,3504,3504,3504,3504,3504,3504,81.98348236083984,79.94434356689453,79.20606994628906,80.02811431884766,67.32764434814453,78.75884246826172,78.85177612304688,79.25299072265625,81.147705078125,23.809524536132813,20,10,5.263157844543457,0,0,0,0,20.04429054260254,8589934592,1073741824,5208653824,307429376
203,1771639960124,3504,3504,3504,3504,3504,3504,3504,3504,81.98348236083984,79.94434356689453,55.78913879394531,55.667144775390625,55.738861083984375,55.698631286621094,55.27892303466797,56.45489501953125,56.763675689697266,15.000000953674316,15.000000953674316,9.523809432983398,9.090909004211426,0,0,0,0,20.04429054260254,8589934592,1073741824,5208735744,307429376
205,1771639960329,3504,3504,3504,3504,3504,3504,3504,3504,57.40236282348633,56.95344161987305,55.78913879394531,55.667144775390625,55.738861083984375,55.698631286621094,55.27892303466797,56.45489501953125,56.763675689697266,23.809524536132813,23.809524536132813,15.000000953674316,14.285715103149414,0,0,0,0,20.04429054260254,8589934592,1073741824,5200969728,307429376
207,1771639960535,3504,3504,3504,3504,3504,3504,3504,3504,57.40236282348633,56.95344161987305,55.78913879394531,55.667144775390625,55.738861083984375,55.698631286621094,55.27892303466797,56.45489501953125,56.763675689697266,23.809524536132813,20,9.523809432983398,10,0,0,0,0,20.04429054260254,8589934592,1073741824,5197529088,307429376
203,1771639960743,3504,3504,3504,3504,3504,3504,3504,3504,57.40236282348633,56.95344161987305,55.78913879394531,55.667144775390625,55.738861083984375,55.698631286621094,55.27892303466797,56.45489501953125,56.763675689697266,15.000000953674316,22.72727394104004,14.285715103149414,9.523809432983398,0,0,0,0,18.30547523498535,8589934592,1073741824,5197447168,307429376
209,1771639960948,3504,3504,3504,3504,3504,3504,3504,3504,57.40236282348633,56.95344161987305,55.78913879394531,55.667144775390625,55.738861083984375,55.698631286621094,55.27892303466797,56.45489501953125,56.763675689697266,20,15.789472579956055,5.263157844543457,5,0,0,0,0,18.30547523498535,8589934592,1073741824,5197430784,307429376
209,1771639961158,3504,3504,3504,3504,3504,3504,3504,3504,53.077388763427734,52.462467193603516,51.48310089111328,51.323577880859375,51.50413513183594,51.38128662109375,51.035301208496094,52.17511749267578,52.415958404541016,23.809524536132813,19.047618865966797,22.72727394104004,9.523809432983398,14.285715103149414,13.636363983154297,13.636363983154297,4.545454502105713,18.30547523498535,8589934592,1073741824,5199118336,307429376
204,1771639961368,3504,3504,3504,3504,3504,3504,3504,3504,53.077388763427734,52.462467193603516,51.48310089111328,51.323577880859375,51.50413513183594,51.38128662109375,51.035301208496094,52.17511749267578,52.415958404541016,25,14.285715103149414,14.285715103149414,5,0,0,0,0,18.30547523498535,8589934592,1073741824,5199216640,307429376
205,1771639961573,3504,3504,3504,3504,3504,3504,3504,3504,53.077388763427734,52.462467193603516,51.48310089111328,51.323577880859375,51.50413513183594,51.38128662109375,51.035301208496094,52.17511749267578,52.415958404541016,31.81818199157715,15.000000953674316,10,13.636363983154297,0,0,0,0,18.30547523498535,8589934592,1073741824,5199314944,307429376
209,1771639961779,3504,3504,3504,3504,3504,3504,3504,3504,53.077388763427734,52.462467193603516,51.48310089111328,51.323577880859375,51.50413513183594,51.38128662109375,51.035301208496094,52.17511749267578,52.415958404541016,26.3157901763916,14.285715103149414,10,5,0,0,0,0,1.9471274614334106,8589934592,1073741824,5199134720,307429376
205,1771639961989,3504,3504,3504,3504,3504,3504,3504,3504,53.077388763427734,52.462467193603516,51.48310089111328,51.323577880859375,51.50413513183594,51.38128662109375,51.035301208496094,52.17511749267578,52.415958404541016,31.81818199157715,19.047618865966797,13.636363983154297,9.523809432983398,0,0,0,0,1.9471274614334106,8589934592,1073741824,5199609856,307429376
208,1771639962196,3504,3504,3504,3504,3504,3504,3504,3504,51.07737350463867,50.19215393066406,49.41851806640625,49.24298095703125,49.51945495605469,49.295745849609375,49.014549255371094,50.154388427734375,50.318450927734375,25,10,10.526315689086914,5,4.761904716491699,4.761904716491699,0,0,1.9471274614334106,8589934592,1073741824,5199626240,307429376
207,1771639962405,3504,3504,3504,3504,3504,3504,3504,3504,51.07737350463867,50.19215393066406,49.41851806640625,49.24298095703125,49.51945495605469,49.295745849609375,49.014549255371094,50.154388427734375,50.318450927734375,23.809524536132813,19.047618865966797,9.523809432983398,13.636363983154297,0,0,0,0,1.9471274614334106,8589934592,1073741824,5199593472,307429376
209,1771639962612,3504,3504,3504,3504,3504,3504,3504,3504,51.07737350463867,50.19215393066406,49.41851806640625,49.24298095703125,49.51945495605469,49.295745849609375,49.014549255371094,50.154388427734375,50.318450927734375,19.047618865966797,15.000000953674316,9.523809432983398,0,0,0,0,0,1.9471274614334106,8589934592,1073741824,5193629696,307429376
205,1771639962822,3504,3504,3504,3504,3504,3504,3504,3504,51.07737350463867,50.19215393066406,49.41851806640625,49.24298095703125,49.51945495605469,49.295745849609375,49.014549255371094,50.154388427734375,50.318450927734375,23.809524536132813,22.72727394104004,14.285715103149414,13.636363983154297,0,0,0,0,2.74656081199646,8589934592,1073741824,5185257472,307429376
205,1771639963029,3504,3504,3504,3504,3504,3504,3504,3504,51.07737350463867,50.19215393066406,49.41851806640625,49.24298095703125,49.51945495605469,49.295745849609375,49.014549255371094,50.154388427734375,50.318450927734375,35,30.000001907348633,23.809524536132813,23.809524536132813,0,0,0,0,2.74656081199646,8589934592,1073741824,5180866560,307429376
207,1771639963235,3504,3504,3504,3504,3504,3504,3504,3504,49.54800033569336,48.98469543457031,47.986175537109375,47.77864074707031,48.098182678222656,48.014305114746094,47.61921691894531,48.783782958984375,48.89957809448242,23.809524536132813,14.285715103149414,20,5,0,0,0,0,2.74656081199646,8589934592,1073741824,5180899328,307429376
203,1771639963443,3504,3504,3504,3504,3504,3504,3504,3504,49.54800033569336,48.98469543457031,47.986175537109375,47.77864074707031,48.098182678222656,48.014305114746094,47.61921691894531,48.783782958984375,48.89957809448242,28.571430206298828,14.285715103149414,14.285715103149414,9.523809432983398,0,0,0,0,2.74656081199646,8589934592,1073741824,5180899328,307429376
204,1771639963648,3504,3504,3504,3504,3504,3504,3504,3504,49.54800033569336,48.98469543457031,47.986175537109375,47.77864074707031,48.098182678222656,48.014305114746094,47.61921691894531,48.783782958984375,48.89957809448242,25,15.000000953674316,10,10,0,0,0,0,2.415595769882202,8589934592,1073741824,5180948480,307429376
204,1771639963853,3504,3504,3504,3504,3504,3504,3504,3504,49.54800033569336,48.98469543457031,47.986175537109375,47.77864074707031,48.098182678222656,48.014305114746094,47.61921691894531,48.783782958984375,48.89957809448242,30.000001907348633,20,20,25,35,0,0,0,2.415595769882202,8589934592,1073741824,5181063168,307429376
205,1771639964057,3504,3504,3504,3504,3504,3504,3504,3504,49.54800033569336,48.98469543457031,47.986175537109375,47.77864074707031,48.098182678222656,48.014305114746094,47.61921691894531,48.783782958984375,48.89957809448242,52.38095474243164,50,57.142860412597656,52.38095474243164,57.142860412597656,60.000003814697266,52.6315803527832,55,2.415595769882202,8589934592,1073741824,5213470720,307429376
205,1771639964263,3504,3504,3504,3504,3504,3504,3504,3504,52.013553619384766,51.2717170715332,50.156410217285156,50.07029724121094,47.94987487792969,49.96941375732422,49.65486145019531,50.56842041015625,51.050174713134766,70,71.42857360839844,75,66.66667175292969,84.21052551269531,85.71428680419922,85.71428680419922,85.71428680419922,2.415595769882202,8589934592,1073741824,5241896960,307429376
205,1771639964468,3504,3504,3504,3504,3504,3504,3504,3504,52.013553619384766,51.2717170715332,50.156410217285156,50.07029724121094,47.94987487792969,49.96941375732422,49.65486145019531,50.56842041015625,51.050174713134766,70,66.66667175292969,66.66667175292969,68.42105102539063,85.71428680419922,85.71428680419922,80.95238494873047,80,2.415595769882202,8589934592,1073741824,5241896960,307429376
205,1771639964673,3504,3504,3504,3504,3504,3504,3504,3504,52.013553619384766,51.2717170715332,50.156410217285156,50.07029724121094,47.94987487792969,49.96941375732422,49.65486145019531,50.56842041015625,51.050174713134766,71.42857360839844,68.42105102539063,71.42857360839844,65,80.95238494873047,78.94737243652344,89.47368621826172,80.95238494873047,2.1090340614318848,8589934592,1073741824,5241896960,307429376
212,1771639964878,3504,3504,3504,3504,3504,3504,3504,3504,52.013553619384766,51.2717170715332,50.156410217285156,50.07029724121094,47.94987487792969,49.96941375732422,49.65486145019531,50.56842041015625,51.050174713134766,70,68.18181610107422,65,66.66667175292969,85.71428680419922,85.71428680419922,85.71428680419922,85,2.1090340614318848,8589934592,1073741824,5241896960,299040768
215,1771639965091,3504,3504,3504,3504,3504,3504,3504,3504,52.013553619384766,51.2717170715332,50.156410217285156,50.07029724121094,47.94987487792969,49.96941375732422,49.65486145019531,50.56842041015625,51.050174713134766,68.18181610107422,70,72.7272720336914,66.66667175292969,85.71428680419922,90.90909576416016,77.2727279663086,77.2727279663086,2.1090340614318848,8589934592,1073741824,5219663872,299040768
204,1771639965307,3504,3504,3504,3504,3504,3504,3504,3504,74.8812484741211,72.85387420654297,72.17031860351563,72.99891662597656,59.0048713684082,72.0993881225586,72.16210174560547,72.45269775390625,74.20701599121094,76.19047546386719,72.7272720336914,73.68421173095703,72.7272720336914,85.71428680419922,90.47618865966797,90.90909576416016,85,2.1090340614318848,8589934592,1073741824,5209620480,299040768
209,1771639965512,3504,3504,3504,3504,3504,3504,3504,3504,74.8812484741211,72.85387420654297,72.17031860351563,72.99891662597656,59.0048713684082,72.0993881225586,72.16210174560547,72.45269775390625,74.20701599121094,75,70,66.66667175292969,70,85.71428680419922,85.71428680419922,85,85.71428680419922,2.1090340614318848,8589934592,1073741824,5209620480,299040768
218,1771639965722,3504,3504,3504,3504,3504,3504,3504,3504,74.8812484741211,72.85387420654297,72.17031860351563,72.99891662597656,59.0048713684082,72.0993881225586,72.16210174560547,72.45269775390625,74.20701599121094,71.42857360839844,72.7272720336914,68.18181610107422,65.21739196777344,85.71428680419922,80.95238494873047,90.47618865966797,86.36363983154297,5.05830192565918,8589934592,1073741824,5209620480,299040768
207,1771639965940,3504,3504,3504,3504,3504,3504,3504,3504,74.8812484741211,72.85387420654297,72.17031860351563,72.99891662597656,59.0048713684082,72.0993881225586,72.16210174560547,72.45269775390625,74.20701599121094,68.18181610107422,71.42857360839844,66.66667175292969,65,85.71428680419922,85.71428680419922,76.19047546386719,85.71428680419922,5.05830192565918,8589934592,1073741824,5209620480,299040768
208,1771639966148,3504,3504,3504,3504,3504,3504,3504,3504,79.56770324707031,77.66221618652344,76.87849426269531,77.65052795410156,63.306678771972656,76.930419921875,77.12692260742188,77.28466796875,79.39900207519531,71.42857360839844,70,71.42857360839844,72.7272720336914,90.47618865966797,86.36363983154297,85.71428680419922,80.95238494873047,5.05830192565918,8589934592,1073741824,5223677952,299040768
205,1771639966357,3504,3504,3504,3504,3504,3504,3504,3504,79.56770324707031,77.66221618652344,76.87849426269531,77.65052795410156,63.306678771972656,76.930419921875,77.12692260742188,77.28466796875,79.39900207519531,70,68.18181610107422,61.904762268066406,66.66667175292969,90.47618865966797,80.95238494873047,80.95238494873047,80.95238494873047,5.05830192565918,8589934592,1073741824,5206753280,299040768
209,1771639966562,3504,3504,3504,3504,3504,3504,3504,3504,79.56770324707031,77.66221618652344,76.87849426269531,77.65052795410156,63.306678771972656,76.930419921875,77.12692260742188,77.28466796875,79.39900207519531,66.66667175292969,65,71.42857360839844,70,85.71428680419922,80,85.71428680419922,85,5.05830192565918,8589934592,1073741824,5230968832,299040768
206,1771639966772,3504,3504,3504,3504,3504,3504,3504,3504,79.56770324707031,77.66221618652344,76.87849426269531,77.65052795410156,63.306678771972656,76.930419921875,77.12692260742188,77.28466796875,79.39900207519531,76.19047546386719,66.66667175292969,66.66667175292969,66.66667175292969,80.95238494873047,85.71428680419922,85.71428680419922,76.19047546386719,18.618255615234375,8589934592,1073741824,5206720512,299040768
209,1771639966979,3504,3504,3504,3504,3504,3504,3504,3504,79.56770324707031,77.66221618652344,76.87849426269531,77.65052795410156,63.306678771972656,76.930419921875,77.12692260742188,77.28466796875,79.39900207519531,71.42857360839844,71.42857360839844,70,70,90,85,85,90,18.618255615234375,8589934592,1073741824,5217009664,299040768
208,1771639967189,3504,3504,3504,3504,3504,3504,3504,3504,81.60126495361328,80.09320068359375,79.26074981689453,79.81326293945313,65.36123657226563,78.7870101928711,78.96701049804688,79.13787078857422,81.29568481445313,76.19047546386719,75,71.42857360839844,71.42857360839844,90.47618865966797,85.71428680419922,80.95238494873047,86.36363983154297,18.618255615234375,8589934592,1073741824,5206540288,299040768
209,1771639967397,3504,3504,3504,3504,3504,3504,3504,3504,81.60126495361328,80.09320068359375,79.26074981689453,79.81326293945313,65.36123657226563,78.7870101928711,78.96701049804688,79.13787078857422,81.29568481445313,71.42857360839844,68.18181610107422,66.66667175292969,68.18181610107422,86.36363983154297,81.81818389892578,85.71428680419922,90.47618865966797,18.618255615234375,8589934592,1073741824,5212340224,299040768
209,1771639967607,3504,3504,3504,3504,3504,3504,3504,3504,81.60126495361328,80.09320068359375,79.26074981689453,79.81326293945313,65.36123657226563,78.7870101928711,78.96701049804688,79.13787078857422,81.29568481445313,70,65,66.66667175292969,61.904762268066406,90,80.95238494873047,81.81818389892578,90,18.618255615234375,8589934592,1073741824,5224202240,299040768
209,1771639967817,3504,3504,3504,3504,3504,3504,3504,3504,81.60126495361328,80.09320068359375,79.26074981689453,79.81326293945313,65.36123657226563,78.7870101928711,78.96701049804688,79.13787078857422,81.29568481445313,68.18181610107422,68.18181610107422,71.42857360839844,76.19047546386719,80,90,85,85.71428680419922,19.49469757080078,8589934592,1073741824,5224202240,299040768
201,1771639968027,3504,3504,3504,3504,3504,3504,3504,3504,81.60126495361328,80.09320068359375,79.26074981689453,79.81326293945313,65.36123657226563,78.7870101928711,78.96701049804688,79.13787078857422,81.29568481445313,71.42857360839844,65,66.66667175292969,65,90.90909576416016,85.71428680419922,86.36363983154297,81.81818389892578,19.49469757080078,8589934592,1073741824,5224202240,299040768
205,1771639968228,3504,3504,3504,3504,3504,3504,3504,3504,83.34025573730469,81.63333129882813,80.96661376953125,81.60169982910156,66.97468566894531,80.58668518066406,81.13584899902344,80.93738555908203,83.6412124633789,73.68421173095703,71.42857360839844,70,71.42857360839844,85,80,84.21052551269531,90,19.49469757080078,8589934592,1073741824,5254381568,299040768
209,1771639968434,3504,3504,3504,3504,3504,3504,3504,3504,83.34025573730469,81.63333129882813,80.96661376953125,81.60169982910156,66.97468566894531,80.58668518066406,81.13584899902344,80.93738555908203,83.6412124633789,71.42857360839844,65,66.66667175292969,65,90,80.95238494873047,85.71428680419922,85.71428680419922,19.49469757080078,8589934592,1073741824,5209358336,299040768
201,1771639968644,3504,3504,3504,3504,3504,3504,3504,3504,83.34025573730469,81.63333129882813,80.96661376953125,81.60169982910156,66.97468566894531,80.58668518066406,81.13584899902344,80.93738555908203,83.6412124633789,71.42857360839844,70,65,66.66667175292969,81.81818389892578,90,85,76.19047546386719,19.303403854370117,8589934592,1073741824,5206196224,299040768
203,1771639968846,3504,3504,3504,3504,3504,3504,3504,3504,83.34025573730469,81.63333129882813,80.96661376953125,81.60169982910156,66.97468566894531,80.58668518066406,81.13584899902344,80.93738555908203,83.6412124633789,75,66.66667175292969,70,70,85,85,85.71428680419922,85,19.303403854370117,8589934592,1073741824,5206196224,299040768
204,1771639969050,3504,3504,3504,3504,3504,3504,3504,3504,83.34025573730469,81.63333129882813,80.96661376953125,81.60169982910156,66.97468566894531,80.58668518066406,81.13584899902344,80.93738555908203,83.6412124633789,75,75,71.42857360839844,71.42857360839844,85.71428680419922,85.71428680419922,90,85,19.303403854370117,8589934592,1073741824,5206196224,299040768
209,1771639969254,3504,3504,3504,3504,3504,3504,3504,3504,83.19148254394531,81.57064056396484,80.73002624511719,81.37821960449219,67.91216278076172,80.43939971923828,80.50965118408203,80.99360656738281,82.86653900146484,25,10,5,0,10,5,4.761904716491699,4.761904716491699,19.303403854370117,8589934592,1073741824,5214044160,299040768
209,1771639969464,3504,3504,3504,3504,3504,3504,3504,3504,83.19148254394531,81.57064056396484,80.73002624511719,81.37821960449219,67.91216278076172,80.43939971923828,80.50965118408203,80.99360656738281,82.86653900146484,22.72727394104004,14.285715103149414,13.636363983154297,9.523809432983398,0,0,0,0,19.303403854370117,8589934592,1073741824,5216632832,299040768
209,1771639969674,3504,3504,3504,3504,3504,3504,3504,3504,83.19148254394531,81.57064056396484,80.73002624511719,81.37821960449219,67.91216278076172,80.43939971923828,80.50965118408203,80.99360656738281,82.86653900146484,15.000000953674316,23.809524536132813,14.285715103149414,18.18181800842285,0,0,0,0,19.31706428527832,8589934592,1073741824,5217320960,299040768
209,1771639969885,3504,3504,3504,3504,3504,3504,3504,3504,83.19148254394531,81.57064056396484,80.73002624511719,81.37821960449219,67.91216278076172,80.43939971923828,80.50965118408203,80.99360656738281,82.86653900146484,14.285715103149414,14.285715103149414,5,15.000000953674316,0,0,0,0,19.31706428527832,8589934592,1073741824,5214257152,299040768
202,1771639970095,3504,3504,3504,3504,3504,3504,3504,3504,83.19148254394531,81.57064056396484,80.73002624511719,81.37821960449219,67.91216278076172,80.43939971923828,80.50965118408203,80.99360656738281,82.86653900146484,14.285715103149414,22.72727394104004,9.523809432983398,19.047618865966797,0,0,0,0,19.31706428527832,8589934592,1073741824,5214109696,299040768
203,1771639970298,3504,3504,3504,3504,3504,3504,3504,3504,58.46700668334961,58.0860481262207,56.89698791503906,56.775779724121094,56.766292572021484,56.741249084472656,56.26018524169922,57.53594970703125,57.869998931884766,15.000000953674316,21.052631378173828,19.047618865966797,20,0,0,0,0,19.31706428527832,8589934592,1073741824,5206081536,299040768
209,1771639970502,3504,3504,3504,3504,3504,3504,3504,3504,58.46700668334961,58.0860481262207,56.89698791503906,56.775779724121094,56.766292572021484,56.741249084472656,56.26018524169922,57.53594970703125,57.869998931884766,20,14.285715103149414,5.263157844543457,20,0,0,0,0,19.31706428527832,8589934592,1073741824,5204459520,299040768
209,1771639970711,3504,3504,3504,3504,3504,3504,3504,3504,58.46700668334961,58.0860481262207,56.89698791503906,56.775779724121094,56.766292572021484,56.741249084472656,56.26018524169922,57.53594970703125,57.869998931884766,20,14.285715103149414,13.636363983154297,18.18181800842285,0,0,0,0,19.763179779052734,8589934592,1073741824,5204508672,299040768
207,1771639970922,3504,3504,3504,3504,3504,3504,3504,3504,58.46700668334961,58.0860481262207,56.89698791503906,56.775779724121094,56.766292572021484,56.741249084472656,56.26018524169922,57.53594970703125,57.869998931884766,22.72727394104004,10,9.523809432983398,14.285715103149414,4.545454502105713,8.69565200805664,0,0,19.763179779052734,8589934592,1073741824,5204721664,299040768
204,1771639971130,3504,3504,3504,3504,3504,3504,3504,3504,53.39900207519531,52.96300506591797,51.959373474121094,51.78467559814453,52.01617431640625,51.87727355957031,51.438262939453125,52.61397933959961,52.86682891845703,20,18.18181800842285,5,15.000000953674316,0,0,0,0,19.763179779052734,8589934592,1073741824,5204459520,299040768
209,1771639971335,3504,3504,3504,3504,3504,3504,3504,3504,53.39900207519531,52.96300506591797,51.959373474121094,51.78467559814453,52.01617431640625,51.87727355957031,51.438262939453125,52.61397933959961,52.86682891845703,19.047618865966797,20,14.285715103149414,19.047618865966797,0,0,0,0,19.763179779052734,8589934592,1073741824,5204803584,299040768
203,1771639971545,3504,3504,3504,3504,3504,3504,3504,3504,53.39900207519531,52.96300506591797,51.959373474121094,51.78467559814453,52.01617431640625,51.87727355957031,51.438262939453125,52.61397933959961,52.86682891845703,14.285715103149414,19.047618865966797,10,14.285715103149414,0,0,0,0,19.763179779052734,8589934592,1073741824,5204393984,299040768
203,1771639971749,3504,3504,3504,3504,3504,3504,3504,3504,53.39900207519531,52.96300506591797,51.959373474121094,51.78467559814453,52.01617431640625,51.87727355957031,51.438262939453125,52.61397933959961,52.86682891845703,23.809524536132813,15.000000953674316,10,20,0,0,0,0,4.579041481018066,8589934592,1073741824,5204787200,299040768
209,1771639971952,3504,3504,3504,3504,3504,3504,3504,3504,53.39900207519531,52.96300506591797,51.959373474121094,51.78467559814453,52.01617431640625,51.87727355957031,51.438262939453125,52.61397933959961,52.86682891845703,21.052631378173828,20,14.285715103149414,20,0,0,0,0,4.579041481018066,8589934592,1073741824,5204639744,299040768
209,1771639972162,3504,3504,3504,3504,3504,3504,3504,3504,51.367496490478516,50.51434326171875,49.767799377441406,49.55467224121094,49.89613723754883,49.649688720703125,49.28636932373047,50.54171371459961,50.66954803466797,14.285715103149414,10,9.523809432983398,14.285715103149414,0,5,0,0,4.579041481018066,8589934592,1073741824,5204885504,299040768
209,1771639972372,3504,3504,3504,3504,3504,3504,3504,3504,51.367496490478516,50.51434326171875,49.767799377441406,49.55467224121094,49.89613723754883,49.649688720703125,49.28636932373047,50.54171371459961,50.66954803466797,15.000000953674316,19.047618865966797,10,19.047618865966797,0,0,0,0,4.579041481018066,8589934592,1073741824,5204967424,299040768
9,1771639972582,3504,3504,3504,3504,3504,3504,3504,3504,51.367496490478516,50.51434326171875,49.767799377441406,49.55467224121094,49.89613723754883,49.649688720703125,49.28636932373047,50.54171371459961,50.66954803466797,14.285715103149414,19.047618865966797,9.523809432983398,14.285715103149414,0,0,0,0,4.579041481018066,8589934592,1073741824,5204049920,299040768
