Delta,Time,CPU_FREQUENCY_0,CPU_FREQUENCY_1,CPU_FREQUENCY_2,CPU_FREQUENCY_3,CPU_FREQUENCY_4,CPU_FREQUENCY_5,CPU_FREQUENCY_6,CPU_FREQUENCY_7,CPU_TEMP_0,CPU_TEMP_1,CPU_TEMP_2,CPU_TEMP_3,CPU_TEMP_4,CPU_TEMP_5,CPU_TEMP_6,CPU_TEMP_7,CPU_TEMP_8,CPU_USAGE_0,CPU_USAGE_1,CPU_USAGE_2,CPU_USAGE_3,CPU_USAGE_4,CPU_USAGE_5,CPU_USAGE_6,CPU_USAGE_7,SYSTEM_POWER (Watts),TOTAL_MEMORY,TOTAL_SWAP,USED_MEMORY,USED_SWAP
0,1771645284484,3504,3504,3504,3504,3504,3504,3504,3504,50.416255950927734,49.77816390991211,48.79225158691406,48.64915466308594,48.760581970214844,48.570037841796875,48.29010772705078,49.42231369018555,49.643192291259766,NaN,100,0,0,0,0,0,0,8.499992370605469,8589934592,1073741824,5362040832,290652160
209,1771645284484,3504,3504,3504,3504,3504,3504,3504,3504,50.416255950927734,49.77816390991211,48.79225158691406,48.64915466308594,48.760581970214844,48.570037841796875,48.29010772705078,49.42231369018555,49.643192291259766,50,0,0,0,0,0,0,0,8.499992370605469,8589934592,1073741824,5362892800,290652160
201,1771645284694,3504,3504,3504,3504,3504,3504,3504,3504,50.416255950927734,49.77816390991211,48.79225158691406,48.64915466308594,48.760581970214844,48.570037841796875,48.29010772705078,49.42231369018555,49.643192291259766,25,9.523809432983398,9.090909004211426,13.636363983154297,9.090909004211426,4.761904716491699,0,0,2.097820997238159,8589934592,1073741824,5359026176,290652160
209,1771645284897,3504,3504,3504,3504,3504,3504,3504,3504,50.416255950927734,49.77816390991211,48.79225158691406,48.64915466308594,48.760581970214844,48.570037841796875,48.29010772705078,49.42231369018555,49.643192291259766,25,15.000000953674316,5.263157844543457,5.263157844543457,0,0,0,0,2.097820997238159,8589934592,1073741824,5359026176,290652160
208,1771645285106,3504,3504,3504,3504,3504,3504,3504,3504,50.416255950927734,49.77816390991211,48.79225158691406,48.64915466308594,48.760581970214844,48.570037841796875,48.29010772705078,49.42231369018555,49.643192291259766,28.571430206298828,20,14.285715103149414,14.285715103149414,0,0,0,0,2.097820997238159,8589934592,1073741824,5339774976,290652160
201,1771645285323,3504,3504,3504,3504,3504,3504,3504,3504,48.871673583984375,48.37582015991211,47.19560241699219,47.09825134277344,47.2519645690918,47.17101287841797,46.82337188720703,47.89580535888672,48.094276428222656,31.81818199157715,22.72727394104004,18.18181800842285,13.636363983154297,15.000000953674316,18.18181800842285,10,9.523809432983398,2.097820997238159,8589934592,1073741824,5130420224,290652160
212,1771645285525,3504,3504,3504,3504,3504,3504,3504,3504,48.871673583984375,48.37582015991211,47.19560241699219,47.09825134277344,47.2519645690918,47.17101287841797,46.82337188720703,47.89580535888672,48.094276428222656,71.42857360839844,66.66667175292969,65,65,80.95238494873047,76.19047546386719,85.71428680419922,71.42857360839844,2.097820997238159,8589934592,1073741824,5193482240,290652160
204,1771645285737,3504,3504,3504,3504,3504,3504,3504,3504,48.871673583984375,48.37582015991211,47.19560241699219,47.09825134277344,47.2519645690918,47.17101287841797,46.82337188720703,47.89580535888672,48.094276428222656,70,70,71.42857360839844,68.18181610107422,90.47618865966797,95,80.95238494873047,80.95238494873047,2.7330522537231445,8589934592,1073741824,5170135040,290652160
206,1771645285942,3504,3504,3504,3504,3504,3504,3504,3504,48.871673583984375,48.37582015991211,47.19560241699219,47.09825134277344,47.2519645690918,47.17101287841797,46.82337188720703,47.89580535888672,48.094276428222656,71.42857360839844,71.42857360839844,70,70,85.71428680419922,85.71428680419922,85.71428680419922,85,2.7330522537231445,8589934592,1073741824,5192548352,290652160
209,1771645286148,3504,3504,3504,3504,3504,3504,3504,3504,48.871673583984375,48.37582015991211,47.19560241699219,47.09825134277344,47.2519645690918,47.17101287841797,46.82337188720703,47.89580535888672,48.094276428222656,80,71.42857360839844,76.19047546386719,75,90,90,85.71428680419922,90.47618865966797,2.7330522537231445,8589934592,1073741824,5208866816,290652160
204,1771645286358,3504,3504,3504,3504,3504,3504,3504,3504,68.31047058105469,66.7840576171875,65.89360046386719,66.51384735107422,54.80538558959961,65.59022521972656,65.65904235839844,66.02291870117188,67.5938720703125,72.7272720336914,71.42857360839844,71.42857360839844,68.18181610107422,86.36363983154297,90.90909576416016,85.71428680419922,80.95238494873047,2.7330522537231445,8589934592,1073741824,5201215488,290652160
201,1771645286563,3504,3504,3504,3504,3504,3504,3504,3504,68.31047058105469,66.7840576171875,65.89360046386719,66.51384735107422,54.80538558959961,65.59022521972656,65.65904235839844,66.02291870117188,67.5938720703125,70,70,65,70,85,85.71428680419922,80,85.71428680419922,2.7330522537231445,8589934592,1073741824,5236097024,290652160
207,1771645286765,3504,3504,3504,3504,3504,3504,3504,3504,68.31047058105469,66.7840576171875,65.89360046386719,66.51384735107422,54.80538558959961,65.59022521972656,65.65904235839844,66.02291870117188,67.5938720703125,75,70,75,71.42857360839844,85,90,85.71428680419922,90,2.5465333461761475,8589934592,1073741824,5192843264,290652160
205,1771645286972,3504,3504,3504,3504,3504,3504,3504,3504,68.31047058105469,66.7840576171875,65.89360046386719,66.51384735107422,54.80538558959961,65.59022521972656,65.65904235839844,66.02291870117188,67.5938720703125,65,70,63.6363639831543,68.42105102539063,85.71428680419922,85.71428680419922,85,76.19047546386719,2.5465333461761475,8589934592,1073741824,5193383936,290652160
204,1771645287177,3504,3504,3504,3504,3504,3504,3504,3504,78.02803802490234,75.86163330078125,75.05452728271484,76.07898712158203,61.74554443359375,74.84619140625,75.09008026123047,75.19523620605469,77.30845642089844,71.42857360839844,66.66667175292969,68.42105102539063,72.7272720336914,85,85,80.95238494873047,85,2.5465333461761475,8589934592,1073741824,5213421568,290652160
209,1771645287382,3504,3504,3504,3504,3504,3504,3504,3504,78.02803802490234,75.86163330078125,75.05452728271484,76.07898712158203,61.74554443359375,74.84619140625,75.09008026123047,75.19523620605469,77.30845642089844,71.42857360839844,70,68.18181610107422,70,90.47618865966797,85,89.47368621826172,85.71428680419922,2.5465333461761475,8589934592,1073741824,5185978368,290652160
204,1771645287592,3504,3504,3504,3504,3504,3504,3504,3504,78.02803802490234,75.86163330078125,75.05452728271484,76.07898712158203,61.74554443359375,74.84619140625,75.09008026123047,75.19523620605469,77.30845642089844,70,68.18181610107422,70,70,85,80.95238494873047,81.81818389892578,85,2.5465333461761475,8589934592,1073741824,5222612992,290652160
212,1771645287797,3504,3504,3504,3504,3504,3504,3504,3504,78.02803802490234,75.86163330078125,75.05452728271484,76.07898712158203,61.74554443359375,74.84619140625,75.09008026123047,75.19523620605469,77.30845642089844,70,70,65,71.42857360839844,85.71428680419922,85,85,80.95238494873047,14.198284149169922,8589934592,1073741824,5172379648,290652160
208,1771645288009,3504,3504,3504,3504,3504,3504,3504,3504,78.02803802490234,75.86163330078125,75.05452728271484,76.07898712158203,61.74554443359375,74.84619140625,75.09008026123047,75.19523620605469,77.30845642089844,72.7272720336914,68.18181610107422,71.42857360839844,66.66667175292969,85.71428680419922,81.81818389892578,86.36363983154297,80.95238494873047,14.198284149169922,8589934592,1073741824,5171347456,290652160
209,1771645288218,3504,3504,3504,3504,3504,3504,3504,3504,79.93115234375,78.4747314453125,77.57681274414063,78.18293762207031,63.954376220703125,77.34557342529297,77.52085876464844,77.81047058105469,79.73607635498047,76.19047546386719,68.42105102539063,66.66667175292969,70,90.47618865966797,85.71428680419922,90,80.95238494873047,14.198284149169922,8589934592,1073741824,5176901632,290652160
209,1771645288428,3504,3504,3504,3504,3504,3504,3504,3504,79.93115234375,78.4747314453125,77.57681274414063,78.18293762207031,63.954376220703125,77.34557342529297,77.52085876464844,77.81047058105469,79.73607635498047,70,68.18181610107422,68.18181610107422,68.18181610107422,85.71428680419922,85.71428680419922,77.2727279663086,80.95238494873047,14.198284149169922,8589934592,1073741824,5167841280,290652160
209,1771645288638,3504,3504,3504,3504,3504,3504,3504,3504,79.93115234375,78.4747314453125,77.57681274414063,78.18293762207031,63.954376220703125,77.34557342529297,77.52085876464844,77.81047058105469,79.73607635498047,72.7272720336914,66.66667175292969,70,65,80.95238494873047,80,90,85.71428680419922,14.198284149169922,8589934592,1073741824,5205573632,290652160
209,1771645288848,3504,3504,3504,3504,3504,3504,3504,3504,79.93115234375,78.4747314453125,77.57681274414063,78.18293762207031,63.954376220703125,77.34557342529297,77.52085876464844,77.81047058105469,79.73607635498047,76.19047546386719,71.42857360839844,66.66667175292969,68.18181610107422,85.71428680419922,85.71428680419922,85.71428680419922,80.95238494873047,19.072418212890625,8589934592,1073741824,5205573632,290652160
209,1771645289058,3504,3504,3504,3504,3504,3504,3504,3504,79.93115234375,78.4747314453125,77.57681274414063,78.18293762207031,63.954376220703125,77.34557342529297,77.52085876464844,77.81047058105469,79.73607635498047,70,66.66667175292969,71.42857360839844,66.66667175292969,85.71428680419922,85.71428680419922,81.81818389892578,85.71428680419922,19.072418212890625,8589934592,1073741824,5205573632,290652160
209,1771645289268,3504,3504,3504,3504,3504,3504,3504,3504,81.70919799804688,79.94255828857422,79.14812469482422,79.9249038696289,65.47909545898438,78.87043762207031,79.12362670898438,79.27237701416016,81.38127899169922,71.42857360839844,70,66.66667175292969,68.18181610107422,80.95238494873047,86.36363983154297,75,80,19.072418212890625,8589934592,1073741824,5172412416,290652160
209,1771645289478,3504,3504,3504,3504,3504,3504,3504,3504,81.70919799804688,79.94255828857422,79.14812469482422,79.9249038696289,65.47909545898438,78.87043762207031,79.12362670898438,79.27237701416016,81.38127899169922,76.19047546386719,71.42857360839844,71.42857360839844,70,85.71428680419922,90,90.47618865966797,80.95238494873047,19.072418212890625,8589934592,1073741824,5187305472,290652160
209,1771645289688,3504,3504,3504,3504,3504,3504,3504,3504,81.70919799804688,79.94255828857422,79.14812469482422,79.9249038696289,65.47909545898438,78.87043762207031,79.12362670898438,79.27237701416016,81.38127899169922,72.7272720336914,72.7272720336914,72.7272720336914,75,95.23809814453125,85.71428680419922,81.81818389892578,85.71428680419922,19.222322463989258,8589934592,1073741824,5173215232,290652160
209,1771645289898,3504,3504,3504,3504,3504,3504,3504,3504,81.70919799804688,79.94255828857422,79.14812469482422,79.9249038696289,65.47909545898438,78.87043762207031,79.12362670898438,79.27237701416016,81.38127899169922,71.42857360839844,71.42857360839844,68.42105102539063,66.66667175292969,85.71428680419922,81.81818389892578,90,80.95238494873047,19.222322463989258,8589934592,1073741824,5167841280,290652160
205,1771645290108,3504,3504,3504,3504,3504,3504,3504,3504,81.70919799804688,79.94255828857422,79.14812469482422,79.9249038696289,65.47909545898438,78.87043762207031,79.12362670898438,79.27237701416016,81.38127899169922,71.42857360839844,75,73.91304016113281,76.19047546386719,85.71428680419922,90.47618865966797,90.47618865966797,81.81818389892578,19.222322463989258,8589934592,1073741824,5167841280,290652160
200,1771645290314,3504,3504,3504,3504,3504,3504,3504,3504,83.09288024902344,81.30355834960938,80.5362319946289,81.26303100585938,66.83808135986328,80.28366088867188,80.45552062988281,80.83143615722656,82.63636016845703,68.42105102539063,71.42857360839844,68.42105102539063,66.66667175292969,85,89.47368621826172,85.71428680419922,85,19.222322463989258,8589934592,1073741824,5221777408,290652160
209,1771645290515,3504,3504,3504,3504,3504,3504,3504,3504,83.09288024902344,81.30355834960938,80.5362319946289,81.26303100585938,66.83808135986328,80.28366088867188,80.45552062988281,80.83143615722656,82.63636016845703,38.095237731933594,40,28.571430206298828,31.57894515991211,38.095237731933594,38.095237731933594,40,33.333335876464844,19.222322463989258,8589934592,1073741824,5172150272,290652160
209,1771645290725,3504,3504,3504,3504,3504,3504,3504,3504,83.09288024902344,81.30355834960938,80.5362319946289,81.26303100585938,66.83808135986328,80.28366088867188,80.45552062988281,80.83143615722656,82.63636016845703,9.523809432983398,18.18181800842285,9.523809432983398,13.636363983154297,5,0,4.545454502105713,0,19.00815773010254,8589934592,1073741824,5174280192,290652160
209,1771645290935,3504,3504,3504,3504,3504,3504,3504,3504,83.09288024902344,81.30355834960938,80.5362319946289,81.26303100585938,66.83808135986328,80.28366088867188,80.45552062988281,80.83143615722656,82.63636016845703,14.285715103149414,15.000000953674316,5,14.285715103149414,0,0,0,0,19.00815773010254,8589934592,1073741824,5174296576,290652160
203,1771645291145,3504,3504,3504,3504,3504,3504,3504,3504,83.09288024902344,81.30355834960938,80.5362319946289,81.26303100585938,66.83808135986328,80.28366088867188,80.45552062988281,80.83143615722656,82.63636016845703,10,19.047618865966797,9.523809432983398,15.000000953674316,0,0,0,0,19.00815773010254,8589934592,1073741824,5174018048,290652160
199,1771645291350,3504,3504,3504,3504,3504,3504,3504,3504,65.10580444335938,64.32797241210938,63.195343017578125,63.312217712402344,59.944759368896484,62.844627380371094,62.59263610839844,63.62489700317383,64.25751495361328,19.047618865966797,23.809524536132813,14.285715103149414,19.047618865966797,0,0,0,0,19.00815773010254,8589934592,1073741824,5173821440,290652160
209,1771645291550,3504,3504,3504,3504,3504,3504,3504,3504,65.10580444335938,64.32797241210938,63.195343017578125,63.312217712402344,59.944759368896484,62.844627380371094,62.59263610839844,63.62489700317383,64.25751495361328,15.789472579956055,15.789472579956055,10,15.000000953674316,0,0,0,0,19.00815773010254,8589934592,1073741824,5173657600,290652160
204,1771645291760,3504,3504,3504,3504,3504,3504,3504,3504,65.10580444335938,64.32797241210938,63.195343017578125,63.312217712402344,59.944759368896484,62.844627380371094,62.59263610839844,63.62489700317383,64.25751495361328,14.285715103149414,23.809524536132813,10,19.047618865966797,0,0,0,0,19.39785385131836,8589934592,1073741824,5173526528,290652160
209,1771645291965,3504,3504,3504,3504,3504,3504,3504,3504,65.10580444335938,64.32797241210938,63.195343017578125,63.312217712402344,59.944759368896484,62.844627380371094,62.59263610839844,63.62489700317383,64.25751495361328,14.285715103149414,10,9.523809432983398,23.809524536132813,0,0,0,0,19.39785385131836,8589934592,1073741824,5173542912,290652160
209,1771645292175,3504,3504,3504,3504,3504,3504,3504,3504,65.10580444335938,53.078460693359375,52.00836181640625,51.91826629638672,52.08060836791992,51.841896057128906,51.611724853515625,52.635581970214844,52.872459411621094,14.285715103149414,14.285715103149414,9.523809432983398,25,0,0,0,0,19.39785385131836,8589934592,1073741824,5173526528,290652160
206,1771645292385,3504,3504,3504,3504,3504,3504,3504,3504,53.554107666015625,53.078460693359375,52.00836181640625,51.91826629638672,52.08060836791992,51.841896057128906,51.611724853515625,52.635581970214844,52.872459411621094,20,13.636363983154297,10,22.72727394104004,0,0,0,0,19.39785385131836,8589934592,1073741824,5173297152,290652160
206,1771645292592,3504,3504,3504,3504,3504,3504,3504,3504,53.554107666015625,53.078460693359375,52.00836181640625,51.91826629638672,52.08060836791992,51.841896057128906,51.611724853515625,52.635581970214844,52.872459411621094,14.285715103149414,15.000000953674316,9.523809432983398,28.571430206298828,0,0,0,0,19.39785385131836,8589934592,1073741824,5173297152,290652160
201,1771645292798,3504,3504,3504,3504,3504,3504,3504,3504,53.554107666015625,53.078460693359375,52.00836181640625,51.91826629638672,52.08060836791992,51.841896057128906,51.611724853515625,52.635581970214844,52.872459411621094,15.000000953674316,10,9.523809432983398,21.052631378173828,0,0,0,0,7.171862602233887,8589934592,1073741824,5173067776,290652160
209,1771645293000,3504,3504,3504,3504,3504,3504,3504,3504,53.554107666015625,53.078460693359375,52.00836181640625,51.91826629638672,52.08060836791992,51.841896057128906,51.611724853515625,52.635581970214844,52.872459411621094,15.000000953674316,15.000000953674316,10.526315689086914,27.272727966308594,4.761904716491699,0,0,0,7.171862602233887,8589934592,1073741824,5173116928,290652160
203,1771645293211,3504,3504,3504,3504,3504,3504,3504,3504,51.12690734863281,50.274715423583984,49.477325439453125,49.34837341308594,49.62700653076172,49.27937316894531,49.10272216796875,50.19877624511719,50.327091217041016,14.285715103149414,14.285715103149414,9.523809432983398,20,0,0,0,0,7.171862602233887,8589934592,1073741824,5173133312,290652160
209,1771645293415,3504,3504,3504,3504,3504,3504,3504,3504,51.12690734863281,50.274715423583984,49.477325439453125,49.34837341308594,49.62700653076172,49.27937316894531,49.10272216796875,50.19877624511719,50.327091217041016,15.000000953674316,14.285715103149414,13.636363983154297,20,0,0,0,0,7.171862602233887,8589934592,1073741824,5173215232,290652160
205,1771645293625,3504,3504,3504,3504,3504,3504,3504,3504,51.12690734863281,50.274715423583984,49.477325439453125,49.34837341308594,49.62700653076172,49.27937316894531,49.10272216796875,50.19877624511719,50.327091217041016,19.047618865966797,14.285715103149414,15.000000953674316,19.047618865966797,0,0,0,0,7.171862602233887,8589934592,1073741824,5173231616,290652160
206,1771645293831,3504,3504,3504,3504,3504,3504,3504,3504,51.12690734863281,50.274715423583984,49.477325439453125,49.34837341308594,49.62700653076172,49.27937316894531,49.10272216796875,50.19877624511719,50.327091217041016,15.000000953674316,10,15.000000953674316,15.000000953674316,0,0,0,0,1.8258373737335205,8589934592,1073741824,5173198848,290652160
209,1771645294038,3504,3504,3504,3504,3504,3504,3504,3504,51.12690734863281,50.274715423583984,49.477325439453125,49.34837341308594,49.62700653076172,49.27937316894531,49.10272216796875,50.19877624511719,50.327091217041016,23.809524536132813,30.000001907348633,27.272727966308594,19.047618865966797,0,0,0,0,1.8258373737335205,8589934592,1073741824,5173690368,290652160
199,1771645294248,3504,3504,3504,3504,3504,3504,3504,3504,49.48398208618164,48.95987319946289,47.933265686035156,47.75898742675781,48.05781173706055,47.84381103515625,47.60911560058594,48.65909194946289,48.74831771850586,14.285715103149414,23.809524536132813,5,4.761904716491699,0,8.69565200805664,0,4.545454502105713,1.8258373737335205,8589934592,1073741824,5170102272,290652160
207,1771645294448,3504,3504,3504,3504,3504,3504,3504,3504,49.48398208618164,48.95987319946289,47.933265686035156,47.75898742675781,48.05781173706055,47.84381103515625,47.60911560058594,48.65909194946289,48.74831771850586,14.285715103149414,25,15.000000953674316,10,0,0,0,0,1.8258373737335205,8589934592,1073741824,5170429952,290652160
206,1771645294656,3504,3504,3504,3504,3504,3504,3504,3504,49.48398208618164,48.95987319946289,47.933265686035156,47.75898742675781,48.05781173706055,47.84381103515625,47.60911560058594,48.65909194946289,48.74831771850586,19.047618865966797,19.047618865966797,19.047618865966797,5,0,0,0,0,1.8258373737335205,8589934592,1073741824,5170364416,290652160
201,1771645294863,3504,3504,3504,3504,3504,3504,3504,3504,49.48398208618164,48.95987319946289,47.933265686035156,47.75898742675781,48.05781173706055,47.84381103515625,47.60911560058594,48.65909194946289,48.74831771850586,25,14.285715103149414,19.047618865966797,5,0,0,0,0,2.367267608642578,8589934592,1073741824,5170397184,290652160
209,1771645295065,3504,3504,3504,3504,3504,3504,3504,3504,49.48398208618164,48.95987319946289,47.933265686035156,47.75898742675781,48.05781173706055,47.84381103515625,47.60911560058594,48.65909194946289,48.74831771850586,20,10.526315689086914,10.526315689086914,13.636363983154297,0,0,0,0,2.367267608642578,8589934592,1073741824,5170397184,290652160
208,1771645295275,3504,3504,3504,3504,3504,3504,3504,3504,48.52345275878906,47.99384307861328,46.728843688964844,46.66693878173828,46.885562896728516,46.85337829589844,46.49768829345703,47.47540283203125,47.668487548828125,25,14.285715103149414,27.272727966308594,5.263157844543457,0,0,0,0,2.367267608642578,8589934592,1073741824,5170397184,290652160
208,1771645295483,3504,3504,3504,3504,3504,3504,3504,3504,48.52345275878906,47.99384307861328,46.728843688964844,46.66693878173828,46.885562896728516,46.85337829589844,46.49768829345703,47.47540283203125,47.668487548828125,42.85714340209961,30.000001907348633,35,31.81818199157715,45.45454788208008,30.000001907348633,33.333335876464844,30.000001907348633,2.367267608642578,8589934592,1073741824,5194481664,290652160
206,1771645295692,3504,3504,3504,3504,3504,3504,3504,3504,48.52345275878906,47.99384307861328,46.728843688964844,46.66693878173828,46.885562896728516,46.85337829589844,46.49768829345703,47.47540283203125,47.668487548828125,72.7272720336914,68.18181610107422,71.42857360839844,66.66667175292969,90,90,85,81.81818389892578,2.5419793128967285,8589934592,1073741824,5214912512,290652160
209,1771645295898,3504,3504,3504,3504,3504,3504,3504,3504,48.52345275878906,47.99384307861328,46.728843688964844,46.66693878173828,46.885562896728516,46.85337829589844,46.49768829345703,47.47540283203125,47.668487548828125,66.66667175292969,65,65,66.66667175292969,85,81.81818389892578,77.2727279663086,75,2.5419793128967285,8589934592,1073741824,5205213184,290652160
209,1771645296108,3504,3504,3504,3504,3504,3504,3504,3504,48.52345275878906,47.99384307861328,46.728843688964844,46.66693878173828,46.885562896728516,46.85337829589844,46.49768829345703,47.47540283203125,47.668487548828125,72.7272720336914,66.66667175292969,72.7272720336914,66.66667175292969,90.90909576416016,85.71428680419922,80,80.95238494873047,2.5419793128967285,8589934592,1073741824,5213978624,290652160
209,1771645296318,3504,3504,3504,3504,3504,3504,3504,3504,65.06837463378906,63.92421340942383,62.93293762207031,63.186492919921875,53.27928924560547,62.345726013183594,62.537132263183594,62.71775817871094,64.13919830322266,66.66667175292969,66.66667175292969,68.42105102539063,66.66667175292969,80.95238494873047,90,80.95238494873047,80.95238494873047,2.5419793128967285,8589934592,1073741824,5192466432,290652160
209,1771645296528,3504,3504,3504,3504,3504,3504,3504,3504,65.06837463378906,63.92421340942383,62.93293762207031,63.186492919921875,53.27928924560547,62.345726013183594,62.537132263183594,62.71775817871094,64.13919830322266,71.42857360839844,71.42857360839844,69.56521606445313,70,80.95238494873047,86.36363983154297,80.95238494873047,85,2.5419793128967285,8589934592,1073741824,5190008832,290652160
203,1771645296738,3504,3504,3504,3504,3504,3504,3504,3504,65.06837463378906,63.92421340942383,62.93293762207031,63.186492919921875,53.27928924560547,62.345726013183594,62.537132263183594,62.71775817871094,64.13919830322266,76.19047546386719,76.19047546386719,70,71.42857360839844,90,85,85.71428680419922,90.90909576416016,1.8035155534744263,8589934592,1073741824,5207113728,290652160
206,1771645296941,3504,3504,3504,3504,3504,3504,3504,3504,65.06837463378906,63.92421340942383,62.93293762207031,63.186492919921875,53.27928924560547,62.345726013183594,62.537132263183594,62.71775817871094,64.13919830322266,71.42857360839844,70,71.42857360839844,70,85.71428680419922,90.47618865966797,90,80,1.8035155534744263,8589934592,1073741824,5207113728,290652160
209,1771645297148,3504,3504,3504,3504,3504,3504,3504,3504,65.06837463378906,63.92421340942383,62.93293762207031,63.186492919921875,53.27928924560547,62.345726013183594,62.537132263183594,62.71775817871094,64.13919830322266,75,68.18181610107422,65,65,90.47618865966797,90,80.95238494873047,80.95238494873047,1.8035155534744263,8589934592,1073741824,5207113728,290652160
200,1771645297358,3504,3504,3504,3504,3504,3504,3504,3504,77.59806060791016,75.54520416259766,74.78466033935547,75.6072006225586,61.315208435058594,74.38057708740234,74.69857025146484,74.73983001708984,76.83816528320313,71.42857360839844,75,70,72.7272720336914,85.71428680419922,86.36363983154297,80.95238494873047,80.95238494873047,1.8035155534744263,8589934592,1073741824,5207113728,290652160
207,1771645297559,3504,3504,3504,3504,3504,3504,3504,3504,77.59806060791016,75.54520416259766,74.78466033935547,75.6072006225586,61.315208435058594,74.38057708740234,74.69857025146484,74.73983001708984,76.83816528320313,75,70,71.42857360839844,71.42857360839844,89.47368621826172,89.47368621826172,90,84.21052551269531,1.8035155534744263,8589934592,1073741824,5198692352,290652160
209,1771645297767,3504,3504,3504,3504,3504,3504,3504,3504,77.59806060791016,75.54520416259766,74.78466033935547,75.6072006225586,61.315208435058594,74.38057708740234,74.69857025146484,74.73983001708984,76.83816528320313,75,65,65,65,90.47618865966797,80.95238494873047,80.95238494873047,80.95238494873047,14.76487922668457,8589934592,1073741824,5184749568,290652160
204,1771645297977,3504,3504,3504,3504,3504,3504,3504,3504,77.59806060791016,75.54520416259766,74.78466033935547,75.6072006225586,61.315208435058594,74.38057708740234,74.69857025146484,74.73983001708984,76.83816528320313,68.18181610107422,66.66667175292969,65.21739196777344,71.42857360839844,86.36363983154297,80.95238494873047,85.71428680419922,80.95238494873047,14.76487922668457,8589934592,1073741824,5221711872,290652160
205,1771645298181,3504,3504,3504,3504,3504,3504,3504,3504,80.2748794555664,78.78121948242188,77.84986877441406,78.34687805175781,64.01554107666016,77.1707534790039,77.447265625,77.55615997314453,79.58313751220703,75,68.18181610107422,73.68421173095703,65,90,90,76.19047546386719,80,14.76487922668457,8589934592,1073741824,5183930368,290652160
207,1771645298387,3504,3504,3504,3504,3504,3504,3504,3504,80.2748794555664,78.78121948242188,77.84986877441406,78.34687805175781,64.01554107666016,77.1707534790039,77.447265625,77.55615997314453,79.58313751220703,76.19047546386719,73.68421173095703,71.42857360839844,71.42857360839844,85.71428680419922,90.47618865966797,85,80.95238494873047,14.76487922668457,8589934592,1073741824,5180358656,290652160
203,1771645298595,3504,3504,3504,3504,3504,3504,3504,3504,80.2748794555664,78.78121948242188,77.84986877441406,78.34687805175781,64.01554107666016,77.1707534790039,77.447265625,77.55615997314453,79.58313751220703,80,80,80.95238494873047,75,95,85.71428680419922,95,85.71428680419922,14.76487922668457,8589934592,1073741824,5171511296,290652160
201,1771645298798,3504,3504,3504,3504,3504,3504,3504,3504,80.2748794555664,78.78121948242188,77.84986877441406,78.34687805175781,64.01554107666016,77.1707534790039,77.447265625,77.55615997314453,79.58313751220703,75,72.7272720336914,70,72.7272720336914,85.71428680419922,85,90.47618865966797,85,19.032875061035156,8589934592,1073741824,5181784064,290652160
209,1771645299000,3504,3504,3504,3504,3504,3504,3504,3504,80.2748794555664,78.78121948242188,77.84986877441406,78.34687805175781,64.01554107666016,77.1707534790039,77.447265625,77.55615997314453,79.58313751220703,70,68.42105102539063,70,68.42105102539063,85,95,85.71428680419922,85,19.032875061035156,8589934592,1073741824,5216518144,290652160
215,1771645299210,3504,3504,3504,3504,3504,3504,3504,3504,82.73151397705078,80.75346374511719,79.76915740966797,80.51547241210938,66.12696838378906,79.72015380859375,79.81827545166016,80.57453155517578,82.25474548339844,77.2727279663086,76.19047546386719,75,76.19047546386719,90.47618865966797,85.71428680419922,95.23809814453125,85.71428680419922,19.032875061035156,8589934592,1073741824,5259870208,290652160
205,1771645299425,3504,3504,3504,3504,3504,3504,3504,3504,82.73151397705078,80.75346374511719,79.76915740966797,80.51547241210938,66.12696838378906,79.72015380859375,79.81827545166016,80.57453155517578,82.25474548339844,72.7272720336914,68.18181610107422,68.18181610107422,66.66667175292969,81.81818389892578,90.47618865966797,86.36363983154297,86.36363983154297,19.032875061035156,8589934592,1073741824,5185667072,290652160
209,1771645299631,3504,3504,3504,3504,3504,3504,3504,3504,82.73151397705078,80.75346374511719,79.76915740966797,80.51547241210938,66.12696838378906,79.72015380859375,79.81827545166016,80.57453155517578,82.25474548339844,73.68421173095703,75,70,76.19047546386719,85,90.47618865966797,89.47368621826172,85.71428680419922,19.032875061035156,8589934592,1073741824,5207867392,290652160
209,1771645299841,3504,3504,3504,3504,3504,3504,3504,3504,82.73151397705078,80.75346374511719,79.76915740966797,80.51547241210938,66.12696838378906,79.72015380859375,79.81827545166016,80.57453155517578,82.25474548339844,71.42857360839844,72.7272720336914,68.18181610107422,66.66667175292969,80.95238494873047,90.90909576416016,85.71428680419922,85.71428680419922,18.991670608520508,8589934592,1073741824,5224251392,290652160
209,1771645300051,3504,3504,3504,3504,3504,3504,3504,3504,82.73151397705078,80.75346374511719,79.76915740966797,80.51547241210938,66.12696838378906,79.72015380859375,79.81827545166016,80.57453155517578,82.25474548339844,76.19047546386719,75,80,71.42857360839844,90.47618865966797,85,81.81818389892578,85,18.991670608520508,8589934592,1073741824,5256740864,290652160
203,1771645300261,3504,3504,3504,3504,3504,3504,3504,3504,83.99301147460938,81.97489166259766,81.2928695678711,82.02420043945313,67.46578979492188,81.32335662841797,81.69629669189453,81.76532745361328,84.05315399169922,72.7272720336914,72.7272720336914,71.42857360839844,66.66667175292969,85.71428680419922,80.95238494873047,90,86.36363983154297,18.991670608520508,8589934592,1073741824,5251104768,290652160
209,1771645300465,3504,3504,3504,3504,3504,3504,3504,3504,83.99301147460938,81.97489166259766,81.2928695678711,82.02420043945313,67.46578979492188,81.32335662841797,81.69629669189453,81.76532745361328,84.05315399169922,70,70,66.66667175292969,71.42857360839844,85,90,80.95238494873047,90,18.991670608520508,8589934592,1073741824,5255118848,290652160
209,1771645300675,3504,3504,3504,3504,3504,3504,3504,3504,83.99301147460938,81.97489166259766,81.2928695678711,82.02420043945313,67.46578979492188,81.32335662841797,81.69629669189453,81.76532745361328,84.05315399169922,30.000001907348633,35,23.809524536132813,20,31.81818199157715,27.272727966308594,33.333335876464844,28.571430206298828,19.823266983032227,8589934592,1073741824,5173542912,290652160
209,1771645300885,3504,3504,3504,3504,3504,3504,3504,3504,83.99301147460938,81.97489166259766,81.2928695678711,82.02420043945313,67.46578979492188,81.32335662841797,81.69629669189453,81.76532745361328,84.05315399169922,18.18181800842285,13.636363983154297,4.761904716491699,4.761904716491699,9.523809432983398,5,4.761904716491699,0,19.823266983032227,8589934592,1073741824,5168447488,290652160
209,1771645301095,3504,3504,3504,3504,3504,3504,3504,3504,83.99301147460938,81.97489166259766,81.2928695678711,82.02420043945313,67.46578979492188,81.32335662841797,81.69629669189453,81.76532745361328,84.05315399169922,33.333335876464844,14.285715103149414,9.523809432983398,9.523809432983398,0,0,0,0,19.823266983032227,8589934592,1073741824,5168447488,290652160
209,1771645301304,3504,3504,3504,3504,3504,3504,3504,3504,69.31631469726563,68.37410736083984,67.37609100341797,67.5568618774414,62.314876556396484,67.2752685546875,67.27227020263672,67.96520233154297,69.19012451171875,28.571430206298828,14.285715103149414,14.285715103149414,13.636363983154297,0,0,0,0,19.823266983032227,8589934592,1073741824,5165367296,290652160
202,1771645301515,3504,3504,3504,3504,3504,3504,3504,3504,69.31631469726563,68.37410736083984,67.37609100341797,67.5568618774414,62.314876556396484,67.2752685546875,67.27227020263672,67.96520233154297,69.19012451171875,25,10,5,5,0,0,0,0,19.823266983032227,8589934592,1073741824,5165334528,290652160
209,1771645301717,3504,3504,3504,3504,3504,3504,3504,3504,69.31631469726563,68.37410736083984,67.37609100341797,67.5568618774414,62.314876556396484,67.2752685546875,67.27227020263672,67.96520233154297,69.19012451171875,25,10,14.285715103149414,10,0,0,0,0,19.703203201293945,8589934592,1073741824,5165350912,290652160
209,1771645301927,3504,3504,3504,3504,3504,3504,3504,3504,69.31631469726563,68.37410736083984,67.37609100341797,67.5568618774414,62.314876556396484,67.2752685546875,67.27227020263672,67.96520233154297,69.19012451171875,28.571430206298828,14.285715103149414,9.523809432983398,9.523809432983398,0,0,0,0,19.703203201293945,8589934592,1073741824,5165350912,290652160
209,1771645302137,3504,3504,3504,3504,3504,3504,3504,3504,69.31631469726563,68.37410736083984,67.37609100341797,67.5568618774414,62.314876556396484,67.2752685546875,67.27227020263672,67.96520233154297,69.19012451171875,28.571430206298828,19.047618865966797,10,9.523809432983398,0,0,0,0,19.703203201293945,8589934592,1073741824,5165334528,290652160
208,1771645302347,3504,3504,3504,3504,3504,3504,3504,3504,54.509220123291016,54.268123626708984,53.105674743652344,52.89025115966797,53.15593338012695,52.88557434082031,52.693939208984375,53.74622344970703,54.03263473510742,19.047618865966797,9.523809432983398,19.047618865966797,5,0,0,0,0,19.703203201293945,8589934592,1073741824,5165400064,290652160
206,1771645302556,3504,3504,3504,3504,3504,3504,3504,3504,54.509220123291016,54.268123626708984,53.105674743652344,52.89025115966797,53.15593338012695,52.88557434082031,52.693939208984375,53.74622344970703,54.03263473510742,20,14.285715103149414,22.72727394104004,13.636363983154297,0,0,0,0,19.703203201293945,8589934592,1073741824,5162680320,290652160
201,1771645302763,3504,3504,3504,3504,3504,3504,3504,3504,54.509220123291016,54.268123626708984,53.105674743652344,52.89025115966797,53.15593338012695,52.88557434082031,52.693939208984375,53.74622344970703,54.03263473510742,19.047618865966797,10,15.000000953674316,10,0,0,0,0,11.868401527404785,8589934592,1073741824,5162680320,290652160
201,1771645302965,3504,3504,3504,3504,3504,3504,3504,3504,54.509220123291016,54.268123626708984,53.105674743652344,52.89025115966797,53.15593338012695,52.88557434082031,52.693939208984375,53.74622344970703,54.03263473510742,19.047618865966797,14.285715103149414,23.809524536132813,19.047618865966797,0,0,0,0,11.868401527404785,8589934592,1073741824,5162811392,290652160
204,1771645303167,3504,3504,3504,3504,3504,3504,3504,3504,54.509220123291016,54.268123626708984,53.105674743652344,52.89025115966797,53.15593338012695,52.88557434082031,52.693939208984375,53.74622344970703,51.23194885253906,10.526315689086914,15.000000953674316,15.789472579956055,15.789472579956055,0,0,0,0,11.868401527404785,8589934592,1073741824,5162811392,290652160
201,1771645303371,3504,3504,3504,3504,3504,3504,3504,3504,51.862586975097656,51.128807067871094,50.262725830078125,50.065643310546875,50.41552734375,50.07646179199219,49.89080047607422,51.01869583129883,51.23194885253906,19.047618865966797,5.263157844543457,9.523809432983398,15.000000953674316,0,0,0,0,11.868401527404785,8589934592,1073741824,5162811392,290652160
207,1771645303574,3504,3504,3504,3504,3504,3504,3504,3504,51.862586975097656,51.128807067871094,50.262725830078125,50.065643310546875,50.41552734375,50.07646179199219,49.89080047607422,51.01869583129883,51.23194885253906,21.052631378173828,19.047618865966797,10,19.047618865966797,0,0,0,0,11.868401527404785,8589934592,1073741824,5162811392,290652160
206,1771645303782,3504,3504,3504,3504,3504,3504,3504,3504,51.862586975097656,51.128807067871094,50.262725830078125,50.065643310546875,50.41552734375,50.07646179199219,49.89080047607422,51.01869583129883,51.23194885253906,23.809524536132813,10,23.809524536132813,15.000000953674316,0,0,0,0,1.9895610809326172,8589934592,1073741824,5162631168,290652160
202,1771645303988,3504,3504,3504,3504,3504,3504,3504,3504,51.862586975097656,51.128807067871094,50.262725830078125,50.065643310546875,50.41552734375,50.07646179199219,49.89080047607422,51.01869583129883,51.23194885253906,31.81818199157715,23.809524536132813,25,14.285715103149414,0,0,0,0,1.9895610809326172,8589934592,1073741824,5162811392,290652160
206,1771645304192,3504,3504,3504,3504,3504,3504,3504,3504,50.20158386230469,49.53949737548828,48.64015197753906,48.38597869873047,48.85498809814453,48.572265625,48.31379699707031,49.41568374633789,49.56108474731445,26.3157901763916,14.285715103149414,10,10,0,0,0,0,1.9895610809326172,8589934592,1073741824,5162827776,290652160
205,1771645304398,3504,3504,3504,3504,3504,3504,3504,3504,50.20158386230469,49.53949737548828,48.64015197753906,48.38597869873047,48.85498809814453,48.572265625,48.31379699707031,49.41568374633789,49.56108474731445,23.809524536132813,14.285715103149414,10,5,0,0,0,0,1.9895610809326172,8589934592,1073741824,5162844160,290652160
205,1771645304604,3504,3504,3504,3504,3504,3504,3504,3504,50.20158386230469,49.53949737548828,48.64015197753906,48.38597869873047,48.85498809814453,48.572265625,48.31379699707031,49.41568374633789,49.56108474731445,25,15.789472579956055,9.523809432983398,18.18181800842285,0,0,0,0,1.9895610809326172,8589934592,1073741824,5162893312,290652160
203,1771645304811,3504,3504,3504,3504,3504,3504,3504,3504,50.20158386230469,49.53949737548828,48.64015197753906,48.38597869873047,48.85498809814453,48.572265625,48.31379699707031,49.41568374633789,49.56108474731445,15.000000953674316,19.047618865966797,14.285715103149414,10,0,0,0,0,2.5502755641937256,8589934592,1073741824,5162876928,290652160
209,1771645305015,3504,3504,3504,3504,3504,3504,3504,3504,50.20158386230469,49.53949737548828,48.64015197753906,48.38597869873047,48.85498809814453,48.572265625,48.31379699707031,49.41568374633789,49.56108474731445,23.809524536132813,25,20,15.000000953674316,10,10,5,9.090909004211426,2.5502755641937256,8589934592,1073741824,5164007424,290652160
206,1771645305225,3504,3504,3504,3504,3504,3504,3504,3504,49.142433166503906,48.636043548583984,47.55024719238281,47.299591064453125,47.614498138427734,47.47320556640625,47.218833923339844,48.26364517211914,48.401676177978516,28.571430206298828,19.047618865966797,15.000000953674316,18.18181800842285,0,0,0,0,2.5502755641937256,8589934592,1073741824,5164564480,290652160
209,1771645305432,3504,3504,3504,3504,3504,3504,3504,3504,49.142433166503906,48.636043548583984,47.55024719238281,47.299591064453125,47.614498138427734,47.47320556640625,47.218833923339844,48.26364517211914,48.401676177978516,20,15.000000953674316,9.523809432983398,5,10,14.285715103149414,4.761904716491699,0,2.5502755641937256,8589934592,1073741824,5160337408,290652160
209,1771645305641,3504,3504,3504,3504,3504,3504,3504,3504,49.142433166503906,48.636043548583984,47.55024719238281,47.299591064453125,47.614498138427734,47.47320556640625,47.218833923339844,48.26364517211914,48.401676177978516,52.38095474243164,59.09090805053711,57.142860412597656,52.38095474243164,61.904762268066406,61.904762268066406,66.66667175292969,61.904762268066406,2.5502755641937256,8589934592,1073741824,5249761280,290652160
209,1771645305851,3504,3504,3504,3504,3504,3504,3504,3504,49.142433166503906,48.636043548583984,47.55024719238281,47.299591064453125,47.614498138427734,47.47320556640625,47.218833923339844,48.26364517211914,48.401676177978516,71.42857360839844,70,66.66667175292969,71.42857360839844,90,90.47618865966797,85.71428680419922,80,2.0489413738250732,8589934592,1073741824,5229969408,290652160
205,1771645306061,3504,3504,3504,3504,3504,3504,3504,3504,49.142433166503906,48.636043548583984,47.55024719238281,47.299591064453125,47.614498138427734,47.47320556640625,47.218833923339844,48.26364517211914,48.401676177978516,71.42857360839844,72.7272720336914,68.18181610107422,66.66667175292969,81.81818389892578,80.95238494873047,90.47618865966797,80.95238494873047,2.0489413738250732,8589934592,1073741824,5229887488,290652160
199,1771645306267,3504,3504,3504,3504,3504,3504,3504,3504,63.639007568359375,62.3098030090332,61.35270690917969,61.783302307128906,52.942955017089844,61.38175964355469,61.293426513671875,62.01155090332031,62.96770095825195,70,65,68.42105102539063,65,85.71428680419922,80,80.95238494873047,80.95238494873047,2.0489413738250732,8589934592,1073741824,5168873472,290652160
204,1771645306467,3504,3504,3504,3504,3504,3504,3504,3504,63.639007568359375,62.3098030090332,61.35270690917969,61.783302307128906,52.942955017089844,61.38175964355469,61.293426513671875,62.01155090332031,62.96770095825195,70,66.66667175292969,71.42857360839844,65,90.47618865966797,85,80,80,2.0489413738250732,8589934592,1073741824,5145788416,290652160
212,1771645306672,3504,3504,3504,3504,3504,3504,3504,3504,63.639007568359375,62.3098030090332,61.35270690917969,61.783302307128906,52.942955017089844,61.38175964355469,61.293426513671875,62.01155090332031,62.96770095825195,72.7272720336914,70,65,76.19047546386719,90,80.95238494873047,85,85,2.415001153945923,8589934592,1073741824,5145788416,290652160
208,1771645306884,3504,3504,3504,3504,3504,3504,3504,3504,63.639007568359375,62.3098030090332,61.35270690917969,61.783302307128906,52.942955017089844,61.38175964355469,61.293426513671875,62.01155090332031,62.96770095825195,75,75,76.19047546386719,66.66667175292969,80.95238494873047,85.71428680419922,81.81818389892578,86.36363983154297,2.415001153945923,8589934592,1073741824,5194055680,290652160
208,1771645307093,3504,3504,3504,3504,3504,3504,3504,3504,63.639007568359375,62.3098030090332,61.35270690917969,61.783302307128906,52.942955017089844,61.38175964355469,61.293426513671875,62.01155090332031,62.96770095825195,71.42857360839844,66.66667175292969,71.42857360839844,71.42857360839844,90,85.71428680419922,85,90.47618865966797,2.415001153945923,8589934592,1073741824,5181800448,290652160
203,1771645307302,3504,3504,3504,3504,3504,3504,3504,3504,77.22178649902344,75.86094665527344,74.96004486083984,75.44316101074219,61.632537841796875,74.6861343383789,75.11940002441406,74.95555114746094,77.31529998779297,71.42857360839844,71.42857360839844,76.19047546386719,70,85.71428680419922,85.71428680419922,81.81818389892578,84.21052551269531,2.415001153945923,8589934592,1073741824,5222875136,290652160
206,1771645307505,3504,3504,3504,3504,3504,3504,3504,3504,77.22178649902344,75.86094665527344,74.96004486083984,75.44316101074219,61.632537841796875,74.6861343383789,75.11940002441406,74.95555114746094,77.31529998779297,70,71.42857360839844,70,72.7272720336914,90.47618865966797,85,89.47368621826172,81.81818389892578,2.415001153945923,8589934592,1073741824,5188517888,290652160
201,1771645307712,3504,3504,3504,3504,3504,3504,3504,3504,77.22178649902344,75.86094665527344,74.96004486083984,75.44316101074219,61.632537841796875,74.6861343383789,75.11940002441406,74.95555114746094,77.31529998779297,71.42857360839844,68.42105102539063,66.66667175292969,65,85.71428680419922,80.95238494873047,80.95238494873047,85.71428680419922,11.387728691101074,8589934592,1073741824,5206982656,290652160
213,1771645307914,3504,3504,3504,3504,3504,3504,3504,3504,77.22178649902344,75.86094665527344,74.96004486083984,75.44316101074219,61.632537841796875,74.6861343383789,75.11940002441406,74.95555114746094,77.31529998779297,66.66667175292969,65,75,70,84.21052551269531,80,76.19047546386719,85,11.387728691101074,8589934592,1073741824,5202395136,290652160
210,1771645308127,3504,3504,3504,3504,3504,3504,3504,3504,77.22178649902344,75.86094665527344,74.96004486083984,75.44316101074219,61.632537841796875,74.6861343383789,75.11940002441406,74.95555114746094,77.31529998779297,75,69.56521606445313,71.42857360839844,71.42857360839844,86.36363983154297,86.36363983154297,85,76.19047546386719,11.387728691101074,8589934592,1073741824,5173706752,290652160
209,1771645308338,3504,3504,3504,3504,3504,3504,3504,3504,80.56414794921875,79.01871490478516,78.14557647705078,78.72337341308594,64.39852905273438,77.59552001953125,77.91875457763672,77.89717102050781,80.17268371582031,71.42857360839844,71.42857360839844,70,68.18181610107422,90.47618865966797,90,77.2727279663086,80,11.387728691101074,8589934592,1073741824,5151719424,290652160
200,1771645308548,3504,3504,3504,3504,3504,3504,3504,3504,80.56414794921875,79.01871490478516,78.14557647705078,78.72337341308594,64.39852905273438,77.59552001953125,77.91875457763672,77.89717102050781,80.17268371582031,76.19047546386719,70,72.7272720336914,70,85.71428680419922,90.47618865966797,85.71428680419922,81.81818389892578,11.387728691101074,8589934592,1073741824,5173723136,290652160
209,1771645308748,3504,3504,3504,3504,3504,3504,3504,3504,80.56414794921875,79.01871490478516,78.14557647705078,78.72337341308594,64.39852905273438,77.59552001953125,77.91875457763672,77.89717102050781,80.17268371582031,68.42105102539063,71.42857360839844,65,70,85,85,80,80,18.681787490844727,8589934592,1073741824,5149589504,290652160
201,1771645308958,3504,3504,3504,3504,3504,3504,3504,3504,80.56414794921875,79.01871490478516,78.14557647705078,78.72337341308594,64.39852905273438,77.59552001953125,77.91875457763672,77.89717102050781,80.17268371582031,71.42857360839844,68.42105102539063,68.18181610107422,66.66667175292969,80.95238494873047,81.81818389892578,85,90.90909576416016,18.681787490844727,8589934592,1073741824,5190926336,290652160
209,1771645309160,3504,3504,3504,3504,3504,3504,3504,3504,80.56414794921875,79.01871490478516,78.14557647705078,78.72337341308594,64.39852905273438,77.59552001953125,77.91875457763672,77.89717102050781,80.17268371582031,71.42857360839844,68.18181610107422,68.42105102539063,70,90,89.47368621826172,80.95238494873047,84.21052551269531,18.681787490844727,8589934592,1073741824,5226627072,290652160
209,1771645309370,3504,3504,3504,3504,3504,3504,3504,3504,82.6220932006836,80.69960021972656,79.99423217773438,80.72954559326172,66.11807250976563,79.24346923828125,79.64392852783203,79.61993408203125,81.93060302734375,71.42857360839844,70,72.7272720336914,71.42857360839844,90.47618865966797,85.71428680419922,85.71428680419922,80.95238494873047,18.681787490844727,8589934592,1073741824,5190729728,290652160
201,1771645309580,3504,3504,3504,3504,3504,3504,3504,3504,82.6220932006836,80.69960021972656,79.99423217773438,80.72954559326172,66.11807250976563,79.24346923828125,79.64392852783203,79.61993408203125,81.93060302734375,66.66667175292969,71.42857360839844,65,63.6363639831543,86.36363983154297,81.81818389892578,80,77.2727279663086,18.681787490844727,8589934592,1073741824,5195399168,290652160
214,1771645309781,3504,3504,3504,3504,3504,3504,3504,3504,82.6220932006836,80.69960021972656,79.99423217773438,80.72954559326172,66.11807250976563,79.24346923828125,79.64392852783203,79.61993408203125,81.93060302734375,70,66.66667175292969,70,68.42105102539063,89.47368621826172,85,80.95238494873047,78.94737243652344,19.449573516845703,8589934592,1073741824,5222137856,290652160
209,1771645309996,3504,3504,3504,3504,3504,3504,3504,3504,82.6220932006836,80.69960021972656,79.99423217773438,80.72954559326172,66.11807250976563,79.24346923828125,79.64392852783203,79.61993408203125,81.93060302734375,76.19047546386719,75,68.18181610107422,72.7272720336914,85.71428680419922,90.47618865966797,90.90909576416016,85.71428680419922,19.449573516845703,8589934592,1073741824,5171576832,290652160
209,1771645310205,3504,3504,3504,3504,3504,3504,3504,3504,83.9261703491211,82.48037719726563,81.65171813964844,82.15762329101563,67.5423355102539,80.75192260742188,80.94015502929688,81.25454711914063,83.18277740478516,75,72.7272720336914,70,70,90.90909576416016,81.81818389892578,85,80.95238494873047,19.449573516845703,8589934592,1073741824,5192712192,290652160
209,1771645310416,3504,3504,3504,3504,3504,3504,3504,3504,83.9261703491211,82.48037719726563,81.65171813964844,82.15762329101563,67.5423355102539,80.75192260742188,80.94015502929688,81.25454711914063,83.18277740478516,72.7272720336914,73.68421173095703,68.18181610107422,71.42857360839844,85.71428680419922,85,81.81818389892578,90.47618865966797,19.449573516845703,8589934592,1073741824,5171134464,290652160
207,1771645310626,3504,3504,3504,3504,3504,3504,3504,3504,83.9261703491211,82.48037719726563,81.65171813964844,82.15762329101563,67.5423355102539,80.75192260742188,80.94015502929688,81.25454711914063,83.18277740478516,54.54545593261719,56.52173614501953,52.38095474243164,52.38095474243164,70,63.6363639831543,70,63.6363639831543,19.449573516845703,8589934592,1073741824,5183619072,290652160
209,1771645310833,3504,3504,3504,3504,3504,3504,3504,3504,83.9261703491211,82.48037719726563,81.65171813964844,82.15762329101563,67.5423355102539,80.75192260742188,80.94015502929688,81.25454711914063,83.18277740478516,5,14.285715103149414,4.761904716491699,18.18181800842285,4.761904716491699,4.761904716491699,4.761904716491699,0,19.509599685668945,8589934592,1073741824,5166465024,290652160
209,1771645311044,3504,3504,3504,3504,3504,3504,3504,3504,83.9261703491211,82.48037719726563,81.65171813964844,82.15762329101563,67.5423355102539,80.75192260742188,80.94015502929688,81.25454711914063,83.18277740478516,27.272727966308594,14.285715103149414,10,15.000000953674316,4.761904716491699,0,0,0,19.509599685668945,8589934592,1073741824,5166481408,290652160
208,1771645311254,3504,3504,3504,3504,3504,3504,3504,3504,70.77665710449219,69.9729232788086,68.89198303222656,69.12874603271484,63.23206329345703,68.7795639038086,68.70770263671875,69.40505981445313,70.63683319091797,15.789472579956055,14.285715103149414,9.523809432983398,10,0,0,0,0,19.509599685668945,8589934592,1073741824,5163401216,290652160
207,1771645311463,3504,3504,3504,3504,3504,3504,3504,3504,70.77665710449219,69.9729232788086,68.89198303222656,69.12874603271484,63.23206329345703,68.7795639038086,68.70770263671875,69.40505981445313,70.63683319091797,19.047618865966797,10,9.523809432983398,18.18181800842285,0,0,0,0,19.509599685668945,8589934592,1073741824,5163417600,290652160
203,1771645311671,3504,3504,3504,3504,3504,3504,3504,3504,70.77665710449219,69.9729232788086,68.89198303222656,69.12874603271484,63.23206329345703,68.7795639038086,68.70770263671875,69.40505981445313,70.63683319091797,23.809524536132813,19.047618865966797,18.18181800842285,15.000000953674316,0,0,0,0,19.345094680786133,8589934592,1073741824,5163417600,290652160
206,1771645311874,3504,3504,3504,3504,3504,3504,3504,3504,70.77665710449219,69.9729232788086,68.89198303222656,69.12874603271484,63.23206329345703,68.7795639038086,68.70770263671875,69.40505981445313,70.63683319091797,25,14.285715103149414,10.526315689086914,10,0,0,0,0,19.345094680786133,8589934592,1073741824,5163417600,290652160
209,1771645312081,3504,3504,3504,3504,3504,3504,3504,3504,70.77665710449219,69.9729232788086,68.89198303222656,69.12874603271484,63.23206329345703,68.7795639038086,68.70770263671875,69.40505981445313,70.63683319091797,23.809524536132813,15.000000953674316,14.285715103149414,9.523809432983398,4.761904716491699,0,4.761904716491699,0,19.345094680786133,8589934592,1073741824,5163352064,290652160
208,1771645312292,3504,3504,3504,3504,3504,3504,3504,3504,55.23432540893555,54.90980911254883,53.69379425048828,53.56327819824219,53.75000762939453,53.49315643310547,53.26990509033203,54.3133430480957,54.62484359741211,28.571430206298828,5,9.523809432983398,9.090909004211426,0,0,0,0,19.345094680786133,8589934592,1073741824,5163352064,290652160
201,1771645312500,3504,3504,3504,3504,3504,3504,3504,3504,55.23432540893555,54.90980911254883,53.69379425048828,53.56327819824219,53.75000762939453,53.49315643310547,53.26990509033203,54.3133430480957,54.62484359741211,28.571430206298828,23.809524536132813,14.285715103149414,10,0,0,0,0,19.345094680786133,8589934592,1073741824,5163352064,290652160
206,1771645312702,3504,3504,3504,3504,3504,3504,3504,3504,55.23432540893555,54.90980911254883,53.69379425048828,53.56327819824219,53.75000762939453,53.49315643310547,53.26990509033203,54.3133430480957,54.62484359741211,30.000001907348633,15.000000953674316,15.000000953674316,14.285715103149414,0,0,0,0,10.461469650268555,8589934592,1073741824,5163352064,290652160
205,1771645312909,3504,3504,3504,3504,3504,3504,3504,3504,55.23432540893555,54.90980911254883,53.69379425048828,53.56327819824219,53.75000762939453,53.49315643310547,53.26990509033203,54.3133430480957,54.62484359741211,20,23.809524536132813,9.523809432983398,5,0,0,0,0,10.461469650268555,8589934592,1073741824,5163352064,290652160
209,1771645313115,3504,3504,3504,3504,3504,3504,3504,3504,55.23432540893555,54.90980911254883,53.69379425048828,53.56327819824219,53.75000762939453,53.49315643310547,53.26990509033203,54.3133430480957,54.62484359741211,19.047618865966797,23.809524536132813,15.000000953674316,10,0,0,0,0,10.461469650268555,8589934592,1073741824,5150588928,290652160
202,1771645313325,3504,3504,3504,3504,3504,3504,3504,3504,52.52790451049805,51.81596374511719,50.865875244140625,50.775001525878906,50.97050476074219,50.67726135253906,50.491355895996094,51.574607849121094,51.78731155395508,15.000000953674316,15.789472579956055,10,9.090909004211426,14.285715103149414,13.636363983154297,9.090909004211426,4.761904716491699,10.461469650268555,8589934592,1073741824,5151522816,290652160
203,1771645313528,3504,3504,3504,3504,3504,3504,3504,3504,52.52790451049805,51.81596374511719,50.865875244140625,50.775001525878906,50.97050476074219,50.67726135253906,50.491355895996094,51.574607849121094,51.78731155395508,20,22.72727394104004,14.285715103149414,5.263157844543457,0,0,0,0,10.461469650268555,8589934592,1073741824,5151522816,290652160
203,1771645313732,3504,3504,3504,3504,3504,3504,3504,3504,52.52790451049805,51.81596374511719,50.865875244140625,50.775001525878906,50.97050476074219,50.67726135253906,50.491355895996094,51.574607849121094,51.78731155395508,28.571430206298828,31.57894515991211,20,23.809524536132813,0,0,0,0,1.9887161254882813,8589934592,1073741824,5151768576,290652160
209,1771645313936,3504,3504,3504,3504,3504,3504,3504,3504,52.52790451049805,51.81596374511719,50.865875244140625,50.775001525878906,50.97050476074219,50.67726135253906,50.491355895996094,51.574607849121094,51.78731155395508,21.052631378173828,23.809524536132813,9.523809432983398,5,0,0,0,0,1.9887161254882813,8589934592,1073741824,5149999104,290652160
201,1771645314146,3504,3504,3504,3504,3504,3504,3504,3504,52.52790451049805,51.81596374511719,50.865875244140625,50.775001525878906,50.97050476074219,50.67726135253906,50.491355895996094,51.574607849121094,51.78731155395508,14.285715103149414,15.000000953674316,5.263157844543457,19.047618865966797,0,0,0,0,1.9887161254882813,8589934592,1073741824,5149458432,290652160
200,1771645314348,3504,3504,3504,3504,3504,3504,3504,3504,50.88031005859375,50.09773254394531,49.24553680419922,49.074066162109375,49.443206787109375,49.12078094482422,48.923805236816406,50.00562286376953,50.16838836669922,19.047618865966797,15.000000953674316,20,15.000000953674316,0,0,0,0,1.9887161254882813,8589934592,1073741824,5149491200,290652160
209,1771645314549,3504,3504,3504,3504,3504,3504,3504,3504,50.88031005859375,50.09773254394531,49.24553680419922,49.074066162109375,49.443206787109375,49.12078094482422,48.923805236816406,50.00562286376953,50.16838836669922,10,14.285715103149414,22.72727394104004,15.000000953674316,0,0,0,0,1.9887161254882813,8589934592,1073741824,5149491200,290652160
207,1771645314759,3504,3504,3504,3504,3504,3504,3504,3504,50.88031005859375,50.09773254394531,49.24553680419922,49.074066162109375,49.443206787109375,49.12078094482422,48.923805236816406,50.00562286376953,50.16838836669922,23.809524536132813,19.047618865966797,20,19.047618865966797,0,0,0,0,2.564645290374756,8589934592,1073741824,5149605888,290652160
209,1771645314967,3504,3504,3504,3504,3504,3504,3504,3504,50.88031005859375,50.09773254394531,49.24553680419922,49.074066162109375,49.443206787109375,49.12078094482422,48.923805236816406,50.00562286376953,50.16838836669922,15.000000953674316,20,14.285715103149414,19.047618865966797,0,0,0,0,2.564645290374756,8589934592,1073741824,5149605888,290652160
209,1771645315177,3504,3504,3504,3504,3504,3504,3504,3504,49.60323715209961,49.05604934692383,48.004150390625,47.718772888183594,48.20033645629883,47.951576232910156,47.697044372558594,48.789798736572266,48.9027214050293,31.81818199157715,22.72727394104004,15.000000953674316,23.809524536132813,0,0,0,0,2.564645290374756,8589934592,1073741824,5151883264,290652160
203,1771645315387,3504,3504,3504,3504,3504,3504,3504,3504,49.60323715209961,49.05604934692383,48.004150390625,47.718772888183594,48.20033645629883,47.951576232910156,47.697044372558594,48.789798736572266,48.9027214050293,19.047618865966797,25,14.285715103149414,14.285715103149414,0,0,0,0,2.564645290374756,8589934592,1073741824,5151916032,290652160
200,1771645315591,3504,3504,3504,3504,3504,3504,3504,3504,49.60323715209961,49.05604934692383,48.004150390625,47.718772888183594,48.20033645629883,47.951576232910156,47.697044372558594,48.789798736572266,48.9027214050293,30.000001907348633,20,19.047618865966797,5.263157844543457,5,0,0,10,2.564645290374756,8589934592,1073741824,5106581504,290652160
209,1771645315792,3504,3504,3504,3504,3504,3504,3504,3504,49.60323715209961,49.05604934692383,48.004150390625,47.718772888183594,48.20033645629883,47.951576232910156,47.697044372558594,48.789798736572266,48.9027214050293,70,65,63.15789031982422,61.904762268066406,80,86.36363983154297,80.95238494873047,80,2.3417248725891113,8589934592,1073741824,5194858496,290652160
209,1771645316002,3504,3504,3504,3504,3504,3504,3504,3504,49.60323715209961,49.05604934692383,48.004150390625,47.718772888183594,48.20033645629883,47.951576232910156,47.697044372558594,48.789798736572266,48.9027214050293,80,66.66667175292969,72.7272720336914,70,90.47618865966797,85.71428680419922,90,80.95238494873047,2.3417248725891113,8589934592,1073741824,5166989312,290652160
211,1771645316212,3504,3504,3504,3504,3504,3504,3504,3504,61.70323181152344,60.2365608215332,59.224220275878906,59.61223602294922,52.13795471191406,59.058937072753906,59.040672302246094,59.67951583862305,60.68982696533203,71.42857360839844,71.42857360839844,66.66667175292969,68.18181610107422,85,90,81.81818389892578,80.95238494873047,2.3417248725891113,8589934592,1073741824,5189844992,290652160
207,1771645316423,3504,3504,3504,3504,3504,3504,3504,3504,61.70323181152344,60.2365608215332,59.224220275878906,59.61223602294922,52.13795471191406,59.058937072753906,59.040672302246094,59.67951583862305,60.68982696533203,72.7272720336914,71.42857360839844,76.19047546386719,71.42857360839844,86.36363983154297,85.71428680419922,85.71428680419922,90.47618865966797,2.3417248725891113,8589934592,1073741824,5189763072,290652160
206,1771645316631,3504,3504,3504,3504,3504,3504,3504,3504,61.70323181152344,60.2365608215332,59.224220275878906,59.61223602294922,52.13795471191406,59.058937072753906,59.040672302246094,59.67951583862305,60.68982696533203,70,66.66667175292969,65,71.42857360839844,85.71428680419922,90.47618865966797,85.71428680419922,86.36363983154297,2.3417248725891113,8589934592,1073741824,5199626240,290652160
211,1771645316838,3504,3504,3504,3504,3504,3504,3504,3504,61.70323181152344,60.2365608215332,59.224220275878906,59.61223602294922,52.13795471191406,59.058937072753906,59.040672302246094,59.67951583862305,60.68982696533203,71.42857360839844,70,68.18181610107422,76.19047546386719,80,85.71428680419922,80,89.47368621826172,2.119055986404419,8589934592,1073741824,5141692416,290652160
209,1771645317049,3504,3504,3504,3504,3504,3504,3504,3504,61.70323181152344,60.2365608215332,59.224220275878906,59.61223602294922,52.13795471191406,59.058937072753906,59.040672302246094,59.67951583862305,60.68982696533203,71.42857360839844,71.42857360839844,75,70,90.47618865966797,81.81818389892578,95.23809814453125,81.81818389892578,2.119055986404419,8589934592,1073741824,5167661056,290652160
205,1771645317259,3504,3504,3504,3504,3504,3504,3504,3504,77.7626724243164,75.98828125,75.19190979003906,75.8871078491211,61.89822006225586,75.42818450927734,75.84320068359375,75.80835723876953,78.03639221191406,76.19047546386719,68.18181610107422,68.18181610107422,68.18181610107422,85.71428680419922,80,80.95238494873047,80.95238494873047,2.119055986404419,8589934592,1073741824,5146460160,290652160
219,1771645317465,3504,3504,3504,3504,3504,3504,3504,3504,77.7626724243164,75.98828125,75.19190979003906,75.8871078491211,61.89822006225586,75.42818450927734,75.84320068359375,75.80835723876953,78.03639221191406,70,70,70,65,80.95238494873047,90.47618865966797,80.95238494873047,90,2.119055986404419,8589934592,1073741824,5178720256,290652160
209,1771645317684,3504,3504,3504,3504,3504,3504,3504,3504,77.7626724243164,75.98828125,75.19190979003906,75.8871078491211,61.89822006225586,75.42818450927734,75.84320068359375,75.80835723876953,78.03639221191406,68.18181610107422,68.18181610107422,66.66667175292969,69.56521606445313,86.36363983154297,77.2727279663086,81.81818389892578,81.81818389892578,11.55457878112793,8589934592,1073741824,5169217536,290652160
203,1771645317894,3504,3504,3504,3504,3504,3504,3504,3504,77.7626724243164,75.98828125,75.19190979003906,75.8871078491211,61.89822006225586,75.42818450927734,75.84320068359375,75.80835723876953,78.03639221191406,76.19047546386719,71.42857360839844,68.18181610107422,70,85.71428680419922,90,85.71428680419922,77.2727279663086,11.55457878112793,8589934592,1073741824,5214208000,290652160
213,1771645318098,3504,3504,3504,3504,3504,3504,3504,3504,77.7626724243164,75.98828125,75.19190979003906,75.8871078491211,61.89822006225586,75.42818450927734,75.84320068359375,75.80835723876953,78.03639221191406,65,66.66667175292969,65,70,90,80.95238494873047,85,78.94737243652344,11.55457878112793,8589934592,1073741824,5197692928,290652160
206,1771645318311,3504,3504,3504,3504,3504,3504,3504,3504,80.7148208618164,79.0510482788086,78.19066619873047,78.83535766601563,64.57606506347656,77.78053283691406,78.00672149658203,78.17456817626953,80.25835418701172,71.42857360839844,70,71.42857360839844,68.18181610107422,81.81818389892578,85.71428680419922,80.95238494873047,85.71428680419922,11.55457878112793,8589934592,1073741824,5139808256,290652160
209,1771645318518,3504,3504,3504,3504,3504,3504,3504,3504,80.7148208618164,79.0510482788086,78.19066619873047,78.83535766601563,64.57606506347656,77.78053283691406,78.00672149658203,78.17456817626953,80.25835418701172,71.42857360839844,71.42857360839844,70,75,90,85.71428680419922,85.71428680419922,81.81818389892578,11.55457878112793,8589934592,1073741824,5161828352,290652160
201,1771645318728,3504,3504,3504,3504,3504,3504,3504,3504,80.7148208618164,79.0510482788086,78.19066619873047,78.83535766601563,64.57606506347656,77.78053283691406,78.00672149658203,78.17456817626953,80.25835418701172,71.42857360839844,70,68.18181610107422,66.66667175292969,80.95238494873047,76.19047546386719,80.95238494873047,90,19.416400909423828,8589934592,1073741824,5137383424,290652160
201,1771645318929,3504,3504,3504,3504,3504,3504,3504,3504,80.7148208618164,79.0510482788086,78.19066619873047,78.83535766601563,64.57606506347656,77.78053283691406,78.00672149658203,78.17456817626953,80.25835418701172,70,68.18181610107422,70,76.19047546386719,85.71428680419922,90,80.95238494873047,85.71428680419922,19.416400909423828,8589934592,1073741824,5163974656,290652160
209,1771645319131,3504,3504,3504,3504,3504,3504,3504,3504,80.7148208618164,79.0510482788086,78.19066619873047,78.83535766601563,64.57606506347656,77.78053283691406,78.00672149658203,78.17456817626953,80.25835418701172,71.42857360839844,68.42105102539063,65,65,89.47368621826172,80,85,78.94737243652344,19.416400909423828,8589934592,1073741824,5142069248,290652160
202,1771645319341,3504,3504,3504,3504,3504,3504,3504,3504,82.4989242553711,80.71758270263672,80.04275512695313,80.70195770263672,66.42303466796875,79.70242309570313,80.0142822265625,80.11709594726563,82.33453369140625,70,68.18181610107422,66.66667175292969,70,81.81818389892578,86.36363983154297,90,80.95238494873047,19.416400909423828,8589934592,1073741824,5181915136,290652160
203,1771645319544,3504,3504,3504,3504,3504,3504,3504,3504,82.4989242553711,80.71758270263672,80.04275512695313,80.70195770263672,66.42303466796875,79.70242309570313,80.0142822265625,80.11709594726563,82.33453369140625,71.42857360839844,73.68421173095703,76.19047546386719,70,85,89.47368621826172,85,85.71428680419922,19.416400909423828,8589934592,1073741824,5220614144,290652160
209,1771645319748,3504,3504,3504,3504,3504,3504,3504,3504,82.4989242553711,80.71758270263672,80.04275512695313,80.70195770263672,66.42303466796875,79.70242309570313,80.0142822265625,80.11709594726563,82.33453369140625,70,70,73.68421173095703,71.42857360839844,85,85.71428680419922,85.71428680419922,80.95238494873047,19.474729537963867,8589934592,1073741824,5182734336,290652160
209,1771645319958,3504,3504,3504,3504,3504,3504,3504,3504,82.4989242553711,80.71758270263672,80.04275512695313,80.70195770263672,66.42303466796875,79.70242309570313,80.0142822265625,80.11709594726563,82.33453369140625,70,71.42857360839844,63.6363639831543,65,81.81818389892578,85.71428680419922,80.95238494873047,85,19.474729537963867,8589934592,1073741824,5220597760,290652160
212,1771645320168,3504,3504,3504,3504,3504,3504,3504,3504,82.4989242553711,80.71758270263672,80.04275512695313,80.70195770263672,66.42303466796875,79.70242309570313,80.0142822265625,81.71245574951172,83.99465942382813,77.2727279663086,71.42857360839844,70,71.42857360839844,90,85.71428680419922,80.95238494873047,86.36363983154297,19.474729537963867,8589934592,1073741824,5229641728,290652160
209,1771645320381,3504,3504,3504,3504,3504,3504,3504,3504,84.24432373046875,82.26217651367188,81.55194854736328,82.322998046875,67.82064819335938,81.2481460571289,81.60760498046875,81.71245574951172,83.99465942382813,71.42857360839844,77.2727279663086,68.18181610107422,68.18181610107422,86.36363983154297,85.71428680419922,85.71428680419922,90.47618865966797,19.474729537963867,8589934592,1073741824,5171609600,290652160
200,1771645320591,3504,3504,3504,3504,3504,3504,3504,3504,84.24432373046875,82.26217651367188,81.55194854736328,82.322998046875,67.82064819335938,81.2481460571289,81.60760498046875,81.71245574951172,83.99465942382813,71.42857360839844,70,70,70,90,80.95238494873047,85,90.47618865966797,19.474729537963867,8589934592,1073741824,5193564160,290652160
209,1771645320792,3504,3504,3504,3504,3504,3504,3504,3504,84.24432373046875,82.26217651367188,81.55194854736328,82.322998046875,67.82064819335938,81.2481460571289,81.60760498046875,81.71245574951172,83.99465942382813,40,45,38.095237731933594,38.095237731933594,50,47.36842346191406,42.85714340209961,42.105262756347656,19.11172866821289,8589934592,1073741824,5163073536,290652160
204,1771645321002,3504,3504,3504,3504,3504,3504,3504,3504,84.24432373046875,82.26217651367188,81.55194854736328,82.322998046875,67.82064819335938,81.2481460571289,81.60760498046875,81.71245574951172,83.99465942382813,5,22.72727394104004,4.761904716491699,4.761904716491699,4.761904716491699,4.545454502105713,4.761904716491699,0,19.11172866821289,8589934592,1073741824,5163106304,290652160
207,1771645321207,3504,3504,3504,3504,3504,3504,3504,3504,74.58780670166016,73.64242553710938,72.64448547363281,72.7655258178711,65.1082763671875,72.0829849243164,72.20232391357422,72.61914825439453,74.34736633300781,19.047618865966797,20,10,10,0,0,0,0,19.11172866821289,8589934592,1073741824,5163155456,290652160
209,1771645321415,3504,3504,3504,3504,3504,3504,3504,3504,74.58780670166016,73.64242553710938,72.64448547363281,72.7655258178711,65.1082763671875,72.0829849243164,72.20232391357422,72.61914825439453,74.34736633300781,19.047618865966797,20,10,9.523809432983398,0,0,0,0,19.11172866821289,8589934592,1073741824,5160058880,290652160
209,1771645321625,3504,3504,3504,3504,3504,3504,3504,3504,74.58780670166016,73.64242553710938,72.64448547363281,72.7655258178711,65.1082763671875,72.0829849243164,72.20232391357422,72.61914825439453,74.34736633300781,25,14.285715103149414,4.761904716491699,4.761904716491699,4.761904716491699,4.761904716491699,0,0,19.11172866821289,8589934592,1073741824,5159649280,290652160
206,1771645321835,3504,3504,3504,3504,3504,3504,3504,3504,74.58780670166016,73.64242553710938,72.64448547363281,72.7655258178711,65.1082763671875,72.0829849243164,72.20232391357422,72.61914825439453,74.34736633300781,22.72727394104004,22.72727394104004,14.285715103149414,9.523809432983398,0,0,0,0,19.60719108581543,8589934592,1073741824,5159649280,290652160
204,1771645322042,3504,3504,3504,3504,3504,3504,3504,3504,74.58780670166016,73.64242553710938,72.64448547363281,72.7655258178711,65.1082763671875,72.0829849243164,72.20232391357422,72.61914825439453,74.34736633300781,15.000000953674316,15.000000953674316,9.523809432983398,10,0,0,0,0,19.60719108581543,8589934592,1073741824,5159600128,290652160
208,1771645322247,3504,3504,3504,3504,3504,3504,3504,3504,56.26590347290039,55.897247314453125,54.66497039794922,54.42781066894531,54.68439865112305,54.51106262207031,54.23423767089844,55.32323455810547,55.64277648925781,19.047618865966797,28.571430206298828,15.000000953674316,19.047618865966797,0,0,0,0,19.60719108581543,8589934592,1073741824,5159600128,290652160
209,1771645322455,3504,3504,3504,3504,3504,3504,3504,3504,56.26590347290039,55.897247314453125,54.66497039794922,54.42781066894531,54.68439865112305,54.51106262207031,54.23423767089844,55.32323455810547,55.64277648925781,25,10,9.523809432983398,5,0,0,0,0,19.60719108581543,8589934592,1073741824,5159616512,290652160
206,1771645322665,3504,3504,3504,3504,3504,3504,3504,3504,56.26590347290039,55.897247314453125,54.66497039794922,54.42781066894531,54.68439865112305,54.51106262207031,54.23423767089844,55.32323455810547,55.64277648925781,33.333335876464844,18.18181800842285,14.285715103149414,13.636363983154297,0,0,0,0,19.60719108581543,8589934592,1073741824,5159682048,290652160
209,1771645322872,3504,3504,3504,3504,3504,3504,3504,3504,56.26590347290039,55.897247314453125,54.66497039794922,54.42781066894531,54.68439865112305,54.51106262207031,54.23423767089844,55.32323455810547,55.64277648925781,25,10.526315689086914,10,5,0,0,0,0,14.53762149810791,8589934592,1073741824,5159698432,290652160
209,1771645323082,3504,3504,3504,3504,3504,3504,3504,3504,56.26590347290039,55.897247314453125,54.66497039794922,54.42781066894531,54.68439865112305,54.51106262207031,54.23423767089844,55.32323455810547,55.64277648925781,19.047618865966797,18.18181800842285,14.285715103149414,9.523809432983398,0,0,0,4.545454502105713,14.53762149810791,8589934592,1073741824,5159731200,290652160
209,1771645323292,3504,3504,3504,3504,3504,3504,3504,3504,53.08485794067383,52.54498291015625,51.502601623535156,51.245018005371094,51.627418518066406,51.363746643066406,51.14879608154297,52.19737243652344,52.50237274169922,22.72727394104004,25,13.636363983154297,9.523809432983398,0,0,0,0,14.53762149810791,8589934592,1073741824,5159731200,290652160
204,1771645323502,3504,3504,3504,3504,3504,3504,3504,3504,53.08485794067383,52.54498291015625,51.502601623535156,51.245018005371094,51.627418518066406,51.363746643066406,51.14879608154297,52.19737243652344,52.50237274169922,15.000000953674316,19.047618865966797,10,9.523809432983398,0,0,0,0,14.53762149810791,8589934592,1073741824,5159731200,290652160
209,1771645323706,3504,3504,3504,3504,3504,3504,3504,3504,53.08485794067383,52.54498291015625,51.502601623535156,51.245018005371094,51.627418518066406,51.363746643066406,51.14879608154297,52.19737243652344,52.50237274169922,20,25,19.047618865966797,10,4.761904716491699,4.761904716491699,0,0,1.9987831115722656,8589934592,1073741824,5159780352,290652160
209,1771645323916,3504,3504,3504,3504,3504,3504,3504,3504,53.08485794067383,52.54498291015625,51.502601623535156,51.245018005371094,51.627418518066406,51.363746643066406,51.14879608154297,52.19737243652344,52.50237274169922,19.047618865966797,18.18181800842285,10,10,10,5,5,0,1.9987831115722656,8589934592,1073741824,5160452096,290652160
204,1771645324126,3504,3504,3504,3504,3504,3504,3504,3504,53.08485794067383,52.54498291015625,51.502601623535156,51.245018005371094,51.627418518066406,51.363746643066406,51.14879608154297,52.19737243652344,52.50237274169922,14.285715103149414,23.809524536132813,13.636363983154297,21.7391300201416,0,0,0,0,1.9987831115722656,8589934592,1073741824,5158600704,290652160
203,1771645324332,3504,3504,3504,3504,3504,3504,3504,3504,51.473514556884766,50.68238830566406,49.83759307861328,49.54608154296875,50.00660705566406,49.60053253173828,49.454742431640625,50.601219177246094,50.77440643310547,15.000000953674316,25,10.526315689086914,10.526315689086914,0,0,0,0,1.9987831115722656,8589934592,1073741824,5152473088,290652160
209,1771645324536,3504,3504,3504,3504,3504,3504,3504,3504,51.473514556884766,50.68238830566406,49.83759307861328,49.54608154296875,50.00660705566406,49.60053253173828,49.454742431640625,50.601219177246094,50.77440643310547,14.285715103149414,25,10,14.285715103149414,0,0,0,0,1.9987831115722656,8589934592,1073741824,5152358400,290652160
209,1771645324746,3504,3504,3504,3504,3504,3504,3504,3504,51.473514556884766,50.68238830566406,49.83759307861328,49.54608154296875,50.00660705566406,49.60053253173828,49.454742431640625,50.601219177246094,50.77440643310547,14.285715103149414,25,13.636363983154297,4.761904716491699,0,0,0,0,2.972083806991577,8589934592,1073741824,5152423936,290652160
208,1771645324956,3504,3504,3504,3504,3504,3504,3504,3504,51.473514556884766,50.68238830566406,49.83759307861328,49.54608154296875,50.00660705566406,49.60053253173828,49.454742431640625,50.601219177246094,50.77440643310547,14.285715103149414,23.809524536132813,9.523809432983398,9.523809432983398,4.545454502105713,4.545454502105713,0,4.545454502105713,2.972083806991577,8589934592,1073741824,5152456704,290652160
205,1771645325165,3504,3504,3504,3504,3504,3504,3504,3504,51.473514556884766,50.68238830566406,49.83759307861328,49.54608154296875,50.00660705566406,49.60053253173828,49.454742431640625,50.601219177246094,50.77440643310547,20,23.809524536132813,10,5,0,0,0,0,2.972083806991577,8589934592,1073741824,5152489472,290652160
207,1771645325371,3504,3504,3504,3504,3504,3504,3504,3504,50.1921501159668,49.472023010253906,48.54930877685547,48.205230712890625,48.800533294677734,48.53718566894531,48.25566864013672,49.347572326660156,49.50790786743164,20,19.047618865966797,19.047618865966797,9.523809432983398,0,0,0,0,2.972083806991577,8589934592,1073741824,5152145408,290652160
209,1771645325579,3504,3504,3504,3504,3504,3504,3504,3504,50.1921501159668,49.472023010253906,48.54930877685547,48.205230712890625,48.800533294677734,48.53718566894531,48.25566864013672,49.347572326660156,49.50790786743164,19.047618865966797,19.047618865966797,14.285715103149414,9.090909004211426,0,0,0,0,2.972083806991577,8589934592,1073741824,5152145408,290652160
209,1771645325789,3504,3504,3504,3504,3504,3504,3504,3504,50.1921501159668,49.472023010253906,48.54930877685547,48.205230712890625,48.800533294677734,48.53718566894531,48.25566864013672,49.347572326660156,49.50790786743164,47.619049072265625,57.142860412597656,42.85714340209961,40,57.142860412597656,50,50,40,2.7862658500671387,8589934592,1073741824,5215469568,290652160
209,1771645325999,3504,3504,3504,3504,3504,3504,3504,3504,50.1921501159668,49.472023010253906,48.54930877685547,48.205230712890625,48.800533294677734,48.53718566894531,48.25566864013672,49.347572326660156,49.50790786743164,76.19047546386719,71.42857360839844,75,75,90.47618865966797,86.36363983154297,95.23809814453125,85.71428680419922,2.7862658500671387,8589934592,1073741824,5187387392,290652160
207,1771645326209,3504,3504,3504,3504,3504,3504,3504,3504,59.706390380859375,58.91232681274414,57.87004852294922,57.82079315185547,51.72429656982422,57.73155975341797,57.680686950683594,58.41140365600586,59.15495300292969,66.66667175292969,70,68.18181610107422,68.18181610107422,90.47618865966797,85,80,77.2727279663086,2.7862658500671387,8589934592,1073741824,5187387392,290652160
209,1771645326417,3504,3504,3504,3504,3504,3504,3504,3504,59.706390380859375,58.91232681274414,57.87004852294922,57.82079315185547,51.72429656982422,57.73155975341797,57.680686950683594,58.41140365600586,59.15495300292969,71.42857360839844,66.66667175292969,75,75,85.71428680419922,85.71428680419922,81.81818389892578,85.71428680419922,2.7862658500671387,8589934592,1073741824,5187387392,290652160
209,1771645326627,3504,3504,3504,3504,3504,3504,3504,3504,59.706390380859375,58.91232681274414,57.87004852294922,57.82079315185547,51.72429656982422,57.73155975341797,57.680686950683594,58.41140365600586,59.15495300292969,70,68.18181610107422,61.904762268066406,66.66667175292969,85.71428680419922,90.47618865966797,80.95238494873047,80,2.7862658500671387,8589934592,1073741824,5167218688,290652160
206,1771645326837,3504,3504,3504,3504,3504,3504,3504,3504,59.706390380859375,58.91232681274414,57.87004852294922,57.82079315185547,51.72429656982422,57.73155975341797,57.680686950683594,58.41140365600586,59.15495300292969,68.18181610107422,65,66.66667175292969,66.66667175292969,90.47618865966797,81.81818389892578,80.95238494873047,76.19047546386719,2.223677635192871,8589934592,1073741824,5145214976,290652160
213,1771645327043,3504,3504,3504,3504,3504,3504,3504,3504,59.706390380859375,58.91232681274414,57.87004852294922,57.82079315185547,51.72429656982422,57.73155975341797,57.680686950683594,58.41140365600586,59.15495300292969,71.42857360839844,75,76.19047546386719,80.95238494873047,90,90,85,85.71428680419922,2.223677635192871,8589934592,1073741824,5188386816,290652160
207,1771645327257,3504,3504,3504,3504,3504,3504,3504,3504,78.07756042480469,76.25113677978516,75.39791870117188,76.04749298095703,61.8328857421875,74.59318542480469,74.92121887207031,74.930908203125,77.06493377685547,75,68.18181610107422,76.19047546386719,72.7272720336914,86.36363983154297,85.71428680419922,80.95238494873047,81.81818389892578,2.223677635192871,8589934592,1073741824,5181292544,290652160
209,1771645327465,3504,3504,3504,3504,3504,3504,3504,3504,78.07756042480469,76.25113677978516,75.39791870117188,76.04749298095703,61.8328857421875,74.59318542480469,74.92121887207031,74.930908203125,77.06493377685547,72.7272720336914,71.42857360839844,71.42857360839844,75,90.47618865966797,85.71428680419922,85.71428680419922,89.47368621826172,2.223677635192871,8589934592,1073741824,5143904256,290652160
206,1771645327675,3504,3504,3504,3504,3504,3504,3504,3504,78.07756042480469,76.25113677978516,75.39791870117188,76.04749298095703,61.8328857421875,74.59318542480469,74.92121887207031,74.930908203125,77.06493377685547,65,65,65,66.66667175292969,80,90,80.95238494873047,81.81818389892578,8.430436134338379,8589934592,1073741824,5165989888,290652160
209,1771645327881,3504,3504,3504,3504,3504,3504,3504,3504,78.07756042480469,76.25113677978516,75.39791870117188,76.04749298095703,61.8328857421875,74.59318542480469,74.92121887207031,74.930908203125,77.06493377685547,76.19047546386719,72.7272720336914,68.18181610107422,70,85.71428680419922,86.36363983154297,90.47618865966797,80,8.430436134338379,8589934592,1073741824,5221662720,290652160
205,1771645328091,3504,3504,3504,3504,3504,3504,3504,3504,78.07756042480469,76.25113677978516,75.39791870117188,76.04749298095703,61.8328857421875,74.59318542480469,74.92121887207031,74.930908203125,77.06493377685547,66.66667175292969,71.42857360839844,70,68.18181610107422,85.71428680419922,90.47618865966797,85.71428680419922,81.81818389892578,8.430436134338379,8589934592,1073741824,5221662720,290652160
201,1771645328296,3504,3504,3504,3504,3504,3504,3504,3504,81.62593841552734,79.59854888916016,78.79215240478516,79.6075668334961,65.0489273071289,78.48722839355469,78.73409271240234,78.92831420898438,80.9422378540039,70,68.42105102539063,66.66667175292969,66.66667175292969,85.71428680419922,85,80.95238494873047,85,8.430436134338379,8589934592,1073741824,5221662720,290652160
212,1771645328498,3504,3504,3504,3504,3504,3504,3504,3504,81.62593841552734,79.59854888916016,78.79215240478516,79.6075668334961,65.0489273071289,78.48722839355469,78.73409271240234,78.92831420898438,80.9422378540039,71.42857360839844,66.66667175292969,75,68.42105102539063,90,85.71428680419922,84.21052551269531,80,8.430436134338379,8589934592,1073741824,5221662720,290652160
209,1771645328711,3504,3504,3504,3504,3504,3504,3504,3504,81.62593841552734,79.59854888916016,78.79215240478516,79.6075668334961,65.0489273071289,78.48722839355469,78.73409271240234,78.92831420898438,80.9422378540039,71.42857360839844,70,70,72.7272720336914,86.36363983154297,90.47618865966797,81.81818389892578,80.95238494873047,18.792531967163086,8589934592,1073741824,5181423616,290652160
209,1771645328921,3504,3504,3504,3504,3504,3504,3504,3504,81.62593841552734,79.59854888916016,78.79215240478516,79.6075668334961,65.0489273071289,78.48722839355469,78.73409271240234,78.92831420898438,80.9422378540039,71.42857360839844,72.7272720336914,68.18181610107422,70,85,90,90.47618865966797,80.95238494873047,18.792531967163086,8589934592,1073741824,5176442880,290652160
200,1771645329131,3504,3504,3504,3504,3504,3504,3504,3504,81.62593841552734,79.59854888916016,78.79215240478516,79.6075668334961,65.0489273071289,78.48722839355469,78.73409271240234,78.92831420898438,80.9422378540039,71.42857360839844,71.42857360839844,70,68.18181610107422,85.71428680419922,86.36363983154297,85.71428680419922,85.71428680419922,18.792531967163086,8589934592,1073741824,5179867136,290652160
209,1771645329331,3504,3504,3504,3504,3504,3504,3504,3504,83.69135284423828,81.77787017822266,81.13518524169922,81.78793334960938,67.06864166259766,80.41341400146484,80.68460083007813,80.89313507080078,82.9744644165039,68.42105102539063,70,71.42857360839844,70,90,85,80,80.95238494873047,18.792531967163086,8589934592,1073741824,5194874880,290652160
205,1771645329541,3504,3504,3504,3504,3504,3504,3504,3504,83.69135284423828,81.77787017822266,81.13518524169922,81.78793334960938,67.06864166259766,80.41341400146484,80.68460083007813,80.89313507080078,82.9744644165039,71.42857360839844,71.42857360839844,66.66667175292969,65,90.47618865966797,80.95238494873047,85.71428680419922,80.95238494873047,18.792531967163086,8589934592,1073741824,5210308608,290652160
200,1771645329747,3504,3504,3504,3504,3504,3504,3504,3504,83.69135284423828,81.77787017822266,81.13518524169922,81.78793334960938,67.06864166259766,80.41341400146484,80.68460083007813,80.89313507080078,82.9744644165039,76.19047546386719,75,71.42857360839844,72.7272720336914,85.71428680419922,95,85.71428680419922,89.47368621826172,19.514324188232422,8589934592,1073741824,5184585728,290652160
211,1771645329947,3504,3504,3504,3504,3504,3504,3504,3504,83.69135284423828,81.77787017822266,81.13518524169922,81.78793334960938,67.06864166259766,80.41341400146484,80.68460083007813,80.89313507080078,82.9744644165039,73.68421173095703,65,70,68.42105102539063,89.47368621826172,85.71428680419922,85,80.95238494873047,19.514324188232422,8589934592,1073741824,5199446016,290652160
205,1771645330159,3504,3504,3504,3504,3504,3504,3504,3504,83.69135284423828,81.77787017822266,81.13518524169922,81.78793334960938,67.06864166259766,80.41341400146484,80.68460083007813,80.89313507080078,84.66770935058594,78.26087188720703,78.26087188720703,68.18181610107422,71.42857360839844,90.90909576416016,85.71428680419922,80.95238494873047,81.81818389892578,19.514324188232422,8589934592,1073741824,5199446016,290652160
205,1771645330369,3504,3504,3504,3504,3504,3504,3504,3504,85.23355102539063,83.75820922851563,82.91419982910156,83.31237030029297,68.58990478515625,82.07676696777344,82.3770523071289,82.48946380615234,84.66770935058594,73.68421173095703,68.42105102539063,75,71.42857360839844,85.71428680419922,85,85.71428680419922,85,19.514324188232422,8589934592,1073741824,5199446016,290652160
209,1771645330575,3504,3504,3504,3504,3504,3504,3504,3504,85.23355102539063,83.75820922851563,82.91419982910156,83.31237030029297,68.58990478515625,82.07676696777344,82.3770523071289,82.48946380615234,84.66770935058594,72.7272720336914,71.42857360839844,78.94737243652344,71.42857360839844,90,85.71428680419922,90,85,19.514324188232422,8589934592,1073741824,5199446016,290652160
209,1771645330785,3504,3504,3504,3504,3504,3504,3504,3504,85.23355102539063,83.75820922851563,82.91419982910156,83.31237030029297,68.58990478515625,82.07676696777344,82.3770523071289,82.48946380615234,84.66770935058594,57.142860412597656,59.09090805053711,54.54545593261719,50,66.66667175292969,61.904762268066406,68.18181610107422,72.7272720336914,20.250871658325195,8589934592,1073741824,5173329920,290652160
200,1771645330995,3504,3504,3504,3504,3504,3504,3504,3504,85.23355102539063,83.75820922851563,82.91419982910156,83.31237030029297,68.58990478515625,82.07676696777344,82.3770523071289,82.48946380615234,84.66770935058594,19.047618865966797,9.523809432983398,4.761904716491699,4.761904716491699,5,9.090909004211426,0,0,20.250871658325195,8589934592,1073741824,5163204608,290652160
209,1771645331196,3504,3504,3504,3504,3504,3504,3504,3504,76.24301147460938,75.25645446777344,74.21015930175781,74.44883728027344,66.1424331665039,74.1148452758789,74.21825408935547,74.73029327392578,76.37239837646484,25,16.666667938232422,14.285715103149414,10,0,0,0,0,20.250871658325195,8589934592,1073741824,5163319296,290652160
209,1771645331406,3504,3504,3504,3504,3504,3504,3504,3504,76.24301147460938,75.25645446777344,74.21015930175781,74.44883728027344,66.1424331665039,74.1148452758789,74.21825408935547,74.73029327392578,76.37239837646484,20,31.81818199157715,15.000000953674316,13.636363983154297,9.090909004211426,0,0,0,20.250871658325195,8589934592,1073741824,5161287680,290652160
200,1771645331616,3504,3504,3504,3504,3504,3504,3504,3504,76.24301147460938,75.25645446777344,74.21015930175781,74.44883728027344,66.1424331665039,74.1148452758789,74.21825408935547,74.73029327392578,76.37239837646484,23.809524536132813,25,14.285715103149414,9.523809432983398,0,0,0,0,20.250871658325195,8589934592,1073741824,5161287680,290652160
204,1771645331817,3504,3504,3504,3504,3504,3504,3504,3504,76.24301147460938,75.25645446777344,74.21015930175781,74.44883728027344,66.1424331665039,74.1148452758789,74.21825408935547,74.73029327392578,76.37239837646484,15.000000953674316,20,10,5.263157844543457,0,0,0,0,19.873762130737305,8589934592,1073741824,5161287680,290652160
208,1771645332023,3504,3504,3504,3504,3504,3504,3504,3504,76.24301147460938,75.25645446777344,74.21015930175781,74.44883728027344,66.1424331665039,74.1148452758789,74.21825408935547,74.73029327392578,76.37239837646484,19.047618865966797,23.809524536132813,14.285715103149414,9.523809432983398,0,0,0,0,19.873762130737305,8589934592,1073741824,5161287680,290652160
205,1771645332232,3504,3504,3504,3504,3504,3504,3504,3504,57.00837326049805,56.61643600463867,55.40623474121094,55.239295959472656,55.43235778808594,55.30340576171875,54.97712707519531,56.08418655395508,56.388099670410156,15.000000953674316,23.809524536132813,10,14.285715103149414,0,0,0,0,19.873762130737305,8589934592,1073741824,5161287680,290652160
209,1771645332438,3504,3504,3504,3504,3504,3504,3504,3504,57.00837326049805,56.61643600463867,55.40623474121094,55.239295959472656,55.43235778808594,55.30340576171875,54.97712707519531,56.08418655395508,56.388099670410156,22.72727394104004,23.809524536132813,13.636363983154297,5,0,0,0,0,19.873762130737305,8589934592,1073741824,5161287680,290652160
199,1771645332648,3504,3504,3504,3504,3504,3504,3504,3504,57.00837326049805,56.61643600463867,55.40623474121094,55.239295959472656,55.43235778808594,55.30340576171875,54.97712707519531,56.08418655395508,56.388099670410156,15.789472579956055,10.526315689086914,10,9.523809432983398,0,0,0,0,19.873762130737305,8589934592,1073741824,5161287680,290652160
206,1771645332849,3504,3504,3504,3504,3504,3504,3504,3504,57.00837326049805,56.61643600463867,55.40623474121094,55.239295959472656,55.43235778808594,55.30340576171875,54.97712707519531,56.08418655395508,56.388099670410156,19.047618865966797,19.047618865966797,15.000000953674316,5,0,0,0,0,13.154441833496094,8589934592,1073741824,5161271296,290652160
209,1771645333055,3504,3504,3504,3504,3504,3504,3504,3504,57.00837326049805,56.61643600463867,55.40623474121094,55.239295959472656,55.43235778808594,55.30340576171875,54.97712707519531,56.08418655395508,56.388099670410156,28.571430206298828,20,14.285715103149414,14.285715103149414,0,0,0,0,13.154441833496094,8589934592,1073741824,5161287680,290652160
209,1771645333265,3504,3504,3504,3504,3504,3504,3504,3504,53.55887222290039,53.17610549926758,52.082420349121094,51.891265869140625,52.22473907470703,51.91619110107422,51.75181579589844,52.74373245239258,53.04298400878906,15.000000953674316,23.809524536132813,15.000000953674316,5,0,0,0,0,13.154441833496094,8589934592,1073741824,5161336832,290652160
205,1771645333475,3504,3504,3504,3504,3504,3504,3504,3504,53.55887222290039,53.17610549926758,52.082420349121094,51.891265869140625,52.22473907470703,51.91619110107422,51.75181579589844,52.74373245239258,53.04298400878906,19.047618865966797,18.18181800842285,19.047618865966797,9.523809432983398,0,0,0,0,13.154441833496094,8589934592,1073741824,5161304064,290652160
209,1771645333681,3504,3504,3504,3504,3504,3504,3504,3504,53.55887222290039,53.17610549926758,52.082420349121094,51.891265869140625,52.22473907470703,51.91619110107422,51.75181579589844,52.74373245239258,53.04298400878906,10,10,15.000000953674316,14.285715103149414,0,0,0,0,2.0221240520477295,8589934592,1073741824,5161320448,290652160
207,1771645333891,3504,3504,3504,3504,3504,3504,3504,3504,53.55887222290039,53.17610549926758,52.082420349121094,51.891265869140625,52.22473907470703,51.91619110107422,51.75181579589844,52.74373245239258,53.04298400878906,14.285715103149414,15.000000953674316,14.285715103149414,19.047618865966797,0,0,0,0,2.0221240520477295,8589934592,1073741824,5161320448,290652160
209,1771645334098,3504,3504,3504,3504,3504,3504,3504,3504,53.55887222290039,53.17610549926758,52.082420349121094,51.891265869140625,52.22473907470703,51.91619110107422,51.75181579589844,52.74373245239258,53.04298400878906,28.571430206298828,23.809524536132813,23.809524536132813,23.809524536132813,14.285715103149414,14.285715103149414,14.285715103149414,14.285715103149414,2.0221240520477295,8589934592,1073741824,5161271296,290652160
209,1771645334309,3504,3504,3504,3504,3504,3504,3504,3504,52.27777862548828,51.46783447265625,50.51268768310547,50.29595947265625,50.597206115722656,50.366371154785156,50.23301696777344,51.37790298461914,51.58879852294922,20,14.285715103149414,9.523809432983398,14.285715103149414,0,0,0,0,2.0221240520477295,8589934592,1073741824,5159534592,290652160
209,1771645334518,3504,3504,3504,3504,3504,3504,3504,3504,52.27777862548828,51.46783447265625,50.51268768310547,50.29595947265625,50.597206115722656,50.366371154785156,50.23301696777344,51.37790298461914,51.58879852294922,19.047618865966797,23.809524536132813,9.523809432983398,9.523809432983398,0,0,0,0,2.0221240520477295,8589934592,1073741824,5152161792,290652160
208,1771645334728,3504,3504,3504,3504,3504,3504,3504,3504,52.27777862548828,51.46783447265625,50.51268768310547,50.29595947265625,50.597206115722656,50.366371154785156,50.23301696777344,51.37790298461914,51.58879852294922,14.285715103149414,27.272727966308594,9.523809432983398,14.285715103149414,0,0,0,0,2.6185591220855713,8589934592,1073741824,5152227328,290652160
209,1771645334938,3504,3504,3504,3504,3504,3504,3504,3504,52.27777862548828,51.46783447265625,50.51268768310547,50.29595947265625,50.597206115722656,50.366371154785156,50.23301696777344,51.37790298461914,51.58879852294922,14.285715103149414,25,10,5,0,0,0,0,2.6185591220855713,8589934592,1073741824,5152145408,290652160
209,1771645335148,3504,3504,3504,3504,3504,3504,3504,3504,52.27777862548828,51.46783447265625,50.51268768310547,50.29595947265625,50.597206115722656,50.366371154785156,50.23301696777344,51.37790298461914,51.58879852294922,19.047618865966797,30.000001907348633,9.523809432983398,13.636363983154297,0,0,0,0,2.6185591220855713,8589934592,1073741824,5152243712,290652160
206,1771645335358,3504,3504,3504,3504,3504,3504,3504,3504,50.75571823120117,50.04746627807617,49.11277770996094,48.864967346191406,49.36036682128906,49.052734375,48.89503479003906,49.93553161621094,50.10820007324219,10,31.81818199157715,13.636363983154297,5,0,0,0,0,2.6185591220855713,8589934592,1073741824,5152243712,290652160
199,1771645335565,3504,3504,3504,3504,3504,3504,3504,3504,50.75571823120117,50.04746627807617,49.11277770996094,48.864967346191406,49.36036682128906,49.052734375,48.89503479003906,49.93553161621094,50.10820007324219,27.272727966308594,30.000001907348633,20,23.809524536132813,0,0,0,0,2.6185591220855713,8589934592,1073741824,5152980992,290652160
204,1771645335765,3504,3504,3504,3504,3504,3504,3504,3504,50.75571823120117,50.04746627807617,49.11277770996094,48.864967346191406,49.36036682128906,49.052734375,48.89503479003906,49.93553161621094,50.10820007324219,21.052631378173828,30.000001907348633,20,10.526315689086914,5.263157844543457,0,5,5,2.6853487491607666,8589934592,1073741824,5084217344,290652160
207,1771645335970,3504,3504,3504,3504,3504,3504,3504,3504,50.75571823120117,50.04746627807617,49.11277770996094,48.864967346191406,49.36036682128906,49.052734375,48.89503479003906,49.93553161621094,50.10820007324219,71.42857360839844,70,65,66.66667175292969,90,80,80.95238494873047,75,2.6853487491607666,8589934592,1073741824,5180391424,290652160
203,1771645336178,3504,3504,3504,3504,3504,3504,3504,3504,57.61208724975586,56.881622314453125,55.831214904785156,55.78657531738281,51.125152587890625,55.58386993408203,55.44139862060547,56.170318603515625,56.91777038574219,75,71.42857360839844,66.66667175292969,66.66667175292969,86.36363983154297,85.71428680419922,85,85.71428680419922,2.6853487491607666,8589934592,1073741824,5204426752,290652160
210,1771645336381,3504,3504,3504,3504,3504,3504,3504,3504,57.61208724975586,56.881622314453125,55.831214904785156,55.78657531738281,51.125152587890625,55.58386993408203,55.44139862060547,56.170318603515625,56.91777038574219,71.42857360839844,70,65,65,85,80.95238494873047,85.71428680419922,80.95238494873047,2.6853487491607666,8589934592,1073741824,5164810240,290652160
205,1771645336592,3504,3504,3504,3504,3504,3504,3504,3504,57.61208724975586,56.881622314453125,55.831214904785156,55.78657531738281,51.125152587890625,55.58386993408203,55.44139862060547,56.170318603515625,56.91777038574219,65,72.7272720336914,68.18181610107422,71.42857360839844,85.71428680419922,80,76.19047546386719,84.21052551269531,2.6853487491607666,8589934592,1073741824,5197987840,290652160
209,1771645336798,3504,3504,3504,3504,3504,3504,3504,3504,57.61208724975586,56.881622314453125,55.831214904785156,55.78657531738281,51.125152587890625,55.58386993408203,55.44139862060547,56.170318603515625,56.91777038574219,71.42857360839844,66.66667175292969,70,70,90,90.47618865966797,85.71428680419922,81.81818389892578,2.046679735183716,8589934592,1073741824,5173329920,290652160
209,1771645337008,3504,3504,3504,3504,3504,3504,3504,3504,57.61208724975586,56.881622314453125,55.831214904785156,55.78657531738281,51.125152587890625,55.58386993408203,55.44139862060547,56.170318603515625,56.91777038574219,71.42857360839844,70,71.42857360839844,72.7272720336914,81.81818389892578,85.71428680419922,80,85.71428680419922,2.046679735183716,8589934592,1073741824,5153865728,290652160
202,1771645337218,3504,3504,3504,3504,3504,3504,3504,3504,77.30925750732422,75.65856170654297,74.84902954101563,75.41413879394531,61.608070373535156,74.66527557373047,75.04972839355469,74.98970031738281,77.18973541259766,71.42857360839844,66.66667175292969,70,70,85.71428680419922,80,85.71428680419922,85.71428680419922,2.046679735183716,8589934592,1073741824,5170577408,290652160
206,1771645337421,3504,3504,3504,3504,3504,3504,3504,3504,77.30925750732422,75.65856170654297,74.84902954101563,75.41413879394531,61.608070373535156,74.66527557373047,75.04972839355469,74.98970031738281,77.18973541259766,71.42857360839844,71.42857360839844,66.66667175292969,63.6363639831543,85,85.71428680419922,80,80.95238494873047,2.046679735183716,8589934592,1073741824,5170577408,290652160
201,1771645337628,3504,3504,3504,3504,3504,3504,3504,3504,77.30925750732422,75.65856170654297,74.84902954101563,75.41413879394531,61.608070373535156,74.66527557373047,75.04972839355469,74.98970031738281,77.18973541259766,65,70,70,73.68421173095703,84.21052551269531,85.71428680419922,81.81818389892578,85,2.046679735183716,8589934592,1073741824,5170577408,290652160
201,1771645337830,3504,3504,3504,3504,3504,3504,3504,3504,77.30925750732422,75.65856170654297,74.84902954101563,75.41413879394531,61.608070373535156,74.66527557373047,75.04972839355469,74.98970031738281,77.18973541259766,71.42857360839844,68.42105102539063,66.66667175292969,71.42857360839844,85.71428680419922,85,89.47368621826172,80,8.869546890258789,8589934592,1073741824,5170577408,290652160
209,1771645338031,3504,3504,3504,3504,3504,3504,3504,3504,77.30925750732422,75.65856170654297,74.84902954101563,75.41413879394531,61.608070373535156,74.66527557373047,75.04972839355469,74.98970031738281,77.18973541259766,68.42105102539063,66.66667175292969,68.42105102539063,68.42105102539063,85.71428680419922,85.71428680419922,80.95238494873047,85,8.869546890258789,8589934592,1073741824,5186895872,290652160
206,1771645338241,3504,3504,3504,3504,3504,3504,3504,3504,81.2968521118164,79.42587280273438,78.5982437133789,79.28443908691406,64.98751831054688,78.40910339355469,78.64920043945313,78.76646423339844,80.80284118652344,72.7272720336914,68.18181610107422,68.18181610107422,72.7272720336914,85,85.71428680419922,85.71428680419922,76.19047546386719,8.869546890258789,8589934592,1073741824,5222989824,290652160
200,1771645338448,3504,3504,3504,3504,3504,3504,3504,3504,81.2968521118164,79.42587280273438,78.5982437133789,79.28443908691406,64.98751831054688,78.40910339355469,78.64920043945313,78.76646423339844,80.80284118652344,70,70,66.66667175292969,66.66667175292969,85.71428680419922,85.71428680419922,85,85,8.869546890258789,8589934592,1073741824,5197135872,290652160
205,1771645338648,3504,3504,3504,3504,3504,3504,3504,3504,81.2968521118164,79.42587280273438,78.5982437133789,79.28443908691406,64.98751831054688,78.40910339355469,78.64920043945313,78.76646423339844,80.80284118652344,70,70,70,70,85.71428680419922,84.21052551269531,85.71428680419922,76.19047546386719,8.869546890258789,8589934592,1073741824,5197135872,290652160
206,1771645338853,3504,3504,3504,3504,3504,3504,3504,3504,81.2968521118164,79.42587280273438,78.5982437133789,79.28443908691406,64.98751831054688,78.40910339355469,78.64920043945313,78.76646423339844,80.80284118652344,65,66.66667175292969,65,68.42105102539063,84.21052551269531,90,85,80.95238494873047,18.71552848815918,8589934592,1073741824,5197135872,290652160
209,1771645339060,3504,3504,3504,3504,3504,3504,3504,3504,81.2968521118164,79.42587280273438,78.5982437133789,79.28443908691406,64.98751831054688,78.40910339355469,78.64920043945313,78.76646423339844,80.80284118652344,75,68.42105102539063,76.19047546386719,72.7272720336914,81.81818389892578,85.71428680419922,89.47368621826172,85,18.71552848815918,8589934592,1073741824,5167267840,290652160
209,1771645339270,3504,3504,3504,3504,3504,3504,3504,3504,83.509033203125,81.4070816040039,80.76737213134766,81.54720306396484,67.05154418945313,80.52667999267578,80.62000274658203,81.05113220214844,82.81146240234375,68.18181610107422,68.18181610107422,66.66667175292969,70,85,90,86.36363983154297,80.95238494873047,18.71552848815918,8589934592,1073741824,5183897600,290652160
200,1771645339480,3504,3504,3504,3504,3504,3504,3504,3504,83.509033203125,81.4070816040039,80.76737213134766,81.54720306396484,67.05154418945313,80.52667999267578,80.62000274658203,81.05113220214844,82.81146240234375,71.42857360839844,71.42857360839844,71.42857360839844,71.42857360839844,90.90909576416016,86.36363983154297,85.71428680419922,80,18.71552848815918,8589934592,1073741824,5183897600,290652160
209,1771645339682,3504,3504,3504,3504,3504,3504,3504,3504,83.509033203125,81.4070816040039,80.76737213134766,81.54720306396484,67.05154418945313,80.52667999267578,80.62000274658203,81.05113220214844,82.81146240234375,75,75,70,66.66667175292969,84.21052551269531,85.71428680419922,90,80.95238494873047,19.156248092651367,8589934592,1073741824,5183897600,290652160
210,1771645339891,3504,3504,3504,3504,3504,3504,3504,3504,83.509033203125,81.4070816040039,80.76737213134766,81.54720306396484,67.05154418945313,80.52667999267578,80.62000274658203,81.05113220214844,82.81146240234375,71.42857360839844,66.66667175292969,71.42857360839844,66.66667175292969,85.71428680419922,90,80.95238494873047,81.81818389892578,19.156248092651367,8589934592,1073741824,5183897600,290652160
209,1771645340102,3504,3504,3504,3504,3504,3504,3504,3504,83.509033203125,81.4070816040039,80.76737213134766,81.54720306396484,67.05154418945313,80.52667999267578,80.62000274658203,81.05113220214844,82.81146240234375,71.42857360839844,71.42857360839844,76.19047546386719,65,85.71428680419922,86.36363983154297,85.71428680419922,80,19.156248092651367,8589934592,1073741824,5219860480,290652160
202,1771645340312,3504,3504,3504,3504,3504,3504,3504,3504,85.20849609375,83.29367065429688,82.57345581054688,83.29830932617188,68.56336975097656,81.9866714477539,82.13561248779297,82.43798065185547,84.4173583984375,75,71.42857360839844,76.19047546386719,76.19047546386719,90.47618865966797,90,77.2727279663086,90.47618865966797,19.156248092651367,8589934592,1073741824,5182586880,290652160
209,1771645340515,3504,3504,3504,3504,3504,3504,3504,3504,85.20849609375,83.29367065429688,82.57345581054688,83.29830932617188,68.56336975097656,81.9866714477539,82.13561248779297,82.43798065185547,84.4173583984375,68.18181610107422,68.42105102539063,70,65,90.47618865966797,80,80,80,19.156248092651367,8589934592,1073741824,5182586880,290652160
202,1771645340724,3504,3504,3504,3504,3504,3504,3504,3504,85.20849609375,83.29367065429688,82.57345581054688,83.29830932617188,68.56336975097656,81.9866714477539,82.13561248779297,82.43798065185547,84.4173583984375,70,68.18181610107422,66.66667175292969,68.18181610107422,85.71428680419922,81.81818389892578,81.81818389892578,90.47618865966797,19.342866897583008,8589934592,1073741824,5182586880,290652160
203,1771645340927,3504,3504,3504,3504,3504,3504,3504,3504,85.20849609375,83.29367065429688,82.57345581054688,83.29830932617188,68.56336975097656,81.9866714477539,82.13561248779297,82.43798065185547,84.4173583984375,50,42.85714340209961,50,42.105262756347656,55,52.6315803527832,52.6315803527832,52.38095474243164,19.342866897583008,8589934592,1073741824,5182586880,290652160
205,1771645341132,3504,3504,3504,3504,3504,3504,3504,3504,85.20849609375,83.29367065429688,82.57345581054688,83.29830932617188,68.56336975097656,81.9866714477539,82.13561248779297,82.43798065185547,84.4173583984375,5,5.263157844543457,10,9.090909004211426,10,13.636363983154297,9.523809432983398,5,19.342866897583008,8589934592,1073741824,5156864000,290652160
204,1771645341338,3504,3504,3504,3504,3504,3504,3504,3504,79.16549682617188,78.28334045410156,77.23328399658203,77.4118881225586,67.37278747558594,76.52239227294922,76.74946594238281,77.01100158691406,79.0810775756836,14.285715103149414,14.285715103149414,15.000000953674316,5,4.761904716491699,0,0,0,19.342866897583008,8589934592,1073741824,5156880384,290652160
209,1771645341543,3504,3504,3504,3504,3504,3504,3504,3504,79.16549682617188,78.28334045410156,77.23328399658203,77.4118881225586,67.37278747558594,76.52239227294922,76.74946594238281,77.01100158691406,79.0810775756836,23.809524536132813,14.285715103149414,23.809524536132813,14.285715103149414,0,0,0,0,19.342866897583008,8589934592,1073741824,5153800192,290652160
208,1771645341753,3504,3504,3504,3504,3504,3504,3504,3504,79.16549682617188,78.28334045410156,77.23328399658203,77.4118881225586,67.37278747558594,76.52239227294922,76.74946594238281,77.01100158691406,79.0810775756836,5.263157844543457,10,18.18181800842285,19.047618865966797,0,0,0,0,19.275827407836914,8589934592,1073741824,5154062336,290652160
203,1771645341962,3504,3504,3504,3504,3504,3504,3504,3504,79.16549682617188,78.28334045410156,77.23328399658203,77.4118881225586,67.37278747558594,76.52239227294922,76.74946594238281,77.01100158691406,79.0810775756836,14.285715103149414,14.285715103149414,5,20,0,0,0,0,19.275827407836914,8589934592,1073741824,5154062336,290652160
205,1771645342166,3504,3504,3504,3504,3504,3504,3504,3504,79.16549682617188,78.28334045410156,77.23328399658203,77.4118881225586,67.37278747558594,76.52239227294922,76.74946594238281,77.01100158691406,79.0810775756836,19.047618865966797,15.000000953674316,19.047618865966797,20,0,0,0,0,19.275827407836914,8589934592,1073741824,5154078720,290652160
209,1771645342372,3504,3504,3504,3504,3504,3504,3504,3504,57.784637451171875,57.46639633178711,56.26814270019531,56.099342346191406,56.262351989746094,56.132591247558594,55.731597900390625,56.92269515991211,57.24636459350586,19.047618865966797,9.523809432983398,5.263157844543457,23.809524536132813,0,0,0,0,19.275827407836914,8589934592,1073741824,5154078720,290652160
209,1771645342582,3504,3504,3504,3504,3504,3504,3504,3504,57.784637451171875,57.46639633178711,56.26814270019531,56.099342346191406,56.262351989746094,56.132591247558594,55.731597900390625,56.92269515991211,57.24636459350586,19.047618865966797,10,13.636363983154297,19.047618865966797,0,0,0,0,19.275827407836914,8589934592,1073741824,5154144256,290652160
204,1771645342792,3504,3504,3504,3504,3504,3504,3504,3504,57.784637451171875,57.46639633178711,56.26814270019531,56.099342346191406,56.262351989746094,56.132591247558594,55.731597900390625,56.92269515991211,57.24636459350586,14.285715103149414,13.636363983154297,4.761904716491699,23.809524536132813,4.545454502105713,4.545454502105713,0,0,16.912702560424805,8589934592,1073741824,5154242560,290652160
207,1771645342997,3504,3504,3504,3504,3504,3504,3504,3504,57.784637451171875,57.46639633178711,56.26814270019531,56.099342346191406,56.262351989746094,56.132591247558594,55.731597900390625,56.92269515991211,57.24636459350586,21.052631378173828,15.789472579956055,20,25,4.761904716491699,0,0,0,16.912702560424805,8589934592,1073741824,5155422208,290652160
209,1771645343205,3504,3504,3504,3504,3504,3504,3504,3504,54.065330505371094,53.81208419799805,52.672996520996094,52.45341491699219,52.76093292236328,52.51966094970703,52.239410400390625,53.31255340576172,53.58076858520508,27.272727966308594,27.272727966308594,10,23.809524536132813,0,0,0,0,16.912702560424805,8589934592,1073741824,5155684352,290652160
206,1771645343415,3504,3504,3504,3504,3504,3504,3504,3504,54.065330505371094,53.81208419799805,52.672996520996094,52.45341491699219,52.76093292236328,52.51966094970703,52.239410400390625,53.31255340576172,53.58076858520508,14.285715103149414,14.285715103149414,19.047618865966797,14.285715103149414,0,0,0,0,16.912702560424805,8589934592,1073741824,5155684352,290652160
207,1771645343622,3504,3504,3504,3504,3504,3504,3504,3504,54.065330505371094,53.81208419799805,52.672996520996094,52.45341491699219,52.76093292236328,52.51966094970703,52.239410400390625,53.31255340576172,53.58076858520508,15.000000953674316,5.263157844543457,14.285715103149414,19.047618865966797,0,0,0,0,16.912702560424805,8589934592,1073741824,5155684352,290652160
201,1771645343830,3504,3504,3504,3504,3504,3504,3504,3504,54.065330505371094,53.81208419799805,52.672996520996094,52.45341491699219,52.76093292236328,52.51966094970703,52.239410400390625,53.31255340576172,53.58076858520508,19.047618865966797,18.18181800842285,23.809524536132813,15.000000953674316,0,0,0,0,2.3381435871124268,8589934592,1073741824,5155684352,290652160
202,1771645344032,3504,3504,3504,3504,3504,3504,3504,3504,54.065330505371094,53.81208419799805,52.672996520996094,52.45341491699219,52.76093292236328,52.51966094970703,52.239410400390625,53.31255340576172,53.58076858520508,20,15.000000953674316,20,19.047618865966797,0,0,0,0,2.3381435871124268,8589934592,1073741824,5155684352,290652160
209,1771645344235,3504,3504,3504,3504,3504,3504,3504,3504,52.35377883911133,51.613983154296875,50.69525146484375,50.507965087890625,50.86058807373047,50.56743621826172,50.36077117919922,51.49188995361328,51.697078704833984,21.052631378173828,15.000000953674316,19.047618865966797,15.000000953674316,0,0,0,0,2.3381435871124268,8589934592,1073741824,5155667968,290652160
209,1771645344445,3504,3504,3504,3504,3504,3504,3504,3504,52.35377883911133,51.613983154296875,50.69525146484375,50.507965087890625,50.86058807373047,50.56743621826172,50.36077117919922,51.49188995361328,51.697078704833984,31.81818199157715,14.285715103149414,5,9.523809432983398,0,0,0,0,2.3381435871124268,8589934592,1073741824,5153980416,290652160
9,1771645344655,3504,3504,3504,3504,3504,3504,3504,3504,52.35377883911133,51.613983154296875,50.69525146484375,50.507965087890625,50.86058807373047,50.56743621826172,50.36077117919922,51.49188995361328,51.697078704833984,28.571430206298828,19.047618865966797,18.18181800842285,5,0,0,0,0,2.3381435871124268,8589934592,1073741824,5153980416,290652160
