Delta,Time,CPU_FREQUENCY_0,CPU_FREQUENCY_1,CPU_FREQUENCY_2,CPU_FREQUENCY_3,CPU_FREQUENCY_4,CPU_FREQUENCY_5,CPU_FREQUENCY_6,CPU_FREQUENCY_7,CPU_TEMP_0,CPU_TEMP_1,CPU_TEMP_2,CPU_TEMP_3,CPU_TEMP_4,CPU_TEMP_5,CPU_TEMP_6,CPU_TEMP_7,CPU_TEMP_8,CPU_USAGE_0,CPU_USAGE_1,CPU_USAGE_2,CPU_USAGE_3,CPU_USAGE_4,CPU_USAGE_5,CPU_USAGE_6,CPU_USAGE_7,SYSTEM_POWER (Watts),TOTAL_MEMORY,TOTAL_SWAP,USED_MEMORY,USED_SWAP
0,1771644391609,3504,3504,3504,3504,3504,3504,3504,3504,50.57026672363281,49.801265716552734,48.891258239746094,48.744873046875,48.95035171508789,48.68287658691406,48.329627990722656,49.63684844970703,49.73126220703125,0,0,0,0,0,0,0,0,8.919020652770996,8589934592,1073741824,5396414464,290652160
207,1771644391609,3504,3504,3504,3504,3504,3504,3504,3504,50.57026672363281,49.801265716552734,48.891258239746094,48.744873046875,48.95035171508789,48.68287658691406,48.329627990722656,49.63684844970703,49.73126220703125,NaN,0,0,50,50,0,50,0,8.919020652770996,8589934592,1073741824,5395038208,290652160
209,1771644391817,3504,3504,3504,3504,3504,3504,3504,3504,50.57026672363281,49.801265716552734,48.891258239746094,48.744873046875,48.95035171508789,48.68287658691406,48.329627990722656,49.63684844970703,49.73126220703125,19.047618865966797,9.523809432983398,4.761904716491699,4.761904716491699,30.000001907348633,23.809524536132813,5,0,2.1624348163604736,8589934592,1073741824,5408784384,290652160
208,1771644392027,3504,3504,3504,3504,3504,3504,3504,3504,50.57026672363281,49.801265716552734,48.891258239746094,48.744873046875,48.95035171508789,48.68287658691406,48.329627990722656,49.63684844970703,49.73126220703125,27.272727966308594,9.523809432983398,5,5,4.761904716491699,4.761904716491699,0,0,2.1624348163604736,8589934592,1073741824,5399822336,290652160
209,1771644392236,3504,3504,3504,3504,3504,3504,3504,3504,50.11460876464844,49.472328186035156,48.292152404785156,48.15374755859375,47.882869720458984,47.741676330566406,47.335174560546875,48.669227600097656,48.69816589355469,20,20,13.636363983154297,9.523809432983398,0,0,0,0,2.1624348163604736,8589934592,1073741824,5399773184,290652160
207,1771644392446,3504,3504,3504,3504,3504,3504,3504,3504,50.11460876464844,49.472328186035156,48.292152404785156,48.15374755859375,47.882869720458984,47.741676330566406,47.335174560546875,48.669227600097656,48.69816589355469,19.047618865966797,28.571430206298828,14.285715103149414,9.523809432983398,0,0,0,0,2.1624348163604736,8589934592,1073741824,5399642112,290652160
201,1771644392654,3504,3504,3504,3504,3504,3504,3504,3504,50.11460876464844,49.472328186035156,48.292152404785156,48.15374755859375,47.882869720458984,47.741676330566406,47.335174560546875,48.669227600097656,48.69816589355469,14.285715103149414,28.571430206298828,19.047618865966797,10,0,0,0,0,2.1624348163604736,8589934592,1073741824,5399642112,290652160
209,1771644392855,3504,3504,3504,3504,3504,3504,3504,3504,50.11460876464844,49.472328186035156,48.292152404785156,48.15374755859375,47.882869720458984,47.741676330566406,47.335174560546875,48.669227600097656,48.69816589355469,55,50,42.105262756347656,57.142860412597656,63.15789031982422,60.000003814697266,55,57.894737243652344,2.5674686431884766,8589934592,1073741824,5399642112,290652160
208,1771644393065,3504,3504,3504,3504,3504,3504,3504,3504,50.11460876464844,49.472328186035156,48.292152404785156,48.15374755859375,47.882869720458984,47.741676330566406,47.335174560546875,48.669227600097656,48.69816589355469,65,68.18181610107422,68.18181610107422,65,86.36363983154297,85.71428680419922,81.81818389892578,76.19047546386719,2.5674686431884766,8589934592,1073741824,5399642112,290652160
206,1771644393274,3504,3504,3504,3504,3504,3504,3504,3504,57.12532043457031,56.169715881347656,55.08033752441406,55.307952880859375,49.606422424316406,54.853485107421875,54.70600128173828,55.36285400390625,56.23019790649414,68.18181610107422,65,65,71.42857360839844,81.81818389892578,85.71428680419922,84.21052551269531,80.95238494873047,2.5674686431884766,8589934592,1073741824,5221728256,290652160
209,1771644393481,3504,3504,3504,3504,3504,3504,3504,3504,57.12532043457031,56.169715881347656,55.08033752441406,55.307952880859375,49.606422424316406,54.853485107421875,54.70600128173828,55.36285400390625,56.23019790649414,75,72.7272720336914,71.42857360839844,71.42857360839844,94.73684692382813,90.47618865966797,80.95238494873047,80,2.5674686431884766,8589934592,1073741824,5236965376,290652160
209,1771644393691,3504,3504,3504,3504,3504,3504,3504,3504,57.12532043457031,56.169715881347656,55.08033752441406,55.307952880859375,49.606422424316406,54.853485107421875,54.70600128173828,55.36285400390625,56.23019790649414,71.42857360839844,75,71.42857360839844,71.42857360839844,90.90909576416016,85,80.95238494873047,86.36363983154297,3.3270509243011475,8589934592,1073741824,5245960192,290652160
209,1771644393901,3504,3504,3504,3504,3504,3504,3504,3504,57.12532043457031,56.169715881347656,55.08033752441406,55.307952880859375,49.606422424316406,54.853485107421875,54.70600128173828,55.36285400390625,56.23019790649414,72.7272720336914,71.42857360839844,70,76.19047546386719,90,95.23809814453125,85.71428680419922,80,3.3270509243011475,8589934592,1073741824,5222825984,290652160
207,1771644394110,3504,3504,3504,3504,3504,3504,3504,3504,57.12532043457031,56.169715881347656,55.08033752441406,55.307952880859375,49.606422424316406,54.853485107421875,54.70600128173828,55.36285400390625,56.23019790649414,75,70,68.18181610107422,72.7272720336914,90.47618865966797,86.36363983154297,85.71428680419922,81.81818389892578,3.3270509243011475,8589934592,1073741824,5232082944,290652160
211,1771644394318,3504,3504,3504,3504,3504,3504,3504,3504,76.47962188720703,74.53900146484375,73.72687530517578,74.53290557861328,60.04759216308594,72.91877746582031,72.99925994873047,73.3040771484375,75.15553283691406,65,66.66667175292969,65,68.42105102539063,85.71428680419922,80.95238494873047,76.19047546386719,85,3.3270509243011475,8589934592,1073741824,5259853824,290652160
209,1771644394529,3504,3504,3504,3504,3504,3504,3504,3504,76.47962188720703,74.53900146484375,73.72687530517578,74.53290557861328,60.04759216308594,72.91877746582031,72.99925994873047,73.3040771484375,75.15553283691406,72.7272720336914,66.66667175292969,71.42857360839844,72.7272720336914,85.71428680419922,95,85.71428680419922,80.95238494873047,3.3270509243011475,8589934592,1073741824,5231099904,290652160
217,1771644394739,3504,3504,3504,3504,3504,3504,3504,3504,76.47962188720703,74.53900146484375,73.72687530517578,74.53290557861328,60.04759216308594,72.91877746582031,72.99925994873047,73.3040771484375,75.15553283691406,66.66667175292969,71.42857360839844,66.66667175292969,66.66667175292969,85.71428680419922,81.81818389892578,80.95238494873047,77.2727279663086,6.9443888664245605,8589934592,1073741824,5264310272,290652160
204,1771644394956,3504,3504,3504,3504,3504,3504,3504,3504,76.47962188720703,74.53900146484375,73.72687530517578,74.53290557861328,60.04759216308594,72.91877746582031,72.99925994873047,73.3040771484375,75.15553283691406,72.7272720336914,66.66667175292969,63.6363639831543,76.19047546386719,86.36363983154297,85,86.36363983154297,81.81818389892578,6.9443888664245605,8589934592,1073741824,5226889216,290652160
202,1771644395161,3504,3504,3504,3504,3504,3504,3504,3504,76.47962188720703,74.53900146484375,73.72687530517578,74.53290557861328,60.04759216308594,72.91877746582031,72.99925994873047,73.3040771484375,75.15553283691406,73.68421173095703,72.7272720336914,70,66.66667175292969,85,85.71428680419922,85,84.21052551269531,6.9443888664245605,8589934592,1073741824,5219975168,290652160
208,1771644395363,3504,3504,3504,3504,3504,3504,3504,3504,79.62948608398438,77.78466796875,76.98463439941406,77.74703979492188,63.09104537963867,76.35250091552734,76.35092163085938,76.8139419555664,78.58198547363281,71.42857360839844,70,71.42857360839844,71.42857360839844,90,90.47618865966797,85,85,6.9443888664245605,8589934592,1073741824,5226266624,290652160
208,1771644395572,3504,3504,3504,3504,3504,3504,3504,3504,79.62948608398438,77.78466796875,76.98463439941406,77.74703979492188,63.09104537963867,76.35250091552734,76.35092163085938,76.8139419555664,78.58198547363281,71.42857360839844,71.42857360839844,66.66667175292969,75,90.47618865966797,90.47618865966797,76.19047546386719,80.95238494873047,6.9443888664245605,8589934592,1073741824,5218566144,290652160
214,1771644395781,3504,3504,3504,3504,3504,3504,3504,3504,79.62948608398438,77.78466796875,76.98463439941406,77.74703979492188,63.09104537963867,76.35250091552734,76.35092163085938,76.8139419555664,78.58198547363281,70,66.66667175292969,70,66.66667175292969,86.36363983154297,85,81.81818389892578,85.71428680419922,18.951690673828125,8589934592,1073741824,5226004480,290652160
207,1771644395996,3504,3504,3504,3504,3504,3504,3504,3504,79.62948608398438,77.78466796875,76.98463439941406,77.74703979492188,63.09104537963867,76.35250091552734,76.35092163085938,76.8139419555664,78.58198547363281,72.7272720336914,70,66.66667175292969,66.66667175292969,85,85.71428680419922,80.95238494873047,81.81818389892578,18.951690673828125,8589934592,1073741824,5226004480,290652160
207,1771644396204,3504,3504,3504,3504,3504,3504,3504,3504,81.54712677001953,79.7454605102539,78.90397644042969,79.68196868896484,64.96665954589844,78.32999420166016,78.6507339477539,78.63908386230469,81.07567596435547,71.42857360839844,68.18181610107422,68.18181610107422,66.66667175292969,85.71428680419922,81.81818389892578,90,85.71428680419922,18.951690673828125,8589934592,1073741824,5226004480,290652160
209,1771644396411,3504,3504,3504,3504,3504,3504,3504,3504,81.54712677001953,79.7454605102539,78.90397644042969,79.68196868896484,64.96665954589844,78.32999420166016,78.6507339477539,78.63908386230469,81.07567596435547,70,70,70,71.42857360839844,86.36363983154297,80,81.81818389892578,90,18.951690673828125,8589934592,1073741824,5207851008,290652160
209,1771644396621,3504,3504,3504,3504,3504,3504,3504,3504,81.54712677001953,79.7454605102539,78.90397644042969,79.68196868896484,64.96665954589844,78.32999420166016,78.6507339477539,78.63908386230469,81.07567596435547,77.2727279663086,72.7272720336914,68.18181610107422,70,90.47618865966797,90.47618865966797,90,81.81818389892578,18.951690673828125,8589934592,1073741824,5222088704,290652160
206,1771644396831,3504,3504,3504,3504,3504,3504,3504,3504,81.54712677001953,79.7454605102539,78.90397644042969,79.68196868896484,64.96665954589844,78.32999420166016,78.6507339477539,78.63908386230469,81.07567596435547,80.95238494873047,75,73.68421173095703,72.7272720336914,85,90.47618865966797,85.71428680419922,85,19.585216522216797,8589934592,1073741824,5217681408,290652160
209,1771644397038,3504,3504,3504,3504,3504,3504,3504,3504,81.54712677001953,79.7454605102539,78.90397644042969,79.68196868896484,64.96665954589844,78.32999420166016,78.6507339477539,78.63908386230469,81.07567596435547,71.42857360839844,66.66667175292969,68.18181610107422,65,85.71428680419922,85.71428680419922,90,81.81818389892578,19.585216522216797,8589934592,1073741824,5222416384,290652160
207,1771644397248,3504,3504,3504,3504,3504,3504,3504,3504,83.07304382324219,81.16686248779297,80.5343246459961,81.31078338623047,66.52359008789063,80.26361083984375,80.45835876464844,80.82317352294922,82.91487884521484,80,80,75,80.95238494873047,85.71428680419922,85,86.36363983154297,85.71428680419922,19.585216522216797,8589934592,1073741824,5198413824,290652160
209,1771644397456,3504,3504,3504,3504,3504,3504,3504,3504,83.07304382324219,81.16686248779297,80.5343246459961,81.31078338623047,66.52359008789063,80.26361083984375,80.45835876464844,80.82317352294922,82.91487884521484,76.19047546386719,71.42857360839844,72.7272720336914,66.66667175292969,85.71428680419922,86.36363983154297,85.71428680419922,80,19.585216522216797,8589934592,1073741824,5229871104,290652160
205,1771644397665,3504,3504,3504,3504,3504,3504,3504,3504,83.07304382324219,81.16686248779297,80.5343246459961,81.31078338623047,66.52359008789063,80.26361083984375,80.45835876464844,80.82317352294922,82.91487884521484,70,68.18181610107422,70,76.19047546386719,90,85.71428680419922,85,85.71428680419922,19.585216522216797,8589934592,1073741824,5253627904,290652160
209,1771644397871,3504,3504,3504,3504,3504,3504,3504,3504,83.07304382324219,81.16686248779297,80.5343246459961,81.31078338623047,66.52359008789063,80.26361083984375,80.45835876464844,80.82317352294922,82.91487884521484,52.38095474243164,42.105262756347656,47.619049072265625,45,61.904762268066406,55,61.904762268066406,50,19.086124420166016,8589934592,1073741824,5222858752,290652160
209,1771644398082,3504,3504,3504,3504,3504,3504,3504,3504,83.07304382324219,81.16686248779297,80.5343246459961,81.31078338623047,66.52359008789063,80.26361083984375,80.45835876464844,80.82317352294922,82.91487884521484,9.523809432983398,14.285715103149414,9.090909004211426,18.18181800842285,0,4.545454502105713,0,0,19.086124420166016,8589934592,1073741824,5222858752,290652160
204,1771644398291,3504,3504,3504,3504,3504,3504,3504,3504,75.60563659667969,74.5394515991211,73.56393432617188,73.78556060791016,64.78731536865234,73.28936004638672,73.14202117919922,73.94210815429688,75.2567138671875,19.047618865966797,14.285715103149414,5.263157844543457,15.000000953674316,0,0,0,0,19.086124420166016,8589934592,1073741824,5222858752,290652160
207,1771644398497,3504,3504,3504,3504,3504,3504,3504,3504,75.60563659667969,74.5394515991211,73.56393432617188,73.78556060791016,64.78731536865234,73.28936004638672,73.14202117919922,73.94210815429688,75.2567138671875,15.000000953674316,19.047618865966797,19.047618865966797,19.047618865966797,0,0,0,0,19.086124420166016,8589934592,1073741824,5211783168,290652160
209,1771644398705,3504,3504,3504,3504,3504,3504,3504,3504,75.60563659667969,74.5394515991211,73.56393432617188,73.78556060791016,64.78731536865234,73.28936004638672,73.14202117919922,73.94210815429688,75.2567138671875,20,14.285715103149414,14.285715103149414,14.285715103149414,0,0,0,0,20.018400192260742,8589934592,1073741824,5211783168,290652160
206,1771644398915,3504,3504,3504,3504,3504,3504,3504,3504,75.60563659667969,74.5394515991211,73.56393432617188,73.78556060791016,64.78731536865234,73.28936004638672,73.14202117919922,73.94210815429688,75.2567138671875,31.81818199157715,14.285715103149414,15.000000953674316,10,0,0,0,0,20.018400192260742,8589934592,1073741824,5211766784,290652160
207,1771644399121,3504,3504,3504,3504,3504,3504,3504,3504,75.60563659667969,74.5394515991211,73.56393432617188,73.78556060791016,64.78731536865234,73.28936004638672,73.14202117919922,73.94210815429688,75.2567138671875,25,10,14.285715103149414,14.285715103149414,0,0,0,0,20.018400192260742,8589934592,1073741824,5208981504,290652160
208,1771644399329,3504,3504,3504,3504,3504,3504,3504,3504,55.22431182861328,54.84251403808594,53.68120574951172,53.56712341308594,53.71023941040039,53.49579620361328,53.13420104980469,54.35268783569336,54.587738037109375,27.272727966308594,19.047618865966797,14.285715103149414,9.523809432983398,0,0,0,0,20.018400192260742,8589934592,1073741824,5208981504,290652160
209,1771644399538,3504,3504,3504,3504,3504,3504,3504,3504,55.22431182861328,54.84251403808594,53.68120574951172,53.56712341308594,53.71023941040039,53.49579620361328,53.13420104980469,54.35268783569336,54.587738037109375,20,14.285715103149414,23.809524536132813,9.523809432983398,0,0,0,0,20.018400192260742,8589934592,1073741824,5208735744,290652160
208,1771644399748,3504,3504,3504,3504,3504,3504,3504,3504,55.22431182861328,54.84251403808594,53.68120574951172,53.56712341308594,53.71023941040039,53.49579620361328,53.13420104980469,54.35268783569336,54.587738037109375,20,19.047618865966797,9.523809432983398,5,8.69565200805664,0,0,4.545454502105713,14.5130615234375,8589934592,1073741824,5208719360,290652160
204,1771644399957,3504,3504,3504,3504,3504,3504,3504,3504,55.22431182861328,54.84251403808594,53.68120574951172,53.56712341308594,53.71023941040039,53.49579620361328,53.13420104980469,54.35268783569336,54.587738037109375,31.81818199157715,10,10,9.523809432983398,0,0,0,0,14.5130615234375,8589934592,1073741824,5208719360,290652160
199,1771644400162,3504,3504,3504,3504,3504,3504,3504,3504,55.22431182861328,54.84251403808594,53.68120574951172,53.56712341308594,53.71023941040039,53.49579620361328,53.13420104980469,54.35268783569336,54.587738037109375,25,15.000000953674316,15.000000953674316,9.523809432983398,0,4.761904716491699,0,0,14.5130615234375,8589934592,1073741824,5208719360,290652160
209,1771644400361,3504,3504,3504,3504,3504,3504,3504,3504,51.84770202636719,51.11460876464844,50.18025207519531,50.10292053222656,50.338985443115234,49.990745544433594,49.71223449707031,50.973106384277344,51.09769821166992,20,20,15.000000953674316,15.000000953674316,0,0,0,0,14.5130615234375,8589934592,1073741824,5208719360,290652160
206,1771644400572,3504,3504,3504,3504,3504,3504,3504,3504,51.84770202636719,51.11460876464844,50.18025207519531,50.10292053222656,50.338985443115234,49.990745544433594,49.71223449707031,50.973106384277344,51.09769821166992,14.285715103149414,9.523809432983398,18.18181800842285,4.761904716491699,4.761904716491699,0,0,0,14.5130615234375,8589934592,1073741824,5209276416,290652160
206,1771644400779,3504,3504,3504,3504,3504,3504,3504,3504,51.84770202636719,51.11460876464844,50.18025207519531,50.10292053222656,50.338985443115234,49.990745544433594,49.71223449707031,50.973106384277344,51.09769821166992,23.809524536132813,20,10,10,0,0,0,0,1.8774489164352417,8589934592,1073741824,5209292800,290652160
204,1771644400986,3504,3504,3504,3504,3504,3504,3504,3504,51.84770202636719,51.11460876464844,50.18025207519531,50.10292053222656,50.338985443115234,49.990745544433594,49.71223449707031,50.973106384277344,51.09769821166992,25,22.72727394104004,14.285715103149414,9.523809432983398,0,0,0,0,1.8774489164352417,8589934592,1073741824,5209161728,290652160
209,1771644401190,3504,3504,3504,3504,3504,3504,3504,3504,50.030521392822266,49.417701721191406,48.39624786376953,48.229393005371094,48.60725784301758,48.29936981201172,47.90571594238281,49.17535400390625,49.24502182006836,30.000001907348633,20,20,20,0,0,4.761904716491699,0,1.8774489164352417,8589934592,1073741824,5209292800,290652160
203,1771644401400,3504,3504,3504,3504,3504,3504,3504,3504,50.030521392822266,49.417701721191406,48.39624786376953,48.229393005371094,48.60725784301758,48.29936981201172,47.90571594238281,49.17535400390625,49.24502182006836,28.571430206298828,14.285715103149414,14.285715103149414,13.636363983154297,0,0,0,0,1.8774489164352417,8589934592,1073741824,5206048768,290652160
206,1771644401605,3504,3504,3504,3504,3504,3504,3504,3504,50.030521392822266,49.417701721191406,48.39624786376953,48.229393005371094,48.60725784301758,48.29936981201172,47.90571594238281,49.17535400390625,49.24502182006836,20,15.000000953674316,15.000000953674316,5.263157844543457,0,0,0,0,1.8774489164352417,8589934592,1073741824,5205557248,290652160
202,1771644401811,3504,3504,3504,3504,3504,3504,3504,3504,50.030521392822266,49.417701721191406,48.39624786376953,48.229393005371094,48.60725784301758,48.29936981201172,47.90571594238281,49.17535400390625,49.24502182006836,28.571430206298828,19.047618865966797,14.285715103149414,14.285715103149414,0,0,0,0,2.387972116470337,8589934592,1073741824,5201608704,290652160
204,1771644402015,3504,3504,3504,3504,3504,3504,3504,3504,50.030521392822266,49.417701721191406,48.39624786376953,48.229393005371094,48.60725784301758,48.29936981201172,47.90571594238281,49.17535400390625,49.24502182006836,33.333335876464844,15.000000953674316,19.047618865966797,15.000000953674316,0,0,0,0,2.387972116470337,8589934592,1073741824,5201625088,290652160
208,1771644402219,3504,3504,3504,3504,3504,3504,3504,3504,48.79829406738281,48.248512268066406,47.04401397705078,46.93428039550781,47.201805114746094,47.09746551513672,46.636199951171875,47.84653091430664,47.97264099121094,25,15.000000953674316,15.000000953674316,5,0,0,0,0,2.387972116470337,8589934592,1073741824,5201625088,290652160
209,1771644402428,3504,3504,3504,3504,3504,3504,3504,3504,48.79829406738281,48.248512268066406,47.04401397705078,46.93428039550781,47.201805114746094,47.09746551513672,46.636199951171875,47.84653091430664,47.97264099121094,15.000000953674316,14.285715103149414,15.000000953674316,9.523809432983398,0,0,0,0,2.387972116470337,8589934592,1073741824,5201657856,290652160
201,1771644402638,3504,3504,3504,3504,3504,3504,3504,3504,48.79829406738281,48.248512268066406,47.04401397705078,46.93428039550781,47.201805114746094,47.09746551513672,46.636199951171875,47.84653091430664,47.97264099121094,19.047618865966797,14.285715103149414,22.72727394104004,18.18181800842285,0,0,0,0,2.387972116470337,8589934592,1073741824,5200756736,290652160
209,1771644402840,3504,3504,3504,3504,3504,3504,3504,3504,48.79829406738281,48.248512268066406,47.04401397705078,46.93428039550781,47.201805114746094,47.09746551513672,46.636199951171875,47.84653091430664,47.97264099121094,40,45,30.000001907348633,25,23.809524536132813,30.000001907348633,25,19.047618865966797,2.5292530059814453,8589934592,1073741824,5182242816,290652160
205,1771644403049,3504,3504,3504,3504,3504,3504,3504,3504,48.79829406738281,48.248512268066406,47.04401397705078,46.93428039550781,47.201805114746094,47.09746551513672,46.636199951171875,47.84653091430664,47.97264099121094,71.42857360839844,76.19047546386719,70,70,81.81818389892578,85.71428680419922,75,80.95238494873047,2.5292530059814453,8589934592,1073741824,5234114560,290652160
209,1771644403255,3504,3504,3504,3504,3504,3504,3504,3504,55.02337646484375,53.98574447631836,52.857826232910156,53.13481140136719,48.79253005981445,53.087158203125,52.831787109375,53.66789627075195,54.340885162353516,70,70,70,70,84.21052551269531,85,90.90909576416016,80,2.5292530059814453,8589934592,1073741824,5246205952,290652160
212,1771644403465,3504,3504,3504,3504,3504,3504,3504,3504,55.02337646484375,53.98574447631836,52.857826232910156,53.13481140136719,48.79253005981445,53.087158203125,52.831787109375,53.66789627075195,54.340885162353516,68.18181610107422,70,66.66667175292969,68.18181610107422,85.71428680419922,85.71428680419922,80,90,2.5292530059814453,8589934592,1073741824,5243371520,290652160
209,1771644403678,3504,3504,3504,3504,3504,3504,3504,3504,55.02337646484375,53.98574447631836,52.857826232910156,53.13481140136719,48.79253005981445,53.087158203125,52.831787109375,53.66789627075195,54.340885162353516,75,68.18181610107422,68.18181610107422,66.66667175292969,95.23809814453125,80.95238494873047,80.95238494873047,80.95238494873047,1.9026507139205933,8589934592,1073741824,5230821376,290652160
209,1771644403888,3504,3504,3504,3504,3504,3504,3504,3504,55.02337646484375,53.98574447631836,52.857826232910156,53.13481140136719,48.79253005981445,53.087158203125,52.831787109375,53.66789627075195,54.340885162353516,72.7272720336914,71.42857360839844,70,71.42857360839844,85.71428680419922,85.71428680419922,85.71428680419922,81.81818389892578,1.9026507139205933,8589934592,1073741824,5243355136,290652160
203,1771644404098,3504,3504,3504,3504,3504,3504,3504,3504,55.02337646484375,53.98574447631836,52.857826232910156,53.13481140136719,48.79253005981445,53.087158203125,52.831787109375,53.66789627075195,54.340885162353516,71.42857360839844,66.66667175292969,66.66667175292969,61.904762268066406,81.81818389892578,85.71428680419922,77.2727279663086,85.71428680419922,1.9026507139205933,8589934592,1073741824,5279399936,290652160
203,1771644404301,3504,3504,3504,3504,3504,3504,3504,3504,75.38863372802734,73.8583755493164,72.98102569580078,73.59323120117188,59.52629852294922,72.42321014404297,72.79085540771484,72.70635986328125,74.99593353271484,73.68421173095703,70,68.18181610107422,71.42857360839844,95,85.71428680419922,85,85,1.9026507139205933,8589934592,1073741824,5257248768,290652160
206,1771644404504,3504,3504,3504,3504,3504,3504,3504,3504,75.38863372802734,73.8583755493164,72.98102569580078,73.59323120117188,59.52629852294922,72.42321014404297,72.79085540771484,72.70635986328125,74.99593353271484,77.2727279663086,70,68.42105102539063,68.42105102539063,85.71428680419922,95,80,85,1.9026507139205933,8589934592,1073741824,5269880832,290652160
209,1771644404710,3504,3504,3504,3504,3504,3504,3504,3504,75.38863372802734,73.8583755493164,72.98102569580078,73.59323120117188,59.52629852294922,72.42321014404297,72.79085540771484,72.70635986328125,74.99593353271484,85,80,80.95238494873047,77.2727279663086,94.73684692382813,90.47618865966797,90.47618865966797,90.47618865966797,8.183488845825195,8589934592,1073741824,5207080960,290652160
200,1771644404921,3504,3504,3504,3504,3504,3504,3504,3504,75.38863372802734,73.8583755493164,72.98102569580078,73.59323120117188,59.52629852294922,72.42321014404297,72.79085540771484,72.70635986328125,74.99593353271484,70,68.18181610107422,71.42857360839844,73.68421173095703,81.81818389892578,80.95238494873047,90,85.71428680419922,8.183488845825195,8589934592,1073741824,5270110208,290652160
209,1771644405121,3504,3504,3504,3504,3504,3504,3504,3504,75.38863372802734,73.8583755493164,72.98102569580078,73.59323120117188,59.52629852294922,72.42321014404297,72.79085540771484,72.70635986328125,74.99593353271484,75,75,71.42857360839844,76.19047546386719,85,90,95,80,8.183488845825195,8589934592,1073741824,5235179520,290652160
206,1771644405331,3504,3504,3504,3504,3504,3504,3504,3504,80.08610534667969,78.1353988647461,77.13496398925781,77.9463119506836,63.41323471069336,77.09717559814453,77.21073150634766,77.8045425415039,79.6083984375,76.19047546386719,75,73.68421173095703,71.42857360839844,90.47618865966797,90,90.47618865966797,85.71428680419922,8.183488845825195,8589934592,1073741824,5300289536,290652160
202,1771644405538,3504,3504,3504,3504,3504,3504,3504,3504,80.08610534667969,78.1353988647461,77.13496398925781,77.9463119506836,63.41323471069336,77.09717559814453,77.21073150634766,77.8045425415039,79.6083984375,76.19047546386719,71.42857360839844,72.7272720336914,76.19047546386719,90,85.71428680419922,85.71428680419922,85.71428680419922,8.183488845825195,8589934592,1073741824,5276893184,290652160
209,1771644405740,3504,3504,3504,3504,3504,3504,3504,3504,80.08610534667969,78.1353988647461,77.13496398925781,77.9463119506836,63.41323471069336,77.09717559814453,77.21073150634766,77.8045425415039,79.6083984375,75,66.66667175292969,68.42105102539063,65,85.71428680419922,80.95238494873047,90,80,18.62643814086914,8589934592,1073741824,5220007936,290652160
209,1771644405951,3504,3504,3504,3504,3504,3504,3504,3504,80.08610534667969,78.1353988647461,77.13496398925781,77.9463119506836,63.41323471069336,77.09717559814453,77.21073150634766,77.8045425415039,79.6083984375,71.42857360839844,76.19047546386719,72.7272720336914,76.19047546386719,90,85.71428680419922,90.47618865966797,85.71428680419922,18.62643814086914,8589934592,1073741824,5245108224,290652160
206,1771644406160,3504,3504,3504,3504,3504,3504,3504,3504,80.08610534667969,78.1353988647461,77.13496398925781,77.9463119506836,63.41323471069336,77.09717559814453,77.21073150634766,77.8045425415039,79.6083984375,76.19047546386719,70,70,71.42857360839844,86.36363983154297,90,90.47618865966797,85.71428680419922,18.62643814086914,8589934592,1073741824,5227413504,290652160
203,1771644406367,3504,3504,3504,3504,3504,3504,3504,3504,82.20165252685547,80.4725570678711,79.720703125,80.36187744140625,65.6488037109375,79.63754272460938,79.68631744384766,80.26041412353516,81.89282989501953,66.66667175292969,68.18181610107422,66.66667175292969,65,84.21052551269531,85.71428680419922,85.71428680419922,80,18.62643814086914,8589934592,1073741824,5280301056,290652160
206,1771644406571,3504,3504,3504,3504,3504,3504,3504,3504,82.20165252685547,80.4725570678711,79.720703125,80.36187744140625,65.6488037109375,79.63754272460938,79.68631744384766,80.26041412353516,81.89282989501953,75,70,70,71.42857360839844,85.71428680419922,90.47618865966797,85,85.71428680419922,18.62643814086914,8589934592,1073741824,5243781120,290652160
209,1771644406778,3504,3504,3504,3504,3504,3504,3504,3504,82.20165252685547,80.4725570678711,79.720703125,80.36187744140625,65.6488037109375,79.63754272460938,79.68631744384766,80.26041412353516,81.89282989501953,80.95238494873047,71.42857360839844,71.42857360839844,70,85.71428680419922,85,85.71428680419922,85.71428680419922,19.881269454956055,8589934592,1073741824,5255249920,290652160
214,1771644406988,3504,3504,3504,3504,3504,3504,3504,3504,82.20165252685547,80.4725570678711,79.720703125,80.36187744140625,65.6488037109375,79.63754272460938,79.68631744384766,80.26041412353516,81.89282989501953,71.42857360839844,70,66.66667175292969,68.18181610107422,86.36363983154297,90.90909576416016,81.81818389892578,80,19.881269454956055,8589934592,1073741824,5246287872,290652160
205,1771644407202,3504,3504,3504,3504,3504,3504,3504,3504,84.04778289794922,81.79126739501953,81.2254638671875,82.11515045166016,67.04109191894531,80.77448272705078,80.96025085449219,81.29884338378906,83.28910827636719,76.19047546386719,72.7272720336914,72.7272720336914,70,85,90.47618865966797,90,86.36363983154297,19.881269454956055,8589934592,1073741824,5246861312,290652160
206,1771644407408,3504,3504,3504,3504,3504,3504,3504,3504,84.04778289794922,81.79126739501953,81.2254638671875,82.11515045166016,67.04109191894531,80.77448272705078,80.96025085449219,81.29884338378906,83.28910827636719,75,70,75,71.42857360839844,85.71428680419922,90,80.95238494873047,80.95238494873047,19.881269454956055,8589934592,1073741824,5226053632,290652160
209,1771644407615,3504,3504,3504,3504,3504,3504,3504,3504,84.04778289794922,81.79126739501953,81.2254638671875,82.11515045166016,67.04109191894531,80.77448272705078,80.96025085449219,81.29884338378906,83.28910827636719,68.18181610107422,71.42857360839844,66.66667175292969,68.18181610107422,85.71428680419922,90.90909576416016,85.71428680419922,80,19.881269454956055,8589934592,1073741824,5225037824,290652160
209,1771644407825,3504,3504,3504,3504,3504,3504,3504,3504,84.04778289794922,81.79126739501953,81.2254638671875,82.11515045166016,67.04109191894531,80.77448272705078,80.96025085449219,81.29884338378906,83.28910827636719,70,66.66667175292969,68.42105102539063,70,90.47618865966797,85.71428680419922,80,80.95238494873047,19.62126350402832,8589934592,1073741824,5238587392,290652160
209,1771644408035,3504,3504,3504,3504,3504,3504,3504,3504,84.04778289794922,81.79126739501953,81.2254638671875,82.11515045166016,67.04109191894531,80.77448272705078,80.96025085449219,81.29884338378906,83.28910827636719,33.333335876464844,30.000001907348633,40.90909194946289,23.809524536132813,38.095237731933594,30.000001907348633,36.3636360168457,33.333335876464844,19.62126350402832,8589934592,1073741824,5213618176,290652160
208,1771644408245,3504,3504,3504,3504,3504,3504,3504,3504,79.23603057861328,77.83938598632813,76.90866088867188,77.26173400878906,66.35366821289063,76.06391906738281,76.12123107910156,76.60673522949219,78.31478118896484,10,9.523809432983398,22.72727394104004,9.090909004211426,4.761904716491699,0,0,0,19.62126350402832,8589934592,1073741824,5213618176,290652160
201,1771644408455,3504,3504,3504,3504,3504,3504,3504,3504,79.23603057861328,77.83938598632813,76.90866088867188,77.26173400878906,66.35366821289063,76.06391906738281,76.12123107910156,76.60673522949219,78.31478118896484,18.18181800842285,13.636363983154297,23.809524536132813,5.263157844543457,0,0,0,0,19.62126350402832,8589934592,1073741824,5213618176,290652160
204,1771644408656,3504,3504,3504,3504,3504,3504,3504,3504,79.23603057861328,77.83938598632813,76.90866088867188,77.26173400878906,66.35366821289063,76.06391906738281,76.12123107910156,76.60673522949219,78.31478118896484,20,15.000000953674316,25,9.523809432983398,0,0,0,0,19.62126350402832,8589934592,1073741824,5213618176,290652160
202,1771644408861,3504,3504,3504,3504,3504,3504,3504,3504,79.23603057861328,77.83938598632813,76.90866088867188,77.26173400878906,66.35366821289063,76.06391906738281,76.12123107910156,76.60673522949219,78.31478118896484,20,15.789472579956055,23.809524536132813,19.047618865966797,0,0,0,0,19.821836471557617,8589934592,1073741824,5210570752,290652160
209,1771644409064,3504,3504,3504,3504,3504,3504,3504,3504,79.23603057861328,77.83938598632813,76.90866088867188,77.26173400878906,66.35366821289063,76.06391906738281,76.12123107910156,76.60673522949219,78.31478118896484,30.000001907348633,42.85714340209961,21.052631378173828,31.57894515991211,0,0,0,0,19.821836471557617,8589934592,1073741824,5212667904,290652160
201,1771644409274,3504,3504,3504,3504,3504,3504,3504,3504,56.411312103271484,56.051780700683594,54.888328552246094,54.67521667480469,54.88447570800781,54.72398376464844,54.312294006347656,55.54045104980469,55.77831268310547,33.333335876464844,33.333335876464844,28.571430206298828,28.571430206298828,0,0,0,0,19.821836471557617,8589934592,1073741824,5212192768,290652160
201,1771644409476,3504,3504,3504,3504,3504,3504,3504,3504,56.411312103271484,56.051780700683594,54.888328552246094,54.67521667480469,54.88447570800781,54.72398376464844,54.312294006347656,55.54045104980469,55.77831268310547,26.3157901763916,15.000000953674316,10,5,0,4.761904716491699,0,0,19.821836471557617,8589934592,1073741824,5212209152,290652160
209,1771644409678,3504,3504,3504,3504,3504,3504,3504,3504,56.411312103271484,56.051780700683594,54.888328552246094,54.67521667480469,54.88447570800781,54.72398376464844,54.312294006347656,55.54045104980469,55.77831268310547,27.272727966308594,14.285715103149414,10,14.285715103149414,0,0,0,0,18.385068893432617,8589934592,1073741824,5212192768,290652160
205,1771644409888,3504,3504,3504,3504,3504,3504,3504,3504,56.411312103271484,56.051780700683594,54.888328552246094,54.67521667480469,54.88447570800781,54.72398376464844,54.312294006347656,55.54045104980469,55.77831268310547,23.809524536132813,10,9.523809432983398,4.761904716491699,0,0,0,0,18.385068893432617,8589934592,1073741824,5212192768,290652160
209,1771644410094,3504,3504,3504,3504,3504,3504,3504,3504,56.411312103271484,56.051780700683594,54.888328552246094,54.67521667480469,54.88447570800781,54.72398376464844,54.312294006347656,55.54045104980469,55.77831268310547,20,10,14.285715103149414,15.000000953674316,0,0,0,0,18.385068893432617,8589934592,1073741824,5211848704,290652160
202,1771644410304,3504,3504,3504,3504,3504,3504,3504,3504,52.64656066894531,51.95782470703125,51.05279541015625,50.85626220703125,51.160926818847656,50.84185028076172,50.55891418457031,51.77226638793945,51.95664978027344,20,22.72727394104004,9.523809432983398,9.523809432983398,0,0,0,0,18.385068893432617,8589934592,1073741824,5211848704,290652160
209,1771644410507,3504,3504,3504,3504,3504,3504,3504,3504,52.64656066894531,51.95782470703125,51.05279541015625,50.85626220703125,51.160926818847656,50.84185028076172,50.55891418457031,51.77226638793945,51.95664978027344,19.047618865966797,21.052631378173828,5.263157844543457,5,5,0,5,4.761904716491699,18.385068893432617,8589934592,1073741824,5211865088,290652160
203,1771644410717,3504,3504,3504,3504,3504,3504,3504,3504,52.64656066894531,51.95782470703125,51.05279541015625,50.85626220703125,51.160926818847656,50.84185028076172,50.55891418457031,51.77226638793945,51.95664978027344,10,18.18181800842285,14.285715103149414,9.523809432983398,0,0,0,0,2.1483819484710693,8589934592,1073741824,5211783168,290652160
203,1771644410921,3504,3504,3504,3504,3504,3504,3504,3504,52.64656066894531,51.95782470703125,51.05279541015625,50.85626220703125,51.160926818847656,50.84185028076172,50.55891418457031,51.77226638793945,51.95664978027344,14.285715103149414,15.789472579956055,19.047618865966797,5,0,0,0,0,2.1483819484710693,8589934592,1073741824,5211783168,290652160
201,1771644411125,3504,3504,3504,3504,3504,3504,3504,3504,52.64656066894531,51.95782470703125,51.05279541015625,50.85626220703125,51.160926818847656,50.84185028076172,50.55891418457031,51.77226638793945,51.95664978027344,15.000000953674316,23.809524536132813,20,9.523809432983398,0,0,0,0,2.1483819484710693,8589934592,1073741824,5211799552,290652160
209,1771644411328,3504,3504,3504,3504,3504,3504,3504,3504,50.731990814208984,49.916751861572266,49.10478210449219,48.881446838378906,49.28782272338867,48.96208190917969,48.693077087402344,49.89141845703125,50.0213737487793,15.000000953674316,10,25,5,0,0,0,0,2.1483819484710693,8589934592,1073741824,5211799552,290652160
209,1771644411538,3504,3504,3504,3504,3504,3504,3504,3504,50.731990814208984,49.916751861572266,49.10478210449219,48.881446838378906,49.28782272338867,48.96208190917969,48.693077087402344,49.89141845703125,50.0213737487793,14.285715103149414,13.636363983154297,20,5,0,0,0,0,2.1483819484710693,8589934592,1073741824,5211881472,290652160
209,1771644411748,3504,3504,3504,3504,3504,3504,3504,3504,50.731990814208984,49.916751861572266,49.10478210449219,48.881446838378906,49.28782272338867,48.96208190917969,48.693077087402344,49.89141845703125,50.0213737487793,19.047618865966797,10,22.72727394104004,13.636363983154297,0,0,0,0,2.5514981746673584,8589934592,1073741824,5211881472,290652160
209,1771644411958,3504,3504,3504,3504,3504,3504,3504,3504,50.731990814208984,49.916751861572266,49.10478210449219,48.881446838378906,49.28782272338867,48.96208190917969,48.693077087402344,49.89141845703125,50.0213737487793,23.809524536132813,10,15.000000953674316,9.523809432983398,0,0,0,0,2.5514981746673584,8589934592,1073741824,5210849280,290652160
203,1771644412168,3504,3504,3504,3504,3504,3504,3504,3504,50.731990814208984,49.916751861572266,49.10478210449219,48.881446838378906,49.28782272338867,48.96208190917969,48.693077087402344,49.89141845703125,50.0213737487793,28.571430206298828,31.81818199157715,23.809524536132813,15.000000953674316,4.761904716491699,9.090909004211426,0,4.761904716491699,2.5514981746673584,8589934592,1073741824,5206278144,290652160
204,1771644412371,3504,3504,3504,3504,3504,3504,3504,3504,49.37818145751953,48.81632614135742,47.79705047607422,47.51555633544922,47.88764190673828,47.694793701171875,47.35345458984375,48.5623893737793,48.678672790527344,25,20,14.285715103149414,19.047618865966797,5,0,4.761904716491699,0,2.5514981746673584,8589934592,1073741824,5197348864,290652160
209,1771644412577,3504,3504,3504,3504,3504,3504,3504,3504,49.37818145751953,48.81632614135742,47.79705047607422,47.51555633544922,47.88764190673828,47.694793701171875,47.35345458984375,48.5623893737793,48.678672790527344,15.000000953674316,23.809524536132813,10,5,0,0,0,0,2.5514981746673584,8589934592,1073741824,5197348864,290652160
201,1771644412787,3504,3504,3504,3504,3504,3504,3504,3504,49.37818145751953,48.81632614135742,47.79705047607422,47.51555633544922,47.88764190673828,47.694793701171875,47.35345458984375,48.5623893737793,48.678672790527344,19.047618865966797,23.809524536132813,14.285715103149414,9.523809432983398,0,0,0,0,1.9368581771850586,8589934592,1073741824,5197037568,290652160
209,1771644412988,3504,3504,3504,3504,3504,3504,3504,3504,49.37818145751953,48.81632614135742,47.79705047607422,47.51555633544922,47.88764190673828,47.694793701171875,47.35345458984375,48.5623893737793,48.678672790527344,40,45,38.095237731933594,40,38.095237731933594,47.619049072265625,40,31.57894515991211,1.9368581771850586,8589934592,1073741824,5201854464,290652160
206,1771644413198,3504,3504,3504,3504,3504,3504,3504,3504,53.42192077636719,52.470420837402344,51.384857177734375,51.43584442138672,48.42579650878906,51.37492370605469,51.000389099121094,52.106529235839844,52.471946716308594,66.66667175292969,65,65,66.66667175292969,85,85,81.81818389892578,81.81818389892578,1.9368581771850586,8589934592,1073741824,5255610368,290652160
209,1771644413404,3504,3504,3504,3504,3504,3504,3504,3504,53.42192077636719,52.470420837402344,51.384857177734375,51.43584442138672,48.42579650878906,51.37492370605469,51.000389099121094,52.106529235839844,52.471946716308594,76.19047546386719,75,71.42857360839844,71.42857360839844,90.47618865966797,90,84.21052551269531,85,1.9368581771850586,8589934592,1073741824,5238374400,290652160
206,1771644413614,3504,3504,3504,3504,3504,3504,3504,3504,53.42192077636719,52.470420837402344,51.384857177734375,51.43584442138672,48.42579650878906,51.37492370605469,51.000389099121094,52.106529235839844,52.471946716308594,65,68.18181610107422,66.66667175292969,66.66667175292969,85,86.36363983154297,80.95238494873047,77.2727279663086,1.9368581771850586,8589934592,1073741824,5240193024,290652160
211,1771644413821,3504,3504,3504,3504,3504,3504,3504,3504,53.42192077636719,52.470420837402344,51.384857177734375,51.43584442138672,48.42579650878906,51.37492370605469,51.000389099121094,52.106529235839844,52.471946716308594,76.19047546386719,65,65,65,80.95238494873047,85.71428680419922,77.2727279663086,84.21052551269531,2.3168859481811523,8589934592,1073741824,5243617280,290652160
207,1771644414032,3504,3504,3504,3504,3504,3504,3504,3504,53.42192077636719,52.470420837402344,51.384857177734375,51.43584442138672,48.42579650878906,51.37492370605469,51.000389099121094,52.106529235839844,52.471946716308594,71.42857360839844,71.42857360839844,63.6363639831543,68.18181610107422,81.81818389892578,80.95238494873047,90.47618865966797,82.60869598388672,2.3168859481811523,8589934592,1073741824,5225250816,290652160
209,1771644414240,3504,3504,3504,3504,3504,3504,3504,3504,75.33704376220703,73.41585540771484,72.67178344726563,73.41999816894531,59.469276428222656,72.51576232910156,72.85531616210938,72.82655334472656,75.07015228271484,70,71.42857360839844,71.42857360839844,70,90,80,80,90,2.3168859481811523,8589934592,1073741824,5210619904,290652160
204,1771644414450,3504,3504,3504,3504,3504,3504,3504,3504,75.33704376220703,73.41585540771484,72.67178344726563,73.41999816894531,59.469276428222656,72.51576232910156,72.85531616210938,72.82655334472656,75.07015228271484,77.2727279663086,66.66667175292969,68.42105102539063,66.66667175292969,85.71428680419922,85.71428680419922,81.81818389892578,80,2.3168859481811523,8589934592,1073741824,5210570752,290652160
209,1771644414654,3504,3504,3504,3504,3504,3504,3504,3504,75.33704376220703,73.41585540771484,72.67178344726563,73.41999816894531,59.469276428222656,72.51576232910156,72.85531616210938,72.82655334472656,75.07015228271484,66.66667175292969,70,68.18181610107422,70,95,81.81818389892578,84.21052551269531,85.71428680419922,2.3168859481811523,8589934592,1073741824,5222416384,290652160
206,1771644414864,3504,3504,3504,3504,3504,3504,3504,3504,75.33704376220703,73.41585540771484,72.67178344726563,73.41999816894531,59.469276428222656,72.51576232910156,72.85531616210938,72.82655334472656,75.07015228271484,65,63.6363639831543,70,61.904762268066406,81.81818389892578,85,85.71428680419922,90.47618865966797,4.509212970733643,8589934592,1073741824,5259395072,290652160
209,1771644415071,3504,3504,3504,3504,3504,3504,3504,3504,75.33704376220703,73.41585540771484,72.67178344726563,73.41999816894531,59.469276428222656,72.51576232910156,72.85531616210938,72.82655334472656,75.07015228271484,75,70,71.42857360839844,71.42857360839844,90,80.95238494873047,80.95238494873047,85.71428680419922,4.509212970733643,8589934592,1073741824,5265145856,290652160
204,1771644415281,3504,3504,3504,3504,3504,3504,3504,3504,79.27994537353516,78.02993774414063,77.1453857421875,77.51795196533203,63.42771530151367,76.9305419921875,77.215576171875,77.37652587890625,79.62470245361328,72.7272720336914,75,66.66667175292969,71.42857360839844,85.71428680419922,85,90.47618865966797,85.71428680419922,4.509212970733643,8589934592,1073741824,5232492544,290652160
215,1771644415486,3504,3504,3504,3504,3504,3504,3504,3504,79.27994537353516,78.02993774414063,77.1453857421875,77.51795196533203,63.42771530151367,76.9305419921875,77.215576171875,77.37652587890625,79.62470245361328,70,66.66667175292969,75,65,85.71428680419922,86.36363983154297,80.95238494873047,80,4.509212970733643,8589934592,1073741824,5232492544,290652160
209,1771644415701,3504,3504,3504,3504,3504,3504,3504,3504,79.27994537353516,78.02993774414063,77.1453857421875,77.51795196533203,63.42771530151367,76.9305419921875,77.215576171875,77.37652587890625,79.62470245361328,66.66667175292969,66.66667175292969,68.18181610107422,68.18181610107422,90.47618865966797,85,81.81818389892578,85.71428680419922,18.62094497680664,8589934592,1073741824,5232492544,290652160
209,1771644415911,3504,3504,3504,3504,3504,3504,3504,3504,79.27994537353516,78.02993774414063,77.1453857421875,77.51795196533203,63.42771530151367,76.9305419921875,77.215576171875,77.37652587890625,79.62470245361328,71.42857360839844,66.66667175292969,71.42857360839844,66.66667175292969,90.47618865966797,81.81818389892578,80,80.95238494873047,18.62094497680664,8589934592,1073741824,5232492544,290652160
207,1771644416121,3504,3504,3504,3504,3504,3504,3504,3504,79.27994537353516,78.02993774414063,77.1453857421875,77.51795196533203,63.42771530151367,76.9305419921875,77.215576171875,77.37652587890625,79.62470245361328,71.42857360839844,71.42857360839844,66.66667175292969,71.42857360839844,90.47618865966797,90,85.71428680419922,81.81818389892578,18.62094497680664,8589934592,1073741824,5210816512,290652160
209,1771644416328,3504,3504,3504,3504,3504,3504,3504,3504,82.12847900390625,80.70832824707031,79.92578125,80.36827850341797,65.57735443115234,78.70674133300781,79.03385162353516,79.1336441040039,81.39384460449219,70,66.66667175292969,71.42857360839844,66.66667175292969,85.71428680419922,86.36363983154297,80,85.71428680419922,18.62094497680664,8589934592,1073741824,5225283584,290652160
209,1771644416538,3504,3504,3504,3504,3504,3504,3504,3504,82.12847900390625,80.70832824707031,79.92578125,80.36827850341797,65.57735443115234,78.70674133300781,79.03385162353516,79.1336441040039,81.39384460449219,77.2727279663086,66.66667175292969,65,71.42857360839844,85.71428680419922,90,85.71428680419922,80.95238494873047,18.62094497680664,8589934592,1073741824,5238767616,290652160
206,1771644416748,3504,3504,3504,3504,3504,3504,3504,3504,82.12847900390625,80.70832824707031,79.92578125,80.36827850341797,65.57735443115234,78.70674133300781,79.03385162353516,79.1336441040039,81.39384460449219,71.42857360839844,71.42857360839844,66.66667175292969,65,85.71428680419922,80.95238494873047,86.36363983154297,85.71428680419922,19.58153533935547,8589934592,1073741824,5243142144,290652160
205,1771644416954,3504,3504,3504,3504,3504,3504,3504,3504,82.12847900390625,80.70832824707031,79.92578125,80.36827850341797,65.57735443115234,78.70674133300781,79.03385162353516,79.1336441040039,81.39384460449219,71.42857360839844,65,66.66667175292969,61.904762268066406,90,85,80.95238494873047,76.19047546386719,19.58153533935547,8589934592,1073741824,5212733440,290652160
209,1771644417160,3504,3504,3504,3504,3504,3504,3504,3504,82.12847900390625,80.70832824707031,79.92578125,80.36827850341797,65.57735443115234,78.70674133300781,79.03385162353516,79.1336441040039,81.39384460449219,70,66.66667175292969,66.66667175292969,70,80.95238494873047,90.90909576416016,85,85,19.58153533935547,8589934592,1073741824,5224022016,290652160
209,1771644417370,3504,3504,3504,3504,3504,3504,3504,3504,83.7724838256836,81.76364135742188,81.14556121826172,81.94619750976563,67.05520629882813,80.47686004638672,80.81340789794922,80.97750091552734,83.10893249511719,75,76.19047546386719,71.42857360839844,76.19047546386719,90.47618865966797,89.47368621826172,85,85,19.58153533935547,8589934592,1073741824,5210882048,290652160
207,1771644417580,3504,3504,3504,3504,3504,3504,3504,3504,83.7724838256836,81.76364135742188,81.14556121826172,81.94619750976563,67.05520629882813,80.47686004638672,80.81340789794922,80.97750091552734,83.10893249511719,76.19047546386719,71.42857360839844,71.42857360839844,80.95238494873047,85.71428680419922,86.36363983154297,85.71428680419922,90.47618865966797,19.58153533935547,8589934592,1073741824,5220581376,290652160
209,1771644417788,3504,3504,3504,3504,3504,3504,3504,3504,83.7724838256836,81.76364135742188,81.14556121826172,81.94619750976563,67.05520629882813,80.47686004638672,80.81340789794922,80.97750091552734,83.10893249511719,68.18181610107422,70,70,66.66667175292969,85.71428680419922,90.47618865966797,85.71428680419922,81.81818389892578,19.679576873779297,8589934592,1073741824,5211586560,290652160
206,1771644417998,3504,3504,3504,3504,3504,3504,3504,3504,83.7724838256836,81.76364135742188,81.14556121826172,81.94619750976563,67.05520629882813,80.47686004638672,80.81340789794922,80.97750091552734,83.10893249511719,70,68.18181610107422,66.66667175292969,68.18181610107422,85,80.95238494873047,86.36363983154297,80,19.679576873779297,8589934592,1073741824,5217468416,290652160
209,1771644418204,3504,3504,3504,3504,3504,3504,3504,3504,83.32644653320313,81.40001678466797,80.68016815185547,81.45068359375,68.02717590332031,80.5383071899414,80.52224731445313,81.11141967773438,82.85360717773438,42.85714340209961,35,30.000001907348633,25,36.3636360168457,35,40,38.095237731933594,19.679576873779297,8589934592,1073741824,5218533376,290652160
204,1771644418415,3504,3504,3504,3504,3504,3504,3504,3504,83.32644653320313,81.40001678466797,80.68016815185547,81.45068359375,68.02717590332031,80.5383071899414,80.52224731445313,81.11141967773438,82.85360717773438,19.047618865966797,14.285715103149414,9.523809432983398,5,0,0,0,0,19.679576873779297,8589934592,1073741824,5212520448,290652160
209,1771644418619,3504,3504,3504,3504,3504,3504,3504,3504,83.32644653320313,81.40001678466797,80.68016815185547,81.45068359375,68.02717590332031,80.5383071899414,80.52224731445313,81.11141967773438,82.85360717773438,20,19.047618865966797,9.523809432983398,9.523809432983398,0,0,0,0,19.679576873779297,8589934592,1073741824,5212110848,290652160
209,1771644418829,3504,3504,3504,3504,3504,3504,3504,3504,83.32644653320313,81.40001678466797,80.68016815185547,81.45068359375,68.02717590332031,80.5383071899414,80.52224731445313,81.11141967773438,82.85360717773438,20,25,10,9.523809432983398,4.761904716491699,0,0,0,19.45527458190918,8589934592,1073741824,5209161728,290652160
205,1771644419039,3504,3504,3504,3504,3504,3504,3504,3504,83.32644653320313,81.40001678466797,80.68016815185547,81.45068359375,68.02717590332031,80.5383071899414,80.52224731445313,81.11141967773438,82.85360717773438,34.78260803222656,42.85714340209961,50,38.095237731933594,0,0,0,0,19.45527458190918,8589934592,1073741824,5209833472,290652160
209,1771644419245,3504,3504,3504,3504,3504,3504,3504,3504,58.29655075073242,57.96271896362305,56.77179718017578,56.59063720703125,56.71000671386719,56.567596435546875,56.212562561035156,57.47821807861328,57.73701477050781,20,23.809524536132813,15.000000953674316,5,0,4.545454502105713,0,0,19.45527458190918,8589934592,1073741824,5208637440,290652160
207,1771644419455,3504,3504,3504,3504,3504,3504,3504,3504,58.29655075073242,57.96271896362305,56.77179718017578,56.59063720703125,56.71000671386719,56.567596435546875,56.212562561035156,57.47821807861328,57.73701477050781,9.523809432983398,25,9.523809432983398,9.523809432983398,0,0,4.545454502105713,0,19.45527458190918,8589934592,1073741824,5199822848,290652160
201,1771644419663,3504,3504,3504,3504,3504,3504,3504,3504,58.29655075073242,57.96271896362305,56.77179718017578,56.59063720703125,56.71000671386719,56.567596435546875,56.212562561035156,57.47821807861328,57.73701477050781,14.285715103149414,23.809524536132813,14.285715103149414,9.523809432983398,0,0,0,0,19.45527458190918,8589934592,1073741824,5199822848,290652160
206,1771644419865,3504,3504,3504,3504,3504,3504,3504,3504,58.29655075073242,57.96271896362305,56.77179718017578,56.59063720703125,56.71000671386719,56.567596435546875,56.212562561035156,57.47821807861328,57.73701477050781,15.789472579956055,30.000001907348633,14.285715103149414,14.285715103149414,0,0,0,0,19.234481811523438,8589934592,1073741824,5199822848,290652160
199,1771644420071,3504,3504,3504,3504,3504,3504,3504,3504,58.29655075073242,57.96271896362305,56.77179718017578,56.59063720703125,56.71000671386719,56.567596435546875,56.212562561035156,57.47821807861328,57.73701477050781,19.047618865966797,33.333335876464844,15.000000953674316,10,0,0,0,0,19.234481811523438,8589934592,1073741824,5199822848,290652160
209,1771644420272,3504,3504,3504,3504,3504,3504,3504,3504,53.46283721923828,53.074398040771484,52.04023742675781,51.83650207519531,52.128849029541016,51.86033630371094,51.597023010253906,52.696475982666016,52.92348098754883,20,25,10.526315689086914,10.526315689086914,0,0,0,0,19.234481811523438,8589934592,1073741824,5205704704,290652160
203,1771644420482,3504,3504,3504,3504,3504,3504,3504,3504,53.46283721923828,53.074398040771484,52.04023742675781,51.83650207519531,52.128849029541016,51.86033630371094,51.597023010253906,52.696475982666016,52.92348098754883,14.285715103149414,15.000000953674316,9.523809432983398,18.18181800842285,0,0,0,0,19.234481811523438,8589934592,1073741824,5202542592,290652160
209,1771644420686,3504,3504,3504,3504,3504,3504,3504,3504,53.46283721923828,53.074398040771484,52.04023742675781,51.83650207519531,52.128849029541016,51.86033630371094,51.597023010253906,52.696475982666016,52.92348098754883,21.052631378173828,19.047618865966797,14.285715103149414,5.263157844543457,9.523809432983398,0,0,0,2.2303380966186523,8589934592,1073741824,5202542592,290652160
201,1771644420896,3504,3504,3504,3504,3504,3504,3504,3504,53.46283721923828,53.074398040771484,52.04023742675781,51.83650207519531,52.128849029541016,51.86033630371094,51.597023010253906,52.696475982666016,52.92348098754883,23.809524536132813,20,14.285715103149414,13.636363983154297,0,0,0,0,2.2303380966186523,8589934592,1073741824,5202542592,290652160
208,1771644421097,3504,3504,3504,3504,3504,3504,3504,3504,53.46283721923828,53.074398040771484,52.04023742675781,51.83650207519531,52.128849029541016,51.86033630371094,51.597023010253906,52.696475982666016,52.92348098754883,38.095237731933594,38.095237731933594,30.000001907348633,28.571430206298828,15.000000953674316,19.047618865966797,15.000000953674316,15.000000953674316,2.2303380966186523,8589934592,1073741824,5202542592,290652160
200,1771644421307,3504,3504,3504,3504,3504,3504,3504,3504,51.80654525756836,51.08218765258789,50.173072814941406,49.98316192626953,50.18806076049805,49.94037628173828,49.77704620361328,51.06901550292969,51.18638229370117,5,19.047618865966797,5,5,0,0,0,0,2.2303380966186523,8589934592,1073741824,5204099072,290652160
203,1771644421507,3504,3504,3504,3504,3504,3504,3504,3504,51.80654525756836,51.08218765258789,50.173072814941406,49.98316192626953,50.18806076049805,49.94037628173828,49.77704620361328,51.06901550292969,51.18638229370117,23.809524536132813,20,14.285715103149414,5.263157844543457,0,0,0,0,2.2303380966186523,8589934592,1073741824,5204099072,290652160
209,1771644421712,3504,3504,3504,3504,3504,3504,3504,3504,51.80654525756836,51.08218765258789,50.173072814941406,49.98316192626953,50.18806076049805,49.94037628173828,49.77704620361328,51.06901550292969,51.18638229370117,20,20,10,9.523809432983398,0,0,0,0,2.549132823944092,8589934592,1073741824,5203951616,290652160
203,1771644421922,3504,3504,3504,3504,3504,3504,3504,3504,51.80654525756836,51.08218765258789,50.173072814941406,49.98316192626953,50.18806076049805,49.94037628173828,49.77704620361328,51.06901550292969,51.18638229370117,19.047618865966797,25,14.285715103149414,9.523809432983398,0,0,0,0,2.549132823944092,8589934592,1073741824,5203968000,290652160
209,1771644422126,3504,3504,3504,3504,3504,3504,3504,3504,51.80654525756836,51.08218765258789,50.173072814941406,49.98316192626953,50.18806076049805,49.94037628173828,49.77704620361328,51.06901550292969,51.18638229370117,15.000000953674316,28.571430206298828,10,9.523809432983398,0,0,0,0,2.549132823944092,8589934592,1073741824,5200445440,290652160
201,1771644422336,3504,3504,3504,3504,3504,3504,3504,3504,50.250492095947266,49.58759689331055,48.692726135253906,48.454315185546875,48.90974044799805,48.660545349121094,48.332916259765625,49.550384521484375,49.65431594848633,19.047618865966797,23.809524536132813,14.285715103149414,5,0,0,0,0,2.549132823944092,8589934592,1073741824,5192679424,290652160
209,1771644422538,3504,3504,3504,3504,3504,3504,3504,3504,50.250492095947266,49.58759689331055,48.692726135253906,48.454315185546875,48.90974044799805,48.660545349121094,48.332916259765625,49.550384521484375,49.65431594848633,15.789472579956055,28.571430206298828,10,14.285715103149414,0,0,0,0,2.549132823944092,8589934592,1073741824,5189615616,290652160
206,1771644422748,3504,3504,3504,3504,3504,3504,3504,3504,50.250492095947266,49.58759689331055,48.692726135253906,48.454315185546875,48.90974044799805,48.660545349121094,48.332916259765625,49.550384521484375,49.65431594848633,18.18181800842285,25,14.285715103149414,5,0,0,0,0,2.6350131034851074,8589934592,1073741824,5189615616,290652160
213,1771644422955,3504,3504,3504,3504,3504,3504,3504,3504,50.250492095947266,49.58759689331055,48.692726135253906,48.454315185546875,48.90974044799805,48.660545349121094,48.332916259765625,49.550384521484375,49.65431594848633,20,28.571430206298828,15.000000953674316,13.636363983154297,0,0,0,0,2.6350131034851074,8589934592,1073741824,5189599232,290652160
209,1771644423169,3504,3504,3504,3504,3504,3504,3504,3504,50.250492095947266,49.58759689331055,48.692726135253906,48.454315185546875,48.239070892333984,49.83610534667969,49.611328125,50.69334030151367,50.924442291259766,52.38095474243164,52.38095474243164,59.09090805053711,55,66.66667175292969,66.66667175292969,66.66667175292969,57.142860412597656,2.6350131034851074,8589934592,1073741824,5189599232,290652160
211,1771644423379,3504,3504,3504,3504,3504,3504,3504,3504,51.47197723388672,50.88029479980469,49.84559631347656,49.68061065673828,48.239070892333984,49.83610534667969,49.611328125,50.69334030151367,50.924442291259766,76.19047546386719,71.42857360839844,66.66667175292969,66.66667175292969,90.90909576416016,85,85.71428680419922,86.36363983154297,2.6350131034851074,8589934592,1073741824,5225676800,290652160
209,1771644423590,3504,3504,3504,3504,3504,3504,3504,3504,51.47197723388672,50.88029479980469,49.84559631347656,49.68061065673828,48.239070892333984,49.83610534667969,49.611328125,50.69334030151367,50.924442291259766,72.7272720336914,70,71.42857360839844,72.7272720336914,85.71428680419922,81.81818389892578,85.71428680419922,80,2.6350131034851074,8589934592,1073741824,5227675648,290652160
204,1771644423800,3504,3504,3504,3504,3504,3504,3504,3504,51.47197723388672,50.88029479980469,49.84559631347656,49.68061065673828,48.239070892333984,49.83610534667969,49.611328125,50.69334030151367,50.924442291259766,71.42857360839844,71.42857360839844,70,71.42857360839844,85.71428680419922,90.47618865966797,85.71428680419922,80.95238494873047,2.0429370403289795,8589934592,1073741824,5216174080,290652160
204,1771644424004,3504,3504,3504,3504,3504,3504,3504,3504,51.47197723388672,50.88029479980469,49.84559631347656,49.68061065673828,48.239070892333984,49.83610534667969,49.611328125,50.69334030151367,50.924442291259766,75,71.42857360839844,71.42857360839844,70,85.71428680419922,80,90,85.71428680419922,2.0429370403289795,8589934592,1073741824,5216174080,290652160
201,1771644424209,3504,3504,3504,3504,3504,3504,3504,3504,75.30267333984375,73.66546630859375,72.87533569335938,73.50487518310547,59.48406982421875,72.7191390991211,72.76981353759766,73.19419860839844,74.77288818359375,75,71.42857360839844,70,65,84.21052551269531,90.47618865966797,85,80,2.0429370403289795,8589934592,1073741824,5216174080,290652160
208,1771644424410,3504,3504,3504,3504,3504,3504,3504,3504,75.30267333984375,73.66546630859375,72.87533569335938,73.50487518310547,59.48406982421875,72.7191390991211,72.76981353759766,73.19419860839844,74.77288818359375,68.42105102539063,70,66.66667175292969,70,90,84.21052551269531,85.71428680419922,85.71428680419922,2.0429370403289795,8589934592,1073741824,5233475584,290652160
203,1771644424619,3504,3504,3504,3504,3504,3504,3504,3504,75.30267333984375,73.66546630859375,72.87533569335938,73.50487518310547,59.48406982421875,72.7191390991211,72.76981353759766,73.19419860839844,74.77288818359375,72.7272720336914,65,70,66.66667175292969,85.71428680419922,81.81818389892578,85.71428680419922,80.95238494873047,2.0429370403289795,8589934592,1073741824,5208309760,290652160
206,1771644424823,3504,3504,3504,3504,3504,3504,3504,3504,75.30267333984375,73.66546630859375,72.87533569335938,73.50487518310547,59.48406982421875,72.7191390991211,72.76981353759766,73.19419860839844,74.77288818359375,75,71.42857360839844,68.18181610107422,71.42857360839844,85.71428680419922,85,80,90,4.316802978515625,8589934592,1073741824,5230526464,290652160
207,1771644425029,3504,3504,3504,3504,3504,3504,3504,3504,75.30267333984375,73.66546630859375,72.87533569335938,73.50487518310547,59.48406982421875,72.7191390991211,72.76981353759766,73.19419860839844,74.77288818359375,71.42857360839844,65,68.42105102539063,65,80.95238494873047,90,85.71428680419922,75,4.316802978515625,8589934592,1073741824,5208522752,290652160
208,1771644425236,3504,3504,3504,3504,3504,3504,3504,3504,80.0705795288086,78.19901275634766,77.43280792236328,78.1891860961914,63.7779541015625,77.24607849121094,77.47592163085938,77.61856079101563,79.75360870361328,65,71.42857360839844,66.66667175292969,65,85,86.36363983154297,76.19047546386719,85.71428680419922,4.316802978515625,8589934592,1073741824,5239685120,290652160
210,1771644425445,3504,3504,3504,3504,3504,3504,3504,3504,80.0705795288086,78.19901275634766,77.43280792236328,78.1891860961914,63.7779541015625,77.24607849121094,77.47592163085938,77.61856079101563,79.75360870361328,71.42857360839844,66.66667175292969,65,63.6363639831543,80.95238494873047,85,85.71428680419922,80.95238494873047,4.316802978515625,8589934592,1073741824,5199249408,290652160
206,1771644425659,3504,3504,3504,3504,3504,3504,3504,3504,80.0705795288086,78.19901275634766,77.43280792236328,78.1891860961914,63.7779541015625,77.24607849121094,77.47592163085938,77.61856079101563,79.75360870361328,77.2727279663086,72.7272720336914,72.7272720336914,77.2727279663086,90.47618865966797,95.23809814453125,80.95238494873047,81.81818389892578,4.316802978515625,8589934592,1073741824,5216092160,290652160
209,1771644425866,3504,3504,3504,3504,3504,3504,3504,3504,80.0705795288086,78.19901275634766,77.43280792236328,78.1891860961914,63.7779541015625,77.24607849121094,77.47592163085938,77.61856079101563,79.75360870361328,75,75,71.42857360839844,70,85.71428680419922,85.71428680419922,85,89.47368621826172,19.1879940032959,8589934592,1073741824,5216124928,290652160
209,1771644426076,3504,3504,3504,3504,3504,3504,3504,3504,80.0705795288086,78.19901275634766,77.43280792236328,78.1891860961914,63.7779541015625,77.24607849121094,77.47592163085938,77.61856079101563,79.75360870361328,71.42857360839844,66.66667175292969,66.66667175292969,71.42857360839844,85,90.47618865966797,86.36363983154297,81.81818389892578,19.1879940032959,8589934592,1073741824,5216124928,290652160
209,1771644426286,3504,3504,3504,3504,3504,3504,3504,3504,83.02407836914063,80.59854125976563,79.95661926269531,80.89543151855469,66.04528045654297,79.46602630615234,79.6463394165039,79.95819854736328,81.96336364746094,66.66667175292969,66.66667175292969,70,70,81.81818389892578,85.71428680419922,85.71428680419922,80.95238494873047,19.1879940032959,8589934592,1073741824,5216124928,290652160
207,1771644426496,3504,3504,3504,3504,3504,3504,3504,3504,83.02407836914063,80.59854125976563,79.95661926269531,80.89543151855469,66.04528045654297,79.46602630615234,79.6463394165039,79.95819854736328,81.96336364746094,72.7272720336914,71.42857360839844,68.18181610107422,71.42857360839844,90,90.47618865966797,85,80,19.1879940032959,8589934592,1073741824,5249695744,290652160
211,1771644426703,3504,3504,3504,3504,3504,3504,3504,3504,83.02407836914063,80.59854125976563,79.95661926269531,80.89543151855469,66.04528045654297,79.46602630615234,79.6463394165039,79.95819854736328,81.96336364746094,70,66.66667175292969,66.66667175292969,66.66667175292969,86.36363983154297,81.81818389892578,77.2727279663086,85.71428680419922,19.74958610534668,8589934592,1073741824,5232001024,290652160
209,1771644426915,3504,3504,3504,3504,3504,3504,3504,3504,83.02407836914063,80.59854125976563,79.95661926269531,80.89543151855469,66.04528045654297,79.46602630615234,79.6463394165039,79.95819854736328,81.96336364746094,72.7272720336914,76.19047546386719,71.42857360839844,66.66667175292969,85.71428680419922,85,84.21052551269531,80.95238494873047,19.74958610534668,8589934592,1073741824,5215027200,290652160
209,1771644427125,3504,3504,3504,3504,3504,3504,3504,3504,83.02407836914063,80.59854125976563,79.95661926269531,80.89543151855469,66.04528045654297,79.46602630615234,79.6463394165039,79.95819854736328,81.96336364746094,70,70,70,72.7272720336914,80.95238494873047,90.47618865966797,81.81818389892578,80.95238494873047,19.74958610534668,8589934592,1073741824,5193777152,290652160
209,1771644427335,3504,3504,3504,3504,3504,3504,3504,3504,84.32280731201172,82.34195709228516,81.67705535888672,82.41609191894531,67.56696319580078,81.0526351928711,81.36660766601563,81.46153259277344,83.71281433105469,85.71428680419922,75,76.19047546386719,71.42857360839844,85.71428680419922,90.90909576416016,85.71428680419922,85.71428680419922,19.74958610534668,8589934592,1073741824,5204443136,290652160
209,1771644427545,3504,3504,3504,3504,3504,3504,3504,3504,84.32280731201172,82.34195709228516,81.67705535888672,82.41609191894531,67.56696319580078,81.0526351928711,81.36660766601563,81.46153259277344,83.71281433105469,76.19047546386719,72.7272720336914,66.66667175292969,70,85.71428680419922,85.71428680419922,90,85.71428680419922,19.74958610534668,8589934592,1073741824,5216256000,290652160
209,1771644427755,3504,3504,3504,3504,3504,3504,3504,3504,84.32280731201172,82.34195709228516,81.67705535888672,82.41609191894531,67.56696319580078,81.0526351928711,81.36660766601563,81.46153259277344,83.71281433105469,66.66667175292969,66.66667175292969,68.18181610107422,72.7272720336914,85,80,81.81818389892578,85.71428680419922,19.448575973510742,8589934592,1073741824,5255004160,290652160
209,1771644427965,3504,3504,3504,3504,3504,3504,3504,3504,84.32280731201172,82.34195709228516,81.67705535888672,82.41609191894531,67.56696319580078,81.0526351928711,81.36660766601563,81.46153259277344,83.71281433105469,70,68.18181610107422,70,70,85.71428680419922,85.71428680419922,85,81.81818389892578,19.448575973510742,8589934592,1073741824,5221384192,290652160
209,1771644428175,3504,3504,3504,3504,3504,3504,3504,3504,84.32280731201172,82.27978515625,81.53526306152344,82.24530029296875,68.58634185791016,81.39832305908203,81.62960052490234,81.86669921875,83.98048400878906,52.38095474243164,47.619049072265625,47.619049072265625,52.38095474243164,59.09090805053711,61.904762268066406,60.869564056396484,55,19.448575973510742,8589934592,1073741824,5229871104,290652160
202,1771644428385,3504,3504,3504,3504,3504,3504,3504,3504,84.16864776611328,82.27978515625,81.53526306152344,82.24530029296875,68.58634185791016,81.39832305908203,81.62960052490234,81.86669921875,83.98048400878906,14.285715103149414,5,4.761904716491699,13.636363983154297,0,4.545454502105713,0,0,19.448575973510742,8589934592,1073741824,5216370688,290652160
203,1771644428588,3504,3504,3504,3504,3504,3504,3504,3504,84.16864776611328,82.27978515625,81.53526306152344,82.24530029296875,68.58634185791016,81.39832305908203,81.62960052490234,81.86669921875,83.98048400878906,23.809524536132813,15.000000953674316,14.285715103149414,10.526315689086914,0,0,0,0,19.448575973510742,8589934592,1073741824,5216403456,290652160
208,1771644428792,3504,3504,3504,3504,3504,3504,3504,3504,84.16864776611328,82.27978515625,81.53526306152344,82.24530029296875,68.58634185791016,81.39832305908203,81.62960052490234,81.86669921875,83.98048400878906,25,15.000000953674316,15.000000953674316,9.523809432983398,4.761904716491699,0,0,0,19.4899845123291,8589934592,1073741824,5213290496,290652160
202,1771644429001,3504,3504,3504,3504,3504,3504,3504,3504,84.16864776611328,82.27978515625,81.53526306152344,82.24530029296875,68.58634185791016,81.39832305908203,81.62960052490234,81.86669921875,83.98048400878906,23.809524536132813,14.285715103149414,9.523809432983398,5,0,0,0,0,19.4899845123291,8589934592,1073741824,5212962816,290652160
200,1771644429204,3504,3504,3504,3504,3504,3504,3504,3504,59.15610885620117,58.720218658447266,57.56751251220703,57.38129425048828,57.45071792602539,57.34443664550781,56.980201721191406,58.21406173706055,58.548465728759766,30.000001907348633,15.000000953674316,10,19.047618865966797,0,0,0,0,19.4899845123291,8589934592,1073741824,5212979200,290652160
206,1771644429405,3504,3504,3504,3504,3504,3504,3504,3504,59.15610885620117,58.720218658447266,57.56751251220703,57.38129425048828,57.45071792602539,57.34443664550781,56.980201721191406,58.21406173706055,58.548465728759766,30.000001907348633,15.000000953674316,10,5.263157844543457,0,0,0,0,19.4899845123291,8589934592,1073741824,5206654976,290652160
209,1771644429612,3504,3504,3504,3504,3504,3504,3504,3504,59.15610885620117,58.720218658447266,57.56751251220703,57.38129425048828,57.45071792602539,57.34443664550781,56.980201721191406,58.21406173706055,58.548465728759766,30.000001907348633,14.285715103149414,14.285715103149414,9.523809432983398,0,0,0,0,19.4899845123291,8589934592,1073741824,5202870272,290652160
205,1771644429822,3504,3504,3504,3504,3504,3504,3504,3504,59.15610885620117,58.720218658447266,57.56751251220703,57.38129425048828,57.45071792602539,57.34443664550781,56.980201721191406,58.21406173706055,58.548465728759766,31.81818199157715,20,10,9.523809432983398,0,0,0,0,19.60580825805664,8589934592,1073741824,5202935808,290652160
208,1771644430027,3504,3504,3504,3504,3504,3504,3504,3504,59.15610885620117,58.720218658447266,57.56751251220703,57.38129425048828,57.45071792602539,57.34443664550781,56.980201721191406,58.21406173706055,58.548465728759766,20,19.047618865966797,14.285715103149414,14.285715103149414,0,0,0,0,19.60580825805664,8589934592,1073741824,5203083264,290652160
208,1771644430236,3504,3504,3504,3504,3504,3504,3504,3504,54.04201126098633,53.647186279296875,52.59144592285156,52.347572326660156,52.66911697387695,52.4063720703125,52.106536865234375,53.25851058959961,53.46868133544922,23.809524536132813,19.047618865966797,10,5,0,0,0,0,19.60580825805664,8589934592,1073741824,5200707584,290652160
207,1771644430445,3504,3504,3504,3504,3504,3504,3504,3504,54.04201126098633,53.647186279296875,52.59144592285156,52.347572326660156,52.66911697387695,52.4063720703125,52.106536865234375,53.25851058959961,53.46868133544922,25,20,14.285715103149414,9.523809432983398,0,0,0,0,19.60580825805664,8589934592,1073741824,5192908800,290652160
208,1771644430653,3504,3504,3504,3504,3504,3504,3504,3504,54.04201126098633,53.647186279296875,52.59144592285156,52.347572326660156,52.66911697387695,52.4063720703125,52.106536865234375,53.25851058959961,53.46868133544922,19.047618865966797,27.272727966308594,9.523809432983398,9.523809432983398,0,4.761904716491699,0,0,19.60580825805664,8589934592,1073741824,5188976640,290652160
209,1771644430861,3504,3504,3504,3504,3504,3504,3504,3504,54.04201126098633,53.647186279296875,52.59144592285156,52.347572326660156,52.66911697387695,52.4063720703125,52.106536865234375,53.25851058959961,53.46868133544922,19.047618865966797,20,15.000000953674316,15.000000953674316,0,0,0,0,4.161197662353516,8589934592,1073741824,5189025792,290652160
209,1771644431071,3504,3504,3504,3504,3504,3504,3504,3504,54.04201126098633,53.647186279296875,52.59144592285156,52.347572326660156,52.66911697387695,52.4063720703125,52.106536865234375,53.25851058959961,53.46868133544922,14.285715103149414,19.047618865966797,13.636363983154297,22.72727394104004,0,0,0,0,4.161197662353516,8589934592,1073741824,5190123520,290652160
204,1771644431282,3504,3504,3504,3504,3504,3504,3504,3504,52.105655670166016,51.22698211669922,50.41145324707031,50.28399658203125,50.568172454833984,50.22148132324219,49.94401550292969,51.200233459472656,51.28377914428711,15.000000953674316,14.285715103149414,9.523809432983398,14.285715103149414,0,0,0,0,4.161197662353516,8589934592,1073741824,5190467584,290652160
204,1771644431486,3504,3504,3504,3504,3504,3504,3504,3504,52.105655670166016,51.22698211669922,50.41145324707031,50.28399658203125,50.568172454833984,50.22148132324219,49.94401550292969,51.200233459472656,51.28377914428711,23.809524536132813,19.047618865966797,10.526315689086914,20,0,0,0,0,4.161197662353516,8589934592,1073741824,5190467584,290652160
200,1771644431691,3504,3504,3504,3504,3504,3504,3504,3504,52.105655670166016,51.22698211669922,50.41145324707031,50.28399658203125,50.568172454833984,50.22148132324219,49.94401550292969,51.200233459472656,51.28377914428711,15.000000953674316,15.000000953674316,13.636363983154297,15.000000953674316,0,0,0,0,2.9361660480499268,8589934592,1073741824,5190336512,290652160
209,1771644431892,3504,3504,3504,3504,3504,3504,3504,3504,52.105655670166016,51.22698211669922,50.41145324707031,50.28399658203125,50.568172454833984,50.22148132324219,49.94401550292969,51.200233459472656,51.28377914428711,25,10.526315689086914,10.526315689086914,19.047618865966797,0,0,0,0,2.9361660480499268,8589934592,1073741824,5190352896,290652160
209,1771644432103,3504,3504,3504,3504,3504,3504,3504,3504,52.105655670166016,51.22698211669922,50.41145324707031,50.28399658203125,50.568172454833984,50.22148132324219,49.94401550292969,51.200233459472656,51.28377914428711,33.333335876464844,27.272727966308594,23.809524536132813,20,9.523809432983398,4.761904716491699,4.761904716491699,4.761904716491699,2.9361660480499268,8589934592,1073741824,5194268672,290652160
208,1771644432313,3504,3504,3504,3504,3504,3504,3504,3504,50.64944076538086,49.90816116333008,49.05897521972656,48.86003112792969,49.21035385131836,48.93157958984375,48.65791320800781,49.845245361328125,49.90038299560547,23.809524536132813,10,4.761904716491699,13.636363983154297,4.545454502105713,0,0,0,2.9361660480499268,8589934592,1073741824,5194268672,290652160
201,1771644432521,3504,3504,3504,3504,3504,3504,3504,3504,50.64944076538086,49.90816116333008,49.05897521972656,48.86003112792969,49.21035385131836,48.93157958984375,48.65791320800781,49.845245361328125,49.90038299560547,33.333335876464844,14.285715103149414,15.000000953674316,5,0,0,0,0,2.9361660480499268,8589934592,1073741824,5194268672,290652160
204,1771644432723,3504,3504,3504,3504,3504,3504,3504,3504,50.64944076538086,49.90816116333008,49.05897521972656,48.86003112792969,49.21035385131836,48.93157958984375,48.65791320800781,49.845245361328125,49.90038299560547,20,20,15.000000953674316,19.047618865966797,0,0,0,0,2.726973295211792,8589934592,1073741824,5193924608,290652160
208,1771644432929,3504,3504,3504,3504,3504,3504,3504,3504,50.64944076538086,49.90816116333008,49.05897521972656,48.86003112792969,49.21035385131836,48.93157958984375,48.65791320800781,49.845245361328125,49.90038299560547,25,20,19.047618865966797,25,0,0,0,0,2.726973295211792,8589934592,1073741824,5194186752,290652160
209,1771644433138,3504,3504,3504,3504,3504,3504,3504,3504,50.64944076538086,49.90816116333008,49.05897521972656,48.86003112792969,49.21035385131836,48.93157958984375,48.65791320800781,49.845245361328125,49.90038299560547,23.809524536132813,27.272727966308594,27.272727966308594,35,14.285715103149414,22.72727394104004,14.285715103149414,15.000000953674316,2.726973295211792,8589934592,1073741824,5165891584,290652160
205,1771644433348,3504,3504,3504,3504,3504,3504,3504,3504,50.18949508666992,49.64365005493164,48.64887237548828,48.39543151855469,48.295188903808594,48.543739318847656,48.22944641113281,49.46034240722656,49.48003005981445,65,70,65,66.66667175292969,85,80,80.95238494873047,77.2727279663086,2.726973295211792,8589934592,1073741824,5240586240,290652160
208,1771644433553,3504,3504,3504,3504,3504,3504,3504,3504,50.18949508666992,49.64365005493164,48.64887237548828,48.39543151855469,48.295188903808594,48.543739318847656,48.22944641113281,49.46034240722656,49.48003005981445,76.19047546386719,66.66667175292969,65,65,85.71428680419922,76.19047546386719,85.71428680419922,85,2.726973295211792,8589934592,1073741824,5212880896,290652160
209,1771644433762,3504,3504,3504,3504,3504,3504,3504,3504,50.18949508666992,49.64365005493164,48.64887237548828,48.39543151855469,48.295188903808594,48.543739318847656,48.22944641113281,49.46034240722656,49.48003005981445,76.19047546386719,71.42857360839844,71.42857360839844,72.7272720336914,85.71428680419922,85,95,85,2.2906155586242676,8589934592,1073741824,5235130368,290652160
209,1771644433972,3504,3504,3504,3504,3504,3504,3504,3504,50.18949508666992,49.64365005493164,48.64887237548828,48.39543151855469,48.295188903808594,48.543739318847656,48.22944641113281,49.46034240722656,49.48003005981445,70,70,68.18181610107422,66.66667175292969,90.47618865966797,86.36363983154297,81.81818389892578,81.81818389892578,2.2906155586242676,8589934592,1073741824,5218680832,290652160
204,1771644434182,3504,3504,3504,3504,3504,3504,3504,3504,74.32392883300781,72.8705825805664,72.04251098632813,72.59691619873047,58.825782775878906,71.90589141845703,72.18289184570313,72.31669616699219,74.22379302978516,72.7272720336914,71.42857360839844,68.42105102539063,71.42857360839844,95.23809814453125,85,85.71428680419922,80.95238494873047,2.2906155586242676,8589934592,1073741824,5230559232,290652160
202,1771644434386,3504,3504,3504,3504,3504,3504,3504,3504,74.32392883300781,72.8705825805664,72.04251098632813,72.59691619873047,58.825782775878906,71.90589141845703,72.18289184570313,72.31669616699219,74.22379302978516,71.42857360839844,66.66667175292969,68.18181610107422,63.15789031982422,85,77.2727279663086,85.71428680419922,85.71428680419922,2.2906155586242676,8589934592,1073741824,5230559232,290652160
209,1771644434589,3504,3504,3504,3504,3504,3504,3504,3504,74.32392883300781,72.8705825805664,72.04251098632813,72.59691619873047,58.825782775878906,71.90589141845703,72.18289184570313,72.31669616699219,74.22379302978516,75,70,65,68.18181610107422,85,89.47368621826172,84.21052551269531,85,2.2906155586242676,8589934592,1073741824,5230559232,290652160
203,1771644434800,3504,3504,3504,3504,3504,3504,3504,3504,74.32392883300781,72.8705825805664,72.04251098632813,72.59691619873047,58.825782775878906,71.90589141845703,72.18289184570313,72.31669616699219,74.22379302978516,71.42857360839844,76.19047546386719,66.66667175292969,70,90.90909576416016,81.81818389892578,81.81818389892578,85.71428680419922,2.2201857566833496,8589934592,1073741824,5234622464,290652160
206,1771644435003,3504,3504,3504,3504,3504,3504,3504,3504,74.32392883300781,72.8705825805664,72.04251098632813,72.59691619873047,58.825782775878906,71.90589141845703,72.18289184570313,72.31669616699219,74.22379302978516,75,70,71.42857360839844,71.42857360839844,90,84.21052551269531,90,85,2.2201857566833496,8589934592,1073741824,5262540800,290652160
204,1771644435210,3504,3504,3504,3504,3504,3504,3504,3504,80.2405776977539,78.85302734375,77.93034362792969,78.50404357910156,63.98613357543945,77.49751281738281,77.76673126220703,77.91771697998047,80.021484375,70,66.66667175292969,68.42105102539063,68.42105102539063,90.47618865966797,85.71428680419922,80,80,2.2201857566833496,8589934592,1073741824,5221793792,290652160
209,1771644435415,3504,3504,3504,3504,3504,3504,3504,3504,80.2405776977539,78.85302734375,77.93034362792969,78.50404357910156,63.98613357543945,77.49751281738281,77.76673126220703,77.91771697998047,80.021484375,71.42857360839844,66.66667175292969,68.18181610107422,66.66667175292969,85.71428680419922,85,85,85.71428680419922,2.2201857566833496,8589934592,1073741824,5231132672,290652160
210,1771644435624,3504,3504,3504,3504,3504,3504,3504,3504,80.2405776977539,78.85302734375,77.93034362792969,78.50404357910156,63.98613357543945,77.49751281738281,77.76673126220703,77.91771697998047,80.021484375,76.19047546386719,70,75,72.7272720336914,85,90.47618865966797,85.71428680419922,80.95238494873047,2.2201857566833496,8589934592,1073741824,5216714752,290652160
209,1771644435835,3504,3504,3504,3504,3504,3504,3504,3504,80.2405776977539,78.85302734375,77.93034362792969,78.50404357910156,63.98613357543945,77.49751281738281,77.76673126220703,77.91771697998047,80.021484375,70,71.42857360839844,68.18181610107422,70,95.23809814453125,81.81818389892578,80.95238494873047,81.81818389892578,17.677749633789063,8589934592,1073741824,5203099648,290652160
209,1771644436045,3504,3504,3504,3504,3504,3504,3504,3504,80.2405776977539,78.85302734375,77.93034362792969,78.50404357910156,63.98613357543945,77.49751281738281,77.76673126220703,77.91771697998047,80.021484375,72.7272720336914,66.66667175292969,65,63.6363639831543,85.71428680419922,85,85.71428680419922,80,17.677749633789063,8589934592,1073741824,5222825984,290652160
209,1771644436254,3504,3504,3504,3504,3504,3504,3504,3504,82.82972717285156,81.16259002685547,80.41983795166016,81.05877685546875,66.3736343383789,79.95527648925781,80.1588363647461,80.43120574951172,82.39295196533203,76.19047546386719,71.42857360839844,72.7272720336914,70,85.71428680419922,80.95238494873047,81.81818389892578,86.36363983154297,17.677749633789063,8589934592,1073741824,5222137856,290652160
209,1771644436464,3504,3504,3504,3504,3504,3504,3504,3504,82.82972717285156,81.16259002685547,80.41983795166016,81.05877685546875,66.3736343383789,79.95527648925781,80.1588363647461,80.43120574951172,82.39295196533203,70,66.66667175292969,68.42105102539063,71.42857360839844,81.81818389892578,86.36363983154297,85,80,17.677749633789063,8589934592,1073741824,5234212864,290652160
209,1771644436674,3504,3504,3504,3504,3504,3504,3504,3504,82.82972717285156,81.16259002685547,80.41983795166016,81.05877685546875,66.3736343383789,79.95527648925781,80.1588363647461,80.43120574951172,82.39295196533203,72.7272720336914,66.66667175292969,65.21739196777344,66.66667175292969,85,90.47618865966797,80.95238494873047,80.95238494873047,17.677749633789063,8589934592,1073741824,5234212864,290652160
209,1771644436884,3504,3504,3504,3504,3504,3504,3504,3504,82.82972717285156,81.16259002685547,80.41983795166016,81.05877685546875,66.3736343383789,79.95527648925781,80.1588363647461,80.43120574951172,82.39295196533203,71.42857360839844,66.66667175292969,70,68.18181610107422,95.23809814453125,80,85.71428680419922,80.95238494873047,19.47515296936035,8589934592,1073741824,5218418688,290652160
209,1771644437094,3504,3504,3504,3504,3504,3504,3504,3504,82.82972717285156,81.16259002685547,80.41983795166016,81.05877685546875,66.3736343383789,79.95527648925781,80.1588363647461,80.43120574951172,82.39295196533203,73.68421173095703,71.42857360839844,71.42857360839844,68.42105102539063,85.71428680419922,90.47618865966797,77.2727279663086,80.95238494873047,19.47515296936035,8589934592,1073741824,5206278144,290652160
201,1771644437303,3504,3504,3504,3504,3504,3504,3504,3504,84.55909729003906,82.57854461669922,81.90093231201172,82.68085479736328,67.78511047363281,81.26992797851563,81.49117279052734,81.68364715576172,83.7680892944336,77.2727279663086,76.19047546386719,75,72.7272720336914,86.36363983154297,90.90909576416016,85,80.95238494873047,19.47515296936035,8589934592,1073741824,5206278144,290652160
209,1771644437505,3504,3504,3504,3504,3504,3504,3504,3504,84.55909729003906,82.57854461669922,81.90093231201172,82.68085479736328,67.78511047363281,81.26992797851563,81.49117279052734,81.68364715576172,83.7680892944336,75,70,71.42857360839844,70,89.47368621826172,85,80,80.95238494873047,19.47515296936035,8589934592,1073741824,5206278144,290652160
206,1771644437716,3504,3504,3504,3504,3504,3504,3504,3504,84.55909729003906,82.57854461669922,81.90093231201172,82.68085479736328,67.78511047363281,81.26992797851563,81.49117279052734,81.68364715576172,83.7680892944336,72.7272720336914,72.7272720336914,66.66667175292969,66.66667175292969,90.47618865966797,90.47618865966797,85.71428680419922,80,20.16084861755371,8589934592,1073741824,5206278144,290652160
205,1771644437923,3504,3504,3504,3504,3504,3504,3504,3504,84.55909729003906,82.57854461669922,81.90093231201172,82.68085479736328,67.78511047363281,81.26992797851563,81.49117279052734,81.68364715576172,83.7680892944336,75,70,71.42857360839844,71.42857360839844,90.47618865966797,85,85.71428680419922,85.71428680419922,20.16084861755371,8589934592,1073741824,5242322944,290652160
209,1771644438128,3504,3504,3504,3504,3504,3504,3504,3504,84.55909729003906,82.57854461669922,81.90093231201172,82.68085479736328,67.78511047363281,81.26992797851563,81.49117279052734,81.68364715576172,83.7680892944336,71.42857360839844,70,68.42105102539063,65,85.71428680419922,80.95238494873047,80.95238494873047,80,20.16084861755371,8589934592,1073741824,5225119744,290652160
209,1771644438338,3504,3504,3504,3504,3504,3504,3504,3504,85.88399505615234,84.32796478271484,83.5517807006836,84.05132293701172,69.0367660522461,82.43279266357422,82.67778015136719,82.81971740722656,85.02202606201172,28.571430206298828,28.571430206298828,26.086956024169922,36.3636360168457,30.000001907348633,33.333335876464844,28.571430206298828,31.81818199157715,20.16084861755371,8589934592,1073741824,5217271808,290652160
204,1771644438548,3504,3504,3504,3504,3504,3504,3504,3504,85.88399505615234,84.32796478271484,83.5517807006836,84.05132293701172,69.0367660522461,82.43279266357422,82.67778015136719,82.81971740722656,85.02202606201172,10,9.523809432983398,5,20,4.545454502105713,0,0,0,20.16084861755371,8589934592,1073741824,5217222656,290652160
207,1771644438753,3504,3504,3504,3504,3504,3504,3504,3504,85.88399505615234,84.32796478271484,83.5517807006836,84.05132293701172,69.0367660522461,82.43279266357422,82.67778015136719,82.81971740722656,85.02202606201172,15.000000953674316,14.285715103149414,10,23.809524536132813,0,0,0,0,19.806472778320313,8589934592,1073741824,5216960512,290652160
207,1771644438961,3504,3504,3504,3504,3504,3504,3504,3504,85.88399505615234,84.32796478271484,83.5517807006836,84.05132293701172,69.0367660522461,82.43279266357422,82.67778015136719,82.81971740722656,85.02202606201172,23.809524536132813,10,13.636363983154297,14.285715103149414,0,0,0,0,19.806472778320313,8589934592,1073741824,5213880320,290652160
201,1771644439169,3504,3504,3504,3504,3504,3504,3504,3504,85.88399505615234,84.32796478271484,83.5517807006836,84.05132293701172,69.0367660522461,82.43279266357422,82.67778015136719,82.81971740722656,85.02202606201172,19.047618865966797,19.047618865966797,10,15.000000953674316,0,0,0,0,19.806472778320313,8589934592,1073741824,5213814784,290652160
209,1771644439371,3504,3504,3504,3504,3504,3504,3504,3504,61.045677185058594,60.55923843383789,59.42792510986328,59.346717834472656,58.96438980102539,59.14031219482422,58.793235778808594,60.01621627807617,60.45107650756836,15.000000953674316,14.285715103149414,9.523809432983398,20,0,0,0,0,19.806472778320313,8589934592,1073741824,5213814784,290652160
206,1771644439582,3504,3504,3504,3504,3504,3504,3504,3504,61.045677185058594,60.55923843383789,59.42792510986328,59.346717834472656,58.96438980102539,59.14031219482422,58.793235778808594,60.01621627807617,60.45107650756836,19.047618865966797,14.285715103149414,10,9.523809432983398,0,0,4.545454502105713,0,19.806472778320313,8589934592,1073741824,5208768512,290652160
207,1771644439788,3504,3504,3504,3504,3504,3504,3504,3504,61.045677185058594,60.55923843383789,59.42792510986328,59.346717834472656,58.96438980102539,59.14031219482422,58.793235778808594,60.01621627807617,60.45107650756836,20,10,5,10,0,0,0,0,19.516193389892578,8589934592,1073741824,5204377600,290652160
209,1771644439996,3504,3504,3504,3504,3504,3504,3504,3504,61.045677185058594,60.55923843383789,59.42792510986328,59.346717834472656,58.96438980102539,59.14031219482422,58.793235778808594,60.01621627807617,60.45107650756836,28.571430206298828,10.526315689086914,10,13.636363983154297,0,0,0,0,19.516193389892578,8589934592,1073741824,5204295680,290652160
208,1771644440206,3504,3504,3504,3504,3504,3504,3504,3504,54.71979522705078,54.39348220825195,53.216575622558594,53.00305938720703,53.29560089111328,53.04217529296875,52.75928497314453,53.904090881347656,54.16749954223633,23.809524536132813,18.18181800842285,18.18181800842285,5,0,0,0,0,19.516193389892578,8589934592,1073741824,5204279296,290652160
200,1771644440415,3504,3504,3504,3504,3504,3504,3504,3504,54.71979522705078,54.39348220825195,53.216575622558594,53.00305938720703,53.29560089111328,53.04217529296875,52.75928497314453,53.904090881347656,54.16749954223633,23.809524536132813,19.047618865966797,9.523809432983398,13.636363983154297,0,0,0,0,19.516193389892578,8589934592,1073741824,5199757312,290652160
207,1771644440616,3504,3504,3504,3504,3504,3504,3504,3504,54.71979522705078,54.39348220825195,53.216575622558594,53.00305938720703,53.29560089111328,53.04217529296875,52.75928497314453,53.904090881347656,54.16749954223633,35,36.842105865478516,30.000001907348633,26.3157901763916,20,22.72727394104004,20,15.000000953674316,19.516193389892578,8589934592,1073741824,5199757312,290652160
205,1771644440824,3504,3504,3504,3504,3504,3504,3504,3504,54.71979522705078,54.39348220825195,53.216575622558594,53.00305938720703,53.29560089111328,53.04217529296875,52.75928497314453,53.904090881347656,54.16749954223633,15.000000953674316,19.047618865966797,14.285715103149414,9.523809432983398,0,0,0,0,3.2830984592437744,8589934592,1073741824,5199757312,290652160
207,1771644441029,3504,3504,3504,3504,3504,3504,3504,3504,54.71979522705078,54.39348220825195,53.216575622558594,53.00305938720703,53.29560089111328,53.04217529296875,52.75928497314453,53.904090881347656,54.16749954223633,10,23.809524536132813,9.523809432983398,14.285715103149414,0,0,0,0,3.2830984592437744,8589934592,1073741824,5191647232,290652160
209,1771644441237,3504,3504,3504,3504,3504,3504,3504,3504,53.01046371459961,52.38665008544922,51.36748504638672,51.1990966796875,51.3515510559082,51.25464630126953,51.0440673828125,52.277976989746094,52.45123291015625,14.285715103149414,23.809524536132813,5.263157844543457,15.000000953674316,0,0,0,0,3.2830984592437744,8589934592,1073741824,5191647232,290652160
208,1771644441447,3504,3504,3504,3504,3504,3504,3504,3504,53.01046371459961,52.38665008544922,51.36748504638672,51.1990966796875,51.3515510559082,51.25464630126953,51.0440673828125,52.277976989746094,52.45123291015625,14.285715103149414,15.000000953674316,9.523809432983398,18.18181800842285,0,0,0,0,3.2830984592437744,8589934592,1073741824,5191614464,290652160
209,1771644441657,3504,3504,3504,3504,3504,3504,3504,3504,53.01046371459961,52.38665008544922,51.36748504638672,51.1990966796875,51.3515510559082,51.25464630126953,51.0440673828125,52.277976989746094,52.45123291015625,19.047618865966797,19.047618865966797,9.523809432983398,15.000000953674316,0,0,0,0,3.2830984592437744,8589934592,1073741824,5191630848,290652160
204,1771644441867,3504,3504,3504,3504,3504,3504,3504,3504,53.01046371459961,52.38665008544922,51.36748504638672,51.1990966796875,51.3515510559082,51.25464630126953,51.0440673828125,52.277976989746094,52.45123291015625,10,19.047618865966797,9.523809432983398,14.285715103149414,4.761904716491699,0,0,0,2.679551839828491,8589934592,1073741824,5191647232,290652160
199,1771644442072,3504,3504,3504,3504,3504,3504,3504,3504,53.01046371459961,52.38665008544922,51.36748504638672,51.1990966796875,51.3515510559082,51.25464630126953,51.0440673828125,52.277976989746094,52.45123291015625,18.18181800842285,25,14.285715103149414,10,0,0,0,0,2.679551839828491,8589934592,1073741824,5191696384,290652160
206,1771644442271,3504,3504,3504,3504,3504,3504,3504,3504,51.17216491699219,50.3545036315918,49.57781982421875,49.368988037109375,49.73450469970703,49.369911193847656,49.202293395996094,50.408050537109375,50.53103256225586,15.789472579956055,23.809524536132813,10.526315689086914,15.000000953674316,0,0,0,0,2.679551839828491,8589934592,1073741824,5191696384,290652160
207,1771644442478,3504,3504,3504,3504,3504,3504,3504,3504,51.17216491699219,50.3545036315918,49.57781982421875,49.368988037109375,49.73450469970703,49.369911193847656,49.202293395996094,50.408050537109375,50.53103256225586,19.047618865966797,15.789472579956055,13.636363983154297,19.047618865966797,0,0,0,0,2.679551839828491,8589934592,1073741824,5191696384,290652160
201,1771644442686,3504,3504,3504,3504,3504,3504,3504,3504,51.17216491699219,50.3545036315918,49.57781982421875,49.368988037109375,49.73450469970703,49.369911193847656,49.202293395996094,50.408050537109375,50.53103256225586,15.000000953674316,19.047618865966797,15.000000953674316,14.285715103149414,0,0,0,0,2.9038329124450684,8589934592,1073741824,5191696384,290652160
209,1771644442888,3504,3504,3504,3504,3504,3504,3504,3504,51.17216491699219,50.3545036315918,49.57781982421875,49.368988037109375,49.73450469970703,49.369911193847656,49.202293395996094,50.408050537109375,50.53103256225586,25,20,15.000000953674316,20,0,0,0,0,2.9038329124450684,8589934592,1073741824,5191696384,290652160
209,1771644443098,3504,3504,3504,3504,3504,3504,3504,3504,51.17216491699219,50.3545036315918,49.57781982421875,49.368988037109375,49.73450469970703,49.369911193847656,49.202293395996094,50.408050537109375,50.53103256225586,14.285715103149414,23.809524536132813,9.523809432983398,19.047618865966797,0,0,0,0,2.9038329124450684,8589934592,1073741824,5191761920,290652160
203,1771644443308,3504,3504,3504,3504,3504,3504,3504,3504,50.05994415283203,49.32575607299805,48.397300720214844,48.22496795654297,48.653289794921875,48.42926788330078,48.05247497558594,49.29627227783203,49.349063873291016,45.45454788208008,47.619049072265625,40,35,47.619049072265625,47.619049072265625,47.619049072265625,42.85714340209961,2.9038329124450684,8589934592,1073741824,5245632512,290652160
210,1771644443511,3504,3504,3504,3504,3504,3504,3504,3504,50.05994415283203,49.32575607299805,48.397300720214844,48.22496795654297,48.653289794921875,48.42926788330078,48.05247497558594,49.29627227783203,49.349063873291016,75,80.95238494873047,72.7272720336914,76.19047546386719,85.71428680419922,90.47618865966797,84.21052551269531,90.47618865966797,2.9038329124450684,8589934592,1073741824,5231575040,290652160
209,1771644443722,3504,3504,3504,3504,3504,3504,3504,3504,50.05994415283203,49.32575607299805,48.397300720214844,48.22496795654297,48.653289794921875,48.42926788330078,48.05247497558594,49.29627227783203,49.349063873291016,75,70,70,71.42857360839844,95,85,86.36363983154297,80.95238494873047,2.0532548427581787,8589934592,1073741824,5229527040,290652160
210,1771644443932,3504,3504,3504,3504,3504,3504,3504,3504,50.05994415283203,49.32575607299805,48.397300720214844,48.22496795654297,48.653289794921875,48.42926788330078,48.05247497558594,49.29627227783203,49.349063873291016,68.18181610107422,68.18181610107422,66.66667175292969,63.6363639831543,85.71428680419922,85.71428680419922,85.71428680419922,80.95238494873047,2.0532548427581787,8589934592,1073741824,5264441344,290652160
209,1771644444143,3504,3504,3504,3504,3504,3504,3504,3504,50.05994415283203,49.32575607299805,48.397300720214844,48.22496795654297,48.653289794921875,48.42926788330078,48.05247497558594,49.29627227783203,49.349063873291016,76.19047546386719,70,66.66667175292969,70,85.71428680419922,90.47618865966797,80,80,2.0532548427581787,8589934592,1073741824,5263491072,290652160
201,1771644444353,3504,3504,3504,3504,3504,3504,3504,3504,73.79610443115234,72.00347900390625,71.19559478759766,71.93383026123047,58.27739715576172,70.79015350341797,70.92263793945313,71.15397644042969,72.9197769165039,70,66.66667175292969,71.42857360839844,66.66667175292969,90.90909576416016,90.47618865966797,86.36363983154297,78.26087188720703,2.0532548427581787,8589934592,1073741824,5273075712,290652160
212,1771644444554,3504,3504,3504,3504,3504,3504,3504,3504,73.79610443115234,72.00347900390625,71.19559478759766,71.93383026123047,58.27739715576172,70.79015350341797,70.92263793945313,71.15397644042969,72.9197769165039,70,66.66667175292969,65,70,90,80.95238494873047,85.71428680419922,78.94737243652344,2.0532548427581787,8589934592,1073741824,5227577344,290652160
210,1771644444767,3504,3504,3504,3504,3504,3504,3504,3504,73.79610443115234,72.00347900390625,71.19559478759766,71.93383026123047,58.27739715576172,70.79015350341797,70.92263793945313,71.15397644042969,72.9197769165039,76.19047546386719,70,72.7272720336914,68.18181610107422,85,90.47618865966797,80.95238494873047,85.71428680419922,2.1235930919647217,8589934592,1073741824,5192171520,290652160
208,1771644444977,3504,3504,3504,3504,3504,3504,3504,3504,73.79610443115234,72.00347900390625,71.19559478759766,71.93383026123047,58.27739715576172,70.79015350341797,70.92263793945313,71.15397644042969,72.9197769165039,72.7272720336914,71.42857360839844,70,70,86.36363983154297,84.21052551269531,90,76.19047546386719,2.1235930919647217,8589934592,1073741824,5192171520,290652160
201,1771644445187,3504,3504,3504,3504,3504,3504,3504,3504,80.53726196289063,78.88383483886719,77.98555755615234,78.70589447021484,64.14744567871094,77.72975158691406,77.72102355957031,78.2759780883789,79.83283996582031,71.42857360839844,71.42857360839844,72.7272720336914,71.42857360839844,85.71428680419922,82.60869598388672,90.90909576416016,85.71428680419922,2.1235930919647217,8589934592,1073741824,5194039296,290652160
209,1771644445388,3504,3504,3504,3504,3504,3504,3504,3504,80.53726196289063,78.88383483886719,77.98555755615234,78.70589447021484,64.14744567871094,77.72975158691406,77.72102355957031,78.2759780883789,79.83283996582031,70,71.42857360839844,68.42105102539063,65,85,90,85,80,2.1235930919647217,8589934592,1073741824,5219041280,290652160
209,1771644445598,3504,3504,3504,3504,3504,3504,3504,3504,80.53726196289063,78.88383483886719,77.98555755615234,78.70589447021484,64.14744567871094,77.72975158691406,77.72102355957031,78.2759780883789,79.83283996582031,70,66.66667175292969,66.66667175292969,66.66667175292969,86.36363983154297,80,85.71428680419922,76.19047546386719,2.1235930919647217,8589934592,1073741824,5257265152,290652160
202,1771644445808,3504,3504,3504,3504,3504,3504,3504,3504,80.53726196289063,78.88383483886719,77.98555755615234,78.70589447021484,64.14744567871094,77.72975158691406,77.72102355957031,78.2759780883789,79.83283996582031,68.18181610107422,70,71.42857360839844,66.66667175292969,90,81.81818389892578,95.23809814453125,81.81818389892578,18.557289123535156,8589934592,1073741824,5216534528,290652160
209,1771644446011,3504,3504,3504,3504,3504,3504,3504,3504,80.53726196289063,78.88383483886719,77.98555755615234,78.70589447021484,64.14744567871094,77.72975158691406,77.72102355957031,78.2759780883789,79.83283996582031,73.68421173095703,70,66.66667175292969,71.42857360839844,90,85,80,84.21052551269531,18.557289123535156,8589934592,1073741824,5251956736,290652160
200,1771644446221,3504,3504,3504,3504,3504,3504,3504,3504,82.94641876220703,81.32244110107422,80.56398010253906,81.13052368164063,66.54898071289063,80.29725646972656,80.3141098022461,80.8943099975586,82.44796752929688,68.18181610107422,68.18181610107422,65,60.000003814697266,86.36363983154297,85.71428680419922,85.71428680419922,77.2727279663086,18.557289123535156,8589934592,1073741824,5211144192,290652160
200,1771644446421,3504,3504,3504,3504,3504,3504,3504,3504,82.94641876220703,81.32244110107422,80.56398010253906,81.13052368164063,66.54898071289063,80.29725646972656,80.3141098022461,80.8943099975586,82.44796752929688,75,65,70,71.42857360839844,84.21052551269531,90,80,84.21052551269531,18.557289123535156,8589934592,1073741824,5233852416,290652160
216,1771644446621,3504,3504,3504,3504,3504,3504,3504,3504,82.94641876220703,81.32244110107422,80.56398010253906,81.13052368164063,66.54898071289063,80.29725646972656,80.3141098022461,80.8943099975586,82.44796752929688,70,75,70,68.42105102539063,85,90,85,76.19047546386719,18.557289123535156,8589934592,1073741824,5233852416,290652160
206,1771644446838,3504,3504,3504,3504,3504,3504,3504,3504,82.94641876220703,81.32244110107422,80.56398010253906,81.13052368164063,66.54898071289063,80.29725646972656,80.3141098022461,80.8943099975586,82.44796752929688,71.42857360839844,66.66667175292969,63.6363639831543,68.18181610107422,86.36363983154297,90.90909576416016,80.95238494873047,80.95238494873047,19.3740234375,8589934592,1073741824,5233852416,290652160
211,1771644447045,3504,3504,3504,3504,3504,3504,3504,3504,82.94641876220703,81.32244110107422,80.56398010253906,81.13052368164063,66.54898071289063,80.29725646972656,80.3141098022461,80.8943099975586,82.44796752929688,72.7272720336914,71.42857360839844,75,70,90,85,90.47618865966797,85,19.3740234375,8589934592,1073741824,5233852416,290652160
209,1771644447257,3504,3504,3504,3504,3504,3504,3504,3504,85.14763641357422,83.20194244384766,82.49691772460938,83.23234558105469,68.20623779296875,81.58963775634766,81.69823455810547,82.14110565185547,84.0356674194336,75,72.7272720336914,72.7272720336914,71.42857360839844,90.90909576416016,86.36363983154297,85.71428680419922,86.36363983154297,19.3740234375,8589934592,1073741824,5222367232,290652160
204,1771644447467,3504,3504,3504,3504,3504,3504,3504,3504,85.14763641357422,83.20194244384766,82.49691772460938,83.23234558105469,68.20623779296875,81.58963775634766,81.69823455810547,82.14110565185547,84.0356674194336,80.95238494873047,71.42857360839844,71.42857360839844,72.7272720336914,85,85.71428680419922,85.71428680419922,85.71428680419922,19.3740234375,8589934592,1073741824,5223366656,290652160
209,1771644447671,3504,3504,3504,3504,3504,3504,3504,3504,85.14763641357422,83.20194244384766,82.49691772460938,83.23234558105469,68.20623779296875,81.58963775634766,81.69823455810547,82.14110565185547,84.0356674194336,75,70,68.42105102539063,65,85.71428680419922,95,80.95238494873047,76.19047546386719,19.3740234375,8589934592,1073741824,5227872256,290652160
208,1771644447881,3504,3504,3504,3504,3504,3504,3504,3504,85.14763641357422,83.20194244384766,82.49691772460938,83.23234558105469,68.20623779296875,81.58963775634766,81.69823455810547,82.14110565185547,84.0356674194336,72.7272720336914,71.42857360839844,68.18181610107422,66.66667175292969,85.71428680419922,90,80.95238494873047,80,19.648590087890625,8589934592,1073741824,5260247040,290652160
209,1771644448090,3504,3504,3504,3504,3504,3504,3504,3504,85.14763641357422,83.20194244384766,82.49691772460938,83.23234558105469,68.20623779296875,81.58963775634766,81.69823455810547,82.14110565185547,84.0356674194336,70,70,71.42857360839844,71.42857360839844,85.71428680419922,86.36363983154297,90.47618865966797,85.71428680419922,19.648590087890625,8589934592,1073741824,5255757824,290652160
209,1771644448300,3504,3504,3504,3504,3504,3504,3504,3504,86.66126251220703,84.64462280273438,83.92135620117188,84.60408020019531,69.43920135498047,83.1073226928711,83.0851821899414,83.55718231201172,85.53874969482422,71.42857360839844,68.18181610107422,66.66667175292969,66.66667175292969,85.71428680419922,90,80.95238494873047,76.19047546386719,19.648590087890625,8589934592,1073741824,5232820224,290652160
208,1771644448511,3504,3504,3504,3504,3504,3504,3504,3504,86.66126251220703,84.64462280273438,83.92135620117188,84.60408020019531,69.43920135498047,83.1073226928711,83.0851821899414,83.55718231201172,85.53874969482422,20,9.523809432983398,0,4.761904716491699,4.545454502105713,4.545454502105713,4.545454502105713,0,19.648590087890625,8589934592,1073741824,5221482496,290652160
208,1771644448719,3504,3504,3504,3504,3504,3504,3504,3504,86.66126251220703,84.64462280273438,83.92135620117188,84.60408020019531,69.43920135498047,83.1073226928711,83.0851821899414,83.55718231201172,85.53874969482422,31.81818199157715,15.000000953674316,14.285715103149414,5,0,0,0,0,19.610679626464844,8589934592,1073741824,5221826560,290652160
200,1771644448929,3504,3504,3504,3504,3504,3504,3504,3504,86.66126251220703,84.64462280273438,83.92135620117188,84.60408020019531,69.43920135498047,83.1073226928711,83.0851821899414,83.55718231201172,85.53874969482422,25,18.18181800842285,10,9.090909004211426,0,0,0,0,19.610679626464844,8589934592,1073741824,5221859328,290652160
208,1771644449129,3504,3504,3504,3504,3504,3504,3504,3504,86.66126251220703,84.64462280273438,83.92135620117188,84.60408020019531,69.43920135498047,83.1073226928711,83.0851821899414,83.55718231201172,85.53874969482422,25,5.555555820465088,10.526315689086914,10,0,0,0,0,19.610679626464844,8589934592,1073741824,5221859328,290652160
208,1771644449338,3504,3504,3504,3504,3504,3504,3504,3504,64.52340698242188,63.7382926940918,62.69200134277344,62.60503387451172,60.834228515625,62.31480407714844,61.865135192871094,63.096031188964844,63.64717102050781,31.81818199157715,18.18181800842285,18.18181800842285,15.000000953674316,0,0,0,0,19.610679626464844,8589934592,1073741824,5218779136,290652160
202,1771644449548,3504,3504,3504,3504,3504,3504,3504,3504,64.52340698242188,63.7382926940918,62.69200134277344,62.60503387451172,60.834228515625,62.31480407714844,61.865135192871094,63.096031188964844,63.64717102050781,26.3157901763916,10,9.523809432983398,4.761904716491699,0,0,0,0,19.610679626464844,8589934592,1073741824,5216583680,290652160
205,1771644449751,3504,3504,3504,3504,3504,3504,3504,3504,64.52340698242188,63.7382926940918,62.69200134277344,62.60503387451172,60.834228515625,62.31480407714844,61.865135192871094,63.096031188964844,63.64717102050781,33.333335876464844,15.000000953674316,14.285715103149414,14.285715103149414,0,0,0,0,19.93572425842285,8589934592,1073741824,5208883200,290652160
209,1771644449957,3504,3504,3504,3504,3504,3504,3504,3504,64.52340698242188,63.7382926940918,62.69200134277344,62.60503387451172,60.834228515625,62.31480407714844,61.865135192871094,63.096031188964844,63.64717102050781,28.571430206298828,14.285715103149414,10,5,0,0,0,0,19.93572425842285,8589934592,1073741824,5208555520,290652160
208,1771644450167,3504,3504,3504,3504,3504,3504,3504,3504,64.52340698242188,63.7382926940918,62.69200134277344,62.60503387451172,60.834228515625,62.31480407714844,61.865135192871094,63.096031188964844,63.64717102050781,25,14.285715103149414,14.285715103149414,4.761904716491699,0,0,0,0,19.93572425842285,8589934592,1073741824,5208784896,290652160
209,1771644450376,3504,3504,3504,3504,3504,3504,3504,3504,55.39368438720703,55.14229202270508,53.925445556640625,53.627479553222656,53.977420806884766,53.77826690673828,53.43250274658203,54.62602996826172,54.845619201660156,31.81818199157715,14.285715103149414,10,14.285715103149414,0,4.545454502105713,0,0,19.93572425842285,8589934592,1073741824,5208391680,290652160
206,1771644450586,3504,3504,3504,3504,3504,3504,3504,3504,55.39368438720703,55.14229202270508,53.925445556640625,53.627479553222656,53.977420806884766,53.77826690673828,53.43250274658203,54.62602996826172,54.845619201660156,14.285715103149414,9.523809432983398,31.81818199157715,4.761904716491699,0,0,0,0,19.93572425842285,8589934592,1073741824,5204787200,290652160
209,1771644450793,3504,3504,3504,3504,3504,3504,3504,3504,55.39368438720703,55.14229202270508,53.925445556640625,53.627479553222656,53.977420806884766,53.77826690673828,53.43250274658203,54.62602996826172,54.845619201660156,15.789472579956055,20,20,15.000000953674316,4.761904716491699,0,0,0,7.555289268493652,8589934592,1073741824,5194792960,290652160
200,1771644451003,3504,3504,3504,3504,3504,3504,3504,3504,55.39368438720703,55.14229202270508,53.925445556640625,53.627479553222656,53.977420806884766,53.77826690673828,53.43250274658203,54.62602996826172,54.845619201660156,22.72727394104004,18.18181800842285,14.285715103149414,9.523809432983398,0,0,0,0,7.555289268493652,8589934592,1073741824,5194301440,290652160
205,1771644451205,3504,3504,3504,3504,3504,3504,3504,3504,53.02595138549805,52.52951431274414,51.49211120605469,51.23260498046875,51.61393356323242,51.39049530029297,51.07184600830078,52.2303581237793,52.45376968383789,19.047618865966797,16.666667938232422,19.047618865966797,9.523809432983398,0,0,0,0,7.555289268493652,8589934592,1073741824,5194285056,290652160
208,1771644451411,3504,3504,3504,3504,3504,3504,3504,3504,53.02595138549805,52.52951431274414,51.49211120605469,51.23260498046875,51.61393356323242,51.39049530029297,51.07184600830078,52.2303581237793,52.45376968383789,15.000000953674316,27.272727966308594,20,5.263157844543457,0,0,0,0,7.555289268493652,8589934592,1073741824,5194317824,290652160
10,1771644451620,3504,3504,3504,3504,3504,3504,3504,3504,53.02595138549805,52.52951431274414,51.49211120605469,51.23260498046875,51.61393356323242,51.39049530029297,51.07184600830078,52.2303581237793,52.45376968383789,15.000000953674316,25,14.285715103149414,9.090909004211426,0,0,0,0,7.555289268493652,8589934592,1073741824,5193859072,290652160
