Delta,Time,CPU_FREQUENCY_0,CPU_FREQUENCY_1,CPU_FREQUENCY_2,CPU_FREQUENCY_3,CPU_FREQUENCY_4,CPU_FREQUENCY_5,CPU_FREQUENCY_6,CPU_FREQUENCY_7,CPU_TEMP_0,CPU_TEMP_1,CPU_TEMP_2,CPU_TEMP_3,CPU_TEMP_4,CPU_TEMP_5,CPU_TEMP_6,CPU_TEMP_7,CPU_TEMP_8,CPU_USAGE_0,CPU_USAGE_1,CPU_USAGE_2,CPU_USAGE_3,CPU_USAGE_4,CPU_USAGE_5,CPU_USAGE_6,CPU_USAGE_7,SYSTEM_POWER (Watts),TOTAL_MEMORY,TOTAL_SWAP,USED_MEMORY,USED_SWAP
0,1771649669275,3504,3504,3504,3504,3504,3504,3504,3504,47.93505096435547,47.675559997558594,46.23662567138672,46.038597106933594,46.15009307861328,46.30976867675781,45.79240417480469,46.85266876220703,47.08232879638672,0,0,0,0,0,0,0,0,6.3631672859191895,8589934592,1073741824,5271633920,290652160
209,1771649669276,3504,3504,3504,3504,3504,3504,3504,3504,47.93505096435547,47.675559997558594,46.23662567138672,46.038597106933594,46.15009307861328,46.30976867675781,45.79240417480469,46.85266876220703,47.08232879638672,100,NaN,100,66.66667175292969,0,0,0,0,6.3631672859191895,8589934592,1073741824,5239390208,290652160
209,1771649669486,3504,3504,3504,3504,3504,3504,3504,3504,47.93505096435547,47.675559997558594,46.23662567138672,46.038597106933594,46.15009307861328,46.30976867675781,45.79240417480469,46.85266876220703,47.08232879638672,23.809524536132813,19.047618865966797,13.636363983154297,15.000000953674316,4.545454502105713,0,0,0,6.3631672859191895,8589934592,1073741824,5236293632,290652160
209,1771649669696,3504,3504,3504,3504,3504,3504,3504,3504,47.93505096435547,47.675559997558594,46.23662567138672,46.038597106933594,46.15009307861328,46.30976867675781,45.79240417480469,46.85266876220703,47.08232879638672,20,9.523809432983398,5,18.18181800842285,0,0,0,0,2.1939163208007813,8589934592,1073741824,5236326400,290652160
204,1771649669906,3504,3504,3504,3504,3504,3504,3504,3504,47.93505096435547,47.675559997558594,46.23662567138672,46.038597106933594,46.15009307861328,46.30976867675781,45.79240417480469,46.85266876220703,47.08232879638672,22.72727394104004,19.047618865966797,9.523809432983398,10.526315689086914,0,0,0,0,2.1939163208007813,8589934592,1073741824,5220499456,290652160
209,1771649670111,3504,3504,3504,3504,3504,3504,3504,3504,47.93505096435547,47.675559997558594,46.23662567138672,46.038597106933594,46.15009307861328,46.30976867675781,45.79240417480469,46.85266876220703,47.08232879638672,25,15.000000953674316,19.047618865966797,23.809524536132813,0,0,0,0,2.1939163208007813,8589934592,1073741824,5221646336,290652160
200,1771649670320,3504,3504,3504,3504,3504,3504,3504,3504,46.18336486816406,45.89373016357422,44.690673828125,44.412696838378906,44.762939453125,45.071876525878906,44.39141845703125,45.4854621887207,45.569610595703125,61.904762268066406,59.09090805053711,60.000003814697266,57.142860412597656,80,72.7272720336914,65,66.66667175292969,2.1939163208007813,8589934592,1073741824,5179146240,290652160
216,1771649670521,3504,3504,3504,3504,3504,3504,3504,3504,46.18336486816406,45.89373016357422,44.690673828125,44.412696838378906,44.762939453125,45.071876525878906,44.39141845703125,45.4854621887207,45.569610595703125,70,68.42105102539063,65,65,90,89.47368621826172,76.19047546386719,80.95238494873047,2.1939163208007813,8589934592,1073741824,5179146240,290652160
212,1771649670738,3504,3504,3504,3504,3504,3504,3504,3504,46.18336486816406,45.89373016357422,44.690673828125,44.412696838378906,44.762939453125,45.071876525878906,44.39141845703125,45.4854621887207,45.569610595703125,76.19047546386719,72.7272720336914,76.19047546386719,72.7272720336914,90.90909576416016,81.81818389892578,85.71428680419922,85.71428680419922,3.1963162422180176,8589934592,1073741824,5179146240,290652160
209,1771649670950,3504,3504,3504,3504,3504,3504,3504,3504,46.18336486816406,45.89373016357422,44.690673828125,44.412696838378906,44.762939453125,45.071876525878906,44.39141845703125,45.4854621887207,45.569610595703125,76.19047546386719,76.19047546386719,76.19047546386719,76.19047546386719,90.90909576416016,95.45454406738281,90.47618865966797,86.36363983154297,3.1963162422180176,8589934592,1073741824,5154045952,290652160
208,1771649671160,3504,3504,3504,3504,3504,3504,3504,3504,69.44984436035156,68.0169677734375,67.08531188964844,67.59349822998047,54.25236892700195,66.3733901977539,66.67765808105469,66.71665954589844,68.65704345703125,72.7272720336914,70,72.7272720336914,71.42857360839844,90,85.71428680419922,85.71428680419922,85.71428680419922,3.1963162422180176,8589934592,1073741824,5163008000,290652160
209,1771649671369,3504,3504,3504,3504,3504,3504,3504,3504,69.44984436035156,68.0169677734375,67.08531188964844,67.59349822998047,54.25236892700195,66.3733901977539,66.67765808105469,66.71665954589844,68.65704345703125,75,68.18181610107422,71.42857360839844,66.66667175292969,81.81818389892578,85.71428680419922,85.71428680419922,85,3.1963162422180176,8589934592,1073741824,5166841856,290652160
208,1771649671579,3504,3504,3504,3504,3504,3504,3504,3504,69.44984436035156,68.0169677734375,67.08531188964844,67.59349822998047,54.25236892700195,66.3733901977539,66.67765808105469,66.71665954589844,68.65704345703125,75,71.42857360839844,71.42857360839844,71.42857360839844,95.23809814453125,85.71428680419922,85.71428680419922,81.81818389892578,3.1963162422180176,8589934592,1073741824,5164236800,290652160
212,1771649671788,3504,3504,3504,3504,3504,3504,3504,3504,69.44984436035156,68.0169677734375,67.08531188964844,67.59349822998047,54.25236892700195,66.3733901977539,66.67765808105469,66.71665954589844,68.65704345703125,68.18181610107422,70,65,66.66667175292969,80,90.47618865966797,85,85,2.309602975845337,8589934592,1073741824,5164236800,290652160
203,1771649672001,3504,3504,3504,3504,3504,3504,3504,3504,69.44984436035156,68.0169677734375,67.08531188964844,67.59349822998047,54.25236892700195,66.3733901977539,66.67765808105469,66.71665954589844,68.65704345703125,76.19047546386719,68.18181610107422,69.56521606445313,71.42857360839844,82.60869598388672,90.47618865966797,81.81818389892578,76.19047546386719,2.309602975845337,8589934592,1073741824,5128060928,290652160
209,1771649672204,3504,3504,3504,3504,3504,3504,3504,3504,76.2747802734375,74.51661682128906,73.69207763671875,74.38817596435547,60.090797424316406,73.20148468017578,73.3432388305664,73.55413818359375,75.51390075683594,70,71.42857360839844,68.42105102539063,70,90,85,80,80.95238494873047,2.309602975845337,8589934592,1073741824,5145378816,290652160
206,1771649672415,3504,3504,3504,3504,3504,3504,3504,3504,76.2747802734375,74.51661682128906,73.69207763671875,74.38817596435547,60.090797424316406,73.20148468017578,73.3432388305664,73.55413818359375,75.51390075683594,76.19047546386719,70,66.66667175292969,70,85,90.47618865966797,77.2727279663086,85.71428680419922,2.309602975845337,8589934592,1073741824,5126340608,290652160
206,1771649672621,3504,3504,3504,3504,3504,3504,3504,3504,76.2747802734375,74.51661682128906,73.69207763671875,74.38817596435547,60.090797424316406,73.20148468017578,73.3432388305664,73.55413818359375,75.51390075683594,76.19047546386719,70,70,68.18181610107422,85.71428680419922,85,85,90,2.309602975845337,8589934592,1073741824,5126340608,290652160
204,1771649672828,3504,3504,3504,3504,3504,3504,3504,3504,76.2747802734375,74.51661682128906,73.69207763671875,74.38817596435547,60.090797424316406,73.20148468017578,73.3432388305664,73.55413818359375,75.51390075683594,66.66667175292969,66.66667175292969,63.6363639831543,65,85.71428680419922,77.2727279663086,80.95238494873047,77.2727279663086,18.707658767700195,8589934592,1073741824,5126340608,290652160
210,1771649673033,3504,3504,3504,3504,3504,3504,3504,3504,76.2747802734375,74.51661682128906,73.69207763671875,74.38817596435547,60.090797424316406,73.20148468017578,73.3432388305664,73.55413818359375,75.51390075683594,78.94737243652344,70,70,71.42857360839844,90,85,80,84.21052551269531,18.707658767700195,8589934592,1073741824,5152768000,290652160
209,1771649673243,3504,3504,3504,3504,3504,3504,3504,3504,78.29944610595703,76.5722885131836,75.79115295410156,76.47904968261719,62.16408157348633,75.12141418457031,75.45624542236328,75.40617370605469,77.72151947021484,68.18181610107422,66.66667175292969,65,66.66667175292969,85.71428680419922,90.47618865966797,81.81818389892578,77.2727279663086,18.707658767700195,8589934592,1073741824,5185437696,290652160
201,1771649673453,3504,3504,3504,3504,3504,3504,3504,3504,78.29944610595703,76.5722885131836,75.79115295410156,76.47904968261719,62.16408157348633,75.12141418457031,75.45624542236328,75.40617370605469,77.72151947021484,80.95238494873047,80.95238494873047,71.42857360839844,76.19047546386719,90.47618865966797,85.71428680419922,85,90.47618865966797,18.707658767700195,8589934592,1073741824,5150326784,290652160
200,1771649673654,3504,3504,3504,3504,3504,3504,3504,3504,78.29944610595703,76.5722885131836,75.79115295410156,76.47904968261719,62.16408157348633,75.12141418457031,75.45624542236328,75.40617370605469,77.72151947021484,70,71.42857360839844,71.42857360839844,70,90,90,80.95238494873047,80,19.348594665527344,8589934592,1073741824,5145493504,290652160
203,1771649673855,3504,3504,3504,3504,3504,3504,3504,3504,78.29944610595703,76.5722885131836,75.79115295410156,76.47904968261719,62.16408157348633,75.12141418457031,75.45624542236328,75.40617370605469,77.72151947021484,75,68.42105102539063,63.15789031982422,66.66667175292969,85,80.95238494873047,85,80,19.348594665527344,8589934592,1073741824,5185273856,290652160
203,1771649674058,3504,3504,3504,3504,3504,3504,3504,3504,78.29944610595703,76.5722885131836,75.79115295410156,76.47904968261719,62.16408157348633,75.12141418457031,75.45624542236328,75.40617370605469,77.72151947021484,75,71.42857360839844,71.42857360839844,68.42105102539063,85.71428680419922,90,85,85.71428680419922,19.348594665527344,8589934592,1073741824,5148278784,290652160
205,1771649674262,3504,3504,3504,3504,3504,3504,3504,3504,80.47896575927734,78.63349914550781,77.74600219726563,78.62448120117188,63.74496841430664,77.04398345947266,77.2953872680664,77.42884063720703,79.61004638671875,75,71.42857360839844,70,71.42857360839844,90,89.47368621826172,85,80,19.348594665527344,8589934592,1073741824,5147443200,290652160
203,1771649674467,3504,3504,3504,3504,3504,3504,3504,3504,80.47896575927734,78.63349914550781,77.74600219726563,78.62448120117188,63.74496841430664,77.04398345947266,77.2953872680664,77.42884063720703,79.61004638671875,71.42857360839844,68.42105102539063,71.42857360839844,65,90,80.95238494873047,80.95238494873047,85,19.348594665527344,8589934592,1073741824,5152915456,290652160
209,1771649674671,3504,3504,3504,3504,3504,3504,3504,3504,80.47896575927734,78.63349914550781,77.74600219726563,78.62448120117188,63.74496841430664,77.04398345947266,77.2953872680664,77.42884063720703,79.61004638671875,70,71.42857360839844,70,75,90,90,85,80.95238494873047,18.97020721435547,8589934592,1073741824,5123424256,290652160
206,1771649674882,3504,3504,3504,3504,3504,3504,3504,3504,80.47896575927734,78.63349914550781,77.74600219726563,78.62448120117188,63.74496841430664,77.04398345947266,77.2953872680664,77.42884063720703,79.61004638671875,71.42857360839844,70,71.42857360839844,71.42857360839844,86.36363983154297,81.81818389892578,85,90.47618865966797,18.97020721435547,8589934592,1073741824,5146034176,290652160
204,1771649675088,3504,3504,3504,3504,3504,3504,3504,3504,80.47896575927734,78.63349914550781,77.74600219726563,78.62448120117188,63.74496841430664,77.04398345947266,77.2953872680664,77.42884063720703,79.61004638671875,66.66667175292969,71.42857360839844,65,72.7272720336914,85,85.71428680419922,81.81818389892578,80,18.97020721435547,8589934592,1073741824,5146738688,290652160
204,1771649675293,3504,3504,3504,3504,3504,3504,3504,3504,81.45665740966797,79.91455841064453,79.04620361328125,79.67385864257813,65.03984832763672,78.39060974121094,78.56526947021484,78.77989196777344,80.87910461425781,57.142860412597656,54.54545593261719,54.54545593261719,55,61.904762268066406,68.42105102539063,70,65,18.97020721435547,8589934592,1073741824,5150752768,290652160
209,1771649675498,3504,3504,3504,3504,3504,3504,3504,3504,81.45665740966797,79.91455841064453,79.04620361328125,79.67385864257813,65.03984832763672,78.39060974121094,78.56526947021484,78.77989196777344,80.87910461425781,10,10.526315689086914,5,10,5,9.090909004211426,0,0,18.97020721435547,8589934592,1073741824,5135319040,290652160
209,1771649675708,3504,3504,3504,3504,3504,3504,3504,3504,81.45665740966797,79.91455841064453,79.04620361328125,79.67385864257813,65.03984832763672,78.39060974121094,78.56526947021484,78.77989196777344,80.87910461425781,19.047618865966797,22.72727394104004,19.047618865966797,23.809524536132813,22.72727394104004,19.047618865966797,22.72727394104004,22.72727394104004,19.318422317504883,8589934592,1073741824,5130977280,290652160
202,1771649675918,3504,3504,3504,3504,3504,3504,3504,3504,81.45665740966797,79.91455841064453,79.04620361328125,79.67385864257813,65.03984832763672,78.39060974121094,78.56526947021484,78.77989196777344,80.87910461425781,14.285715103149414,15.000000953674316,9.523809432983398,14.285715103149414,0,0,0,0,19.318422317504883,8589934592,1073741824,5130960896,290652160
209,1771649676121,3504,3504,3504,3504,3504,3504,3504,3504,81.45665740966797,79.91455841064453,79.04620361328125,79.67385864257813,65.03984832763672,78.39060974121094,78.56526947021484,78.77989196777344,80.87910461425781,20,25,15.000000953674316,10,0,0,0,0,19.318422317504883,8589934592,1073741824,5130862592,290652160
206,1771649676332,3504,3504,3504,3504,3504,3504,3504,3504,60.10927963256836,59.5833740234375,58.391197204589844,58.43201446533203,56.71963119506836,58.228607177734375,57.949058532714844,59.077598571777344,59.661983489990234,19.047618865966797,18.18181800842285,14.285715103149414,9.090909004211426,0,0,0,0,19.318422317504883,8589934592,1073741824,5130862592,290652160
203,1771649676538,3504,3504,3504,3504,3504,3504,3504,3504,60.10927963256836,59.5833740234375,58.391197204589844,58.43201446533203,56.71963119506836,58.228607177734375,57.949058532714844,59.077598571777344,59.661983489990234,15.000000953674316,15.000000953674316,20,5.263157844543457,0,0,0,0,19.318422317504883,8589934592,1073741824,5130878976,290652160
205,1771649676742,3504,3504,3504,3504,3504,3504,3504,3504,60.10927963256836,59.5833740234375,58.391197204589844,58.43201446533203,56.71963119506836,58.228607177734375,57.949058532714844,59.077598571777344,59.661983489990234,19.047618865966797,19.047618865966797,19.047618865966797,13.636363983154297,0,0,0,0,19.24172592163086,8589934592,1073741824,5130895360,290652160
200,1771649676948,3504,3504,3504,3504,3504,3504,3504,3504,60.10927963256836,59.5833740234375,58.391197204589844,58.43201446533203,56.71963119506836,58.228607177734375,57.949058532714844,59.077598571777344,59.661983489990234,21.052631378173828,15.000000953674316,19.047618865966797,5.263157844543457,0,0,0,0,19.24172592163086,8589934592,1073741824,5130928128,290652160
204,1771649677149,3504,3504,3504,3504,3504,3504,3504,3504,51.27853775024414,50.6535758972168,49.77393341064453,49.62512969970703,49.93498611450195,49.63690185546875,49.316795349121094,50.52779006958008,50.71730422973633,23.809524536132813,30.000001907348633,21.052631378173828,14.285715103149414,0,0,0,0,19.24172592163086,8589934592,1073741824,5130174464,290652160
209,1771649677354,3504,3504,3504,3504,3504,3504,3504,3504,51.27853775024414,50.6535758972168,49.77393341064453,49.62512969970703,49.93498611450195,49.63690185546875,49.316795349121094,50.52779006958008,50.71730422973633,30.000001907348633,36.842105865478516,33.333335876464844,33.333335876464844,0,0,0,0,19.24172592163086,8589934592,1073741824,5130092544,290652160
209,1771649677564,3504,3504,3504,3504,3504,3504,3504,3504,51.27853775024414,50.6535758972168,49.77393341064453,49.62512969970703,49.93498611450195,49.63690185546875,49.316795349121094,50.52779006958008,50.71730422973633,19.047618865966797,13.636363983154297,10,10.526315689086914,0,0,0,0,19.24172592163086,8589934592,1073741824,5130076160,290652160
209,1771649677774,3504,3504,3504,3504,3504,3504,3504,3504,51.27853775024414,50.6535758972168,49.77393341064453,49.62512969970703,49.93498611450195,49.63690185546875,49.316795349121094,50.52779006958008,50.71730422973633,14.285715103149414,14.285715103149414,14.285715103149414,14.285715103149414,0,0,0,0,7.0786638259887695,8589934592,1073741824,5130108928,290652160
203,1771649677984,3504,3504,3504,3504,3504,3504,3504,3504,51.27853775024414,50.6535758972168,49.77393341064453,49.62512969970703,49.93498611450195,49.63690185546875,49.316795349121094,50.52779006958008,50.71730422973633,19.047618865966797,15.000000953674316,14.285715103149414,19.047618865966797,0,0,0,0,7.0786638259887695,8589934592,1073741824,5130108928,290652160
206,1771649678188,3504,3504,3504,3504,3504,3504,3504,3504,48.99368667602539,48.55398178100586,47.42243194580078,47.22993469238281,47.55120086669922,47.3975830078125,47.015220642089844,48.17387390136719,48.33980178833008,20,14.285715103149414,9.523809432983398,10,0,0,0,0,7.0786638259887695,8589934592,1073741824,5130223616,290652160
207,1771649678395,3504,3504,3504,3504,3504,3504,3504,3504,48.99368667602539,48.55398178100586,47.42243194580078,47.22993469238281,47.55120086669922,47.3975830078125,47.015220642089844,48.17387390136719,48.33980178833008,23.809524536132813,20,10,9.523809432983398,0,0,0,0,7.0786638259887695,8589934592,1073741824,5130141696,290652160
205,1771649678603,3504,3504,3504,3504,3504,3504,3504,3504,48.99368667602539,48.55398178100586,47.42243194580078,47.22993469238281,47.55120086669922,47.3975830078125,47.015220642089844,48.17387390136719,48.33980178833008,20,23.809524536132813,9.523809432983398,9.090909004211426,0,0,0,0,7.0786638259887695,8589934592,1073741824,5130158080,290652160
209,1771649678808,3504,3504,3504,3504,3504,3504,3504,3504,48.99368667602539,48.55398178100586,47.42243194580078,47.22993469238281,47.55120086669922,47.3975830078125,47.015220642089844,48.17387390136719,48.33980178833008,23.809524536132813,14.285715103149414,10,10,5,5,4.761904716491699,0,1.8026080131530762,8589934592,1073741824,5130338304,290652160
209,1771649679018,3504,3504,3504,3504,3504,3504,3504,3504,48.99368667602539,48.55398178100586,47.42243194580078,47.22993469238281,47.55120086669922,47.3975830078125,47.015220642089844,48.17387390136719,48.33980178833008,15.000000953674316,19.047618865966797,9.523809432983398,9.523809432983398,4.761904716491699,0,4.761904716491699,0,1.8026080131530762,8589934592,1073741824,5130338304,290652160
209,1771649679228,3504,3504,3504,3504,3504,3504,3504,3504,47.51060104370117,47.27942657470703,45.902313232421875,45.72559356689453,46.12548828125,46.22526550292969,45.63580322265625,46.70927810668945,46.86078643798828,23.809524536132813,19.047618865966797,14.285715103149414,9.523809432983398,0,0,0,0,1.8026080131530762,8589934592,1073741824,5123604480,290652160
209,1771649679438,3504,3504,3504,3504,3504,3504,3504,3504,47.51060104370117,47.27942657470703,45.902313232421875,45.72559356689453,46.12548828125,46.22526550292969,45.63580322265625,46.70927810668945,46.86078643798828,33.333335876464844,20,13.636363983154297,14.285715103149414,0,0,0,0,1.8026080131530762,8589934592,1073741824,5123653632,290652160
206,1771649679648,3504,3504,3504,3504,3504,3504,3504,3504,47.51060104370117,47.27942657470703,45.902313232421875,45.72559356689453,46.12548828125,46.22526550292969,45.63580322265625,46.70927810668945,46.86078643798828,28.571430206298828,14.285715103149414,5,4.761904716491699,0,0,0,0,2.5142099857330322,8589934592,1073741824,5123653632,290652160
207,1771649679855,3504,3504,3504,3504,3504,3504,3504,3504,47.51060104370117,47.27942657470703,45.902313232421875,45.72559356689453,46.12548828125,46.22526550292969,45.63580322265625,46.70927810668945,46.86078643798828,23.809524536132813,9.523809432983398,10,10,0,0,0,0,2.5142099857330322,8589934592,1073741824,5123670016,290652160
208,1771649680063,3504,3504,3504,3504,3504,3504,3504,3504,47.51060104370117,47.27942657470703,45.902313232421875,45.72559356689453,46.12548828125,46.22526550292969,45.63580322265625,46.70927810668945,46.86078643798828,19.047618865966797,23.809524536132813,23.809524536132813,9.523809432983398,0,0,0,0,2.5142099857330322,8589934592,1073741824,5123686400,290652160
209,1771649680272,3504,3504,3504,3504,3504,3504,3504,3504,46.223106384277344,45.98337173461914,44.820777893066406,44.532325744628906,45.002159118652344,45.28007507324219,44.585533142089844,45.644264221191406,45.72431182861328,30.000001907348633,20,28.571430206298828,19.047618865966797,15.000000953674316,23.809524536132813,10,14.285715103149414,2.5142099857330322,8589934592,1073741824,5103632384,290652160
211,1771649680482,3504,3504,3504,3504,3504,3504,3504,3504,46.223106384277344,45.98337173461914,44.820777893066406,44.532325744628906,45.002159118652344,45.28007507324219,44.585533142089844,45.644264221191406,45.72431182861328,71.42857360839844,66.66667175292969,66.66667175292969,61.904762268066406,86.36363983154297,80.95238494873047,80.95238494873047,76.19047546386719,2.5142099857330322,8589934592,1073741824,5172396032,290652160
209,1771649680693,3504,3504,3504,3504,3504,3504,3504,3504,46.223106384277344,45.98337173461914,44.820777893066406,44.532325744628906,45.002159118652344,45.28007507324219,44.585533142089844,45.644264221191406,45.72431182861328,70,68.18181610107422,76.19047546386719,70,84.21052551269531,85.71428680419922,85.71428680419922,90,2.5113637447357178,8589934592,1073741824,5221187584,290652160
210,1771649680903,3504,3504,3504,3504,3504,3504,3504,3504,46.223106384277344,45.98337173461914,44.820777893066406,44.532325744628906,45.002159118652344,45.28007507324219,44.585533142089844,45.644264221191406,45.72431182861328,72.7272720336914,70,76.19047546386719,68.18181610107422,86.9565200805664,81.81818389892578,85.71428680419922,86.36363983154297,2.5113637447357178,8589934592,1073741824,5193826304,290652160
208,1771649681114,3504,3504,3504,3504,3504,3504,3504,3504,46.223106384277344,45.98337173461914,44.820777893066406,44.532325744628906,45.002159118652344,45.28007507324219,44.585533142089844,45.644264221191406,45.72431182861328,68.18181610107422,71.42857360839844,66.66667175292969,71.42857360839844,85,90.47618865966797,85.71428680419922,85.71428680419922,2.5113637447357178,8589934592,1073741824,5156618240,290652160
209,1771649681322,3504,3504,3504,3504,3504,3504,3504,3504,66.93262481689453,65.30370330810547,64.47714233398438,65.1019515991211,53.26781463623047,64.5935287475586,64.87018585205078,64.94957733154297,66.76509094238281,75,71.42857360839844,71.42857360839844,70,90.47618865966797,90.47618865966797,80.95238494873047,85,2.5113637447357178,8589934592,1073741824,5170462720,290652160
203,1771649681532,3504,3504,3504,3504,3504,3504,3504,3504,66.93262481689453,65.30370330810547,64.47714233398438,65.1019515991211,53.26781463623047,64.5935287475586,64.87018585205078,64.94957733154297,66.76509094238281,70,71.42857360839844,75,71.42857360839844,86.36363983154297,85.71428680419922,95,80.95238494873047,2.5113637447357178,8589934592,1073741824,5176328192,290652160
201,1771649681736,3504,3504,3504,3504,3504,3504,3504,3504,66.93262481689453,65.30370330810547,64.47714233398438,65.1019515991211,53.26781463623047,64.5935287475586,64.87018585205078,64.94957733154297,66.76509094238281,71.42857360839844,70,68.18181610107422,66.66667175292969,90,90,80.95238494873047,80.95238494873047,1.8035694360733032,8589934592,1073741824,5197414400,290652160
206,1771649681937,3504,3504,3504,3504,3504,3504,3504,3504,66.93262481689453,65.30370330810547,64.47714233398438,65.1019515991211,53.26781463623047,64.5935287475586,64.87018585205078,64.94957733154297,66.76509094238281,75,70,83.33332824707031,80,90,85.71428680419922,85,85,1.8035694360733032,8589934592,1073741824,5198659584,290652160
209,1771649682144,3504,3504,3504,3504,3504,3504,3504,3504,76.59851837158203,74.81298828125,73.95510864257813,74.7888412475586,60.33086395263672,73.42558288574219,73.65400695800781,73.7867660522461,75.78294372558594,71.42857360839844,70,71.42857360839844,65,85,89.47368621826172,80,80,1.8035694360733032,8589934592,1073741824,5198708736,290652160
205,1771649682354,3504,3504,3504,3504,3504,3504,3504,3504,76.59851837158203,74.81298828125,73.95510864257813,74.7888412475586,60.33086395263672,73.42558288574219,73.65400695800781,73.7867660522461,75.78294372558594,75,72.7272720336914,72.7272720336914,66.66667175292969,90.47618865966797,85.71428680419922,90.47618865966797,81.81818389892578,1.8035694360733032,8589934592,1073741824,5198725120,290652160
209,1771649682560,3504,3504,3504,3504,3504,3504,3504,3504,76.59851837158203,74.81298828125,73.95510864257813,74.7888412475586,60.33086395263672,73.42558288574219,73.65400695800781,73.7867660522461,75.78294372558594,71.42857360839844,70,65,71.42857360839844,90.47618865966797,90.47618865966797,81.81818389892578,80,1.8035694360733032,8589934592,1073741824,5168775168,290652160
201,1771649682770,3504,3504,3504,3504,3504,3504,3504,3504,76.59851837158203,74.81298828125,73.95510864257813,74.7888412475586,60.33086395263672,73.42558288574219,73.65400695800781,73.7867660522461,75.78294372558594,75,71.42857360839844,71.42857360839844,71.42857360839844,95.23809814453125,85.71428680419922,80,85.71428680419922,15.943902969360352,8589934592,1073741824,5141987328,290652160
207,1771649682971,3504,3504,3504,3504,3504,3504,3504,3504,76.59851837158203,74.81298828125,73.95510864257813,74.7888412475586,60.33086395263672,73.42558288574219,73.65400695800781,73.7867660522461,75.78294372558594,76.19047546386719,70,70,70,84.21052551269531,85.71428680419922,90.47618865966797,85,15.943902969360352,8589934592,1073741824,5157486592,290652160
208,1771649683179,3504,3504,3504,3504,3504,3504,3504,3504,79.44215393066406,77.6807861328125,76.8490982055664,77.5570297241211,62.86004638671875,76.26551055908203,76.34151458740234,76.71809387207031,78.66038513183594,76.19047546386719,71.42857360839844,70,70,85.71428680419922,85.71428680419922,85,85.71428680419922,15.943902969360352,8589934592,1073741824,5135335424,290652160
219,1771649683388,3504,3504,3504,3504,3504,3504,3504,3504,79.44215393066406,77.6807861328125,76.8490982055664,77.5570297241211,62.86004638671875,76.26551055908203,76.34151458740234,76.71809387207031,78.66038513183594,75,71.42857360839844,72.7272720336914,71.42857360839844,85.71428680419922,95,90.47618865966797,90.47618865966797,15.943902969360352,8589934592,1073741824,5162106880,290652160
209,1771649683608,3504,3504,3504,3504,3504,3504,3504,3504,79.44215393066406,77.6807861328125,76.8490982055664,77.5570297241211,62.86004638671875,76.26551055908203,76.34151458740234,76.71809387207031,78.66038513183594,78.26087188720703,77.2727279663086,76.19047546386719,72.7272720336914,86.9565200805664,90.90909576416016,86.36363983154297,81.81818389892578,15.943902969360352,8589934592,1073741824,5156716544,290652160
204,1771649683817,3504,3504,3504,3504,3504,3504,3504,3504,79.44215393066406,77.6807861328125,76.8490982055664,77.5570297241211,62.86004638671875,76.26551055908203,76.34151458740234,76.71809387207031,78.66038513183594,80.95238494873047,76.19047546386719,72.7272720336914,72.7272720336914,90.47618865966797,85.71428680419922,86.36363983154297,90,19.252866744995117,8589934592,1073741824,5175476224,290652160
212,1771649684021,3504,3504,3504,3504,3504,3504,3504,3504,79.44215393066406,77.6807861328125,76.8490982055664,77.5570297241211,62.86004638671875,76.26551055908203,76.34151458740234,76.71809387207031,78.66038513183594,75,70,75,75,95,90,90,81.81818389892578,19.252866744995117,8589934592,1073741824,5134712832,290652160
207,1771649684233,3504,3504,3504,3504,3504,3504,3504,3504,81.66376495361328,79.90023040771484,78.93098449707031,79.6123275756836,64.74665069580078,78.51376342773438,78.63311004638672,79.05776977539063,81.15763854980469,72.7272720336914,76.19047546386719,66.66667175292969,70,85.71428680419922,86.36363983154297,85,85,19.252866744995117,8589934592,1073741824,5128241152,290652160
202,1771649684441,3504,3504,3504,3504,3504,3504,3504,3504,81.66376495361328,79.90023040771484,78.93098449707031,79.6123275756836,64.74665069580078,78.51376342773438,78.63311004638672,79.05776977539063,81.15763854980469,75,71.42857360839844,71.42857360839844,71.42857360839844,85.71428680419922,90,90.47618865966797,90.47618865966797,19.252866744995117,8589934592,1073741824,5153128448,290652160
206,1771649684643,3504,3504,3504,3504,3504,3504,3504,3504,81.66376495361328,79.90023040771484,78.93098449707031,79.6123275756836,64.74665069580078,78.51376342773438,78.63311004638672,79.05776977539063,81.15763854980469,80,71.42857360839844,70,66.66667175292969,85,95,85.71428680419922,80,19.201292037963867,8589934592,1073741824,5140807680,290652160
208,1771649684851,3504,3504,3504,3504,3504,3504,3504,3504,81.66376495361328,79.90023040771484,78.93098449707031,79.6123275756836,64.74665069580078,78.51376342773438,78.63311004638672,79.05776977539063,81.15763854980469,77.2727279663086,72.22222137451172,71.42857360839844,71.42857360839844,85.71428680419922,90.47618865966797,85,85.71428680419922,19.201292037963867,8589934592,1073741824,5162958848,290652160
216,1771649685059,3504,3504,3504,3504,3504,3504,3504,3504,81.66376495361328,79.90023040771484,78.93098449707031,79.6123275756836,64.74665069580078,78.51376342773438,78.63311004638672,79.05776977539063,81.15763854980469,75,72.7272720336914,71.42857360839844,75,85,90.47618865966797,85.71428680419922,80.95238494873047,19.201292037963867,8589934592,1073741824,5145591808,290652160
209,1771649685276,3504,3504,3504,3504,3504,3504,3504,3504,83.30609893798828,80.83670043945313,80.24235534667969,81.29676055908203,66.12300109863281,79.81366729736328,79.81495666503906,80.34527587890625,82.24581146240234,71.42857360839844,72.7272720336914,68.18181610107422,68.18181610107422,81.81818389892578,86.36363983154297,85.71428680419922,80.95238494873047,19.201292037963867,8589934592,1073741824,5202509824,290652160
208,1771649685486,3504,3504,3504,3504,3504,3504,3504,3504,83.30609893798828,80.83670043945313,80.24235534667969,81.29676055908203,66.12300109863281,79.81366729736328,79.81495666503906,80.34527587890625,82.24581146240234,30.000001907348633,38.095237731933594,25,23.809524536132813,38.095237731933594,35,34.78260803222656,31.81818199157715,19.201292037963867,8589934592,1073741824,5137809408,290652160
208,1771649685695,3504,3504,3504,3504,3504,3504,3504,3504,83.30609893798828,80.83670043945313,80.24235534667969,81.29676055908203,66.12300109863281,79.81366729736328,79.81495666503906,80.34527587890625,82.24581146240234,13.636363983154297,14.285715103149414,9.523809432983398,5,4.761904716491699,9.523809432983398,0,0,19.920635223388672,8589934592,1073741824,5138120704,290652160
204,1771649685904,3504,3504,3504,3504,3504,3504,3504,3504,83.30609893798828,80.83670043945313,80.24235534667969,81.29676055908203,66.12300109863281,79.81366729736328,79.81495666503906,80.34527587890625,82.24581146240234,25,20,14.285715103149414,9.523809432983398,0,0,0,0,19.920635223388672,8589934592,1073741824,5138268160,290652160
204,1771649686109,3504,3504,3504,3504,3504,3504,3504,3504,83.30609893798828,80.83670043945313,80.24235534667969,81.29676055908203,66.12300109863281,79.81366729736328,79.81495666503906,80.34527587890625,82.24581146240234,23.809524536132813,20,10,9.523809432983398,0,0,0,0,19.920635223388672,8589934592,1073741824,5138268160,290652160
204,1771649686314,3504,3504,3504,3504,3504,3504,3504,3504,63.803794860839844,63.07992172241211,62.0079345703125,62.14570617675781,58.83305740356445,61.687774658203125,61.41954040527344,62.4266242980957,63.14958953857422,15.000000953674316,14.285715103149414,23.809524536132813,9.523809432983398,0,0,0,0,19.920635223388672,8589934592,1073741824,5138268160,290652160
200,1771649686518,3504,3504,3504,3504,3504,3504,3504,3504,63.803794860839844,63.07992172241211,62.0079345703125,62.14570617675781,58.83305740356445,61.687774658203125,61.41954040527344,62.4266242980957,63.14958953857422,19.047618865966797,14.285715103149414,20,5.263157844543457,0,0,0,0,19.920635223388672,8589934592,1073741824,5135220736,290652160
201,1771649686719,3504,3504,3504,3504,3504,3504,3504,3504,63.803794860839844,63.07992172241211,62.0079345703125,62.14570617675781,58.83305740356445,61.687774658203125,61.41954040527344,62.4266242980957,63.14958953857422,15.000000953674316,15.000000953674316,26.3157901763916,9.523809432983398,0,0,0,0,19.74811363220215,8589934592,1073741824,5135220736,290652160
209,1771649686921,3504,3504,3504,3504,3504,3504,3504,3504,63.803794860839844,63.07992172241211,62.0079345703125,62.14570617675781,58.83305740356445,61.687774658203125,61.41954040527344,62.4266242980957,63.14958953857422,10.526315689086914,20,19.047618865966797,9.523809432983398,0,0,0,0,19.74811363220215,8589934592,1073741824,5135220736,290652160
206,1771649687131,3504,3504,3504,3504,3504,3504,3504,3504,63.803794860839844,63.07992172241211,62.0079345703125,62.14570617675781,58.83305740356445,61.687774658203125,61.41954040527344,62.4266242980957,63.14958953857422,23.809524536132813,14.285715103149414,14.285715103149414,10,0,0,0,0,19.74811363220215,8589934592,1073741824,5135220736,290652160
205,1771649687338,3504,3504,3504,3504,3504,3504,3504,3504,52.34990310668945,51.816715240478516,50.89940643310547,50.62408447265625,50.97487258911133,50.74168395996094,50.3883056640625,51.565433502197266,51.81912612915039,15.000000953674316,15.000000953674316,25,10,0,0,0,0,19.74811363220215,8589934592,1073741824,5135220736,290652160
199,1771649687544,3504,3504,3504,3504,3504,3504,3504,3504,52.34990310668945,51.816715240478516,50.89940643310547,50.62408447265625,50.97487258911133,50.74168395996094,50.3883056640625,51.565433502197266,51.81912612915039,18.18181800842285,10,23.809524536132813,9.523809432983398,0,0,0,0,19.74811363220215,8589934592,1073741824,5135237120,290652160
210,1771649687744,3504,3504,3504,3504,3504,3504,3504,3504,52.34990310668945,51.816715240478516,50.89940643310547,50.62408447265625,50.97487258911133,50.74168395996094,50.3883056640625,51.565433502197266,51.81912612915039,21.052631378173828,14.285715103149414,19.047618865966797,10,0,0,0,0,6.255066394805908,8589934592,1073741824,5135237120,290652160
209,1771649687955,3504,3504,3504,3504,3504,3504,3504,3504,52.34990310668945,51.816715240478516,50.89940643310547,50.62408447265625,50.97487258911133,50.74168395996094,50.3883056640625,51.565433502197266,51.81912612915039,19.047618865966797,10,15.000000953674316,4.761904716491699,0,0,0,0,6.255066394805908,8589934592,1073741824,5135237120,290652160
208,1771649688165,3504,3504,3504,3504,3504,3504,3504,3504,49.78269577026367,49.30234146118164,48.354248046875,48.03382873535156,48.47284698486328,48.27204132080078,47.9503173828125,49.0867805480957,49.25812530517578,19.047618865966797,14.285715103149414,19.047618865966797,9.523809432983398,0,0,0,0,6.255066394805908,8589934592,1073741824,5134450688,290652160
205,1771649688374,3504,3504,3504,3504,3504,3504,3504,3504,49.78269577026367,49.30234146118164,48.354248046875,48.03382873535156,48.47284698486328,48.27204132080078,47.9503173828125,49.0867805480957,49.25812530517578,23.809524536132813,14.285715103149414,19.047618865966797,9.523809432983398,0,0,0,0,6.255066394805908,8589934592,1073741824,5134450688,290652160
207,1771649688580,3504,3504,3504,3504,3504,3504,3504,3504,49.78269577026367,49.30234146118164,48.354248046875,48.03382873535156,48.47284698486328,48.27204132080078,47.9503173828125,49.0867805480957,49.25812530517578,30.000001907348633,15.000000953674316,5,5,0,0,0,0,6.255066394805908,8589934592,1073741824,5133074432,290652160
209,1771649688789,3504,3504,3504,3504,3504,3504,3504,3504,49.78269577026367,49.30234146118164,48.354248046875,48.03382873535156,48.47284698486328,48.27204132080078,47.9503173828125,49.0867805480957,49.25812530517578,28.571430206298828,18.18181800842285,14.285715103149414,5,4.545454502105713,0,0,0,1.802138090133667,8589934592,1073741824,5131862016,290652160
206,1771649688998,3504,3504,3504,3504,3504,3504,3504,3504,49.78269577026367,49.30234146118164,48.354248046875,48.03382873535156,48.47284698486328,48.27204132080078,47.9503173828125,49.0867805480957,49.25812530517578,22.72727394104004,14.285715103149414,15.000000953674316,9.090909004211426,0,0,0,0,1.802138090133667,8589934592,1073741824,5126864896,290652160
209,1771649689205,3504,3504,3504,3504,3504,3504,3504,3504,48.398780822753906,47.9998664855957,46.72798156738281,46.49583435058594,46.86201858520508,46.7996826171875,46.41191864013672,47.46315383911133,47.725013732910156,20,10,18.18181800842285,5,0,0,0,0,1.802138090133667,8589934592,1073741824,5124980736,290652160
208,1771649689415,3504,3504,3504,3504,3504,3504,3504,3504,48.398780822753906,47.9998664855957,46.72798156738281,46.49583435058594,46.86201858520508,46.7996826171875,46.41191864013672,47.46315383911133,47.725013732910156,30.000001907348633,15.000000953674316,15.000000953674316,14.285715103149414,0,0,0,0,1.802138090133667,8589934592,1073741824,5125062656,290652160
209,1771649689623,3504,3504,3504,3504,3504,3504,3504,3504,48.398780822753906,47.9998664855957,46.72798156738281,46.49583435058594,46.86201858520508,46.7996826171875,46.41191864013672,47.46315383911133,47.725013732910156,28.571430206298828,18.18181800842285,23.809524536132813,9.523809432983398,0,0,0,0,1.802138090133667,8589934592,1073741824,5125226496,290652160
202,1771649689833,3504,3504,3504,3504,3504,3504,3504,3504,48.398780822753906,47.9998664855957,46.72798156738281,46.49583435058594,46.86201858520508,46.7996826171875,46.41191864013672,47.46315383911133,47.725013732910156,28.571430206298828,35,23.809524536132813,23.809524536132813,0,0,0,0,2.603780508041382,8589934592,1073741824,5125996544,290652160
205,1771649690036,3504,3504,3504,3504,3504,3504,3504,3504,48.398780822753906,47.9998664855957,46.72798156738281,46.49583435058594,46.86201858520508,46.7996826171875,46.41191864013672,47.46315383911133,47.725013732910156,15.000000953674316,28.571430206298828,10,5,0,0,0,0,2.603780508041382,8589934592,1073741824,5125996544,290652160
207,1771649690242,3504,3504,3504,3504,3504,3504,3504,3504,47.108890533447266,46.9951286315918,45.59783935546875,45.369346618652344,45.81214904785156,46.08869171142578,45.41473388671875,46.488216400146484,46.591678619384766,19.047618865966797,20,9.523809432983398,5,10,9.523809432983398,9.523809432983398,9.090909004211426,2.603780508041382,8589934592,1073741824,5125996544,290652160
204,1771649690450,3504,3504,3504,3504,3504,3504,3504,3504,47.108890533447266,46.9951286315918,45.59783935546875,45.369346618652344,45.81214904785156,46.08869171142578,45.41473388671875,46.488216400146484,46.591678619384766,55,52.38095474243164,45,40.90909194946289,55,50,52.38095474243164,42.105262756347656,2.603780508041382,8589934592,1073741824,5125996544,290652160
209,1771649690654,3504,3504,3504,3504,3504,3504,3504,3504,47.108890533447266,46.9951286315918,45.59783935546875,45.369346618652344,45.81214904785156,46.08869171142578,45.41473388671875,46.488216400146484,46.591678619384766,71.42857360839844,68.42105102539063,71.42857360839844,73.68421173095703,80.95238494873047,86.36363983154297,85,81.81818389892578,2.0969040393829346,8589934592,1073741824,5157208064,290652160
209,1771649690864,3504,3504,3504,3504,3504,3504,3504,3504,47.108890533447266,46.9951286315918,45.59783935546875,45.369346618652344,45.81214904785156,46.08869171142578,45.41473388671875,46.488216400146484,46.591678619384766,71.42857360839844,72.7272720336914,71.42857360839844,68.18181610107422,86.36363983154297,90,90,85.71428680419922,2.0969040393829346,8589934592,1073741824,5136220160,290652160
209,1771649691074,3504,3504,3504,3504,3504,3504,3504,3504,47.108890533447266,46.9951286315918,45.59783935546875,45.369346618652344,45.81214904785156,46.08869171142578,45.41473388671875,46.488216400146484,46.591678619384766,75,66.66667175292969,65,70,85,86.36363983154297,85.71428680419922,90,2.0969040393829346,8589934592,1073741824,5158436864,290652160
210,1771649691284,3504,3504,3504,3504,3504,3504,3504,3504,65.48851013183594,63.94682693481445,63.05457305908203,63.614013671875,52.884849548339844,63.14845275878906,63.24864959716797,63.50521469116211,65.06441497802734,76.19047546386719,75,72.7272720336914,72.7272720336914,85.71428680419922,90,81.81818389892578,90.47618865966797,2.0969040393829346,8589934592,1073741824,5192777728,290652160
209,1771649691494,3504,3504,3504,3504,3504,3504,3504,3504,65.48851013183594,63.94682693481445,63.05457305908203,63.614013671875,52.884849548339844,63.14845275878906,63.24864959716797,63.50521469116211,65.06441497802734,72.7272720336914,71.42857360839844,70,66.66667175292969,90,86.36363983154297,80.95238494873047,80.95238494873047,2.0969040393829346,8589934592,1073741824,5158289408,290652160
206,1771649691704,3504,3504,3504,3504,3504,3504,3504,3504,65.48851013183594,63.94682693481445,63.05457305908203,63.614013671875,52.884849548339844,63.14845275878906,63.24864959716797,63.50521469116211,65.06441497802734,75,76.19047546386719,71.42857360839844,75,86.36363983154297,95,85,86.36363983154297,2.1585347652435303,8589934592,1073741824,5155733504,290652160
212,1771649691911,3504,3504,3504,3504,3504,3504,3504,3504,65.48851013183594,63.94682693481445,63.05457305908203,63.614013671875,52.884849548339844,63.14845275878906,63.24864959716797,63.50521469116211,65.06441497802734,76.19047546386719,66.66667175292969,71.42857360839844,66.66667175292969,90.47618865966797,85.71428680419922,80.95238494873047,85.71428680419922,2.1585347652435303,8589934592,1073741824,5190549504,290652160
209,1771649692124,3504,3504,3504,3504,3504,3504,3504,3504,65.48851013183594,63.94682693481445,63.05457305908203,63.614013671875,52.884849548339844,63.14845275878906,63.24864959716797,63.50521469116211,65.06441497802734,68.18181610107422,72.7272720336914,68.18181610107422,66.66667175292969,85.71428680419922,85.71428680419922,81.81818389892578,84.21052551269531,2.1585347652435303,8589934592,1073741824,5133615104,290652160
202,1771649692334,3504,3504,3504,3504,3504,3504,3504,3504,77.29163360595703,75.32566833496094,74.5816650390625,75.39070129394531,60.83738708496094,73.99967193603516,74.45133209228516,74.17771911621094,76.75238800048828,76.19047546386719,65,65,68.18181610107422,80.95238494873047,85.71428680419922,85.71428680419922,81.81818389892578,2.1585347652435303,8589934592,1073741824,5162762240,290652160
207,1771649692537,3504,3504,3504,3504,3504,3504,3504,3504,77.29163360595703,75.32566833496094,74.5816650390625,75.39070129394531,60.83738708496094,73.99967193603516,74.45133209228516,74.17771911621094,76.75238800048828,68.42105102539063,71.42857360839844,71.42857360839844,68.42105102539063,85.71428680419922,76.19047546386719,85,85.71428680419922,2.1585347652435303,8589934592,1073741824,5163286528,290652160
209,1771649692745,3504,3504,3504,3504,3504,3504,3504,3504,77.29163360595703,75.32566833496094,74.5816650390625,75.39070129394531,60.83738708496094,73.99967193603516,74.45133209228516,74.17771911621094,76.75238800048828,72.7272720336914,66.66667175292969,70,68.18181610107422,90,85.71428680419922,85,76.19047546386719,12.336421012878418,8589934592,1073741824,5136171008,290652160
209,1771649692955,3504,3504,3504,3504,3504,3504,3504,3504,77.29163360595703,75.32566833496094,74.5816650390625,75.39070129394531,60.83738708496094,73.99967193603516,74.45133209228516,74.17771911621094,76.75238800048828,75,71.42857360839844,71.42857360839844,70,86.36363983154297,85.71428680419922,80.95238494873047,85,12.336421012878418,8589934592,1073741824,5113233408,290652160
202,1771649693165,3504,3504,3504,3504,3504,3504,3504,3504,79.2835693359375,77.7931900024414,76.9218521118164,77.5167236328125,63.17366409301758,76.56138610839844,76.63838958740234,77.01044464111328,78.95694732666016,75,71.42857360839844,71.42857360839844,68.18181610107422,89.47368621826172,90,85.71428680419922,85.71428680419922,12.336421012878418,8589934592,1073741824,5113233408,290652160
200,1771649693368,3504,3504,3504,3504,3504,3504,3504,3504,79.2835693359375,77.7931900024414,76.9218521118164,77.5167236328125,63.17366409301758,76.56138610839844,76.63838958740234,77.01044464111328,78.95694732666016,71.42857360839844,68.42105102539063,65,65,90.47618865966797,80,80.95238494873047,80.95238494873047,12.336421012878418,8589934592,1073741824,5113233408,290652160
204,1771649693569,3504,3504,3504,3504,3504,3504,3504,3504,79.2835693359375,77.7931900024414,76.9218521118164,77.5167236328125,63.17366409301758,76.56138610839844,76.63838958740234,77.01044464111328,78.95694732666016,80.95238494873047,75,75,73.68421173095703,90.47618865966797,85.71428680419922,85,89.47368621826172,12.336421012878418,8589934592,1073741824,5113233408,290652160
209,1771649693773,3504,3504,3504,3504,3504,3504,3504,3504,79.2835693359375,77.7931900024414,76.9218521118164,77.5167236328125,63.17366409301758,76.56138610839844,76.63838958740234,77.01044464111328,78.95694732666016,75,70,66.66667175292969,68.18181610107422,90,80,85.71428680419922,85,19.044235229492188,8589934592,1073741824,5149704192,290652160
209,1771649693983,3504,3504,3504,3504,3504,3504,3504,3504,79.2835693359375,77.7931900024414,76.9218521118164,77.5167236328125,63.17366409301758,76.56138610839844,76.63838958740234,77.01044464111328,78.95694732666016,70,71.42857360839844,66.66667175292969,70,90.47618865966797,90.47618865966797,80,77.2727279663086,19.044235229492188,8589934592,1073741824,5183422464,290652160
209,1771649694193,3504,3504,3504,3504,3504,3504,3504,3504,81.53656005859375,80.2032699584961,79.24964141845703,79.77923583984375,64.98932647705078,78.30860900878906,78.40703582763672,78.68096923828125,80.7740478515625,71.42857360839844,72.7272720336914,71.42857360839844,71.42857360839844,90.47618865966797,85.71428680419922,81.81818389892578,80.95238494873047,19.044235229492188,8589934592,1073741824,5131616256,290652160
203,1771649694403,3504,3504,3504,3504,3504,3504,3504,3504,81.53656005859375,80.2032699584961,79.24964141845703,79.77923583984375,64.98932647705078,78.30860900878906,78.40703582763672,78.68096923828125,80.7740478515625,66.66667175292969,66.66667175292969,66.66667175292969,66.66667175292969,90.47618865966797,80,80,80.95238494873047,19.044235229492188,8589934592,1073741824,5162827776,290652160
208,1771649694607,3504,3504,3504,3504,3504,3504,3504,3504,81.53656005859375,80.2032699584961,79.24964141845703,79.77923583984375,64.98932647705078,78.30860900878906,78.40703582763672,78.68096923828125,80.7740478515625,71.42857360839844,70,70,66.66667175292969,90,85.71428680419922,80.95238494873047,80,19.044235229492188,8589934592,1073741824,5144952832,290652160
207,1771649694816,3504,3504,3504,3504,3504,3504,3504,3504,81.53656005859375,80.2032699584961,79.24964141845703,79.77923583984375,64.98932647705078,78.30860900878906,78.40703582763672,78.68096923828125,80.7740478515625,71.42857360839844,66.66667175292969,66.66667175292969,70,85.71428680419922,80.95238494873047,78.94737243652344,85.71428680419922,19.61553955078125,8589934592,1073741824,5115707392,290652160
209,1771649695023,3504,3504,3504,3504,3504,3504,3504,3504,81.53656005859375,80.2032699584961,79.24964141845703,79.77923583984375,64.98932647705078,78.30860900878906,78.40703582763672,78.68096923828125,80.7740478515625,75,76.19047546386719,80,71.42857360839844,85.71428680419922,90.47618865966797,86.36363983154297,80.95238494873047,19.61553955078125,8589934592,1073741824,5158715392,290652160
209,1771649695233,3504,3504,3504,3504,3504,3504,3504,3504,82.70254516601563,81.08206176757813,80.31867218017578,80.9344482421875,66.21333312988281,79.56187438964844,79.8170166015625,79.85671997070313,82.2322006225586,71.42857360839844,70,71.42857360839844,71.42857360839844,85.71428680419922,90.47618865966797,85.71428680419922,85.71428680419922,19.61553955078125,8589934592,1073741824,5159731200,290652160
201,1771649695443,3504,3504,3504,3504,3504,3504,3504,3504,82.70254516601563,81.08206176757813,80.31867218017578,80.9344482421875,66.21333312988281,79.56187438964844,79.8170166015625,79.85671997070313,82.2322006225586,57.142860412597656,54.54545593261719,54.54545593261719,52.38095474243164,66.66667175292969,68.18181610107422,63.6363639831543,61.904762268066406,19.61553955078125,8589934592,1073741824,5159731200,290652160
209,1771649695645,3504,3504,3504,3504,3504,3504,3504,3504,82.70254516601563,81.08206176757813,80.31867218017578,80.9344482421875,66.21333312988281,79.56187438964844,79.8170166015625,79.85671997070313,82.2322006225586,15.000000953674316,10,0,4.761904716491699,10,0,0,0,19.854570388793945,8589934592,1073741824,5159731200,290652160
209,1771649695855,3504,3504,3504,3504,3504,3504,3504,3504,82.70254516601563,81.08206176757813,80.31867218017578,80.9344482421875,66.21333312988281,79.56187438964844,79.8170166015625,79.85671997070313,82.2322006225586,14.285715103149414,25,14.285715103149414,5,0,0,0,0,19.854570388793945,8589934592,1073741824,5135024128,290652160
209,1771649696065,3504,3504,3504,3504,3504,3504,3504,3504,82.70254516601563,81.08206176757813,80.31867218017578,80.9344482421875,66.21333312988281,79.56187438964844,79.8170166015625,79.85671997070313,82.2322006225586,23.809524536132813,19.047618865966797,13.636363983154297,9.523809432983398,0,0,0,0,19.854570388793945,8589934592,1073741824,5131927552,290652160
206,1771649696275,3504,3504,3504,3504,3504,3504,3504,3504,65.42633056640625,64.6850814819336,63.55595397949219,63.64488220214844,59.8021125793457,63.06962585449219,62.80083465576172,63.809234619140625,64.65426635742188,18.18181800842285,23.809524536132813,15.000000953674316,5,0,0,0,0,19.854570388793945,8589934592,1073741824,5132058624,290652160
209,1771649696482,3504,3504,3504,3504,3504,3504,3504,3504,65.42633056640625,64.6850814819336,63.55595397949219,63.64488220214844,59.8021125793457,63.06962585449219,62.80083465576172,63.809234619140625,64.65426635742188,20,20,19.047618865966797,13.636363983154297,0,0,0,0,19.854570388793945,8589934592,1073741824,5131206656,290652160
201,1771649696692,3504,3504,3504,3504,3504,3504,3504,3504,65.42633056640625,64.6850814819336,63.55595397949219,63.64488220214844,59.8021125793457,63.06962585449219,62.80083465576172,63.809234619140625,64.65426635742188,10,19.047618865966797,15.000000953674316,5,0,0,0,0,19.300310134887695,8589934592,1073741824,5131190272,290652160
208,1771649696893,3504,3504,3504,3504,3504,3504,3504,3504,65.42633056640625,64.6850814819336,63.55595397949219,63.64488220214844,59.8021125793457,63.06962585449219,62.80083465576172,63.809234619140625,64.65426635742188,25,23.809524536132813,19.047618865966797,14.285715103149414,0,0,0,0,19.300310134887695,8589934592,1073741824,5131206656,290652160
207,1771649697103,3504,3504,3504,3504,3504,3504,3504,3504,65.42633056640625,64.6850814819336,63.55595397949219,63.64488220214844,59.8021125793457,63.06962585449219,62.80083465576172,63.809234619140625,64.65426635742188,22.72727394104004,20,9.523809432983398,5,0,0,0,0,19.300310134887695,8589934592,1073741824,5131239424,290652160
209,1771649697311,3504,3504,3504,3504,3504,3504,3504,3504,52.961971282958984,52.50801467895508,51.52485656738281,51.27925109863281,51.61005401611328,51.380638122558594,51.00885772705078,52.20595169067383,52.4840087890625,15.000000953674316,22.72727394104004,10,5,0,0,0,0,19.300310134887695,8589934592,1073741824,5131239424,290652160
209,1771649697521,3504,3504,3504,3504,3504,3504,3504,3504,52.961971282958984,52.50801467895508,51.52485656738281,51.27925109863281,51.61005401611328,51.380638122558594,51.00885772705078,52.20595169067383,52.4840087890625,19.047618865966797,25,14.285715103149414,13.636363983154297,0,0,0,0,19.300310134887695,8589934592,1073741824,5131239424,290652160
200,1771649697731,3504,3504,3504,3504,3504,3504,3504,3504,52.961971282958984,52.50801467895508,51.52485656738281,51.27925109863281,51.61005401611328,51.380638122558594,51.00885772705078,52.20595169067383,52.4840087890625,19.047618865966797,20,14.285715103149414,9.523809432983398,0,0,0,0,9.204463958740234,8589934592,1073741824,5131550720,290652160
205,1771649697932,3504,3504,3504,3504,3504,3504,3504,3504,52.961971282958984,52.50801467895508,51.52485656738281,51.27925109863281,51.61005401611328,51.380638122558594,51.00885772705078,52.20595169067383,52.4840087890625,15.789472579956055,33.333335876464844,15.000000953674316,10,0,0,0,0,9.204463958740234,8589934592,1073741824,5131550720,290652160
208,1771649698138,3504,3504,3504,3504,3504,3504,3504,3504,52.961971282958984,49.88566207885742,49.00260925292969,48.719871520996094,49.18848419189453,48.92278289794922,48.53334045410156,49.76553726196289,49.94285583496094,23.809524536132813,20,23.809524536132813,14.285715103149414,9.523809432983398,13.636363983154297,4.761904716491699,5,9.204463958740234,8589934592,1073741824,5118312448,290652160
209,1771649698347,3504,3504,3504,3504,3504,3504,3504,3504,50.49374008178711,49.88566207885742,49.00260925292969,48.719871520996094,49.18848419189453,48.92278289794922,48.53334045410156,49.76553726196289,49.94285583496094,20,22.72727394104004,20,10,0,0,0,0,9.204463958740234,8589934592,1073741824,5118410752,290652160
209,1771649698557,3504,3504,3504,3504,3504,3504,3504,3504,50.49374008178711,49.88566207885742,49.00260925292969,48.719871520996094,49.18848419189453,48.92278289794922,48.53334045410156,49.76553726196289,49.94285583496094,23.809524536132813,15.000000953674316,18.18181800842285,9.523809432983398,0,0,0,0,9.204463958740234,8589934592,1073741824,5118410752,290652160
204,1771649698767,3504,3504,3504,3504,3504,3504,3504,3504,50.49374008178711,49.88566207885742,49.00260925292969,48.719871520996094,49.18848419189453,48.92278289794922,48.53334045410156,49.76553726196289,49.94285583496094,19.047618865966797,14.285715103149414,14.285715103149414,9.523809432983398,0,0,0,0,1.9272193908691406,8589934592,1073741824,5118410752,290652160
205,1771649698971,3504,3504,3504,3504,3504,3504,3504,3504,50.49374008178711,49.88566207885742,49.00260925292969,48.719871520996094,49.18848419189453,48.92278289794922,48.53334045410156,49.76553726196289,49.94285583496094,23.809524536132813,14.285715103149414,15.000000953674316,5,0,0,0,0,1.9272193908691406,8589934592,1073741824,5117444096,290652160
209,1771649699178,3504,3504,3504,3504,3504,3504,3504,3504,48.98875045776367,48.57728576660156,47.430564880371094,47.132423400878906,47.53042221069336,47.42481994628906,46.97166442871094,48.18235397338867,48.3599967956543,21.052631378173828,21.052631378173828,15.000000953674316,14.285715103149414,0,0,0,0,1.9272193908691406,8589934592,1073741824,5113282560,290652160
206,1771649699387,3504,3504,3504,3504,3504,3504,3504,3504,48.98875045776367,48.57728576660156,47.430564880371094,47.132423400878906,47.53042221069336,47.42481994628906,46.97166442871094,48.18235397338867,48.3599967956543,36.3636360168457,22.72727394104004,14.285715103149414,10,0,0,0,0,1.9272193908691406,8589934592,1073741824,5111988224,290652160
209,1771649699595,3504,3504,3504,3504,3504,3504,3504,3504,48.98875045776367,48.57728576660156,47.430564880371094,47.132423400878906,47.53042221069336,47.42481994628906,46.97166442871094,48.18235397338867,48.3599967956543,27.272727966308594,23.809524536132813,14.285715103149414,13.636363983154297,0,0,0,0,1.9272193908691406,8589934592,1073741824,5112070144,290652160
209,1771649699805,3504,3504,3504,3504,3504,3504,3504,3504,48.98875045776367,48.57728576660156,47.430564880371094,47.132423400878906,47.53042221069336,47.42481994628906,46.97166442871094,48.18235397338867,48.3599967956543,21.052631378173828,20,10,4.761904716491699,0,0,0,0,2.5120208263397217,8589934592,1073741824,5112102912,290652160
205,1771649700015,3504,3504,3504,3504,3504,3504,3504,3504,48.98875045776367,48.57728576660156,47.430564880371094,47.132423400878906,47.53042221069336,47.42481994628906,46.97166442871094,48.18235397338867,48.3599967956543,23.809524536132813,25,19.047618865966797,10,0,0,0,0,2.5120208263397217,8589934592,1073741824,5114347520,290652160
209,1771649700221,3504,3504,3504,3504,3504,3504,3504,3504,47.81196594238281,47.603858947753906,46.209556579589844,45.92356872558594,46.42283248901367,46.44477844238281,45.87110900878906,46.98942184448242,47.1961555480957,23.809524536132813,31.81818199157715,28.571430206298828,19.047618865966797,22.72727394104004,0,14.285715103149414,0,2.5120208263397217,8589934592,1073741824,5117526016,290652160
209,1771649700430,3504,3504,3504,3504,3504,3504,3504,3504,47.81196594238281,47.603858947753906,46.209556579589844,45.92356872558594,46.42283248901367,46.44477844238281,45.87110900878906,46.98942184448242,47.1961555480957,19.047618865966797,20,15.000000953674316,10,0,4.761904716491699,0,5,2.5120208263397217,8589934592,1073741824,5063245824,290652160
209,1771649700640,3504,3504,3504,3504,3504,3504,3504,3504,47.81196594238281,47.603858947753906,46.209556579589844,45.92356872558594,46.42283248901367,46.44477844238281,45.87110900878906,46.98942184448242,47.1961555480957,70,68.18181610107422,71.42857360839844,66.66667175292969,86.36363983154297,90,81.81818389892578,77.2727279663086,2.2602720260620117,8589934592,1073741824,5147066368,290652160
209,1771649700850,3504,3504,3504,3504,3504,3504,3504,3504,47.81196594238281,47.603858947753906,46.209556579589844,45.92356872558594,46.42283248901367,46.44477844238281,45.87110900878906,46.98942184448242,47.1961555480957,71.42857360839844,70,71.42857360839844,71.42857360839844,86.36363983154297,86.36363983154297,85.71428680419922,95,2.2602720260620117,8589934592,1073741824,5123162112,290652160
209,1771649701060,3504,3504,3504,3504,3504,3504,3504,3504,47.81196594238281,47.603858947753906,46.209556579589844,45.92356872558594,46.42283248901367,46.44477844238281,45.87110900878906,46.98942184448242,47.1961555480957,71.42857360839844,66.66667175292969,68.18181610107422,68.18181610107422,80.95238494873047,81.81818389892578,85.71428680419922,81.81818389892578,2.2602720260620117,8589934592,1073741824,5181571072,290652160
207,1771649701270,3504,3504,3504,3504,3504,3504,3504,3504,63.1146240234375,61.88612365722656,60.84172058105469,61.20323181152344,52.25914764404297,61.29823303222656,61.309608459472656,61.88555908203125,63.2574348449707,76.19047546386719,71.42857360839844,75,66.66667175292969,85,85.71428680419922,90,90.47618865966797,2.2602720260620117,8589934592,1073741824,5145985024,290652160
212,1771649701481,3504,3504,3504,3504,3504,3504,3504,3504,63.1146240234375,61.88612365722656,60.84172058105469,61.20323181152344,52.25914764404297,61.29823303222656,61.309608459472656,61.88555908203125,63.2574348449707,71.42857360839844,71.42857360839844,68.18181610107422,66.66667175292969,85.71428680419922,95,80.95238494873047,80,2.2602720260620117,8589934592,1073741824,5124538368,290652160
208,1771649701694,3504,3504,3504,3504,3504,3504,3504,3504,63.1146240234375,61.88612365722656,60.84172058105469,61.20323181152344,52.25914764404297,61.29823303222656,61.309608459472656,61.88555908203125,63.2574348449707,71.42857360839844,68.18181610107422,71.42857360839844,70,86.36363983154297,85.71428680419922,82.60869598388672,86.36363983154297,1.963693618774414,8589934592,1073741824,5103255552,290652160
208,1771649701902,3504,3504,3504,3504,3504,3504,3504,3504,63.1146240234375,61.88612365722656,60.84172058105469,61.20323181152344,52.25914764404297,61.29823303222656,61.309608459472656,61.88555908203125,63.2574348449707,72.7272720336914,70,66.66667175292969,66.66667175292969,85,81.81818389892578,90,85.71428680419922,1.963693618774414,8589934592,1073741824,5103255552,290652160
209,1771649702111,3504,3504,3504,3504,3504,3504,3504,3504,63.1146240234375,61.88612365722656,60.84172058105469,61.20323181152344,52.25914764404297,61.29823303222656,61.309608459472656,61.88555908203125,63.2574348449707,70,66.66667175292969,61.904762268066406,68.18181610107422,85.71428680419922,85.71428680419922,80,80,1.963693618774414,8589934592,1073741824,5123473408,290652160
199,1771649702321,3504,3504,3504,3504,3504,3504,3504,3504,77.14784240722656,75.16259002685547,74.42046356201172,75.24497985839844,60.883644104003906,74.24925231933594,74.46018981933594,74.53099822998047,76.6827392578125,71.42857360839844,71.42857360839844,71.42857360839844,71.42857360839844,86.36363983154297,90.47618865966797,81.81818389892578,86.36363983154297,1.963693618774414,8589934592,1073741824,5142626304,290652160
206,1771649702521,3504,3504,3504,3504,3504,3504,3504,3504,77.14784240722656,75.16259002685547,74.42046356201172,75.24497985839844,60.883644104003906,74.24925231933594,74.46018981933594,74.53099822998047,76.6827392578125,75,65,65,68.42105102539063,89.47368621826172,89.47368621826172,80,78.94737243652344,1.963693618774414,8589934592,1073741824,5176197120,290652160
204,1771649702727,3504,3504,3504,3504,3504,3504,3504,3504,77.14784240722656,75.16259002685547,74.42046356201172,75.24497985839844,60.883644104003906,74.24925231933594,74.46018981933594,74.53099822998047,76.6827392578125,70,71.42857360839844,68.42105102539063,66.66667175292969,85.71428680419922,85.71428680419922,80,80.95238494873047,12.498893737792969,8589934592,1073741824,5123735552,290652160
206,1771649702931,3504,3504,3504,3504,3504,3504,3504,3504,77.14784240722656,75.16259002685547,74.42046356201172,75.24497985839844,60.883644104003906,74.24925231933594,74.46018981933594,74.53099822998047,76.6827392578125,76.19047546386719,73.68421173095703,71.42857360839844,70,89.47368621826172,90,85.71428680419922,85,12.498893737792969,8589934592,1073741824,5123735552,290652160
209,1771649703138,3504,3504,3504,3504,3504,3504,3504,3504,77.14784240722656,78.84619903564453,77.9937515258789,78.6031265258789,63.6487922668457,77.03335571289063,77.24248504638672,77.36650085449219,79.50128936767578,75,72.7272720336914,71.42857360839844,71.42857360839844,91.30435180664063,85.71428680419922,85.71428680419922,81.81818389892578,12.498893737792969,8589934592,1073741824,5146279936,290652160
211,1771649703348,3504,3504,3504,3504,3504,3504,3504,3504,80.45574951171875,78.84619903564453,77.9937515258789,78.6031265258789,63.6487922668457,77.03335571289063,77.24248504638672,77.36650085449219,79.50128936767578,68.18181610107422,70,70,70,90,85.71428680419922,85.71428680419922,85,12.498893737792969,8589934592,1073741824,5164154880,290652160
200,1771649703559,3504,3504,3504,3504,3504,3504,3504,3504,80.45574951171875,78.84619903564453,77.9937515258789,78.6031265258789,63.6487922668457,77.03335571289063,77.24248504638672,77.36650085449219,79.50128936767578,75,72.7272720336914,77.2727279663086,76.19047546386719,90,85.71428680419922,95,77.2727279663086,12.498893737792969,8589934592,1073741824,5122736128,290652160
209,1771649703760,3504,3504,3504,3504,3504,3504,3504,3504,80.45574951171875,78.84619903564453,77.9937515258789,78.6031265258789,63.6487922668457,77.03335571289063,77.24248504638672,77.36650085449219,79.50128936767578,80,75,75,71.42857360839844,85.71428680419922,90,85.71428680419922,84.21052551269531,19.398635864257813,8589934592,1073741824,5123964928,290652160
200,1771649703970,3504,3504,3504,3504,3504,3504,3504,3504,80.45574951171875,78.84619903564453,77.9937515258789,78.6031265258789,63.6487922668457,77.03335571289063,77.24248504638672,77.36650085449219,79.50128936767578,71.42857360839844,65,66.66667175292969,68.18181610107422,90.47618865966797,80.95238494873047,85.71428680419922,85.71428680419922,19.398635864257813,8589934592,1073741824,5130747904,290652160
212,1771649704171,3504,3504,3504,3504,3504,3504,3504,3504,82.02864074707031,80.59542846679688,79.73258972167969,80.24004364013672,65.66832733154297,79.52152252197266,79.4801025390625,80.03084564208984,81.76814270019531,70,71.42857360839844,70,68.42105102539063,84.21052551269531,85,84.21052551269531,76.19047546386719,19.398635864257813,8589934592,1073741824,5167529984,290652160
210,1771649704383,3504,3504,3504,3504,3504,3504,3504,3504,82.02864074707031,80.59542846679688,79.73258972167969,80.24004364013672,65.66832733154297,79.52152252197266,79.4801025390625,80.03084564208984,81.76814270019531,72.7272720336914,70,71.42857360839844,71.42857360839844,85.71428680419922,81.81818389892578,80.95238494873047,85.71428680419922,19.398635864257813,8589934592,1073741824,5107564544,290652160
209,1771649704594,3504,3504,3504,3504,3504,3504,3504,3504,82.02864074707031,80.59542846679688,79.73258972167969,80.24004364013672,65.66832733154297,79.52152252197266,79.4801025390625,80.03084564208984,81.76814270019531,71.42857360839844,71.42857360839844,70,68.18181610107422,86.36363983154297,84.21052551269531,81.81818389892578,80.95238494873047,19.398635864257813,8589934592,1073741824,5104058368,290652160
200,1771649704804,3504,3504,3504,3504,3504,3504,3504,3504,82.02864074707031,80.59542846679688,79.73258972167969,80.24004364013672,65.66832733154297,79.52152252197266,79.4801025390625,80.03084564208984,81.76814270019531,71.42857360839844,71.42857360839844,69.56521606445313,71.42857360839844,90.47618865966797,82.60869598388672,85.71428680419922,85.71428680419922,19.86396598815918,8589934592,1073741824,5104074752,290652160
203,1771649705004,3504,3504,3504,3504,3504,3504,3504,3504,82.02864074707031,80.59542846679688,79.73258972167969,80.24004364013672,65.66832733154297,79.52152252197266,79.4801025390625,80.03084564208984,81.76814270019531,75,66.66667175292969,63.15789031982422,68.42105102539063,85,85,84.21052551269531,75,19.86396598815918,8589934592,1073741824,5104074752,290652160
209,1771649705208,3504,3504,3504,3504,3504,3504,3504,3504,82.85417175292969,81.38163757324219,80.61560821533203,81.12966918945313,66.65807342529297,79.99259185791016,80.04387664794922,80.41677856445313,82.33049774169922,70,68.42105102539063,71.42857360839844,66.66667175292969,85.71428680419922,85,85.71428680419922,80,19.86396598815918,8589934592,1073741824,5141331968,290652160
209,1771649705417,3504,3504,3504,3504,3504,3504,3504,3504,82.85417175292969,81.38163757324219,80.61560821533203,81.12966918945313,66.65807342529297,79.99259185791016,80.04387664794922,80.41677856445313,82.33049774169922,71.42857360839844,65.21739196777344,66.66667175292969,65,90.47618865966797,80.95238494873047,80.95238494873047,76.19047546386719,19.86396598815918,8589934592,1073741824,5175525376,290652160
204,1771649705628,3504,3504,3504,3504,3504,3504,3504,3504,82.85417175292969,81.38163757324219,80.61560821533203,81.12966918945313,66.65807342529297,79.99259185791016,80.04387664794922,80.41677856445313,82.33049774169922,42.85714340209961,35,30.000001907348633,28.571430206298828,42.85714340209961,40,42.85714340209961,33.333335876464844,19.86396598815918,8589934592,1073741824,5128093696,290652160
205,1771649705832,3504,3504,3504,3504,3504,3504,3504,3504,82.85417175292969,81.38163757324219,80.61560821533203,81.12966918945313,66.65807342529297,79.99259185791016,80.04387664794922,80.41677856445313,82.33049774169922,10,10,9.523809432983398,14.285715103149414,4.761904716491699,0,0,0,19.669906616210938,8589934592,1073741824,5122392064,290652160
200,1771649706038,3504,3504,3504,3504,3504,3504,3504,3504,82.85417175292969,81.38163757324219,80.61560821533203,81.12966918945313,66.65807342529297,79.99259185791016,80.04387664794922,80.41677856445313,82.33049774169922,19.047618865966797,14.285715103149414,5,14.285715103149414,0,0,0,0,19.669906616210938,8589934592,1073741824,5122408448,290652160
209,1771649706239,3504,3504,3504,3504,3504,3504,3504,3504,68.79273223876953,68.19481658935547,67.0954818725586,67.0596694946289,61.767032623291016,66.65296936035156,66.28553009033203,67.37789154052734,68.13832092285156,21.052631378173828,21.052631378173828,10,5.263157844543457,0,4.761904716491699,4.761904716491699,0,19.669906616210938,8589934592,1073741824,5119344640,290652160
209,1771649706448,3504,3504,3504,3504,3504,3504,3504,3504,68.79273223876953,68.19481658935547,67.0954818725586,67.0596694946289,61.767032623291016,66.65296936035156,66.28553009033203,67.37789154052734,68.13832092285156,27.272727966308594,14.285715103149414,9.523809432983398,18.18181800842285,0,0,0,0,19.669906616210938,8589934592,1073741824,5119361024,290652160
209,1771649706658,3504,3504,3504,3504,3504,3504,3504,3504,68.79273223876953,68.19481658935547,67.0954818725586,67.0596694946289,61.767032623291016,66.65296936035156,66.28553009033203,67.37789154052734,68.13832092285156,23.809524536132813,18.18181800842285,14.285715103149414,5,0,0,0,0,19.337392807006836,8589934592,1073741824,5119377408,290652160
202,1771649706868,3504,3504,3504,3504,3504,3504,3504,3504,68.79273223876953,68.19481658935547,67.0954818725586,67.0596694946289,61.767032623291016,66.65296936035156,66.28553009033203,67.37789154052734,68.13832092285156,20,15.000000953674316,14.285715103149414,9.090909004211426,0,0,0,0,19.337392807006836,8589934592,1073741824,5119377408,290652160
202,1771649707071,3504,3504,3504,3504,3504,3504,3504,3504,68.79273223876953,68.19481658935547,67.0954818725586,67.0596694946289,61.767032623291016,66.65296936035156,66.28553009033203,67.37789154052734,68.13832092285156,28.571430206298828,15.000000953674316,15.789472579956055,5.263157844543457,0,0,0,0,19.337392807006836,8589934592,1073741824,5119377408,290652160
209,1771649707274,3504,3504,3504,3504,3504,3504,3504,3504,53.94135665893555,53.68229675292969,52.516571044921875,52.30506134033203,52.593711853027344,52.411216735839844,52.02479553222656,53.18622589111328,53.427467346191406,40,33.333335876464844,45.45454788208008,25,0,0,0,0,19.337392807006836,8589934592,1073741824,5118722048,290652160
208,1771649707484,3504,3504,3504,3504,3504,3504,3504,3504,53.94135665893555,53.68229675292969,52.516571044921875,52.30506134033203,52.593711853027344,52.411216735839844,52.02479553222656,53.18622589111328,53.427467346191406,19.047618865966797,10,9.523809432983398,28.571430206298828,0,0,0,0,19.337392807006836,8589934592,1073741824,5118722048,290652160
209,1771649707693,3504,3504,3504,3504,3504,3504,3504,3504,53.94135665893555,53.68229675292969,52.516571044921875,52.30506134033203,52.593711853027344,52.411216735839844,52.02479553222656,53.18622589111328,53.427467346191406,15.000000953674316,14.285715103149414,5,19.047618865966797,0,0,0,0,8.648733139038086,8589934592,1073741824,5118738432,290652160
209,1771649707903,3504,3504,3504,3504,3504,3504,3504,3504,53.94135665893555,53.68229675292969,52.516571044921875,52.30506134033203,52.593711853027344,52.411216735839844,52.02479553222656,53.18622589111328,53.427467346191406,27.272727966308594,14.285715103149414,14.285715103149414,14.285715103149414,0,0,0,0,8.648733139038086,8589934592,1073741824,5118705664,290652160
205,1771649708113,3504,3504,3504,3504,3504,3504,3504,3504,53.94135665893555,53.68229675292969,52.516571044921875,52.30506134033203,52.593711853027344,52.411216735839844,52.02479553222656,53.18622589111328,53.427467346191406,21.052631378173828,20,14.285715103149414,14.285715103149414,0,0,0,0,8.648733139038086,8589934592,1073741824,5118705664,290652160
201,1771649708319,3504,3504,3504,3504,3504,3504,3504,3504,51.194278717041016,50.561546325683594,49.70146179199219,49.45060729980469,49.897056579589844,49.564552307128906,49.252723693847656,50.49171829223633,50.61045837402344,22.72727394104004,19.047618865966797,5,9.523809432983398,0,0,0,0,8.648733139038086,8589934592,1073741824,5118640128,290652160
206,1771649708521,3504,3504,3504,3504,3504,3504,3504,3504,51.194278717041016,50.561546325683594,49.70146179199219,49.45060729980469,49.897056579589844,49.564552307128906,49.252723693847656,50.49171829223633,50.61045837402344,25,25,15.000000953674316,5.263157844543457,0,0,0,0,8.648733139038086,8589934592,1073741824,5118656512,290652160
204,1771649708728,3504,3504,3504,3504,3504,3504,3504,3504,51.194278717041016,50.561546325683594,49.70146179199219,49.45060729980469,49.897056579589844,49.564552307128906,49.252723693847656,50.49171829223633,50.61045837402344,14.285715103149414,20,14.285715103149414,9.523809432983398,0,0,0,0,2.132955551147461,8589934592,1073741824,5118656512,290652160
209,1771649708933,3504,3504,3504,3504,3504,3504,3504,3504,51.194278717041016,50.561546325683594,49.70146179199219,49.45060729980469,49.897056579589844,49.564552307128906,49.252723693847656,50.49171829223633,50.61045837402344,15.000000953674316,31.81818199157715,9.523809432983398,9.523809432983398,0,0,0,0,2.132955551147461,8589934592,1073741824,5118656512,290652160
209,1771649709142,3504,3504,3504,3504,3504,3504,3504,3504,51.194278717041016,49.067291259765625,48.06134796142578,47.74473571777344,48.2183952331543,48.062171936035156,47.5953369140625,48.879825592041016,48.93236541748047,23.809524536132813,15.000000953674316,10,15.000000953674316,0,0,0,0,2.132955551147461,8589934592,1073741824,5118656512,290652160
208,1771649709352,3504,3504,3504,3504,3504,3504,3504,3504,49.506309509277344,49.067291259765625,48.06134796142578,47.74473571777344,48.2183952331543,48.062171936035156,47.5953369140625,48.879825592041016,48.93236541748047,20,10,14.285715103149414,13.636363983154297,0,0,0,0,2.132955551147461,8589934592,1073741824,5114167296,290652160
208,1771649709561,3504,3504,3504,3504,3504,3504,3504,3504,49.506309509277344,49.067291259765625,48.06134796142578,47.74473571777344,48.2183952331543,48.062171936035156,47.5953369140625,48.879825592041016,48.93236541748047,28.571430206298828,14.285715103149414,9.523809432983398,5,0,0,0,0,2.132955551147461,8589934592,1073741824,5110743040,290652160
209,1771649709770,3504,3504,3504,3504,3504,3504,3504,3504,49.506309509277344,49.067291259765625,48.06134796142578,47.74473571777344,48.2183952331543,48.062171936035156,47.5953369140625,48.879825592041016,48.93236541748047,23.809524536132813,22.72727394104004,19.047618865966797,14.285715103149414,13.636363983154297,14.285715103149414,5,4.761904716491699,3.0617809295654297,8589934592,1073741824,5114560512,290652160
207,1771649709980,3504,3504,3504,3504,3504,3504,3504,3504,49.506309509277344,49.067291259765625,48.06134796142578,47.74473571777344,48.2183952331543,48.062171936035156,47.5953369140625,48.879825592041016,48.93236541748047,15.000000953674316,20,14.285715103149414,14.285715103149414,0,0,0,0,3.0617809295654297,8589934592,1073741824,5114593280,290652160
209,1771649710188,3504,3504,3504,3504,3504,3504,3504,3504,48.546661376953125,48.1641845703125,46.942298889160156,46.70854949951172,47.05488204956055,46.98768615722656,46.515953063964844,47.692466735839844,47.8325309753418,23.809524536132813,15.000000953674316,19.047618865966797,10,0,0,0,0,3.0617809295654297,8589934592,1073741824,5114560512,290652160
208,1771649710398,3504,3504,3504,3504,3504,3504,3504,3504,48.546661376953125,48.1641845703125,46.942298889160156,46.70854949951172,47.05488204956055,46.98768615722656,46.515953063964844,47.692466735839844,47.8325309753418,19.047618865966797,14.285715103149414,15.000000953674316,9.090909004211426,0,0,0,0,3.0617809295654297,8589934592,1073741824,5114560512,290652160
202,1771649710606,3504,3504,3504,3504,3504,3504,3504,3504,48.546661376953125,48.1641845703125,46.942298889160156,46.70854949951172,47.05488204956055,46.98768615722656,46.515953063964844,47.692466735839844,47.8325309753418,35,45.45454788208008,38.095237731933594,35,33.333335876464844,38.095237731933594,38.095237731933594,33.333335876464844,3.0617809295654297,8589934592,1073741824,5114888192,290652160
209,1771649710809,3504,3504,3504,3504,3504,3504,3504,3504,48.546661376953125,48.1641845703125,46.942298889160156,46.70854949951172,47.05488204956055,46.98768615722656,46.515953063964844,47.692466735839844,47.8325309753418,71.42857360839844,63.15789031982422,70,71.42857360839844,90,85,80,89.47368621826172,2.4998972415924072,8589934592,1073741824,5158731776,290652160
215,1771649711019,3504,3504,3504,3504,3504,3504,3504,3504,48.546661376953125,48.1641845703125,46.942298889160156,46.70854949951172,47.05488204956055,46.98768615722656,46.515953063964844,47.692466735839844,47.8325309753418,70,71.42857360839844,72.7272720336914,66.66667175292969,85.71428680419922,95.23809814453125,85.71428680419922,80.95238494873047,2.4998972415924072,8589934592,1073741824,5187043328,290652160
202,1771649711234,3504,3504,3504,3504,3504,3504,3504,3504,61.30643081665039,60.11946487426758,59.12256622314453,59.44447326660156,51.47600173950195,59.02716827392578,58.87938690185547,59.45461654663086,60.54360580444336,72.7272720336914,66.66667175292969,70,66.66667175292969,86.36363983154297,85.71428680419922,85.71428680419922,78.26087188720703,2.4998972415924072,8589934592,1073741824,5153800192,290652160
206,1771649711438,3504,3504,3504,3504,3504,3504,3504,3504,61.30643081665039,60.11946487426758,59.12256622314453,59.44447326660156,51.47600173950195,59.02716827392578,58.87938690185547,59.45461654663086,60.54360580444336,71.42857360839844,71.42857360839844,71.42857360839844,71.42857360839844,90,85.71428680419922,80.95238494873047,89.47368621826172,2.4998972415924072,8589934592,1073741824,5153325056,290652160
202,1771649711644,3504,3504,3504,3504,3504,3504,3504,3504,61.30643081665039,60.11946487426758,59.12256622314453,59.44447326660156,51.47600173950195,59.02716827392578,58.87938690185547,59.45461654663086,60.54360580444336,71.42857360839844,61.904762268066406,70,68.42105102539063,85.71428680419922,80,90.47618865966797,80.95238494873047,2.3383445739746094,8589934592,1073741824,5110349824,290652160
209,1771649711848,3504,3504,3504,3504,3504,3504,3504,3504,61.30643081665039,60.11946487426758,59.12256622314453,59.44447326660156,51.47600173950195,59.02716827392578,58.87938690185547,59.45461654663086,60.54360580444336,75,75,71.42857360839844,72.7272720336914,90,85.71428680419922,78.94737243652344,86.36363983154297,2.3383445739746094,8589934592,1073741824,5150359552,290652160
209,1771649712058,3504,3504,3504,3504,3504,3504,3504,3504,61.30643081665039,60.11946487426758,59.12256622314453,59.44447326660156,51.47600173950195,59.02716827392578,58.87938690185547,59.45461654663086,60.54360580444336,71.42857360839844,66.66667175292969,66.66667175292969,65,80.95238494873047,90,86.36363983154297,80,2.3383445739746094,8589934592,1073741824,5102026752,290652160
209,1771649712268,3504,3504,3504,3504,3504,3504,3504,3504,76.8146743774414,75.17768859863281,74.3213882446289,75.0016098022461,60.92701721191406,74.30025482177734,74.43681335449219,74.59979248046875,76.64141845703125,70,68.18181610107422,66.66667175292969,61.904762268066406,90.90909576416016,85.71428680419922,80.95238494873047,76.19047546386719,2.3383445739746094,8589934592,1073741824,5147475968,290652160
210,1771649712478,3504,3504,3504,3504,3504,3504,3504,3504,76.8146743774414,75.17768859863281,74.3213882446289,75.0016098022461,60.92701721191406,74.30025482177734,74.43681335449219,74.59979248046875,76.64141845703125,71.42857360839844,70,70,76.19047546386719,85,90.47618865966797,90.47618865966797,80.95238494873047,2.3383445739746094,8589934592,1073741824,5178818560,290652160
205,1771649712688,3504,3504,3504,3504,3504,3504,3504,3504,76.8146743774414,75.17768859863281,74.3213882446289,75.0016098022461,60.92701721191406,74.30025482177734,74.43681335449219,74.59979248046875,76.64141845703125,68.18181610107422,71.42857360839844,68.18181610107422,61.904762268066406,85.71428680419922,86.36363983154297,80.95238494873047,85.71428680419922,8.927569389343262,8589934592,1073741824,5126258688,290652160
209,1771649712893,3504,3504,3504,3504,3504,3504,3504,3504,76.8146743774414,75.17768859863281,74.3213882446289,75.0016098022461,60.92701721191406,74.30025482177734,74.43681335449219,74.59979248046875,76.64141845703125,66.66667175292969,60.000003814697266,65,66.66667175292969,80.95238494873047,80.95238494873047,80.95238494873047,85,8.927569389343262,8589934592,1073741824,5142642688,290652160
206,1771649713103,3504,3504,3504,3504,3504,3504,3504,3504,76.8146743774414,75.17768859863281,74.3213882446289,75.0016098022461,60.92701721191406,74.30025482177734,74.43681335449219,74.59979248046875,76.64141845703125,73.68421173095703,76.19047546386719,72.7272720336914,71.42857360839844,85.71428680419922,90,85,80.95238494873047,8.927569389343262,8589934592,1073741824,5122523136,290652160
207,1771649713310,3504,3504,3504,3504,3504,3504,3504,3504,80.3416748046875,78.43766784667969,77.63232421875,78.42159271240234,63.767120361328125,77.33585357666016,77.33956146240234,77.712158203125,79.6220474243164,72.7272720336914,76.19047546386719,68.42105102539063,70,85,90,81.81818389892578,80.95238494873047,8.927569389343262,8589934592,1073741824,5101535232,290652160
209,1771649713518,3504,3504,3504,3504,3504,3504,3504,3504,80.3416748046875,78.43766784667969,77.63232421875,78.42159271240234,63.767120361328125,77.33585357666016,77.33956146240234,77.712158203125,79.6220474243164,80,76.19047546386719,76.19047546386719,71.42857360839844,86.36363983154297,85.71428680419922,95,85.71428680419922,8.927569389343262,8589934592,1073741824,5143707648,290652160
208,1771649713728,3504,3504,3504,3504,3504,3504,3504,3504,80.3416748046875,78.43766784667969,77.63232421875,78.42159271240234,63.767120361328125,77.33585357666016,77.33956146240234,77.712158203125,79.6220474243164,71.42857360839844,66.66667175292969,68.18181610107422,71.42857360839844,95,81.81818389892578,85.71428680419922,75,18.94504737854004,8589934592,1073741824,5142560768,290652160
201,1771649713936,3504,3504,3504,3504,3504,3504,3504,3504,80.3416748046875,78.43766784667969,77.63232421875,78.42159271240234,63.767120361328125,77.33585357666016,77.33956146240234,77.712158203125,79.6220474243164,76.19047546386719,72.7272720336914,65,66.66667175292969,80.95238494873047,95,80.95238494873047,76.19047546386719,18.94504737854004,8589934592,1073741824,5121294336,290652160
218,1771649714137,3504,3504,3504,3504,3504,3504,3504,3504,80.3416748046875,78.43766784667969,77.63232421875,80.36863708496094,65.69971466064453,79.30235290527344,79.16703033447266,79.80294799804688,81.41653442382813,70,72.22222137451172,70,70,85,90,85.71428680419922,85,18.94504737854004,8589934592,1073741824,5180964864,290652160
209,1771649714356,3504,3504,3504,3504,3504,3504,3504,3504,82.26749420166016,80.46539306640625,79.7706527709961,80.36863708496094,65.69971466064453,79.30235290527344,79.16703033447266,79.80294799804688,81.41653442382813,72.7272720336914,69.56521606445313,72.7272720336914,68.18181610107422,86.36363983154297,81.81818389892578,85.71428680419922,86.9565200805664,18.94504737854004,8589934592,1073741824,5120131072,290652160
204,1771649714566,3504,3504,3504,3504,3504,3504,3504,3504,82.26749420166016,80.46539306640625,79.7706527709961,80.36863708496094,65.69971466064453,79.30235290527344,79.16703033447266,79.80294799804688,81.41653442382813,80,76.19047546386719,71.42857360839844,76.19047546386719,90,90.47618865966797,85,85.71428680419922,18.94504737854004,8589934592,1073741824,5131141120,290652160
209,1771649714771,3504,3504,3504,3504,3504,3504,3504,3504,82.26749420166016,80.46539306640625,79.7706527709961,80.36863708496094,65.69971466064453,79.30235290527344,79.16703033447266,79.80294799804688,81.41653442382813,76.19047546386719,70,70,65,90.47618865966797,85.71428680419922,85.71428680419922,80,19.308818817138672,8589934592,1073741824,5175869440,290652160
206,1771649714981,3504,3504,3504,3504,3504,3504,3504,3504,82.26749420166016,80.46539306640625,79.7706527709961,80.36863708496094,65.69971466064453,79.30235290527344,79.16703033447266,79.80294799804688,81.41653442382813,80,71.42857360839844,71.42857360839844,71.42857360839844,86.36363983154297,90.47618865966797,85.71428680419922,85.71428680419922,19.308818817138672,8589934592,1073741824,5181980672,290652160
203,1771649715187,3504,3504,3504,3504,3504,3504,3504,3504,84.2126693725586,82.479248046875,81.77215576171875,82.35417175292969,67.31877899169922,81.17393493652344,81.40982818603516,81.51866912841797,83.75578308105469,68.18181610107422,71.42857360839844,68.18181610107422,70,90,85,80.95238494873047,76.19047546386719,19.308818817138672,8589934592,1073741824,5161353216,290652160
209,1771649715392,3504,3504,3504,3504,3504,3504,3504,3504,84.2126693725586,82.479248046875,81.77215576171875,82.35417175292969,67.31877899169922,81.17393493652344,81.40982818603516,81.51866912841797,83.75578308105469,70,65,63.15789031982422,71.42857360839844,90,80.95238494873047,85,80,19.308818817138672,8589934592,1073741824,5114281984,290652160
205,1771649715602,3504,3504,3504,3504,3504,3504,3504,3504,84.2126693725586,82.479248046875,81.77215576171875,82.35417175292969,67.31877899169922,81.17393493652344,81.40982818603516,81.51866912841797,83.75578308105469,75,71.42857360839844,76.19047546386719,66.66667175292969,90.47618865966797,85.71428680419922,85.71428680419922,90,19.308818817138672,8589934592,1073741824,5136236544,290652160
209,1771649715807,3504,3504,3504,3504,3504,3504,3504,3504,84.2126693725586,82.479248046875,81.77215576171875,82.35417175292969,67.31877899169922,81.17393493652344,81.40982818603516,81.51866912841797,83.75578308105469,28.571430206298828,19.047618865966797,14.285715103149414,23.809524536132813,20,25,19.047618865966797,23.809524536132813,20.1796932220459,8589934592,1073741824,5126127616,290652160
209,1771649716018,3504,3504,3504,3504,3504,3504,3504,3504,84.2126693725586,82.479248046875,81.77215576171875,82.35417175292969,67.31877899169922,81.17393493652344,81.40982818603516,81.51866912841797,83.75578308105469,23.809524536132813,19.047618865966797,14.285715103149414,20,8.69565200805664,0,0,0,20.1796932220459,8589934592,1073741824,5126324224,290652160
207,1771649716227,3504,3504,3504,3504,3504,3504,3504,3504,73.32341766357422,72.47095489501953,71.47201538085938,71.59911346435547,64.12677001953125,71.05721282958984,70.91944122314453,71.62226104736328,73.05187225341797,20,15.000000953674316,9.523809432983398,9.523809432983398,0,0,0,0,20.1796932220459,8589934592,1073741824,5126324224,290652160
209,1771649716436,3504,3504,3504,3504,3504,3504,3504,3504,73.32341766357422,72.47095489501953,71.47201538085938,71.59911346435547,64.12677001953125,71.05721282958984,70.91944122314453,71.62226104736328,73.05187225341797,26.086956024169922,19.047618865966797,10,9.523809432983398,0,0,0,0,20.1796932220459,8589934592,1073741824,5123276800,290652160
208,1771649716646,3504,3504,3504,3504,3504,3504,3504,3504,73.32341766357422,72.47095489501953,71.47201538085938,71.59911346435547,64.12677001953125,71.05721282958984,70.91944122314453,71.62226104736328,73.05187225341797,20,10,9.090909004211426,14.285715103149414,0,0,0,0,20.097797393798828,8589934592,1073741824,5123276800,290652160
209,1771649716854,3504,3504,3504,3504,3504,3504,3504,3504,73.32341766357422,72.47095489501953,71.47201538085938,71.59911346435547,64.12677001953125,71.05721282958984,70.91944122314453,71.62226104736328,73.05187225341797,25,19.047618865966797,10,9.523809432983398,0,0,0,0,20.097797393798828,8589934592,1073741824,5123276800,290652160
209,1771649717064,3504,3504,3504,3504,3504,3504,3504,3504,73.32341766357422,72.47095489501953,71.47201538085938,71.59911346435547,64.12677001953125,71.05721282958984,70.91944122314453,71.62226104736328,73.05187225341797,18.18181800842285,19.047618865966797,9.523809432983398,5,0,4.545454502105713,0,0,20.097797393798828,8589934592,1073741824,5123276800,290652160
204,1771649717275,3504,3504,3504,3504,3504,3504,3504,3504,55.0833740234375,54.86687469482422,53.683921813964844,53.43800354003906,53.700374603271484,53.55462646484375,53.1329345703125,54.35742950439453,54.62675476074219,10,23.809524536132813,9.523809432983398,9.090909004211426,0,0,0,0,20.097797393798828,8589934592,1073741824,5123276800,290652160
207,1771649717480,3504,3504,3504,3504,3504,3504,3504,3504,55.0833740234375,54.86687469482422,53.683921813964844,53.43800354003906,53.700374603271484,53.55462646484375,53.1329345703125,54.35742950439453,54.62675476074219,15.000000953674316,25,9.523809432983398,5,0,0,0,0,20.097797393798828,8589934592,1073741824,5123276800,290652160
209,1771649717688,3504,3504,3504,3504,3504,3504,3504,3504,55.0833740234375,54.86687469482422,53.683921813964844,53.43800354003906,53.700374603271484,53.55462646484375,53.1329345703125,54.35742950439453,54.62675476074219,23.809524536132813,22.72727394104004,10,9.523809432983398,0,0,0,0,13.226893424987793,8589934592,1073741824,5123276800,290652160
209,1771649717898,3504,3504,3504,3504,3504,3504,3504,3504,55.0833740234375,54.86687469482422,53.683921813964844,53.43800354003906,53.700374603271484,53.55462646484375,53.1329345703125,54.35742950439453,54.62675476074219,19.047618865966797,19.047618865966797,10,9.523809432983398,0,0,0,0,13.226893424987793,8589934592,1073741824,5123276800,290652160
202,1771649718108,3504,3504,3504,3504,3504,3504,3504,3504,55.0833740234375,54.86687469482422,53.683921813964844,53.43800354003906,53.700374603271484,53.55462646484375,53.1329345703125,54.35742950439453,54.62675476074219,14.285715103149414,21.052631378173828,14.285715103149414,5,0,0,0,0,13.226893424987793,8589934592,1073741824,5123309568,290652160
209,1771649718311,3504,3504,3504,3504,3504,3504,3504,3504,51.98421096801758,51.37788391113281,50.4783935546875,50.255577087402344,50.616004943847656,50.37511444091797,50.015541076660156,51.27322006225586,51.45741653442383,20,19.047618865966797,14.285715103149414,14.285715103149414,0,0,0,0,13.226893424987793,8589934592,1073741824,5123211264,290652160
209,1771649718520,3504,3504,3504,3504,3504,3504,3504,3504,51.98421096801758,51.37788391113281,50.4783935546875,50.255577087402344,50.616004943847656,50.37511444091797,50.015541076660156,51.27322006225586,51.45741653442383,28.571430206298828,13.636363983154297,5,4.761904716491699,0,0,0,0,13.226893424987793,8589934592,1073741824,5123211264,290652160
207,1771649718730,3504,3504,3504,3504,3504,3504,3504,3504,51.98421096801758,51.37788391113281,50.4783935546875,50.255577087402344,50.616004943847656,50.37511444091797,50.015541076660156,51.27322006225586,51.45741653442383,23.809524536132813,15.000000953674316,13.636363983154297,14.285715103149414,0,0,0,0,1.8918193578720093,8589934592,1073741824,5123325952,290652160
209,1771649718938,3504,3504,3504,3504,3504,3504,3504,3504,51.98421096801758,51.37788391113281,50.4783935546875,50.255577087402344,50.616004943847656,50.37511444091797,50.015541076660156,51.27322006225586,51.45741653442383,25,19.047618865966797,10,10,14.285715103149414,10,5,5,1.8918193578720093,8589934592,1073741824,5124325376,290652160
206,1771649719148,3504,3504,3504,3504,3504,3504,3504,3504,50.298561096191406,49.72981643676758,48.820762634277344,48.50523376464844,48.95295715332031,48.730186462402344,48.36793518066406,49.619140625,49.746036529541016,31.81818199157715,10,9.523809432983398,4.761904716491699,0,0,0,0,1.8918193578720093,8589934592,1073741824,5123883008,290652160
209,1771649719354,3504,3504,3504,3504,3504,3504,3504,3504,50.298561096191406,49.72981643676758,48.820762634277344,48.50523376464844,48.95295715332031,48.730186462402344,48.36793518066406,49.619140625,49.746036529541016,21.052631378173828,19.047618865966797,14.285715103149414,14.285715103149414,0,0,0,0,1.8918193578720093,8589934592,1073741824,5123047424,290652160
201,1771649719565,3504,3504,3504,3504,3504,3504,3504,3504,50.298561096191406,49.72981643676758,48.820762634277344,48.50523376464844,48.95295715332031,48.730186462402344,48.36793518066406,49.619140625,49.746036529541016,31.81818199157715,9.523809432983398,10,9.523809432983398,0,0,0,0,1.8918193578720093,8589934592,1073741824,5118164992,290652160
202,1771649719766,3504,3504,3504,3504,3504,3504,3504,3504,50.298561096191406,49.72981643676758,48.820762634277344,48.50523376464844,48.95295715332031,48.730186462402344,48.36793518066406,49.619140625,49.746036529541016,25,19.047618865966797,14.285715103149414,5,0,0,0,0,2.6246604919433594,8589934592,1073741824,5113528320,290652160
209,1771649719969,3504,3504,3504,3504,3504,3504,3504,3504,50.298561096191406,49.72981643676758,48.820762634277344,48.50523376464844,48.95295715332031,48.730186462402344,48.36793518066406,49.619140625,49.746036529541016,30.000001907348633,20,14.285715103149414,15.000000953674316,0,0,0,0,2.6246604919433594,8589934592,1073741824,5113856000,290652160
206,1771649720179,3504,3504,3504,3504,3504,3504,3504,3504,49.06287384033203,48.601295471191406,47.52582550048828,47.14189910888672,47.59389114379883,47.519622802734375,47.109825134277344,48.321903228759766,48.48601531982422,19.047618865966797,28.571430206298828,10,5,0,0,0,0,2.6246604919433594,8589934592,1073741824,5113806848,290652160
200,1771649720386,3504,3504,3504,3504,3504,3504,3504,3504,49.06287384033203,48.601295471191406,47.52582550048828,47.14189910888672,47.59389114379883,47.519622802734375,47.109825134277344,48.321903228759766,48.48601531982422,15.000000953674316,25,10,14.285715103149414,0,0,0,0,2.6246604919433594,8589934592,1073741824,5113806848,290652160
206,1771649720587,3504,3504,3504,3504,3504,3504,3504,3504,49.06287384033203,48.601295471191406,47.52582550048828,47.14189910888672,47.59389114379883,47.519622802734375,47.109825134277344,48.321903228759766,48.48601531982422,19.047618865966797,30.000001907348633,19.047618865966797,9.523809432983398,0,4.761904716491699,4.761904716491699,0,2.6246604919433594,8589934592,1073741824,5113806848,290652160
209,1771649720794,3504,3504,3504,3504,3504,3504,3504,3504,49.06287384033203,48.601295471191406,47.52582550048828,47.14189910888672,47.59389114379883,47.519622802734375,47.109825134277344,48.321903228759766,48.48601531982422,65,70,66.66667175292969,70,80.95238494873047,78.94737243652344,75,85.71428680419922,2.4752354621887207,8589934592,1073741824,5118607360,290652160
200,1771649721004,3504,3504,3504,3504,3504,3504,3504,3504,49.06287384033203,48.601295471191406,47.52582550048828,47.14189910888672,47.59389114379883,47.519622802734375,47.109825134277344,48.321903228759766,48.48601531982422,70,71.42857360839844,70,66.66667175292969,85,86.36363983154297,90.47618865966797,85.71428680419922,2.4752354621887207,8589934592,1073741824,5134254080,290652160
203,1771649721204,3504,3504,3504,3504,3504,3504,3504,3504,59.449703216552734,58.493141174316406,57.404518127441406,57.56925964355469,50.99897766113281,57.68461608886719,57.454132080078125,58.33470153808594,59.22987747192383,70,68.42105102539063,70,70,85.71428680419922,80,85,80,2.4752354621887207,8589934592,1073741824,5111955456,290652160
199,1771649721408,3504,3504,3504,3504,3504,3504,3504,3504,59.449703216552734,58.493141174316406,57.404518127441406,57.56925964355469,50.99897766113281,57.68461608886719,57.454132080078125,58.33470153808594,59.22987747192383,66.66667175292969,66.66667175292969,70,65,85,80,85.71428680419922,80.95238494873047,2.4752354621887207,8589934592,1073741824,5156470784,290652160
210,1771649721608,3504,3504,3504,3504,3504,3504,3504,3504,59.449703216552734,58.493141174316406,57.404518127441406,57.56925964355469,50.99897766113281,57.68461608886719,57.454132080078125,58.33470153808594,59.22987747192383,75,70,66.66667175292969,70,90,85,80,80,2.4752354621887207,8589934592,1073741824,5157814272,290652160
209,1771649721819,3504,3504,3504,3504,3504,3504,3504,3504,59.449703216552734,58.493141174316406,57.404518127441406,57.56925964355469,50.99897766113281,57.68461608886719,57.454132080078125,58.33470153808594,59.22987747192383,66.66667175292969,66.66667175292969,70,61.904762268066406,85.71428680419922,81.81818389892578,85.71428680419922,90.47618865966797,2.030283212661743,8589934592,1073741824,5136433152,290652160
207,1771649722029,3504,3504,3504,3504,3504,3504,3504,3504,59.449703216552734,58.493141174316406,57.404518127441406,57.56925964355469,50.99897766113281,57.68461608886719,57.454132080078125,58.33470153808594,59.22987747192383,76.19047546386719,66.66667175292969,66.66667175292969,72.7272720336914,85.71428680419922,85,90,80,2.030283212661743,8589934592,1073741824,5169364992,290652160
200,1771649722236,3504,3504,3504,3504,3504,3504,3504,3504,76.572265625,75.18038940429688,74.32487487792969,74.81537628173828,60.948486328125,74.1943130493164,74.45440673828125,74.53223419189453,76.68846893310547,66.66667175292969,66.66667175292969,61.904762268066406,65,85.71428680419922,80.95238494873047,80.95238494873047,85.71428680419922,2.030283212661743,8589934592,1073741824,5123981312,290652160
213,1771649722437,3504,3504,3504,3504,3504,3504,3504,3504,76.572265625,75.18038940429688,74.32487487792969,74.81537628173828,60.948486328125,74.1943130493164,74.45440673828125,74.53223419189453,76.68846893310547,75,70,70,66.66667175292969,85,84.21052551269531,80.95238494873047,85,2.030283212661743,8589934592,1073741824,5116411904,290652160
209,1771649722651,3504,3504,3504,3504,3504,3504,3504,3504,76.572265625,75.18038940429688,74.32487487792969,74.81537628173828,60.948486328125,74.1943130493164,74.45440673828125,74.53223419189453,76.68846893310547,70,71.42857360839844,66.66667175292969,66.66667175292969,80.95238494873047,86.36363983154297,85,81.81818389892578,9.772089958190918,8589934592,1073741824,5102059520,290652160
207,1771649722861,3504,3504,3504,3504,3504,3504,3504,3504,76.572265625,75.18038940429688,74.32487487792969,74.81537628173828,60.948486328125,74.1943130493164,74.45440673828125,74.53223419189453,76.68846893310547,72.7272720336914,70,71.42857360839844,66.66667175292969,90.47618865966797,85.71428680419922,81.81818389892578,84.21052551269531,9.772089958190918,8589934592,1073741824,5124194304,290652160
209,1771649723069,3504,3504,3504,3504,3504,3504,3504,3504,76.572265625,75.18038940429688,74.32487487792969,74.81537628173828,60.948486328125,74.1943130493164,74.45440673828125,74.53223419189453,76.68846893310547,80,68.18181610107422,66.66667175292969,70,90.47618865966797,90.47618865966797,85,81.81818389892578,9.772089958190918,8589934592,1073741824,5146312704,290652160
208,1771649723279,3504,3504,3504,3504,3504,3504,3504,3504,80.32231140136719,78.61715698242188,77.7906265258789,78.42851257324219,63.99506759643555,77.5595474243164,77.61837005615234,77.9427490234375,79.94221496582031,68.18181610107422,66.66667175292969,66.66667175292969,63.6363639831543,80.95238494873047,90,81.81818389892578,76.19047546386719,9.772089958190918,8589934592,1073741824,5146312704,290652160
209,1771649723488,3504,3504,3504,3504,3504,3504,3504,3504,80.32231140136719,78.61715698242188,77.7906265258789,78.42851257324219,63.99506759643555,77.5595474243164,77.61837005615234,77.9427490234375,79.94221496582031,78.94737243652344,70,70,71.42857360839844,80.95238494873047,86.36363983154297,85.71428680419922,90.47618865966797,9.772089958190918,8589934592,1073741824,5146312704,290652160
205,1771649723698,3504,3504,3504,3504,3504,3504,3504,3504,80.32231140136719,78.61715698242188,77.7906265258789,78.42851257324219,63.99506759643555,77.5595474243164,77.61837005615234,77.9427490234375,79.94221496582031,72.7272720336914,77.2727279663086,76.19047546386719,70,90,90.47618865966797,85,85.71428680419922,18.796550750732422,8589934592,1073741824,5146312704,290652160
207,1771649723903,3504,3504,3504,3504,3504,3504,3504,3504,80.32231140136719,78.61715698242188,77.7906265258789,78.42851257324219,63.99506759643555,77.5595474243164,77.61837005615234,77.9427490234375,79.94221496582031,71.42857360839844,66.66667175292969,63.6363639831543,66.66667175292969,85.71428680419922,85.71428680419922,80.95238494873047,80.95238494873047,18.796550750732422,8589934592,1073741824,5157371904,290652160
209,1771649724110,3504,3504,3504,3504,3504,3504,3504,3504,80.32231140136719,78.61715698242188,77.7906265258789,78.42851257324219,63.99506759643555,77.5595474243164,77.61837005615234,77.9427490234375,79.94221496582031,73.68421173095703,70,68.42105102539063,66.66667175292969,85.71428680419922,90,80,80.95238494873047,18.796550750732422,8589934592,1073741824,5117853696,290652160
212,1771649724320,3504,3504,3504,3504,3504,3504,3504,3504,82.7371826171875,80.73243713378906,80.05726623535156,80.76187133789063,66.03319549560547,79.60096740722656,79.87174987792969,79.93223571777344,82.30606079101563,72.7272720336914,66.66667175292969,71.42857360839844,70,85,85.71428680419922,81.81818389892578,89.47368621826172,18.796550750732422,8589934592,1073741824,5117853696,290652160
209,1771649724533,3504,3504,3504,3504,3504,3504,3504,3504,82.7371826171875,80.73243713378906,80.05726623535156,80.76187133789063,66.03319549560547,79.60096740722656,79.87174987792969,79.93223571777344,82.30606079101563,76.19047546386719,75,72.7272720336914,72.7272720336914,85.71428680419922,90.47618865966797,80,86.36363983154297,18.796550750732422,8589934592,1073741824,5117853696,290652160
209,1771649724743,3504,3504,3504,3504,3504,3504,3504,3504,82.7371826171875,80.73243713378906,80.05726623535156,80.76187133789063,66.03319549560547,79.60096740722656,79.87174987792969,79.93223571777344,82.30606079101563,71.42857360839844,68.18181610107422,71.42857360839844,70,86.36363983154297,81.81818389892578,81.81818389892578,85.71428680419922,19.169248580932617,8589934592,1073741824,5117853696,290652160
209,1771649724953,3504,3504,3504,3504,3504,3504,3504,3504,82.7371826171875,80.73243713378906,80.05726623535156,80.76187133789063,66.03319549560547,79.60096740722656,79.87174987792969,79.93223571777344,82.30606079101563,66.66667175292969,66.66667175292969,61.904762268066406,63.6363639831543,85,90,85.71428680419922,81.81818389892578,19.169248580932617,8589934592,1073741824,5144739840,290652160
209,1771649725163,3504,3504,3504,3504,3504,3504,3504,3504,84.18463897705078,82.03153228759766,81.42130279541016,82.21259307861328,67.36939239501953,80.84229278564453,81.13546752929688,81.24598693847656,83.51971435546875,72.7272720336914,70,71.42857360839844,75,82.60869598388672,90.90909576416016,85,80,19.169248580932617,8589934592,1073741824,5125750784,290652160
209,1771649725373,3504,3504,3504,3504,3504,3504,3504,3504,84.18463897705078,82.03153228759766,81.42130279541016,82.21259307861328,67.36939239501953,80.84229278564453,81.13546752929688,81.24598693847656,83.51971435546875,70,63.6363639831543,61.904762268066406,66.66667175292969,85,80,77.2727279663086,81.81818389892578,19.169248580932617,8589934592,1073741824,5139333120,290652160
208,1771649725583,3504,3504,3504,3504,3504,3504,3504,3504,84.18463897705078,82.03153228759766,81.42130279541016,82.21259307861328,67.36939239501953,80.84229278564453,81.13546752929688,81.24598693847656,83.51971435546875,70,70,72.7272720336914,71.42857360839844,90,90.90909576416016,85,85.71428680419922,19.169248580932617,8589934592,1073741824,5147148288,290652160
209,1771649725791,3504,3504,3504,3504,3504,3504,3504,3504,84.18463897705078,82.03153228759766,81.42130279541016,82.21259307861328,67.36939239501953,80.84229278564453,81.13546752929688,81.24598693847656,83.51971435546875,50,42.85714340209961,42.105262756347656,42.85714340209961,52.38095474243164,55,50,45,19.661108016967773,8589934592,1073741824,5127782400,290652160
206,1771649726001,3504,3504,3504,3504,3504,3504,3504,3504,84.18463897705078,82.03153228759766,81.42130279541016,82.21259307861328,67.36939239501953,80.84229278564453,81.13546752929688,81.24598693847656,83.51971435546875,15.000000953674316,9.090909004211426,4.761904716491699,0,9.523809432983398,4.761904716491699,4.761904716491699,4.545454502105713,19.661108016967773,8589934592,1073741824,5123440640,290652160
208,1771649726208,3504,3504,3504,3504,3504,3504,3504,3504,75.43093872070313,74.19844818115234,73.2861099243164,73.54057312011719,65.02310943603516,72.53253936767578,72.53333282470703,73.14739227294922,74.66488647460938,28.571430206298828,15.000000953674316,14.285715103149414,9.523809432983398,0,0,0,0,19.661108016967773,8589934592,1073741824,5123407872,290652160
203,1771649726417,3504,3504,3504,3504,3504,3504,3504,3504,75.43093872070313,74.19844818115234,73.2861099243164,73.54057312011719,65.02310943603516,72.53253936767578,72.53333282470703,73.14739227294922,74.66488647460938,27.272727966308594,19.047618865966797,10,9.523809432983398,0,0,0,0,19.661108016967773,8589934592,1073741824,5120327680,290652160
209,1771649726621,3504,3504,3504,3504,3504,3504,3504,3504,75.43093872070313,74.19844818115234,73.2861099243164,73.54057312011719,65.02310943603516,72.53253936767578,72.53333282470703,73.14739227294922,74.66488647460938,21.052631378173828,15.000000953674316,19.047618865966797,5.263157844543457,0,0,0,0,19.661108016967773,8589934592,1073741824,5120327680,290652160
207,1771649726831,3504,3504,3504,3504,3504,3504,3504,3504,75.43093872070313,74.19844818115234,73.2861099243164,73.54057312011719,65.02310943603516,72.53253936767578,72.53333282470703,73.14739227294922,74.66488647460938,14.285715103149414,19.047618865966797,10,13.636363983154297,0,0,0,0,19.184139251708984,8589934592,1073741824,5120327680,290652160
200,1771649727039,3504,3504,3504,3504,3504,3504,3504,3504,75.43093872070313,74.19844818115234,73.2861099243164,73.54057312011719,65.02310943603516,72.53253936767578,72.53333282470703,73.14739227294922,74.66488647460938,22.72727394104004,20,19.047618865966797,20,0,0,0,0,19.184139251708984,8589934592,1073741824,5119623168,290652160
209,1771649727240,3504,3504,3504,3504,3504,3504,3504,3504,55.734859466552734,55.48483657836914,54.324615478515625,53.97699737548828,54.30565643310547,54.19915771484375,53.820640563964844,54.98508834838867,55.259437561035156,16.666667938232422,14.285715103149414,14.285715103149414,19.047618865966797,0,0,0,0,19.184139251708984,8589934592,1073741824,5119623168,290652160
209,1771649727450,3504,3504,3504,3504,3504,3504,3504,3504,55.734859466552734,55.48483657836914,54.324615478515625,53.97699737548828,54.30565643310547,54.19915771484375,53.820640563964844,54.98508834838867,55.259437561035156,22.72727394104004,10,5,20,0,0,0,0,19.184139251708984,8589934592,1073741824,5119639552,290652160
203,1771649727660,3504,3504,3504,3504,3504,3504,3504,3504,55.734859466552734,55.48483657836914,54.324615478515625,53.97699737548828,54.30565643310547,54.19915771484375,53.820640563964844,54.98508834838867,55.259437561035156,20,14.285715103149414,13.636363983154297,18.18181800842285,0,0,0,0,12.599970817565918,8589934592,1073741824,5119639552,290652160
209,1771649727864,3504,3504,3504,3504,3504,3504,3504,3504,55.734859466552734,55.48483657836914,54.324615478515625,53.97699737548828,54.30565643310547,54.19915771484375,53.820640563964844,54.98508834838867,55.259437561035156,19.047618865966797,19.047618865966797,10,15.789472579956055,0,0,0,0,12.599970817565918,8589934592,1073741824,5119639552,290652160
209,1771649728074,3504,3504,3504,3504,3504,3504,3504,3504,55.734859466552734,55.48483657836914,54.324615478515625,53.97699737548828,54.30565643310547,54.19915771484375,53.820640563964844,54.98508834838867,55.259437561035156,15.000000953674316,15.000000953674316,15.000000953674316,19.047618865966797,0,0,0,0,12.599970817565918,8589934592,1073741824,5119557632,290652160
204,1771649728284,3504,3504,3504,3504,3504,3504,3504,3504,52.46678161621094,51.90168762207031,50.98418426513672,50.759765625,51.1149787902832,50.87464141845703,50.57035827636719,51.740169525146484,51.937164306640625,18.18181800842285,14.285715103149414,22.72727394104004,19.047618865966797,0,0,0,0,12.599970817565918,8589934592,1073741824,5119639552,290652160
204,1771649728489,3504,3504,3504,3504,3504,3504,3504,3504,52.46678161621094,51.90168762207031,50.98418426513672,50.759765625,51.1149787902832,50.87464141845703,50.57035827636719,51.740169525146484,51.937164306640625,15.000000953674316,23.809524536132813,15.000000953674316,9.523809432983398,0,4.761904716491699,0,0,12.599970817565918,8589934592,1073741824,5119639552,290652160
209,1771649728695,3504,3504,3504,3504,3504,3504,3504,3504,52.46678161621094,51.90168762207031,50.98418426513672,50.759765625,51.1149787902832,50.87464141845703,50.57035827636719,51.740169525146484,51.937164306640625,23.809524536132813,15.000000953674316,14.285715103149414,10,0,0,0,0,2.1087327003479004,8589934592,1073741824,5119426560,290652160
205,1771649728904,3504,3504,3504,3504,3504,3504,3504,3504,52.46678161621094,51.90168762207031,50.98418426513672,50.759765625,51.1149787902832,50.87464141845703,50.57035827636719,51.740169525146484,51.937164306640625,20,14.285715103149414,19.047618865966797,9.523809432983398,0,0,0,0,2.1087327003479004,8589934592,1073741824,5119442944,290652160
209,1771649729111,3504,3504,3504,3504,3504,3504,3504,3504,52.46678161621094,51.90168762207031,50.98418426513672,50.759765625,51.1149787902832,50.87464141845703,50.57035827636719,51.740169525146484,51.937164306640625,19.047618865966797,19.047618865966797,20,5,0,0,0,0,2.1087327003479004,8589934592,1073741824,5119426560,290652160
9,1771649729321,3504,3504,3504,3504,3504,3504,3504,3504,50.647857666015625,50.063995361328125,49.19065856933594,48.96159362792969,49.40089797973633,49.132606506347656,48.813323974609375,49.97960662841797,50.10988235473633,10,19.047618865966797,15.000000953674316,4.761904716491699,0,0,0,0,2.1087327003479004,8589934592,1073741824,5119426560,290652160
