Delta,Time,CPU_FREQUENCY_0,CPU_FREQUENCY_1,CPU_FREQUENCY_2,CPU_FREQUENCY_3,CPU_FREQUENCY_4,CPU_FREQUENCY_5,CPU_FREQUENCY_6,CPU_FREQUENCY_7,CPU_TEMP_0,CPU_TEMP_1,CPU_TEMP_2,CPU_TEMP_3,CPU_TEMP_4,CPU_TEMP_5,CPU_TEMP_6,CPU_TEMP_7,CPU_TEMP_8,CPU_USAGE_0,CPU_USAGE_1,CPU_USAGE_2,CPU_USAGE_3,CPU_USAGE_4,CPU_USAGE_5,CPU_USAGE_6,CPU_USAGE_7,SYSTEM_POWER (Watts),TOTAL_MEMORY,TOTAL_SWAP,USED_MEMORY,USED_SWAP
0,1771784519095,3504,3504,3504,3504,3504,3504,3504,3504,54.9732666015625,54.72854232788086,53.253631591796875,53.18207550048828,52.859500885009766,52.69960021972656,52.354400634765625,53.55204772949219,53.783729553222656,0,0,50,0,0,0,0,0,8.644889831542969,8589934592,2147483648,4913545216,540344320
209,1771784519095,3504,3504,3504,3504,3504,3504,3504,3504,54.9732666015625,54.72854232788086,53.253631591796875,53.18207550048828,52.859500885009766,52.69960021972656,52.354400634765625,53.55204772949219,53.783729553222656,0,50,0,0,0,0,0,0,8.644889831542969,8589934592,2147483648,4913545216,540344320
209,1771784519305,3504,3504,3504,3504,3504,3504,3504,3504,54.9732666015625,54.72854232788086,53.253631591796875,53.18207550048828,52.859500885009766,52.69960021972656,52.354400634765625,53.55204772949219,53.783729553222656,28.571430206298828,30.000001907348633,23.809524536132813,18.18181800842285,40.90909194946289,0,4.545454502105713,0,8.644889831542969,8589934592,2147483648,4913545216,540344320
209,1771784519515,3504,3504,3504,3504,3504,3504,3504,3504,54.9732666015625,54.72854232788086,53.253631591796875,53.18207550048828,52.859500885009766,52.69960021972656,52.354400634765625,53.55204772949219,53.783729553222656,14.285715103149414,23.809524536132813,9.523809432983398,10,0,0,0,0,11.871447563171387,8589934592,2147483648,4913545216,540344320
200,1771784519725,3504,3504,3504,3504,3504,3504,3504,3504,54.9732666015625,54.72854232788086,53.253631591796875,53.18207550048828,52.859500885009766,52.69960021972656,52.354400634765625,53.55204772949219,53.783729553222656,15.000000953674316,20,18.18181800842285,9.090909004211426,0,0,0,0,11.871447563171387,8589934592,2147483648,4902420480,540344320
208,1771784519926,3504,3504,3504,3504,3504,3504,3504,3504,54.9732666015625,54.72854232788086,53.253631591796875,53.18207550048828,52.859500885009766,52.69960021972656,52.354400634765625,53.55204772949219,53.783729553222656,28.571430206298828,20,11.111111640930176,21.052631378173828,0,0,0,0,11.871447563171387,8589934592,2147483648,4903452672,540344320
228,1771784520134,3504,3504,3504,3504,3504,3504,3504,3504,53.32368469238281,52.923282623291016,51.752052307128906,51.645408630371094,51.2745475769043,51.475555419921875,51.27360534667969,52.40522003173828,52.628421783447266,65,61.904762268066406,61.904762268066406,63.6363639831543,90.47618865966797,80,75,75,11.871447563171387,8589934592,2147483648,4912283648,540344320
209,1771784520363,3504,3504,3504,3504,3504,3504,3504,3504,53.32368469238281,52.923282623291016,51.752052307128906,51.645408630371094,51.2745475769043,51.475555419921875,51.27360534667969,52.40522003173828,52.628421783447266,75,75,73.91304016113281,77.2727279663086,86.9565200805664,83.33332824707031,90.90909576416016,87.5,11.871447563171387,8589934592,2147483648,4887625728,540344320
209,1771784520572,3504,3504,3504,3504,3504,3504,3504,3504,53.32368469238281,52.923282623291016,51.752052307128906,51.645408630371094,51.2745475769043,51.475555419921875,51.27360534667969,52.40522003173828,52.628421783447266,80,75,72.7272720336914,76.19047546386719,85.71428680419922,85,85.71428680419922,90,10.760838508605957,8589934592,2147483648,4905435136,540344320
209,1771784520783,3504,3504,3504,3504,3504,3504,3504,3504,53.32368469238281,52.923282623291016,51.752052307128906,51.645408630371094,51.2745475769043,51.475555419921875,51.27360534667969,52.40522003173828,52.628421783447266,70,66.66667175292969,65,75,85,81.81818389892578,85.71428680419922,81.81818389892578,10.760838508605957,8589934592,2147483648,4911333376,540344320
202,1771784520993,3504,3504,3504,3504,3504,3504,3504,3504,53.32368469238281,52.923282623291016,51.752052307128906,51.645408630371094,51.2745475769043,51.475555419921875,51.27360534667969,52.40522003173828,52.628421783447266,72.7272720336914,71.42857360839844,76.19047546386719,72.7272720336914,95.23809814453125,85.71428680419922,81.81818389892578,85.71428680419922,10.760838508605957,8589934592,2147483648,4939022336,540344320
209,1771784521196,3504,3504,3504,3504,3504,3504,3504,3504,77.414794921875,75.7748794555664,74.7118911743164,75.45091247558594,61.59136962890625,74.90006256103516,75.22209167480469,75.40513610839844,77.53060150146484,70,70,65,66.66667175292969,85.71428680419922,90,84.21052551269531,78.94737243652344,10.760838508605957,8589934592,2147483648,4903026688,540344320
206,1771784521406,3504,3504,3504,3504,3504,3504,3504,3504,77.414794921875,75.7748794555664,74.7118911743164,75.45091247558594,61.59136962890625,74.90006256103516,75.22209167480469,75.40513610839844,77.53060150146484,76.19047546386719,71.42857360839844,76.19047546386719,70,95,90.47618865966797,85.71428680419922,80.95238494873047,10.760838508605957,8589934592,2147483648,4888428544,540344320
208,1771784521613,3504,3504,3504,3504,3504,3504,3504,3504,77.414794921875,75.7748794555664,74.7118911743164,75.45091247558594,61.59136962890625,74.90006256103516,75.22209167480469,75.40513610839844,77.53060150146484,71.42857360839844,70,66.66667175292969,72.7272720336914,90.47618865966797,80,81.81818389892578,85.71428680419922,22.503751754760742,8589934592,2147483648,4679417856,540344320
209,1771784521822,3504,3504,3504,3504,3504,3504,3504,3504,77.414794921875,75.7748794555664,74.7118911743164,75.45091247558594,61.59136962890625,74.90006256103516,75.22209167480469,75.40513610839844,77.53060150146484,75,68.18181610107422,66.66667175292969,70,85.71428680419922,85.71428680419922,90,76.19047546386719,22.503751754760742,8589934592,2147483648,4668866560,540344320
209,1771784522032,3504,3504,3504,3504,3504,3504,3504,3504,83.22586059570313,81.46939849853516,80.56995391845703,81.341552734375,66.65113830566406,80.21509552001953,80.39830780029297,80.70343780517578,82.68936157226563,71.42857360839844,71.42857360839844,66.66667175292969,66.66667175292969,85.71428680419922,85.71428680419922,81.81818389892578,90.47618865966797,22.503751754760742,8589934592,2147483648,4666572800,540344320
203,1771784522242,3504,3504,3504,3504,3504,3504,3504,3504,83.22586059570313,81.46939849853516,80.56995391845703,81.341552734375,66.65113830566406,80.21509552001953,80.39830780029297,80.70343780517578,82.68936157226563,76.19047546386719,68.42105102539063,66.66667175292969,70,80.95238494873047,85.71428680419922,85,85.71428680419922,22.503751754760742,8589934592,2147483648,4689674240,540344320
207,1771784522446,3504,3504,3504,3504,3504,3504,3504,3504,83.22586059570313,81.46939849853516,80.56995391845703,81.341552734375,66.65113830566406,80.21509552001953,80.39830780029297,80.70343780517578,82.68936157226563,70,72.7272720336914,70,66.66667175292969,85.71428680419922,85.71428680419922,90,80.95238494873047,22.503751754760742,8589934592,2147483648,4713906176,540344320
202,1771784522653,3504,3504,3504,3504,3504,3504,3504,3504,83.22586059570313,81.46939849853516,80.56995391845703,81.341552734375,66.65113830566406,80.21509552001953,80.39830780029297,80.70343780517578,82.68936157226563,71.42857360839844,65,66.66667175292969,66.66667175292969,85.71428680419922,85,81.81818389892578,85,26.19127655029297,8589934592,2147483648,4713906176,540344320
206,1771784522856,3504,3504,3504,3504,3504,3504,3504,3504,83.22586059570313,81.46939849853516,80.56995391845703,81.341552734375,66.65113830566406,80.21509552001953,80.39830780029297,80.70343780517578,82.68936157226563,76.19047546386719,70,70,70,85,80.95238494873047,90.47618865966797,80,26.19127655029297,8589934592,2147483648,4668325888,540344320
209,1771784523063,3504,3504,3504,3504,3504,3504,3504,3504,85.33978271484375,83.50279235839844,82.6800765991211,83.42191314697266,68.72280883789063,82.70843505859375,82.82843017578125,83.13306427001953,85.21769714355469,75,66.66667175292969,70,71.42857360839844,90.47618865966797,90.47618865966797,84.21052551269531,80.95238494873047,26.19127655029297,8589934592,2147483648,4680253440,540344320
209,1771784523273,3504,3504,3504,3504,3504,3504,3504,3504,85.33978271484375,83.50279235839844,82.6800765991211,83.42191314697266,68.72280883789063,82.70843505859375,82.82843017578125,83.13306427001953,85.21769714355469,71.42857360839844,71.42857360839844,71.42857360839844,66.66667175292969,90,85,85.71428680419922,85.71428680419922,26.19127655029297,8589934592,2147483648,4670177280,540344320
201,1771784523482,3504,3504,3504,3504,3504,3504,3504,3504,85.33978271484375,83.50279235839844,82.6800765991211,83.42191314697266,68.72280883789063,82.70843505859375,82.82843017578125,83.13306427001953,85.21769714355469,80.95238494873047,76.19047546386719,71.42857360839844,75,86.36363983154297,90.47618865966797,81.81818389892578,85,26.19127655029297,8589934592,2147483648,4656201728,540344320
209,1771784523684,3504,3504,3504,3504,3504,3504,3504,3504,85.33978271484375,83.50279235839844,82.6800765991211,83.42191314697266,68.72280883789063,82.70843505859375,82.82843017578125,83.13306427001953,85.21769714355469,71.42857360839844,71.42857360839844,70,65,94.44444274902344,85.71428680419922,78.94737243652344,77.2727279663086,29.00409698486328,8589934592,2147483648,4669161472,540344320
205,1771784523894,3504,3504,3504,3504,3504,3504,3504,3504,85.33978271484375,83.50279235839844,82.6800765991211,83.42191314697266,68.72280883789063,82.70843505859375,82.82843017578125,83.13306427001953,85.21769714355469,70,65,68.18181610107422,66.66667175292969,82.60869598388672,80.95238494873047,85.71428680419922,85,29.00409698486328,8589934592,2147483648,4710825984,540344320
206,1771784524099,3504,3504,3504,3504,3504,3504,3504,3504,87.15531158447266,85.54727935791016,84.604736328125,85.29679107666016,70.23126983642578,84.00386047363281,84.15140533447266,84.3012924194336,86.58476257324219,75,76.19047546386719,75,71.42857360839844,90,95,80.95238494873047,80.95238494873047,29.00409698486328,8589934592,2147483648,4687446016,540344320
201,1771784524306,3504,3504,3504,3504,3504,3504,3504,3504,87.15531158447266,85.54727935791016,84.604736328125,85.29679107666016,70.23126983642578,84.00386047363281,84.15140533447266,84.3012924194336,86.58476257324219,71.42857360839844,65,65,66.66667175292969,85.71428680419922,85,80.95238494873047,80.95238494873047,29.00409698486328,8589934592,2147483648,4696408064,540344320
204,1771784524508,3504,3504,3504,3504,3504,3504,3504,3504,87.15531158447266,85.54727935791016,84.604736328125,85.29679107666016,70.23126983642578,84.00386047363281,84.15140533447266,84.3012924194336,86.58476257324219,75,71.42857360839844,72.7272720336914,68.42105102539063,80,85.71428680419922,84.21052551269531,84.21052551269531,29.00409698486328,8589934592,2147483648,4707368960,540344320
213,1771784524712,3504,3504,3504,3504,3504,3504,3504,3504,87.15531158447266,85.54727935791016,84.604736328125,85.29679107666016,70.23126983642578,84.00386047363281,84.15140533447266,84.3012924194336,86.58476257324219,70,66.66667175292969,70,66.66667175292969,85,80.95238494873047,85.71428680419922,80.95238494873047,26.841047286987305,8589934592,2147483648,4666408960,540344320
203,1771784524926,3504,3504,3504,3504,3504,3504,3504,3504,87.15531158447266,85.54727935791016,84.604736328125,85.29679107666016,70.23126983642578,84.00386047363281,84.15140533447266,84.3012924194336,86.58476257324219,71.42857360839844,65,71.42857360839844,68.18181610107422,80.95238494873047,80.95238494873047,86.36363983154297,85.71428680419922,26.841047286987305,8589934592,2147483648,4664901632,540344320
209,1771784525129,3504,3504,3504,3504,3504,3504,3504,3504,87.82576751708984,86.1590576171875,85.32939910888672,86.05792236328125,71.2889404296875,85.30924987792969,85.4028549194336,85.6065902709961,87.87334442138672,47.619049072265625,47.619049072265625,40,42.105262756347656,50,50,45,47.619049072265625,26.841047286987305,8589934592,2147483648,4677074944,540344320
209,1771784525339,3504,3504,3504,3504,3504,3504,3504,3504,87.82576751708984,86.1590576171875,85.32939910888672,86.05792236328125,71.2889404296875,85.30924987792969,85.4028549194336,85.6065902709961,87.87334442138672,22.72727394104004,20,14.285715103149414,13.043478012084961,4.545454502105713,0,4.761904716491699,0,26.841047286987305,8589934592,2147483648,4665982976,540344320
207,1771784525549,3504,3504,3504,3504,3504,3504,3504,3504,87.82576751708984,86.1590576171875,85.32939910888672,86.05792236328125,71.2889404296875,85.30924987792969,85.4028549194336,85.6065902709961,87.87334442138672,15.000000953674316,14.285715103149414,18.18181800842285,5.263157844543457,4.761904716491699,0,0,0,28.38428497314453,8589934592,2147483648,4665884672,540344320
202,1771784525758,3504,3504,3504,3504,3504,3504,3504,3504,87.82576751708984,86.1590576171875,85.32939910888672,86.05792236328125,71.2889404296875,85.30924987792969,85.4028549194336,85.6065902709961,87.87334442138672,20,22.72727394104004,15.000000953674316,9.523809432983398,0,0,0,0,28.38428497314453,8589934592,2147483648,4665950208,540344320
208,1771784525961,3504,3504,3504,3504,3504,3504,3504,3504,87.82576751708984,86.1590576171875,85.32939910888672,86.05792236328125,71.2889404296875,85.30924987792969,85.4028549194336,85.6065902709961,87.87334442138672,23.809524536132813,15.789472579956055,15.789472579956055,18.18181800842285,0,0,0,0,28.38428497314453,8589934592,2147483648,4665622528,540344320
209,1771784526169,3504,3504,3504,3504,3504,3504,3504,3504,63.049861907958984,62.521888732910156,61.33195495605469,61.38733673095703,61.042518615722656,61.23877716064453,60.80760192871094,62.02461624145508,62.549991607666016,19.047618865966797,14.285715103149414,19.047618865966797,10,0,0,0,0,28.38428497314453,8589934592,2147483648,4665638912,540344320
209,1771784526379,3504,3504,3504,3504,3504,3504,3504,3504,63.049861907958984,62.521888732910156,61.33195495605469,61.38733673095703,61.042518615722656,61.23877716064453,60.80760192871094,62.02461624145508,62.549991607666016,19.047618865966797,19.047618865966797,22.72727394104004,9.523809432983398,0,0,0,0,28.38428497314453,8589934592,2147483648,4662476800,540344320
207,1771784526589,3504,3504,3504,3504,3504,3504,3504,3504,63.049861907958984,62.521888732910156,61.33195495605469,61.38733673095703,61.042518615722656,61.23877716064453,60.80760192871094,62.02461624145508,62.549991607666016,19.047618865966797,14.285715103149414,19.047618865966797,5,0,0,0,0,19.5571346282959,8589934592,2147483648,4662427648,540344320
208,1771784526798,3504,3504,3504,3504,3504,3504,3504,3504,63.049861907958984,62.521888732910156,61.33195495605469,61.38733673095703,61.042518615722656,61.23877716064453,60.80760192871094,62.02461624145508,62.549991607666016,15.000000953674316,19.047618865966797,20,13.636363983154297,0,0,0,0,19.5571346282959,8589934592,2147483648,4662444032,540344320
205,1771784527007,3504,3504,3504,3504,3504,3504,3504,3504,63.049861907958984,62.521888732910156,61.33195495605469,61.38733673095703,61.042518615722656,61.23877716064453,60.80760192871094,62.02461624145508,62.549991607666016,20,15.000000953674316,14.285715103149414,5,0,0,0,0,19.5571346282959,8589934592,2147483648,4662476800,540344320
209,1771784527213,3504,3504,3504,3504,3504,3504,3504,3504,56.76609802246094,56.35112762451172,55.06422424316406,55.01861572265625,55.182674407958984,54.96540069580078,54.643165588378906,55.87529373168945,56.14765548706055,28.571430206298828,14.285715103149414,15.000000953674316,5,4.545454502105713,4.545454502105713,0,0,19.5571346282959,8589934592,2147483648,4662558720,540344320
204,1771784527423,3504,3504,3504,3504,3504,3504,3504,3504,56.76609802246094,56.35112762451172,55.06422424316406,55.01861572265625,55.182674407958984,54.96540069580078,54.643165588378906,55.87529373168945,56.14765548706055,23.809524536132813,10,14.285715103149414,13.636363983154297,0,0,0,0,19.5571346282959,8589934592,2147483648,4662575104,540344320
209,1771784527627,3504,3504,3504,3504,3504,3504,3504,3504,56.76609802246094,56.35112762451172,55.06422424316406,55.01861572265625,55.182674407958984,54.96540069580078,54.643165588378906,55.87529373168945,56.14765548706055,25,19.047618865966797,14.285715103149414,5.263157844543457,0,0,0,0,8.87728214263916,8589934592,2147483648,4662493184,540344320
208,1771784527837,3504,3504,3504,3504,3504,3504,3504,3504,56.76609802246094,56.35112762451172,55.06422424316406,55.01861572265625,55.182674407958984,54.96540069580078,54.643165588378906,55.87529373168945,56.14765548706055,33.333335876464844,28.571430206298828,15.000000953674316,19.047618865966797,0,0,0,0,8.87728214263916,8589934592,2147483648,4662738944,540344320
209,1771784528046,3504,3504,3504,3504,3504,3504,3504,3504,54.28218460083008,53.91402816772461,52.78575134277344,52.69390869140625,53.01129913330078,52.772186279296875,52.43345642089844,53.553123474121094,53.84981155395508,22.72727394104004,14.285715103149414,23.809524536132813,9.523809432983398,0,0,0,0,8.87728214263916,8589934592,2147483648,4663214080,540344320
208,1771784528256,3504,3504,3504,3504,3504,3504,3504,3504,54.28218460083008,53.91402816772461,52.78575134277344,52.69390869140625,53.01129913330078,52.772186279296875,52.43345642089844,53.553123474121094,53.84981155395508,15.000000953674316,19.047618865966797,22.72727394104004,9.523809432983398,0,0,0,0,8.87728214263916,8589934592,2147483648,4659085312,540344320
205,1771784528465,3504,3504,3504,3504,3504,3504,3504,3504,54.28218460083008,53.91402816772461,52.78575134277344,52.69390869140625,53.01129913330078,52.772186279296875,52.43345642089844,53.553123474121094,53.84981155395508,19.047618865966797,15.000000953674316,20,9.523809432983398,0,0,0,0,8.87728214263916,8589934592,2147483648,4659085312,540344320
209,1771784528671,3504,3504,3504,3504,3504,3504,3504,3504,54.28218460083008,53.91402816772461,52.78575134277344,52.69390869140625,53.01129913330078,52.772186279296875,52.43345642089844,53.553123474121094,53.84981155395508,28.571430206298828,19.047618865966797,15.000000953674316,10,4.761904716491699,0,4.545454502105713,4.761904716491699,10.441183090209961,8589934592,2147483648,4659740672,540344320
204,1771784528881,3504,3504,3504,3504,3504,3504,3504,3504,54.28218460083008,53.91402816772461,52.78575134277344,52.69390869140625,53.01129913330078,52.772186279296875,52.43345642089844,53.553123474121094,53.84981155395508,20,10,13.636363983154297,9.090909004211426,0,4.545454502105713,0,0,10.441183090209961,8589934592,2147483648,4656529408,540344320
209,1771784529086,3504,3504,3504,3504,3504,3504,3504,3504,52.98373794555664,52.334964752197266,51.33116912841797,51.32914733886719,51.56840515136719,51.31825256347656,51.057403564453125,52.167354583740234,52.40878677368164,25,19.047618865966797,15.000000953674316,5,0,0,0,0,10.441183090209961,8589934592,2147483648,4656283648,540344320
201,1771784529296,3504,3504,3504,3504,3504,3504,3504,3504,52.98373794555664,52.334964752197266,51.33116912841797,51.32914733886719,51.56840515136719,51.31825256347656,51.057403564453125,52.167354583740234,52.40878677368164,42.85714340209961,40,33.333335876464844,33.333335876464844,14.285715103149414,9.523809432983398,31.81818199157715,0,10.441183090209961,8589934592,2147483648,4659871744,540344320
204,1771784529498,3504,3504,3504,3504,3504,3504,3504,3504,52.98373794555664,52.334964752197266,51.33116912841797,51.32914733886719,51.56840515136719,51.31825256347656,51.057403564453125,52.167354583740234,52.40878677368164,21.052631378173828,19.047618865966797,31.57894515991211,20,0,0,0,0,10.441183090209961,8589934592,2147483648,4660494336,540344320
209,1771784529703,3504,3504,3504,3504,3504,3504,3504,3504,52.98373794555664,52.334964752197266,51.33116912841797,51.32914733886719,51.56840515136719,51.31825256347656,51.057403564453125,52.167354583740234,52.40878677368164,27.272727966308594,10,19.047618865966797,10,0,0,0,0,10.641830444335938,8589934592,2147483648,4659920896,540344320
205,1771784529913,3504,3504,3504,3504,3504,3504,3504,3504,52.98373794555664,52.334964752197266,51.33116912841797,51.32914733886719,51.56840515136719,51.31825256347656,51.057403564453125,52.167354583740234,52.40878677368164,15.000000953674316,19.047618865966797,23.809524536132813,9.523809432983398,0,0,0,0,10.641830444335938,8589934592,2147483648,4659740672,540344320
209,1771784530119,3504,3504,3504,3504,3504,3504,3504,3504,52.112342834472656,51.24366760253906,50.36976623535156,50.32081604003906,50.67644500732422,50.46424865722656,50.13701629638672,51.454139709472656,51.46296691894531,42.85714340209961,35,40,33.333335876464844,38.095237731933594,38.095237731933594,31.57894515991211,36.3636360168457,10.641830444335938,8589934592,2147483648,4669390848,540344320
203,1771784530329,3504,3504,3504,3504,3504,3504,3504,3504,52.112342834472656,51.24366760253906,50.36976623535156,50.32081604003906,50.67644500732422,50.46424865722656,50.13701629638672,51.454139709472656,51.46296691894531,70,66.66667175292969,66.66667175292969,66.66667175292969,90,85,81.81818389892578,80,10.641830444335938,8589934592,2147483648,4697817088,540344320
209,1771784530533,3504,3504,3504,3504,3504,3504,3504,3504,52.112342834472656,51.24366760253906,50.36976623535156,50.32081604003906,50.67644500732422,50.46424865722656,50.13701629638672,51.454139709472656,51.46296691894531,77.2727279663086,76.19047546386719,71.42857360839844,73.68421173095703,85.71428680419922,90.47618865966797,90,85,9.393990516662598,8589934592,2147483648,4721934336,540344320
202,1771784530743,3504,3504,3504,3504,3504,3504,3504,3504,52.112342834472656,51.24366760253906,50.36976623535156,50.32081604003906,50.67644500732422,50.46424865722656,50.13701629638672,51.454139709472656,51.46296691894531,75,70,71.42857360839844,68.18181610107422,85.71428680419922,90,85.71428680419922,85.71428680419922,9.393990516662598,8589934592,2147483648,4676976640,540344320
201,1771784530945,3504,3504,3504,3504,3504,3504,3504,3504,52.112342834472656,51.24366760253906,50.36976623535156,50.32081604003906,50.67644500732422,50.46424865722656,50.13701629638672,51.454139709472656,51.46296691894531,75,76.19047546386719,73.68421173095703,75,95,86.36363983154297,85.71428680419922,86.36363983154297,9.393990516662598,8589934592,2147483648,4696735744,540344320
217,1771784531147,3504,3504,3504,3504,3504,3504,3504,3504,75.78316497802734,74.07136535644531,72.95280456542969,73.75187683105469,60.25121307373047,72.66360473632813,72.89077758789063,73.23824310302734,75.12818908691406,75,70,71.42857360839844,70,85.71428680419922,89.47368621826172,84.21052551269531,88.8888931274414,9.393990516662598,8589934592,2147483648,4734599168,540344320
209,1771784531364,3504,3504,3504,3504,3504,3504,3504,3504,75.78316497802734,74.07136535644531,72.95280456542969,73.75187683105469,60.25121307373047,72.66360473632813,72.89077758789063,73.23824310302734,75.12818908691406,72.7272720336914,71.42857360839844,66.66667175292969,72.7272720336914,90.47618865966797,90.90909576416016,82.60869598388672,82.60869598388672,9.393990516662598,8589934592,2147483648,4683186176,540344320
211,1771784531574,3504,3504,3504,3504,3504,3504,3504,3504,75.78316497802734,74.07136535644531,72.95280456542969,73.75187683105469,60.25121307373047,72.66360473632813,72.89077758789063,73.23824310302734,75.12818908691406,75,68.18181610107422,71.42857360839844,68.18181610107422,90.47618865966797,80.95238494873047,85,81.81818389892578,19.172863006591797,8589934592,2147483648,4683186176,540344320
210,1771784531786,3504,3504,3504,3504,3504,3504,3504,3504,75.78316497802734,74.07136535644531,72.95280456542969,73.75187683105469,60.25121307373047,72.66360473632813,72.89077758789063,73.23824310302734,75.12818908691406,77.2727279663086,75,66.66667175292969,70,86.36363983154297,80.95238494873047,90.47618865966797,89.47368621826172,19.172863006591797,8589934592,2147483648,4683186176,540344320
200,1771784531996,3504,3504,3504,3504,3504,3504,3504,3504,75.78316497802734,74.07136535644531,72.95280456542969,73.75187683105469,60.25121307373047,72.66360473632813,72.89077758789063,73.23824310302734,75.12818908691406,71.42857360839844,71.42857360839844,72.7272720336914,71.42857360839844,90,85.71428680419922,86.36363983154297,86.36363983154297,19.172863006591797,8589934592,2147483648,4683186176,540344320
200,1771784532197,3504,3504,3504,3504,3504,3504,3504,3504,82.93692016601563,81.44157409667969,80.53546905517578,81.10238647460938,66.48948669433594,80.03187561035156,80.44430541992188,80.59457397460938,82.94418334960938,70,71.42857360839844,65,65,90,90,84.21052551269531,90,19.172863006591797,8589934592,2147483648,4700717056,540344320
209,1771784532398,3504,3504,3504,3504,3504,3504,3504,3504,82.93692016601563,81.44157409667969,80.53546905517578,81.10238647460938,66.48948669433594,80.03187561035156,80.44430541992188,80.59457397460938,82.94418334960938,73.68421173095703,68.42105102539063,70,70,80,85,90.47618865966797,85,19.172863006591797,8589934592,2147483648,4686987264,540344320
207,1771784532608,3504,3504,3504,3504,3504,3504,3504,3504,82.93692016601563,81.44157409667969,80.53546905517578,81.10238647460938,66.48948669433594,80.03187561035156,80.44430541992188,80.59457397460938,82.94418334960938,77.2727279663086,68.18181610107422,66.66667175292969,66.66667175292969,90.47618865966797,85.71428680419922,80,80.95238494873047,26.575037002563477,8589934592,2147483648,4686987264,540344320
206,1771784532816,3504,3504,3504,3504,3504,3504,3504,3504,82.93692016601563,81.44157409667969,80.53546905517578,81.10238647460938,66.48948669433594,80.03187561035156,80.44430541992188,80.59457397460938,82.94418334960938,71.42857360839844,71.42857360839844,66.66667175292969,66.66667175292969,85.71428680419922,85.71428680419922,85.71428680419922,80.95238494873047,26.575037002563477,8589934592,2147483648,4686987264,540344320
209,1771784533022,3504,3504,3504,3504,3504,3504,3504,3504,86.00943756103516,83.89696502685547,83.20046997070313,84.06819915771484,68.93378448486328,83.03136444091797,83.28748321533203,83.42771911621094,85.69326782226563,75,75,70,71.42857360839844,85,90,85.71428680419922,85,26.575037002563477,8589934592,2147483648,4686987264,540344320
200,1771784533232,3504,3504,3504,3504,3504,3504,3504,3504,86.00943756103516,83.89696502685547,83.20046997070313,84.06819915771484,68.93378448486328,83.03136444091797,83.28748321533203,83.42771911621094,85.69326782226563,72.7272720336914,71.42857360839844,72.7272720336914,76.19047546386719,95.23809814453125,86.36363983154297,90,81.81818389892578,26.575037002563477,8589934592,2147483648,4679745536,540344320
209,1771784533432,3504,3504,3504,3504,3504,3504,3504,3504,86.00943756103516,83.89696502685547,83.20046997070313,84.06819915771484,68.93378448486328,83.03136444091797,83.28748321533203,83.42771911621094,85.69326782226563,73.68421173095703,70,68.42105102539063,68.42105102539063,90.47618865966797,89.47368621826172,85.71428680419922,80,26.575037002563477,8589934592,2147483648,4707434496,540344320
205,1771784533643,3504,3504,3504,3504,3504,3504,3504,3504,86.00943756103516,83.89696502685547,83.20046997070313,84.06819915771484,68.93378448486328,83.03136444091797,83.28748321533203,83.42771911621094,85.69326782226563,66.66667175292969,66.66667175292969,66.66667175292969,68.18181610107422,84.21052551269531,81.81818389892578,77.2727279663086,80.95238494873047,28.237266540527344,8589934592,2147483648,4707434496,540344320
206,1771784533848,3504,3504,3504,3504,3504,3504,3504,3504,86.00943756103516,83.89696502685547,83.20046997070313,84.06819915771484,68.93378448486328,83.03136444091797,83.28748321533203,83.42771911621094,85.69326782226563,76.19047546386719,75,70,70,81.81818389892578,85,84.21052551269531,90,28.237266540527344,8589934592,2147483648,4707434496,540344320
207,1771784534055,3504,3504,3504,3504,3504,3504,3504,3504,87.34102630615234,85.61933898925781,84.75650024414063,85.47407531738281,70.49872589111328,84.37303161621094,84.55267333984375,84.61665344238281,86.99107360839844,66.66667175292969,71.42857360839844,66.66667175292969,66.66667175292969,85.71428680419922,90,80.95238494873047,80.95238494873047,28.237266540527344,8589934592,2147483648,4707434496,540344320
213,1771784534262,3504,3504,3504,3504,3504,3504,3504,3504,87.34102630615234,85.61933898925781,84.75650024414063,85.47407531738281,70.49872589111328,84.37303161621094,84.55267333984375,84.61665344238281,86.99107360839844,75,65,61.904762268066406,65,85.71428680419922,81.81818389892578,80.95238494873047,80,28.237266540527344,8589934592,2147483648,4688838656,540344320
202,1771784534476,3504,3504,3504,3504,3504,3504,3504,3504,87.34102630615234,85.61933898925781,84.75650024414063,85.47407531738281,70.49872589111328,84.37303161621094,84.55267333984375,84.61665344238281,86.99107360839844,68.18181610107422,68.18181610107422,71.42857360839844,68.18181610107422,80.95238494873047,90.47618865966797,80.95238494873047,86.36363983154297,28.237266540527344,8589934592,2147483648,4675715072,540344320
209,1771784534679,3504,3504,3504,3504,3504,3504,3504,3504,87.34102630615234,85.61933898925781,84.75650024414063,85.47407531738281,70.49872589111328,84.37303161621094,84.55267333984375,84.61665344238281,86.99107360839844,73.68421173095703,73.68421173095703,66.66667175292969,70,90,90,85,75,27.102357864379883,8589934592,2147483648,4675272704,540344320
206,1771784534889,3504,3504,3504,3504,3504,3504,3504,3504,87.34102630615234,85.61933898925781,84.75650024414063,85.47407531738281,70.49872589111328,84.37303161621094,84.55267333984375,84.61665344238281,86.99107360839844,68.18181610107422,73.91304016113281,70,71.42857360839844,85.71428680419922,85.71428680419922,81.81818389892578,77.2727279663086,27.102357864379883,8589934592,2147483648,4675272704,540344320
209,1771784535096,3504,3504,3504,3504,3504,3504,3504,3504,88.72021484375,86.64396667480469,85.81621551513672,86.78598022460938,71.53423309326172,85.16799926757813,85.27728271484375,85.44979858398438,87.71376037597656,75,70,66.66667175292969,70,80.95238494873047,90.47618865966797,85.71428680419922,89.47368621826172,27.102357864379883,8589934592,2147483648,4675272704,540344320
209,1771784535306,3504,3504,3504,3504,3504,3504,3504,3504,88.72021484375,86.64396667480469,85.81621551513672,86.78598022460938,71.53423309326172,85.16799926757813,85.27728271484375,85.44979858398438,87.71376037597656,19.047618865966797,14.285715103149414,20,9.523809432983398,14.285715103149414,14.285715103149414,9.523809432983398,17.39130401611328,27.102357864379883,8589934592,2147483648,4666114048,540344320
201,1771784535516,3504,3504,3504,3504,3504,3504,3504,3504,88.72021484375,86.64396667480469,85.81621551513672,86.78598022460938,71.53423309326172,85.16799926757813,85.27728271484375,85.44979858398438,87.71376037597656,9.523809432983398,15.000000953674316,13.636363983154297,4.545454502105713,9.523809432983398,0,0,0,27.755891799926758,8589934592,2147483648,4667719680,540344320
209,1771784535718,3504,3504,3504,3504,3504,3504,3504,3504,88.72021484375,86.64396667480469,85.81621551513672,86.78598022460938,71.53423309326172,85.16799926757813,85.27728271484375,85.44979858398438,87.71376037597656,15.000000953674316,20,20,10,0,0,0,0,27.755891799926758,8589934592,2147483648,4667834368,540344320
208,1771784535927,3504,3504,3504,3504,3504,3504,3504,3504,88.72021484375,86.64396667480469,85.81621551513672,86.78598022460938,71.53423309326172,85.16799926757813,85.27728271484375,85.44979858398438,87.71376037597656,14.285715103149414,19.047618865966797,19.047618865966797,5,0,0,0,0,27.755891799926758,8589934592,2147483648,4663312384,540344320
209,1771784536136,3504,3504,3504,3504,3504,3504,3504,3504,65.91029357910156,65.40113830566406,64.20828247070313,64.28857421875,62.73169708251953,64.19158172607422,63.853668212890625,64.9891586303711,65.65678405761719,28.571430206298828,28.571430206298828,23.809524536132813,14.285715103149414,0,0,0,0,27.755891799926758,8589934592,2147483648,4663312384,540344320
209,1771784536346,3504,3504,3504,3504,3504,3504,3504,3504,65.91029357910156,65.40113830566406,64.20828247070313,64.28857421875,62.73169708251953,64.19158172607422,63.853668212890625,64.9891586303711,65.65678405761719,23.809524536132813,19.047618865966797,10,9.523809432983398,0,4.545454502105713,0,0,27.755891799926758,8589934592,2147483648,4664360960,540344320
206,1771784536556,3504,3504,3504,3504,3504,3504,3504,3504,65.91029357910156,65.40113830566406,64.20828247070313,64.28857421875,62.73169708251953,64.19158172607422,63.853668212890625,64.9891586303711,65.65678405761719,20,22.72727394104004,13.636363983154297,9.523809432983398,0,0,0,0,18.84796142578125,8589934592,2147483648,4661952512,540344320
199,1771784536763,3504,3504,3504,3504,3504,3504,3504,3504,65.91029357910156,65.40113830566406,64.20828247070313,64.28857421875,62.73169708251953,64.19158172607422,63.853668212890625,64.9891586303711,65.65678405761719,23.809524536132813,20,10,9.523809432983398,0,0,0,0,18.84796142578125,8589934592,2147483648,4661706752,540344320
207,1771784536963,3504,3504,3504,3504,3504,3504,3504,3504,65.91029357910156,65.40113830566406,64.20828247070313,64.28857421875,62.73169708251953,64.19158172607422,63.853668212890625,64.9891586303711,65.65678405761719,25,30.000001907348633,15.000000953674316,10.526315689086914,0,0,0,0,18.84796142578125,8589934592,2147483648,4661886976,540344320
207,1771784537171,3504,3504,3504,3504,3504,3504,3504,3504,57.4650764465332,57.004825592041016,55.76029968261719,55.763519287109375,55.91279220581055,55.72468566894531,55.35212707519531,56.55901336669922,56.84343719482422,40,31.57894515991211,14.285715103149414,22.72727394104004,0,0,0,0,18.84796142578125,8589934592,2147483648,4661886976,540344320
209,1771784537379,3504,3504,3504,3504,3504,3504,3504,3504,57.4650764465332,57.004825592041016,55.76029968261719,55.763519287109375,55.91279220581055,55.72468566894531,55.35212707519531,56.55901336669922,56.84343719482422,28.571430206298828,45.45454788208008,20,30.000001907348633,0,0,0,0,18.84796142578125,8589934592,2147483648,4663017472,540344320
207,1771784537589,3504,3504,3504,3504,3504,3504,3504,3504,57.4650764465332,57.004825592041016,55.76029968261719,55.763519287109375,55.91279220581055,55.72468566894531,55.35212707519531,56.55901336669922,56.84343719482422,22.72727394104004,23.809524536132813,18.18181800842285,9.523809432983398,0,0,0,0,9.277629852294922,8589934592,2147483648,4663132160,540344320
204,1771784537797,3504,3504,3504,3504,3504,3504,3504,3504,57.4650764465332,57.004825592041016,55.76029968261719,55.763519287109375,55.91279220581055,55.72468566894531,55.35212707519531,56.55901336669922,56.84343719482422,15.000000953674316,14.285715103149414,15.000000953674316,5,0,0,0,0,9.277629852294922,8589934592,2147483648,4663132160,540344320
204,1771784538002,3504,3504,3504,3504,3504,3504,3504,3504,57.4650764465332,57.004825592041016,55.76029968261719,55.763519287109375,55.91279220581055,55.72468566894531,55.35212707519531,56.55901336669922,56.84343719482422,20,15.000000953674316,19.047618865966797,13.636363983154297,0,0,0,0,9.277629852294922,8589934592,2147483648,4663132160,540344320
204,1771784538208,3504,3504,3504,3504,3504,3504,3504,3504,54.93092346191406,54.574703216552734,53.32836151123047,53.336517333984375,53.64292526245117,53.40568542480469,53.062904357910156,54.19310760498047,54.46631622314453,28.571430206298828,10,10,5,0,0,0,0,9.277629852294922,8589934592,2147483648,4663132160,540344320
209,1771784538413,3504,3504,3504,3504,3504,3504,3504,3504,54.93092346191406,54.574703216552734,53.32836151123047,53.336517333984375,53.64292526245117,53.40568542480469,53.062904357910156,54.19310760498047,54.46631622314453,25,14.285715103149414,14.285715103149414,9.523809432983398,0,0,0,0,9.277629852294922,8589934592,2147483648,4663181312,540344320
206,1771784538623,3504,3504,3504,3504,3504,3504,3504,3504,54.93092346191406,54.574703216552734,53.32836151123047,53.336517333984375,53.64292526245117,53.40568542480469,53.062904357910156,54.19310760498047,54.46631622314453,23.809524536132813,20,10,5.263157844543457,0,0,0,0,10.155937194824219,8589934592,2147483648,4663164928,540344320
208,1771784538829,3504,3504,3504,3504,3504,3504,3504,3504,54.93092346191406,54.574703216552734,53.32836151123047,53.336517333984375,53.64292526245117,53.40568542480469,53.062904357910156,54.19310760498047,54.46631622314453,20,14.285715103149414,19.047618865966797,13.636363983154297,0,0,0,0,10.155937194824219,8589934592,2147483648,4663230464,540344320
209,1771784539038,3504,3504,3504,3504,3504,3504,3504,3504,53.369346618652344,52.94728088378906,51.817359924316406,51.78515625,52.15218734741211,51.805328369140625,51.538658142089844,52.67472839355469,52.97401428222656,13.636363983154297,14.285715103149414,15.000000953674316,14.285715103149414,0,0,0,0,10.155937194824219,8589934592,2147483648,4663263232,540344320
199,1771784539248,3504,3504,3504,3504,3504,3504,3504,3504,53.369346618652344,52.94728088378906,51.817359924316406,51.78515625,52.15218734741211,51.805328369140625,51.538658142089844,52.67472839355469,52.97401428222656,20,23.809524536132813,23.809524536132813,14.285715103149414,0,0,0,0,10.155937194824219,8589934592,2147483648,4663345152,540344320
209,1771784539448,3504,3504,3504,3504,3504,3504,3504,3504,53.369346618652344,52.94728088378906,51.817359924316406,51.78515625,52.15218734741211,51.805328369140625,51.538658142089844,52.67472839355469,52.97401428222656,20,15.789472579956055,30.000001907348633,10.526315689086914,40,0,0,0,10.155937194824219,8589934592,2147483648,4664066048,540344320
206,1771784539658,3504,3504,3504,3504,3504,3504,3504,3504,53.369346618652344,52.94728088378906,51.817359924316406,51.78515625,52.15218734741211,51.805328369140625,51.538658142089844,52.67472839355469,52.97401428222656,15.000000953674316,13.636363983154297,19.047618865966797,19.047618865966797,0,0,0,0,8.80393123626709,8589934592,2147483648,4664066048,540344320
207,1771784539865,3504,3504,3504,3504,3504,3504,3504,3504,53.369346618652344,52.94728088378906,51.817359924316406,51.78515625,52.15218734741211,51.805328369140625,51.538658142089844,52.67472839355469,52.97401428222656,19.047618865966797,15.000000953674316,10,15.000000953674316,0,0,0,0,8.80393123626709,8589934592,2147483648,4664082432,540344320
202,1771784540072,3504,3504,3504,3504,3504,3504,3504,3504,52.604942321777344,51.98185729980469,50.907997131347656,50.84398651123047,51.123775482177734,50.80656433105469,50.54644012451172,51.68933868408203,51.963077545166016,15.000000953674316,19.047618865966797,14.285715103149414,22.72727394104004,0,0,0,0,8.80393123626709,8589934592,2147483648,4664082432,540344320
207,1771784540275,3504,3504,3504,3504,3504,3504,3504,3504,52.604942321777344,51.98185729980469,50.907997131347656,50.84398651123047,51.123775482177734,50.80656433105469,50.54644012451172,51.68933868408203,51.963077545166016,52.38095474243164,55,52.38095474243164,50,66.66667175292969,71.42857360839844,61.904762268066406,55,8.80393123626709,8589934592,2147483648,4664082432,540344320
209,1771784540483,3504,3504,3504,3504,3504,3504,3504,3504,52.604942321777344,51.98185729980469,50.907997131347656,50.84398651123047,51.123775482177734,50.80656433105469,50.54644012451172,51.68933868408203,51.963077545166016,80,75,71.42857360839844,75,85.71428680419922,90,90.47618865966797,85.71428680419922,8.80393123626709,8589934592,2147483648,4674650112,540344320
203,1771784540692,3504,3504,3504,3504,3504,3504,3504,3504,52.604942321777344,51.98185729980469,50.907997131347656,50.84398651123047,51.123775482177734,50.80656433105469,50.54644012451172,51.68933868408203,51.963077545166016,68.18181610107422,66.66667175292969,68.42105102539063,66.66667175292969,90,86.36363983154297,80.95238494873047,81.81818389892578,10.106161117553711,8589934592,2147483648,4694982656,540344320
207,1771784540895,3504,3504,3504,3504,3504,3504,3504,3504,52.604942321777344,51.98185729980469,50.907997131347656,50.84398651123047,51.123775482177734,50.80656433105469,50.54644012451172,51.68933868408203,51.963077545166016,73.68421173095703,70,68.18181610107422,66.66667175292969,85,89.47368621826172,90,80.95238494873047,10.106161117553711,8589934592,2147483648,4662968320,540344320
205,1771784541103,3504,3504,3504,3504,3504,3504,3504,3504,73.91706848144531,72.23790740966797,71.24502563476563,71.97718811035156,59.59107971191406,70.99820709228516,71.0287094116211,71.61911010742188,73.11992645263672,71.42857360839844,66.66667175292969,70,70,90.47618865966797,80.95238494873047,76.19047546386719,84.21052551269531,10.106161117553711,8589934592,2147483648,4683481088,540344320
209,1771784541308,3504,3504,3504,3504,3504,3504,3504,3504,73.91706848144531,72.23790740966797,71.24502563476563,71.97718811035156,59.59107971191406,70.99820709228516,71.0287094116211,71.61911010742188,73.11992645263672,71.42857360839844,71.42857360839844,70,70,90,85.71428680419922,90,85.71428680419922,10.106161117553711,8589934592,2147483648,4656693248,540344320
205,1771784541518,3504,3504,3504,3504,3504,3504,3504,3504,73.91706848144531,72.23790740966797,71.24502563476563,71.97718811035156,59.59107971191406,70.99820709228516,71.0287094116211,71.61911010742188,73.11992645263672,71.42857360839844,71.42857360839844,72.7272720336914,68.18181610107422,86.36363983154297,85,85.71428680419922,80.95238494873047,19.884719848632813,8589934592,2147483648,4669816832,540344320
204,1771784541724,3504,3504,3504,3504,3504,3504,3504,3504,73.91706848144531,72.23790740966797,71.24502563476563,71.97718811035156,59.59107971191406,70.99820709228516,71.0287094116211,71.61911010742188,73.11992645263672,70,65,71.42857360839844,68.42105102539063,90,81.81818389892578,80.95238494873047,85,19.884719848632813,8589934592,2147483648,4672372736,540344320
208,1771784541929,3504,3504,3504,3504,3504,3504,3504,3504,73.91706848144531,72.23790740966797,71.24502563476563,71.97718811035156,59.59107971191406,70.99820709228516,71.0287094116211,71.61911010742188,73.11992645263672,70,71.42857360839844,68.42105102539063,68.18181610107422,90,85,90.47618865966797,77.2727279663086,19.884719848632813,8589934592,2147483648,4649287680,540344320
208,1771784542137,3504,3504,3504,3504,3504,3504,3504,3504,82.7457504272461,81.1646957397461,80.27752685546875,80.98880004882813,66.49075317382813,79.92864227294922,80.14979553222656,80.45767211914063,82.45227813720703,68.18181610107422,70,68.18181610107422,70,85.71428680419922,90,85,76.19047546386719,19.884719848632813,8589934592,2147483648,4703649792,540344320
209,1771784542346,3504,3504,3504,3504,3504,3504,3504,3504,82.7457504272461,81.1646957397461,80.27752685546875,80.98880004882813,66.49075317382813,79.92864227294922,80.14979553222656,80.45767211914063,82.45227813720703,70,71.42857360839844,70,70,80.95238494873047,86.36363983154297,76.19047546386719,85,19.884719848632813,8589934592,2147483648,4662951936,540344320
206,1771784542556,3504,3504,3504,3504,3504,3504,3504,3504,82.7457504272461,81.1646957397461,80.27752685546875,80.98880004882813,66.49075317382813,79.92864227294922,80.14979553222656,80.45767211914063,82.45227813720703,76.19047546386719,66.66667175292969,66.66667175292969,68.18181610107422,81.81818389892578,90.47618865966797,90.47618865966797,80.95238494873047,26.69082260131836,8589934592,2147483648,4702748672,540344320
213,1771784542762,3504,3504,3504,3504,3504,3504,3504,3504,82.7457504272461,81.1646957397461,80.27752685546875,80.98880004882813,66.49075317382813,79.92864227294922,80.14979553222656,80.45767211914063,82.45227813720703,66.66667175292969,66.66667175292969,66.66667175292969,66.66667175292969,85,80,85,80.95238494873047,26.69082260131836,8589934592,2147483648,4696309760,540344320
209,1771784542976,3504,3504,3504,3504,3504,3504,3504,3504,82.7457504272461,81.1646957397461,80.27752685546875,80.98880004882813,66.49075317382813,79.92864227294922,80.14979553222656,80.45767211914063,82.45227813720703,71.42857360839844,66.66667175292969,66.66667175292969,66.66667175292969,81.81818389892578,81.81818389892578,81.81818389892578,90,26.69082260131836,8589934592,2147483648,4675780608,540344320
209,1771784543186,3504,3504,3504,3504,3504,3504,3504,3504,85.41133880615234,83.4576187133789,82.7024154663086,83.55101776123047,68.84717559814453,82.5232162475586,82.87025451660156,82.96302795410156,85.30184173583984,76.19047546386719,76.19047546386719,71.42857360839844,71.42857360839844,90.47618865966797,85.71428680419922,90.47618865966797,86.36363983154297,26.69082260131836,8589934592,2147483648,4667555840,540344320
207,1771784543396,3504,3504,3504,3504,3504,3504,3504,3504,85.41133880615234,83.4576187133789,82.7024154663086,83.55101776123047,68.84717559814453,82.5232162475586,82.87025451660156,82.96302795410156,85.30184173583984,70,66.66667175292969,70,66.66667175292969,85,90,80.95238494873047,80.95238494873047,26.69082260131836,8589934592,2147483648,4646895616,540344320
207,1771784543603,3504,3504,3504,3504,3504,3504,3504,3504,85.41133880615234,83.4576187133789,82.7024154663086,83.55101776123047,68.84717559814453,82.5232162475586,82.87025451660156,82.96302795410156,85.30184173583984,72.7272720336914,66.66667175292969,68.18181610107422,66.66667175292969,85,86.36363983154297,80.95238494873047,85,28.019269943237305,8589934592,2147483648,4703453184,540344320
209,1771784543810,3504,3504,3504,3504,3504,3504,3504,3504,85.41133880615234,83.4576187133789,82.7024154663086,83.55101776123047,68.84717559814453,82.5232162475586,82.87025451660156,82.96302795410156,85.30184173583984,76.19047546386719,70,70,70,90.90909576416016,85,85,80.95238494873047,28.019269943237305,8589934592,2147483648,4703879168,540344320
215,1771784544020,3504,3504,3504,3504,3504,3504,3504,3504,85.41133880615234,85.99525451660156,85.10159301757813,85.94784545898438,70.72870635986328,84.51434326171875,84.75927734375,84.78575134277344,87.26100158691406,71.42857360839844,68.18181610107422,66.66667175292969,68.18181610107422,90.47618865966797,85.71428680419922,80.95238494873047,81.81818389892578,28.019269943237305,8589934592,2147483648,4674125824,540344320
209,1771784544235,3504,3504,3504,3504,3504,3504,3504,3504,87.78778076171875,85.99525451660156,85.10159301757813,85.94784545898438,70.72870635986328,84.51434326171875,84.75927734375,84.78575134277344,87.26100158691406,75,76.19047546386719,72.7272720336914,75,90.47618865966797,85.71428680419922,86.36363983154297,85,28.019269943237305,8589934592,2147483648,4689199104,540344320
201,1771784544445,3504,3504,3504,3504,3504,3504,3504,3504,87.78778076171875,85.99525451660156,85.10159301757813,85.94784545898438,70.72870635986328,84.51434326171875,84.75927734375,84.78575134277344,87.26100158691406,76.19047546386719,66.66667175292969,71.42857360839844,72.7272720336914,90.90909576416016,86.36363983154297,85.71428680419922,80.95238494873047,28.019269943237305,8589934592,2147483648,4652990464,540344320
209,1771784544647,3504,3504,3504,3504,3504,3504,3504,3504,87.78778076171875,85.99525451660156,85.10159301757813,85.94784545898438,70.72870635986328,84.51434326171875,84.75927734375,84.78575134277344,87.26100158691406,71.42857360839844,70,70,65,89.47368621826172,89.47368621826172,80,80.95238494873047,28.16389274597168,8589934592,2147483648,4692361216,540344320
202,1771784544857,3504,3504,3504,3504,3504,3504,3504,3504,87.78778076171875,85.99525451660156,85.10159301757813,85.94784545898438,70.72870635986328,84.51434326171875,84.75927734375,84.78575134277344,87.26100158691406,65,66.66667175292969,65,66.66667175292969,80.95238494873047,86.36363983154297,80.95238494873047,76.19047546386719,28.16389274597168,8589934592,2147483648,4717723648,540344320
209,1771784545060,3504,3504,3504,3504,3504,3504,3504,3504,89.11656188964844,87.41584014892578,86.53043365478516,87.326904296875,72.0242691040039,85.77098083496094,85.79401397705078,86.11662292480469,88.23200225830078,76.19047546386719,75,71.42857360839844,65,85.71428680419922,85,80,85,28.16389274597168,8589934592,2147483648,4678762496,540344320
209,1771784545270,3504,3504,3504,3504,3504,3504,3504,3504,89.11656188964844,87.41584014892578,86.53043365478516,87.326904296875,72.0242691040039,85.77098083496094,85.79401397705078,86.11662292480469,88.23200225830078,52.38095474243164,52.38095474243164,52.38095474243164,54.54545593261719,66.66667175292969,57.142860412597656,66.66667175292969,57.142860412597656,28.16389274597168,8589934592,2147483648,4667129856,540344320
209,1771784545479,3504,3504,3504,3504,3504,3504,3504,3504,89.11656188964844,87.41584014892578,86.53043365478516,87.326904296875,72.0242691040039,85.77098083496094,85.79401397705078,86.11662292480469,88.23200225830078,19.047618865966797,19.047618865966797,9.523809432983398,5,5,5,9.090909004211426,0,28.16389274597168,8589934592,2147483648,4671995904,540344320
209,1771784545689,3504,3504,3504,3504,3504,3504,3504,3504,89.11656188964844,87.41584014892578,86.53043365478516,87.326904296875,72.0242691040039,85.77098083496094,85.79401397705078,86.11662292480469,88.23200225830078,23.809524536132813,23.809524536132813,19.047618865966797,9.523809432983398,9.090909004211426,9.090909004211426,0,0,28.415067672729492,8589934592,2147483648,4673241088,540344320
208,1771784545899,3504,3504,3504,3504,3504,3504,3504,3504,89.11656188964844,87.41584014892578,86.53043365478516,87.326904296875,72.0242691040039,85.77098083496094,85.79401397705078,86.11662292480469,88.23200225830078,14.285715103149414,19.047618865966797,15.000000953674316,5,0,0,0,0,28.415067672729492,8589934592,2147483648,4659298304,540344320
209,1771784546108,3504,3504,3504,3504,3504,3504,3504,3504,69.13601684570313,68.58737182617188,67.30045318603516,67.47047424316406,64.47291564941406,67.0443115234375,66.73135375976563,67.88643646240234,68.58781433105469,19.047618865966797,20,9.523809432983398,9.090909004211426,0,0,0,0,28.415067672729492,8589934592,2147483648,4659298304,540344320
208,1771784546318,3504,3504,3504,3504,3504,3504,3504,3504,69.13601684570313,68.58737182617188,67.30045318603516,67.47047424316406,64.47291564941406,67.0443115234375,66.73135375976563,67.88643646240234,68.58781433105469,25,23.809524536132813,10,9.523809432983398,0,0,0,0,28.415067672729492,8589934592,2147483648,4659298304,540344320
201,1771784546527,3504,3504,3504,3504,3504,3504,3504,3504,69.13601684570313,68.58737182617188,67.30045318603516,67.47047424316406,64.47291564941406,67.0443115234375,66.73135375976563,67.88643646240234,68.58781433105469,23.809524536132813,22.72727394104004,13.636363983154297,9.523809432983398,0,0,0,0,22.818130493164063,8589934592,2147483648,4659298304,540344320
203,1771784546729,3504,3504,3504,3504,3504,3504,3504,3504,69.13601684570313,68.58737182617188,67.30045318603516,67.47047424316406,64.47291564941406,67.0443115234375,66.73135375976563,67.88643646240234,68.58781433105469,26.3157901763916,10.526315689086914,15.000000953674316,5.263157844543457,0,0,0,0,22.818130493164063,8589934592,2147483648,4649615360,540344320
208,1771784546933,3504,3504,3504,3504,3504,3504,3504,3504,69.13601684570313,68.58737182617188,67.30045318603516,67.47047424316406,64.47291564941406,67.0443115234375,66.73135375976563,67.88643646240234,68.58781433105469,33.333335876464844,23.809524536132813,20,19.047618865966797,15.000000953674316,15.000000953674316,10,10,22.818130493164063,8589934592,2147483648,4649615360,540344320
203,1771784547142,3504,3504,3504,3504,3504,3504,3504,3504,58.59793472290039,57.987884521484375,56.80900573730469,56.832977294921875,56.79537582397461,56.87840270996094,56.40260314941406,57.66331100463867,57.95032501220703,42.85714340209961,40,38.095237731933594,33.333335876464844,0,0,0,0,22.818130493164063,8589934592,2147483648,4651384832,540344320
206,1771784547346,3504,3504,3504,3504,3504,3504,3504,3504,58.59793472290039,57.987884521484375,56.80900573730469,56.832977294921875,56.79537582397461,56.87840270996094,56.40260314941406,57.66331100463867,57.95032501220703,25,20,20,15.000000953674316,0,0,0,0,22.818130493164063,8589934592,2147483648,4649091072,540344320
207,1771784547553,3504,3504,3504,3504,3504,3504,3504,3504,58.59793472290039,57.987884521484375,56.80900573730469,56.832977294921875,56.79537582397461,56.87840270996094,56.40260314941406,57.66331100463867,57.95032501220703,19.047618865966797,15.000000953674316,19.047618865966797,9.523809432983398,0,0,0,0,9.925243377685547,8589934592,2147483648,4649107456,540344320
207,1771784547761,3504,3504,3504,3504,3504,3504,3504,3504,58.59793472290039,57.987884521484375,56.80900573730469,56.832977294921875,56.79537582397461,56.87840270996094,56.40260314941406,57.66331100463867,57.95032501220703,15.000000953674316,22.72727394104004,23.809524536132813,10,0,0,0,0,9.925243377685547,8589934592,2147483648,4649222144,540344320
203,1771784547969,3504,3504,3504,3504,3504,3504,3504,3504,58.59793472290039,57.987884521484375,56.80900573730469,56.832977294921875,56.79537582397461,56.87840270996094,56.40260314941406,57.66331100463867,57.95032501220703,22.72727394104004,20,15.000000953674316,9.523809432983398,0,0,0,0,9.925243377685547,8589934592,2147483648,4649189376,540344320
209,1771784548173,3504,3504,3504,3504,3504,3504,3504,3504,55.83015823364258,55.476871490478516,54.11237335205078,54.12181091308594,54.42576217651367,54.205665588378906,53.851318359375,55.02677536010742,55.217864990234375,21.052631378173828,20,14.285715103149414,9.523809432983398,0,0,0,0,9.925243377685547,8589934592,2147483648,4649205760,540344320
206,1771784548383,3504,3504,3504,3504,3504,3504,3504,3504,55.83015823364258,55.476871490478516,54.11237335205078,54.12181091308594,54.42576217651367,54.205665588378906,53.851318359375,55.02677536010742,55.217864990234375,22.72727394104004,28.571430206298828,9.523809432983398,5,0,0,0,0,9.925243377685547,8589934592,2147483648,4649205760,540344320
205,1771784548590,3504,3504,3504,3504,3504,3504,3504,3504,55.83015823364258,55.476871490478516,54.11237335205078,54.12181091308594,54.42576217651367,54.205665588378906,53.851318359375,55.02677536010742,55.217864990234375,15.000000953674316,28.571430206298828,10,9.523809432983398,0,0,0,0,10.796001434326172,8589934592,2147483648,4649222144,540344320
201,1771784548796,3504,3504,3504,3504,3504,3504,3504,3504,55.83015823364258,55.476871490478516,54.11237335205078,54.12181091308594,54.42576217651367,54.205665588378906,53.851318359375,55.02677536010742,55.217864990234375,15.000000953674316,19.047618865966797,10,9.523809432983398,0,0,0,0,10.796001434326172,8589934592,2147483648,4649222144,540344320
199,1771784548998,3504,3504,3504,3504,3504,3504,3504,3504,55.83015823364258,55.476871490478516,54.11237335205078,54.12181091308594,54.42576217651367,54.205665588378906,53.851318359375,55.02677536010742,55.217864990234375,19.047618865966797,35,14.285715103149414,10,0,0,0,0,10.796001434326172,8589934592,2147483648,4649205760,540344320
209,1771784549198,3504,3504,3504,3504,3504,3504,3504,3504,54.00334548950195,53.639835357666016,52.47893524169922,52.42304992675781,52.81425476074219,52.584861755371094,52.218360900878906,53.35680389404297,53.54935836791992,15.000000953674316,26.3157901763916,15.000000953674316,5.263157844543457,0,0,0,0,10.796001434326172,8589934592,2147483648,4649254912,540344320
206,1771784549408,3504,3504,3504,3504,3504,3504,3504,3504,54.00334548950195,53.639835357666016,52.47893524169922,52.42304992675781,52.81425476074219,52.584861755371094,52.218360900878906,53.35680389404297,53.54935836791992,31.57894515991211,28.571430206298828,20,19.047618865966797,33.333335876464844,0,0,0,10.796001434326172,8589934592,2147483648,4650123264,540344320
208,1771784549615,3504,3504,3504,3504,3504,3504,3504,3504,54.00334548950195,53.639835357666016,52.47893524169922,52.42304992675781,52.81425476074219,52.584861755371094,52.218360900878906,53.35680389404297,53.54935836791992,19.047618865966797,19.047618865966797,13.636363983154297,9.523809432983398,0,0,0,0,9.14594554901123,8589934592,2147483648,4650254336,540344320
205,1771784549823,3504,3504,3504,3504,3504,3504,3504,3504,54.00334548950195,53.639835357666016,52.47893524169922,52.42304992675781,52.81425476074219,52.584861755371094,52.218360900878906,53.35680389404297,53.54935836791992,22.72727394104004,15.000000953674316,5,10,0,0,0,0,9.14594554901123,8589934592,2147483648,4650123264,540344320
209,1771784550029,3504,3504,3504,3504,3504,3504,3504,3504,53.1322021484375,52.7447395324707,51.55561065673828,51.493858337402344,51.786319732666016,51.415565490722656,51.19892883300781,52.29524230957031,52.469635009765625,15.000000953674316,27.272727966308594,14.285715103149414,22.72727394104004,0,0,0,0,9.14594554901123,8589934592,2147483648,4650221568,540344320
207,1771784550239,3504,3504,3504,3504,3504,3504,3504,3504,53.1322021484375,52.7447395324707,51.55561065673828,51.493858337402344,51.786319732666016,51.415565490722656,51.19892883300781,52.29524230957031,52.469635009765625,33.333335876464844,15.000000953674316,20,10,14.285715103149414,9.523809432983398,4.761904716491699,4.761904716491699,9.14594554901123,8589934592,2147483648,4612390912,540344320
209,1771784550447,3504,3504,3504,3504,3504,3504,3504,3504,53.1322021484375,52.7447395324707,51.55561065673828,51.493858337402344,51.786319732666016,51.415565490722656,51.19892883300781,52.29524230957031,52.469635009765625,70,66.66667175292969,61.904762268066406,66.66667175292969,78.94737243652344,76.19047546386719,85.71428680419922,81.81818389892578,9.14594554901123,8589934592,2147483648,4648550400,540344320
209,1771784550657,3504,3504,3504,3504,3504,3504,3504,3504,53.1322021484375,52.7447395324707,51.55561065673828,51.493858337402344,51.786319732666016,51.415565490722656,51.19892883300781,52.29524230957031,52.469635009765625,76.19047546386719,66.66667175292969,71.42857360839844,66.66667175292969,81.81818389892578,80,80,90,9.908310890197754,8589934592,2147483648,4648550400,540344320
207,1771784550867,3504,3504,3504,3504,3504,3504,3504,3504,53.1322021484375,52.7447395324707,51.55561065673828,51.493858337402344,51.786319732666016,51.415565490722656,51.19892883300781,52.29524230957031,52.469635009765625,72.7272720336914,70,66.66667175292969,71.42857360839844,80,86.36363983154297,80.95238494873047,85.71428680419922,9.908310890197754,8589934592,2147483648,4647043072,540344320
209,1771784551075,3504,3504,3504,3504,3504,3504,3504,3504,70.29837036132813,68.7698745727539,67.89602661132813,68.51026916503906,58.267662048339844,68.29651641845703,68.65486907958984,68.74850463867188,70.67554473876953,73.68421173095703,70,71.42857360839844,71.42857360839844,90.47618865966797,80,85.71428680419922,85,9.908310890197754,8589934592,2147483648,4645634048,540344320
204,1771784551285,3504,3504,3504,3504,3504,3504,3504,3504,70.29837036132813,68.7698745727539,67.89602661132813,68.51026916503906,58.267662048339844,68.29651641845703,68.65486907958984,68.74850463867188,70.67554473876953,69.56521606445313,68.18181610107422,66.66667175292969,66.66667175292969,81.81818389892578,80.95238494873047,77.2727279663086,86.9565200805664,9.908310890197754,8589934592,2147483648,4655988736,540344320
204,1771784551489,3504,3504,3504,3504,3504,3504,3504,3504,70.29837036132813,68.7698745727539,67.89602661132813,68.51026916503906,58.267662048339844,68.29651641845703,68.65486907958984,68.74850463867188,70.67554473876953,68.42105102539063,66.66667175292969,66.66667175292969,65,90,85.71428680419922,80.95238494873047,85,9.908310890197754,8589934592,2147483648,4663951360,540344320
209,1771784551694,3504,3504,3504,3504,3504,3504,3504,3504,70.29837036132813,68.7698745727539,67.89602661132813,68.51026916503906,58.267662048339844,68.29651641845703,68.65486907958984,68.74850463867188,70.67554473876953,75,71.42857360839844,68.42105102539063,70,85,80,85,85,13.730789184570313,8589934592,2147483648,4663934976,540344320
208,1771784551904,3504,3504,3504,3504,3504,3504,3504,3504,70.29837036132813,68.7698745727539,67.89602661132813,68.51026916503906,58.267662048339844,68.29651641845703,68.65486907958984,68.74850463867188,70.67554473876953,71.42857360839844,71.42857360839844,68.18181610107422,72.7272720336914,86.36363983154297,85.71428680419922,85,80.95238494873047,13.730789184570313,8589934592,2147483648,4663934976,540344320
212,1771784552112,3504,3504,3504,3504,3504,3504,3504,3504,82.35266876220703,80.80009460449219,79.93639373779297,80.58206176757813,66.30836486816406,79.56554412841797,80.079833984375,79.9300765991211,82.52676391601563,68.18181610107422,68.42105102539063,70,70,90.47618865966797,81.81818389892578,76.19047546386719,85.71428680419922,13.730789184570313,8589934592,2147483648,4672176128,540344320
209,1771784552325,3504,3504,3504,3504,3504,3504,3504,3504,82.35266876220703,80.80009460449219,79.93639373779297,80.58206176757813,66.30836486816406,79.56554412841797,80.079833984375,79.9300765991211,82.52676391601563,70,68.18181610107422,63.6363639831543,71.42857360839844,90,84.21052551269531,85.71428680419922,80,13.730789184570313,8589934592,2147483648,4661936128,540344320
209,1771784552535,3504,3504,3504,3504,3504,3504,3504,3504,82.35266876220703,80.80009460449219,79.93639373779297,80.58206176757813,66.30836486816406,79.56554412841797,80.079833984375,79.9300765991211,82.52676391601563,71.42857360839844,71.42857360839844,71.42857360839844,66.66667175292969,85.71428680419922,81.81818389892578,81.81818389892578,86.36363983154297,26.873859405517578,8589934592,2147483648,4670406656,540344320
200,1771784552745,3504,3504,3504,3504,3504,3504,3504,3504,82.35266876220703,80.80009460449219,79.93639373779297,80.58206176757813,66.30836486816406,79.56554412841797,80.079833984375,79.9300765991211,82.52676391601563,71.42857360839844,70,65,71.42857360839844,86.36363983154297,90.47618865966797,80,85.71428680419922,26.873859405517578,8589934592,2147483648,4658331648,540344320
209,1771784552946,3504,3504,3504,3504,3504,3504,3504,3504,82.35266876220703,80.80009460449219,79.93639373779297,80.58206176757813,66.30836486816406,79.56554412841797,80.079833984375,79.9300765991211,82.52676391601563,70,68.18181610107422,71.42857360839844,75,90,80.95238494873047,85.71428680419922,80,26.873859405517578,8589934592,2147483648,4654678016,540344320
206,1771784553156,3504,3504,3504,3504,3504,3504,3504,3504,85.5582504272461,84.04559326171875,83.09109497070313,83.66265106201172,69.1411361694336,82.94924926757813,83.31988525390625,83.25762176513672,85.73348236083984,71.42857360839844,65,65,66.66667175292969,85.71428680419922,85,80,81.81818389892578,26.873859405517578,8589934592,2147483648,4683202560,540344320
209,1771784553362,3504,3504,3504,3504,3504,3504,3504,3504,85.5582504272461,84.04559326171875,83.09109497070313,83.66265106201172,69.1411361694336,82.94924926757813,83.31988525390625,83.25762176513672,85.73348236083984,68.18181610107422,71.42857360839844,71.42857360839844,71.42857360839844,80.95238494873047,85.71428680419922,80.95238494873047,89.47368621826172,26.873859405517578,8589934592,2147483648,4663508992,540344320
206,1771784553572,3504,3504,3504,3504,3504,3504,3504,3504,85.5582504272461,84.04559326171875,83.09109497070313,83.66265106201172,69.1411361694336,82.94924926757813,83.31988525390625,83.25762176513672,85.73348236083984,75,75,68.18181610107422,70,85,80.95238494873047,90.47618865966797,77.2727279663086,28.59743881225586,8589934592,2147483648,4664115200,540344320
201,1771784553779,3504,3504,3504,3504,3504,3504,3504,3504,85.5582504272461,84.04559326171875,83.09109497070313,83.66265106201172,69.1411361694336,82.94924926757813,83.31988525390625,83.25762176513672,85.73348236083984,71.42857360839844,61.904762268066406,63.15789031982422,63.6363639831543,85,85.71428680419922,80.95238494873047,80.95238494873047,28.59743881225586,8589934592,2147483648,4664115200,540344320
209,1771784553980,3504,3504,3504,3504,3504,3504,3504,3504,85.5582504272461,84.04559326171875,83.09109497070313,83.66265106201172,69.1411361694336,82.94924926757813,83.31988525390625,83.25762176513672,85.73348236083984,75,71.42857360839844,66.66667175292969,68.42105102539063,77.2727279663086,80,84.21052551269531,90,28.59743881225586,8589934592,2147483648,4626153472,540344320
211,1771784554191,3504,3504,3504,3504,3504,3504,3504,3504,87.45639038085938,85.45162200927734,84.68504333496094,85.57369995117188,70.81576538085938,84.78062438964844,85.04312133789063,85.06631469726563,87.5211410522461,71.42857360839844,70,70,68.18181610107422,84.21052551269531,90,80.95238494873047,75,28.59743881225586,8589934592,2147483648,4653023232,540344320
209,1771784554402,3504,3504,3504,3504,3504,3504,3504,3504,87.45639038085938,85.45162200927734,84.68504333496094,85.57369995117188,70.81576538085938,84.78062438964844,85.04312133789063,85.06631469726563,87.5211410522461,76.19047546386719,71.42857360839844,72.7272720336914,70,86.9565200805664,90.47618865966797,78.26087188720703,85.71428680419922,28.59743881225586,8589934592,2147483648,4640292864,540344320
200,1771784554612,3504,3504,3504,3504,3504,3504,3504,3504,87.45639038085938,85.45162200927734,84.68504333496094,85.57369995117188,70.81576538085938,84.78062438964844,85.04312133789063,85.06631469726563,87.5211410522461,71.42857360839844,71.42857360839844,66.66667175292969,71.42857360839844,85.71428680419922,85.71428680419922,85,77.2727279663086,26.856088638305664,8589934592,2147483648,4647305216,540344320
206,1771784554812,3504,3504,3504,3504,3504,3504,3504,3504,87.45639038085938,85.45162200927734,84.68504333496094,85.57369995117188,70.81576538085938,84.78062438964844,85.04312133789063,85.06631469726563,87.5211410522461,70,66.66667175292969,68.42105102539063,65,80,90,80,80.95238494873047,26.856088638305664,8589934592,2147483648,4647092224,540344320
206,1771784555019,3504,3504,3504,3504,3504,3504,3504,3504,87.45639038085938,87.12728118896484,86.37337493896484,87.32373046875,72.00358581542969,85.73741149902344,85.76240539550781,86.05355834960938,88.13590240478516,65,65,72.7272720336914,66.66667175292969,90,81.81818389892578,85.71428680419922,80,26.856088638305664,8589934592,2147483648,4664033280,540344320
202,1771784555226,3504,3504,3504,3504,3504,3504,3504,3504,89.23165893554688,87.12728118896484,86.37337493896484,87.32373046875,72.00358581542969,85.73741149902344,85.76240539550781,86.05355834960938,88.13590240478516,71.42857360839844,71.42857360839844,68.42105102539063,66.66667175292969,80.95238494873047,85,80,85,26.856088638305664,8589934592,2147483648,4660953088,540344320
209,1771784555429,3504,3504,3504,3504,3504,3504,3504,3504,89.23165893554688,87.12728118896484,86.37337493896484,87.32373046875,72.00358581542969,85.73741149902344,85.76240539550781,86.05355834960938,88.13590240478516,40,30.000001907348633,33.333335876464844,35,35,35,38.095237731933594,35,26.856088638305664,8589934592,2147483648,4662214656,540344320
206,1771784555639,3504,3504,3504,3504,3504,3504,3504,3504,89.23165893554688,87.12728118896484,86.37337493896484,87.32373046875,72.00358581542969,85.73741149902344,85.76240539550781,86.05355834960938,88.13590240478516,19.047618865966797,14.285715103149414,9.090909004211426,9.090909004211426,4.761904716491699,4.761904716491699,4.761904716491699,0,28.03415870666504,8589934592,2147483648,4658561024,540344320
208,1771784555846,3504,3504,3504,3504,3504,3504,3504,3504,89.23165893554688,87.12728118896484,86.37337493896484,87.32373046875,72.00358581542969,85.73741149902344,85.76240539550781,86.05355834960938,88.13590240478516,23.809524536132813,15.000000953674316,5.263157844543457,5,0,0,0,0,28.03415870666504,8589934592,2147483648,4658479104,540344320
207,1771784556055,3504,3504,3504,3504,3504,3504,3504,3504,72.1841049194336,71.38829803466797,70.1908187866211,70.3986587524414,66.016357421875,69.95094299316406,69.7685775756836,70.72769927978516,71.79862213134766,23.809524536132813,19.047618865966797,14.285715103149414,5,0,0,0,0,28.03415870666504,8589934592,2147483648,4655398912,540344320
209,1771784556262,3504,3504,3504,3504,3504,3504,3504,3504,72.1841049194336,71.38829803466797,70.1908187866211,70.3986587524414,66.016357421875,69.95094299316406,69.7685775756836,70.72769927978516,71.79862213134766,25,15.000000953674316,14.285715103149414,13.636363983154297,4.761904716491699,4.761904716491699,0,0,28.03415870666504,8589934592,2147483648,4655415296,540344320
206,1771784556473,3504,3504,3504,3504,3504,3504,3504,3504,72.1841049194336,71.38829803466797,70.1908187866211,70.3986587524414,66.016357421875,69.95094299316406,69.7685775756836,70.72769927978516,71.79862213134766,22.72727394104004,13.636363983154297,19.047618865966797,5,0,0,0,0,28.03415870666504,8589934592,2147483648,4655415296,540344320
209,1771784556680,3504,3504,3504,3504,3504,3504,3504,3504,72.1841049194336,71.38829803466797,70.1908187866211,70.3986587524414,66.016357421875,69.95094299316406,69.7685775756836,70.72769927978516,71.79862213134766,25,10.526315689086914,14.285715103149414,4.761904716491699,0,0,0,0,21.97337532043457,8589934592,2147483648,4653105152,540344320
207,1771784556890,3504,3504,3504,3504,3504,3504,3504,3504,72.1841049194336,71.38829803466797,70.1908187866211,70.3986587524414,66.016357421875,69.95094299316406,69.7685775756836,70.72769927978516,71.79862213134766,25,26.086956024169922,10,10,0,0,0,0,21.97337532043457,8589934592,2147483648,4648386560,540344320
209,1771784557098,3504,3504,3504,3504,3504,3504,3504,3504,58.90199661254883,58.34648132324219,57.23710632324219,57.16328430175781,57.34404754638672,57.295379638671875,56.76594543457031,58.02587890625,58.31571578979492,28.571430206298828,15.000000953674316,14.285715103149414,4.761904716491699,0,0,0,0,21.97337532043457,8589934592,2147483648,4645814272,540344320
203,1771784557308,3504,3504,3504,3504,3504,3504,3504,3504,58.90199661254883,58.34648132324219,57.23710632324219,57.16328430175781,57.34404754638672,57.295379638671875,56.76594543457031,58.02587890625,58.31571578979492,25,10,13.636363983154297,22.72727394104004,0,0,0,0,21.97337532043457,8589934592,2147483648,4645928960,540344320
209,1771784557513,3504,3504,3504,3504,3504,3504,3504,3504,58.90199661254883,58.34648132324219,57.23710632324219,57.16328430175781,57.34404754638672,57.295379638671875,56.76594543457031,58.02587890625,58.31571578979492,19.047618865966797,14.285715103149414,15.789472579956055,10.526315689086914,0,0,0,0,21.97337532043457,8589934592,2147483648,4645928960,540344320
209,1771784557723,3504,3504,3504,3504,3504,3504,3504,3504,58.90199661254883,58.34648132324219,57.23710632324219,57.16328430175781,57.34404754638672,57.295379638671875,56.76594543457031,58.02587890625,58.31571578979492,13.636363983154297,10,19.047618865966797,14.285715103149414,0,0,0,0,9.086663246154785,8589934592,2147483648,4645928960,540344320
209,1771784557932,3504,3504,3504,3504,3504,3504,3504,3504,58.90199661254883,58.34648132324219,57.23710632324219,57.16328430175781,57.34404754638672,57.295379638671875,56.76594543457031,58.02587890625,58.31571578979492,15.000000953674316,19.047618865966797,19.047618865966797,22.72727394104004,0,0,0,0,9.086663246154785,8589934592,2147483648,4645945344,540344320
203,1771784558142,3504,3504,3504,3504,3504,3504,3504,3504,56.260799407958984,55.904380798339844,54.505821228027344,54.43939971923828,54.77101516723633,54.520301818847656,54.168174743652344,55.43034362792969,55.59640884399414,14.285715103149414,13.636363983154297,19.047618865966797,10,0,0,0,0,9.086663246154785,8589934592,2147483648,4645961728,540344320
201,1771784558346,3504,3504,3504,3504,3504,3504,3504,3504,56.260799407958984,55.904380798339844,54.505821228027344,54.43939971923828,54.77101516723633,54.520301818847656,54.168174743652344,55.43034362792969,55.59640884399414,15.000000953674316,20,19.047618865966797,19.047618865966797,0,0,0,0,9.086663246154785,8589934592,2147483648,4645961728,540344320
209,1771784558548,3504,3504,3504,3504,3504,3504,3504,3504,56.260799407958984,55.904380798339844,54.505821228027344,54.43939971923828,54.77101516723633,54.520301818847656,54.168174743652344,55.43034362792969,55.59640884399414,15.000000953674316,21.052631378173828,15.000000953674316,5,0,0,0,0,11.535447120666504,8589934592,2147483648,4645961728,540344320
203,1771784558758,3504,3504,3504,3504,3504,3504,3504,3504,56.260799407958984,55.904380798339844,54.505821228027344,54.43939971923828,54.77101516723633,54.520301818847656,54.168174743652344,55.43034362792969,55.59640884399414,14.285715103149414,22.72727394104004,15.000000953674316,5,0,0,0,0,11.535447120666504,8589934592,2147483648,4645961728,540344320
206,1771784558963,3504,3504,3504,3504,3504,3504,3504,3504,56.260799407958984,55.904380798339844,54.505821228027344,54.43939971923828,54.77101516723633,54.520301818847656,54.168174743652344,55.43034362792969,55.59640884399414,30.000001907348633,15.000000953674316,20,13.636363983154297,0,0,0,0,11.535447120666504,8589934592,2147483648,4645683200,540344320
209,1771784559170,3504,3504,3504,3504,3504,3504,3504,3504,54.42646789550781,54.09334182739258,52.9102783203125,52.78981018066406,53.23677062988281,53.022438049316406,52.606727600097656,53.778724670410156,53.98781204223633,23.809524536132813,14.285715103149414,22.72727394104004,5,0,0,0,0,11.535447120666504,8589934592,2147483648,4645961728,540344320
209,1771784559380,3504,3504,3504,3504,3504,3504,3504,3504,54.42646789550781,54.09334182739258,52.9102783203125,52.78981018066406,53.23677062988281,53.022438049316406,52.606727600097656,53.778724670410156,53.98781204223633,33.333335876464844,25,25,19.047618865966797,35,0,0,0,11.535447120666504,8589934592,2147483648,4646469632,540344320
205,1771784559590,3504,3504,3504,3504,3504,3504,3504,3504,54.42646789550781,54.09334182739258,52.9102783203125,52.78981018066406,53.23677062988281,53.022438049316406,52.606727600097656,53.778724670410156,53.98781204223633,25,19.047618865966797,10,9.523809432983398,9.090909004211426,0,0,0,11.018877029418945,8589934592,2147483648,4646862848,540344320
209,1771784559796,3504,3504,3504,3504,3504,3504,3504,3504,54.42646789550781,54.09334182739258,52.9102783203125,52.78981018066406,53.23677062988281,53.022438049316406,52.606727600097656,53.778724670410156,53.98781204223633,23.809524536132813,14.285715103149414,19.047618865966797,10,0,0,0,0,11.018877029418945,8589934592,2147483648,4646633472,540344320
206,1771784560006,3504,3504,3504,3504,3504,3504,3504,3504,54.42646789550781,54.09334182739258,52.9102783203125,52.78981018066406,53.23677062988281,53.022438049316406,52.606727600097656,53.778724670410156,53.98781204223633,23.809524536132813,19.047618865966797,18.18181800842285,13.636363983154297,0,0,0,0,11.018877029418945,8589934592,2147483648,4646633472,540344320
216,1771784560213,3504,3504,3504,3504,3504,3504,3504,3504,53.50859832763672,53.339317321777344,52.05470275878906,51.834999084472656,52.25074005126953,51.908973693847656,51.53223419189453,52.75175476074219,52.96042251586914,20,25,10,5,0,0,0,0,11.018877029418945,8589934592,2147483648,4646862848,540344320
209,1771784560429,3504,3504,3504,3504,3504,3504,3504,3504,53.50859832763672,53.339317321777344,52.05470275878906,51.834999084472656,52.25074005126953,51.908973693847656,51.53223419189453,52.75175476074219,52.96042251586914,40.90909194946289,40.90909194946289,33.333335876464844,42.85714340209961,45.45454788208008,47.619049072265625,45.45454788208008,42.85714340209961,11.018877029418945,8589934592,2147483648,4684972032,540344320
209,1771784560639,3504,3504,3504,3504,3504,3504,3504,3504,53.50859832763672,53.339317321777344,52.05470275878906,51.834999084472656,52.25074005126953,51.908973693847656,51.53223419189453,52.75175476074219,52.96042251586914,76.19047546386719,71.42857360839844,72.7272720336914,71.42857360839844,90,85,90,80.95238494873047,10.28905200958252,8589934592,2147483648,4650795008,540344320
210,1771784560849,3504,3504,3504,3504,3504,3504,3504,3504,53.50859832763672,53.339317321777344,52.05470275878906,51.834999084472656,52.25074005126953,51.908973693847656,51.53223419189453,52.75175476074219,52.96042251586914,72.7272720336914,71.42857360839844,71.42857360839844,71.42857360839844,85.71428680419922,86.36363983154297,86.36363983154297,80.95238494873047,10.28905200958252,8589934592,2147483648,4670980096,540344320
209,1771784561060,3504,3504,3504,3504,3504,3504,3504,3504,68.55599975585938,67.22615814208984,66.23178100585938,66.72563934326172,57.62150955200195,66.32975769042969,66.22087097167969,67.02875518798828,68.07767486572266,73.68421173095703,66.66667175292969,70,68.18181610107422,81.81818389892578,81.81818389892578,85,85.71428680419922,10.28905200958252,8589934592,2147483648,4646846464,540344320
209,1771784561270,3504,3504,3504,3504,3504,3504,3504,3504,68.55599975585938,67.22615814208984,66.23178100585938,66.72563934326172,57.62150955200195,66.32975769042969,66.22087097167969,67.02875518798828,68.07767486572266,72.7272720336914,71.42857360839844,66.66667175292969,70,90.47618865966797,90,77.2727279663086,80.95238494873047,10.28905200958252,8589934592,2147483648,4678615040,540344320
202,1771784561480,3504,3504,3504,3504,3504,3504,3504,3504,68.55599975585938,67.22615814208984,66.23178100585938,66.72563934326172,57.62150955200195,66.32975769042969,66.22087097167969,67.02875518798828,68.07767486572266,80,76.19047546386719,72.7272720336914,68.18181610107422,90,85.71428680419922,85,85.71428680419922,10.28905200958252,8589934592,2147483648,4709924864,540344320
208,1771784561682,3504,3504,3504,3504,3504,3504,3504,3504,68.55599975585938,67.22615814208984,66.23178100585938,66.72563934326172,57.62150955200195,66.32975769042969,66.22087097167969,67.02875518798828,68.07767486572266,71.42857360839844,65,65,68.42105102539063,85.71428680419922,80.95238494873047,95.23809814453125,80.95238494873047,15.577432632446289,8589934592,2147483648,4711497728,540344320
204,1771784561891,3504,3504,3504,3504,3504,3504,3504,3504,68.55599975585938,67.22615814208984,66.23178100585938,66.72563934326172,57.62150955200195,66.32975769042969,66.22087097167969,67.02875518798828,68.07767486572266,66.66667175292969,71.42857360839844,71.42857360839844,66.66667175292969,85.71428680419922,85,85,76.19047546386719,15.577432632446289,8589934592,2147483648,4662181888,540344320
207,1771784562098,3504,3504,3504,3504,3504,3504,3504,3504,83.10482025146484,81.39923095703125,80.56575775146484,81.15889739990234,66.6259536743164,80.30465698242188,80.38996124267578,80.81272888183594,82.63558197021484,76.19047546386719,75,65,71.42857360839844,90,85.71428680419922,85.71428680419922,85,15.577432632446289,8589934592,2147483648,4662181888,540344320
206,1771784562306,3504,3504,3504,3504,3504,3504,3504,3504,83.10482025146484,81.39923095703125,80.56575775146484,81.15889739990234,66.6259536743164,80.30465698242188,80.38996124267578,80.81272888183594,82.63558197021484,70,71.42857360839844,71.42857360839844,66.66667175292969,90.47618865966797,85.71428680419922,85.71428680419922,80,15.577432632446289,8589934592,2147483648,4665425920,540344320
209,1771784562512,3504,3504,3504,3504,3504,3504,3504,3504,83.10482025146484,81.39923095703125,80.56575775146484,81.15889739990234,66.6259536743164,80.30465698242188,80.38996124267578,80.81272888183594,82.63558197021484,71.42857360839844,70,70,66.66667175292969,85,85,85,81.81818389892578,15.577432632446289,8589934592,2147483648,4654661632,540344320
206,1771784562722,3504,3504,3504,3504,3504,3504,3504,3504,83.10482025146484,81.39923095703125,80.56575775146484,81.15889739990234,66.6259536743164,80.30465698242188,80.38996124267578,80.81272888183594,82.63558197021484,70,72.7272720336914,66.66667175292969,65,86.36363983154297,81.81818389892578,81.81818389892578,80,26.751888275146484,8589934592,2147483648,4674060288,540344320
209,1771784562929,3504,3504,3504,3504,3504,3504,3504,3504,83.10482025146484,81.39923095703125,80.56575775146484,81.15889739990234,66.6259536743164,80.30465698242188,80.38996124267578,80.81272888183594,82.63558197021484,68.18181610107422,70,66.66667175292969,71.42857360839844,85.71428680419922,89.47368621826172,80,80.95238494873047,26.751888275146484,8589934592,2147483648,4667080704,540344320
204,1771784563139,3504,3504,3504,3504,3504,3504,3504,3504,86.14189147949219,84.58465576171875,83.68315887451172,84.15473937988281,69.4230728149414,83.12108612060547,83.19833374023438,83.45409393310547,85.5091323852539,70,66.66667175292969,66.66667175292969,66.66667175292969,85.71428680419922,86.36363983154297,80.95238494873047,80.95238494873047,26.751888275146484,8589934592,2147483648,4672897024,540344320
202,1771784563343,3504,3504,3504,3504,3504,3504,3504,3504,86.14189147949219,84.58465576171875,83.68315887451172,84.15473937988281,69.4230728149414,83.12108612060547,83.19833374023438,83.45409393310547,85.5091323852539,76.19047546386719,65,65,70,80,85,85.71428680419922,80,26.751888275146484,8589934592,2147483648,4683808768,540344320
201,1771784563546,3504,3504,3504,3504,3504,3504,3504,3504,86.14189147949219,84.58465576171875,83.68315887451172,84.15473937988281,69.4230728149414,83.12108612060547,83.19833374023438,83.45409393310547,85.5091323852539,65,66.66667175292969,71.42857360839844,65,85.71428680419922,90,76.19047546386719,81.81818389892578,26.768943786621094,8589934592,2147483648,4674240512,540344320
209,1771784563747,3504,3504,3504,3504,3504,3504,3504,3504,86.14189147949219,84.58465576171875,83.68315887451172,84.15473937988281,69.4230728149414,83.12108612060547,83.19833374023438,83.45409393310547,85.5091323852539,80,68.42105102539063,63.15789031982422,71.42857360839844,84.21052551269531,90,84.21052551269531,78.94737243652344,26.768943786621094,8589934592,2147483648,4646141952,540344320
207,1771784563957,3504,3504,3504,3504,3504,3504,3504,3504,86.14189147949219,84.58465576171875,83.68315887451172,84.15473937988281,69.4230728149414,83.12108612060547,83.19833374023438,83.45409393310547,85.5091323852539,66.66667175292969,68.18181610107422,68.18181610107422,66.66667175292969,85.71428680419922,85.71428680419922,80.95238494873047,80,26.768943786621094,8589934592,2147483648,4649549824,540344320
209,1771784564164,3504,3504,3504,3504,3504,3504,3504,3504,88.29138946533203,85.95594787597656,85.22528076171875,86.15247344970703,71.08045959472656,84.79971313476563,84.9019546508789,85.09239196777344,87.3415756225586,76.19047546386719,71.42857360839844,70,68.42105102539063,80,81.81818389892578,90.47618865966797,81.81818389892578,26.768943786621094,8589934592,2147483648,4651991040,540344320
204,1771784564374,3504,3504,3504,3504,3504,3504,3504,3504,88.29138946533203,85.95594787597656,85.22528076171875,86.15247344970703,71.08045959472656,84.79971313476563,84.9019546508789,85.09239196777344,87.3415756225586,75,70,71.42857360839844,68.18181610107422,86.36363983154297,90,80.95238494873047,85,26.768943786621094,8589934592,2147483648,4646961152,540344320
209,1771784564579,3504,3504,3504,3504,3504,3504,3504,3504,88.29138946533203,85.95594787597656,85.22528076171875,86.15247344970703,71.08045959472656,84.79971313476563,84.9019546508789,85.09239196777344,87.3415756225586,70,71.42857360839844,70,71.42857360839844,85,80.95238494873047,90,80.95238494873047,28.853506088256836,8589934592,2147483648,4655382528,540344320
209,1771784564789,3504,3504,3504,3504,3504,3504,3504,3504,88.29138946533203,85.95594787597656,85.22528076171875,86.15247344970703,71.08045959472656,84.79971313476563,84.9019546508789,85.09239196777344,87.3415756225586,68.18181610107422,65,63.6363639831543,61.904762268066406,81.81818389892578,80.95238494873047,85.71428680419922,80.95238494873047,28.853506088256836,8589934592,2147483648,4663394304,540344320
209,1771784564999,3504,3504,3504,3504,3504,3504,3504,3504,88.29138946533203,85.95594787597656,85.22528076171875,86.15247344970703,71.08045959472656,86.55805206298828,86.50552368164063,86.94202423095703,88.96076202392578,71.42857360839844,71.42857360839844,70,70,85,85.71428680419922,80.95238494873047,80.95238494873047,28.853506088256836,8589934592,2147483648,4671389696,540344320
203,1771784565209,3504,3504,3504,3504,3504,3504,3504,3504,88.94873809814453,87.1637191772461,86.3539047241211,87.01546478271484,72.28733825683594,86.55805206298828,86.50552368164063,86.94202423095703,88.96076202392578,71.42857360839844,68.18181610107422,71.42857360839844,68.18181610107422,90.90909576416016,85,81.81818389892578,80.95238494873047,28.853506088256836,8589934592,2147483648,4671389696,540344320
201,1771784565412,3504,3504,3504,3504,3504,3504,3504,3504,88.94873809814453,87.1637191772461,86.3539047241211,87.01546478271484,72.28733825683594,86.55805206298828,86.50552368164063,86.94202423095703,88.96076202392578,70,70,68.18181610107422,70,80,80.95238494873047,85,80.95238494873047,28.853506088256836,8589934592,2147483648,4674879488,540344320
209,1771784565614,3504,3504,3504,3504,3504,3504,3504,3504,88.94873809814453,87.1637191772461,86.3539047241211,87.01546478271484,72.28733825683594,86.55805206298828,86.50552368164063,86.94202423095703,88.96076202392578,10.526315689086914,15.000000953674316,11.111111640930176,25,20,15.000000953674316,15.000000953674316,15.000000953674316,28.965087890625,8589934592,2147483648,4660232192,540344320
204,1771784565824,3504,3504,3504,3504,3504,3504,3504,3504,88.94873809814453,87.1637191772461,86.3539047241211,87.01546478271484,72.28733825683594,86.55805206298828,86.50552368164063,86.94202423095703,88.96076202392578,22.72727394104004,14.285715103149414,13.043478012084961,14.285715103149414,0,4.545454502105713,0,0,28.965087890625,8589934592,2147483648,4660346880,540344320
205,1771784566029,3504,3504,3504,3504,3504,3504,3504,3504,76.03863525390625,75.22823333740234,73.93619537353516,74.02220153808594,68.01058197021484,73.56974792480469,73.40780639648438,74.39363861083984,75.52413940429688,20,15.000000953674316,5.263157844543457,19.047618865966797,0,0,0,0,28.965087890625,8589934592,2147483648,4660346880,540344320
209,1771784566235,3504,3504,3504,3504,3504,3504,3504,3504,76.03863525390625,75.22823333740234,73.93619537353516,74.02220153808594,68.01058197021484,73.56974792480469,73.40780639648438,74.39363861083984,75.52413940429688,19.047618865966797,14.285715103149414,19.047618865966797,15.789472579956055,0,0,0,0,28.965087890625,8589934592,2147483648,4657119232,540344320
206,1771784566445,3504,3504,3504,3504,3504,3504,3504,3504,76.03863525390625,75.22823333740234,73.93619537353516,74.02220153808594,68.01058197021484,73.56974792480469,73.40780639648438,74.39363861083984,75.52413940429688,20,14.285715103149414,14.285715103149414,13.636363983154297,0,0,0,0,28.965087890625,8589934592,2147483648,4657119232,540344320
200,1771784566653,3504,3504,3504,3504,3504,3504,3504,3504,76.03863525390625,75.22823333740234,73.93619537353516,74.02220153808594,68.01058197021484,73.56974792480469,73.40780639648438,74.39363861083984,75.52413940429688,14.285715103149414,23.809524536132813,9.523809432983398,5,0,0,0,0,26.22285270690918,8589934592,2147483648,4656267264,540344320
207,1771784566854,3504,3504,3504,3504,3504,3504,3504,3504,76.03863525390625,75.22823333740234,73.93619537353516,74.02220153808594,68.01058197021484,73.56974792480469,73.40780639648438,74.39363861083984,75.52413940429688,25,15.789472579956055,5.263157844543457,9.523809432983398,0,0,0,0,26.22285270690918,8589934592,2147483648,4654465024,540344320
204,1771784567062,3504,3504,3504,3504,3504,3504,3504,3504,59.75939178466797,59.19803237915039,58.119590759277344,57.93023681640625,58.25543212890625,58.2330322265625,57.71162414550781,58.91044998168945,59.30507278442383,23.809524536132813,23.809524536132813,13.636363983154297,5,0,0,0,0,26.22285270690918,8589934592,2147483648,4651237376,540344320
209,1771784567267,3504,3504,3504,3504,3504,3504,3504,3504,59.75939178466797,59.19803237915039,58.119590759277344,57.93023681640625,58.25543212890625,58.2330322265625,57.71162414550781,58.91044998168945,59.30507278442383,21.052631378173828,20,5.263157844543457,14.285715103149414,0,0,0,0,26.22285270690918,8589934592,2147483648,4651352064,540344320
208,1771784567477,3504,3504,3504,3504,3504,3504,3504,3504,59.75939178466797,59.19803237915039,58.119590759277344,57.93023681640625,58.25543212890625,58.2330322265625,57.71162414550781,58.91044998168945,59.30507278442383,21.7391300201416,31.81818199157715,14.285715103149414,9.523809432983398,0,0,0,0,26.22285270690918,8589934592,2147483648,4651499520,540344320
207,1771784567686,3504,3504,3504,3504,3504,3504,3504,3504,59.75939178466797,59.19803237915039,58.119590759277344,57.93023681640625,58.25543212890625,58.2330322265625,57.71162414550781,58.91044998168945,59.30507278442383,21.052631378173828,25,23.809524536132813,19.047618865966797,4.545454502105713,0,0,0,9.046255111694336,8589934592,2147483648,4652236800,540344320
201,1771784567894,3504,3504,3504,3504,3504,3504,3504,3504,59.75939178466797,59.19803237915039,58.119590759277344,57.93023681640625,58.25543212890625,58.2330322265625,57.71162414550781,58.91044998168945,59.30507278442383,19.047618865966797,14.285715103149414,15.000000953674316,5,0,0,0,0,9.046255111694336,8589934592,2147483648,4652187648,540344320
207,1771784568096,3504,3504,3504,3504,3504,3504,3504,3504,56.93031311035156,56.576866149902344,55.21698760986328,54.969032287597656,55.4203987121582,55.22523498535156,54.87396240234375,56.100608825683594,56.34358596801758,25,15.000000953674316,19.047618865966797,10,0,0,0,0,9.046255111694336,8589934592,2147483648,4652269568,540344320
207,1771784568304,3504,3504,3504,3504,3504,3504,3504,3504,56.93031311035156,56.576866149902344,55.21698760986328,54.969032287597656,55.4203987121582,55.22523498535156,54.87396240234375,56.100608825683594,56.34358596801758,23.809524536132813,10,19.047618865966797,9.523809432983398,0,0,0,0,9.046255111694336,8589934592,2147483648,4652236800,540344320
209,1771784568513,3504,3504,3504,3504,3504,3504,3504,3504,56.93031311035156,56.576866149902344,55.21698760986328,54.969032287597656,55.4203987121582,55.22523498535156,54.87396240234375,56.100608825683594,56.34358596801758,19.047618865966797,14.285715103149414,10,9.523809432983398,0,0,0,0,11.057061195373535,8589934592,2147483648,4652220416,540344320
209,1771784568722,3504,3504,3504,3504,3504,3504,3504,3504,56.93031311035156,56.576866149902344,55.21698760986328,54.969032287597656,55.4203987121582,55.22523498535156,54.87396240234375,56.100608825683594,56.34358596801758,19.047618865966797,30.000001907348633,14.285715103149414,5,0,0,0,0,11.057061195373535,8589934592,2147483648,4652269568,540344320
207,1771784568932,3504,3504,3504,3504,3504,3504,3504,3504,56.93031311035156,56.576866149902344,55.21698760986328,54.969032287597656,55.4203987121582,55.22523498535156,54.87396240234375,56.100608825683594,56.34358596801758,14.285715103149414,31.81818199157715,9.523809432983398,9.523809432983398,0,0,0,0,11.057061195373535,8589934592,2147483648,4652269568,540344320
209,1771784569140,3504,3504,3504,3504,3504,3504,3504,3504,55.10432815551758,54.74810028076172,53.446685791015625,53.2303466796875,53.782440185546875,53.638267517089844,53.261192321777344,54.40293502807617,54.6467170715332,15.000000953674316,25,9.523809432983398,9.523809432983398,0,0,0,0,11.057061195373535,8589934592,2147483648,4652269568,540344320
207,1771784569350,3504,3504,3504,3504,3504,3504,3504,3504,55.10432815551758,54.74810028076172,53.446685791015625,53.2303466796875,53.782440185546875,53.638267517089844,53.261192321777344,54.40293502807617,54.6467170715332,27.272727966308594,27.272727966308594,19.047618865966797,10,0,0,0,0,11.057061195373535,8589934592,2147483648,4652269568,540344320
202,1771784569558,3504,3504,3504,3504,3504,3504,3504,3504,55.10432815551758,54.74810028076172,53.446685791015625,53.2303466796875,53.782440185546875,53.638267517089844,53.261192321777344,54.40293502807617,54.6467170715332,20,28.571430206298828,10,13.636363983154297,35,0,0,0,10.992238998413086,8589934592,2147483648,4653219840,540344320
207,1771784569761,3504,3504,3504,3504,3504,3504,3504,3504,55.10432815551758,54.74810028076172,53.446685791015625,53.2303466796875,53.782440185546875,53.638267517089844,53.261192321777344,54.40293502807617,54.6467170715332,25,25,10,10,0,0,0,0,10.992238998413086,8589934592,2147483648,4653219840,540344320
209,1771784569969,3504,3504,3504,3504,3504,3504,3504,3504,55.10432815551758,54.74810028076172,53.446685791015625,53.2303466796875,53.782440185546875,53.638267517089844,53.261192321777344,54.40293502807617,54.6467170715332,30.000001907348633,10.526315689086914,14.285715103149414,10,0,0,0,0,10.992238998413086,8589934592,2147483648,4653187072,540344320
205,1771784570179,3504,3504,3504,3504,3504,3504,3504,3504,53.946998596191406,53.8233642578125,52.532936096191406,52.147735595703125,52.72126770019531,52.45872497558594,52.101776123046875,53.2336311340332,53.51625442504883,23.809524536132813,13.636363983154297,13.636363983154297,9.090909004211426,0,0,0,0,10.992238998413086,8589934592,2147483648,4653187072,540344320
202,1771784570385,3504,3504,3504,3504,3504,3504,3504,3504,53.946998596191406,53.8233642578125,52.532936096191406,52.147735595703125,52.72126770019531,52.45872497558594,52.101776123046875,53.2336311340332,53.51625442504883,33.333335876464844,20,15.000000953674316,15.000000953674316,0,0,0,0,10.992238998413086,8589934592,2147483648,4652875776,540344320
209,1771784570588,3504,3504,3504,3504,3504,3504,3504,3504,53.946998596191406,53.8233642578125,52.532936096191406,52.147735595703125,52.72126770019531,52.45872497558594,52.101776123046875,53.2336311340332,53.51625442504883,65,60.000003814697266,60.000003814697266,60.000003814697266,80,76.19047546386719,76.19047546386719,63.15789031982422,9.993045806884766,8589934592,2147483648,4696244224,540344320
209,1771784570797,3504,3504,3504,3504,3504,3504,3504,3504,53.946998596191406,53.8233642578125,52.532936096191406,52.147735595703125,52.72126770019531,52.45872497558594,52.101776123046875,53.2336311340332,53.51625442504883,66.66667175292969,66.66667175292969,70,66.66667175292969,80.95238494873047,90,78.94737243652344,77.2727279663086,9.993045806884766,8589934592,2147483648,4663721984,540344320
201,1771784571007,3504,3504,3504,3504,3504,3504,3504,3504,53.946998596191406,53.8233642578125,52.532936096191406,52.147735595703125,52.72126770019531,52.45872497558594,52.101776123046875,53.2336311340332,53.51625442504883,72.7272720336914,71.42857360839844,72.7272720336914,71.42857360839844,90.47618865966797,85.71428680419922,81.81818389892578,85.71428680419922,9.993045806884766,8589934592,2147483648,4676976640,540344320
203,1771784571209,3504,3504,3504,3504,3504,3504,3504,3504,66.47196960449219,65.2413101196289,64.24490356445313,64.55196380615234,56.775665283203125,63.85704803466797,63.949928283691406,64.44890594482422,65.6373062133789,75,70,70,71.42857360839844,95,85.71428680419922,80,80,9.993045806884766,8589934592,2147483648,4665163776,540344320
209,1771784571412,3504,3504,3504,3504,3504,3504,3504,3504,66.47196960449219,65.2413101196289,64.24490356445313,64.55196380615234,56.775665283203125,63.85704803466797,63.949928283691406,64.44890594482422,65.6373062133789,73.68421173095703,65,68.42105102539063,70,85.71428680419922,85.71428680419922,80,85.71428680419922,9.993045806884766,8589934592,2147483648,4676009984,540344320
209,1771784571622,3504,3504,3504,3504,3504,3504,3504,3504,66.47196960449219,65.2413101196289,64.24490356445313,64.55196380615234,56.775665283203125,63.85704803466797,63.949928283691406,64.44890594482422,65.6373062133789,71.42857360839844,68.18181610107422,68.18181610107422,65,90,85,81.81818389892578,85.71428680419922,11.941106796264648,8589934592,2147483648,4679434240,540344320
209,1771784571832,3504,3504,3504,3504,3504,3504,3504,3504,66.47196960449219,65.2413101196289,64.24490356445313,64.55196380615234,56.775665283203125,63.85704803466797,63.949928283691406,64.44890594482422,65.6373062133789,76.19047546386719,75,71.42857360839844,71.42857360839844,86.36363983154297,90.47618865966797,85,85,11.941106796264648,8589934592,2147483648,4708155392,540344320
204,1771784572042,3504,3504,3504,3504,3504,3504,3504,3504,83.4197006225586,81.69212341308594,80.79987335205078,81.49571990966797,66.65434265136719,80.1412353515625,80.45609283447266,80.48616790771484,82.84728240966797,72.7272720336914,66.66667175292969,61.904762268066406,63.6363639831543,85.71428680419922,85.71428680419922,80.95238494873047,81.81818389892578,11.941106796264648,8589934592,2147483648,4673536000,540344320
209,1771784572247,3504,3504,3504,3504,3504,3504,3504,3504,83.4197006225586,81.69212341308594,80.79987335205078,81.49571990966797,66.65434265136719,80.1412353515625,80.45609283447266,80.48616790771484,82.84728240966797,73.68421173095703,70,71.42857360839844,70,80,85.71428680419922,90,90,11.941106796264648,8589934592,2147483648,4678500352,540344320
200,1771784572457,3504,3504,3504,3504,3504,3504,3504,3504,83.4197006225586,81.69212341308594,80.79987335205078,81.49571990966797,66.65434265136719,80.1412353515625,80.45609283447266,80.48616790771484,82.84728240966797,76.19047546386719,68.18181610107422,71.42857360839844,76.19047546386719,90,90.47618865966797,85.71428680419922,85,11.941106796264648,8589934592,2147483648,4691623936,540344320
209,1771784572658,3504,3504,3504,3504,3504,3504,3504,3504,83.4197006225586,81.69212341308594,80.79987335205078,81.49571990966797,66.65434265136719,80.1412353515625,80.45609283447266,80.48616790771484,82.84728240966797,71.42857360839844,70,70,63.15789031982422,86.36363983154297,90,86.36363983154297,80.95238494873047,25.97065544128418,8589934592,2147483648,4678647808,540344320
204,1771784572868,3504,3504,3504,3504,3504,3504,3504,3504,83.4197006225586,81.69212341308594,80.79987335205078,81.49571990966797,66.65434265136719,80.1412353515625,80.45609283447266,80.48616790771484,82.84728240966797,71.42857360839844,66.66667175292969,71.42857360839844,72.7272720336914,95,80.95238494873047,90,80.95238494873047,25.97065544128418,8589934592,2147483648,4684136448,540344320
204,1771784573072,3504,3504,3504,3504,3504,3504,3504,3504,87.03290557861328,84.97964477539063,84.19209289550781,85.07642364501953,69.86549377441406,83.89036560058594,83.95860290527344,84.30828094482422,86.35231018066406,71.42857360839844,70,70,65,85,95,76.19047546386719,76.19047546386719,25.97065544128418,8589934592,2147483648,4713627648,540344320
209,1771784573277,3504,3504,3504,3504,3504,3504,3504,3504,87.03290557861328,84.97964477539063,84.19209289550781,85.07642364501953,69.86549377441406,83.89036560058594,83.95860290527344,84.30828094482422,86.35231018066406,73.68421173095703,71.42857360839844,70,66.66667175292969,85.71428680419922,90,84.21052551269531,80,25.97065544128418,8589934592,2147483648,4669702144,540344320
215,1771784573487,3504,3504,3504,3504,3504,3504,3504,3504,87.03290557861328,84.97964477539063,84.19209289550781,85.07642364501953,69.86549377441406,83.89036560058594,83.95860290527344,84.30828094482422,86.35231018066406,68.18181610107422,71.42857360839844,71.42857360839844,71.42857360839844,85,81.81818389892578,90.47618865966797,80,25.97065544128418,8589934592,2147483648,4714102784,540344320
209,1771784573703,3504,3504,3504,3504,3504,3504,3504,3504,87.03290557861328,84.97964477539063,84.19209289550781,85.07642364501953,69.86549377441406,83.89036560058594,83.95860290527344,84.30828094482422,86.35231018066406,76.19047546386719,71.42857360839844,68.18181610107422,68.18181610107422,81.81818389892578,80,86.36363983154297,85.71428680419922,28.35491943359375,8589934592,2147483648,4679352320,540344320
209,1771784573913,3504,3504,3504,3504,3504,3504,3504,3504,87.03290557861328,84.97964477539063,84.19209289550781,85.07642364501953,69.86549377441406,83.89036560058594,83.95860290527344,84.30828094482422,86.35231018066406,71.42857360839844,70,70,70,86.36363983154297,86.36363983154297,80.95238494873047,86.36363983154297,28.35491943359375,8589934592,2147483648,4667883520,540344320
209,1771784574123,3504,3504,3504,3504,3504,3504,3504,3504,88.27652740478516,86.57811737060547,85.72810363769531,86.54766082763672,71.61245727539063,85.52227783203125,85.57537078857422,85.90929412841797,88.1362533569336,75,68.18181610107422,71.42857360839844,71.42857360839844,85,80.95238494873047,80.95238494873047,85.71428680419922,28.35491943359375,8589934592,2147483648,4642799616,540344320
207,1771784574332,3504,3504,3504,3504,3504,3504,3504,3504,88.27652740478516,86.57811737060547,85.72810363769531,86.54766082763672,71.61245727539063,85.52227783203125,85.57537078857422,85.90929412841797,88.1362533569336,68.18181610107422,66.66667175292969,68.18181610107422,66.66667175292969,85.71428680419922,85.71428680419922,90.47618865966797,80,28.35491943359375,8589934592,2147483648,4642799616,540344320
209,1771784574540,3504,3504,3504,3504,3504,3504,3504,3504,88.27652740478516,86.57811737060547,85.72810363769531,86.54766082763672,71.61245727539063,85.52227783203125,85.57537078857422,85.90929412841797,88.1362533569336,70,66.66667175292969,66.66667175292969,71.42857360839844,85.71428680419922,85,76.19047546386719,86.36363983154297,27.63072395324707,8589934592,2147483648,4642799616,540344320
209,1771784574750,3504,3504,3504,3504,3504,3504,3504,3504,88.27652740478516,86.57811737060547,85.72810363769531,86.54766082763672,71.61245727539063,85.52227783203125,85.57537078857422,85.90929412841797,88.1362533569336,72.7272720336914,70,70,71.42857360839844,85.71428680419922,85.71428680419922,81.81818389892578,90.90909576416016,27.63072395324707,8589934592,2147483648,4697833472,540344320
206,1771784574960,3504,3504,3504,3504,3504,3504,3504,3504,88.27652740478516,86.57811737060547,85.72810363769531,86.54766082763672,71.61245727539063,85.52227783203125,85.57537078857422,85.90929412841797,88.1362533569336,70,68.18181610107422,66.66667175292969,63.6363639831543,81.81818389892578,81.81818389892578,80.95238494873047,85.71428680419922,27.63072395324707,8589934592,2147483648,4676173824,540344320
205,1771784575167,3504,3504,3504,3504,3504,3504,3504,3504,89.69237518310547,87.94541931152344,87.12435913085938,87.8937759399414,72.77982330322266,86.87625122070313,87.28704833984375,87.10320281982422,90.006591796875,71.42857360839844,73.68421173095703,66.66667175292969,70,90,84.21052551269531,90,78.94737243652344,27.63072395324707,8589934592,2147483648,4667506688,540344320
206,1771784575372,3504,3504,3504,3504,3504,3504,3504,3504,89.69237518310547,87.94541931152344,87.12435913085938,87.8937759399414,72.77982330322266,86.87625122070313,87.28704833984375,87.10320281982422,90.006591796875,66.66667175292969,71.42857360839844,70,70,80,85.71428680419922,80,85.71428680419922,27.63072395324707,8589934592,2147483648,4642586624,540344320
209,1771784575579,3504,3504,3504,3504,3504,3504,3504,3504,89.69237518310547,87.94541931152344,87.12435913085938,87.8937759399414,72.77982330322266,86.87625122070313,87.28704833984375,87.10320281982422,90.006591796875,50,47.619049072265625,40,45,57.142860412597656,57.142860412597656,52.38095474243164,52.38095474243164,27.345260620117188,8589934592,2147483648,4642586624,540344320
209,1771784575789,3504,3504,3504,3504,3504,3504,3504,3504,89.69237518310547,87.94541931152344,87.12435913085938,87.8937759399414,72.77982330322266,86.87625122070313,87.28704833984375,87.10320281982422,90.006591796875,10,9.523809432983398,9.090909004211426,13.636363983154297,9.523809432983398,9.523809432983398,9.523809432983398,4.761904716491699,27.345260620117188,8589934592,2147483648,4669784064,540344320
208,1771784575999,3504,3504,3504,3504,3504,3504,3504,3504,89.69237518310547,87.94541931152344,87.12435913085938,87.8937759399414,72.77982330322266,86.87625122070313,87.28704833984375,87.10320281982422,90.006591796875,19.047618865966797,14.285715103149414,9.523809432983398,14.285715103149414,0,0,0,0,27.345260620117188,8589934592,2147483648,4669587456,540344320
203,1771784576208,3504,3504,3504,3504,3504,3504,3504,3504,78.83573150634766,77.67418670654297,76.51130676269531,76.996826171875,69.46626281738281,76.24028015136719,76.01599884033203,76.98551177978516,78.2850341796875,18.18181800842285,10,10,20,4.761904716491699,4.545454502105713,0,0,27.345260620117188,8589934592,2147483648,4666785792,540344320
200,1771784576412,3504,3504,3504,3504,3504,3504,3504,3504,78.83573150634766,77.67418670654297,76.51130676269531,76.996826171875,69.46626281738281,76.24028015136719,76.01599884033203,76.98551177978516,78.2850341796875,15.000000953674316,14.285715103149414,9.523809432983398,25,0,0,0,0,27.345260620117188,8589934592,2147483648,4666556416,540344320
209,1771784576613,3504,3504,3504,3504,3504,3504,3504,3504,78.83573150634766,77.67418670654297,76.51130676269531,76.996826171875,69.46626281738281,76.24028015136719,76.01599884033203,76.98551177978516,78.2850341796875,19.047618865966797,15.000000953674316,10,20,0,0,0,0,25.90175437927246,8589934592,2147483648,4666851328,540344320
200,1771784576823,3504,3504,3504,3504,3504,3504,3504,3504,78.83573150634766,77.67418670654297,76.51130676269531,76.996826171875,69.46626281738281,76.24028015136719,76.01599884033203,76.98551177978516,78.2850341796875,15.789472579956055,14.285715103149414,15.000000953674316,33.333335876464844,0,0,0,0,25.90175437927246,8589934592,2147483648,4663590912,540344320
209,1771784577023,3504,3504,3504,3504,3504,3504,3504,3504,60.5476188659668,60.13555145263672,58.961700439453125,59.02056121826172,59.12823486328125,59.019996643066406,58.48088836669922,59.757469177246094,60.13411331176758,15.000000953674316,15.000000953674316,10,23.809524536132813,0,0,0,0,25.90175437927246,8589934592,2147483648,4657905664,540344320
209,1771784577233,3504,3504,3504,3504,3504,3504,3504,3504,60.5476188659668,60.13555145263672,58.961700439453125,59.02056121826172,59.12823486328125,59.019996643066406,58.48088836669922,59.757469177246094,60.13411331176758,19.047618865966797,14.285715103149414,13.636363983154297,23.809524536132813,0,0,0,0,25.90175437927246,8589934592,2147483648,4656857088,540344320
209,1771784577443,3504,3504,3504,3504,3504,3504,3504,3504,60.5476188659668,60.13555145263672,58.961700439453125,59.02056121826172,59.12823486328125,59.019996643066406,58.48088836669922,59.757469177246094,60.13411331176758,14.285715103149414,19.047618865966797,10,19.047618865966797,0,0,0,0,25.90175437927246,8589934592,2147483648,4656857088,540344320
208,1771784577653,3504,3504,3504,3504,3504,3504,3504,3504,60.5476188659668,60.13555145263672,58.961700439453125,59.02056121826172,59.12823486328125,59.019996643066406,58.48088836669922,59.757469177246094,60.13411331176758,23.809524536132813,15.000000953674316,9.523809432983398,14.285715103149414,0,0,0,0,10.040806770324707,8589934592,2147483648,4656906240,540344320
206,1771784577862,3504,3504,3504,3504,3504,3504,3504,3504,60.5476188659668,60.13555145263672,58.961700439453125,59.02056121826172,59.12823486328125,59.019996643066406,58.48088836669922,59.757469177246094,60.13411331176758,20,19.047618865966797,19.047618865966797,15.000000953674316,0,0,0,0,10.040806770324707,8589934592,2147483648,4656775168,540344320
203,1771784578069,3504,3504,3504,3504,3504,3504,3504,3504,57.549530029296875,57.07109069824219,55.803001403808594,55.80473327636719,55.97402572631836,55.84618377685547,55.40043640136719,56.69257736206055,56.95402908325195,28.571430206298828,9.523809432983398,10,9.523809432983398,0,0,0,0,10.040806770324707,8589934592,2147483648,4656791552,540344320
209,1771784578273,3504,3504,3504,3504,3504,3504,3504,3504,57.549530029296875,57.07109069824219,55.803001403808594,55.80473327636719,55.97402572631836,55.84618377685547,55.40043640136719,56.69257736206055,56.95402908325195,30.000001907348633,15.000000953674316,14.285715103149414,5.263157844543457,0,0,0,0,10.040806770324707,8589934592,2147483648,4656775168,540344320
209,1771784578483,3504,3504,3504,3504,3504,3504,3504,3504,57.549530029296875,57.07109069824219,55.803001403808594,55.80473327636719,55.97402572631836,55.84618377685547,55.40043640136719,56.69257736206055,56.95402908325195,28.571430206298828,23.809524536132813,14.285715103149414,18.18181800842285,10,4.761904716491699,0,0,10.040806770324707,8589934592,2147483648,4656775168,540344320
204,1771784578693,3504,3504,3504,3504,3504,3504,3504,3504,57.549530029296875,57.07109069824219,55.803001403808594,55.80473327636719,55.97402572631836,55.84618377685547,55.40043640136719,56.69257736206055,56.95402908325195,18.18181800842285,14.285715103149414,9.523809432983398,9.090909004211426,14.285715103149414,0,13.636363983154297,0,10.379809379577637,8589934592,2147483648,4656775168,540344320
209,1771784578898,3504,3504,3504,3504,3504,3504,3504,3504,57.549530029296875,57.07109069824219,55.803001403808594,55.80473327636719,55.97402572631836,55.84618377685547,55.40043640136719,56.69257736206055,56.95402908325195,21.052631378173828,15.000000953674316,10,10.526315689086914,0,4.761904716491699,0,0,10.379809379577637,8589934592,2147483648,4659527680,540344320
11,1771784579108,3504,3504,3504,3504,3504,3504,3504,3504,55.94096755981445,55.68651580810547,54.24601745605469,54.251434326171875,54.465476989746094,54.353065490722656,53.90229034423828,55.25910949707031,55.34718704223633,23.809524536132813,15.000000953674316,9.523809432983398,14.285715103149414,0,0,0,0,10.379809379577637,8589934592,2147483648,4658692096,540344320
