Delta,Time,CPU_FREQUENCY_0,CPU_FREQUENCY_1,CPU_FREQUENCY_2,CPU_FREQUENCY_3,CPU_FREQUENCY_4,CPU_FREQUENCY_5,CPU_FREQUENCY_6,CPU_FREQUENCY_7,CPU_TEMP_0,CPU_TEMP_1,CPU_TEMP_2,CPU_TEMP_3,CPU_TEMP_4,CPU_TEMP_5,CPU_TEMP_6,CPU_TEMP_7,CPU_TEMP_8,CPU_USAGE_0,CPU_USAGE_1,CPU_USAGE_2,CPU_USAGE_3,CPU_USAGE_4,CPU_USAGE_5,CPU_USAGE_6,CPU_USAGE_7,SYSTEM_POWER (Watts),TOTAL_MEMORY,TOTAL_SWAP,USED_MEMORY,USED_SWAP
0,1771787484099,3504,3504,3504,3504,3504,3504,3504,3504,55.44178009033203,54.99759292602539,53.632591247558594,53.68512725830078,53.52115249633789,53.51605987548828,53.175872802734375,54.30506134033203,54.51085662841797,NaN,NaN,0,0,NaN,0,0,0,8.778101921081543,8589934592,2147483648,4930289664,523567104
207,1771787484100,3504,3504,3504,3504,3504,3504,3504,3504,55.44178009033203,54.99759292602539,53.632591247558594,53.68512725830078,53.52115249633789,53.51605987548828,53.175872802734375,54.30506134033203,54.51085662841797,0,0,0,0,0,NaN,0,NaN,8.778101921081543,8589934592,2147483648,4930289664,523567104
209,1771787484308,3504,3504,3504,3504,3504,3504,3504,3504,55.44178009033203,54.99759292602539,53.632591247558594,53.68512725830078,53.52115249633789,53.51605987548828,53.175872802734375,54.30506134033203,54.51085662841797,13.636363983154297,18.18181800842285,5,0,4.761904716491699,0,4.761904716491699,4.545454502105713,8.778101921081543,8589934592,2147483648,4930289664,523567104
209,1771787484518,3504,3504,3504,3504,3504,3504,3504,3504,55.44178009033203,54.99759292602539,53.632591247558594,53.68512725830078,53.52115249633789,53.51605987548828,53.175872802734375,54.30506134033203,54.51085662841797,25,33.333335876464844,30.000001907348633,31.81818199157715,25,25,27.272727966308594,19.047618865966797,8.778101921081543,8589934592,2147483648,4930289664,523567104
200,1771787484728,3504,3504,3504,3504,3504,3504,3504,3504,55.44178009033203,54.99759292602539,53.632591247558594,53.68512725830078,53.52115249633789,53.51605987548828,53.175872802734375,54.30506134033203,54.51085662841797,13.636363983154297,0,9.090909004211426,23.809524536132813,4.545454502105713,4.545454502105713,0,4.545454502105713,11.273188591003418,8589934592,2147483648,4937170944,523567104
201,1771787484929,3504,3504,3504,3504,3504,3504,3504,3504,55.44178009033203,54.99759292602539,53.632591247558594,53.68512725830078,53.52115249633789,53.51605987548828,53.175872802734375,54.30506134033203,54.51085662841797,15.789472579956055,19.047618865966797,10,25,0,0,0,0,11.273188591003418,8589934592,2147483648,4937236480,523567104
202,1771787485131,3504,3504,3504,3504,3504,3504,3504,3504,54.51231002807617,54.159873962402344,52.81581115722656,52.75578308105469,52.63784408569336,52.56928253173828,52.24610137939453,53.46998596191406,53.608970642089844,20,14.285715103149414,10,21.052631378173828,0,0,0,0,11.273188591003418,8589934592,2147483648,4933894144,523567104
208,1771787485334,3504,3504,3504,3504,3504,3504,3504,3504,54.51231002807617,54.159873962402344,52.81581115722656,52.75578308105469,52.63784408569336,52.56928253173828,52.24610137939453,53.46998596191406,53.608970642089844,42.85714340209961,52.6315803527832,35,38.095237731933594,35,38.095237731933594,31.57894515991211,47.36842346191406,11.273188591003418,8589934592,2147483648,4740284416,523567104
210,1771787485543,3504,3504,3504,3504,3504,3504,3504,3504,54.51231002807617,54.159873962402344,52.81581115722656,52.75578308105469,52.63784408569336,52.56928253173828,52.24610137939453,53.46998596191406,53.608970642089844,76.19047546386719,80.95238494873047,71.42857360839844,71.42857360839844,85.71428680419922,85.71428680419922,90.47618865966797,81.81818389892578,11.84128475189209,8589934592,2147483648,4715544576,523567104
210,1771787485753,3504,3504,3504,3504,3504,3504,3504,3504,54.51231002807617,54.159873962402344,52.81581115722656,52.75578308105469,52.63784408569336,52.56928253173828,52.24610137939453,53.46998596191406,53.608970642089844,73.68421173095703,71.42857360839844,71.42857360839844,70,85.71428680419922,85,95.23809814453125,80.95238494873047,11.84128475189209,8589934592,2147483648,4715036672,523567104
205,1771787485963,3504,3504,3504,3504,3504,3504,3504,3504,54.51231002807617,54.159873962402344,52.81581115722656,52.75578308105469,52.63784408569336,52.56928253173828,52.24610137939453,53.46998596191406,53.608970642089844,80.95238494873047,76.19047546386719,71.42857360839844,72.7272720336914,90.47618865966797,85.71428680419922,86.36363983154297,84.21052551269531,11.84128475189209,8589934592,2147483648,4715315200,523567104
209,1771787486169,3504,3504,3504,3504,3504,3504,3504,3504,70.732666015625,69.33121490478516,68.39485168457031,68.99821472167969,58.53795623779297,68.70720672607422,68.63768768310547,69.29485321044922,70.46250915527344,76.19047546386719,70,71.42857360839844,71.42857360839844,85.71428680419922,85.71428680419922,85,85.71428680419922,11.84128475189209,8589934592,2147483648,4700700672,523567104
209,1771787486379,3504,3504,3504,3504,3504,3504,3504,3504,70.732666015625,69.33121490478516,68.39485168457031,68.99821472167969,58.53795623779297,68.70720672607422,68.63768768310547,69.29485321044922,70.46250915527344,68.18181610107422,66.66667175292969,65,66.66667175292969,90,90.47618865966797,81.81818389892578,85.71428680419922,11.84128475189209,8589934592,2147483648,4740710400,523567104
204,1771787486589,3504,3504,3504,3504,3504,3504,3504,3504,70.732666015625,69.33121490478516,68.39485168457031,68.99821472167969,58.53795623779297,68.70720672607422,68.63768768310547,69.29485321044922,70.46250915527344,75,72.7272720336914,76.19047546386719,75,90.47618865966797,81.81818389892578,85,86.36363983154297,17.407346725463867,8589934592,2147483648,4740710400,523567104
209,1771787486793,3504,3504,3504,3504,3504,3504,3504,3504,70.732666015625,69.33121490478516,68.39485168457031,68.99821472167969,58.53795623779297,68.70720672607422,68.63768768310547,69.29485321044922,70.46250915527344,76.19047546386719,70,65,66.66667175292969,85.71428680419922,89.47368621826172,85.71428680419922,85,17.407346725463867,8589934592,2147483648,4733304832,523567104
205,1771787487003,3504,3504,3504,3504,3504,3504,3504,3504,70.732666015625,69.33121490478516,68.39485168457031,68.99821472167969,58.53795623779297,68.70720672607422,68.63768768310547,69.29485321044922,70.46250915527344,68.18181610107422,66.66667175292969,68.18181610107422,65,85.71428680419922,85.71428680419922,80,80.95238494873047,17.407346725463867,8589934592,2147483648,4737155072,523567104
209,1771787487209,3504,3504,3504,3504,3504,3504,3504,3504,82.59211730957031,80.70329284667969,79.87677764892578,80.74964141845703,66.24988555908203,79.59428405761719,79.82546997070313,79.90217590332031,82.19216918945313,73.68421173095703,70,68.42105102539063,66.66667175292969,85.71428680419922,80.95238494873047,90.90909576416016,76.19047546386719,17.407346725463867,8589934592,2147483648,4686364672,523567104
209,1771787487418,3504,3504,3504,3504,3504,3504,3504,3504,82.59211730957031,80.70329284667969,79.87677764892578,80.74964141845703,66.24988555908203,79.59428405761719,79.82546997070313,79.90217590332031,82.19216918945313,71.42857360839844,71.42857360839844,69.56521606445313,71.42857360839844,89.47368621826172,90.47618865966797,85,81.81818389892578,17.407346725463867,8589934592,2147483648,4703387648,523567104
209,1771787487628,3504,3504,3504,3504,3504,3504,3504,3504,82.59211730957031,80.70329284667969,79.87677764892578,80.74964141845703,66.24988555908203,79.59428405761719,79.82546997070313,79.90217590332031,82.19216918945313,77.2727279663086,70,70,71.42857360839844,86.9565200805664,90.47618865966797,80.95238494873047,80,27.081756591796875,8589934592,2147483648,4691148800,523567104
205,1771787487838,3504,3504,3504,3504,3504,3504,3504,3504,82.59211730957031,80.70329284667969,79.87677764892578,80.74964141845703,66.24988555908203,79.59428405761719,79.82546997070313,79.90217590332031,82.19216918945313,75,72.7272720336914,71.42857360839844,68.18181610107422,85.71428680419922,80.95238494873047,90.47618865966797,85.71428680419922,27.081756591796875,8589934592,2147483648,4698112000,523567104
209,1771787488043,3504,3504,3504,3504,3504,3504,3504,3504,85.04579162597656,83.24616241455078,82.43563079833984,83.22288513183594,68.69559478759766,82.31742858886719,82.16746520996094,82.80728149414063,84.40913391113281,71.42857360839844,70,66.66667175292969,70,85,85,85.71428680419922,85,27.081756591796875,8589934592,2147483648,4689903616,523567104
209,1771787488253,3504,3504,3504,3504,3504,3504,3504,3504,85.04579162597656,83.24616241455078,82.43563079833984,83.22288513183594,68.69559478759766,82.31742858886719,82.16746520996094,82.80728149414063,84.40913391113281,76.19047546386719,72.7272720336914,71.42857360839844,71.42857360839844,85.71428680419922,85.71428680419922,80.95238494873047,90.47618865966797,27.081756591796875,8589934592,2147483648,4721377280,523567104
204,1771787488464,3504,3504,3504,3504,3504,3504,3504,3504,85.04579162597656,83.24616241455078,82.43563079833984,83.22288513183594,68.69559478759766,82.31742858886719,82.16746520996094,82.80728149414063,84.40913391113281,75,70,75,70,85,85.71428680419922,95,85.71428680419922,27.081756591796875,8589934592,2147483648,4745035776,523567104
206,1771787488668,3504,3504,3504,3504,3504,3504,3504,3504,85.04579162597656,83.24616241455078,82.43563079833984,83.22288513183594,68.69559478759766,82.31742858886719,82.16746520996094,82.80728149414063,84.40913391113281,80,70,70,71.42857360839844,85.71428680419922,90.47618865966797,85.71428680419922,85.71428680419922,28.71051788330078,8589934592,2147483648,4745035776,523567104
201,1771787488875,3504,3504,3504,3504,3504,3504,3504,3504,85.04579162597656,83.24616241455078,82.43563079833984,83.22288513183594,68.69559478759766,82.31742858886719,82.16746520996094,82.80728149414063,84.40913391113281,68.18181610107422,68.18181610107422,68.18181610107422,65,81.81818389892578,85,90,80.95238494873047,28.71051788330078,8589934592,2147483648,4691378176,523567104
213,1771787489077,3504,3504,3504,3504,3504,3504,3504,3504,86.98947143554688,85.15641784667969,84.35415649414063,85.16790008544922,70.40962982177734,84.39225006103516,84.4158706665039,84.80291748046875,86.91935729980469,75,68.42105102539063,68.42105102539063,71.42857360839844,94.73684692382813,80.95238494873047,86.36363983154297,85,28.71051788330078,8589934592,2147483648,4683563008,523567104
209,1771787489291,3504,3504,3504,3504,3504,3504,3504,3504,86.98947143554688,85.15641784667969,84.35415649414063,85.16790008544922,70.40962982177734,84.39225006103516,84.4158706665039,84.80291748046875,86.91935729980469,77.2727279663086,72.7272720336914,72.7272720336914,66.66667175292969,80.95238494873047,85.71428680419922,85,85.71428680419922,28.71051788330078,8589934592,2147483648,4695375872,523567104
209,1771787489501,3504,3504,3504,3504,3504,3504,3504,3504,86.98947143554688,85.15641784667969,84.35415649414063,85.16790008544922,70.40962982177734,84.39225006103516,84.4158706665039,84.80291748046875,86.91935729980469,75,75,71.42857360839844,76.19047546386719,90.47618865966797,90.47618865966797,90.47618865966797,80.95238494873047,28.71051788330078,8589934592,2147483648,4692377600,523567104
209,1771787489711,3504,3504,3504,3504,3504,3504,3504,3504,86.98947143554688,85.15641784667969,84.35415649414063,85.16790008544922,70.40962982177734,84.39225006103516,84.4158706665039,84.80291748046875,86.91935729980469,71.42857360839844,68.18181610107422,66.66667175292969,61.904762268066406,90.47618865966797,85.71428680419922,80.95238494873047,85,26.63584327697754,8589934592,2147483648,4694097920,523567104
208,1771787489920,3504,3504,3504,3504,3504,3504,3504,3504,86.98947143554688,85.15641784667969,84.35415649414063,85.16790008544922,70.40962982177734,84.39225006103516,84.4158706665039,84.80291748046875,86.91935729980469,75,71.42857360839844,66.66667175292969,71.42857360839844,85.71428680419922,85.71428680419922,85.71428680419922,80.95238494873047,26.63584327697754,8589934592,2147483648,4711579648,523567104
209,1771787490129,3504,3504,3504,3504,3504,3504,3504,3504,88.19351196289063,86.60779571533203,85.70443725585938,86.40284729003906,71.66497039794922,85.60585021972656,85.62120819091797,85.98184204101563,87.98529815673828,66.66667175292969,70,71.42857360839844,70,85.71428680419922,85,90.47618865966797,85.71428680419922,26.63584327697754,8589934592,2147483648,4727848960,523567104
209,1771787490338,3504,3504,3504,3504,3504,3504,3504,3504,88.19351196289063,86.60779571533203,85.70443725585938,86.40284729003906,71.66497039794922,85.60585021972656,85.62120819091797,85.98184204101563,87.98529815673828,76.19047546386719,66.66667175292969,70,68.18181610107422,90,85.71428680419922,85.71428680419922,77.2727279663086,26.63584327697754,8589934592,2147483648,4708122624,523567104
209,1771787490548,3504,3504,3504,3504,3504,3504,3504,3504,88.19351196289063,86.60779571533203,85.70443725585938,86.40284729003906,71.66497039794922,85.60585021972656,85.62120819091797,85.98184204101563,87.98529815673828,14.285715103149414,13.636363983154297,9.090909004211426,0,4.545454502105713,0,0,0,28.425270080566406,8589934592,2147483648,4708122624,523567104
209,1771787490758,3504,3504,3504,3504,3504,3504,3504,3504,88.19351196289063,86.60779571533203,85.70443725585938,86.40284729003906,71.66497039794922,85.60585021972656,85.62120819091797,85.98184204101563,87.98529815673828,14.285715103149414,14.285715103149414,5,13.636363983154297,0,0,0,0,28.425270080566406,8589934592,2147483648,4708122624,523567104
208,1771787490968,3504,3504,3504,3504,3504,3504,3504,3504,88.19351196289063,86.60779571533203,85.70443725585938,86.40284729003906,71.66497039794922,85.60585021972656,85.62120819091797,85.98184204101563,87.98529815673828,23.809524536132813,20,14.285715103149414,10,4.545454502105713,0,0,0,28.425270080566406,8589934592,2147483648,4684087296,523567104
205,1771787491178,3504,3504,3504,3504,3504,3504,3504,3504,72.1800765991211,71.41400146484375,70.22480773925781,70.39521789550781,65.82221984863281,70.18824005126953,69.8114242553711,70.88008117675781,71.72860717773438,20,23.809524536132813,9.523809432983398,9.090909004211426,0,0,0,0,28.425270080566406,8589934592,2147483648,4684152832,523567104
209,1771787491384,3504,3504,3504,3504,3504,3504,3504,3504,72.1800765991211,71.41400146484375,70.22480773925781,70.39521789550781,65.82221984863281,70.18824005126953,69.8114242553711,70.88008117675781,71.72860717773438,23.809524536132813,25,19.047618865966797,10.526315689086914,0,0,0,0,28.425270080566406,8589934592,2147483648,4684038144,523567104
209,1771787491594,3504,3504,3504,3504,3504,3504,3504,3504,72.1800765991211,71.41400146484375,70.22480773925781,70.39521789550781,65.82221984863281,70.18824005126953,69.8114242553711,70.88008117675781,71.72860717773438,15.000000953674316,19.047618865966797,5,9.090909004211426,0,4.545454502105713,0,0,24.626953125,8589934592,2147483648,4684038144,523567104
205,1771787491804,3504,3504,3504,3504,3504,3504,3504,3504,72.1800765991211,71.41400146484375,70.22480773925781,70.39521789550781,65.82221984863281,70.18824005126953,69.8114242553711,70.88008117675781,71.72860717773438,27.272727966308594,14.285715103149414,9.523809432983398,5,0,0,4.545454502105713,0,24.626953125,8589934592,2147483648,4682481664,523567104
209,1771787492010,3504,3504,3504,3504,3504,3504,3504,3504,72.1800765991211,71.41400146484375,70.22480773925781,70.39521789550781,65.82221984863281,70.18824005126953,69.8114242553711,70.88008117675781,71.72860717773438,19.047618865966797,10,9.523809432983398,19.047618865966797,0,0,0,0,24.626953125,8589934592,2147483648,4681203712,523567104
206,1771787492220,3504,3504,3504,3504,3504,3504,3504,3504,58.44554901123047,57.912841796875,56.78937530517578,56.719642639160156,56.881629943847656,56.856773376464844,56.34880828857422,57.57722473144531,57.85874938964844,25,14.285715103149414,14.285715103149414,19.047618865966797,0,0,0,0,24.626953125,8589934592,2147483648,4680826880,523567104
209,1771787492427,3504,3504,3504,3504,3504,3504,3504,3504,58.44554901123047,57.912841796875,56.78937530517578,56.719642639160156,56.881629943847656,56.856773376464844,56.34880828857422,57.57722473144531,57.85874938964844,14.285715103149414,19.047618865966797,9.523809432983398,14.285715103149414,0,0,0,0,24.626953125,8589934592,2147483648,4681105408,523567104
209,1771787492637,3504,3504,3504,3504,3504,3504,3504,3504,58.44554901123047,57.912841796875,56.78937530517578,56.719642639160156,56.881629943847656,56.856773376464844,56.34880828857422,57.57722473144531,57.85874938964844,14.285715103149414,19.047618865966797,9.523809432983398,19.047618865966797,0,0,0,0,8.954211235046387,8589934592,2147483648,4681170944,523567104
209,1771787492847,3504,3504,3504,3504,3504,3504,3504,3504,58.44554901123047,57.912841796875,56.78937530517578,56.719642639160156,56.881629943847656,56.856773376464844,56.34880828857422,57.57722473144531,57.85874938964844,15.000000953674316,14.285715103149414,10,14.285715103149414,0,0,0,0,8.954211235046387,8589934592,2147483648,4681187328,523567104
209,1771787493057,3504,3504,3504,3504,3504,3504,3504,3504,55.7188835144043,55.366451263427734,54.032264709472656,53.956581115722656,54.290977478027344,54.12541198730469,53.759437561035156,54.915157318115234,55.10498809814453,22.72727394104004,14.285715103149414,23.809524536132813,9.523809432983398,0,0,0,0,8.954211235046387,8589934592,2147483648,4681269248,523567104
201,1771787493267,3504,3504,3504,3504,3504,3504,3504,3504,55.7188835144043,55.366451263427734,54.032264709472656,53.956581115722656,54.290977478027344,54.12541198730469,53.759437561035156,54.915157318115234,55.10498809814453,15.000000953674316,10,28.571430206298828,10,0,0,0,0,8.954211235046387,8589934592,2147483648,4681269248,523567104
207,1771787493469,3504,3504,3504,3504,3504,3504,3504,3504,55.7188835144043,55.366451263427734,54.032264709472656,53.956581115722656,54.290977478027344,54.12541198730469,53.759437561035156,54.915157318115234,55.10498809814453,28.571430206298828,20,35,15.000000953674316,0,0,0,0,8.954211235046387,8589934592,2147483648,4679761920,523567104
209,1771787493677,3504,3504,3504,3504,3504,3504,3504,3504,55.7188835144043,55.366451263427734,54.032264709472656,53.956581115722656,54.290977478027344,54.12541198730469,53.759437561035156,54.915157318115234,55.10498809814453,45,38.095237731933594,25,25,0,0,0,0,10.413189888000488,8589934592,2147483648,4681367552,523567104
206,1771787493887,3504,3504,3504,3504,3504,3504,3504,3504,55.7188835144043,55.366451263427734,54.032264709472656,53.956581115722656,54.290977478027344,54.12541198730469,53.759437561035156,54.915157318115234,55.10498809814453,27.272727966308594,27.272727966308594,13.636363983154297,13.636363983154297,0,0,0,0,10.413189888000488,8589934592,2147483648,4678156288,523567104
209,1771787494094,3504,3504,3504,3504,3504,3504,3504,3504,53.93666458129883,53.608489990234375,52.431968688964844,52.28050231933594,52.744991302490234,52.54767608642578,52.13902282714844,53.267452239990234,53.49015426635742,15.789472579956055,25,15.000000953674316,9.523809432983398,0,0,0,0,10.413189888000488,8589934592,2147483648,4673667072,523567104
209,1771787494304,3504,3504,3504,3504,3504,3504,3504,3504,53.93666458129883,53.608489990234375,52.431968688964844,52.28050231933594,52.744991302490234,52.54767608642578,52.13902282714844,53.267452239990234,53.49015426635742,22.72727394104004,33.333335876464844,14.285715103149414,9.523809432983398,0,0,0,0,10.413189888000488,8589934592,2147483648,4673863680,523567104
209,1771787494514,3504,3504,3504,3504,3504,3504,3504,3504,53.93666458129883,53.608489990234375,52.431968688964844,52.28050231933594,52.744991302490234,52.54767608642578,52.13902282714844,53.267452239990234,53.49015426635742,14.285715103149414,23.809524536132813,9.523809432983398,5,4.545454502105713,4.761904716491699,0,0,10.413189888000488,8589934592,2147483648,4673880064,523567104
208,1771787494724,3504,3504,3504,3504,3504,3504,3504,3504,53.93666458129883,53.608489990234375,52.431968688964844,52.28050231933594,52.744991302490234,52.54767608642578,52.13902282714844,53.267452239990234,53.49015426635742,20,14.285715103149414,9.523809432983398,9.090909004211426,0,0,0,0,10.736156463623047,8589934592,2147483648,4673814528,523567104
203,1771787494934,3504,3504,3504,3504,3504,3504,3504,3504,53.93666458129883,53.608489990234375,52.431968688964844,52.28050231933594,52.744991302490234,52.54767608642578,52.13902282714844,53.267452239990234,53.49015426635742,23.809524536132813,19.047618865966797,19.047618865966797,10,0,0,0,0,10.736156463623047,8589934592,2147483648,4673814528,523567104
200,1771787495138,3504,3504,3504,3504,3504,3504,3504,3504,52.925106048583984,52.267024993896484,51.23065948486328,51.21867370605469,51.494171142578125,51.30841827392578,51.020301818847656,52.122154235839844,52.34712219238281,25,21.052631378173828,10,10,4.761904716491699,5,0,0,10.736156463623047,8589934592,2147483648,4674289664,523567104
204,1771787495338,3504,3504,3504,3504,3504,3504,3504,3504,52.925106048583984,52.267024993896484,51.23065948486328,51.21867370605469,51.494171142578125,51.30841827392578,51.020301818847656,52.122154235839844,52.34712219238281,30.000001907348633,28.571430206298828,25,25,20,20,19.047618865966797,19.047618865966797,10.736156463623047,8589934592,2147483648,4686397440,523567104
218,1771787495543,3504,3504,3504,3504,3504,3504,3504,3504,52.925106048583984,52.267024993896484,51.23065948486328,51.21867370605469,51.494171142578125,51.30841827392578,51.020301818847656,52.122154235839844,52.34712219238281,71.42857360839844,71.42857360839844,61.904762268066406,63.6363639831543,90,80.95238494873047,85,75,9.11269474029541,8589934592,2147483648,4713381888,523567104
209,1771787495762,3504,3504,3504,3504,3504,3504,3504,3504,52.925106048583984,52.267024993896484,51.23065948486328,51.21867370605469,51.494171142578125,51.30841827392578,51.020301818847656,52.122154235839844,52.34712219238281,66.66667175292969,66.66667175292969,66.66667175292969,71.42857360839844,90.47618865966797,86.36363983154297,77.2727279663086,77.2727279663086,9.11269474029541,8589934592,2147483648,4704567296,523567104
209,1771787495972,3504,3504,3504,3504,3504,3504,3504,3504,52.925106048583984,52.267024993896484,51.23065948486328,51.21867370605469,51.494171142578125,51.30841827392578,51.020301818847656,52.122154235839844,52.34712219238281,76.19047546386719,75,71.42857360839844,71.42857360839844,86.36363983154297,90.47618865966797,85.71428680419922,86.36363983154297,9.11269474029541,8589934592,2147483648,4703666176,523567104
209,1771787496182,3504,3504,3504,3504,3504,3504,3504,3504,68.56989288330078,67.07816314697266,66.11705017089844,66.74603271484375,57.224056243896484,65.96540832519531,65.96585083007813,66.48438262939453,67.7056655883789,71.42857360839844,71.42857360839844,71.42857360839844,70,86.36363983154297,85,90.47618865966797,84.21052551269531,9.11269474029541,8589934592,2147483648,4702601216,523567104
206,1771787496392,3504,3504,3504,3504,3504,3504,3504,3504,68.56989288330078,67.07816314697266,66.11705017089844,66.74603271484375,57.224056243896484,65.96540832519531,65.96585083007813,66.48438262939453,67.7056655883789,76.19047546386719,76.19047546386719,71.42857360839844,80.95238494873047,90.47618865966797,86.36363983154297,80.95238494873047,81.81818389892578,9.11269474029541,8589934592,2147483648,4729225216,523567104
211,1771787496598,3504,3504,3504,3504,3504,3504,3504,3504,68.56989288330078,67.07816314697266,66.11705017089844,66.74603271484375,57.224056243896484,65.96540832519531,65.96585083007813,66.48438262939453,67.7056655883789,75,71.42857360839844,71.42857360839844,68.18181610107422,85,90.47618865966797,85.71428680419922,90,14.527420043945313,8589934592,2147483648,4732862464,523567104
209,1771787496810,3504,3504,3504,3504,3504,3504,3504,3504,68.56989288330078,67.07816314697266,66.11705017089844,66.74603271484375,57.224056243896484,65.96540832519531,65.96585083007813,66.48438262939453,67.7056655883789,69.56521606445313,71.42857360839844,65,70,90.47618865966797,90.47618865966797,85.71428680419922,80.95238494873047,14.527420043945313,8589934592,2147483648,4732944384,523567104
206,1771787497020,3504,3504,3504,3504,3504,3504,3504,3504,68.56989288330078,67.07816314697266,66.11705017089844,66.74603271484375,66.00760650634766,79.4453125,79.67056274414063,79.88594055175781,81.95682525634766,71.42857360839844,72.7272720336914,68.18181610107422,68.18181610107422,85.71428680419922,85.71428680419922,85.71428680419922,85.71428680419922,14.527420043945313,8589934592,2147483648,4713365504,523567104
207,1771787497227,3504,3504,3504,3504,3504,3504,3504,3504,82.36643981933594,80.49115753173828,79.6086654663086,80.4968032836914,66.00760650634766,79.4453125,79.67056274414063,79.88594055175781,81.95682525634766,75,75,76.19047546386719,75,90,85.71428680419922,85.71428680419922,81.81818389892578,14.527420043945313,8589934592,2147483648,4698456064,523567104
209,1771787497434,3504,3504,3504,3504,3504,3504,3504,3504,82.36643981933594,80.49115753173828,79.6086654663086,80.4968032836914,66.00760650634766,79.4453125,79.67056274414063,79.88594055175781,81.95682525634766,70,66.66667175292969,65,61.904762268066406,85.71428680419922,84.21052551269531,85,85,14.527420043945313,8589934592,2147483648,4738662400,523567104
209,1771787497643,3504,3504,3504,3504,3504,3504,3504,3504,82.36643981933594,80.49115753173828,79.6086654663086,80.4968032836914,66.00760650634766,79.4453125,79.67056274414063,79.88594055175781,81.95682525634766,77.2727279663086,75,71.42857360839844,71.42857360839844,90.47618865966797,86.36363983154297,85.71428680419922,90,26.075607299804688,8589934592,2147483648,4701732864,523567104
209,1771787497854,3504,3504,3504,3504,3504,3504,3504,3504,82.36643981933594,80.49115753173828,79.6086654663086,80.4968032836914,66.00760650634766,79.4453125,79.67056274414063,79.88594055175781,81.95682525634766,80,76.19047546386719,71.42857360839844,75,85.71428680419922,95.23809814453125,80.95238494873047,86.36363983154297,26.075607299804688,8589934592,2147483648,4737777664,523567104
209,1771787498063,3504,3504,3504,3504,3504,3504,3504,3504,85.34404754638672,83.7629165649414,82.68585968017578,83.294677734375,68.89036560058594,82.22312927246094,82.5706558227539,82.83838653564453,85.21648406982422,71.42857360839844,72.7272720336914,71.42857360839844,72.7272720336914,90.47618865966797,80.95238494873047,90.47618865966797,85.71428680419922,26.075607299804688,8589934592,2147483648,4737368064,523567104
202,1771787498274,3504,3504,3504,3504,3504,3504,3504,3504,85.34404754638672,83.7629165649414,82.68585968017578,83.294677734375,68.89036560058594,82.22312927246094,82.5706558227539,82.83838653564453,85.21648406982422,77.2727279663086,75,71.42857360839844,70,90.47618865966797,90.47618865966797,77.2727279663086,80.95238494873047,26.075607299804688,8589934592,2147483648,4722032640,523567104
207,1771787498477,3504,3504,3504,3504,3504,3504,3504,3504,85.34404754638672,83.7629165649414,82.68585968017578,83.294677734375,68.89036560058594,82.22312927246094,82.5706558227539,82.83838653564453,85.21648406982422,72.22222137451172,66.66667175292969,70,68.18181610107422,85,80,90,85,26.075607299804688,8589934592,2147483648,4683710464,523567104
207,1771787498684,3504,3504,3504,3504,3504,3504,3504,3504,85.34404754638672,83.7629165649414,82.68585968017578,83.294677734375,68.89036560058594,82.22312927246094,82.5706558227539,82.83838653564453,85.21648406982422,72.7272720336914,71.42857360839844,71.42857360839844,70,86.36363983154297,90,85.71428680419922,85.71428680419922,27.79593276977539,8589934592,2147483648,4683710464,523567104
201,1771787498891,3504,3504,3504,3504,3504,3504,3504,3504,85.34404754638672,83.7629165649414,82.68585968017578,83.294677734375,68.89036560058594,82.22312927246094,82.5706558227539,82.83838653564453,85.21648406982422,70,70,75,73.68421173095703,85,81.81818389892578,85.71428680419922,85.71428680419922,27.79593276977539,8589934592,2147483648,4683710464,523567104
209,1771787499093,3504,3504,3504,3504,3504,3504,3504,3504,87.26151275634766,85.35401153564453,84.49773406982422,85.3851547241211,70.6192398071289,84.35649871826172,84.51353454589844,84.65544128417969,86.96863555908203,71.42857360839844,66.66667175292969,71.42857360839844,68.18181610107422,89.47368621826172,90,80,85,27.79593276977539,8589934592,2147483648,4683710464,523567104
204,1771787499303,3504,3504,3504,3504,3504,3504,3504,3504,87.26151275634766,85.35401153564453,84.49773406982422,85.3851547241211,70.6192398071289,84.35649871826172,84.51353454589844,84.65544128417969,86.96863555908203,66.66667175292969,70,70,70,86.36363983154297,85,85.71428680419922,85.71428680419922,27.79593276977539,8589934592,2147483648,4682416128,523567104
201,1771787499508,3504,3504,3504,3504,3504,3504,3504,3504,87.26151275634766,85.35401153564453,84.49773406982422,85.3851547241211,70.6192398071289,84.35649871826172,84.51353454589844,84.65544128417969,86.96863555908203,70,70,66.66667175292969,66.66667175292969,85,95.23809814453125,80.95238494873047,75,27.79593276977539,8589934592,2147483648,4702846976,523567104
209,1771787499710,3504,3504,3504,3504,3504,3504,3504,3504,87.26151275634766,85.35401153564453,84.49773406982422,85.3851547241211,70.6192398071289,84.35649871826172,84.51353454589844,84.65544128417969,86.96863555908203,71.42857360839844,70,70,70,90.47618865966797,80,88.8888931274414,80.95238494873047,26.968647003173828,8589934592,2147483648,4682432512,523567104
209,1771787499920,3504,3504,3504,3504,3504,3504,3504,3504,87.26151275634766,85.35401153564453,84.49773406982422,85.3851547241211,70.6192398071289,84.35649871826172,84.51353454589844,84.65544128417969,86.96863555908203,70,68.18181610107422,68.18181610107422,70,85.71428680419922,86.36363983154297,80.95238494873047,85.71428680419922,26.968647003173828,8589934592,2147483648,4738154496,523567104
213,1771787500130,3504,3504,3504,3504,3504,3504,3504,3504,88.74182891845703,86.94579315185547,86.05598449707031,86.88391876220703,71.84187316894531,85.54959106445313,85.65705871582031,85.79881286621094,88.06148529052734,76.19047546386719,71.42857360839844,70,77.2727279663086,86.36363983154297,90.47618865966797,80.95238494873047,85.71428680419922,26.968647003173828,8589934592,2147483648,4701814784,523567104
206,1771787500347,3504,3504,3504,3504,3504,3504,3504,3504,88.74182891845703,86.94579315185547,86.05598449707031,86.88391876220703,71.84187316894531,85.54959106445313,85.65705871582031,85.79881286621094,88.06148529052734,72.7272720336914,66.66667175292969,66.66667175292969,63.6363639831543,90,85,86.9565200805664,80.95238494873047,26.968647003173828,8589934592,2147483648,4682416128,523567104
208,1771787500553,3504,3504,3504,3504,3504,3504,3504,3504,88.74182891845703,86.94579315185547,86.05598449707031,86.88391876220703,71.84187316894531,85.54959106445313,85.65705871582031,85.79881286621094,88.06148529052734,42.85714340209961,45,40.90909194946289,52.38095474243164,52.38095474243164,50,45,47.619049072265625,27.792388916015625,8589934592,2147483648,4707123200,523567104
205,1771787500762,3504,3504,3504,3504,3504,3504,3504,3504,88.74182891845703,86.94579315185547,86.05598449707031,86.88391876220703,71.84187316894531,85.54959106445313,85.65705871582031,85.79881286621094,88.06148529052734,10,9.090909004211426,5,10,0,0,4.761904716491699,0,27.792388916015625,8589934592,2147483648,4681056256,523567104
209,1771787500968,3504,3504,3504,3504,3504,3504,3504,3504,88.74182891845703,86.94579315185547,86.05598449707031,86.88391876220703,71.84187316894531,85.54959106445313,85.65705871582031,85.79881286621094,88.06148529052734,28.571430206298828,20,19.047618865966797,20,9.523809432983398,4.761904716491699,0,0,27.792388916015625,8589934592,2147483648,4681400320,523567104
209,1771787501178,3504,3504,3504,3504,3504,3504,3504,3504,76.34254455566406,75.45032501220703,74.2772216796875,74.61392211914063,67.8681640625,73.8206558227539,73.70149993896484,74.47401428222656,75.76371002197266,30.000001907348633,14.285715103149414,9.523809432983398,9.090909004211426,0,0,0,0,27.792388916015625,8589934592,2147483648,4678254592,523567104
209,1771787501388,3504,3504,3504,3504,3504,3504,3504,3504,76.34254455566406,75.45032501220703,74.2772216796875,74.61392211914063,67.8681640625,73.8206558227539,73.70149993896484,74.47401428222656,75.76371002197266,28.571430206298828,22.72727394104004,14.285715103149414,10,0,0,0,0,27.792388916015625,8589934592,2147483648,4678320128,523567104
209,1771787501598,3504,3504,3504,3504,3504,3504,3504,3504,76.34254455566406,75.45032501220703,74.2772216796875,74.61392211914063,67.8681640625,73.8206558227539,73.70149993896484,74.47401428222656,75.76371002197266,28.571430206298828,10,10,9.523809432983398,0,0,0,0,24.71003532409668,8589934592,2147483648,4678238208,523567104
209,1771787501808,3504,3504,3504,3504,3504,3504,3504,3504,76.34254455566406,75.45032501220703,74.2772216796875,74.61392211914063,67.8681640625,73.8206558227539,73.70149993896484,74.47401428222656,75.76371002197266,23.809524536132813,14.285715103149414,9.090909004211426,5,0,0,0,0,24.71003532409668,8589934592,2147483648,4677419008,523567104
209,1771787502018,3504,3504,3504,3504,3504,3504,3504,3504,76.34254455566406,75.45032501220703,74.2772216796875,57.80096435546875,57.88438034057617,57.89385223388672,57.37761688232422,58.548038482666016,58.85960006713867,23.809524536132813,10,10,13.636363983154297,0,0,0,0,24.71003532409668,8589934592,2147483648,4677435392,523567104
209,1771787502228,3504,3504,3504,3504,3504,3504,3504,3504,59.42597961425781,58.8492317199707,57.791160583496094,57.80096435546875,57.88438034057617,57.89385223388672,57.37761688232422,58.548038482666016,58.85960006713867,33.333335876464844,36.3636360168457,38.095237731933594,19.047618865966797,0,0,0,0,24.71003532409668,8589934592,2147483648,4679548928,523567104
204,1771787502438,3504,3504,3504,3504,3504,3504,3504,3504,59.42597961425781,58.8492317199707,57.791160583496094,57.80096435546875,57.88438034057617,57.89385223388672,57.37761688232422,58.548038482666016,58.85960006713867,9.523809432983398,23.809524536132813,14.285715103149414,4.761904716491699,0,0,0,0,24.71003532409668,8589934592,2147483648,4679565312,523567104
206,1771787502643,3504,3504,3504,3504,3504,3504,3504,3504,59.42597961425781,58.8492317199707,57.791160583496094,57.80096435546875,57.88438034057617,57.89385223388672,57.37761688232422,58.548038482666016,58.85960006713867,15.789472579956055,25,10,19.047618865966797,0,0,0,0,9.370779991149902,8589934592,2147483648,4679565312,523567104
207,1771787502850,3504,3504,3504,3504,3504,3504,3504,3504,59.42597961425781,58.8492317199707,57.791160583496094,57.80096435546875,57.88438034057617,57.89385223388672,57.37761688232422,58.548038482666016,58.85960006713867,13.636363983154297,15.000000953674316,9.523809432983398,15.000000953674316,0,0,0,0,9.370779991149902,8589934592,2147483648,4679565312,523567104
209,1771787503058,3504,3504,3504,3504,3504,3504,3504,3504,56.497413635253906,56.12626266479492,54.77960968017578,54.74517059326172,54.997501373291016,54.81715393066406,54.457366943359375,55.661766052246094,55.81671905517578,20,20,9.523809432983398,5,0,0,0,0,9.370779991149902,8589934592,2147483648,4679565312,523567104
208,1771787503268,3504,3504,3504,3504,3504,3504,3504,3504,56.497413635253906,56.12626266479492,54.77960968017578,54.74517059326172,54.997501373291016,54.81715393066406,54.457366943359375,55.661766052246094,55.81671905517578,33.333335876464844,18.18181800842285,9.523809432983398,9.090909004211426,0,0,0,0,9.370779991149902,8589934592,2147483648,4679598080,523567104
201,1771787503477,3504,3504,3504,3504,3504,3504,3504,3504,56.497413635253906,56.12626266479492,54.77960968017578,54.74517059326172,54.997501373291016,54.81715393066406,54.457366943359375,55.661766052246094,55.81671905517578,28.571430206298828,14.285715103149414,14.285715103149414,14.285715103149414,0,0,0,0,9.370779991149902,8589934592,2147483648,4679581696,523567104
209,1771787503679,3504,3504,3504,3504,3504,3504,3504,3504,56.497413635253906,56.12626266479492,54.77960968017578,54.74517059326172,54.997501373291016,54.81715393066406,54.457366943359375,55.661766052246094,55.81671905517578,30.000001907348633,20,15.000000953674316,5.263157844543457,0,0,0,0,10.02554702758789,8589934592,2147483648,4679581696,523567104
206,1771787503889,3504,3504,3504,3504,3504,3504,3504,3504,56.497413635253906,56.12626266479492,54.77960968017578,54.74517059326172,54.997501373291016,54.81715393066406,54.457366943359375,55.661766052246094,55.81671905517578,19.047618865966797,20,5,9.523809432983398,0,0,0,0,10.02554702758789,8589934592,2147483648,4679581696,523567104
207,1771787504096,3504,3504,3504,3504,3504,3504,3504,3504,54.57234191894531,54.2056999206543,53.042938232421875,53.01448059082031,53.3306999206543,53.19471740722656,52.86418151855469,53.883453369140625,54.086326599121094,15.000000953674316,23.809524536132813,9.523809432983398,9.090909004211426,0,0,0,0,10.02554702758789,8589934592,2147483648,4679565312,523567104
209,1771787504304,3504,3504,3504,3504,3504,3504,3504,3504,54.57234191894531,54.2056999206543,53.042938232421875,53.01448059082031,53.3306999206543,53.19471740722656,52.86418151855469,53.883453369140625,54.086326599121094,19.047618865966797,23.809524536132813,14.285715103149414,10,0,0,0,0,10.02554702758789,8589934592,2147483648,4679548928,523567104
200,1771787504513,3504,3504,3504,3504,3504,3504,3504,3504,54.57234191894531,54.2056999206543,53.042938232421875,53.01448059082031,53.3306999206543,53.19471740722656,52.86418151855469,53.883453369140625,54.086326599121094,23.809524536132813,20,9.523809432983398,10,0,0,0,0,10.02554702758789,8589934592,2147483648,4679548928,523567104
204,1771787504714,3504,3504,3504,3504,3504,3504,3504,3504,54.57234191894531,54.2056999206543,53.042938232421875,53.01448059082031,53.3306999206543,53.19471740722656,52.86418151855469,53.883453369140625,54.086326599121094,10,23.809524536132813,5,4.761904716491699,5,9.523809432983398,9.090909004211426,9.090909004211426,8.967177391052246,8589934592,2147483648,4679548928,523567104
207,1771787504919,3504,3504,3504,3504,3504,3504,3504,3504,54.57234191894531,54.2056999206543,53.042938232421875,53.01448059082031,53.3306999206543,53.19471740722656,52.86418151855469,53.883453369140625,54.086326599121094,14.285715103149414,25,10,10,0,0,0,0,8.967177391052246,8589934592,2147483648,4679532544,523567104
204,1771787505127,3504,3504,3504,3504,3504,3504,3504,3504,53.46650695800781,53.0019645690918,51.852561950683594,51.79046630859375,52.15082550048828,51.910972595214844,51.628395080566406,52.7110481262207,52.9302978515625,30.000001907348633,42.85714340209961,23.809524536132813,15.000000953674316,0,0,0,0,8.967177391052246,8589934592,2147483648,4680597504,523567104
209,1771787505332,3504,3504,3504,3504,3504,3504,3504,3504,53.46650695800781,53.0019645690918,51.852561950683594,51.79046630859375,52.15082550048828,51.910972595214844,51.628395080566406,52.7110481262207,52.9302978515625,15.000000953674316,20,20,13.636363983154297,0,0,0,0,8.967177391052246,8589934592,2147483648,4680663040,523567104
203,1771787505541,3504,3504,3504,3504,3504,3504,3504,3504,53.46650695800781,53.0019645690918,51.852561950683594,51.79046630859375,52.15082550048828,51.910972595214844,51.628395080566406,52.7110481262207,52.9302978515625,54.54545593261719,57.142860412597656,50,50,70,65,70,55,9.954959869384766,8589934592,2147483648,4746772480,523567104
209,1771787505745,3504,3504,3504,3504,3504,3504,3504,3504,53.46650695800781,53.0019645690918,51.852561950683594,51.79046630859375,52.15082550048828,51.910972595214844,51.628395080566406,52.7110481262207,52.9302978515625,73.68421173095703,71.42857360839844,71.42857360839844,71.42857360839844,86.36363983154297,85,90,80.95238494873047,9.954959869384766,8589934592,2147483648,4691951616,523567104
205,1771787505955,3504,3504,3504,3504,3504,3504,3504,3504,53.46650695800781,53.0019645690918,51.852561950683594,51.79046630859375,52.15082550048828,51.910972595214844,51.628395080566406,52.7110481262207,52.9302978515625,71.42857360839844,70,65,66.66667175292969,89.47368621826172,86.36363983154297,81.81818389892578,80.95238494873047,9.954959869384766,8589934592,2147483648,4744773632,523567104
212,1771787506161,3504,3504,3504,3504,3504,3504,3504,3504,66.84093475341797,65.57429504394531,64.56625366210938,65.03018188476563,56.8123893737793,64.57205963134766,64.42189025878906,65.30626678466797,66.11201477050781,71.42857360839844,75,71.42857360839844,68.42105102539063,86.36363983154297,85,90,80.95238494873047,9.954959869384766,8589934592,2147483648,4712185856,523567104
212,1771787506373,3504,3504,3504,3504,3504,3504,3504,3504,66.84093475341797,65.57429504394531,64.56625366210938,65.03018188476563,56.8123893737793,64.57205963134766,64.42189025878906,65.30626678466797,66.11201477050781,72.7272720336914,71.42857360839844,69.56521606445313,69.56521606445313,85.71428680419922,81.81818389892578,80.95238494873047,90.47618865966797,9.954959869384766,8589934592,2147483648,4674273280,523567104
207,1771787506586,3504,3504,3504,3504,3504,3504,3504,3504,66.84093475341797,65.57429504394531,64.56625366210938,65.03018188476563,56.8123893737793,64.57205963134766,64.42189025878906,65.30626678466797,66.11201477050781,75,72.7272720336914,68.42105102539063,70,85.71428680419922,90,80.95238494873047,80.95238494873047,15.045368194580078,8589934592,2147483648,4681957376,523567104
201,1771787506794,3504,3504,3504,3504,3504,3504,3504,3504,66.84093475341797,65.57429504394531,64.56625366210938,65.03018188476563,56.8123893737793,64.57205963134766,64.42189025878906,65.30626678466797,66.11201477050781,71.42857360839844,66.66667175292969,68.18181610107422,71.42857360839844,85.71428680419922,90.47618865966797,85.71428680419922,80,15.045368194580078,8589934592,2147483648,4685037568,523567104
209,1771787506995,3504,3504,3504,3504,3504,3504,3504,3504,66.84093475341797,65.57429504394531,64.56625366210938,65.03018188476563,56.8123893737793,64.57205963134766,64.42189025878906,65.30626678466797,66.11201477050781,70,63.15789031982422,68.42105102539063,65,85,85,85,85,15.045368194580078,8589934592,2147483648,4672880640,523567104
205,1771787507205,3504,3504,3504,3504,3504,3504,3504,3504,82.35265350341797,80.36790466308594,79.55379486083984,80.4468765258789,66.01044464111328,79.36124420166016,79.64754486083984,79.6684799194336,81.9789047241211,71.42857360839844,68.18181610107422,63.6363639831543,68.18181610107422,90,90.47618865966797,76.19047546386719,77.2727279663086,15.045368194580078,8589934592,2147483648,4705665024,523567104
208,1771787507410,3504,3504,3504,3504,3504,3504,3504,3504,82.35265350341797,80.36790466308594,79.55379486083984,80.4468765258789,66.01044464111328,79.36124420166016,79.64754486083984,79.6684799194336,81.9789047241211,70,71.42857360839844,75,70,85.71428680419922,85.71428680419922,85,90,15.045368194580078,8589934592,2147483648,4706779136,523567104
207,1771787507619,3504,3504,3504,3504,3504,3504,3504,3504,82.35265350341797,80.36790466308594,79.55379486083984,80.4468765258789,66.01044464111328,79.36124420166016,79.64754486083984,79.6684799194336,81.9789047241211,72.7272720336914,68.42105102539063,66.66667175292969,70,85.71428680419922,85.71428680419922,85.71428680419922,77.2727279663086,25.955902099609375,8589934592,2147483648,4731944960,523567104
203,1771787507827,3504,3504,3504,3504,3504,3504,3504,3504,82.35265350341797,80.36790466308594,79.55379486083984,80.4468765258789,66.01044464111328,79.36124420166016,79.64754486083984,79.6684799194336,81.9789047241211,68.42105102539063,68.18181610107422,72.7272720336914,68.18181610107422,85.71428680419922,95,80.95238494873047,80.95238494873047,25.955902099609375,8589934592,2147483648,4701782016,523567104
205,1771787508031,3504,3504,3504,3504,3504,3504,3504,3504,85.84172058105469,83.55998992919922,82.79385375976563,83.81001281738281,68.90573120117188,82.2349624633789,82.4346923828125,82.56246948242188,84.83650970458984,68.18181610107422,70,68.42105102539063,65,85,90.47618865966797,76.19047546386719,84.21052551269531,25.955902099609375,8589934592,2147483648,4704862208,523567104
208,1771787508237,3504,3504,3504,3504,3504,3504,3504,3504,85.84172058105469,83.55998992919922,82.79385375976563,83.81001281738281,68.90573120117188,82.2349624633789,82.4346923828125,82.56246948242188,84.83650970458984,75,66.66667175292969,76.19047546386719,70,85,85,90.47618865966797,85.71428680419922,25.955902099609375,8589934592,2147483648,4682432512,523567104
209,1771787508445,3504,3504,3504,3504,3504,3504,3504,3504,85.84172058105469,83.55998992919922,82.79385375976563,83.81001281738281,68.90573120117188,82.2349624633789,82.4346923828125,82.56246948242188,84.83650970458984,76.19047546386719,76.19047546386719,75,72.7272720336914,90.90909576416016,85.71428680419922,85.71428680419922,85.71428680419922,25.955902099609375,8589934592,2147483648,4692066304,523567104
204,1771787508655,3504,3504,3504,3504,3504,3504,3504,3504,85.84172058105469,83.55998992919922,82.79385375976563,83.81001281738281,68.90573120117188,82.2349624633789,82.4346923828125,82.56246948242188,84.83650970458984,71.42857360839844,71.42857360839844,68.18181610107422,70,85,90.47618865966797,80,90,27.702733993530273,8589934592,2147483648,4697915392,523567104
209,1771787508860,3504,3504,3504,3504,3504,3504,3504,3504,85.84172058105469,83.55998992919922,82.79385375976563,83.81001281738281,68.90573120117188,82.2349624633789,82.4346923828125,82.56246948242188,84.83650970458984,75,73.68421173095703,70,70,90.47618865966797,85.71428680419922,90,85.71428680419922,27.702733993530273,8589934592,2147483648,4685529088,523567104
209,1771787509070,3504,3504,3504,3504,3504,3504,3504,3504,87.58639526367188,85.75823211669922,84.91055297851563,85.7050552368164,70.96935272216797,85.01549530029297,85.01404571533203,85.25845336914063,87.50668334960938,72.7272720336914,68.18181610107422,68.18181610107422,66.66667175292969,80.95238494873047,81.81818389892578,80.95238494873047,85.71428680419922,27.702733993530273,8589934592,2147483648,4724408320,523567104
209,1771787509279,3504,3504,3504,3504,3504,3504,3504,3504,87.58639526367188,85.75823211669922,84.91055297851563,85.7050552368164,70.96935272216797,85.01549530029297,85.01404571533203,85.25845336914063,87.50668334960938,71.42857360839844,70,70,71.42857360839844,86.36363983154297,84.21052551269531,90.47618865966797,85.71428680419922,27.702733993530273,8589934592,2147483648,4702355456,523567104
209,1771787509489,3504,3504,3504,3504,3504,3504,3504,3504,87.58639526367188,85.75823211669922,84.91055297851563,85.7050552368164,70.96935272216797,85.01549530029297,85.01404571533203,85.25845336914063,87.50668334960938,75,72.7272720336914,66.66667175292969,68.18181610107422,85.71428680419922,81.81818389892578,81.81818389892578,80.95238494873047,27.702733993530273,8589934592,2147483648,4707368960,523567104
209,1771787509699,3504,3504,3504,3504,3504,3504,3504,3504,87.58639526367188,85.75823211669922,84.91055297851563,85.7050552368164,70.96935272216797,85.01549530029297,85.01404571533203,85.25845336914063,87.50668334960938,66.66667175292969,65,66.66667175292969,65,85,90,80,77.2727279663086,28.21424102783203,8589934592,2147483648,4670128128,523567104
209,1771787509909,3504,3504,3504,3504,3504,3504,3504,3504,87.58639526367188,85.75823211669922,84.91055297851563,85.7050552368164,70.96935272216797,85.01549530029297,85.01404571533203,85.25845336914063,87.50668334960938,76.19047546386719,72.7272720336914,71.42857360839844,71.42857360839844,80.95238494873047,82.60869598388672,95.45454406738281,84.21052551269531,28.21424102783203,8589934592,2147483648,4675485696,523567104
209,1771787510120,3504,3504,3504,3504,3504,3504,3504,3504,88.8314208984375,86.84895324707031,86.10765075683594,86.98938751220703,72.14286804199219,86.30876922607422,86.0976333618164,86.71175384521484,88.50421905517578,71.42857360839844,76.19047546386719,70,71.42857360839844,86.36363983154297,95,85,78.26087188720703,28.21424102783203,8589934592,2147483648,4656201728,523567104
208,1771787510330,3504,3504,3504,3504,3504,3504,3504,3504,88.8314208984375,86.84895324707031,86.10765075683594,86.98938751220703,72.14286804199219,86.30876922607422,86.0976333618164,86.71175384521484,88.50421905517578,71.42857360839844,70,68.18181610107422,66.66667175292969,90,81.81818389892578,85.71428680419922,80,28.21424102783203,8589934592,2147483648,4678909952,523567104
209,1771787510538,3504,3504,3504,3504,3504,3504,3504,3504,88.8314208984375,86.84895324707031,86.10765075683594,86.98938751220703,72.14286804199219,86.30876922607422,86.0976333618164,86.71175384521484,88.50421905517578,57.142860412597656,57.142860412597656,50,52.38095474243164,61.904762268066406,65,68.18181610107422,66.66667175292969,27.86516761779785,8589934592,2147483648,4687118336,523567104
209,1771787510748,3504,3504,3504,3504,3504,3504,3504,3504,88.8314208984375,86.84895324707031,86.10765075683594,86.98938751220703,72.14286804199219,86.30876922607422,86.0976333618164,86.71175384521484,88.50421905517578,10,10,9.090909004211426,0,9.523809432983398,0,0,0,27.86516761779785,8589934592,2147483648,4680810496,523567104
209,1771787510958,3504,3504,3504,3504,3504,3504,3504,3504,88.8314208984375,86.84895324707031,86.10765075683594,86.98938751220703,72.14286804199219,86.30876922607422,86.0976333618164,86.71175384521484,88.50421905517578,23.809524536132813,17.39130401611328,15.000000953674316,9.523809432983398,0,8.69565200805664,0,0,27.86516761779785,8589934592,2147483648,4674928640,523567104
208,1771787511168,3504,3504,3504,3504,3504,3504,3504,3504,77.30265045166016,76.39326477050781,75.26583862304688,75.57623291015625,68.51988220214844,75.01940155029297,74.7032699584961,75.70548248291016,76.76800537109375,25,15.000000953674316,9.523809432983398,13.636363983154297,0,0,0,0,27.86516761779785,8589934592,2147483648,4671913984,523567104
203,1771787511377,3504,3504,3504,3504,3504,3504,3504,3504,77.30265045166016,76.39326477050781,75.26583862304688,75.57623291015625,68.51988220214844,75.01940155029297,74.7032699584961,75.70548248291016,76.76800537109375,18.18181800842285,19.047618865966797,19.047618865966797,5,0,0,0,0,27.86516761779785,8589934592,2147483648,4671946752,523567104
201,1771787511581,3504,3504,3504,3504,3504,3504,3504,3504,77.30265045166016,76.39326477050781,75.26583862304688,75.57623291015625,68.51988220214844,75.01940155029297,74.7032699584961,75.70548248291016,76.76800537109375,30.000001907348633,28.571430206298828,25,15.000000953674316,4.761904716491699,0,4.761904716491699,0,27.293701171875,8589934592,2147483648,4673617920,523567104
209,1771787511783,3504,3504,3504,3504,3504,3504,3504,3504,77.30265045166016,76.39326477050781,75.26583862304688,75.57623291015625,68.51988220214844,75.01940155029297,74.7032699584961,75.70548248291016,76.76800537109375,25,15.789472579956055,15.000000953674316,14.285715103149414,0,0,0,0,27.293701171875,8589934592,2147483648,4673404928,523567104
200,1771787511993,3504,3504,3504,3504,3504,3504,3504,3504,77.30265045166016,76.39326477050781,75.26583862304688,75.57623291015625,68.51988220214844,75.01940155029297,74.7032699584961,75.70548248291016,76.76800537109375,14.285715103149414,19.047618865966797,14.285715103149414,19.047618865966797,0,0,0,0,27.293701171875,8589934592,2147483648,4668833792,523567104
209,1771787512194,3504,3504,3504,3504,3504,3504,3504,3504,59.955135345458984,59.421852111816406,58.35011291503906,58.358154296875,58.46382141113281,58.47123718261719,57.82337951660156,59.10386276245117,59.425716400146484,40,35,25,25,0,0,0,0,27.293701171875,8589934592,2147483648,4667277312,523567104
202,1771787512404,3504,3504,3504,3504,3504,3504,3504,3504,59.955135345458984,59.421852111816406,58.35011291503906,58.358154296875,58.46382141113281,58.47123718261719,57.82337951660156,59.10386276245117,59.425716400146484,23.809524536132813,19.047618865966797,18.18181800842285,23.809524536132813,0,0,0,0,27.293701171875,8589934592,2147483648,4667375616,523567104
208,1771787512608,3504,3504,3504,3504,3504,3504,3504,3504,59.955135345458984,59.421852111816406,58.35011291503906,58.358154296875,58.46382141113281,58.47123718261719,57.82337951660156,59.10386276245117,59.425716400146484,23.809524536132813,25,10,5,0,0,0,0,10.180728912353516,8589934592,2147483648,4667375616,523567104
209,1771787512817,3504,3504,3504,3504,3504,3504,3504,3504,59.955135345458984,59.421852111816406,58.35011291503906,58.358154296875,58.46382141113281,58.47123718261719,57.82337951660156,59.10386276245117,59.425716400146484,36.842105865478516,28.571430206298828,25,27.272727966308594,10,14.285715103149414,10,10,10.180728912353516,8589934592,2147483648,4667129856,523567104
209,1771787513027,3504,3504,3504,3504,3504,3504,3504,3504,57.43803024291992,56.991451263427734,55.62617492675781,55.614776611328125,55.64957809448242,55.63728332519531,55.20569610595703,56.57645034790039,56.78085708618164,22.72727394104004,4.761904716491699,4.761904716491699,5,4.545454502105713,4.761904716491699,4.761904716491699,4.545454502105713,10.180728912353516,8589934592,2147483648,4667523072,523567104
203,1771787513237,3504,3504,3504,3504,3504,3504,3504,3504,57.43803024291992,56.991451263427734,55.62617492675781,55.614776611328125,55.64957809448242,55.63728332519531,55.20569610595703,56.57645034790039,56.78085708618164,25,10,9.523809432983398,4.761904716491699,0,0,0,0,10.180728912353516,8589934592,2147483648,4667490304,523567104
206,1771787513442,3504,3504,3504,3504,3504,3504,3504,3504,57.43803024291992,56.991451263427734,55.62617492675781,55.614776611328125,55.64957809448242,55.63728332519531,55.20569610595703,56.57645034790039,56.78085708618164,33.333335876464844,19.047618865966797,15.000000953674316,10,0,0,0,0,10.180728912353516,8589934592,2147483648,4667260928,523567104
209,1771787513649,3504,3504,3504,3504,3504,3504,3504,3504,57.43803024291992,56.991451263427734,55.62617492675781,55.614776611328125,55.64957809448242,55.63728332519531,55.20569610595703,56.57645034790039,56.78085708618164,23.809524536132813,14.285715103149414,10,9.523809432983398,0,0,0,0,10.408387184143066,8589934592,2147483648,4667260928,523567104
207,1771787513859,3504,3504,3504,3504,3504,3504,3504,3504,57.43803024291992,56.991451263427734,55.62617492675781,55.614776611328125,55.64957809448242,55.63728332519531,55.20569610595703,56.57645034790039,56.78085708618164,25,14.285715103149414,18.18181800842285,14.285715103149414,0,0,0,0,10.408387184143066,8589934592,2147483648,4667260928,523567104
206,1771787514067,3504,3504,3504,3504,3504,3504,3504,3504,55.32398223876953,54.936519622802734,53.674110412597656,53.68171691894531,54.00141525268555,53.858116149902344,53.39225769042969,54.58729553222656,54.81352996826172,19.047618865966797,15.000000953674316,14.285715103149414,5,0,0,0,0,10.408387184143066,8589934592,2147483648,4667293696,523567104
207,1771787514274,3504,3504,3504,3504,3504,3504,3504,3504,55.32398223876953,54.936519622802734,53.674110412597656,53.68171691894531,54.00141525268555,53.858116149902344,53.39225769042969,54.58729553222656,54.81352996826172,28.571430206298828,19.047618865966797,10,9.523809432983398,0,0,0,0,10.408387184143066,8589934592,2147483648,4667310080,523567104
208,1771787514482,3504,3504,3504,3504,3504,3504,3504,3504,55.32398223876953,54.936519622802734,53.674110412597656,53.68171691894531,54.00141525268555,53.858116149902344,53.39225769042969,54.58729553222656,54.81352996826172,25,19.047618865966797,23.809524536132813,14.285715103149414,0,0,0,0,10.408387184143066,8589934592,2147483648,4667260928,523567104
208,1771787514692,3504,3504,3504,3504,3504,3504,3504,3504,55.32398223876953,54.936519622802734,53.674110412597656,53.68171691894531,54.00141525268555,53.858116149902344,53.39225769042969,54.58729553222656,54.81352996826172,23.809524536132813,0,14.285715103149414,4.761904716491699,5,0,0,0,9.555471420288086,8589934592,2147483648,4667260928,523567104
209,1771787514900,3504,3504,3504,3504,3504,3504,3504,3504,55.32398223876953,54.936519622802734,53.674110412597656,53.68171691894531,54.00141525268555,53.858116149902344,53.39225769042969,54.58729553222656,54.81352996826172,23.809524536132813,14.285715103149414,19.047618865966797,4.761904716491699,4.545454502105713,0,0,0,9.555471420288086,8589934592,2147483648,4667260928,523567104
205,1771787515111,3504,3504,3504,3504,3504,3504,3504,3504,53.946048736572266,53.59978103637695,52.43760681152344,52.30823516845703,52.739505767822266,52.519683837890625,52.021446228027344,53.25812530517578,53.49477005004883,19.047618865966797,9.523809432983398,20,9.523809432983398,0,0,0,4.545454502105713,9.555471420288086,8589934592,2147483648,4667277312,523567104
209,1771787515316,3504,3504,3504,3504,3504,3504,3504,3504,53.946048736572266,53.59978103637695,52.43760681152344,52.30823516845703,52.739505767822266,52.519683837890625,52.021446228027344,53.25812530517578,53.49477005004883,23.809524536132813,15.000000953674316,19.047618865966797,10,0,0,0,0,9.555471420288086,8589934592,2147483648,4667604992,523567104
200,1771787515526,3504,3504,3504,3504,3504,3504,3504,3504,53.946048736572266,53.59978103637695,52.43760681152344,52.30823516845703,52.739505767822266,52.519683837890625,52.021446228027344,53.25812530517578,53.49477005004883,35,23.809524536132813,25,19.047618865966797,19.047618865966797,19.047618865966797,14.285715103149414,10,9.79655933380127,8589934592,2147483648,4662362112,523567104
205,1771787515727,3504,3504,3504,3504,3504,3504,3504,3504,53.946048736572266,53.59978103637695,52.43760681152344,52.30823516845703,52.739505767822266,52.519683837890625,52.021446228027344,53.25812530517578,53.49477005004883,65,66.66667175292969,65,60.000003814697266,85,80,75,80,9.79655933380127,8589934592,2147483648,4688592896,523567104
200,1771787515933,3504,3504,3504,3504,3504,3504,3504,3504,53.946048736572266,53.59978103637695,52.43760681152344,52.30823516845703,52.739505767822266,52.519683837890625,52.021446228027344,53.25812530517578,53.49477005004883,77.2727279663086,68.42105102539063,66.66667175292969,66.66667175292969,90.47618865966797,85.71428680419922,85.71428680419922,81.81818389892578,9.79655933380127,8589934592,2147483648,4707713024,523567104
209,1771787516133,3504,3504,3504,3504,3504,3504,3504,3504,64.0552978515625,62.98696517944336,61.991981506347656,62.39386749267578,55.84317398071289,61.91136932373047,61.896888732910156,62.45677947998047,63.604736328125,66.66667175292969,66.66667175292969,65,68.42105102539063,85,80.95238494873047,78.94737243652344,85,9.79655933380127,8589934592,2147483648,4720754688,523567104
200,1771787516342,3504,3504,3504,3504,3504,3504,3504,3504,64.0552978515625,62.98696517944336,61.991981506347656,62.39386749267578,55.84317398071289,61.91136932373047,61.896888732910156,62.45677947998047,63.604736328125,72.7272720336914,65,71.42857360839844,66.66667175292969,85,90,81.81818389892578,85,9.79655933380127,8589934592,2147483648,4700176384,523567104
215,1771787516543,3504,3504,3504,3504,3504,3504,3504,3504,64.0552978515625,62.98696517944336,61.991981506347656,62.39386749267578,55.84317398071289,61.91136932373047,61.896888732910156,62.45677947998047,63.604736328125,75,71.42857360839844,65,66.66667175292969,80.95238494873047,90.47618865966797,90,85,9.375716209411621,8589934592,2147483648,4696391680,523567104
209,1771787516759,3504,3504,3504,3504,3504,3504,3504,3504,64.0552978515625,62.98696517944336,61.991981506347656,62.39386749267578,55.84317398071289,61.91136932373047,61.896888732910156,62.45677947998047,63.604736328125,76.19047546386719,71.42857360839844,68.18181610107422,70,90.47618865966797,90.47618865966797,90.47618865966797,81.81818389892578,9.375716209411621,8589934592,2147483648,4687183872,523567104
209,1771787516969,3504,3504,3504,3504,3504,3504,3504,3504,64.0552978515625,62.98696517944336,61.991981506347656,62.39386749267578,55.84317398071289,61.91136932373047,61.896888732910156,62.45677947998047,63.604736328125,76.19047546386719,71.42857360839844,71.42857360839844,68.18181610107422,85.71428680419922,90,95,80.95238494873047,9.375716209411621,8589934592,2147483648,4656070656,523567104
203,1771787517179,3504,3504,3504,3504,3504,3504,3504,3504,82.57550048828125,80.30098724365234,79.56913757324219,80.62247467041016,66.0062026977539,79.53202056884766,79.4487533569336,80.0849838256836,81.72254943847656,70,66.66667175292969,70,70,85,85.71428680419922,86.36363983154297,80.95238494873047,9.375716209411621,8589934592,2147483648,4681629696,523567104
209,1771787517382,3504,3504,3504,3504,3504,3504,3504,3504,82.57550048828125,80.30098724365234,79.56913757324219,80.62247467041016,66.0062026977539,79.53202056884766,79.4487533569336,80.0849838256836,81.72254943847656,68.18181610107422,70,66.66667175292969,68.18181610107422,90,85.71428680419922,80.95238494873047,84.21052551269531,9.375716209411621,8589934592,2147483648,4679974912,523567104
209,1771787517592,3504,3504,3504,3504,3504,3504,3504,3504,82.57550048828125,80.30098724365234,79.56913757324219,80.62247467041016,66.0062026977539,79.53202056884766,79.4487533569336,80.0849838256836,81.72254943847656,80,76.19047546386719,70,75,85.71428680419922,90.47618865966797,80,81.81818389892578,26.61600685119629,8589934592,2147483648,4667736064,523567104
205,1771787517803,3504,3504,3504,3504,3504,3504,3504,3504,82.57550048828125,80.30098724365234,79.56913757324219,80.62247467041016,66.0062026977539,79.53202056884766,79.4487533569336,80.0849838256836,81.72254943847656,71.42857360839844,72.7272720336914,68.18181610107422,66.66667175292969,85.71428680419922,85.71428680419922,85.71428680419922,86.36363983154297,26.61600685119629,8589934592,2147483648,4667736064,523567104
202,1771787518008,3504,3504,3504,3504,3504,3504,3504,3504,82.57550048828125,80.30098724365234,79.56913757324219,80.62247467041016,66.0062026977539,79.53202056884766,79.4487533569336,80.0849838256836,81.72254943847656,71.42857360839844,68.42105102539063,70,66.66667175292969,85.71428680419922,80,80.95238494873047,84.21052551269531,26.61600685119629,8589934592,2147483648,4693901312,523567104
209,1771787518210,3504,3504,3504,3504,3504,3504,3504,3504,85.62255859375,83.97933197021484,83.17446899414063,83.81401824951172,69.25940704345703,82.7281723022461,82.94429016113281,83.08509063720703,85.43016052246094,73.68421173095703,66.66667175292969,70,68.42105102539063,80.95238494873047,80.95238494873047,85.71428680419922,80.95238494873047,26.61600685119629,8589934592,2147483648,4676009984,523567104
206,1771787518420,3504,3504,3504,3504,3504,3504,3504,3504,85.62255859375,83.97933197021484,83.17446899414063,83.81401824951172,69.25940704345703,82.7281723022461,82.94429016113281,83.08509063720703,85.43016052246094,76.19047546386719,71.42857360839844,76.19047546386719,76.19047546386719,85.71428680419922,90,85,90.47618865966797,26.61600685119629,8589934592,2147483648,4664115200,523567104
204,1771787518627,3504,3504,3504,3504,3504,3504,3504,3504,85.62255859375,83.97933197021484,83.17446899414063,83.81401824951172,69.25940704345703,82.7281723022461,82.94429016113281,83.08509063720703,85.43016052246094,76.19047546386719,71.42857360839844,70,68.18181610107422,90,85.71428680419922,85.71428680419922,90,28.463781356811523,8589934592,2147483648,4681482240,523567104
209,1771787518832,3504,3504,3504,3504,3504,3504,3504,3504,85.62255859375,83.97933197021484,83.17446899414063,83.81401824951172,69.25940704345703,82.7281723022461,82.94429016113281,83.08509063720703,85.43016052246094,71.42857360839844,70,71.42857360839844,68.42105102539063,85,85,80,85.71428680419922,28.463781356811523,8589934592,2147483648,4659052544,523567104
205,1771787519042,3504,3504,3504,3504,3504,3504,3504,3504,87.44837188720703,85.66263580322266,84.76656341552734,85.60797119140625,71.13516235351563,85.05655670166016,85.15229797363281,85.32404327392578,87.72747039794922,75,70,66.66667175292969,68.18181610107422,86.36363983154297,81.81818389892578,90.47618865966797,80.95238494873047,28.463781356811523,8589934592,2147483648,4675993600,523567104
203,1771787519248,3504,3504,3504,3504,3504,3504,3504,3504,87.44837188720703,85.66263580322266,84.76656341552734,85.60797119140625,71.13516235351563,85.05655670166016,85.15229797363281,85.32404327392578,87.72747039794922,71.42857360839844,68.18181610107422,68.18181610107422,70,85.71428680419922,85,85.71428680419922,90,28.463781356811523,8589934592,2147483648,4667457536,523567104
203,1771787519451,3504,3504,3504,3504,3504,3504,3504,3504,87.44837188720703,85.66263580322266,84.76656341552734,85.60797119140625,71.13516235351563,85.05655670166016,85.15229797363281,85.32404327392578,87.72747039794922,71.42857360839844,68.42105102539063,68.42105102539063,66.66667175292969,85,90,80,80.95238494873047,28.463781356811523,8589934592,2147483648,4669030400,523567104
205,1771787519655,3504,3504,3504,3504,3504,3504,3504,3504,87.44837188720703,85.66263580322266,84.76656341552734,85.60797119140625,71.13516235351563,85.05655670166016,85.15229797363281,85.32404327392578,87.72747039794922,75,71.42857360839844,76.19047546386719,70,90,85,90.47618865966797,80,26.714813232421875,8589934592,2147483648,4692066304,523567104
209,1771787519860,3504,3504,3504,3504,3504,3504,3504,3504,87.44837188720703,85.66263580322266,84.76656341552734,85.60797119140625,71.13516235351563,85.05655670166016,85.15229797363281,85.32404327392578,87.72747039794922,68.42105102539063,65,65,66.66667175292969,85,85.71428680419922,84.21052551269531,85,26.714813232421875,8589934592,2147483648,4692066304,523567104
206,1771787520070,3504,3504,3504,3504,3504,3504,3504,3504,89.19318389892578,87.69732666015625,86.8194351196289,87.434326171875,72.49104309082031,86.54826354980469,86.56941986083984,86.87577819824219,89.09890747070313,72.7272720336914,71.42857360839844,71.42857360839844,75,90.47618865966797,85.71428680419922,82.60869598388672,86.36363983154297,26.714813232421875,8589934592,2147483648,4686004224,523567104
213,1771787520277,3504,3504,3504,3504,3504,3504,3504,3504,89.19318389892578,87.69732666015625,86.8194351196289,87.434326171875,72.49104309082031,86.54826354980469,86.56941986083984,86.87577819824219,89.09890747070313,66.66667175292969,66.66667175292969,70,70,85.71428680419922,77.2727279663086,89.47368621826172,90,26.714813232421875,8589934592,2147483648,4665245696,523567104
203,1771787520490,3504,3504,3504,3504,3504,3504,3504,3504,89.19318389892578,87.69732666015625,86.8194351196289,87.434326171875,72.49104309082031,86.54826354980469,86.56941986083984,86.87577819824219,89.09890747070313,71.42857360839844,71.42857360839844,69.56521606445313,66.66667175292969,86.36363983154297,85,86.36363983154297,81.81818389892578,26.714813232421875,8589934592,2147483648,4660101120,523567104
209,1771787520693,3504,3504,3504,3504,3504,3504,3504,3504,89.19318389892578,87.69732666015625,86.8194351196289,87.434326171875,72.49104309082031,86.54826354980469,86.56941986083984,86.87577819824219,89.09890747070313,42.105262756347656,42.85714340209961,47.36842346191406,45.45454788208008,45,52.38095474243164,50,50,28.332313537597656,8589934592,2147483648,4692066304,523567104
203,1771787520904,3504,3504,3504,3504,3504,3504,3504,3504,89.19318389892578,87.69732666015625,86.8194351196289,87.434326171875,72.49104309082031,86.54826354980469,86.56941986083984,86.87577819824219,89.09890747070313,9.090909004211426,5,10,10,0,0,4.545454502105713,0,28.332313537597656,8589934592,2147483648,4679139328,523567104
199,1771787521108,3504,3504,3504,3504,3504,3504,3504,3504,80.8150634765625,79.5499496459961,78.5323257446289,79.03772735595703,70.30036163330078,78.47138214111328,78.3606948852539,79.11712646484375,80.69467163085938,15.000000953674316,15.000000953674316,22.72727394104004,19.047618865966797,0,0,0,0,28.332313537597656,8589934592,2147483648,4679204864,523567104
209,1771787521308,3504,3504,3504,3504,3504,3504,3504,3504,80.8150634765625,79.5499496459961,78.5323257446289,79.03772735595703,70.30036163330078,78.47138214111328,78.3606948852539,79.11712646484375,80.69467163085938,15.000000953674316,14.285715103149414,15.789472579956055,10.526315689086914,5,5,0,0,28.332313537597656,8589934592,2147483648,4675813376,523567104
205,1771787521518,3504,3504,3504,3504,3504,3504,3504,3504,80.8150634765625,79.5499496459961,78.5323257446289,79.03772735595703,70.30036163330078,78.47138214111328,78.3606948852539,79.11712646484375,80.69467163085938,20,15.000000953674316,9.523809432983398,14.285715103149414,0,0,0,0,28.332313537597656,8589934592,2147483648,4675813376,523567104
209,1771787521724,3504,3504,3504,3504,3504,3504,3504,3504,80.8150634765625,79.5499496459961,78.5323257446289,79.03772735595703,70.30036163330078,78.47138214111328,78.3606948852539,79.11712646484375,80.69467163085938,23.809524536132813,14.285715103149414,14.285715103149414,19.047618865966797,0,0,0,0,27.109668731689453,8589934592,2147483648,4675813376,523567104
209,1771787521934,3504,3504,3504,3504,3504,3504,3504,3504,80.8150634765625,79.5499496459961,78.5323257446289,79.03772735595703,70.30036163330078,78.47138214111328,78.3606948852539,79.11712646484375,80.69467163085938,19.047618865966797,14.285715103149414,4.761904716491699,14.285715103149414,4.545454502105713,0,0,0,27.109668731689453,8589934592,2147483648,4675813376,523567104
209,1771787522144,3504,3504,3504,3504,3504,3504,3504,3504,60.932857513427734,60.498897552490234,59.339515686035156,59.341064453125,59.445091247558594,59.33080291748047,58.80781555175781,60.07795333862305,60.41973876953125,23.809524536132813,9.523809432983398,14.285715103149414,19.047618865966797,0,0,0,0,27.109668731689453,8589934592,2147483648,4665442304,523567104
205,1771787522354,3504,3504,3504,3504,3504,3504,3504,3504,60.932857513427734,60.498897552490234,59.339515686035156,59.341064453125,59.445091247558594,59.33080291748047,58.80781555175781,60.07795333862305,60.41973876953125,23.809524536132813,14.285715103149414,9.523809432983398,19.047618865966797,0,0,0,0,27.109668731689453,8589934592,2147483648,4665442304,523567104
209,1771787522560,3504,3504,3504,3504,3504,3504,3504,3504,60.932857513427734,60.498897552490234,59.339515686035156,59.341064453125,59.445091247558594,59.33080291748047,58.80781555175781,60.07795333862305,60.41973876953125,23.809524536132813,15.000000953674316,10,14.285715103149414,0,0,0,0,9.247171401977539,8589934592,2147483648,4665475072,523567104
208,1771787522771,3504,3504,3504,3504,3504,3504,3504,3504,60.932857513427734,60.498897552490234,59.339515686035156,59.341064453125,59.445091247558594,59.33080291748047,58.80781555175781,60.07795333862305,60.41973876953125,23.809524536132813,9.523809432983398,9.523809432983398,14.285715103149414,0,0,0,0,9.247171401977539,8589934592,2147483648,4665524224,523567104
200,1771787522979,3504,3504,3504,3504,3504,3504,3504,3504,60.932857513427734,60.498897552490234,59.339515686035156,59.341064453125,59.445091247558594,59.33080291748047,58.80781555175781,60.07795333862305,60.41973876953125,23.809524536132813,19.047618865966797,10,20,0,0,0,0,9.247171401977539,8589934592,2147483648,4665475072,523567104
209,1771787523180,3504,3504,3504,3504,3504,3504,3504,3504,57.67909240722656,57.16975402832031,55.945640563964844,55.93701171875,56.089508056640625,55.944847106933594,55.518211364746094,56.80802917480469,57.03309631347656,15.789472579956055,25,19.047618865966797,20,5,5,0,0,9.247171401977539,8589934592,2147483648,4666671104,523567104
209,1771787523390,3504,3504,3504,3504,3504,3504,3504,3504,57.67909240722656,57.16975402832031,55.945640563964844,55.93701171875,56.089508056640625,55.944847106933594,55.518211364746094,56.80802917480469,57.03309631347656,14.285715103149414,15.000000953674316,19.047618865966797,9.523809432983398,0,0,0,0,9.247171401977539,8589934592,2147483648,4666064896,523567104
204,1771787523600,3504,3504,3504,3504,3504,3504,3504,3504,57.67909240722656,57.16975402832031,55.945640563964844,55.93701171875,56.089508056640625,55.944847106933594,55.518211364746094,56.80802917480469,57.03309631347656,42.85714340209961,33.333335876464844,47.619049072265625,19.047618865966797,0,0,0,0,11.547276496887207,8589934592,2147483648,4665622528,523567104
202,1771787523805,3504,3504,3504,3504,3504,3504,3504,3504,57.67909240722656,57.16975402832031,55.945640563964844,55.93701171875,56.089508056640625,55.944847106933594,55.518211364746094,56.80802917480469,57.03309631347656,15.000000953674316,19.047618865966797,20,5.263157844543457,0,0,0,0,11.547276496887207,8589934592,2147483648,4666064896,523567104
208,1771787524008,3504,3504,3504,3504,3504,3504,3504,3504,57.67909240722656,57.16975402832031,55.945640563964844,55.93701171875,56.089508056640625,55.944847106933594,55.518211364746094,56.80802917480469,57.03309631347656,25,20,19.047618865966797,14.285715103149414,0,0,0,0,11.547276496887207,8589934592,2147483648,4666015744,523567104
199,1771787524217,3504,3504,3504,3504,3504,3504,3504,3504,55.900936126708984,55.52123260498047,54.15979766845703,54.107566833496094,54.458831787109375,54.23432922363281,53.86619567871094,55.08895492553711,55.26357650756836,19.047618865966797,14.285715103149414,20,5,0,0,0,0,11.547276496887207,8589934592,2147483648,4666048512,523567104
209,1771787524417,3504,3504,3504,3504,3504,3504,3504,3504,55.900936126708984,55.52123260498047,54.15979766845703,54.107566833496094,54.458831787109375,54.23432922363281,53.86619567871094,55.08895492553711,55.26357650756836,20,15.000000953674316,30.000001907348633,14.285715103149414,0,0,0,0,11.547276496887207,8589934592,2147483648,4666048512,523567104
209,1771787524627,3504,3504,3504,3504,3504,3504,3504,3504,55.900936126708984,55.52123260498047,54.15979766845703,54.107566833496094,54.458831787109375,54.23432922363281,53.86619567871094,55.08895492553711,55.26357650756836,10,5,20,4.761904716491699,0,0,0,0,11.207487106323242,8589934592,2147483648,4666064896,523567104
205,1771787524837,3504,3504,3504,3504,3504,3504,3504,3504,55.900936126708984,55.52123260498047,54.15979766845703,54.107566833496094,54.458831787109375,54.23432922363281,53.86619567871094,55.08895492553711,55.26357650756836,22.72727394104004,14.285715103149414,22.72727394104004,9.523809432983398,4.761904716491699,8.69565200805664,0,0,11.207487106323242,8589934592,2147483648,4666097664,523567104
203,1771787525044,3504,3504,3504,3504,3504,3504,3504,3504,54.39875030517578,54.053123474121094,52.89148712158203,52.779632568359375,53.22667694091797,52.99364471435547,52.613121032714844,53.75284194946289,53.949195861816406,30.000001907348633,19.047618865966797,15.000000953674316,9.523809432983398,0,0,0,0,11.207487106323242,8589934592,2147483648,4666245120,523567104
209,1771787525247,3504,3504,3504,3504,3504,3504,3504,3504,54.39875030517578,54.053123474121094,52.89148712158203,52.779632568359375,53.22667694091797,52.99364471435547,52.613121032714844,53.75284194946289,53.949195861816406,33.333335876464844,23.809524536132813,23.809524536132813,15.000000953674316,0,0,0,0,11.207487106323242,8589934592,2147483648,4666425344,523567104
203,1771787525457,3504,3504,3504,3504,3504,3504,3504,3504,54.39875030517578,54.053123474121094,52.89148712158203,52.779632568359375,53.22667694091797,52.99364471435547,52.613121032714844,53.75284194946289,53.949195861816406,15.000000953674316,23.809524536132813,15.000000953674316,10,0,0,0,0,11.207487106323242,8589934592,2147483648,4666376192,523567104
209,1771787525661,3504,3504,3504,3504,3504,3504,3504,3504,54.39875030517578,54.053123474121094,52.89148712158203,52.779632568359375,53.22667694091797,52.99364471435547,52.613121032714844,53.75284194946289,53.949195861816406,38.095237731933594,35,35,28.571430206298828,33.333335876464844,31.57894515991211,23.809524536132813,28.571430206298828,10.145709037780762,8589934592,2147483648,4665475072,523567104
207,1771787525871,3504,3504,3504,3504,3504,3504,3504,3504,54.39875030517578,54.053123474121094,52.89148712158203,52.779632568359375,53.22667694091797,52.99364471435547,52.613121032714844,53.75284194946289,53.949195861816406,76.19047546386719,75,72.7272720336914,71.42857360839844,90,80.95238494873047,90,80.95238494873047,10.145709037780762,8589934592,2147483648,4691148800,523567104
209,1771787526078,3504,3504,3504,3504,3504,3504,3504,3504,61.91421890258789,61.149436950683594,60.04673767089844,60.2423095703125,55.195613861083984,60.11146545410156,59.83704376220703,60.82017135620117,61.5019645690918,65,66.66667175292969,65,66.66667175292969,85.71428680419922,85.71428680419922,86.36363983154297,80,10.145709037780762,8589934592,2147483648,4726177792,523567104
204,1771787526288,3504,3504,3504,3504,3504,3504,3504,3504,61.91421890258789,61.149436950683594,60.04673767089844,60.2423095703125,55.195613861083984,60.11146545410156,59.83704376220703,60.82017135620117,61.5019645690918,71.42857360839844,71.42857360839844,71.42857360839844,71.42857360839844,85,85.71428680419922,90,86.36363983154297,10.145709037780762,8589934592,2147483648,4692377600,523567104
204,1771787526493,3504,3504,3504,3504,3504,3504,3504,3504,61.91421890258789,61.149436950683594,60.04673767089844,60.2423095703125,55.195613861083984,60.11146545410156,59.83704376220703,60.82017135620117,61.5019645690918,76.19047546386719,75,71.42857360839844,71.42857360839844,85.71428680419922,80.95238494873047,80.95238494873047,95,10.145709037780762,8589934592,2147483648,4725719040,523567104
209,1771787526698,3504,3504,3504,3504,3504,3504,3504,3504,61.91421890258789,61.149436950683594,60.04673767089844,60.2423095703125,55.195613861083984,60.11146545410156,59.83704376220703,60.82017135620117,61.5019645690918,70,71.42857360839844,65,68.42105102539063,85.71428680419922,85.71428680419922,80.95238494873047,80,10.554245948791504,8589934592,2147483648,4673814528,523567104
207,1771787526908,3504,3504,3504,3504,3504,3504,3504,3504,61.91421890258789,61.149436950683594,60.04673767089844,60.2423095703125,55.195613861083984,60.11146545410156,59.83704376220703,60.82017135620117,61.5019645690918,71.42857360839844,71.42857360839844,72.7272720336914,72.7272720336914,86.36363983154297,90,90,85.71428680419922,10.554245948791504,8589934592,2147483648,4692295680,523567104
209,1771787527116,3504,3504,3504,3504,3504,3504,3504,3504,82.12419128417969,80.28502655029297,79.49384307861328,80.32377624511719,65.9795150756836,79.53851318359375,79.85274505615234,79.96209716796875,82.2329330444336,75,70,70,66.66667175292969,85,90.47618865966797,85.71428680419922,81.81818389892578,10.554245948791504,8589934592,2147483648,4693164032,523567104
211,1771787527326,3504,3504,3504,3504,3504,3504,3504,3504,82.12419128417969,80.28502655029297,79.49384307861328,80.32377624511719,65.9795150756836,79.53851318359375,79.85274505615234,79.96209716796875,82.2329330444336,73.91304016113281,72.7272720336914,71.42857360839844,71.42857360839844,90,90.47618865966797,85.71428680419922,85,10.554245948791504,8589934592,2147483648,4697489408,523567104
209,1771787527537,3504,3504,3504,3504,3504,3504,3504,3504,82.12419128417969,80.28502655029297,79.49384307861328,80.32377624511719,65.9795150756836,79.53851318359375,79.85274505615234,79.96209716796875,82.2329330444336,73.68421173095703,70,71.42857360839844,70,86.36363983154297,85,85.71428680419922,90,26.487272262573242,8589934592,2147483648,4714004480,523567104
207,1771787527747,3504,3504,3504,3504,3504,3504,3504,3504,82.12419128417969,80.28502655029297,79.49384307861328,80.32377624511719,65.9795150756836,79.53851318359375,79.85274505615234,79.96209716796875,82.2329330444336,71.42857360839844,71.42857360839844,71.42857360839844,68.18181610107422,90.47618865966797,85.71428680419922,86.36363983154297,81.81818389892578,26.487272262573242,8589934592,2147483648,4711006208,523567104
200,1771787527955,3504,3504,3504,3504,3504,3504,3504,3504,82.12419128417969,80.28502655029297,79.49384307861328,80.32377624511719,65.9795150756836,79.53851318359375,79.85274505615234,79.96209716796875,82.2329330444336,71.42857360839844,71.42857360839844,65,65,85.71428680419922,86.36363983154297,85,80,26.487272262573242,8589934592,2147483648,4693377024,523567104
206,1771787528156,3504,3504,3504,3504,3504,3504,3504,3504,86.57073211669922,84.622314453125,83.81025695800781,84.66382598876953,69.6781234741211,83.53998565673828,83.53182983398438,83.9301528930664,85.92572784423828,71.42857360839844,75,71.42857360839844,71.42857360839844,90,90,84.21052551269531,90,26.487272262573242,8589934592,2147483648,4690477056,523567104
209,1771787528362,3504,3504,3504,3504,3504,3504,3504,3504,86.57073211669922,84.622314453125,83.81025695800781,84.66382598876953,69.6781234741211,83.53998565673828,83.53182983398438,83.9301528930664,85.92572784423828,80,76.19047546386719,70,70,85.71428680419922,85,86.36363983154297,85.71428680419922,26.487272262573242,8589934592,2147483648,4693934080,523567104
204,1771787528572,3504,3504,3504,3504,3504,3504,3504,3504,86.57073211669922,84.622314453125,83.81025695800781,84.66382598876953,69.6781234741211,83.53998565673828,83.53182983398438,83.9301528930664,85.92572784423828,71.42857360839844,76.19047546386719,75,71.42857360839844,90.47618865966797,85.71428680419922,85.71428680419922,85.71428680419922,27.689912796020508,8589934592,2147483648,4693950464,523567104
209,1771787528777,3504,3504,3504,3504,3504,3504,3504,3504,86.57073211669922,84.622314453125,83.81025695800781,84.66382598876953,69.6781234741211,83.53998565673828,83.53182983398438,83.9301528930664,85.92572784423828,71.42857360839844,66.66667175292969,63.6363639831543,66.66667175292969,84.21052551269531,90.47618865966797,80,85.71428680419922,27.689912796020508,8589934592,2147483648,4691673088,523567104
210,1771787528987,3504,3504,3504,3504,3504,3504,3504,3504,86.57073211669922,84.622314453125,83.81025695800781,84.66382598876953,69.6781234741211,83.53998565673828,83.53182983398438,83.9301528930664,85.92572784423828,66.66667175292969,70,65,66.66667175292969,86.9565200805664,90.47618865966797,80.95238494873047,80.95238494873047,27.689912796020508,8589934592,2147483648,4686495744,523567104
209,1771787529198,3504,3504,3504,3504,3504,3504,3504,3504,88.59247589111328,86.65166473388672,85.83537292480469,86.75634002685547,71.64718627929688,85.23945617675781,85.57455444335938,85.52690124511719,88.17788696289063,70,68.18181610107422,66.66667175292969,65,90,85,80.95238494873047,80.95238494873047,27.689912796020508,8589934592,2147483648,4716380160,523567104
201,1771787529408,3504,3504,3504,3504,3504,3504,3504,3504,88.59247589111328,86.65166473388672,85.83537292480469,86.75634002685547,71.64718627929688,85.23945617675781,85.57455444335938,85.52690124511719,88.17788696289063,76.19047546386719,75,72.7272720336914,72.7272720336914,85.71428680419922,81.81818389892578,90.90909576416016,90.47618865966797,27.689912796020508,8589934592,2147483648,4713480192,523567104
209,1771787529610,3504,3504,3504,3504,3504,3504,3504,3504,88.59247589111328,86.65166473388672,85.83537292480469,86.75634002685547,71.64718627929688,85.23945617675781,85.57455444335938,85.52690124511719,88.17788696289063,71.42857360839844,66.66667175292969,65,68.42105102539063,89.47368621826172,85,85,85.71428680419922,29.495689392089844,8589934592,2147483648,4665573376,523567104
209,1771787529820,3504,3504,3504,3504,3504,3504,3504,3504,88.59247589111328,86.65166473388672,85.83537292480469,86.75634002685547,71.64718627929688,85.23945617675781,85.57455444335938,85.52690124511719,88.17788696289063,70,75,76.19047546386719,77.2727279663086,90.47618865966797,90.47618865966797,85,85,29.495689392089844,8589934592,2147483648,4717477888,523567104
205,1771787530030,3504,3504,3504,3504,3504,3504,3504,3504,89.70996856689453,88.28435516357422,87.25701141357422,87.8844223022461,73.00430297851563,86.92115783691406,87.09442901611328,87.34217834472656,89.80403137207031,71.42857360839844,71.42857360839844,66.66667175292969,66.66667175292969,86.36363983154297,80.95238494873047,80.95238494873047,80.95238494873047,29.495689392089844,8589934592,2147483648,4679827456,523567104
211,1771787530235,3504,3504,3504,3504,3504,3504,3504,3504,89.70996856689453,88.28435516357422,87.25701141357422,87.8844223022461,73.00430297851563,86.92115783691406,87.09442901611328,87.34217834472656,89.80403137207031,71.42857360839844,76.19047546386719,70,70,85.71428680419922,85,90.47618865966797,80.95238494873047,29.495689392089844,8589934592,2147483648,4660461568,523567104
209,1771787530447,3504,3504,3504,3504,3504,3504,3504,3504,89.70996856689453,88.28435516357422,87.25701141357422,87.8844223022461,73.00430297851563,86.92115783691406,87.09442901611328,87.34217834472656,89.80403137207031,71.42857360839844,70,68.18181610107422,66.66667175292969,90,85.71428680419922,80.95238494873047,86.36363983154297,29.495689392089844,8589934592,2147483648,4677713920,523567104
202,1771787530657,3504,3504,3504,3504,3504,3504,3504,3504,89.70996856689453,88.28435516357422,87.25701141357422,87.8844223022461,73.00430297851563,86.92115783691406,87.09442901611328,87.34217834472656,89.80403137207031,72.7272720336914,76.19047546386719,75,71.42857360839844,86.36363983154297,80.95238494873047,90.47618865966797,85,29.149564743041992,8589934592,2147483648,4666933248,523567104
209,1771787530860,3504,3504,3504,3504,3504,3504,3504,3504,89.70996856689453,88.28435516357422,87.25701141357422,87.8844223022461,73.00430297851563,86.92115783691406,87.09442901611328,87.34217834472656,89.80403137207031,20,28.571430206298828,20,15.000000953674316,20,23.809524536132813,15.000000953674316,19.047618865966797,29.149564743041992,8589934592,2147483648,4668801024,523567104
205,1771787531071,3504,3504,3504,3504,3504,3504,3504,3504,83.82076263427734,82.6507797241211,81.59606170654297,81.99604797363281,71.75806427001953,81.29295349121094,81.04754638671875,81.81597137451172,83.3915786743164,10,28.571430206298828,13.636363983154297,9.090909004211426,4.545454502105713,0,0,0,29.149564743041992,8589934592,2147483648,4672339968,523567104
207,1771787531277,3504,3504,3504,3504,3504,3504,3504,3504,83.82076263427734,82.6507797241211,81.59606170654297,81.99604797363281,71.75806427001953,81.29295349121094,81.04754638671875,81.81597137451172,83.3915786743164,19.047618865966797,28.571430206298828,10,5.263157844543457,0,0,0,0,29.149564743041992,8589934592,2147483648,4672339968,523567104
205,1771787531485,3504,3504,3504,3504,3504,3504,3504,3504,83.82076263427734,82.6507797241211,81.59606170654297,81.99604797363281,71.75806427001953,81.29295349121094,81.04754638671875,81.81597137451172,83.3915786743164,20,28.571430206298828,15.000000953674316,13.636363983154297,0,0,0,0,29.149564743041992,8589934592,2147483648,4669440000,523567104
209,1771787531691,3504,3504,3504,3504,3504,3504,3504,3504,83.82076263427734,82.6507797241211,81.59606170654297,81.99604797363281,71.75806427001953,81.29295349121094,81.04754638671875,81.81597137451172,83.3915786743164,19.047618865966797,25,14.285715103149414,5,0,0,0,0,27.95795249938965,8589934592,2147483648,4669456384,523567104
206,1771787531902,3504,3504,3504,3504,3504,3504,3504,3504,83.82076263427734,82.6507797241211,81.59606170654297,81.99604797363281,71.75806427001953,81.29295349121094,81.04754638671875,81.81597137451172,83.3915786743164,9.523809432983398,23.809524536132813,9.523809432983398,4.761904716491699,0,4.545454502105713,0,0,27.95795249938965,8589934592,2147483648,4669456384,523567104
199,1771787532109,3504,3504,3504,3504,3504,3504,3504,3504,61.890811920166016,61.53665542602539,60.27574920654297,60.291778564453125,60.447364807128906,60.299217224121094,59.806358337402344,61.115577697753906,61.41721725463867,14.285715103149414,30.000001907348633,13.636363983154297,9.523809432983398,0,0,0,0,27.95795249938965,8589934592,2147483648,4668227584,523567104
209,1771787532309,3504,3504,3504,3504,3504,3504,3504,3504,61.890811920166016,61.53665542602539,60.27574920654297,60.291778564453125,60.447364807128906,60.299217224121094,59.806358337402344,61.115577697753906,61.41721725463867,15.789472579956055,28.571430206298828,5.263157844543457,5.263157844543457,0,0,0,0,27.95795249938965,8589934592,2147483648,4668194816,523567104
208,1771787532518,3504,3504,3504,3504,3504,3504,3504,3504,61.890811920166016,61.53665542602539,60.27574920654297,60.291778564453125,60.447364807128906,60.299217224121094,59.806358337402344,61.115577697753906,61.41721725463867,23.809524536132813,15.789472579956055,19.047618865966797,9.090909004211426,0,0,0,0,27.95795249938965,8589934592,2147483648,4668866560,523567104
206,1771787532727,3504,3504,3504,3504,3504,3504,3504,3504,61.890811920166016,61.53665542602539,60.27574920654297,60.291778564453125,60.447364807128906,60.299217224121094,59.806358337402344,61.115577697753906,61.41721725463867,14.285715103149414,19.047618865966797,15.000000953674316,10,0,0,0,0,12.6083345413208,8589934592,2147483648,4668522496,523567104
209,1771787532934,3504,3504,3504,3504,3504,3504,3504,3504,61.890811920166016,61.53665542602539,60.27574920654297,60.291778564453125,60.447364807128906,60.299217224121094,59.806358337402344,61.115577697753906,61.41721725463867,20,13.636363983154297,19.047618865966797,9.523809432983398,0,0,0,0,12.6083345413208,8589934592,2147483648,4668522496,523567104
208,1771787533144,3504,3504,3504,3504,3504,3504,3504,3504,58.23176574707031,57.72137451171875,56.576324462890625,56.60137176513672,56.728553771972656,56.68122100830078,56.18095397949219,57.44755935668945,57.69097137451172,33.333335876464844,14.285715103149414,19.047618865966797,9.523809432983398,0,0,0,0,12.6083345413208,8589934592,2147483648,4668522496,523567104
207,1771787533353,3504,3504,3504,3504,3504,3504,3504,3504,58.23176574707031,57.72137451171875,56.576324462890625,56.60137176513672,56.728553771972656,56.68122100830078,56.18095397949219,57.44755935668945,57.69097137451172,19.047618865966797,20,20,10,0,0,0,0,12.6083345413208,8589934592,2147483648,4668522496,523567104
206,1771787533561,3504,3504,3504,3504,3504,3504,3504,3504,58.23176574707031,57.72137451171875,56.576324462890625,56.60137176513672,56.728553771972656,56.68122100830078,56.18095397949219,57.44755935668945,57.69097137451172,10,19.047618865966797,18.18181800842285,9.523809432983398,0,0,0,0,10.95137882232666,8589934592,2147483648,4668751872,523567104
209,1771787533767,3504,3504,3504,3504,3504,3504,3504,3504,58.23176574707031,57.72137451171875,56.576324462890625,56.60137176513672,56.728553771972656,56.68122100830078,56.18095397949219,57.44755935668945,57.69097137451172,14.285715103149414,20,20,9.523809432983398,0,0,0,0,10.95137882232666,8589934592,2147483648,4668473344,523567104
209,1771787533977,3504,3504,3504,3504,3504,3504,3504,3504,58.23176574707031,57.72137451171875,56.576324462890625,56.60137176513672,56.728553771972656,56.68122100830078,56.18095397949219,57.44755935668945,57.69097137451172,14.285715103149414,14.285715103149414,19.047618865966797,5,0,0,0,0,10.95137882232666,8589934592,2147483648,4668489728,523567104
206,1771787534187,3504,3504,3504,3504,3504,3504,3504,3504,56.299949645996094,56.05526351928711,54.6217041015625,54.65045166015625,54.9378776550293,54.63306427001953,54.310302734375,55.57864761352539,55.75474548339844,15.000000953674316,19.047618865966797,28.571430206298828,13.636363983154297,0,0,0,0,10.95137882232666,8589934592,2147483648,4668456960,523567104
205,1771787534394,3504,3504,3504,3504,3504,3504,3504,3504,56.299949645996094,56.05526351928711,54.6217041015625,54.65045166015625,54.9378776550293,54.63306427001953,54.310302734375,55.57864761352539,55.75474548339844,19.047618865966797,14.285715103149414,25,9.523809432983398,0,0,0,0,10.95137882232666,8589934592,2147483648,4668604416,523567104
200,1771787534600,3504,3504,3504,3504,3504,3504,3504,3504,56.299949645996094,56.05526351928711,54.6217041015625,54.65045166015625,54.9378776550293,54.63306427001953,54.310302734375,55.57864761352539,55.75474548339844,23.809524536132813,10,15.000000953674316,10,0,0,0,0,10.92379093170166,8589934592,2147483648,4668588032,523567104
204,1771787534800,3504,3504,3504,3504,3504,3504,3504,3504,56.299949645996094,56.05526351928711,54.6217041015625,54.65045166015625,54.9378776550293,54.63306427001953,54.310302734375,55.57864761352539,55.75474548339844,20,10,15.000000953674316,10,5,5,5,0,10.92379093170166,8589934592,2147483648,4668620800,523567104
208,1771787535005,3504,3504,3504,3504,3504,3504,3504,3504,56.299949645996094,56.05526351928711,54.6217041015625,54.65045166015625,54.9378776550293,54.63306427001953,54.310302734375,55.57864761352539,55.75474548339844,25,10,13.636363983154297,15.000000953674316,0,0,0,0,10.92379093170166,8589934592,2147483648,4668686336,523567104
203,1771787535215,3504,3504,3504,3504,3504,3504,3504,3504,54.979034423828125,54.63555908203125,53.32676696777344,53.37322235107422,53.66976547241211,53.52726745605469,53.135826110839844,54.31723403930664,54.444732666015625,23.809524536132813,19.047618865966797,5.263157844543457,19.047618865966797,0,0,0,0,10.92379093170166,8589934592,2147483648,4668702720,523567104
209,1771787535419,3504,3504,3504,3504,3504,3504,3504,3504,54.979034423828125,54.63555908203125,53.32676696777344,53.37322235107422,53.66976547241211,53.52726745605469,53.135826110839844,54.31723403930664,54.444732666015625,20,19.047618865966797,14.285715103149414,20,0,0,0,0,10.92379093170166,8589934592,2147483648,4668588032,523567104
200,1771787535629,3504,3504,3504,3504,3504,3504,3504,3504,54.979034423828125,54.63555908203125,53.32676696777344,53.37322235107422,53.66976547241211,53.52726745605469,53.135826110839844,54.31723403930664,54.444732666015625,19.047618865966797,19.047618865966797,9.523809432983398,18.18181800842285,0,0,0,0,9.88677978515625,8589934592,2147483648,4668604416,523567104
208,1771787535830,3504,3504,3504,3504,3504,3504,3504,3504,54.979034423828125,54.63555908203125,53.32676696777344,53.37322235107422,53.66976547241211,53.52726745605469,53.135826110839844,54.31723403930664,54.444732666015625,57.894737243652344,52.6315803527832,50,55,70,65,60.000003814697266,57.142860412597656,9.88677978515625,8589934592,2147483648,4716150784,523567104
204,1771787536039,3504,3504,3504,3504,3504,3504,3504,3504,60.213722229003906,59.626060485839844,58.446998596191406,58.589813232421875,54.749759674072266,58.490699768066406,58.35083770751953,59.08399963378906,59.958526611328125,68.18181610107422,70,66.66667175292969,70,85.71428680419922,85.71428680419922,80.95238494873047,90,9.88677978515625,8589934592,2147483648,4665720832,523567104
213,1771787536244,3504,3504,3504,3504,3504,3504,3504,3504,60.213722229003906,59.626060485839844,58.446998596191406,58.589813232421875,54.749759674072266,58.490699768066406,58.35083770751953,59.08399963378906,59.958526611328125,75,71.42857360839844,70,70,90,85,90,80,9.88677978515625,8589934592,2147483648,4699570176,523567104
202,1771787536458,3504,3504,3504,3504,3504,3504,3504,3504,60.213722229003906,59.626060485839844,58.446998596191406,58.589813232421875,54.749759674072266,58.490699768066406,58.35083770751953,59.08399963378906,59.958526611328125,72.7272720336914,72.7272720336914,68.18181610107422,68.18181610107422,81.81818389892578,90.90909576416016,86.36363983154297,77.2727279663086,9.88677978515625,8589934592,2147483648,4673830912,523567104
209,1771787536660,3504,3504,3504,3504,3504,3504,3504,3504,60.213722229003906,59.626060485839844,58.446998596191406,58.589813232421875,54.749759674072266,58.490699768066406,58.35083770751953,59.08399963378906,59.958526611328125,75,68.42105102539063,70,70,90,90,80.95238494873047,80,9.798453330993652,8589934592,2147483648,4691132416,523567104
206,1771787536870,3504,3504,3504,3504,3504,3504,3504,3504,60.213722229003906,59.626060485839844,58.446998596191406,58.589813232421875,54.749759674072266,58.490699768066406,58.35083770751953,59.08399963378906,59.958526611328125,70,68.18181610107422,66.66667175292969,66.66667175292969,80.95238494873047,86.36363983154297,80,85.71428680419922,9.798453330993652,8589934592,2147483648,4674551808,523567104
209,1771787537077,3504,3504,3504,3504,3504,3504,3504,3504,82.00210571289063,79.96968841552734,79.19327545166016,80.11479187011719,65.72001647949219,78.98579406738281,79.12844848632813,79.4326400756836,81.28517150878906,71.42857360839844,66.66667175292969,66.66667175292969,66.66667175292969,90,80,80.95238494873047,80.95238494873047,9.798453330993652,8589934592,2147483648,4665344000,523567104
206,1771787537287,3504,3504,3504,3504,3504,3504,3504,3504,82.00210571289063,79.96968841552734,79.19327545166016,80.11479187011719,65.72001647949219,78.98579406738281,79.12844848632813,79.4326400756836,81.28517150878906,66.66667175292969,70,65,66.66667175292969,85.71428680419922,80.95238494873047,85.71428680419922,80.95238494873047,9.798453330993652,8589934592,2147483648,4697423872,523567104
209,1771787537493,3504,3504,3504,3504,3504,3504,3504,3504,82.00210571289063,79.96968841552734,79.19327545166016,80.11479187011719,65.72001647949219,78.98579406738281,79.12844848632813,79.4326400756836,81.28517150878906,72.7272720336914,76.19047546386719,71.42857360839844,71.42857360839844,85.71428680419922,90,85.71428680419922,85.71428680419922,9.798453330993652,8589934592,2147483648,4673519616,523567104
206,1771787537703,3504,3504,3504,3504,3504,3504,3504,3504,82.00210571289063,79.96968841552734,79.19327545166016,80.11479187011719,65.72001647949219,78.98579406738281,79.12844848632813,79.4326400756836,81.28517150878906,68.42105102539063,71.42857360839844,66.66667175292969,65,86.36363983154297,90.47618865966797,80.95238494873047,80.95238494873047,23.02800750732422,8589934592,2147483648,4722032640,523567104
202,1771787537910,3504,3504,3504,3504,3504,3504,3504,3504,82.00210571289063,79.96968841552734,79.19327545166016,80.11479187011719,65.72001647949219,78.98579406738281,79.12844848632813,79.4326400756836,81.28517150878906,68.18181610107422,71.42857360839844,66.66667175292969,65,85,80,80.95238494873047,85,23.02800750732422,8589934592,2147483648,4663148544,523567104
209,1771787538113,3504,3504,3504,3504,3504,3504,3504,3504,85.69271850585938,83.90535736083984,83.09201049804688,83.87753295898438,69.41122436523438,83.02243041992188,83.30945587158203,83.31446075439453,85.70858001708984,73.68421173095703,65,68.42105102539063,66.66667175292969,80,85.71428680419922,80,90,23.02800750732422,8589934592,2147483648,4672421888,523567104
203,1771787538323,3504,3504,3504,3504,3504,3504,3504,3504,85.69271850585938,83.90535736083984,83.09201049804688,83.87753295898438,69.41122436523438,83.02243041992188,83.30945587158203,83.31446075439453,85.70858001708984,76.19047546386719,76.19047546386719,71.42857360839844,70,95.23809814453125,85,85.71428680419922,85.71428680419922,23.02800750732422,8589934592,2147483648,4678778880,523567104
204,1771787538529,3504,3504,3504,3504,3504,3504,3504,3504,85.69271850585938,83.90535736083984,83.09201049804688,83.87753295898438,69.41122436523438,83.02243041992188,83.30945587158203,83.31446075439453,85.70858001708984,71.42857360839844,71.42857360839844,71.42857360839844,72.7272720336914,85.71428680419922,81.81818389892578,84.21052551269531,85.71428680419922,27.81308937072754,8589934592,2147483648,4692754432,523567104
209,1771787538734,3504,3504,3504,3504,3504,3504,3504,3504,85.69271850585938,83.90535736083984,83.09201049804688,83.87753295898438,69.41122436523438,83.02243041992188,83.30945587158203,83.31446075439453,85.70858001708984,75,68.42105102539063,66.66667175292969,70,90,89.47368621826172,80.95238494873047,85.71428680419922,27.81308937072754,8589934592,2147483648,4684922880,523567104
209,1771787538944,3504,3504,3504,3504,3504,3504,3504,3504,85.69271850585938,83.90535736083984,83.09201049804688,83.87753295898438,69.41122436523438,83.02243041992188,83.30945587158203,83.31446075439453,85.70858001708984,77.2727279663086,71.42857360839844,75,70,85.71428680419922,85.71428680419922,85.71428680419922,90.47618865966797,27.81308937072754,8589934592,2147483648,4690427904,523567104
210,1771787539153,3504,3504,3504,3504,3504,3504,3504,3504,87.92897033691406,86.48247528076172,85.52597045898438,86.18222045898438,71.57518005371094,85.3603515625,85.80793762207031,85.59504699707031,88.37810516357422,71.42857360839844,68.18181610107422,63.6363639831543,68.18181610107422,86.36363983154297,81.81818389892578,81.81818389892578,90.47618865966797,27.81308937072754,8589934592,2147483648,4683317248,523567104
207,1771787539364,3504,3504,3504,3504,3504,3504,3504,3504,87.92897033691406,86.48247528076172,85.52597045898438,86.18222045898438,71.57518005371094,85.3603515625,85.80793762207031,85.59504699707031,88.37810516357422,75,71.42857360839844,70,66.66667175292969,85,85,90,85,27.81308937072754,8589934592,2147483648,4723261440,523567104
204,1771787539572,3504,3504,3504,3504,3504,3504,3504,3504,87.92897033691406,86.48247528076172,85.52597045898438,86.18222045898438,71.57518005371094,85.3603515625,85.80793762207031,85.59504699707031,88.37810516357422,76.19047546386719,70,72.7272720336914,71.42857360839844,90,81.81818389892578,85.71428680419922,85,27.29337501525879,8589934592,2147483648,4725211136,523567104
213,1771787539777,3504,3504,3504,3504,3504,3504,3504,3504,87.92897033691406,86.48247528076172,85.52597045898438,86.18222045898438,71.57518005371094,85.3603515625,85.80793762207031,85.59504699707031,88.37810516357422,66.66667175292969,68.18181610107422,65,65,85.71428680419922,90,85.71428680419922,80.95238494873047,27.29337501525879,8589934592,2147483648,4722229248,523567104
210,1771787539991,3504,3504,3504,3504,3504,3504,3504,3504,87.92897033691406,86.48247528076172,85.52597045898438,86.18222045898438,71.57518005371094,85.3603515625,85.80793762207031,85.59504699707031,88.37810516357422,76.19047546386719,68.42105102539063,72.7272720336914,68.18181610107422,86.36363983154297,86.36363983154297,85.71428680419922,81.81818389892578,27.29337501525879,8589934592,2147483648,4667523072,523567104
208,1771787540202,3504,3504,3504,3504,3504,3504,3504,3504,89.87420654296875,88.14212036132813,87.30790710449219,88.09638977050781,73.03727722167969,87.19759368896484,87.2509536743164,87.58546447753906,89.69404602050781,70,72.7272720336914,78.94737243652344,71.42857360839844,90.47618865966797,85.71428680419922,85.71428680419922,80.95238494873047,27.29337501525879,8589934592,2147483648,4677369856,523567104
209,1771787540411,3504,3504,3504,3504,3504,3504,3504,3504,89.87420654296875,88.14212036132813,87.30790710449219,88.09638977050781,73.03727722167969,87.19759368896484,87.2509536743164,87.58546447753906,89.69404602050781,71.42857360839844,71.42857360839844,69.56521606445313,70,90.47618865966797,80,85.71428680419922,85.71428680419922,27.29337501525879,8589934592,2147483648,4667555840,523567104
206,1771787540620,3504,3504,3504,3504,3504,3504,3504,3504,89.87420654296875,88.14212036132813,87.30790710449219,88.09638977050781,73.03727722167969,87.19759368896484,87.2509536743164,87.58546447753906,89.69404602050781,68.18181610107422,61.904762268066406,70,61.904762268066406,85.71428680419922,86.36363983154297,81.81818389892578,85.71428680419922,27.364486694335938,8589934592,2147483648,4713250816,523567104
209,1771787540827,3504,3504,3504,3504,3504,3504,3504,3504,89.87420654296875,88.14212036132813,87.30790710449219,88.09638977050781,73.03727722167969,87.19759368896484,87.2509536743164,87.58546447753906,89.69404602050781,60.000003814697266,61.904762268066406,60.000003814697266,57.142860412597656,71.42857360839844,71.42857360839844,63.15789031982422,66.66667175292969,27.364486694335938,8589934592,2147483648,4692934656,523567104
205,1771787541037,3504,3504,3504,3504,3504,3504,3504,3504,86.04273986816406,85.036376953125,83.85822296142578,84.1872787475586,72.73129272460938,83.11776733398438,83.29559326171875,83.61060333251953,85.7386474609375,19.047618865966797,14.285715103149414,9.090909004211426,0,0,0,4.545454502105713,0,27.364486694335938,8589934592,2147483648,4676009984,523567104
209,1771787541244,3504,3504,3504,3504,3504,3504,3504,3504,86.04273986816406,85.036376953125,83.85822296142578,84.1872787475586,72.73129272460938,83.11776733398438,83.29559326171875,83.61060333251953,85.7386474609375,23.809524536132813,28.571430206298828,15.000000953674316,14.285715103149414,0,0,0,0,27.364486694335938,8589934592,2147483648,4677468160,523567104
209,1771787541454,3504,3504,3504,3504,3504,3504,3504,3504,86.04273986816406,85.036376953125,83.85822296142578,84.1872787475586,72.73129272460938,83.11776733398438,83.29559326171875,83.61060333251953,85.7386474609375,15.000000953674316,15.789472579956055,14.285715103149414,5,0,0,0,0,27.364486694335938,8589934592,2147483648,4674568192,523567104
209,1771787541664,3504,3504,3504,3504,3504,3504,3504,3504,86.04273986816406,85.036376953125,83.85822296142578,84.1872787475586,72.73129272460938,83.11776733398438,83.29559326171875,83.61060333251953,85.7386474609375,19.047618865966797,18.18181800842285,19.047618865966797,13.636363983154297,0,0,0,0,27.873319625854492,8589934592,2147483648,4674584576,523567104
202,1771787541874,3504,3504,3504,3504,3504,3504,3504,3504,86.04273986816406,85.036376953125,83.85822296142578,84.1872787475586,72.73129272460938,83.11776733398438,83.29559326171875,83.61060333251953,85.7386474609375,15.000000953674316,23.809524536132813,19.047618865966797,5,0,0,0,0,27.873319625854492,8589934592,2147483648,4674584576,523567104
204,1771787542078,3504,3504,3504,3504,3504,3504,3504,3504,62.6968994140625,62.35103225708008,61.045570373535156,60.97344207763672,61.18294906616211,61.03667449951172,60.632652282714844,61.886817932128906,62.21504211425781,15.000000953674316,15.789472579956055,19.047618865966797,10,0,0,0,0,27.873319625854492,8589934592,2147483648,4674437120,523567104
200,1771787542283,3504,3504,3504,3504,3504,3504,3504,3504,62.6968994140625,62.35103225708008,61.045570373535156,60.97344207763672,61.18294906616211,61.03667449951172,60.632652282714844,61.886817932128906,62.21504211425781,19.047618865966797,14.285715103149414,30.000001907348633,14.285715103149414,0,0,0,0,27.873319625854492,8589934592,2147483648,4671864832,523567104
209,1771787542484,3504,3504,3504,3504,3504,3504,3504,3504,62.6968994140625,62.35103225708008,61.045570373535156,60.97344207763672,61.18294906616211,61.03667449951172,60.632652282714844,61.886817932128906,62.21504211425781,23.809524536132813,19.047618865966797,21.052631378173828,10,0,0,0,0,27.873319625854492,8589934592,2147483648,4672045056,523567104
199,1771787542694,3504,3504,3504,3504,3504,3504,3504,3504,62.6968994140625,62.35103225708008,61.045570373535156,60.97344207763672,61.18294906616211,61.03667449951172,60.632652282714844,61.886817932128906,62.21504211425781,9.523809432983398,10,23.809524536132813,4.761904716491699,0,0,0,0,13.007320404052734,8589934592,2147483648,4671750144,523567104
209,1771787542894,3504,3504,3504,3504,3504,3504,3504,3504,62.6968994140625,62.35103225708008,61.045570373535156,60.97344207763672,61.18294906616211,61.03667449951172,60.632652282714844,61.886817932128906,62.21504211425781,15.789472579956055,15.000000953674316,30.000001907348633,15.000000953674316,0,0,0,0,13.007320404052734,8589934592,2147483648,4672045056,523567104
205,1771787543104,3504,3504,3504,3504,3504,3504,3504,3504,58.69932556152344,58.14717102050781,57.070159912109375,56.9818115234375,57.22737503051758,57.1932373046875,56.704734802246094,57.88371658325195,58.17112350463867,14.285715103149414,19.047618865966797,18.18181800842285,4.761904716491699,0,0,0,0,13.007320404052734,8589934592,2147483648,4672012288,523567104
209,1771787543310,3504,3504,3504,3504,3504,3504,3504,3504,58.69932556152344,58.14717102050781,57.070159912109375,56.9818115234375,57.22737503051758,57.1932373046875,56.704734802246094,57.88371658325195,58.17112350463867,23.809524536132813,15.000000953674316,20,10,0,0,0,0,13.007320404052734,8589934592,2147483648,4671602688,523567104
208,1771787543521,3504,3504,3504,3504,3504,3504,3504,3504,58.69932556152344,58.14717102050781,57.070159912109375,56.9818115234375,57.22737503051758,57.1932373046875,56.704734802246094,57.88371658325195,58.17112350463867,25,19.047618865966797,10,9.523809432983398,0,0,0,0,10.351696014404297,8589934592,2147483648,4671684608,523567104
209,1771787543729,3504,3504,3504,3504,3504,3504,3504,3504,58.69932556152344,58.14717102050781,57.070159912109375,56.9818115234375,57.22737503051758,57.1932373046875,56.704734802246094,57.88371658325195,58.17112350463867,19.047618865966797,22.72727394104004,9.523809432983398,9.523809432983398,0,0,0,0,10.351696014404297,8589934592,2147483648,4671700992,523567104
202,1771787543939,3504,3504,3504,3504,3504,3504,3504,3504,58.69932556152344,58.14717102050781,57.070159912109375,56.9818115234375,57.22737503051758,57.1932373046875,56.704734802246094,57.88371658325195,58.17112350463867,19.047618865966797,20,13.636363983154297,9.523809432983398,4.545454502105713,0,0,4.545454502105713,10.351696014404297,8589934592,2147483648,4671700992,523567104
10,1771787544142,3504,3504,3504,3504,3504,3504,3504,3504,56.833778381347656,56.43769454956055,55.06886291503906,54.967933654785156,55.30281448364258,55.066429138183594,54.771446228027344,56.02231216430664,56.15626907348633,15.000000953674316,30.000001907348633,5.263157844543457,5,0,0,0,0,10.351696014404297,8589934592,2147483648,4671045632,523567104
