Delta,Time,CPU_FREQUENCY_0,CPU_FREQUENCY_1,CPU_FREQUENCY_2,CPU_FREQUENCY_3,CPU_FREQUENCY_4,CPU_FREQUENCY_5,CPU_FREQUENCY_6,CPU_FREQUENCY_7,CPU_TEMP_0,CPU_TEMP_1,CPU_TEMP_2,CPU_TEMP_3,CPU_TEMP_4,CPU_TEMP_5,CPU_TEMP_6,CPU_TEMP_7,CPU_TEMP_8,CPU_USAGE_0,CPU_USAGE_1,CPU_USAGE_2,CPU_USAGE_3,CPU_USAGE_4,CPU_USAGE_5,CPU_USAGE_6,CPU_USAGE_7,SYSTEM_POWER (Watts),TOTAL_MEMORY,TOTAL_SWAP,USED_MEMORY,USED_SWAP
0,1771789900348,3504,3504,3504,3504,3504,3504,3504,3504,88.97988891601563,87.24154663085938,85.64051055908203,86.44941711425781,72.35565948486328,85.31373596191406,85.401123046875,86.45674896240234,88.54407501220703,100,100,100,NaN,100,100,100,100,25.29880714416504,8589934592,2147483648,4922327040,515178496
209,1771789900348,3504,3504,3504,3504,3504,3504,3504,3504,88.97988891601563,87.24154663085938,85.64051055908203,86.44941711425781,72.35565948486328,85.31373596191406,85.401123046875,86.45674896240234,88.54407501220703,50,50,0,100,100,NaN,NaN,NaN,25.29880714416504,8589934592,2147483648,4939251712,515178496
203,1771789900558,3504,3504,3504,3504,3504,3504,3504,3504,88.97988891601563,87.24154663085938,85.64051055908203,86.44941711425781,72.35565948486328,85.31373596191406,85.401123046875,86.45674896240234,88.54407501220703,80,76.19047546386719,75,75,85.71428680419922,95.23809814453125,90.90909576416016,86.36363983154297,26.896995544433594,8589934592,2147483648,4933550080,515178496
209,1771789900761,3504,3504,3504,3504,3504,3504,3504,3504,88.97988891601563,87.24154663085938,85.64051055908203,86.44941711425781,72.35565948486328,85.31373596191406,85.401123046875,86.45674896240234,88.54407501220703,80.95238494873047,78.94737243652344,80,76.19047546386719,95,95,94.73684692382813,94.73684692382813,26.896995544433594,8589934592,2147483648,4944396288,515178496
209,1771789900971,3504,3504,3504,3504,3504,3504,3504,3504,88.97988891601563,87.24154663085938,85.64051055908203,86.44941711425781,72.35565948486328,85.31373596191406,85.401123046875,86.45674896240234,88.54407501220703,80,80.95238494873047,76.19047546386719,75,90.47618865966797,90.90909576416016,86.9565200805664,86.36363983154297,26.896995544433594,8589934592,2147483648,4940038144,515178496
204,1771789901181,3504,3504,3504,3504,3504,3504,3504,3504,91.700927734375,89.81317901611328,88.39044189453125,89.34246063232422,73.85115814208984,88.08853912353516,88.2403793334961,88.92406463623047,91.23993682861328,80.95238494873047,76.19047546386719,77.2727279663086,76.19047546386719,90.47618865966797,90.47618865966797,90,85.71428680419922,26.896995544433594,8589934592,2147483648,4677189632,515178496
204,1771789901386,3504,3504,3504,3504,3504,3504,3504,3504,91.700927734375,89.81317901611328,88.39044189453125,89.34246063232422,73.85115814208984,88.08853912353516,88.2403793334961,88.92406463623047,91.23993682861328,66.66667175292969,65,66.66667175292969,70,76.19047546386719,90,80.95238494873047,75,26.896995544433594,8589934592,2147483648,4728406016,515178496
203,1771789901591,3504,3504,3504,3504,3504,3504,3504,3504,91.700927734375,89.81317901611328,88.39044189453125,89.34246063232422,73.85115814208984,88.08853912353516,88.2403793334961,88.92406463623047,91.23993682861328,75,71.42857360839844,73.68421173095703,72.7272720336914,90,85.71428680419922,85,90.47618865966797,28.732219696044922,8589934592,2147483648,4737695744,515178496
208,1771789901794,3504,3504,3504,3504,3504,3504,3504,3504,91.700927734375,89.81317901611328,88.39044189453125,89.34246063232422,73.85115814208984,88.08853912353516,88.2403793334961,88.92406463623047,91.23993682861328,70,71.42857360839844,71.42857360839844,73.68421173095703,90,90,85,85,28.732219696044922,8589934592,2147483648,4712300544,515178496
209,1771789902003,3504,3504,3504,3504,3504,3504,3504,3504,91.700927734375,89.81317901611328,88.39044189453125,89.34246063232422,73.85115814208984,88.08853912353516,88.2403793334961,88.92406463623047,91.23993682861328,80,80.95238494873047,75,76.19047546386719,90.47618865966797,85.71428680419922,80.95238494873047,90.47618865966797,28.732219696044922,8589934592,2147483648,4773216256,515178496
210,1771789902213,3504,3504,3504,3504,3504,3504,3504,3504,91.80763244628906,89.9484634399414,88.81835174560547,89.659912109375,74.33309173583984,88.08687591552734,88.5031967163086,88.53217315673828,91.35185241699219,73.91304016113281,75,68.18181610107422,71.42857360839844,85.71428680419922,85.71428680419922,90.47618865966797,85.71428680419922,28.732219696044922,8589934592,2147483648,4767842304,515178496
209,1771789902423,3504,3504,3504,3504,3504,3504,3504,3504,91.80763244628906,89.9484634399414,88.81835174560547,89.659912109375,74.33309173583984,88.08687591552734,88.5031967163086,88.53217315673828,91.35185241699219,75,72.7272720336914,65,71.42857360839844,90.47618865966797,80.95238494873047,85,80.95238494873047,28.732219696044922,8589934592,2147483648,4779769856,515178496
209,1771789902633,3504,3504,3504,3504,3504,3504,3504,3504,91.80763244628906,89.9484634399414,88.81835174560547,89.659912109375,74.33309173583984,88.08687591552734,88.5031967163086,88.53217315673828,91.35185241699219,76.19047546386719,75,76.19047546386719,72.7272720336914,95.23809814453125,85.71428680419922,90.90909576416016,85.71428680419922,27.92203140258789,8589934592,2147483648,4749049856,515178496
209,1771789902843,3504,3504,3504,3504,3504,3504,3504,3504,91.80763244628906,89.9484634399414,88.81835174560547,89.659912109375,74.33309173583984,88.08687591552734,88.5031967163086,88.53217315673828,91.35185241699219,76.19047546386719,76.19047546386719,71.42857360839844,73.68421173095703,95.23809814453125,90,86.36363983154297,81.81818389892578,27.92203140258789,8589934592,2147483648,4720263168,515178496
209,1771789903053,3504,3504,3504,3504,3504,3504,3504,3504,92.15731048583984,90.85910034179688,89.6313705444336,90.22537231445313,75.04862976074219,89.43074798583984,89.43257904052734,89.99494934082031,92.09441375732422,76.19047546386719,71.42857360839844,71.42857360839844,72.7272720336914,81.81818389892578,85.71428680419922,90,85,27.92203140258789,8589934592,2147483648,4717494272,515178496
211,1771789903263,3504,3504,3504,3504,3504,3504,3504,3504,92.15731048583984,90.85910034179688,89.6313705444336,90.22537231445313,75.04862976074219,89.43074798583984,89.43257904052734,89.99494934082031,92.09441375732422,76.19047546386719,66.66667175292969,71.42857360839844,66.66667175292969,90,85.71428680419922,80.95238494873047,85,27.92203140258789,8589934592,2147483648,4716707840,515178496
209,1771789903475,3504,3504,3504,3504,3504,3504,3504,3504,92.15731048583984,90.85910034179688,89.6313705444336,90.22537231445313,75.04862976074219,89.43074798583984,89.43257904052734,89.99494934082031,92.09441375732422,71.42857360839844,68.42105102539063,71.42857360839844,71.42857360839844,90.90909576416016,82.60869598388672,90,81.81818389892578,27.92203140258789,8589934592,2147483648,4719558656,515178496
208,1771789903685,3504,3504,3504,3504,3504,3504,3504,3504,92.15731048583984,90.85910034179688,89.6313705444336,90.22537231445313,75.04862976074219,89.43074798583984,89.43257904052734,89.99494934082031,92.09441375732422,71.42857360839844,69.56521606445313,66.66667175292969,66.66667175292969,85,90,80.95238494873047,85.71428680419922,27.037128448486328,8589934592,2147483648,4713267200,515178496
209,1771789903894,3504,3504,3504,3504,3504,3504,3504,3504,92.15731048583984,90.85910034179688,89.6313705444336,90.22537231445313,75.04862976074219,89.43074798583984,89.43257904052734,89.99494934082031,92.09441375732422,75,76.19047546386719,76.19047546386719,71.42857360839844,85.71428680419922,85.71428680419922,81.81818389892578,90,27.037128448486328,8589934592,2147483648,4713267200,515178496
201,1771789904104,3504,3504,3504,3504,3504,3504,3504,3504,92.69607543945313,91.19324493408203,90.0427474975586,90.75225067138672,75.54473114013672,89.67627716064453,89.92823028564453,90.1748046875,92.69239044189453,72.7272720336914,71.42857360839844,70,75,86.36363983154297,90,90.47618865966797,81.81818389892578,27.037128448486328,8589934592,2147483648,4713218048,515178496
207,1771789904305,3504,3504,3504,3504,3504,3504,3504,3504,92.69607543945313,91.19324493408203,90.0427474975586,90.75225067138672,75.54473114013672,89.67627716064453,89.92823028564453,90.1748046875,92.69239044189453,75,75,71.42857360839844,71.42857360839844,89.47368621826172,85,90,85,27.037128448486328,8589934592,2147483648,4706811904,515178496
209,1771789904513,3504,3504,3504,3504,3504,3504,3504,3504,92.69607543945313,91.19324493408203,90.0427474975586,90.75225067138672,75.54473114013672,89.67627716064453,89.92823028564453,90.1748046875,92.69239044189453,71.42857360839844,70,71.42857360839844,76.19047546386719,85,81.81818389892578,80.95238494873047,95.23809814453125,29.636629104614258,8589934592,2147483648,4765515776,515178496
201,1771789904723,3504,3504,3504,3504,3504,3504,3504,3504,92.69607543945313,91.19324493408203,90.0427474975586,90.75225067138672,75.54473114013672,89.67627716064453,89.92823028564453,90.1748046875,92.69239044189453,75,71.42857360839844,75,70,90.90909576416016,90,85.71428680419922,80.95238494873047,29.636629104614258,8589934592,2147483648,4765515776,515178496
209,1771789904925,3504,3504,3504,3504,3504,3504,3504,3504,92.69607543945313,91.19324493408203,90.0427474975586,90.75225067138672,75.54473114013672,89.67627716064453,89.92823028564453,90.1748046875,92.69239044189453,71.42857360839844,70,75,71.42857360839844,85,80.95238494873047,84.21052551269531,85.71428680419922,29.636629104614258,8589934592,2147483648,4765515776,515178496
206,1771789905135,3504,3504,3504,3504,3504,3504,3504,3504,93.30455017089844,91.99309539794922,90.84342956542969,91.37139129638672,76.16535949707031,90.24141693115234,90.6904296875,90.6953125,93.5449447631836,80,71.42857360839844,76.19047546386719,75,90.47618865966797,90.47618865966797,85.71428680419922,90,29.636629104614258,8589934592,2147483648,4718034944,515178496
216,1771789905341,3504,3504,3504,3504,3504,3504,3504,3504,93.30455017089844,91.99309539794922,90.84342956542969,91.37139129638672,76.16535949707031,90.24141693115234,90.6904296875,90.6953125,93.5449447631836,75,76.19047546386719,71.42857360839844,72.7272720336914,85.71428680419922,89.47368621826172,81.81818389892578,90.47618865966797,29.636629104614258,8589934592,2147483648,4714086400,515178496
216,1771789905558,3504,3504,3504,3504,3504,3504,3504,3504,93.30455017089844,91.99309539794922,90.84342956542969,91.37139129638672,76.16535949707031,90.24141693115234,90.6904296875,90.6953125,93.5449447631836,72.7272720336914,68.18181610107422,72.7272720336914,70,85.71428680419922,86.9565200805664,90.47618865966797,80.95238494873047,27.036022186279297,8589934592,2147483648,4713283584,515178496
209,1771789905774,3504,3504,3504,3504,3504,3504,3504,3504,93.30455017089844,91.99309539794922,90.84342956542969,91.37139129638672,76.16535949707031,90.24141693115234,90.6904296875,90.6953125,93.5449447631836,77.2727279663086,77.2727279663086,76.19047546386719,72.7272720336914,86.36363983154297,86.36363983154297,90.90909576416016,81.81818389892578,27.036022186279297,8589934592,2147483648,4712235008,515178496
207,1771789905984,3504,3504,3504,3504,3504,3504,3504,3504,93.30455017089844,91.99309539794922,90.84342956542969,91.37139129638672,76.16535949707031,90.24141693115234,90.6904296875,90.6953125,93.5449447631836,71.42857360839844,70,71.42857360839844,76.19047546386719,85.71428680419922,85,80.95238494873047,90.47618865966797,27.036022186279297,8589934592,2147483648,4712218624,515178496
215,1771789906191,3504,3504,3504,3504,3504,3504,3504,3504,93.88154602050781,92.07783508300781,91.01436614990234,91.7623519897461,76.59036254882813,90.97273254394531,91.121337890625,91.62669372558594,94.0434799194336,75,71.42857360839844,71.42857360839844,70,90.47618865966797,90.47618865966797,85,85,27.036022186279297,8589934592,2147483648,4712316928,515178496
203,1771789906408,3504,3504,3504,3504,3504,3504,3504,3504,93.88154602050781,92.07783508300781,91.01436614990234,91.7623519897461,76.59036254882813,90.97273254394531,91.121337890625,91.62669372558594,94.0434799194336,72.7272720336914,71.42857360839844,68.18181610107422,72.7272720336914,80.95238494873047,95.23809814453125,81.81818389892578,85.71428680419922,27.036022186279297,8589934592,2147483648,4712300544,515178496
209,1771789906612,3504,3504,3504,3504,3504,3504,3504,3504,93.88154602050781,92.07783508300781,91.01436614990234,91.7623519897461,76.59036254882813,90.97273254394531,91.121337890625,91.62669372558594,94.0434799194336,71.42857360839844,71.42857360839844,70,70,85.71428680419922,86.36363983154297,90,80.95238494873047,28.482189178466797,8589934592,2147483648,4672782336,515178496
204,1771789906822,3504,3504,3504,3504,3504,3504,3504,3504,93.88154602050781,92.07783508300781,91.01436614990234,91.7623519897461,76.59036254882813,90.97273254394531,91.121337890625,91.62669372558594,94.0434799194336,80,76.19047546386719,76.19047546386719,76.19047546386719,90.47618865966797,90.47618865966797,86.36363983154297,85.71428680419922,28.482189178466797,8589934592,2147483648,4671963136,515178496
209,1771789907026,3504,3504,3504,3504,3504,3504,3504,3504,95.01921844482422,93.14964294433594,91.92118835449219,92.73918914794922,77.12193298339844,91.34298706054688,91.332763671875,92.11511993408203,94.25724792480469,75,80,75,71.42857360839844,90,89.47368621826172,90,85.71428680419922,28.482189178466797,8589934592,2147483648,4661706752,515178496
202,1771789907236,3504,3504,3504,3504,3504,3504,3504,3504,95.01921844482422,93.14964294433594,91.92118835449219,92.73918914794922,77.12193298339844,91.34298706054688,91.332763671875,92.11511993408203,94.25724792480469,77.2727279663086,75,76.19047546386719,71.42857360839844,90.47618865966797,90.47618865966797,95,80.95238494873047,28.482189178466797,8589934592,2147483648,4662607872,515178496
206,1771789907439,3504,3504,3504,3504,3504,3504,3504,3504,95.01921844482422,93.14964294433594,91.92118835449219,92.73918914794922,77.12193298339844,91.34298706054688,91.332763671875,92.11511993408203,94.25724792480469,73.68421173095703,75,70,71.42857360839844,85,90.47618865966797,85.71428680419922,85.71428680419922,28.482189178466797,8589934592,2147483648,4661526528,515178496
208,1771789907645,3504,3504,3504,3504,3504,3504,3504,3504,95.01921844482422,93.14964294433594,91.92118835449219,92.73918914794922,77.12193298339844,91.34298706054688,91.332763671875,92.11511993408203,94.25724792480469,77.2727279663086,76.19047546386719,71.42857360839844,75,95.23809814453125,85,85,84.21052551269531,28.751888275146484,8589934592,2147483648,4651204608,515178496
207,1771789907854,3504,3504,3504,3504,3504,3504,3504,3504,95.01921844482422,93.14964294433594,91.92118835449219,92.73918914794922,77.12193298339844,91.34298706054688,91.332763671875,92.11511993408203,94.25724792480469,80,71.42857360839844,75,75,90,90,90.47618865966797,85.71428680419922,28.751888275146484,8589934592,2147483648,4653842432,515178496
211,1771789908061,3504,3504,3504,3504,3504,3504,3504,3504,95.72898864746094,94.20968627929688,92.78241729736328,93.52262115478516,77.83940124511719,91.89086151123047,92.08717346191406,92.81112670898438,95.16357421875,80,76.19047546386719,76.19047546386719,76.19047546386719,90.47618865966797,90.47618865966797,86.36363983154297,90.47618865966797,28.751888275146484,8589934592,2147483648,4650631168,515178496
203,1771789908273,3504,3504,3504,3504,3504,3504,3504,3504,95.72898864746094,94.20968627929688,92.78241729736328,93.52262115478516,77.83940124511719,91.89086151123047,92.08717346191406,92.81112670898438,95.16357421875,77.2727279663086,76.19047546386719,77.2727279663086,76.19047546386719,90.90909576416016,86.36363983154297,95,85,28.751888275146484,8589934592,2147483648,4653826048,515178496
209,1771789908477,3504,3504,3504,3504,3504,3504,3504,3504,95.72898864746094,94.20968627929688,92.78241729736328,93.52262115478516,77.83940124511719,91.89086151123047,92.08717346191406,92.81112670898438,95.16357421875,78.94737243652344,75,70,71.42857360839844,90,90,90,85.71428680419922,28.751888275146484,8589934592,2147483648,4650598400,515178496
208,1771789908687,3504,3504,3504,3504,3504,3504,3504,3504,95.72898864746094,94.20968627929688,92.78241729736328,93.52262115478516,77.83940124511719,91.89086151123047,92.08717346191406,92.81112670898438,95.16357421875,77.2727279663086,76.19047546386719,80,75,90,85.71428680419922,90.47618865966797,90.47618865966797,27.493152618408203,8589934592,2147483648,4653760512,515178496
207,1771789908895,3504,3504,3504,3504,3504,3504,3504,3504,95.72898864746094,94.20968627929688,92.78241729736328,93.52262115478516,77.83940124511719,91.89086151123047,92.08717346191406,92.81112670898438,95.16357421875,80.95238494873047,76.19047546386719,77.2727279663086,80.95238494873047,90.47618865966797,90.47618865966797,90,85.71428680419922,27.493152618408203,8589934592,2147483648,4650598400,515178496
201,1771789909103,3504,3504,3504,3504,3504,3504,3504,3504,96.37884521484375,94.85794067382813,93.39449310302734,94.11266326904297,78.46756744384766,93.1769790649414,93.2371597290039,94.11270904541016,96.34727478027344,80.95238494873047,80,75,76.19047546386719,90.47618865966797,90,90.90909576416016,85.71428680419922,27.493152618408203,8589934592,2147483648,4653645824,515178496
206,1771789909305,3504,3504,3504,3504,3504,3504,3504,3504,96.37884521484375,94.85794067382813,93.39449310302734,94.11266326904297,78.46756744384766,93.1769790649414,93.2371597290039,94.11270904541016,96.34727478027344,78.94737243652344,76.19047546386719,75,70,90,90,90,90.47618865966797,27.493152618408203,8589934592,2147483648,4653662208,515178496
207,1771789909512,3504,3504,3504,3504,3504,3504,3504,3504,96.37884521484375,94.85794067382813,93.39449310302734,94.11266326904297,78.46756744384766,93.1769790649414,93.2371597290039,94.11270904541016,96.34727478027344,80.95238494873047,76.19047546386719,71.42857360839844,80,90,90.90909576416016,90.47618865966797,89.47368621826172,28.65085792541504,8589934592,2147483648,4650549248,515178496
209,1771789909719,3504,3504,3504,3504,3504,3504,3504,3504,96.37884521484375,94.85794067382813,93.39449310302734,94.11266326904297,78.46756744384766,93.1769790649414,93.2371597290039,94.11270904541016,96.34727478027344,80.95238494873047,80,76.19047546386719,72.7272720336914,86.36363983154297,95,85.71428680419922,86.36363983154297,28.65085792541504,8589934592,2147483648,4653760512,515178496
200,1771789909928,3504,3504,3504,3504,3504,3504,3504,3504,96.37884521484375,94.85794067382813,93.39449310302734,94.11266326904297,78.46756744384766,93.1769790649414,93.2371597290039,94.11270904541016,96.34727478027344,77.2727279663086,76.19047546386719,75,75,95.23809814453125,85.71428680419922,90,85,28.65085792541504,8589934592,2147483648,4650795008,515178496
209,1771789910129,3504,3504,3504,3504,3504,3504,3504,3504,97.37190246582031,95.50717163085938,94.09745788574219,94.99036407470703,78.98540496826172,93.68565368652344,93.78878784179688,94.55117797851563,96.88245391845703,78.94737243652344,78.94737243652344,80,78.94737243652344,89.47368621826172,90,90,90,28.65085792541504,8589934592,2147483648,4647616512,515178496
200,1771789910340,3504,3504,3504,3504,3504,3504,3504,3504,97.37190246582031,95.50717163085938,94.09745788574219,94.99036407470703,78.98540496826172,93.68565368652344,93.78878784179688,94.55117797851563,96.88245391845703,80,73.91304016113281,76.19047546386719,77.2727279663086,86.36363983154297,90.47618865966797,90.47618865966797,85.71428680419922,28.65085792541504,8589934592,2147483648,4650434560,515178496
200,1771789910540,3504,3504,3504,3504,3504,3504,3504,3504,97.37190246582031,95.50717163085938,94.09745788574219,94.99036407470703,78.98540496826172,93.68565368652344,93.78878784179688,94.55117797851563,96.88245391845703,75,78.94737243652344,75,75,90,95,90.47618865966797,90,28.907039642333984,8589934592,2147483648,4646944768,515178496
209,1771789910741,3504,3504,3504,3504,3504,3504,3504,3504,97.37190246582031,95.50717163085938,94.09745788574219,94.99036407470703,78.98540496826172,93.68565368652344,93.78878784179688,94.55117797851563,96.88245391845703,80.95238494873047,78.94737243652344,75,75,94.73684692382813,90,89.47368621826172,90,28.907039642333984,8589934592,2147483648,4644388864,515178496
206,1771789910951,3504,3504,3504,3504,3504,3504,3504,3504,97.37190246582031,95.50717163085938,94.09745788574219,94.99036407470703,78.98540496826172,93.68565368652344,93.78878784179688,94.55117797851563,96.88245391845703,80,71.42857360839844,76.19047546386719,76.19047546386719,90.47618865966797,85.71428680419922,90.47618865966797,86.36363983154297,28.907039642333984,8589934592,2147483648,4643110912,515178496
199,1771789911158,3504,3504,3504,3504,3504,3504,3504,3504,97.7686538696289,96.05281066894531,94.66716766357422,95.39888763427734,79.46512603759766,94.24166870117188,94.34178161621094,95.15367126464844,97.46351623535156,75,76.19047546386719,76.19047546386719,75,86.36363983154297,90.47618865966797,90.90909576416016,85,28.907039642333984,8589934592,2147483648,4662198272,515178496
210,1771789911358,3504,3504,3504,3504,3504,3504,3504,3504,97.7686538696289,96.05281066894531,94.66716766357422,95.39888763427734,79.46512603759766,94.24166870117188,94.34178161621094,95.15367126464844,97.46351623535156,75,73.68421173095703,75,71.42857360839844,90,90.47618865966797,84.21052551269531,85,28.907039642333984,8589934592,2147483648,4650582016,515178496
211,1771789911568,3504,3504,3504,3504,3504,3504,3504,3504,97.7686538696289,96.05281066894531,94.66716766357422,95.39888763427734,79.46512603759766,94.24166870117188,94.34178161621094,95.15367126464844,97.46351623535156,68.18181610107422,68.18181610107422,65,75,85,85,76.19047546386719,86.36363983154297,28.74896240234375,8589934592,2147483648,4704747520,515178496
209,1771789911780,3504,3504,3504,3504,3504,3504,3504,3504,97.7686538696289,96.05281066894531,94.66716766357422,95.39888763427734,79.46512603759766,94.24166870117188,94.34178161621094,95.15367126464844,97.46351623535156,75,75,72.7272720336914,72.7272720336914,86.36363983154297,90,90.90909576416016,85,28.74896240234375,8589934592,2147483648,4703764480,515178496
201,1771789911990,3504,3504,3504,3504,3504,3504,3504,3504,97.7686538696289,96.05281066894531,94.66716766357422,95.39888763427734,79.46512603759766,94.24166870117188,94.34178161621094,95.15367126464844,97.46351623535156,81.81818389892578,77.2727279663086,85,85,90,90.90909576416016,90.47618865966797,81.81818389892578,28.74896240234375,8589934592,2147483648,4697079808,515178496
209,1771789912191,3504,3504,3504,3504,3504,3504,3504,3504,97.64624786376953,95.7322998046875,94.56076049804688,95.37416076660156,79.54061889648438,93.94406127929688,94.21746826171875,94.72101593017578,97.17654418945313,76.19047546386719,75,75,75,90,90.47618865966797,84.21052551269531,85,28.74896240234375,8589934592,2147483648,4765302784,515178496
208,1771789912401,3504,3504,3504,3504,3504,3504,3504,3504,97.64624786376953,95.7322998046875,94.56076049804688,95.37416076660156,79.54061889648438,93.94406127929688,94.21746826171875,94.72101593017578,97.17654418945313,75,71.42857360839844,71.42857360839844,68.18181610107422,85.71428680419922,85,85.71428680419922,95.23809814453125,28.74896240234375,8589934592,2147483648,4780376064,515178496
207,1771789912610,3504,3504,3504,3504,3504,3504,3504,3504,97.64624786376953,95.7322998046875,94.56076049804688,95.37416076660156,79.54061889648438,93.94406127929688,94.21746826171875,94.72101593017578,97.17654418945313,70,71.42857360839844,71.42857360839844,73.68421173095703,85.71428680419922,95,80.95238494873047,85.71428680419922,28.487363815307617,8589934592,2147483648,4765483008,515178496
206,1771789912818,3504,3504,3504,3504,3504,3504,3504,3504,97.64624786376953,95.7322998046875,94.56076049804688,95.37416076660156,79.54061889648438,93.94406127929688,94.21746826171875,94.72101593017578,97.17654418945313,72.7272720336914,71.42857360839844,71.42857360839844,68.18181610107422,81.81818389892578,81.81818389892578,86.36363983154297,85.71428680419922,28.487363815307617,8589934592,2147483648,4757962752,515178496
210,1771789913025,3504,3504,3504,3504,3504,3504,3504,3504,97.78099822998047,96.02869415283203,94.97489166259766,95.6371078491211,79.8431396484375,94.44376373291016,94.72224426269531,94.95685577392578,97.62610626220703,75,75,75,76.19047546386719,90,95,85.71428680419922,85,28.487363815307617,8589934592,2147483648,4717674496,515178496
210,1771789913235,3504,3504,3504,3504,3504,3504,3504,3504,97.78099822998047,96.02869415283203,94.97489166259766,95.6371078491211,79.8431396484375,94.44376373291016,94.72224426269531,94.95685577392578,97.62610626220703,71.42857360839844,68.18181610107422,71.42857360839844,68.42105102539063,80.95238494873047,85.71428680419922,95,85,28.487363815307617,8589934592,2147483648,4722327552,515178496
210,1771789913446,3504,3504,3504,3504,3504,3504,3504,3504,97.78099822998047,96.02869415283203,94.97489166259766,95.6371078491211,79.8431396484375,94.44376373291016,94.72224426269531,94.95685577392578,97.62610626220703,76.19047546386719,75,76.19047546386719,72.7272720336914,85.71428680419922,90.47618865966797,85,86.36363983154297,28.487363815307617,8589934592,2147483648,4706697216,515178496
201,1771789913656,3504,3504,3504,3504,3504,3504,3504,3504,97.78099822998047,96.02869415283203,94.97489166259766,95.6371078491211,79.8431396484375,94.44376373291016,94.72224426269531,94.95685577392578,97.62610626220703,75,71.42857360839844,71.42857360839844,72.7272720336914,90.47618865966797,86.36363983154297,81.81818389892578,90,27.794689178466797,8589934592,2147483648,4720017408,515178496
208,1771789913858,3504,3504,3504,3504,3504,3504,3504,3504,97.78099822998047,96.02869415283203,94.97489166259766,95.6371078491211,79.8431396484375,94.44376373291016,94.72224426269531,94.95685577392578,97.62610626220703,71.42857360839844,71.42857360839844,66.66667175292969,68.42105102539063,90,90,80.95238494873047,80.95238494873047,27.794689178466797,8589934592,2147483648,4800512000,515178496
211,1771789914067,3504,3504,3504,3504,3504,3504,3504,3504,98.35985565185547,96.3060302734375,94.99401092529297,95.87189483642578,80.14979553222656,94.23685455322266,94.46065521240234,95.06937408447266,97.64055633544922,76.19047546386719,80,76.19047546386719,76.19047546386719,90.47618865966797,95.23809814453125,89.47368621826172,85.71428680419922,27.794689178466797,8589934592,2147483648,4719951872,515178496
206,1771789914278,3504,3504,3504,3504,3504,3504,3504,3504,98.35985565185547,96.3060302734375,94.99401092529297,95.87189483642578,80.14979553222656,94.23685455322266,94.46065521240234,95.06937408447266,97.64055633544922,71.42857360839844,72.7272720336914,71.42857360839844,66.66667175292969,80.95238494873047,95,81.81818389892578,80.95238494873047,27.794689178466797,8589934592,2147483648,4725669888,515178496
206,1771789914485,3504,3504,3504,3504,3504,3504,3504,3504,98.35985565185547,96.3060302734375,94.99401092529297,95.87189483642578,80.14979553222656,94.23685455322266,94.46065521240234,95.06937408447266,97.64055633544922,76.19047546386719,70,68.42105102539063,68.18181610107422,85,85.71428680419922,90,85,27.794689178466797,8589934592,2147483648,4726079488,515178496
211,1771789914691,3504,3504,3504,3504,3504,3504,3504,3504,98.35985565185547,96.3060302734375,94.99401092529297,95.87189483642578,80.14979553222656,94.23685455322266,94.46065521240234,95.06937408447266,97.64055633544922,68.42105102539063,73.68421173095703,68.18181610107422,70,86.36363983154297,85.71428680419922,90.47618865966797,80.95238494873047,28.6978702545166,8589934592,2147483648,4719919104,515178496
205,1771789914903,3504,3504,3504,3504,3504,3504,3504,3504,98.35985565185547,96.3060302734375,94.99401092529297,95.87189483642578,80.14979553222656,94.23685455322266,94.46065521240234,95.06937408447266,97.64055633544922,77.2727279663086,72.7272720336914,71.42857360839844,71.42857360839844,89.47368621826172,85.71428680419922,80.95238494873047,86.36363983154297,28.6978702545166,8589934592,2147483648,4719919104,515178496
212,1771789915108,3504,3504,3504,3504,3504,3504,3504,3504,98.28765106201172,96.56742095947266,95.47510528564453,96.17937469482422,80.41814422607422,94.94461059570313,94.9825439453125,95.59510803222656,97.8050308227539,75,76.19047546386719,70,71.42857360839844,95.45454406738281,85,85,90,28.6978702545166,8589934592,2147483648,4719919104,515178496
212,1771789915320,3504,3504,3504,3504,3504,3504,3504,3504,98.28765106201172,96.56742095947266,95.47510528564453,96.17937469482422,80.41814422607422,94.94461059570313,94.9825439453125,95.59510803222656,97.8050308227539,77.2727279663086,71.42857360839844,71.42857360839844,70,81.81818389892578,85.71428680419922,86.36363983154297,90.47618865966797,28.6978702545166,8589934592,2147483648,4719919104,515178496
204,1771789915533,3504,3504,3504,3504,3504,3504,3504,3504,98.28765106201172,96.56742095947266,95.47510528564453,96.17937469482422,80.41814422607422,94.94461059570313,94.9825439453125,95.59510803222656,97.8050308227539,75,71.42857360839844,72.7272720336914,72.7272720336914,90,90.47618865966797,81.81818389892578,85.71428680419922,27.455461502075195,8589934592,2147483648,4727046144,515178496
203,1771789915737,3504,3504,3504,3504,3504,3504,3504,3504,98.28765106201172,96.56742095947266,95.47510528564453,96.17937469482422,80.41814422607422,94.94461059570313,94.9825439453125,95.59510803222656,97.8050308227539,81.81818389892578,80,80,75,80.95238494873047,85.71428680419922,94.73684692382813,90.47618865966797,27.455461502075195,8589934592,2147483648,4769447936,515178496
209,1771789915941,3504,3504,3504,3504,3504,3504,3504,3504,98.28765106201172,96.56742095947266,95.47510528564453,96.17937469482422,80.41814422607422,94.94461059570313,94.9825439453125,95.59510803222656,97.8050308227539,70,66.66667175292969,66.66667175292969,70,89.47368621826172,90.47618865966797,81.81818389892578,80,27.455461502075195,8589934592,2147483648,4776148992,515178496
209,1771789916151,3504,3504,3504,3504,3504,3504,3504,3504,98.56773376464844,96.98505401611328,95.99518585205078,96.51727294921875,80.76819610595703,95.46512603759766,95.91304779052734,96.03018951416016,98.90361785888672,76.19047546386719,76.19047546386719,75,68.18181610107422,90.90909576416016,90,85,85.71428680419922,27.455461502075195,8589934592,2147483648,4780523520,515178496
209,1771789916361,3504,3504,3504,3504,3504,3504,3504,3504,98.56773376464844,96.98505401611328,95.99518585205078,96.51727294921875,80.76819610595703,95.46512603759766,95.91304779052734,96.03018951416016,98.90361785888672,71.42857360839844,70,76.19047546386719,71.42857360839844,85.71428680419922,90.90909576416016,80,80.95238494873047,27.455461502075195,8589934592,2147483648,4756619264,515178496
202,1771789916571,3504,3504,3504,3504,3504,3504,3504,3504,98.56773376464844,96.98505401611328,95.99518585205078,96.51727294921875,80.76819610595703,95.46512603759766,95.91304779052734,96.03018951416016,98.90361785888672,76.19047546386719,72.7272720336914,76.19047546386719,75,86.36363983154297,95.23809814453125,81.81818389892578,85.71428680419922,29.116092681884766,8589934592,2147483648,4719116288,515178496
209,1771789916774,3504,3504,3504,3504,3504,3504,3504,3504,98.56773376464844,96.98505401611328,95.99518585205078,96.51727294921875,80.76819610595703,95.46512603759766,95.91304779052734,96.03018951416016,98.90361785888672,75,70,70,66.66667175292969,90,95,80,80,29.116092681884766,8589934592,2147483648,4711038976,515178496
208,1771789916984,3504,3504,3504,3504,3504,3504,3504,3504,98.56773376464844,96.98505401611328,95.99518585205078,96.51727294921875,80.76819610595703,95.46512603759766,95.91304779052734,96.03018951416016,98.90361785888672,76.19047546386719,75,76.19047546386719,75,85,90.90909576416016,90.47618865966797,85.71428680419922,29.116092681884766,8589934592,2147483648,4696244224,515178496
209,1771789917193,3504,3504,3504,3504,3504,3504,3504,3504,99.9170150756836,97.4799575805664,96.45679473876953,97.4084701538086,81.05216217041016,95.1691665649414,95.35421752929688,95.82089233398438,98.29092407226563,80.95238494873047,77.2727279663086,76.19047546386719,77.2727279663086,90.47618865966797,94.73684692382813,90.47618865966797,85.71428680419922,29.116092681884766,8589934592,2147483648,4696244224,515178496
210,1771789917403,3504,3504,3504,3504,3504,3504,3504,3504,99.9170150756836,97.4799575805664,96.45679473876953,97.4084701538086,81.05216217041016,95.1691665649414,95.35421752929688,95.82089233398438,98.29092407226563,80,76.19047546386719,76.19047546386719,76.19047546386719,90.90909576416016,90.47618865966797,90.47618865966797,90.47618865966797,29.116092681884766,8589934592,2147483648,4696244224,515178496
202,1771789917614,3504,3504,3504,3504,3504,3504,3504,3504,99.9170150756836,97.4799575805664,96.45679473876953,97.4084701538086,81.05216217041016,95.1691665649414,95.35421752929688,95.82089233398438,98.29092407226563,85.71428680419922,85.71428680419922,80.95238494873047,80.95238494873047,90,90.90909576416016,90,85,28.36469268798828,8589934592,2147483648,4670685184,515178496
219,1771789917816,3504,3504,3504,3504,3504,3504,3504,3504,99.9170150756836,97.4799575805664,96.45679473876953,97.4084701538086,81.05216217041016,95.1691665649414,95.35421752929688,95.82089233398438,98.29092407226563,75,75,75,73.68421173095703,90,90,90.90909576416016,85.71428680419922,28.36469268798828,8589934592,2147483648,4670570496,515178496
209,1771789918036,3504,3504,3504,3504,3504,3504,3504,3504,100.41792297363281,98.51866912841797,97.29195404052734,98.00984191894531,81.77143096923828,96.6103515625,96.60157775878906,97.57293701171875,99.72282409667969,81.81818389892578,77.2727279663086,76.19047546386719,76.19047546386719,90.90909576416016,90.90909576416016,90.47618865966797,86.36363983154297,28.36469268798828,8589934592,2147483648,4658724864,515178496
205,1771789918246,3504,3504,3504,3504,3504,3504,3504,3504,100.41792297363281,98.51866912841797,97.29195404052734,98.00984191894531,81.77143096923828,96.6103515625,96.60157775878906,97.57293701171875,99.72282409667969,76.19047546386719,75,77.2727279663086,73.91304016113281,90.90909576416016,85,90.47618865966797,85.71428680419922,28.36469268798828,8589934592,2147483648,4655480832,515178496
209,1771789918452,3504,3504,3504,3504,3504,3504,3504,3504,100.41792297363281,98.51866912841797,97.29195404052734,98.00984191894531,81.77143096923828,96.6103515625,96.60157775878906,97.57293701171875,99.72282409667969,80.95238494873047,76.19047546386719,70,75,90,90.47618865966797,85.71428680419922,85.71428680419922,28.36469268798828,8589934592,2147483648,4658708480,515178496
209,1771789918662,3504,3504,3504,3504,3504,3504,3504,3504,100.41792297363281,98.51866912841797,97.29195404052734,98.00984191894531,81.77143096923828,96.6103515625,96.60157775878906,97.57293701171875,99.72282409667969,85,80.95238494873047,80,75,95.23809814453125,90.47618865966797,90,90.47618865966797,28.46723175048828,8589934592,2147483648,4655923200,515178496
202,1771789918872,3504,3504,3504,3504,3504,3504,3504,3504,100.41792297363281,98.51866912841797,97.29195404052734,98.00984191894531,81.77143096923828,96.6103515625,96.60157775878906,97.57293701171875,99.72282409667969,90.90909576416016,85,80.95238494873047,81.81818389892578,90,90.90909576416016,90.47618865966797,85.71428680419922,28.46723175048828,8589934592,2147483648,4653416448,515178496
209,1771789919075,3504,3504,3504,3504,3504,3504,3504,3504,100.80363464355469,99.22620391845703,97.89801788330078,98.45758056640625,82.22676849365234,97.12464141845703,97.19253540039063,97.97589111328125,100.43988037109375,75,76.19047546386719,76.19047546386719,75,95,94.73684692382813,85.71428680419922,90,28.46723175048828,8589934592,2147483648,4653416448,515178496
206,1771789919285,3504,3504,3504,3504,3504,3504,3504,3504,100.80363464355469,99.22620391845703,97.89801788330078,98.45758056640625,82.22676849365234,97.12464141845703,97.19253540039063,97.97589111328125,100.43988037109375,80.95238494873047,76.19047546386719,76.19047546386719,76.19047546386719,90.47618865966797,90.47618865966797,90.47618865966797,85.71428680419922,28.46723175048828,8589934592,2147483648,4653416448,515178496
209,1771789919491,3504,3504,3504,3504,3504,3504,3504,3504,100.80363464355469,99.22620391845703,97.89801788330078,98.45758056640625,82.22676849365234,97.12464141845703,97.19253540039063,97.97589111328125,100.43988037109375,80.95238494873047,75,76.19047546386719,75,90.90909576416016,90.47618865966797,90,85.71428680419922,28.46723175048828,8589934592,2147483648,4653416448,515178496
205,1771789919701,3504,3504,3504,3504,3504,3504,3504,3504,100.80363464355469,99.22620391845703,97.89801788330078,98.45758056640625,82.22676849365234,97.12464141845703,97.19253540039063,97.97589111328125,100.43988037109375,80,80.95238494873047,80,80.95238494873047,90.47618865966797,90.90909576416016,90.47618865966797,90.47618865966797,28.8482723236084,8589934592,2147483648,4672421888,515178496
205,1771789919907,3504,3504,3504,3504,3504,3504,3504,3504,100.80363464355469,99.22620391845703,97.89801788330078,98.45758056640625,82.22676849365234,97.12464141845703,97.19253540039063,97.97589111328125,100.43988037109375,76.19047546386719,76.19047546386719,76.19047546386719,75,90,95,90,85,28.8482723236084,8589934592,2147483648,4672421888,515178496
204,1771789920113,3504,3504,3504,3504,3504,3504,3504,3504,101.58386993408203,99.57947540283203,98.33416748046875,99.13188171386719,82.60606384277344,97.53102111816406,97.59364318847656,98.47296142578125,100.80677795410156,80,75,76.19047546386719,76.19047546386719,90.47618865966797,90,90.47618865966797,90,28.8482723236084,8589934592,2147483648,4672421888,515178496
209,1771789920317,3504,3504,3504,3504,3504,3504,3504,3504,101.58386993408203,99.57947540283203,98.33416748046875,99.13188171386719,82.60606384277344,97.53102111816406,97.59364318847656,98.47296142578125,100.80677795410156,80,80.95238494873047,80,75,89.47368621826172,95,85.71428680419922,85,28.8482723236084,8589934592,2147483648,4672421888,515178496
207,1771789920527,3504,3504,3504,3504,3504,3504,3504,3504,101.58386993408203,99.57947540283203,98.33416748046875,99.13188171386719,82.60606384277344,97.53102111816406,97.59364318847656,98.47296142578125,100.80677795410156,81.81818389892578,80,76.19047546386719,77.2727279663086,95.23809814453125,86.36363983154297,90.47618865966797,86.36363983154297,28.333494186401367,8589934592,2147483648,4672421888,515178496
210,1771789920735,3504,3504,3504,3504,3504,3504,3504,3504,101.58386993408203,99.57947540283203,98.33416748046875,99.13188171386719,82.60606384277344,97.53102111816406,97.59364318847656,98.47296142578125,100.80677795410156,80,76.19047546386719,80,75,90.47618865966797,90,89.47368621826172,85,28.333494186401367,8589934592,2147483648,4657135616,515178496
200,1771789920945,3504,3504,3504,3504,3504,3504,3504,3504,101.58386993408203,99.57947540283203,98.33416748046875,99.13188171386719,82.60606384277344,97.53102111816406,97.59364318847656,98.47296142578125,100.80677795410156,80.95238494873047,80,76.19047546386719,76.19047546386719,95.23809814453125,90.47618865966797,86.9565200805664,90.90909576416016,28.333494186401367,8589934592,2147483648,4649631744,515178496
202,1771789921146,3504,3504,3504,3504,3504,3504,3504,3504,101.8459701538086,100.21472930908203,98.81611633300781,99.44635772705078,83.03839111328125,97.74342346191406,97.88842010498047,98.7081527709961,101.18260955810547,80,80,76.19047546386719,80,90.47618865966797,89.47368621826172,89.47368621826172,89.47368621826172,28.333494186401367,8589934592,2147483648,4651122688,515178496
212,1771789921348,3504,3504,3504,3504,3504,3504,3504,3504,101.8459701538086,100.21472930908203,98.81611633300781,99.44635772705078,83.03839111328125,97.74342346191406,97.88842010498047,98.7081527709961,101.18260955810547,78.94737243652344,76.19047546386719,80.95238494873047,75,90,90.47618865966797,90.47618865966797,90.47618865966797,28.333494186401367,8589934592,2147483648,4651352064,515178496
203,1771789921561,3504,3504,3504,3504,3504,3504,3504,3504,101.8459701538086,100.21472930908203,98.81611633300781,99.44635772705078,83.03839111328125,97.74342346191406,97.88842010498047,98.7081527709961,101.18260955810547,77.2727279663086,72.7272720336914,75,71.42857360839844,90.47618865966797,85.71428680419922,85.71428680419922,85.71428680419922,29.173311233520508,8589934592,2147483648,4728160256,515178496
209,1771789921765,3504,3504,3504,3504,3504,3504,3504,3504,101.8459701538086,100.21472930908203,98.81611633300781,99.44635772705078,83.03839111328125,97.74342346191406,97.88842010498047,98.7081527709961,101.18260955810547,75,68.42105102539063,70,66.66667175292969,90,85.71428680419922,90,85,29.173311233520508,8589934592,2147483648,4708777984,515178496
208,1771789921975,3504,3504,3504,3504,3504,3504,3504,3504,101.8459701538086,100.21472930908203,98.81611633300781,99.44635772705078,83.03839111328125,97.74342346191406,97.88842010498047,98.7081527709961,101.18260955810547,71.42857360839844,71.42857360839844,71.42857360839844,70,85.71428680419922,85,86.36363983154297,81.81818389892578,29.173311233520508,8589934592,2147483648,4693671936,515178496
208,1771789922183,3504,3504,3504,3504,3504,3504,3504,3504,101.31071472167969,99.82298278808594,98.51520538330078,99.02826690673828,83.09854125976563,97.78485870361328,97.97574615478516,98.67535400390625,101.13795471191406,72.7272720336914,72.7272720336914,71.42857360839844,71.42857360839844,90.90909576416016,90.90909576416016,90,80,29.173311233520508,8589934592,2147483648,4772069376,515178496
209,1771789922391,3504,3504,3504,3504,3504,3504,3504,3504,101.31071472167969,99.82298278808594,98.51520538330078,99.02826690673828,83.09854125976563,97.78485870361328,97.97574615478516,98.67535400390625,101.13795471191406,80,70,75,76.19047546386719,94.73684692382813,80.95238494873047,85.71428680419922,90.47618865966797,29.173311233520508,8589934592,2147483648,4776165376,515178496
206,1771789922601,3504,3504,3504,3504,3504,3504,3504,3504,101.31071472167969,99.82298278808594,98.51520538330078,99.02826690673828,83.09854125976563,97.78485870361328,97.97574615478516,98.67535400390625,101.13795471191406,71.42857360839844,71.42857360839844,72.7272720336914,70,86.36363983154297,90.47618865966797,90,90.90909576416016,28.586984634399414,8589934592,2147483648,4713168896,515178496
208,1771789922808,3504,3504,3504,3504,3504,3504,3504,3504,101.31071472167969,99.82298278808594,98.51520538330078,99.02826690673828,83.09854125976563,97.78485870361328,97.97574615478516,98.67535400390625,101.13795471191406,71.42857360839844,71.42857360839844,75,71.42857360839844,90.47618865966797,85,85.71428680419922,85,28.586984634399414,8589934592,2147483648,4723376128,515178496
207,1771789923017,3504,3504,3504,3504,3504,3504,3504,3504,101.38664245605469,99.82979583740234,98.72142791748047,99.2712173461914,83.14854431152344,98.06179809570313,98.33042907714844,98.75018310546875,101.3442611694336,75,71.42857360839844,71.42857360839844,68.18181610107422,85.71428680419922,81.81818389892578,85.71428680419922,85.71428680419922,28.586984634399414,8589934592,2147483648,4721131520,515178496
206,1771789923225,3504,3504,3504,3504,3504,3504,3504,3504,101.38664245605469,99.82979583740234,98.72142791748047,99.2712173461914,83.14854431152344,98.06179809570313,98.33042907714844,98.75018310546875,101.3442611694336,71.42857360839844,68.42105102539063,71.42857360839844,65,85,95,80.95238494873047,80.95238494873047,28.586984634399414,8589934592,2147483648,4703322112,515178496
206,1771789923431,3504,3504,3504,3504,3504,3504,3504,3504,101.38664245605469,99.82979583740234,98.72142791748047,99.2712173461914,83.14854431152344,98.06179809570313,98.33042907714844,98.75018310546875,101.3442611694336,76.19047546386719,76.19047546386719,76.19047546386719,80,95.23809814453125,85.71428680419922,90,90,28.586984634399414,8589934592,2147483648,4721868800,515178496
209,1771789923638,3504,3504,3504,3504,3504,3504,3504,3504,101.38664245605469,99.82979583740234,98.72142791748047,99.2712173461914,83.14854431152344,98.06179809570313,98.33042907714844,98.75018310546875,101.3442611694336,75,76.19047546386719,73.68421173095703,71.42857360839844,80,90,81.81818389892578,85.71428680419922,28.562965393066406,8589934592,2147483648,4772184064,515178496
209,1771789923848,3504,3504,3504,3504,3504,3504,3504,3504,101.38664245605469,99.82979583740234,98.72142791748047,99.2712173461914,83.14854431152344,98.06179809570313,98.33042907714844,98.75018310546875,101.3442611694336,71.42857360839844,71.42857360839844,66.66667175292969,63.6363639831543,90.47618865966797,80.95238494873047,80.95238494873047,85.71428680419922,28.562965393066406,8589934592,2147483648,4763402240,515178496
206,1771789924058,3504,3504,3504,3504,3504,3504,3504,3504,101.20484161376953,99.62254333496094,98.4612045288086,98.98849487304688,83.1540756225586,97.64220428466797,98.11554718017578,98.19962310791016,101.14324951171875,76.19047546386719,76.19047546386719,72.7272720336914,75,95.45454406738281,85,85.71428680419922,90.47618865966797,28.562965393066406,8589934592,2147483648,4749000704,515178496
209,1771789924264,3504,3504,3504,3504,3504,3504,3504,3504,101.20484161376953,99.62254333496094,98.4612045288086,98.98849487304688,83.1540756225586,97.64220428466797,98.11554718017578,98.19962310791016,101.14324951171875,71.42857360839844,76.19047546386719,76.19047546386719,75,85,90.47618865966797,80.95238494873047,80,28.562965393066406,8589934592,2147483648,4717019136,515178496
201,1771789924474,3504,3504,3504,3504,3504,3504,3504,3504,101.20484161376953,99.62254333496094,98.4612045288086,98.98849487304688,83.1540756225586,97.64220428466797,98.11554718017578,98.19962310791016,101.14324951171875,76.19047546386719,75,71.42857360839844,71.42857360839844,85.71428680419922,90.90909576416016,85,85.71428680419922,28.562965393066406,8589934592,2147483648,4713889792,515178496
203,1771789924676,3504,3504,3504,3504,3504,3504,3504,3504,101.20484161376953,99.62254333496094,98.4612045288086,98.98849487304688,83.1540756225586,97.64220428466797,98.11554718017578,98.19962310791016,101.14324951171875,75,71.42857360839844,73.68421173095703,71.42857360839844,90.47618865966797,85,80.95238494873047,95,29.032730102539063,8589934592,2147483648,4724834304,515178496
205,1771789924880,3504,3504,3504,3504,3504,3504,3504,3504,101.20484161376953,99.62254333496094,98.4612045288086,98.98849487304688,83.1540756225586,97.64220428466797,98.11554718017578,98.19962310791016,101.14324951171875,70,70,76.19047546386719,70,85,89.47368621826172,85,85.71428680419922,29.032730102539063,8589934592,2147483648,4724244480,515178496
209,1771789925085,3504,3504,3504,3504,3504,3504,3504,3504,101.79707336425781,99.87640380859375,98.80779266357422,99.51343536376953,83.33198547363281,98.15687561035156,98.52552795410156,98.6546630859375,101.60860443115234,80,76.19047546386719,71.42857360839844,71.42857360839844,90,86.36363983154297,84.21052551269531,85,29.032730102539063,8589934592,2147483648,4711972864,515178496
209,1771789925295,3504,3504,3504,3504,3504,3504,3504,3504,101.79707336425781,99.87640380859375,98.80779266357422,99.51343536376953,83.33198547363281,98.15687561035156,98.52552795410156,98.6546630859375,101.60860443115234,70,66.66667175292969,70,70,90.47618865966797,90.47618865966797,81.81818389892578,85.71428680419922,29.032730102539063,8589934592,2147483648,4721344512,515178496
202,1771789925505,3504,3504,3504,3504,3504,3504,3504,3504,101.79707336425781,99.87640380859375,98.80779266357422,99.51343536376953,83.33198547363281,98.15687561035156,98.52552795410156,98.6546630859375,101.60860443115234,72.7272720336914,71.42857360839844,68.18181610107422,68.18181610107422,85.71428680419922,85.71428680419922,80.95238494873047,85.71428680419922,29.032730102539063,8589934592,2147483648,4721246208,515178496
208,1771789925708,3504,3504,3504,3504,3504,3504,3504,3504,101.79707336425781,99.87640380859375,98.80779266357422,99.51343536376953,83.33198547363281,98.15687561035156,98.52552795410156,98.6546630859375,101.60860443115234,75,75,75,78.94737243652344,95.23809814453125,85,90,85.71428680419922,28.875944137573242,8589934592,2147483648,4762730496,515178496
207,1771789925916,3504,3504,3504,3504,3504,3504,3504,3504,101.79707336425781,99.87640380859375,98.80779266357422,99.51343536376953,83.33198547363281,98.15687561035156,98.52552795410156,98.6546630859375,101.60860443115234,76.19047546386719,75,75,76.19047546386719,90,90.90909576416016,85.71428680419922,85.71428680419922,28.875944137573242,8589934592,2147483648,4766531584,515178496
209,1771789926125,3504,3504,3504,3504,3504,3504,3504,3504,101.89310455322266,100.4256362915039,99.25940704345703,99.75286102294922,83.52764892578125,98.08726501464844,98.08910369873047,98.73665618896484,101.1372299194336,76.19047546386719,71.42857360839844,70,70,90,84.21052551269531,85.71428680419922,84.21052551269531,28.875944137573242,8589934592,2147483648,4762435584,515178496
206,1771789926335,3504,3504,3504,3504,3504,3504,3504,3504,101.89310455322266,100.4256362915039,99.25940704345703,99.75286102294922,83.52764892578125,98.08726501464844,98.08910369873047,98.73665618896484,101.1372299194336,75,72.7272720336914,68.18181610107422,68.18181610107422,82.60869598388672,86.36363983154297,95,81.81818389892578,28.875944137573242,8589934592,2147483648,4779589632,515178496
200,1771789926541,3504,3504,3504,3504,3504,3504,3504,3504,101.89310455322266,100.4256362915039,99.25940704345703,99.75286102294922,83.52764892578125,98.08726501464844,98.08910369873047,98.73665618896484,101.1372299194336,76.19047546386719,76.19047546386719,76.19047546386719,76.19047546386719,90,85.71428680419922,86.36363983154297,85.71428680419922,29.54424285888672,8589934592,2147483648,4779589632,515178496
209,1771789926741,3504,3504,3504,3504,3504,3504,3504,3504,101.89310455322266,100.4256362915039,99.25940704345703,99.75286102294922,83.52764892578125,98.08726501464844,98.08910369873047,98.73665618896484,101.1372299194336,70,68.42105102539063,70,68.42105102539063,89.47368621826172,94.44444274902344,85,80,29.54424285888672,8589934592,2147483648,4779589632,515178496
209,1771789926951,3504,3504,3504,3504,3504,3504,3504,3504,101.89310455322266,100.4256362915039,99.25940704345703,99.75286102294922,83.52764892578125,98.08726501464844,98.08910369873047,98.73665618896484,101.1372299194336,76.19047546386719,75,75,71.42857360839844,85.71428680419922,86.36363983154297,85.71428680419922,90.47618865966797,29.54424285888672,8589934592,2147483648,4688084992,515178496
201,1771789927161,3504,3504,3504,3504,3504,3504,3504,3504,102.03569793701172,100.34445190429688,99.12651062011719,99.8001708984375,83.75993347167969,98.72429656982422,98.81175994873047,99.44385528564453,101.81045532226563,80.95238494873047,81.81818389892578,76.19047546386719,77.2727279663086,90.47618865966797,90.90909576416016,95,90,29.54424285888672,8589934592,2147483648,4687970304,515178496
200,1771789927363,3504,3504,3504,3504,3504,3504,3504,3504,102.03569793701172,100.34445190429688,99.12651062011719,99.8001708984375,83.75993347167969,98.72429656982422,98.81175994873047,99.44385528564453,101.81045532226563,75,78.94737243652344,76.19047546386719,75,90.47618865966797,89.47368621826172,85.71428680419922,90,29.54424285888672,8589934592,2147483648,4679991296,515178496
208,1771789927563,3504,3504,3504,3504,3504,3504,3504,3504,102.03569793701172,100.34445190429688,99.12651062011719,99.8001708984375,83.75993347167969,98.72429656982422,98.81175994873047,99.44385528564453,101.81045532226563,78.94737243652344,75,73.68421173095703,75,89.47368621826172,90,90,85.71428680419922,28.921911239624023,8589934592,2147483648,4678942720,515178496
209,1771789927772,3504,3504,3504,3504,3504,3504,3504,3504,102.03569793701172,100.34445190429688,99.12651062011719,99.8001708984375,83.75993347167969,98.72429656982422,98.81175994873047,99.44385528564453,101.81045532226563,81.81818389892578,76.19047546386719,80,76.19047546386719,90.90909576416016,90.47618865966797,90,90,28.921911239624023,8589934592,2147483648,4679417856,515178496
217,1771789927982,3504,3504,3504,3504,3504,3504,3504,3504,102.03569793701172,100.34445190429688,99.12651062011719,99.8001708984375,83.75993347167969,98.72429656982422,98.81175994873047,99.44385528564453,101.81045532226563,80.95238494873047,77.2727279663086,72.7272720336914,75,90.47618865966797,90.47618865966797,90.90909576416016,90.47618865966797,28.921911239624023,8589934592,2147483648,4660953088,515178496
203,1771789928200,3504,3504,3504,3504,3504,3504,3504,3504,103.01832580566406,101.22037506103516,99.84053039550781,100.47789001464844,84.46794891357422,99.46153259277344,99.70392608642578,100.4306869506836,103.08866882324219,81.81818389892578,77.2727279663086,77.2727279663086,77.2727279663086,90.47618865966797,90.90909576416016,90.90909576416016,86.9565200805664,28.921911239624023,8589934592,2147483648,4659544064,515178496
209,1771789928404,3504,3504,3504,3504,3504,3504,3504,3504,103.01832580566406,101.22037506103516,99.84053039550781,100.47789001464844,84.46794891357422,99.46153259277344,99.70392608642578,100.4306869506836,103.08866882324219,75,78.94737243652344,75,76.19047546386719,89.47368621826172,90,89.47368621826172,84.21052551269531,28.921911239624023,8589934592,2147483648,4659576832,515178496
214,1771789928614,3504,3504,3504,3504,3504,3504,3504,3504,103.01832580566406,101.22037506103516,99.84053039550781,100.47789001464844,84.46794891357422,99.46153259277344,99.70392608642578,100.4306869506836,103.08866882324219,85.71428680419922,80.95238494873047,75,80,86.9565200805664,90,86.36363983154297,81.81818389892578,29.181594848632813,8589934592,2147483648,4644995072,515178496
205,1771789928828,3504,3504,3504,3504,3504,3504,3504,3504,103.01832580566406,101.22037506103516,99.84053039550781,100.47789001464844,84.46794891357422,99.46153259277344,99.70392608642578,100.4306869506836,103.08866882324219,76.19047546386719,77.2727279663086,77.2727279663086,72.7272720336914,90,95.45454406738281,90,90,29.181594848632813,8589934592,2147483648,4642734080,515178496
209,1771789929034,3504,3504,3504,3504,3504,3504,3504,3504,103.6634521484375,101.65717315673828,100.42998504638672,101.1593017578125,84.72290802001953,99.72846221923828,99.7525863647461,100.59174346923828,102.9312744140625,80,75,76.19047546386719,80,90.47618865966797,86.36363983154297,86.36363983154297,90.47618865966797,29.181594848632813,8589934592,2147483648,4645879808,515178496
209,1771789929244,3504,3504,3504,3504,3504,3504,3504,3504,103.6634521484375,101.65717315673828,100.42998504638672,101.1593017578125,84.72290802001953,99.72846221923828,99.7525863647461,100.59174346923828,102.9312744140625,80.95238494873047,80,80,76.19047546386719,90.47618865966797,90.47618865966797,95,85.71428680419922,29.181594848632813,8589934592,2147483648,4643586048,515178496
208,1771789929454,3504,3504,3504,3504,3504,3504,3504,3504,103.6634521484375,101.65717315673828,100.42998504638672,101.1593017578125,84.72290802001953,99.72846221923828,99.7525863647461,100.59174346923828,102.9312744140625,80,77.2727279663086,76.19047546386719,75,86.36363983154297,95,90.47618865966797,90.47618865966797,29.181594848632813,8589934592,2147483648,4646518784,515178496
200,1771789929663,3504,3504,3504,3504,3504,3504,3504,3504,103.6634521484375,101.65717315673828,100.42998504638672,101.1593017578125,84.72290802001953,99.72846221923828,99.7525863647461,100.59174346923828,102.9312744140625,81.81818389892578,76.19047546386719,80.95238494873047,76.19047546386719,90.47618865966797,90,90.47618865966797,85.71428680419922,29.087032318115234,8589934592,2147483648,4646518784,515178496
209,1771789929863,3504,3504,3504,3504,3504,3504,3504,3504,103.6634521484375,101.65717315673828,100.42998504638672,101.1593017578125,84.72290802001953,99.72846221923828,99.7525863647461,100.59174346923828,102.9312744140625,80,78.94737243652344,75,76.19047546386719,94.73684692382813,90,89.47368621826172,90,29.087032318115234,8589934592,2147483648,4646518784,515178496
201,1771789930073,3504,3504,3504,3504,3504,3504,3504,3504,104.0589599609375,102.28177642822266,101.02620697021484,101.60845947265625,85.11618041992188,100.41069030761719,100.48445892333984,101.25651550292969,103.66035461425781,77.2727279663086,77.2727279663086,76.19047546386719,80,90.47618865966797,86.36363983154297,86.36363983154297,85.71428680419922,29.087032318115234,8589934592,2147483648,4662001664,515178496
208,1771789930274,3504,3504,3504,3504,3504,3504,3504,3504,104.0589599609375,102.28177642822266,101.02620697021484,101.60845947265625,85.11618041992188,100.41069030761719,100.48445892333984,101.25651550292969,103.66035461425781,84.21052551269531,84.21052551269531,80,80.95238494873047,95,94.73684692382813,90.47618865966797,85.71428680419922,29.087032318115234,8589934592,2147483648,4661968896,515178496
207,1771789930483,3504,3504,3504,3504,3504,3504,3504,3504,104.0589599609375,102.28177642822266,101.02620697021484,101.60845947265625,85.11618041992188,100.41069030761719,100.48445892333984,101.25651550292969,103.66035461425781,80.95238494873047,77.2727279663086,76.19047546386719,75,95.23809814453125,86.36363983154297,90,90,29.087032318115234,8589934592,2147483648,4660805632,515178496
209,1771789930691,3504,3504,3504,3504,3504,3504,3504,3504,104.0589599609375,102.28177642822266,101.02620697021484,101.60845947265625,85.11618041992188,100.41069030761719,100.48445892333984,101.25651550292969,103.66035461425781,76.19047546386719,75,80,76.19047546386719,90.47618865966797,90.47618865966797,90.47618865966797,90.47618865966797,28.68229866027832,8589934592,2147483648,4640964608,515178496
207,1771789930901,3504,3504,3504,3504,3504,3504,3504,3504,104.0589599609375,102.28177642822266,101.02620697021484,101.60845947265625,85.11618041992188,100.41069030761719,100.48445892333984,101.25651550292969,103.66035461425781,85,80.95238494873047,77.2727279663086,80,90.47618865966797,95,85.71428680419922,85.71428680419922,28.68229866027832,8589934592,2147483648,4646092800,515178496
209,1771789931109,3504,3504,3504,3504,3504,3504,3504,3504,104.61271667480469,102.82196807861328,101.56765747070313,102.17236328125,85.4803237915039,100.62281799316406,100.83598327636719,101.4552001953125,104.01971435546875,80.95238494873047,80.95238494873047,78.94737243652344,76.19047546386719,90,90.47618865966797,95.23809814453125,90.47618865966797,28.68229866027832,8589934592,2147483648,4642701312,515178496
209,1771789931319,3504,3504,3504,3504,3504,3504,3504,3504,104.61271667480469,102.82196807861328,101.56765747070313,102.17236328125,85.4803237915039,100.62281799316406,100.83598327636719,101.4552001953125,104.01971435546875,80.95238494873047,76.19047546386719,77.2727279663086,77.2727279663086,85.71428680419922,95.23809814453125,90,85.71428680419922,28.68229866027832,8589934592,2147483648,4644667392,515178496
201,1771789931529,3504,3504,3504,3504,3504,3504,3504,3504,104.61271667480469,102.82196807861328,101.56765747070313,102.17236328125,85.4803237915039,100.62281799316406,100.83598327636719,101.4552001953125,104.01971435546875,70,70,71.42857360839844,70,90.90909576416016,85.71428680419922,86.36363983154297,86.36363983154297,29.856121063232422,8589934592,2147483648,4667523072,515178496
207,1771789931731,3504,3504,3504,3504,3504,3504,3504,3504,104.61271667480469,102.82196807861328,101.56765747070313,102.17236328125,85.4803237915039,100.62281799316406,100.83598327636719,101.4552001953125,104.01971435546875,71.42857360839844,71.42857360839844,70,71.42857360839844,84.21052551269531,85,90,84.21052551269531,29.856121063232422,8589934592,2147483648,4694491136,515178496
212,1771789931939,3504,3504,3504,3504,3504,3504,3504,3504,104.61271667480469,102.82196807861328,101.56765747070313,102.17236328125,85.4803237915039,100.62281799316406,100.83598327636719,101.4552001953125,104.01971435546875,75,70,71.42857360839844,73.68421173095703,81.81818389892578,90.47618865966797,85.71428680419922,80.95238494873047,29.856121063232422,8589934592,2147483648,4695195648,515178496
206,1771789932151,3504,3504,3504,3504,3504,3504,3504,3504,104.21271514892578,102.07893371582031,101.02507781982422,101.73870086669922,85.38887023925781,100.40526580810547,100.49010467529297,101.18045043945313,103.50840759277344,76.19047546386719,71.42857360839844,68.18181610107422,72.7272720336914,90,90.47618865966797,80.95238494873047,85.71428680419922,29.856121063232422,8589934592,2147483648,4715085824,515178496
210,1771789932358,3504,3504,3504,3504,3504,3504,3504,3504,104.21271514892578,102.07893371582031,101.02507781982422,101.73870086669922,85.38887023925781,100.40526580810547,100.49010467529297,101.18045043945313,103.50840759277344,71.42857360839844,71.42857360839844,70,71.42857360839844,86.36363983154297,90,85.71428680419922,85,29.856121063232422,8589934592,2147483648,4730273792,515178496
206,1771789932569,3504,3504,3504,3504,3504,3504,3504,3504,104.21271514892578,102.07893371582031,101.02507781982422,101.73870086669922,85.38887023925781,100.40526580810547,100.49010467529297,101.18045043945313,103.50840759277344,72.7272720336914,71.42857360839844,71.42857360839844,72.7272720336914,95,86.36363983154297,85,81.81818389892578,27.6007137298584,8589934592,2147483648,4752982016,515178496
209,1771789932775,3504,3504,3504,3504,3504,3504,3504,3504,104.21271514892578,102.07893371582031,101.02507781982422,101.73870086669922,85.38887023925781,100.40526580810547,100.49010467529297,101.18045043945313,103.50840759277344,73.68421173095703,71.42857360839844,71.42857360839844,68.42105102539063,90.47618865966797,90,80.95238494873047,85,27.6007137298584,8589934592,2147483648,4752982016,515178496
203,1771789932985,3504,3504,3504,3504,3504,3504,3504,3504,104.21271514892578,102.07893371582031,101.02507781982422,101.73870086669922,85.38887023925781,100.40526580810547,100.49010467529297,101.18045043945313,103.50840759277344,72.7272720336914,75,75,71.42857360839844,89.47368621826172,90.47618865966797,85,85,27.6007137298584,8589934592,2147483648,4752982016,515178496
204,1771789933188,3504,3504,3504,3504,3504,3504,3504,3504,103.96286010742188,102.24172973632813,101.13954162597656,101.68489074707031,85.25833129882813,99.83377838134766,100.0660629272461,100.3122329711914,103.0001220703125,75,71.42857360839844,75,70,86.9565200805664,85.71428680419922,86.36363983154297,86.36363983154297,27.6007137298584,8589934592,2147483648,4718411776,515178496
209,1771789933393,3504,3504,3504,3504,3504,3504,3504,3504,103.96286010742188,102.24172973632813,101.13954162597656,101.68489074707031,85.25833129882813,99.83377838134766,100.0660629272461,100.3122329711914,103.0001220703125,75,70,76.19047546386719,71.42857360839844,89.47368621826172,90.47618865966797,80,89.47368621826172,27.6007137298584,8589934592,2147483648,4702240768,515178496
206,1771789933603,3504,3504,3504,3504,3504,3504,3504,3504,103.96286010742188,102.24172973632813,101.13954162597656,101.68489074707031,85.25833129882813,99.83377838134766,100.0660629272461,100.3122329711914,103.0001220703125,71.42857360839844,75,72.7272720336914,71.42857360839844,85.71428680419922,94.73684692382813,90,81.81818389892578,28.40498161315918,8589934592,2147483648,4700635136,515178496
201,1771789933809,3504,3504,3504,3504,3504,3504,3504,3504,103.96286010742188,102.24172973632813,101.13954162597656,101.68489074707031,85.25833129882813,99.83377838134766,100.0660629272461,100.3122329711914,103.0001220703125,76.19047546386719,68.18181610107422,72.22222137451172,71.42857360839844,85.71428680419922,90.90909576416016,80.95238494873047,80,28.40498161315918,8589934592,2147483648,4713103360,515178496
209,1771789934011,3504,3504,3504,3504,3504,3504,3504,3504,103.96286010742188,102.24172973632813,101.13954162597656,101.96710968017578,85.38359069824219,100.19571685791016,100.45548248291016,100.7266845703125,103.38961791992188,75,70,71.42857360839844,71.42857360839844,95,85,85,85,28.40498161315918,8589934592,2147483648,4702552064,515178496
203,1771789934221,3504,3504,3504,3504,3504,3504,3504,3504,104.29298400878906,102.13267517089844,101.13119506835938,101.96710968017578,85.38359069824219,100.19571685791016,100.45548248291016,100.7266845703125,103.38961791992188,66.66667175292969,71.42857360839844,66.66667175292969,70,90,85,81.81818389892578,77.2727279663086,28.40498161315918,8589934592,2147483648,4701847552,515178496
210,1771789934424,3504,3504,3504,3504,3504,3504,3504,3504,104.29298400878906,102.13267517089844,101.13119506835938,101.96710968017578,85.38359069824219,100.19571685791016,100.45548248291016,100.7266845703125,103.38961791992188,71.42857360839844,75,71.42857360839844,70,86.36363983154297,86.36363983154297,85,80,28.40498161315918,8589934592,2147483648,4706566144,515178496
205,1771789934635,3504,3504,3504,3504,3504,3504,3504,3504,104.29298400878906,102.13267517089844,101.13119506835938,101.96710968017578,85.38359069824219,100.19571685791016,100.45548248291016,100.7266845703125,103.38961791992188,76.19047546386719,76.19047546386719,75,71.42857360839844,90.47618865966797,90,90.47618865966797,80.95238494873047,30.0689640045166,8589934592,2147483648,4751032320,515178496
209,1771789934841,3504,3504,3504,3504,3504,3504,3504,3504,104.29298400878906,102.13267517089844,101.13119506835938,101.96710968017578,85.38359069824219,100.19571685791016,100.45548248291016,100.7266845703125,103.38961791992188,75,70,71.42857360839844,70,95,85.71428680419922,80.95238494873047,80.95238494873047,30.0689640045166,8589934592,2147483648,4754391040,515178496
209,1771789935051,3504,3504,3504,3504,3504,3504,3504,3504,103.85729217529297,102.30652618408203,101.2325210571289,101.6529769897461,85.39582824707031,99.95368194580078,99.76622009277344,100.57878112792969,102.57994079589844,70,68.18181610107422,68.18181610107422,68.18181610107422,80.95238494873047,95.23809814453125,80.95238494873047,80.95238494873047,30.0689640045166,8589934592,2147483648,4763009024,515178496
209,1771789935261,3504,3504,3504,3504,3504,3504,3504,3504,103.85729217529297,102.30652618408203,101.2325210571289,101.6529769897461,85.39582824707031,99.95368194580078,99.76622009277344,100.57878112792969,102.57994079589844,77.2727279663086,75,70,70,85.71428680419922,85.71428680419922,90,90.47618865966797,30.0689640045166,8589934592,2147483648,4746526720,515178496
209,1771789935471,3504,3504,3504,3504,3504,3504,3504,3504,103.85729217529297,102.30652618408203,101.2325210571289,101.6529769897461,85.39582824707031,99.95368194580078,99.76622009277344,100.57878112792969,102.57994079589844,68.42105102539063,76.19047546386719,75,71.42857360839844,86.36363983154297,80,90.90909576416016,85.71428680419922,30.0689640045166,8589934592,2147483648,4708679680,515178496
214,1771789935681,3504,3504,3504,3504,3504,3504,3504,3504,103.85729217529297,102.30652618408203,101.2325210571289,101.6529769897461,85.39582824707031,99.95368194580078,99.76622009277344,100.57878112792969,102.57994079589844,78.26087188720703,71.42857360839844,72.7272720336914,76.19047546386719,90,85.71428680419922,85,85.71428680419922,28.3658504486084,8589934592,2147483648,4707958784,515178496
209,1771789935896,3504,3504,3504,3504,3504,3504,3504,3504,103.85729217529297,102.30652618408203,101.2325210571289,101.6529769897461,85.39582824707031,99.95368194580078,99.76622009277344,100.57878112792969,102.57994079589844,71.42857360839844,72.7272720336914,68.18181610107422,68.18181610107422,90.90909576416016,86.36363983154297,85.71428680419922,80.95238494873047,28.3658504486084,8589934592,2147483648,4707958784,515178496
205,1771789936106,3504,3504,3504,3504,3504,3504,3504,3504,103.43608093261719,102.06977844238281,101.03404235839844,101.30709075927734,85.46763610839844,100.37239074707031,100.6274185180664,101.00615692138672,103.68331909179688,76.19047546386719,76.19047546386719,70,71.42857360839844,80,90.47618865966797,86.36363983154297,80.95238494873047,28.3658504486084,8589934592,2147483648,4707958784,515178496
207,1771789936312,3504,3504,3504,3504,3504,3504,3504,3504,103.43608093261719,102.06977844238281,101.03404235839844,101.30709075927734,85.46763610839844,100.37239074707031,100.6274185180664,101.00615692138672,103.68331909179688,71.42857360839844,70,71.42857360839844,70,95.23809814453125,90.47618865966797,80,85.71428680419922,28.3658504486084,8589934592,2147483648,4704993280,515178496
207,1771789936519,3504,3504,3504,3504,3504,3504,3504,3504,103.43608093261719,102.06977844238281,101.03404235839844,101.30709075927734,85.46763610839844,100.37239074707031,100.6274185180664,101.00615692138672,103.68331909179688,70,71.42857360839844,71.42857360839844,71.42857360839844,90.47618865966797,90,80.95238494873047,78.94737243652344,29.149093627929688,8589934592,2147483648,4705107968,515178496
209,1771789936727,3504,3504,3504,3504,3504,3504,3504,3504,103.43608093261719,102.06977844238281,101.03404235839844,101.30709075927734,85.46763610839844,100.37239074707031,100.6274185180664,101.00615692138672,103.68331909179688,75,75,70,68.18181610107422,85.71428680419922,85.71428680419922,85.71428680419922,86.36363983154297,29.149093627929688,8589934592,2147483648,4703698944,515178496
209,1771789936937,3504,3504,3504,3504,3504,3504,3504,3504,103.43608093261719,102.06977844238281,101.03404235839844,101.30709075927734,85.46763610839844,100.37239074707031,100.6274185180664,101.00615692138672,103.68331909179688,76.19047546386719,72.7272720336914,71.42857360839844,73.68421173095703,85.71428680419922,86.36363983154297,90.90909576416016,85.71428680419922,29.149093627929688,8589934592,2147483648,4718608384,515178496
209,1771789937147,3504,3504,3504,3504,3504,3504,3504,3504,104.54243469238281,102.51579284667969,101.47592163085938,102.12969970703125,85.6711196899414,100.35338592529297,100.37171936035156,100.95423126220703,103.4327621459961,76.19047546386719,76.19047546386719,80.95238494873047,72.7272720336914,90,95,89.47368621826172,80.95238494873047,29.149093627929688,8589934592,2147483648,4700995584,515178496
205,1771789937357,3504,3504,3504,3504,3504,3504,3504,3504,104.54243469238281,102.51579284667969,101.47592163085938,102.12969970703125,85.6711196899414,100.35338592529297,100.37171936035156,100.95423126220703,103.4327621459961,77.2727279663086,75,68.18181610107422,76.19047546386719,90.47618865966797,95.23809814453125,86.36363983154297,86.36363983154297,29.149093627929688,8589934592,2147483648,4667981824,515178496
211,1771789937563,3504,3504,3504,3504,3504,3504,3504,3504,104.54243469238281,102.51579284667969,101.47592163085938,102.12969970703125,85.6711196899414,100.35338592529297,100.37171936035156,100.95423126220703,103.4327621459961,80,71.42857360839844,75,75,86.36363983154297,90.47618865966797,95,85,28.905458450317383,8589934592,2147483648,4665688064,515178496
200,1771789937774,3504,3504,3504,3504,3504,3504,3504,3504,104.54243469238281,102.51579284667969,101.47592163085938,102.12969970703125,85.6711196899414,100.35338592529297,100.37171936035156,100.95423126220703,103.4327621459961,80,80.95238494873047,80.95238494873047,80.95238494873047,90,90.47618865966797,90.90909576416016,90.47618865966797,28.905458450317383,8589934592,2147483648,4674420736,515178496
209,1771789937974,3504,3504,3504,3504,3504,3504,3504,3504,104.54243469238281,102.51579284667969,101.47592163085938,102.12969970703125,85.6711196899414,100.35338592529297,100.37171936035156,100.95423126220703,103.4327621459961,76.19047546386719,75,73.68421173095703,70,90,90,85,85,28.905458450317383,8589934592,2147483648,4661968896,515178496
212,1771789938184,3504,3504,3504,3504,3504,3504,3504,3504,105.69698333740234,103.4420166015625,102.21170043945313,103.0701675415039,86.22273254394531,101.54168701171875,101.50993347167969,102.36793518066406,104.71993255615234,71.42857360839844,71.42857360839844,72.7272720336914,76.19047546386719,90.47618865966797,95.23809814453125,90,85.71428680419922,28.905458450317383,8589934592,2147483648,4642406400,515178496
204,1771789938397,3504,3504,3504,3504,3504,3504,3504,3504,105.69698333740234,103.4420166015625,102.21170043945313,103.0701675415039,86.22273254394531,101.54168701171875,101.50993347167969,102.36793518066406,104.71993255615234,80.95238494873047,80.95238494873047,80.95238494873047,76.19047546386719,90.47618865966797,90,86.36363983154297,95.23809814453125,28.905458450317383,8589934592,2147483648,4642504704,515178496
209,1771789938602,3504,3504,3504,3504,3504,3504,3504,3504,105.69698333740234,103.4420166015625,102.21170043945313,103.0701675415039,86.22273254394531,101.54168701171875,101.50993347167969,102.36793518066406,104.71993255615234,80,80,76.19047546386719,76.19047546386719,90.47618865966797,90.47618865966797,90,85.71428680419922,28.59402847290039,8589934592,2147483648,4642603008,515178496
204,1771789938812,3504,3504,3504,3504,3504,3504,3504,3504,105.69698333740234,103.4420166015625,102.21170043945313,103.0701675415039,86.22273254394531,101.54168701171875,101.50993347167969,102.36793518066406,104.71993255615234,77.2727279663086,76.19047546386719,80,76.19047546386719,85,95.23809814453125,90.47618865966797,90,28.59402847290039,8589934592,2147483648,4642504704,515178496
208,1771789939016,3504,3504,3504,3504,3504,3504,3504,3504,106.08133697509766,104.03843688964844,102.852783203125,103.5477066040039,86.69060516357422,102.09210968017578,102.24817657470703,102.84949493408203,105.5918960571289,80,76.19047546386719,76.19047546386719,80,95.23809814453125,90,90.47618865966797,85.71428680419922,28.59402847290039,8589934592,2147483648,4645797888,515178496
209,1771789939224,3504,3504,3504,3504,3504,3504,3504,3504,106.08133697509766,104.03843688964844,102.852783203125,103.5477066040039,86.69060516357422,102.09210968017578,102.24817657470703,102.84949493408203,105.5918960571289,80,75,75,71.42857360839844,90,90.90909576416016,90,90.47618865966797,28.59402847290039,8589934592,2147483648,4642701312,515178496
209,1771789939434,3504,3504,3504,3504,3504,3504,3504,3504,106.08133697509766,104.03843688964844,102.852783203125,103.5477066040039,86.69060516357422,102.09210968017578,102.24817657470703,102.84949493408203,105.5918960571289,80,80.95238494873047,77.2727279663086,80.95238494873047,90.47618865966797,90.47618865966797,90.47618865966797,95,28.59402847290039,8589934592,2147483648,4659527680,515178496
200,1771789939644,3504,3504,3504,3504,3504,3504,3504,3504,106.08133697509766,104.03843688964844,102.852783203125,103.5477066040039,86.69060516357422,102.09210968017578,102.24817657470703,102.84949493408203,105.5918960571289,81.81818389892578,76.19047546386719,80,75,86.36363983154297,85.71428680419922,90.47618865966797,85.71428680419922,30.43674087524414,8589934592,2147483648,4662362112,515178496
209,1771789939845,3504,3504,3504,3504,3504,3504,3504,3504,106.08133697509766,104.03843688964844,102.852783203125,103.5477066040039,86.69060516357422,102.09210968017578,102.24817657470703,102.84949493408203,105.5918960571289,78.94737243652344,80,75,80,90.47618865966797,89.47368621826172,90,95,30.43674087524414,8589934592,2147483648,4658839552,515178496
216,1771789940055,3504,3504,3504,3504,3504,3504,3504,3504,106.1906509399414,104.2291259765625,103.0197982788086,103.68682861328125,87.0633773803711,102.68843841552734,102.85353088378906,103.38937377929688,106.27742004394531,77.2727279663086,75,75,71.42857360839844,90,90.90909576416016,85.71428680419922,86.36363983154297,30.43674087524414,8589934592,2147483648,4660510720,515178496
204,1771789940272,3504,3504,3504,3504,3504,3504,3504,3504,106.1906509399414,104.2291259765625,103.0197982788086,103.68682861328125,87.0633773803711,102.68843841552734,102.85353088378906,103.38937377929688,106.27742004394531,80.95238494873047,78.26087188720703,77.2727279663086,80.95238494873047,90.90909576416016,90.90909576416016,90.90909576416016,90.47618865966797,30.43674087524414,8589934592,2147483648,4645093376,515178496
209,1771789940477,3504,3504,3504,3504,3504,3504,3504,3504,106.1906509399414,104.2291259765625,103.0197982788086,103.68682861328125,87.0633773803711,102.68843841552734,102.85353088378906,103.38937377929688,106.27742004394531,77.2727279663086,75,77.2727279663086,72.7272720336914,90.47618865966797,90,90.47618865966797,85,30.43674087524414,8589934592,2147483648,4643553280,515178496
201,1771789940687,3504,3504,3504,3504,3504,3504,3504,3504,106.1906509399414,104.2291259765625,103.0197982788086,103.68682861328125,87.0633773803711,102.68843841552734,102.85353088378906,103.38937377929688,106.27742004394531,80,80,75,75,90,90.47618865966797,90,90.47618865966797,30.834505081176758,8589934592,2147483648,4644175872,515178496
204,1771789940889,3504,3504,3504,3504,3504,3504,3504,3504,106.1906509399414,104.2291259765625,103.0197982788086,103.68682861328125,87.0633773803711,102.68843841552734,102.85353088378906,103.38937377929688,106.27742004394531,78.94737243652344,71.42857360839844,75,75,90,95,90,85,30.834505081176758,8589934592,2147483648,4645158912,515178496
209,1771789941093,3504,3504,3504,3504,3504,3504,3504,3504,106.74559020996094,104.72257995605469,103.47942352294922,104.16767120361328,87.30908203125,102.80729675292969,102.76422882080078,103.56764221191406,106.04790496826172,75,78.94737243652344,75,75,90.47618865966797,90,90,85,30.834505081176758,8589934592,2147483648,4643307520,515178496
204,1771789941303,3504,3504,3504,3504,3504,3504,3504,3504,106.74559020996094,104.72257995605469,103.47942352294922,104.16767120361328,87.30908203125,102.80729675292969,102.76422882080078,103.56764221191406,106.04790496826172,81.81818389892578,81.81818389892578,76.19047546386719,80.95238494873047,90,95.23809814453125,90.47618865966797,91.30435180664063,30.834505081176758,8589934592,2147483648,4643946496,515178496
204,1771789941511,3504,3504,3504,3504,3504,3504,3504,3504,106.74559020996094,104.72257995605469,103.47942352294922,104.16767120361328,87.30908203125,102.80729675292969,102.76422882080078,103.56764221191406,106.04790496826172,76.19047546386719,75,76.19047546386719,70,90.90909576416016,85.71428680419922,90.90909576416016,85,29.76266860961914,8589934592,2147483648,4645060608,515178496
215,1771789941715,3504,3504,3504,3504,3504,3504,3504,3504,106.74559020996094,104.72257995605469,103.47942352294922,104.16767120361328,87.30908203125,102.80729675292969,102.76422882080078,103.56764221191406,106.04790496826172,71.42857360839844,71.42857360839844,65,66.66667175292969,84.21052551269531,90,78.94737243652344,80,29.76266860961914,8589934592,2147483648,4690034688,515178496
213,1771789941931,3504,3504,3504,3504,3504,3504,3504,3504,106.74559020996094,104.72257995605469,103.47942352294922,104.16767120361328,87.30908203125,102.80729675292969,102.76422882080078,103.56764221191406,106.04790496826172,70,72.7272720336914,71.42857360839844,68.18181610107422,86.36363983154297,85.71428680419922,81.81818389892578,90.47618865966797,29.76266860961914,8589934592,2147483648,4714479616,515178496
204,1771789942144,3504,3504,3504,3504,3504,3504,3504,3504,105.90425109863281,104.04309844970703,102.8194351196289,103.49271392822266,87.25387573242188,102.40068817138672,102.48506927490234,103.06573486328125,105.71516418457031,72.7272720336914,70,68.18181610107422,71.42857360839844,90.90909576416016,80.95238494873047,90.47618865966797,80.95238494873047,29.76266860961914,8589934592,2147483648,4712923136,515178496
201,1771789942348,3504,3504,3504,3504,3504,3504,3504,3504,105.90425109863281,104.04309844970703,102.8194351196289,103.49271392822266,87.25387573242188,102.40068817138672,102.48506927490234,103.06573486328125,105.71516418457031,75,76.19047546386719,70,71.42857360839844,89.47368621826172,90.47618865966797,85.71428680419922,85.71428680419922,29.76266860961914,8589934592,2147483648,4704092160,515178496
214,1771789942550,3504,3504,3504,3504,3504,3504,3504,3504,105.90425109863281,104.04309844970703,102.8194351196289,103.49271392822266,87.25387573242188,102.40068817138672,102.48506927490234,103.06573486328125,105.71516418457031,75,76.19047546386719,71.42857360839844,70,85.71428680419922,85,85,85,28.902637481689453,8589934592,2147483648,4755554304,515178496
204,1771789942765,3504,3504,3504,3504,3504,3504,3504,3504,105.90425109863281,104.04309844970703,102.8194351196289,103.49271392822266,87.25387573242188,102.40068817138672,102.48506927490234,103.06573486328125,105.71516418457031,71.42857360839844,71.42857360839844,71.42857360839844,70,85.71428680419922,86.36363983154297,86.36363983154297,90.90909576416016,28.902637481689453,8589934592,2147483648,4762353664,515178496
204,1771789942970,3504,3504,3504,3504,3504,3504,3504,3504,105.90425109863281,104.04309844970703,102.8194351196289,103.49271392822266,87.25387573242188,102.40068817138672,102.48506927490234,103.06573486328125,105.71516418457031,71.42857360839844,70,73.68421173095703,71.42857360839844,80.95238494873047,90,85,85.71428680419922,28.902637481689453,8589934592,2147483648,4755587072,515178496
216,1771789943174,3504,3504,3504,3504,3504,3504,3504,3504,105.37391662597656,103.47935485839844,102.45120239257813,103.07954406738281,86.96893310546875,102.22045135498047,102.3656234741211,102.72760772705078,105.46891784667969,75,75,71.42857360839844,68.18181610107422,90,90.47618865966797,80.95238494873047,85,28.902637481689453,8589934592,2147483648,4707303424,515178496
209,1771789943391,3504,3504,3504,3504,3504,3504,3504,3504,105.37391662597656,103.47935485839844,102.45120239257813,103.07954406738281,86.96893310546875,102.22045135498047,102.3656234741211,102.72760772705078,105.46891784667969,72.7272720336914,68.18181610107422,72.7272720336914,70,90.47618865966797,86.36363983154297,85,80.95238494873047,28.902637481689453,8589934592,2147483648,4715118592,515178496
204,1771789943601,3504,3504,3504,3504,3504,3504,3504,3504,105.37391662597656,103.47935485839844,102.45120239257813,103.07954406738281,86.96893310546875,102.22045135498047,102.3656234741211,102.72760772705078,105.46891784667969,76.19047546386719,75,72.7272720336914,68.18181610107422,86.36363983154297,89.47368621826172,86.36363983154297,80.95238494873047,28.46817970275879,8589934592,2147483648,4703846400,515178496
208,1771789943806,3504,3504,3504,3504,3504,3504,3504,3504,105.37391662597656,103.47935485839844,102.45120239257813,103.07954406738281,86.96893310546875,102.22045135498047,102.3656234741211,102.72760772705078,105.46891784667969,71.42857360839844,72.7272720336914,68.42105102539063,75,90,86.36363983154297,80,80.95238494873047,28.46817970275879,8589934592,2147483648,4703518720,515178496
209,1771789944015,3504,3504,3504,3504,3504,3504,3504,3504,105.37391662597656,104.02352905273438,102.91543579101563,103.42007446289063,87.02022552490234,101.9022445678711,101.9493637084961,102.39218139648438,104.90145874023438,76.19047546386719,70,71.42857360839844,66.66667175292969,90.47618865966797,90.47618865966797,85.71428680419922,85.71428680419922,28.46817970275879,8589934592,2147483648,4713824256,515178496
209,1771789944225,3504,3504,3504,3504,3504,3504,3504,3504,105.74298858642578,104.02352905273438,102.91543579101563,103.42007446289063,87.02022552490234,101.9022445678711,101.9493637084961,102.39218139648438,104.90145874023438,71.42857360839844,71.42857360839844,68.18181610107422,71.42857360839844,90.47618865966797,85.71428680419922,81.81818389892578,80.95238494873047,28.46817970275879,8589934592,2147483648,4704501760,515178496
202,1771789944435,3504,3504,3504,3504,3504,3504,3504,3504,105.74298858642578,104.02352905273438,102.91543579101563,103.42007446289063,87.02022552490234,101.9022445678711,101.9493637084961,102.39218139648438,104.90145874023438,75,77.2727279663086,70,66.66667175292969,80.95238494873047,85.71428680419922,85.71428680419922,85.71428680419922,28.46817970275879,8589934592,2147483648,4704501760,515178496
203,1771789944637,3504,3504,3504,3504,3504,3504,3504,3504,105.74298858642578,104.02352905273438,102.91543579101563,103.42007446289063,87.02022552490234,101.9022445678711,101.9493637084961,102.39218139648438,104.90145874023438,75,70,76.19047546386719,75,85,85.71428680419922,84.21052551269531,90,27.433269500732422,8589934592,2147483648,4752687104,515178496
206,1771789944841,3504,3504,3504,3504,3504,3504,3504,3504,105.74298858642578,104.02352905273438,102.91543579101563,103.42007446289063,87.02022552490234,101.9022445678711,101.9493637084961,102.39218139648438,104.90145874023438,71.42857360839844,75,70,71.42857360839844,85.71428680419922,94.73684692382813,85.71428680419922,89.47368621826172,27.433269500732422,8589934592,2147483648,4763238400,515178496
207,1771789945047,3504,3504,3504,3504,3504,3504,3504,3504,105.9105453491211,103.82159423828125,102.84272003173828,103.62543487548828,87.05421447753906,102.15982818603516,102.36587524414063,102.63298034667969,105.41943359375,75,70,71.42857360839844,75,85,85.71428680419922,90.47618865966797,80.95238494873047,27.433269500732422,8589934592,2147483648,4753408000,515178496
202,1771789945255,3504,3504,3504,3504,3504,3504,3504,3504,105.9105453491211,103.82159423828125,102.84272003173828,103.62543487548828,87.05421447753906,102.15982818603516,102.36587524414063,102.63298034667969,105.41943359375,75,71.42857360839844,70,70,81.81818389892578,95.23809814453125,85,85.71428680419922,27.433269500732422,8589934592,2147483648,4775051264,515178496
206,1771789945458,3504,3504,3504,3504,3504,3504,3504,3504,105.9105453491211,103.82159423828125,102.84272003173828,103.62543487548828,87.05421447753906,102.15982818603516,102.36587524414063,102.63298034667969,105.41943359375,76.19047546386719,75,76.19047546386719,76.19047546386719,94.73684692382813,85,85,90.47618865966797,27.433269500732422,8589934592,2147483648,4714233856,515178496
212,1771789945665,3504,3504,3504,3504,3504,3504,3504,3504,105.9105453491211,103.82159423828125,102.84272003173828,103.62543487548828,87.05421447753906,102.15982818603516,102.36587524414063,102.63298034667969,105.41943359375,76.19047546386719,71.42857360839844,70,70,85.71428680419922,85.71428680419922,90.90909576416016,80,30.73983383178711,8589934592,2147483648,4703371264,515178496
201,1771789945877,3504,3504,3504,3504,3504,3504,3504,3504,105.9105453491211,103.82159423828125,102.84272003173828,103.62543487548828,87.05421447753906,102.15982818603516,102.36587524414063,102.63298034667969,105.41943359375,76.19047546386719,76.19047546386719,71.42857360839844,72.7272720336914,95.23809814453125,85,90.47618865966797,85.71428680419922,30.73983383178711,8589934592,2147483648,4703830016,515178496
208,1771789946079,3504,3504,3504,3504,3504,3504,3504,3504,105.73576354980469,104.12735748291016,103.06533813476563,103.5836410522461,87.38827514648438,102.79766845703125,102.7680435180664,103.34880828857422,105.92093658447266,70,75,71.42857360839844,70,85,81.81818389892578,85,95.23809814453125,30.73983383178711,8589934592,2147483648,4714823680,515178496
209,1771789946288,3504,3504,3504,3504,3504,3504,3504,3504,105.73576354980469,104.12735748291016,103.06533813476563,103.5836410522461,87.38827514648438,102.79766845703125,102.7680435180664,103.34880828857422,105.92093658447266,72.7272720336914,68.18181610107422,70,71.42857360839844,85.71428680419922,89.47368621826172,90.47618865966797,85,30.73983383178711,8589934592,2147483648,4691804160,515178496
213,1771789946498,3504,3504,3504,3504,3504,3504,3504,3504,105.73576354980469,104.12735748291016,103.06533813476563,103.5836410522461,87.38827514648438,102.79766845703125,102.7680435180664,103.34880828857422,105.92093658447266,73.68421173095703,70,72.7272720336914,73.68421173095703,86.36363983154297,90.90909576416016,85,81.81818389892578,30.73983383178711,8589934592,2147483648,4704780288,515178496
201,1771789946711,3504,3504,3504,3504,3504,3504,3504,3504,105.73576354980469,104.12735748291016,103.06533813476563,103.5836410522461,87.38827514648438,102.79766845703125,102.7680435180664,103.34880828857422,105.92093658447266,72.7272720336914,76.19047546386719,71.42857360839844,72.7272720336914,90,90.47618865966797,86.36363983154297,90,30.770416259765625,8589934592,2147483648,4715741184,515178496
206,1771789946913,3504,3504,3504,3504,3504,3504,3504,3504,105.73576354980469,104.12735748291016,103.06533813476563,103.5836410522461,87.38827514648438,102.79766845703125,102.7680435180664,103.34880828857422,105.92093658447266,75,70,73.68421173095703,71.42857360839844,90,85,90,81.81818389892578,30.770416259765625,8589934592,2147483648,4754046976,515178496
207,1771789947120,3504,3504,3504,3504,3504,3504,3504,3504,106.10093688964844,104.41545104980469,103.26459503173828,103.77098083496094,87.58208465576172,102.82923126220703,102.85801696777344,103.48780822753906,105.97148132324219,75,75,71.42857360839844,70,85.71428680419922,85.71428680419922,80.95238494873047,89.47368621826172,30.770416259765625,8589934592,2147483648,4715380736,515178496
202,1771789947327,3504,3504,3504,3504,3504,3504,3504,3504,106.10093688964844,104.41545104980469,103.26459503173828,103.77098083496094,87.58208465576172,102.82923126220703,102.85801696777344,103.48780822753906,105.97148132324219,80.95238494873047,77.2727279663086,76.19047546386719,80.95238494873047,90.47618865966797,95,90,86.36363983154297,30.770416259765625,8589934592,2147483648,4676845568,515178496
209,1771789947530,3504,3504,3504,3504,3504,3504,3504,3504,106.10093688964844,104.41545104980469,103.26459503173828,103.77098083496094,87.58208465576172,102.82923126220703,102.85801696777344,103.48780822753906,105.97148132324219,80,80,78.94737243652344,80,90.47618865966797,90.47618865966797,90.47618865966797,90,29.602645874023438,8589934592,2147483648,4676845568,515178496
200,1771789947740,3504,3504,3504,3504,3504,3504,3504,3504,106.10093688964844,104.41545104980469,103.26459503173828,103.77098083496094,87.58208465576172,102.82923126220703,102.85801696777344,103.48780822753906,105.97148132324219,76.19047546386719,80,76.19047546386719,72.7272720336914,90,90.47618865966797,90,85.71428680419922,29.602645874023438,8589934592,2147483648,4664688640,515178496
200,1771789947941,3504,3504,3504,3504,3504,3504,3504,3504,106.10093688964844,104.41545104980469,103.26459503173828,103.77098083496094,87.58208465576172,102.82923126220703,102.85801696777344,103.48780822753906,105.97148132324219,80.95238494873047,80,76.19047546386719,80,90.47618865966797,90,90.47618865966797,90,29.602645874023438,8589934592,2147483648,4658249728,515178496
209,1771789948142,3504,3504,3504,3504,3504,3504,3504,3504,107.2254638671875,105.24410247802734,103.99788665771484,104.67964172363281,87.95680236816406,103.47523498535156,103.51499938964844,104.2330551147461,106.74071502685547,75,76.19047546386719,75,73.68421173095703,89.47368621826172,90.47618865966797,95,84.21052551269531,29.602645874023438,8589934592,2147483648,4658249728,515178496
209,1771789948352,3504,3504,3504,3504,3504,3504,3504,3504,107.2254638671875,105.24410247802734,103.99788665771484,104.67964172363281,87.95680236816406,103.47523498535156,103.51499938964844,104.2330551147461,106.74071502685547,80.95238494873047,85,76.19047546386719,80,90.47618865966797,90.47618865966797,85.71428680419922,86.36363983154297,29.602645874023438,8589934592,2147483648,4658249728,515178496
200,1771789948562,3504,3504,3504,3504,3504,3504,3504,3504,107.2254638671875,105.24410247802734,103.99788665771484,104.67964172363281,87.95680236816406,103.47523498535156,103.51499938964844,104.2330551147461,106.74071502685547,85.71428680419922,81.81818389892578,80.95238494873047,80.95238494873047,86.36363983154297,90,90.47618865966797,90.90909576416016,28.27170753479004,8589934592,2147483648,4658249728,515178496
209,1771789948763,3504,3504,3504,3504,3504,3504,3504,3504,107.2254638671875,105.24410247802734,103.99788665771484,104.67964172363281,87.95680236816406,103.47523498535156,103.51499938964844,104.2330551147461,106.74071502685547,84.21052551269531,78.94737243652344,89.47368621826172,85,89.47368621826172,90.47618865966797,90,89.47368621826172,28.27170753479004,8589934592,2147483648,4647288832,515178496
201,1771789948973,3504,3504,3504,3504,3504,3504,3504,3504,107.2254638671875,105.24410247802734,103.99788665771484,104.67964172363281,87.95680236816406,103.47523498535156,103.51499938964844,104.2330551147461,106.74071502685547,85.71428680419922,80.95238494873047,81.81818389892578,77.2727279663086,86.36363983154297,90,90.47618865966797,90.47618865966797,28.27170753479004,8589934592,2147483648,4646846464,515178496
209,1771789949174,3504,3504,3504,3504,3504,3504,3504,3504,107.31097412109375,105.41941833496094,104.21115112304688,104.86116790771484,88.34703826904297,104.01354217529297,104.00924682617188,104.75748443603516,107.39839172363281,76.19047546386719,76.19047546386719,75,75,94.73684692382813,85.71428680419922,90,85,28.27170753479004,8589934592,2147483648,4647174144,515178496
203,1771789949384,3504,3504,3504,3504,3504,3504,3504,3504,107.31097412109375,105.41941833496094,104.21115112304688,104.86116790771484,88.34703826904297,104.01354217529297,104.00924682617188,104.75748443603516,107.39839172363281,80,76.19047546386719,75,76.19047546386719,90.90909576416016,90,90,86.36363983154297,28.27170753479004,8589934592,2147483648,4647747584,515178496
209,1771789949588,3504,3504,3504,3504,3504,3504,3504,3504,107.31097412109375,105.41941833496094,104.21115112304688,104.86116790771484,88.34703826904297,104.01354217529297,104.00924682617188,104.75748443603516,107.39839172363281,80.95238494873047,78.94737243652344,76.19047546386719,78.94737243652344,94.73684692382813,90.47618865966797,90.47618865966797,89.47368621826172,30.39270782470703,8589934592,2147483648,4647174144,515178496
209,1771789949798,3504,3504,3504,3504,3504,3504,3504,3504,107.31097412109375,105.41941833496094,104.21115112304688,104.86116790771484,88.34703826904297,104.01354217529297,104.00924682617188,104.75748443603516,107.39839172363281,76.19047546386719,77.2727279663086,76.19047546386719,76.19047546386719,90.47618865966797,95,85.71428680419922,85.71428680419922,30.39270782470703,8589934592,2147483648,4647174144,515178496
209,1771789950008,3504,3504,3504,3504,3504,3504,3504,3504,107.31097412109375,105.41941833496094,104.21115112304688,105.2342529296875,88.57535552978516,104.01753997802734,103.94482421875,104.73571014404297,107.28767395019531,80,75,75,73.91304016113281,90.47618865966797,86.36363983154297,90.47618865966797,86.36363983154297,30.39270782470703,8589934592,2147483648,4647452672,515178496
209,1771789950218,3504,3504,3504,3504,3504,3504,3504,3504,107.66564178466797,106.0431900024414,104.6944351196289,105.2342529296875,88.57535552978516,104.01753997802734,103.94482421875,104.73571014404297,107.28767395019531,71.42857360839844,76.19047546386719,76.19047546386719,75,86.36363983154297,90.47618865966797,86.36363983154297,89.47368621826172,30.39270782470703,8589934592,2147483648,4647469056,515178496
211,1771789950428,3504,3504,3504,3504,3504,3504,3504,3504,107.66564178466797,106.0431900024414,104.6944351196289,105.2342529296875,88.57535552978516,104.01753997802734,103.94482421875,104.73571014404297,107.28767395019531,85.71428680419922,80.95238494873047,77.2727279663086,76.19047546386719,90,90,95,86.36363983154297,30.39270782470703,8589934592,2147483648,4653563904,515178496
206,1771789950639,3504,3504,3504,3504,3504,3504,3504,3504,107.66564178466797,106.0431900024414,104.6944351196289,105.2342529296875,88.57535552978516,104.01753997802734,103.94482421875,104.73571014404297,107.28767395019531,80,76.19047546386719,76.19047546386719,76.19047546386719,90.90909576416016,90.47618865966797,90,85.71428680419922,30.21779441833496,8589934592,2147483648,4663721984,515178496
204,1771789950846,3504,3504,3504,3504,3504,3504,3504,3504,107.66564178466797,106.0431900024414,104.6944351196289,105.2342529296875,88.57535552978516,104.01753997802734,103.94482421875,104.73571014404297,107.28767395019531,77.2727279663086,75,75,76.19047546386719,90.47618865966797,90.90909576416016,90.47618865966797,85.71428680419922,30.21779441833496,8589934592,2147483648,4663738368,515178496
209,1771789951051,3504,3504,3504,3504,3504,3504,3504,3504,107.85131072998047,106.03397369384766,104.79698944091797,105.34963989257813,88.67117309570313,104.09517669677734,103.92843627929688,104.87251281738281,107.2670669555664,80,80,76.19047546386719,75,89.47368621826172,89.47368621826172,85.71428680419922,85,30.21779441833496,8589934592,2147483648,4663558144,515178496
201,1771789951261,3504,3504,3504,3504,3504,3504,3504,3504,107.85131072998047,106.03397369384766,104.79698944091797,105.34963989257813,88.67117309570313,104.09517669677734,103.92843627929688,104.87251281738281,107.2670669555664,76.19047546386719,73.91304016113281,71.42857360839844,71.42857360839844,90.47618865966797,90.47618865966797,95.23809814453125,90.47618865966797,30.21779441833496,8589934592,2147483648,4663558144,515178496
204,1771789951463,3504,3504,3504,3504,3504,3504,3504,3504,107.85131072998047,106.03397369384766,104.79698944091797,105.34963989257813,88.67117309570313,104.09517669677734,103.92843627929688,104.87251281738281,107.2670669555664,76.19047546386719,78.94737243652344,75,70,90,90,90,85,30.21779441833496,8589934592,2147483648,4663558144,515178496
209,1771789951667,3504,3504,3504,3504,3504,3504,3504,3504,107.85131072998047,106.03397369384766,104.79698944091797,105.34963989257813,88.67117309570313,104.09517669677734,103.92843627929688,104.87251281738281,107.2670669555664,78.94737243652344,75,75,80,85.71428680419922,90,90.47618865966797,85.71428680419922,29.938880920410156,8589934592,2147483648,4663558144,515178496
209,1771789951877,3504,3504,3504,3504,3504,3504,3504,3504,107.85131072998047,106.03397369384766,104.79698944091797,105.34963989257813,88.67117309570313,104.09517669677734,103.92843627929688,104.87251281738281,107.2670669555664,68.18181610107422,72.7272720336914,66.66667175292969,66.66667175292969,86.36363983154297,81.81818389892578,80,80,29.938880920410156,8589934592,2147483648,4705419264,515178496
206,1771789952087,3504,3504,3504,3504,3504,3504,3504,3504,107.25128173828125,105.46626281738281,104.2661361694336,104.82392120361328,88.60372161865234,104.06018829345703,103.75743103027344,104.85916137695313,106.96803283691406,78.94737243652344,70,71.42857360839844,71.42857360839844,85,85.71428680419922,90.90909576416016,85.71428680419922,29.938880920410156,8589934592,2147483648,4705058816,515178496
209,1771789952293,3504,3504,3504,3504,3504,3504,3504,3504,107.25128173828125,105.46626281738281,104.2661361694336,104.82392120361328,88.60372161865234,104.06018829345703,103.75743103027344,104.85916137695313,106.96803283691406,72.7272720336914,71.42857360839844,70,70,85.71428680419922,90.47618865966797,80,90.47618865966797,29.938880920410156,8589934592,2147483648,4712333312,515178496
203,1771789952504,3504,3504,3504,3504,3504,3504,3504,3504,107.25128173828125,105.46626281738281,104.2661361694336,104.82392120361328,88.60372161865234,104.06018829345703,103.75743103027344,104.85916137695313,106.96803283691406,75,71.42857360839844,71.42857360839844,72.7272720336914,85.71428680419922,90.47618865966797,90.47618865966797,80.95238494873047,29.938880920410156,8589934592,2147483648,4710350848,515178496
209,1771789952708,3504,3504,3504,3504,3504,3504,3504,3504,107.25128173828125,105.46626281738281,104.2661361694336,104.82392120361328,88.60372161865234,104.06018829345703,103.75743103027344,104.85916137695313,106.96803283691406,76.19047546386719,71.42857360839844,75,75,90,90,85.71428680419922,85.71428680419922,29.26283836364746,8589934592,2147483648,4714233856,515178496
206,1771789952918,3504,3504,3504,3504,3504,3504,3504,3504,107.25128173828125,105.46626281738281,104.2661361694336,104.82392120361328,88.60372161865234,104.06018829345703,103.75743103027344,104.85916137695313,106.96803283691406,76.19047546386719,75,71.42857360839844,70,85.71428680419922,85,85.71428680419922,85.71428680419922,29.26283836364746,8589934592,2147483648,4758372352,515178496
211,1771789953124,3504,3504,3504,3504,3504,3504,3504,3504,107.28612518310547,105.46759033203125,104.46691131591797,105.04682922363281,88.477783203125,103.90070343017578,103.79597473144531,104.41861724853516,106.79379272460938,71.42857360839844,71.42857360839844,71.42857360839844,72.7272720336914,85.71428680419922,81.81818389892578,95,85,29.26283836364746,8589934592,2147483648,4754898944,515178496
209,1771789953336,3504,3504,3504,3504,3504,3504,3504,3504,107.28612518310547,105.46759033203125,104.46691131591797,105.04682922363281,88.477783203125,103.90070343017578,103.79597473144531,104.41861724853516,106.79379272460938,76.19047546386719,71.42857360839844,71.42857360839844,70,90.47618865966797,95.23809814453125,85.71428680419922,80.95238494873047,29.26283836364746,8589934592,2147483648,4754898944,515178496
209,1771789953546,3504,3504,3504,3504,3504,3504,3504,3504,107.28612518310547,105.46759033203125,104.46691131591797,105.04682922363281,88.477783203125,103.90070343017578,103.79597473144531,104.41861724853516,106.79379272460938,71.42857360839844,71.42857360839844,71.42857360839844,72.7272720336914,95.23809814453125,80.95238494873047,85.71428680419922,80.95238494873047,27.942062377929688,8589934592,2147483648,4754898944,515178496
210,1771789953755,3504,3504,3504,3504,3504,3504,3504,3504,107.28612518310547,105.46759033203125,104.46691131591797,105.04682922363281,88.477783203125,103.90070343017578,103.79597473144531,104.41861724853516,106.79379272460938,75,71.42857360839844,72.7272720336914,75,85.71428680419922,85.71428680419922,85.71428680419922,90.90909576416016,27.942062377929688,8589934592,2147483648,4754898944,515178496
212,1771789953967,3504,3504,3504,3504,3504,3504,3504,3504,107.28612518310547,105.46759033203125,104.46691131591797,105.04682922363281,88.477783203125,103.90070343017578,103.79597473144531,104.41861724853516,106.79379272460938,76.19047546386719,71.42857360839844,75,71.42857360839844,90,90.47618865966797,81.81818389892578,80.95238494873047,27.942062377929688,8589934592,2147483648,4716118016,515178496
211,1771789954179,3504,3504,3504,3504,3504,3504,3504,3504,107.31437683105469,105.84516906738281,104.70943450927734,105.14757537841797,88.57054901123047,103.6202163696289,103.59475708007813,104.06475830078125,106.6329345703125,68.18181610107422,66.66667175292969,66.66667175292969,68.18181610107422,90.90909576416016,85.71428680419922,85,80,27.942062377929688,8589934592,2147483648,4707172352,515178496
209,1771789954391,3504,3504,3504,3504,3504,3504,3504,3504,107.31437683105469,105.84516906738281,104.70943450927734,105.14757537841797,88.57054901123047,103.6202163696289,103.59475708007813,104.06475830078125,106.6329345703125,76.19047546386719,71.42857360839844,72.7272720336914,71.42857360839844,80.95238494873047,85.71428680419922,90.90909576416016,86.36363983154297,27.942062377929688,8589934592,2147483648,4707008512,515178496
213,1771789954601,3504,3504,3504,3504,3504,3504,3504,3504,107.31437683105469,105.84516906738281,104.70943450927734,105.14757537841797,88.57054901123047,103.6202163696289,103.59475708007813,104.06475830078125,106.6329345703125,76.19047546386719,71.42857360839844,70,71.42857360839844,81.81818389892578,90.47618865966797,85.71428680419922,85.71428680419922,29.494430541992188,8589934592,2147483648,4709285888,515178496
209,1771789954814,3504,3504,3504,3504,3504,3504,3504,3504,107.31437683105469,105.84516906738281,104.70943450927734,105.14757537841797,88.57054901123047,103.6202163696289,103.59475708007813,104.06475830078125,106.6329345703125,76.19047546386719,72.7272720336914,71.42857360839844,71.42857360839844,90.47618865966797,95.23809814453125,81.81818389892578,85.71428680419922,29.494430541992188,8589934592,2147483648,4706828288,515178496
200,1771789955024,3504,3504,3504,3504,3504,3504,3504,3504,107.42100524902344,105.4223861694336,104.52674865722656,105.15248107910156,88.61654663085938,104.29556274414063,104.16911315917969,104.81227111816406,107.25676727294922,80.95238494873047,73.68421173095703,72.7272720336914,71.42857360839844,85,86.36363983154297,90,85,29.494430541992188,8589934592,2147483648,4706582528,515178496
210,1771789955224,3504,3504,3504,3504,3504,3504,3504,3504,107.42100524902344,105.4223861694336,104.52674865722656,105.15248107910156,88.61654663085938,104.29556274414063,104.16911315917969,104.81227111816406,107.25676727294922,76.19047546386719,76.19047546386719,70,70,90,85,85,85.71428680419922,29.494430541992188,8589934592,2147483648,4711120896,515178496
209,1771789955435,3504,3504,3504,3504,3504,3504,3504,3504,107.42100524902344,105.4223861694336,104.52674865722656,105.15248107910156,88.61654663085938,104.29556274414063,104.16911315917969,104.81227111816406,107.25676727294922,75,76.19047546386719,76.19047546386719,72.7272720336914,85.71428680419922,90,85.71428680419922,86.36363983154297,29.494430541992188,8589934592,2147483648,4705648640,515178496
213,1771789955645,3504,3504,3504,3504,3504,3504,3504,3504,107.42100524902344,105.4223861694336,104.52674865722656,105.15248107910156,88.61654663085938,104.29556274414063,104.16911315917969,104.81227111816406,107.25676727294922,76.19047546386719,70,75,70,85.71428680419922,95.23809814453125,80,90.47618865966797,28.653724670410156,8589934592,2147483648,4710875136,515178496
211,1771789955858,3504,3504,3504,3504,3504,3504,3504,3504,107.42100524902344,105.4223861694336,104.52674865722656,105.15248107910156,88.61654663085938,104.29556274414063,104.16911315917969,104.81227111816406,107.25676727294922,76.19047546386719,72.7272720336914,76.19047546386719,80,90.47618865966797,85.71428680419922,90.47618865966797,85.71428680419922,28.653724670410156,8589934592,2147483648,4713807872,515178496
209,1771789956069,3504,3504,3504,3504,3504,3504,3504,3504,107.43374633789063,105.68428802490234,104.7093276977539,105.18928527832031,88.80255126953125,104.35538482666016,104.45118713378906,104.71570587158203,107.62438201904297,71.42857360839844,71.42857360839844,71.42857360839844,72.7272720336914,85.71428680419922,90.90909576416016,81.81818389892578,90,28.653724670410156,8589934592,2147483648,4702814208,515178496
207,1771789956279,3504,3504,3504,3504,3504,3504,3504,3504,107.43374633789063,105.68428802490234,104.7093276977539,105.18928527832031,88.80255126953125,104.35538482666016,104.45118713378906,104.71570587158203,107.62438201904297,76.19047546386719,72.7272720336914,71.42857360839844,72.7272720336914,90.90909576416016,80.95238494873047,90.47618865966797,81.81818389892578,28.653724670410156,8589934592,2147483648,4710875136,515178496
209,1771789956487,3504,3504,3504,3504,3504,3504,3504,3504,107.43374633789063,105.68428802490234,104.7093276977539,105.18928527832031,88.80255126953125,104.35538482666016,104.45118713378906,104.71570587158203,107.62438201904297,75,76.19047546386719,71.42857360839844,75,90.47618865966797,85.71428680419922,85.71428680419922,95,28.653724670410156,8589934592,2147483648,4755259392,515178496
202,1771789956697,3504,3504,3504,3504,3504,3504,3504,3504,107.43374633789063,105.68428802490234,104.7093276977539,105.18928527832031,88.80255126953125,104.35538482666016,104.45118713378906,104.71570587158203,107.62438201904297,72.7272720336914,75,71.42857360839844,66.66667175292969,85.71428680419922,90,85.71428680419922,80.95238494873047,29.85968780517578,8589934592,2147483648,4755374080,515178496
209,1771789956900,3504,3504,3504,3504,3504,3504,3504,3504,107.43374633789063,105.68428802490234,104.7093276977539,105.18928527832031,88.80255126953125,104.35538482666016,104.45118713378906,104.71570587158203,107.62438201904297,70,70,70,70,80.95238494873047,86.36363983154297,85,85,29.85968780517578,8589934592,2147483648,4755374080,515178496
209,1771789957110,3504,3504,3504,3504,3504,3504,3504,3504,107.2459945678711,105.78571319580078,104.71930694580078,104.99701690673828,88.84613800048828,104.32459259033203,104.20154571533203,104.84111022949219,107.31073760986328,76.19047546386719,75,71.42857360839844,75,95,85.71428680419922,86.36363983154297,81.81818389892578,29.85968780517578,8589934592,2147483648,4702257152,515178496
207,1771789957320,3504,3504,3504,3504,3504,3504,3504,3504,107.2459945678711,105.78571319580078,104.71930694580078,104.99701690673828,88.84613800048828,104.32459259033203,104.20154571533203,104.84111022949219,107.31073760986328,76.19047546386719,72.7272720336914,72.7272720336914,72.7272720336914,90,90,90.47618865966797,90,29.85968780517578,8589934592,2147483648,4678975488,515178496
209,1771789957528,3504,3504,3504,3504,3504,3504,3504,3504,107.2459945678711,105.78571319580078,104.71930694580078,104.99701690673828,88.84613800048828,104.32459259033203,104.20154571533203,104.84111022949219,107.31073760986328,76.19047546386719,76.19047546386719,75,75,90.47618865966797,90.47618865966797,90,85.71428680419922,29.287025451660156,8589934592,2147483648,4679106560,515178496
200,1771789957738,3504,3504,3504,3504,3504,3504,3504,3504,107.2459945678711,105.78571319580078,104.71930694580078,104.99701690673828,88.84613800048828,104.32459259033203,104.20154571533203,104.84111022949219,107.31073760986328,80.95238494873047,75,71.42857360839844,76.19047546386719,90.47618865966797,90.47618865966797,90.47618865966797,85.71428680419922,29.287025451660156,8589934592,2147483648,4678008832,515178496
205,1771789957938,3504,3504,3504,3504,3504,3504,3504,3504,107.2459945678711,105.78571319580078,104.71930694580078,104.99701690673828,88.84613800048828,104.32459259033203,104.20154571533203,104.84111022949219,107.31073760986328,78.94737243652344,80,78.94737243652344,75,90,85,90.47618865966797,85.71428680419922,29.287025451660156,8589934592,2147483648,4664147968,515178496
202,1771789958144,3504,3504,3504,3504,3504,3504,3504,3504,108.01837158203125,106.34834289550781,105.06455993652344,105.5979232788086,89.15030670166016,104.61245727539063,104.46521759033203,105.36329650878906,107.79690551757813,80.95238494873047,76.19047546386719,76.19047546386719,71.42857360839844,90.47618865966797,90.47618865966797,94.73684692382813,90,29.287025451660156,8589934592,2147483648,4660936704,515178496
206,1771789958346,3504,3504,3504,3504,3504,3504,3504,3504,108.01837158203125,106.34834289550781,105.06455993652344,105.5979232788086,89.15030670166016,104.61245727539063,104.46521759033203,105.36329650878906,107.79690551757813,78.94737243652344,75,75,76.19047546386719,90,89.47368621826172,90,85,29.287025451660156,8589934592,2147483648,4645797888,515178496
204,1771789958553,3504,3504,3504,3504,3504,3504,3504,3504,108.01837158203125,106.34834289550781,105.06455993652344,105.5979232788086,89.15030670166016,104.61245727539063,104.46521759033203,105.36329650878906,107.79690551757813,80.95238494873047,80.95238494873047,80.95238494873047,80,90.47618865966797,90.47618865966797,90.47618865966797,95,29.395071029663086,8589934592,2147483648,4648976384,515178496
209,1771789958758,3504,3504,3504,3504,3504,3504,3504,3504,108.01837158203125,106.34834289550781,105.06455993652344,105.5979232788086,89.15030670166016,104.61245727539063,104.46521759033203,105.36329650878906,107.79690551757813,75,75,71.42857360839844,76.19047546386719,90.47618865966797,90.47618865966797,90,85.71428680419922,29.395071029663086,8589934592,2147483648,4645830656,515178496
206,1771789958968,3504,3504,3504,3504,3504,3504,3504,3504,108.01837158203125,106.34834289550781,105.06455993652344,105.5979232788086,89.15030670166016,104.61245727539063,104.46521759033203,105.36329650878906,107.79690551757813,72.7272720336914,77.2727279663086,75,75,90,85,86.36363983154297,90.47618865966797,29.395071029663086,8589934592,2147483648,4645830656,515178496
214,1771789959174,3504,3504,3504,3504,3504,3504,3504,3504,107.65579223632813,105.99098205566406,104.71733856201172,105.21666717529297,89.14688110351563,104.41007232666016,104.43426513671875,105.09412384033203,107.74456024169922,80,78.94737243652344,75,76.19047546386719,90.47618865966797,90.90909576416016,90,85.71428680419922,29.395071029663086,8589934592,2147483648,4645683200,515178496
204,1771789959389,3504,3504,3504,3504,3504,3504,3504,3504,107.65579223632813,105.99098205566406,104.71733856201172,105.21666717529297,89.14688110351563,104.41007232666016,104.43426513671875,105.09412384033203,107.74456024169922,77.2727279663086,72.7272720336914,73.91304016113281,76.19047546386719,86.36363983154297,85.71428680419922,90.90909576416016,90.47618865966797,29.395071029663086,8589934592,2147483648,4648157184,515178496
211,1771789959593,3504,3504,3504,3504,3504,3504,3504,3504,107.65579223632813,105.99098205566406,104.71733856201172,105.21666717529297,89.14688110351563,104.41007232666016,104.43426513671875,105.09412384033203,107.74456024169922,80,80,80,80,94.73684692382813,89.47368621826172,90.47618865966797,85.71428680419922,28.98965072631836,8589934592,2147483648,4645683200,515178496
202,1771789959805,3504,3504,3504,3504,3504,3504,3504,3504,107.65579223632813,105.99098205566406,104.71733856201172,105.21666717529297,89.14688110351563,104.41007232666016,104.43426513671875,105.09412384033203,107.74456024169922,80,77.2727279663086,75,75,86.36363983154297,90.90909576416016,90,90,28.98965072631836,8589934592,2147483648,4648861696,515178496
206,1771789960010,3504,3504,3504,3504,3504,3504,3504,3504,107.65579223632813,105.99098205566406,105.04138946533203,105.52869415283203,89.265625,104.72358703613281,104.4906234741211,105.49755096435547,107.77082824707031,80.95238494873047,73.68421173095703,76.19047546386719,76.19047546386719,95,90,90,85.71428680419922,28.98965072631836,8589934592,2147483648,4648861696,515178496
209,1771789960217,3504,3504,3504,3504,3504,3504,3504,3504,107.88746643066406,106.28751373291016,105.04138946533203,105.52869415283203,89.265625,104.72358703613281,104.4906234741211,105.49755096435547,107.77082824707031,80,76.19047546386719,76.19047546386719,76.19047546386719,90.47618865966797,90.47618865966797,90.47618865966797,90,28.98965072631836,8589934592,2147483648,4646715392,515178496
8,1771789960427,3504,3504,3504,3504,3504,3504,3504,3504,107.88746643066406,106.28751373291016,105.04138946533203,105.52869415283203,89.265625,104.72358703613281,104.4906234741211,105.49755096435547,107.77082824707031,80.95238494873047,80.95238494873047,80.95238494873047,76.19047546386719,90.47618865966797,90.47618865966797,90.47618865966797,90.90909576416016,28.98965072631836,8589934592,2147483648,4647174144,515178496
