Delta,Time,CPU_FREQUENCY_0,CPU_FREQUENCY_1,CPU_FREQUENCY_2,CPU_FREQUENCY_3,CPU_FREQUENCY_4,CPU_FREQUENCY_5,CPU_FREQUENCY_6,CPU_FREQUENCY_7,CPU_TEMP_0,CPU_TEMP_1,CPU_TEMP_2,CPU_TEMP_3,CPU_TEMP_4,CPU_TEMP_5,CPU_TEMP_6,CPU_TEMP_7,CPU_TEMP_8,CPU_USAGE_0,CPU_USAGE_1,CPU_USAGE_2,CPU_USAGE_3,CPU_USAGE_4,CPU_USAGE_5,CPU_USAGE_6,CPU_USAGE_7,SYSTEM_POWER (Watts),TOTAL_MEMORY,TOTAL_SWAP,USED_MEMORY,USED_SWAP
0,1771640012512,3504,3504,3504,3504,3504,3504,3504,3504,51.78017807006836,50.954071044921875,50.05677795410156,49.835487365722656,50.11092758178711,49.856529235839844,49.54371643066406,50.8117561340332,50.95465850830078,0,50,0,0,100,0,0,0,8.946806907653809,8589934592,1073741824,5336580096,299040768
209,1771640012512,3504,3504,3504,3504,3504,3504,3504,3504,51.78017807006836,50.954071044921875,50.05677795410156,49.835487365722656,50.11092758178711,49.856529235839844,49.54371643066406,50.8117561340332,50.95465850830078,50,0,0,0,0,0,NaN,0,8.946806907653809,8589934592,1073741824,5336301568,299040768
205,1771640012722,3504,3504,3504,3504,3504,3504,3504,3504,51.78017807006836,50.954071044921875,50.05677795410156,49.835487365722656,50.11092758178711,49.856529235839844,49.54371643066406,50.8117561340332,50.95465850830078,20,9.523809432983398,9.523809432983398,14.285715103149414,9.523809432983398,9.523809432983398,4.545454502105713,4.545454502105713,2.1319711208343506,8589934592,1073741824,5335891968,299040768
215,1771640012928,3504,3504,3504,3504,3504,3504,3504,3504,51.78017807006836,50.954071044921875,50.05677795410156,49.835487365722656,50.11092758178711,49.856529235839844,49.54371643066406,50.8117561340332,50.95465850830078,15.000000953674316,10,14.285715103149414,15.000000953674316,0,0,0,0,2.1319711208343506,8589934592,1073741824,5335924736,299040768
214,1771640013144,3504,3504,3504,3504,3504,3504,3504,3504,51.966793060302734,51.30572509765625,50.16357421875,49.927955627441406,49.4036750793457,49.63971710205078,49.22814178466797,50.55730056762695,50.65488052368164,43.4782600402832,31.81818199157715,35,36.3636360168457,36.3636360168457,33.333335876464844,33.333335876464844,28.571430206298828,2.1319711208343506,8589934592,1073741824,5358223360,299040768
204,1771640013359,3504,3504,3504,3504,3504,3504,3504,3504,51.966793060302734,51.30572509765625,50.16357421875,49.927955627441406,49.4036750793457,49.63971710205078,49.22814178466797,50.55730056762695,50.65488052368164,70,71.42857360839844,71.42857360839844,68.18181610107422,90,86.36363983154297,81.81818389892578,81.81818389892578,2.1319711208343506,8589934592,1073741824,5388402688,299040768
209,1771640013564,3504,3504,3504,3504,3504,3504,3504,3504,51.966793060302734,51.30572509765625,50.16357421875,49.927955627441406,49.4036750793457,49.63971710205078,49.22814178466797,50.55730056762695,50.65488052368164,75,71.42857360839844,71.42857360839844,70,85.71428680419922,85.71428680419922,90,84.21052551269531,2.1319711208343506,8589934592,1073741824,5392416768,299040768
202,1771640013774,3504,3504,3504,3504,3504,3504,3504,3504,51.966793060302734,51.30572509765625,50.16357421875,49.927955627441406,49.4036750793457,49.63971710205078,49.22814178466797,50.55730056762695,50.65488052368164,68.18181610107422,71.42857360839844,66.66667175292969,66.66667175292969,80.95238494873047,80,80,90.47618865966797,2.661215305328369,8589934592,1073741824,5354143744,299040768
209,1771640013977,3504,3504,3504,3504,3504,3504,3504,3504,51.966793060302734,51.30572509765625,50.16357421875,49.927955627441406,49.4036750793457,49.63971710205078,49.22814178466797,50.55730056762695,50.65488052368164,80,70,75,75,90.47618865966797,85.71428680419922,85.71428680419922,85.71428680419922,2.661215305328369,8589934592,1073741824,5354143744,299040768
208,1771640014187,3504,3504,3504,3504,3504,3504,3504,3504,74.79507446289063,72.94303131103516,72.1483383178711,72.89189147949219,59.104732513427734,72.32193756103516,72.7062759399414,72.68902587890625,74.82292175292969,72.7272720336914,71.42857360839844,72.7272720336914,72.7272720336914,85.71428680419922,85.71428680419922,90,86.36363983154297,2.661215305328369,8589934592,1073741824,5360304128,299040768
204,1771640014396,3504,3504,3504,3504,3504,3504,3504,3504,74.79507446289063,72.94303131103516,72.1483383178711,72.89189147949219,59.104732513427734,72.32193756103516,72.7062759399414,72.68902587890625,74.82292175292969,75,71.42857360839844,70,68.42105102539063,90.47618865966797,85.71428680419922,81.81818389892578,85,2.661215305328369,8589934592,1073741824,5156519936,299040768
201,1771640014601,3504,3504,3504,3504,3504,3504,3504,3504,74.79507446289063,72.94303131103516,72.1483383178711,72.89189147949219,59.104732513427734,72.32193756103516,72.7062759399414,72.68902587890625,74.82292175292969,70,70,66.66667175292969,68.18181610107422,89.47368621826172,85.71428680419922,80,90.47618865966797,2.661215305328369,8589934592,1073741824,5156519936,299040768
209,1771640014803,3504,3504,3504,3504,3504,3504,3504,3504,74.79507446289063,72.94303131103516,72.1483383178711,72.89189147949219,59.104732513427734,72.32193756103516,72.7062759399414,72.68902587890625,74.82292175292969,76.19047546386719,71.42857360839844,70,70,90.47618865966797,90,85,78.94737243652344,3.203582525253296,8589934592,1073741824,5156519936,299040768
209,1771640015013,3504,3504,3504,3504,3504,3504,3504,3504,74.79507446289063,72.94303131103516,72.1483383178711,72.89189147949219,59.104732513427734,72.32193756103516,72.7062759399414,72.68902587890625,74.82292175292969,76.19047546386719,70,71.42857360839844,71.42857360839844,85.71428680419922,85.71428680419922,86.36363983154297,86.36363983154297,3.203582525253296,8589934592,1073741824,5156519936,299040768
209,1771640015223,3504,3504,3504,3504,3504,3504,3504,3504,80.70729064941406,79.11763763427734,78.18970489501953,78.75407409667969,64.15938568115234,77.53125762939453,77.80316925048828,77.91756439208984,80.13265228271484,65,66.66667175292969,66.66667175292969,60.000003814697266,90.47618865966797,90,80,75,3.203582525253296,8589934592,1073741824,5158928384,299040768
209,1771640015433,3504,3504,3504,3504,3504,3504,3504,3504,80.70729064941406,79.11763763427734,78.18970489501953,78.75407409667969,64.15938568115234,77.53125762939453,77.80316925048828,77.91756439208984,80.13265228271484,80.95238494873047,70,71.42857360839844,69.56521606445313,86.36363983154297,85.71428680419922,90.47618865966797,85.71428680419922,3.203582525253296,8589934592,1073741824,5188059136,299040768
213,1771640015643,3504,3504,3504,3504,3504,3504,3504,3504,80.70729064941406,79.11763763427734,78.18970489501953,78.75407409667969,64.15938568115234,77.53125762939453,77.80316925048828,77.91756439208984,80.13265228271484,68.18181610107422,68.18181610107422,68.18181610107422,68.42105102539063,85.71428680419922,85.71428680419922,77.2727279663086,86.36363983154297,17.97386360168457,8589934592,1073741824,5176737792,299040768
209,1771640015856,3504,3504,3504,3504,3504,3504,3504,3504,80.70729064941406,79.11763763427734,78.18970489501953,78.75407409667969,64.15938568115234,77.53125762939453,77.80316925048828,77.91756439208984,80.13265228271484,80,66.66667175292969,70,68.18181610107422,86.36363983154297,86.36363983154297,80,85.71428680419922,17.97386360168457,8589934592,1073741824,5176737792,299040768
209,1771640016066,3504,3504,3504,3504,3504,3504,3504,3504,80.70729064941406,79.11763763427734,78.18970489501953,78.75407409667969,64.15938568115234,77.53125762939453,77.80316925048828,77.91756439208984,80.13265228271484,72.7272720336914,71.42857360839844,66.66667175292969,70,89.47368621826172,85.71428680419922,85.71428680419922,80,17.97386360168457,8589934592,1073741824,5176737792,299040768
200,1771640016276,3504,3504,3504,3504,3504,3504,3504,3504,82.8404541015625,81.01058959960938,80.35374450683594,81.02259063720703,66.2323226928711,79.6064682006836,79.91474914550781,79.987548828125,82.29280853271484,70,72.7272720336914,71.42857360839844,68.18181610107422,81.81818389892578,90,81.81818389892578,81.81818389892578,17.97386360168457,8589934592,1073741824,5147672576,299040768
203,1771640016477,3504,3504,3504,3504,3504,3504,3504,3504,82.8404541015625,81.01058959960938,80.35374450683594,81.02259063720703,66.2323226928711,79.6064682006836,79.91474914550781,79.987548828125,82.29280853271484,75,66.66667175292969,70,70,90,85,78.94737243652344,80,17.97386360168457,8589934592,1073741824,5138284544,299040768
209,1771640016680,3504,3504,3504,3504,3504,3504,3504,3504,82.8404541015625,81.01058959960938,80.35374450683594,81.02259063720703,66.2323226928711,79.6064682006836,79.91474914550781,79.987548828125,82.29280853271484,68.18181610107422,71.42857360839844,65,65,85,85,80,85.71428680419922,19.338741302490234,8589934592,1073741824,5148966912,299040768
204,1771640016890,3504,3504,3504,3504,3504,3504,3504,3504,82.8404541015625,81.01058959960938,80.35374450683594,81.02259063720703,66.2323226928711,79.6064682006836,79.91474914550781,79.987548828125,82.29280853271484,75,65,68.18181610107422,63.6363639831543,85.71428680419922,81.81818389892578,86.36363983154297,80,19.338741302490234,8589934592,1073741824,5188403200,299040768
209,1771640017094,3504,3504,3504,3504,3504,3504,3504,3504,82.8404541015625,81.01058959960938,80.35374450683594,81.02259063720703,66.2323226928711,79.6064682006836,79.91474914550781,79.987548828125,82.29280853271484,75,72.7272720336914,68.42105102539063,70,85.71428680419922,90.47618865966797,85,85.71428680419922,19.338741302490234,8589934592,1073741824,5164515328,299040768
206,1771640017305,3504,3504,3504,3504,3504,3504,3504,3504,84.29513549804688,82.47482299804688,81.78578186035156,82.45956420898438,67.5559310913086,80.88749694824219,81.0296401977539,81.30815124511719,83.39545440673828,77.2727279663086,71.42857360839844,71.42857360839844,70,95,80.95238494873047,76.19047546386719,80.95238494873047,19.338741302490234,8589934592,1073741824,5199544320,299040768
204,1771640017511,3504,3504,3504,3504,3504,3504,3504,3504,84.29513549804688,82.47482299804688,81.78578186035156,82.45956420898438,67.5559310913086,80.88749694824219,81.0296401977539,81.30815124511719,83.39545440673828,68.42105102539063,70,68.18181610107422,65,80.95238494873047,90,90.47618865966797,80.95238494873047,19.338741302490234,8589934592,1073741824,5154766848,299040768
209,1771640017717,3504,3504,3504,3504,3504,3504,3504,3504,84.29513549804688,82.47482299804688,81.78578186035156,82.45956420898438,67.5559310913086,80.88749694824219,81.0296401977539,81.30815124511719,83.39545440673828,71.42857360839844,66.66667175292969,73.68421173095703,68.18181610107422,85.71428680419922,85.71428680419922,80.95238494873047,90,19.73968505859375,8589934592,1073741824,5155225600,299040768
210,1771640017926,3504,3504,3504,3504,3504,3504,3504,3504,84.29513549804688,82.47482299804688,81.78578186035156,82.45956420898438,67.5559310913086,80.88749694824219,81.0296401977539,81.30815124511719,83.39545440673828,76.19047546386719,76.19047546386719,71.42857360839844,75,90.47618865966797,85.71428680419922,90,85.71428680419922,19.73968505859375,8589934592,1073741824,5161353216,299040768
200,1771640018137,3504,3504,3504,3504,3504,3504,3504,3504,85.89989471435547,84.13263702392578,83.36280822753906,84.00957489013672,68.85293579101563,82.44735717773438,82.76815032958984,82.83692169189453,85.2450942993164,75,70,72.7272720336914,72.7272720336914,90.47618865966797,90,77.2727279663086,85.71428680419922,19.73968505859375,8589934592,1073741824,5161353216,299040768
209,1771640018338,3504,3504,3504,3504,3504,3504,3504,3504,85.89989471435547,84.13263702392578,83.36280822753906,84.00957489013672,68.85293579101563,82.44735717773438,82.76815032958984,82.83692169189453,85.2450942993164,19.047618865966797,14.285715103149414,25,10.526315689086914,15.000000953674316,20,15.789472579956055,10,19.73968505859375,8589934592,1073741824,5137711104,299040768
209,1771640018548,3504,3504,3504,3504,3504,3504,3504,3504,85.89989471435547,84.13263702392578,83.36280822753906,84.00957489013672,68.85293579101563,82.44735717773438,82.76815032958984,82.83692169189453,85.2450942993164,14.285715103149414,14.285715103149414,14.285715103149414,9.090909004211426,0,0,0,0,19.73968505859375,8589934592,1073741824,5138628608,299040768
202,1771640018758,3504,3504,3504,3504,3504,3504,3504,3504,85.89989471435547,84.13263702392578,83.36280822753906,84.00957489013672,68.85293579101563,82.44735717773438,82.76815032958984,82.83692169189453,85.2450942993164,14.285715103149414,19.047618865966797,22.72727394104004,10,0,0,0,0,19.13872718811035,8589934592,1073741824,5138628608,299040768
205,1771640018962,3504,3504,3504,3504,3504,3504,3504,3504,85.89989471435547,84.13263702392578,83.36280822753906,84.00957489013672,68.85293579101563,82.44735717773438,82.76815032958984,82.83692169189453,85.2450942993164,20,15.000000953674316,5.555555820465088,9.523809432983398,0,0,0,0,19.13872718811035,8589934592,1073741824,5138497536,299040768
208,1771640019168,3504,3504,3504,3504,3504,3504,3504,3504,61.49513626098633,60.93649673461914,59.79261016845703,59.67865753173828,59.0024299621582,59.484596252441406,59.03662109375,60.33552551269531,60.689117431640625,25,15.000000953674316,14.285715103149414,10,0,0,0,0,19.13872718811035,8589934592,1073741824,5138628608,299040768
208,1771640019376,3504,3504,3504,3504,3504,3504,3504,3504,61.49513626098633,60.93649673461914,59.79261016845703,59.67865753173828,59.0024299621582,59.484596252441406,59.03662109375,60.33552551269531,60.689117431640625,28.571430206298828,19.047618865966797,19.047618865966797,9.523809432983398,0,0,0,0,19.13872718811035,8589934592,1073741824,5138743296,299040768
207,1771640019585,3504,3504,3504,3504,3504,3504,3504,3504,61.49513626098633,60.93649673461914,59.79261016845703,59.67865753173828,59.0024299621582,59.484596252441406,59.03662109375,60.33552551269531,60.689117431640625,23.809524536132813,19.047618865966797,13.636363983154297,5,0,0,0,0,19.13872718811035,8589934592,1073741824,5138595840,299040768
201,1771640019793,3504,3504,3504,3504,3504,3504,3504,3504,61.49513626098633,60.93649673461914,59.79261016845703,59.67865753173828,59.0024299621582,59.484596252441406,59.03662109375,60.33552551269531,60.689117431640625,15.000000953674316,30.000001907348633,10,13.636363983154297,0,0,0,0,20.066844940185547,8589934592,1073741824,5138710528,299040768
205,1771640019995,3504,3504,3504,3504,3504,3504,3504,3504,61.49513626098633,60.93649673461914,59.79261016845703,59.67865753173828,59.0024299621582,59.484596252441406,59.03662109375,60.33552551269531,60.689117431640625,15.000000953674316,20,10,5,0,0,0,0,20.066844940185547,8589934592,1073741824,5138710528,299040768
209,1771640020201,3504,3504,3504,3504,3504,3504,3504,3504,54.346458435058594,53.99060821533203,52.873130798339844,52.69590759277344,52.933013916015625,52.68646240234375,52.354583740234375,53.522281646728516,53.70677185058594,14.285715103149414,28.571430206298828,15.000000953674316,5,0,0,0,0,20.066844940185547,8589934592,1073741824,5138677760,299040768
206,1771640020411,3504,3504,3504,3504,3504,3504,3504,3504,54.346458435058594,53.99060821533203,52.873130798339844,52.69590759277344,52.933013916015625,52.68646240234375,52.354583740234375,53.522281646728516,53.70677185058594,19.047618865966797,23.809524536132813,10,9.523809432983398,0,0,0,0,20.066844940185547,8589934592,1073741824,5138759680,299040768
208,1771640020618,3504,3504,3504,3504,3504,3504,3504,3504,54.346458435058594,53.99060821533203,52.873130798339844,52.69590759277344,52.933013916015625,52.68646240234375,52.354583740234375,53.522281646728516,53.70677185058594,23.809524536132813,19.047618865966797,18.18181800842285,10,0,0,0,0,20.066844940185547,8589934592,1073741824,5138743296,299040768
207,1771640020827,3504,3504,3504,3504,3504,3504,3504,3504,54.346458435058594,53.99060821533203,52.873130798339844,52.69590759277344,52.933013916015625,52.68646240234375,52.354583740234375,53.522281646728516,53.70677185058594,20,10,15.000000953674316,9.523809432983398,0,0,0,0,3.606044292449951,8589934592,1073741824,5138759680,299040768
202,1771640021034,3504,3504,3504,3504,3504,3504,3504,3504,54.346458435058594,53.99060821533203,52.873130798339844,52.69590759277344,52.933013916015625,52.68646240234375,52.354583740234375,53.522281646728516,53.70677185058594,23.809524536132813,19.047618865966797,19.047618865966797,9.523809432983398,0,0,0,0,3.606044292449951,8589934592,1073741824,5138644992,299040768
209,1771640021237,3504,3504,3504,3504,3504,3504,3504,3504,52.14356231689453,51.26929473876953,50.46308898925781,50.33751678466797,50.61085891723633,50.33635711669922,49.983055114746094,51.23076248168945,51.35240173339844,15.000000953674316,15.000000953674316,15.000000953674316,9.523809432983398,0,0,0,0,3.606044292449951,8589934592,1073741824,5138644992,299040768
209,1771640021447,3504,3504,3504,3504,3504,3504,3504,3504,52.14356231689453,51.26929473876953,50.46308898925781,50.33751678466797,50.61085891723633,50.33635711669922,49.983055114746094,51.23076248168945,51.35240173339844,28.571430206298828,14.285715103149414,19.047618865966797,10,0,0,0,0,3.606044292449951,8589934592,1073741824,5138825216,299040768
209,1771640021657,3504,3504,3504,3504,3504,3504,3504,3504,52.14356231689453,51.26929473876953,50.46308898925781,50.33751678466797,50.61085891723633,50.33635711669922,49.983055114746094,51.23076248168945,51.35240173339844,23.809524536132813,23.809524536132813,14.285715103149414,9.523809432983398,0,0,0,0,1.9589723348617554,8589934592,1073741824,5138120704,299040768
201,1771640021867,3504,3504,3504,3504,3504,3504,3504,3504,52.14356231689453,51.26929473876953,50.46308898925781,50.33751678466797,50.61085891723633,50.33635711669922,49.983055114746094,51.23076248168945,51.35240173339844,23.809524536132813,15.000000953674316,9.523809432983398,5,0,0,0,0,1.9589723348617554,8589934592,1073741824,5138137088,299040768
209,1771640022069,3504,3504,3504,3504,3504,3504,3504,3504,52.14356231689453,51.26929473876953,50.46308898925781,50.33751678466797,50.61085891723633,50.33635711669922,49.983055114746094,51.23076248168945,51.35240173339844,26.3157901763916,27.272727966308594,15.000000953674316,19.047618865966797,0,0,0,0,1.9589723348617554,8589934592,1073741824,5138137088,299040768
209,1771640022278,3504,3504,3504,3504,3504,3504,3504,3504,50.563804626464844,49.760189056396484,48.91734313964844,48.773231506347656,49.16685104370117,48.883872985839844,48.52276611328125,49.74775695800781,49.80423355102539,22.72727394104004,15.000000953674316,14.285715103149414,14.285715103149414,0,0,0,0,1.9589723348617554,8589934592,1073741824,5138137088,299040768
200,1771640022488,3504,3504,3504,3504,3504,3504,3504,3504,50.563804626464844,49.760189056396484,48.91734313964844,48.773231506347656,49.16685104370117,48.883872985839844,48.52276611328125,49.74775695800781,49.80423355102539,20,20,14.285715103149414,9.523809432983398,0,0,0,0,1.9589723348617554,8589934592,1073741824,5133123584,299040768
209,1771640022689,3504,3504,3504,3504,3504,3504,3504,3504,50.563804626464844,49.760189056396484,48.91734313964844,48.773231506347656,49.16685104370117,48.883872985839844,48.52276611328125,49.74775695800781,49.80423355102539,20,28.571430206298828,15.789472579956055,10,0,0,0,0,2.401712417602539,8589934592,1073741824,5133008896,299040768
201,1771640022899,3504,3504,3504,3504,3504,3504,3504,3504,50.563804626464844,49.760189056396484,48.91734313964844,48.773231506347656,49.16685104370117,48.883872985839844,48.52276611328125,49.74775695800781,49.80423355102539,9.523809432983398,25,9.090909004211426,9.523809432983398,9.090909004211426,4.545454502105713,4.545454502105713,0,2.401712417602539,8589934592,1073741824,5133205504,299040768
209,1771640023101,3504,3504,3504,3504,3504,3504,3504,3504,50.563804626464844,49.760189056396484,48.91734313964844,48.773231506347656,49.16685104370117,48.883872985839844,48.52276611328125,49.74775695800781,49.80423355102539,20,20,10,5.263157844543457,0,0,0,0,2.401712417602539,8589934592,1073741824,5133205504,299040768
209,1771640023311,3504,3504,3504,3504,3504,3504,3504,3504,49.421443939208984,48.86829376220703,47.853065490722656,47.615028381347656,47.95380783081055,47.80437469482422,47.43559265136719,48.6434326171875,48.67992401123047,57.142860412597656,47.619049072265625,45,52.38095474243164,71.42857360839844,57.142860412597656,52.38095474243164,63.6363639831543,2.401712417602539,8589934592,1073741824,5133205504,299040768
206,1771640023521,3504,3504,3504,3504,3504,3504,3504,3504,49.421443939208984,48.86829376220703,47.853065490722656,47.615028381347656,47.95380783081055,47.80437469482422,47.43559265136719,48.6434326171875,48.67992401123047,71.42857360839844,71.42857360839844,71.42857360839844,68.18181610107422,85,90,85,85,2.401712417602539,8589934592,1073741824,5191139328,299040768
209,1771640023728,3504,3504,3504,3504,3504,3504,3504,3504,49.421443939208984,48.86829376220703,47.853065490722656,47.615028381347656,47.95380783081055,47.80437469482422,47.43559265136719,48.6434326171875,48.67992401123047,76.19047546386719,71.42857360839844,71.42857360839844,71.42857360839844,85.71428680419922,85.71428680419922,90.90909576416016,80.95238494873047,2.53595232963562,8589934592,1073741824,5171200000,299040768
205,1771640023938,3504,3504,3504,3504,3504,3504,3504,3504,49.421443939208984,48.86829376220703,47.853065490722656,47.615028381347656,47.95380783081055,47.80437469482422,47.43559265136719,48.6434326171875,48.67992401123047,75,75,71.42857360839844,71.42857360839844,90.47618865966797,85.71428680419922,80.95238494873047,90.47618865966797,2.53595232963562,8589934592,1073741824,5180686336,299040768
210,1771640024144,3504,3504,3504,3504,3504,3504,3504,3504,71.95280456542969,70.37322235107422,69.51177978515625,70.11154174804688,57.232391357421875,69.40745544433594,69.57564544677734,69.85379791259766,71.62659454345703,77.2727279663086,77.2727279663086,75,70,86.36363983154297,90.47618865966797,90,85.71428680419922,2.53595232963562,8589934592,1073741824,5177212928,299040768
209,1771640024354,3504,3504,3504,3504,3504,3504,3504,3504,71.95280456542969,70.37322235107422,69.51177978515625,70.11154174804688,57.232391357421875,69.40745544433594,69.57564544677734,69.85379791259766,71.62659454345703,70,70,66.66667175292969,66.66667175292969,85,85.71428680419922,80.95238494873047,80.95238494873047,2.53595232963562,8589934592,1073741824,5186830336,299040768
202,1771640024564,3504,3504,3504,3504,3504,3504,3504,3504,71.95280456542969,70.37322235107422,69.51177978515625,70.11154174804688,57.232391357421875,69.40745544433594,69.57564544677734,69.85379791259766,71.62659454345703,76.19047546386719,66.66667175292969,71.42857360839844,72.7272720336914,85.71428680419922,90.47618865966797,86.36363983154297,85,2.53595232963562,8589934592,1073741824,5174935552,299040768
208,1771640024767,3504,3504,3504,3504,3504,3504,3504,3504,71.95280456542969,70.37322235107422,69.51177978515625,70.11154174804688,57.232391357421875,69.40745544433594,69.57564544677734,69.85379791259766,71.62659454345703,75,71.42857360839844,71.42857360839844,68.42105102539063,90,95,84.21052551269531,85,1.9108006954193115,8589934592,1073741824,5191974912,299040768
202,1771640024985,3504,3504,3504,3504,3504,3504,3504,3504,71.95280456542969,70.37322235107422,69.51177978515625,70.11154174804688,57.232391357421875,69.40745544433594,69.57564544677734,69.85379791259766,71.62659454345703,72.7272720336914,66.66667175292969,63.6363639831543,68.18181610107422,81.81818389892578,86.36363983154297,81.81818389892578,86.36363983154297,1.9108006954193115,8589934592,1073741824,5191974912,299040768
206,1771640025188,3504,3504,3504,3504,3504,3504,3504,3504,80.38323211669922,78.12743377685547,77.42017364501953,78.3709716796875,63.492645263671875,76.90232849121094,77.28836059570313,77.25444793701172,79.62676239013672,76.19047546386719,75,70,75,90,90,80,90.47618865966797,1.9108006954193115,8589934592,1073741824,5191974912,299040768
206,1771640025394,3504,3504,3504,3504,3504,3504,3504,3504,80.38323211669922,78.12743377685547,77.42017364501953,78.3709716796875,63.492645263671875,76.90232849121094,77.28836059570313,77.25444793701172,79.62676239013672,78.94737243652344,71.42857360839844,76.19047546386719,70,90.47618865966797,90.47618865966797,90.47618865966797,90,1.9108006954193115,8589934592,1073741824,5191974912,299040768
209,1771640025601,3504,3504,3504,3504,3504,3504,3504,3504,80.38323211669922,78.12743377685547,77.42017364501953,78.3709716796875,63.492645263671875,76.90232849121094,77.28836059570313,77.25444793701172,79.62676239013672,76.19047546386719,70,65,71.42857360839844,80.95238494873047,85,85,85.71428680419922,1.9108006954193115,8589934592,1073741824,5178916864,299040768
200,1771640025811,3504,3504,3504,3504,3504,3504,3504,3504,80.38323211669922,78.12743377685547,77.42017364501953,78.3709716796875,63.492645263671875,76.90232849121094,77.28836059570313,77.25444793701172,79.62676239013672,77.2727279663086,70,71.42857360839844,66.66667175292969,90,90.90909576416016,90.47618865966797,81.81818389892578,18.983112335205078,8589934592,1073741824,5163991040,299040768
210,1771640026011,3504,3504,3504,3504,3504,3504,3504,3504,80.38323211669922,78.12743377685547,77.42017364501953,78.3709716796875,63.492645263671875,76.90232849121094,77.28836059570313,77.25444793701172,79.62676239013672,73.68421173095703,72.7272720336914,70,71.42857360839844,85.71428680419922,90,85.71428680419922,89.47368621826172,18.983112335205078,8589934592,1073741824,5141725184,299040768
204,1771640026222,3504,3504,3504,3504,3504,3504,3504,3504,82.83043670654297,80.80811309814453,79.87625122070313,80.75077056884766,66.11548614501953,79.54065704345703,79.91557312011719,80.2739486694336,82.4775619506836,71.42857360839844,70,71.42857360839844,70,85.71428680419922,85.71428680419922,85.71428680419922,80.95238494873047,18.983112335205078,8589934592,1073741824,5163040768,299040768
204,1771640026427,3504,3504,3504,3504,3504,3504,3504,3504,82.83043670654297,80.80811309814453,79.87625122070313,80.75077056884766,66.11548614501953,79.54065704345703,79.91557312011719,80.2739486694336,82.4775619506836,75,70,70,70,85,90,78.94737243652344,85.71428680419922,18.983112335205078,8589934592,1073741824,5149065216,299040768
206,1771640026631,3504,3504,3504,3504,3504,3504,3504,3504,82.83043670654297,80.80811309814453,79.87625122070313,80.75077056884766,66.11548614501953,79.54065704345703,79.91557312011719,80.2739486694336,82.4775619506836,71.42857360839844,66.66667175292969,70,65,90,85.71428680419922,90.47618865966797,85,19.33072853088379,8589934592,1073741824,5185290240,299040768
209,1771640026838,3504,3504,3504,3504,3504,3504,3504,3504,82.83043670654297,80.80811309814453,79.87625122070313,80.75077056884766,66.11548614501953,79.54065704345703,79.91557312011719,80.2739486694336,82.4775619506836,71.42857360839844,70,72.7272720336914,71.42857360839844,85.71428680419922,90,90.47618865966797,80.95238494873047,19.33072853088379,8589934592,1073741824,5174329344,299040768
207,1771640027048,3504,3504,3504,3504,3504,3504,3504,3504,82.83043670654297,80.80811309814453,79.87625122070313,80.75077056884766,66.11548614501953,79.54065704345703,79.91557312011719,80.2739486694336,82.4775619506836,71.42857360839844,68.18181610107422,70,68.18181610107422,90.47618865966797,90.47618865966797,81.81818389892578,85.71428680419922,19.33072853088379,8589934592,1073741824,5193334784,299040768
204,1771640027256,3504,3504,3504,3504,3504,3504,3504,3504,84.53192901611328,82.48860931396484,81.83992004394531,82.62757873535156,67.65374755859375,81.41413879394531,81.48072814941406,81.97075653076172,83.79688262939453,70,71.42857360839844,66.66667175292969,66.66667175292969,80.95238494873047,85.71428680419922,89.47368621826172,80.95238494873047,19.33072853088379,8589934592,1073741824,5193334784,299040768
200,1771640027461,3504,3504,3504,3504,3504,3504,3504,3504,84.53192901611328,82.48860931396484,81.83992004394531,82.62757873535156,67.65374755859375,81.41413879394531,81.48072814941406,81.97075653076172,83.79688262939453,71.42857360839844,71.42857360839844,76.19047546386719,75,90,90,85.71428680419922,85.71428680419922,19.33072853088379,8589934592,1073741824,5193334784,299040768
212,1771640027662,3504,3504,3504,3504,3504,3504,3504,3504,84.53192901611328,82.48860931396484,81.83992004394531,82.62757873535156,67.65374755859375,81.41413879394531,81.48072814941406,81.97075653076172,83.79688262939453,70,68.42105102539063,68.42105102539063,65,85.71428680419922,85,85.71428680419922,84.21052551269531,19.776941299438477,8589934592,1073741824,5133959168,299040768
206,1771640027874,3504,3504,3504,3504,3504,3504,3504,3504,84.53192901611328,82.48860931396484,81.83992004394531,82.62757873535156,67.65374755859375,81.41413879394531,81.48072814941406,81.97075653076172,83.79688262939453,76.19047546386719,68.18181610107422,72.7272720336914,71.42857360839844,90.47618865966797,85.71428680419922,80.95238494873047,81.81818389892578,19.776941299438477,8589934592,1073741824,5174247424,299040768
207,1771640028081,3504,3504,3504,3504,3504,3504,3504,3504,84.53192901611328,82.48860931396484,81.83992004394531,82.62757873535156,67.65374755859375,81.41413879394531,81.48072814941406,81.97075653076172,83.79688262939453,71.42857360839844,68.42105102539063,70,66.66667175292969,90.47618865966797,85.71428680419922,85,80,19.776941299438477,8589934592,1073741824,5152702464,299040768
209,1771640028289,3504,3504,3504,3504,3504,3504,3504,3504,85.65748596191406,84.00382232666016,83.20135498046875,83.81985473632813,68.8790283203125,82.78176879882813,82.8166275024414,83.16777801513672,85.16395568847656,60.000003814697266,61.904762268066406,59.09090805053711,57.142860412597656,75,71.42857360839844,71.42857360839844,66.66667175292969,19.776941299438477,8589934592,1073741824,5175492608,299040768
209,1771640028499,3504,3504,3504,3504,3504,3504,3504,3504,85.65748596191406,84.00382232666016,83.20135498046875,83.81985473632813,68.8790283203125,82.78176879882813,82.8166275024414,83.16777801513672,85.16395568847656,4.761904716491699,4.761904716491699,15.000000953674316,4.761904716491699,4.545454502105713,4.761904716491699,4.761904716491699,0,19.776941299438477,8589934592,1073741824,5159272448,299040768
203,1771640028709,3504,3504,3504,3504,3504,3504,3504,3504,85.65748596191406,84.00382232666016,83.20135498046875,83.81985473632813,68.8790283203125,82.78176879882813,82.8166275024414,83.16777801513672,85.16395568847656,19.047618865966797,14.285715103149414,22.72727394104004,4.761904716491699,0,0,0,0,19.56743812561035,8589934592,1073741824,5159944192,299040768
209,1771640028913,3504,3504,3504,3504,3504,3504,3504,3504,85.65748596191406,84.00382232666016,83.20135498046875,83.81985473632813,68.8790283203125,82.78176879882813,82.8166275024414,83.16777801513672,85.16395568847656,20,15.000000953674316,15.789472579956055,10,0,0,0,0,19.56743812561035,8589934592,1073741824,5156913152,299040768
204,1771640029123,3504,3504,3504,3504,3504,3504,3504,3504,85.65748596191406,84.00382232666016,62.37162780761719,62.378929138183594,60.270172119140625,61.98155975341797,61.53337097167969,62.759674072265625,63.3016357421875,23.809524536132813,13.636363983154297,13.636363983154297,9.523809432983398,0,0,0,0,19.56743812561035,8589934592,1073741824,5157044224,299040768
209,1771640029328,3504,3504,3504,3504,3504,3504,3504,3504,64.17498016357422,63.47944641113281,62.37162780761719,62.378929138183594,60.270172119140625,61.98155975341797,61.53337097167969,62.759674072265625,63.3016357421875,23.809524536132813,15.000000953674316,15.000000953674316,5,0,0,0,0,19.56743812561035,8589934592,1073741824,5157060608,299040768
206,1771640029538,3504,3504,3504,3504,3504,3504,3504,3504,64.17498016357422,63.47944641113281,62.37162780761719,62.378929138183594,60.270172119140625,61.98155975341797,61.53337097167969,62.759674072265625,63.3016357421875,19.047618865966797,19.047618865966797,14.285715103149414,19.047618865966797,0,0,0,0,19.56743812561035,8589934592,1073741824,5156519936,299040768
209,1771640029744,3504,3504,3504,3504,3504,3504,3504,3504,64.17498016357422,63.47944641113281,62.37162780761719,62.378929138183594,60.270172119140625,61.98155975341797,61.53337097167969,62.759674072265625,63.3016357421875,15.000000953674316,20,10,19.047618865966797,0,0,0,0,19.73643684387207,8589934592,1073741824,5156192256,299040768
208,1771640029955,3504,3504,3504,3504,3504,3504,3504,3504,64.17498016357422,63.47944641113281,62.37162780761719,62.378929138183594,60.270172119140625,61.98155975341797,61.53337097167969,62.759674072265625,63.3016357421875,23.809524536132813,19.047618865966797,14.285715103149414,9.523809432983398,0,0,0,0,19.73643684387207,8589934592,1073741824,5154226176,299040768
203,1771640030163,3504,3504,3504,3504,3504,3504,3504,3504,54.68409729003906,54.39631271362305,53.21772766113281,53.044212341308594,53.29545974731445,53.07609558105469,52.67070007324219,53.87470626831055,54.10179138183594,28.571430206298828,10,13.636363983154297,5,0,0,0,0,19.73643684387207,8589934592,1073741824,5151358976,299040768
204,1771640030368,3504,3504,3504,3504,3504,3504,3504,3504,54.68409729003906,54.39631271362305,53.21772766113281,53.044212341308594,53.29545974731445,53.07609558105469,52.67070007324219,53.87470626831055,54.10179138183594,21.052631378173828,14.285715103149414,15.000000953674316,15.000000953674316,0,4.545454502105713,0,0,19.73643684387207,8589934592,1073741824,5151358976,299040768
204,1771640030573,3504,3504,3504,3504,3504,3504,3504,3504,54.68409729003906,54.39631271362305,53.21772766113281,53.044212341308594,53.29545974731445,53.07609558105469,52.67070007324219,53.87470626831055,54.10179138183594,27.272727966308594,14.285715103149414,5.263157844543457,15.000000953674316,0,0,0,0,19.73643684387207,8589934592,1073741824,5151358976,299040768
207,1771640030778,3504,3504,3504,3504,3504,3504,3504,3504,54.68409729003906,54.39631271362305,53.21772766113281,53.044212341308594,53.29545974731445,53.07609558105469,52.67070007324219,53.87470626831055,54.10179138183594,10,10,20,23.809524536132813,0,0,0,0,7.326722145080566,8589934592,1073741824,5147590656,299040768
206,1771640030986,3504,3504,3504,3504,3504,3504,3504,3504,54.68409729003906,54.39631271362305,53.21772766113281,53.044212341308594,53.29545974731445,53.07609558105469,52.67070007324219,53.87470626831055,54.10179138183594,15.000000953674316,9.523809432983398,22.72727394104004,19.047618865966797,0,0,0,0,7.326722145080566,8589934592,1073741824,5147590656,299040768
201,1771640031193,3504,3504,3504,3504,3504,3504,3504,3504,52.3646240234375,51.59235763549805,50.738853454589844,50.62384033203125,50.88588333129883,50.61839294433594,50.26039123535156,51.50485610961914,51.638912200927734,14.285715103149414,15.000000953674316,15.000000953674316,19.047618865966797,0,0,0,0,7.326722145080566,8589934592,1073741824,5147918336,299040768
209,1771640031395,3504,3504,3504,3504,3504,3504,3504,3504,52.3646240234375,51.59235763549805,50.738853454589844,50.62384033203125,50.88588333129883,50.61839294433594,50.26039123535156,51.50485610961914,51.638912200927734,10,9.523809432983398,14.285715103149414,20,0,0,0,0,7.326722145080566,8589934592,1073741824,5147918336,299040768
206,1771640031605,3504,3504,3504,3504,3504,3504,3504,3504,52.3646240234375,51.59235763549805,50.738853454589844,50.62384033203125,50.88588333129883,50.61839294433594,50.26039123535156,51.50485610961914,51.638912200927734,18.18181800842285,15.000000953674316,5,25,0,0,0,0,7.326722145080566,8589934592,1073741824,5147557888,299040768
209,1771640031811,3504,3504,3504,3504,3504,3504,3504,3504,52.3646240234375,51.59235763549805,50.738853454589844,50.62384033203125,50.88588333129883,50.61839294433594,50.26039123535156,51.50485610961914,51.638912200927734,21.052631378173828,15.000000953674316,19.047618865966797,31.81818199157715,0,0,0,0,2.142554521560669,8589934592,1073741824,5148049408,299040768
204,1771640032021,3504,3504,3504,3504,3504,3504,3504,3504,52.3646240234375,51.59235763549805,50.738853454589844,50.62384033203125,50.88588333129883,50.61839294433594,50.26039123535156,51.50485610961914,51.638912200927734,19.047618865966797,18.18181800842285,14.285715103149414,20,0,0,0,0,2.142554521560669,8589934592,1073741824,5148491776,299040768
209,1771640032227,3504,3504,3504,3504,3504,3504,3504,3504,50.84186553955078,49.99104690551758,49.181251525878906,49.001182556152344,49.377994537353516,49.09880828857422,48.7691650390625,49.9658317565918,50.09647750854492,19.047618865966797,10,9.523809432983398,25,0,0,0,0,2.142554521560669,8589934592,1073741824,5148491776,299040768
209,1771640032437,3504,3504,3504,3504,3504,3504,3504,3504,50.84186553955078,49.99104690551758,49.181251525878906,49.001182556152344,49.377994537353516,49.09880828857422,48.7691650390625,49.9658317565918,50.09647750854492,5,14.285715103149414,10,22.72727394104004,0,0,0,0,2.142554521560669,8589934592,1073741824,5148491776,299040768
204,1771640032647,3504,3504,3504,3504,3504,3504,3504,3504,50.84186553955078,49.99104690551758,49.181251525878906,49.001182556152344,49.377994537353516,49.09880828857422,48.7691650390625,49.9658317565918,50.09647750854492,22.72727394104004,20,14.285715103149414,14.285715103149414,0,0,0,0,2.593071460723877,8589934592,1073741824,5148491776,299040768
209,1771640032851,3504,3504,3504,3504,3504,3504,3504,3504,50.84186553955078,49.99104690551758,49.181251525878906,49.001182556152344,49.377994537353516,49.09880828857422,48.7691650390625,49.9658317565918,50.09647750854492,15.000000953674316,25,10,10,10,10,5,9.523809432983398,2.593071460723877,8589934592,1073741824,5128093696,299040768
208,1771640033062,3504,3504,3504,3504,3504,3504,3504,3504,50.84186553955078,49.99104690551758,49.181251525878906,49.001182556152344,49.377994537353516,49.09880828857422,48.7691650390625,49.9658317565918,50.09647750854492,19.047618865966797,18.18181800842285,19.047618865966797,10,0,0,0,0,2.593071460723877,8589934592,1073741824,5128437760,299040768
206,1771640033271,3504,3504,3504,3504,3504,3504,3504,3504,49.74212646484375,49.142242431640625,48.13023376464844,47.915138244628906,48.280189514160156,48.12593078613281,47.727783203125,48.978721618652344,49.043643951416016,20,20,22.72727394104004,9.523809432983398,14.285715103149414,5,9.090909004211426,5,2.593071460723877,8589934592,1073741824,5099372544,299040768
209,1771640033477,3504,3504,3504,3504,3504,3504,3504,3504,49.74212646484375,49.142242431640625,48.13023376464844,47.915138244628906,48.280189514160156,48.12593078613281,47.727783203125,48.978721618652344,49.043643951416016,71.42857360839844,66.66667175292969,65,71.42857360839844,85,81.81818389892578,85,80.95238494873047,2.593071460723877,8589934592,1073741824,5181095936,299040768
210,1771640033688,3504,3504,3504,3504,3504,3504,3504,3504,49.74212646484375,49.142242431640625,48.13023376464844,47.915138244628906,48.280189514160156,48.12593078613281,47.727783203125,48.978721618652344,49.043643951416016,66.66667175292969,71.42857360839844,70,71.42857360839844,86.36363983154297,90.47618865966797,90,77.2727279663086,2.0087413787841797,8589934592,1073741824,5207375872,299040768
209,1771640033898,3504,3504,3504,3504,3504,3504,3504,3504,49.74212646484375,49.142242431640625,48.13023376464844,47.915138244628906,48.280189514160156,48.12593078613281,47.727783203125,48.978721618652344,49.043643951416016,75,71.42857360839844,68.18181610107422,71.42857360839844,85.71428680419922,84.21052551269531,86.36363983154297,85,2.0087413787841797,8589934592,1073741824,5209128960,299040768
204,1771640034108,3504,3504,3504,3504,3504,3504,3504,3504,49.74212646484375,49.142242431640625,48.13023376464844,47.915138244628906,48.280189514160156,48.12593078613281,47.727783203125,48.978721618652344,49.043643951416016,72.7272720336914,71.42857360839844,71.42857360839844,76.19047546386719,86.36363983154297,95.45454406738281,80.95238494873047,80.95238494873047,2.0087413787841797,8589934592,1073741824,5199101952,299040768
205,1771640034312,3504,3504,3504,3504,3504,3504,3504,3504,69.69085693359375,67.96056365966797,67.01319122314453,67.70258331298828,56.09976577758789,66.71330261230469,66.84707641601563,67.2854995727539,68.7931900024414,70,71.42857360839844,68.42105102539063,66.66667175292969,89.47368621826172,80.95238494873047,80.95238494873047,90,2.0087413787841797,8589934592,1073741824,5172183040,299040768
213,1771640034518,3504,3504,3504,3504,3504,3504,3504,3504,69.69085693359375,67.96056365966797,67.01319122314453,67.70258331298828,56.09976577758789,66.71330261230469,66.84707641601563,67.2854995727539,68.7931900024414,70,70,68.18181610107422,70,85.71428680419922,85,85,80.95238494873047,2.0087413787841797,8589934592,1073741824,5181489152,299040768
209,1771640034732,3504,3504,3504,3504,3504,3504,3504,3504,69.69085693359375,67.96056365966797,67.01319122314453,67.70258331298828,56.09976577758789,66.71330261230469,66.84707641601563,67.2854995727539,68.7931900024414,68.18181610107422,72.7272720336914,65,68.18181610107422,95.23809814453125,85.71428680419922,80.95238494873047,81.81818389892578,2.4267561435699463,8589934592,1073741824,5158371328,299040768
202,1771640034942,3504,3504,3504,3504,3504,3504,3504,3504,69.69085693359375,67.96056365966797,67.01319122314453,67.70258331298828,56.09976577758789,66.71330261230469,66.84707641601563,67.2854995727539,68.7931900024414,71.42857360839844,75,76.19047546386719,70,85.71428680419922,90.47618865966797,86.36363983154297,85,2.4267561435699463,8589934592,1073741824,5162827776,299040768
207,1771640035144,3504,3504,3504,3504,3504,3504,3504,3504,79.63988494873047,78.16646575927734,77.29883575439453,77.83088684082031,63.252777099609375,76.3558120727539,76.71192169189453,76.7155990600586,78.99060821533203,71.42857360839844,66.66667175292969,66.66667175292969,70,90.47618865966797,80.95238494873047,80,85.71428680419922,2.4267561435699463,8589934592,1073741824,5166727168,299040768
206,1771640035352,3504,3504,3504,3504,3504,3504,3504,3504,79.63988494873047,78.16646575927734,77.29883575439453,77.83088684082031,63.252777099609375,76.3558120727539,76.71192169189453,76.7155990600586,78.99060821533203,73.68421173095703,70,71.42857360839844,68.18181610107422,85,95,85,80.95238494873047,2.4267561435699463,8589934592,1073741824,5155815424,299040768
199,1771640035561,3504,3504,3504,3504,3504,3504,3504,3504,79.63988494873047,78.16646575927734,77.29883575439453,77.83088684082031,63.252777099609375,76.3558120727539,76.71192169189453,76.7155990600586,78.99060821533203,71.42857360839844,68.18181610107422,65,73.68421173095703,80.95238494873047,85.71428680419922,86.36363983154297,81.81818389892578,2.4267561435699463,8589934592,1073741824,5198790656,299040768
209,1771640035761,3504,3504,3504,3504,3504,3504,3504,3504,79.63988494873047,78.16646575927734,77.29883575439453,77.83088684082031,63.252777099609375,76.3558120727539,76.71192169189453,76.7155990600586,78.99060821533203,71.42857360839844,73.68421173095703,70,71.42857360839844,84.21052551269531,80,89.47368621826172,88.8888931274414,15.224913597106934,8589934592,1073741824,5168496640,299040768
206,1771640035971,3504,3504,3504,3504,3504,3504,3504,3504,79.63988494873047,78.16646575927734,77.29883575439453,77.83088684082031,63.252777099609375,76.3558120727539,76.71192169189453,76.7155990600586,78.99060821533203,70,66.66667175292969,66.66667175292969,71.42857360839844,86.36363983154297,86.36363983154297,81.81818389892578,81.81818389892578,15.224913597106934,8589934592,1073741824,5181128704,299040768
204,1771640036178,3504,3504,3504,3504,3504,3504,3504,3504,82.20919799804688,80.15348815917969,79.5020980834961,80.28367614746094,65.7928695678711,79.44337463378906,79.69667053222656,79.92171478271484,81.96595764160156,71.42857360839844,66.66667175292969,68.18181610107422,65,85,80,85,85,15.224913597106934,8589934592,1073741824,5170364416,299040768
205,1771640036382,3504,3504,3504,3504,3504,3504,3504,3504,82.20919799804688,80.15348815917969,79.5020980834961,80.28367614746094,65.7928695678711,79.44337463378906,79.69667053222656,79.92171478271484,81.96595764160156,71.42857360839844,70,68.42105102539063,66.66667175292969,85.71428680419922,85.71428680419922,85,80,15.224913597106934,8589934592,1073741824,5161025536,299040768
211,1771640036588,3504,3504,3504,3504,3504,3504,3504,3504,82.20919799804688,80.15348815917969,79.5020980834961,80.28367614746094,65.7928695678711,79.44337463378906,79.69667053222656,79.92171478271484,81.96595764160156,75,70,68.18181610107422,71.42857360839844,90.47618865966797,89.47368621826172,85,77.2727279663086,15.224913597106934,8589934592,1073741824,5153112064,299040768
201,1771640036799,3504,3504,3504,3504,3504,3504,3504,3504,82.20919799804688,80.15348815917969,79.5020980834961,80.28367614746094,65.7928695678711,79.44337463378906,79.69667053222656,79.92171478271484,81.96595764160156,71.42857360839844,72.7272720336914,70,65,80.95238494873047,90.90909576416016,80.95238494873047,84.21052551269531,19.106685638427734,8589934592,1073741824,5144068096,299040768
209,1771640037001,3504,3504,3504,3504,3504,3504,3504,3504,82.20919799804688,80.15348815917969,79.5020980834961,80.28367614746094,65.7928695678711,79.44337463378906,79.69667053222656,79.92171478271484,81.96595764160156,75,70,71.42857360839844,71.42857360839844,90,90,81.81818389892578,81.81818389892578,19.106685638427734,8589934592,1073741824,5151408128,299040768
199,1771640037211,3504,3504,3504,3504,3504,3504,3504,3504,84.50065612792969,82.39046478271484,81.71492004394531,82.56102752685547,67.43257904052734,80.81958770751953,81.04745483398438,81.2794418334961,83.31876373291016,70,71.42857360839844,70,71.42857360839844,85.71428680419922,90.47618865966797,85,85.71428680419922,19.106685638427734,8589934592,1073741824,5162139648,299040768
212,1771640037411,3504,3504,3504,3504,3504,3504,3504,3504,84.50065612792969,82.39046478271484,81.71492004394531,82.56102752685547,67.43257904052734,80.81958770751953,81.04745483398438,81.2794418334961,83.31876373291016,71.42857360839844,75,70,70,85,85,85.71428680419922,89.47368621826172,19.106685638427734,8589934592,1073741824,5177507840,299040768
203,1771640037623,3504,3504,3504,3504,3504,3504,3504,3504,84.50065612792969,82.39046478271484,81.71492004394531,82.56102752685547,67.43257904052734,80.81958770751953,81.04745483398438,81.2794418334961,83.31876373291016,71.42857360839844,66.66667175292969,66.66667175292969,66.66667175292969,85.71428680419922,85.71428680419922,80,81.81818389892578,19.901792526245117,8589934592,1073741824,5189681152,299040768
200,1771640037827,3504,3504,3504,3504,3504,3504,3504,3504,84.50065612792969,82.39046478271484,81.71492004394531,82.56102752685547,67.43257904052734,80.81958770751953,81.04745483398438,81.2794418334961,83.31876373291016,70,70,70,71.42857360839844,90,85.71428680419922,95.23809814453125,85,19.901792526245117,8589934592,1073741824,5189844992,299040768
209,1771640038027,3504,3504,3504,3504,3504,3504,3504,3504,84.50065612792969,82.39046478271484,81.71492004394531,82.56102752685547,67.43257904052734,80.81958770751953,81.04745483398438,81.2794418334961,83.31876373291016,70,76.19047546386719,71.42857360839844,68.42105102539063,90,90,84.21052551269531,80.95238494873047,19.901792526245117,8589934592,1073741824,5189632000,299040768
206,1771640038237,3504,3504,3504,3504,3504,3504,3504,3504,85.67973327636719,83.81635284423828,83.0487060546875,83.68360900878906,68.80459594726563,82.60562896728516,82.81035614013672,83.05193328857422,85.20491027832031,66.66667175292969,65,66.66667175292969,66.66667175292969,81.81818389892578,90.47618865966797,77.2727279663086,85,19.901792526245117,8589934592,1073741824,5153898496,299040768
209,1771640038444,3504,3504,3504,3504,3504,3504,3504,3504,85.67973327636719,83.81635284423828,83.0487060546875,83.68360900878906,68.80459594726563,82.60562896728516,82.81035614013672,83.05193328857422,85.20491027832031,52.38095474243164,52.38095474243164,45,42.85714340209961,55,55,57.142860412597656,54.54545593261719,19.901792526245117,8589934592,1073741824,5155127296,299040768
206,1771640038655,3504,3504,3504,3504,3504,3504,3504,3504,85.67973327636719,83.81635284423828,83.0487060546875,83.68360900878906,68.80459594726563,82.60562896728516,82.81035614013672,83.05193328857422,85.20491027832031,18.18181800842285,14.285715103149414,4.761904716491699,0,9.090909004211426,4.545454502105713,4.761904716491699,0,19.7397403717041,8589934592,1073741824,5155323904,299040768
209,1771640038861,3504,3504,3504,3504,3504,3504,3504,3504,85.67973327636719,83.81635284423828,83.0487060546875,83.68360900878906,68.80459594726563,82.60562896728516,82.81035614013672,83.05193328857422,85.20491027832031,26.3157901763916,15.000000953674316,9.523809432983398,14.285715103149414,0,0,0,0,19.7397403717041,8589934592,1073741824,5155323904,299040768
206,1771640039071,3504,3504,3504,3504,3504,3504,3504,3504,85.67973327636719,83.81635284423828,83.0487060546875,83.68360900878906,68.80459594726563,82.60562896728516,82.81035614013672,83.05193328857422,85.20491027832031,19.047618865966797,18.18181800842285,14.285715103149414,18.18181800842285,0,0,0,0,19.7397403717041,8589934592,1073741824,5151883264,299040768
209,1771640039278,3504,3504,3504,3504,3504,3504,3504,3504,67.43326568603516,66.59579467773438,65.51876831054688,65.56356811523438,61.94169998168945,65.20397186279297,64.8424072265625,65.92289733886719,66.7642593383789,23.809524536132813,10,5,15.000000953674316,0,0,0,0,19.7397403717041,8589934592,1073741824,5152047104,299040768
206,1771640039488,3504,3504,3504,3504,3504,3504,3504,3504,67.43326568603516,66.59579467773438,65.51876831054688,65.56356811523438,61.94169998168945,65.20397186279297,64.8424072265625,65.92289733886719,66.7642593383789,28.571430206298828,30.000001907348633,22.72727394104004,23.809524536132813,0,0,0,0,19.7397403717041,8589934592,1073741824,5153292288,299040768
208,1771640039695,3504,3504,3504,3504,3504,3504,3504,3504,67.43326568603516,66.59579467773438,65.51876831054688,65.56356811523438,61.94169998168945,65.20397186279297,64.8424072265625,65.92289733886719,66.7642593383789,23.809524536132813,19.047618865966797,15.000000953674316,15.000000953674316,0,0,0,0,19.795541763305664,8589934592,1073741824,5153292288,299040768
209,1771640039903,3504,3504,3504,3504,3504,3504,3504,3504,67.43326568603516,66.59579467773438,65.51876831054688,65.56356811523438,61.94169998168945,65.20397186279297,64.8424072265625,65.92289733886719,66.7642593383789,21.052631378173828,9.523809432983398,9.523809432983398,13.636363983154297,0,0,0,0,19.795541763305664,8589934592,1073741824,5153292288,299040768
207,1771640040113,3504,3504,3504,3504,3504,3504,3504,3504,67.43326568603516,66.59579467773438,65.51876831054688,65.56356811523438,61.94169998168945,65.20397186279297,64.8424072265625,65.92289733886719,66.7642593383789,31.81818199157715,25,19.047618865966797,19.047618865966797,4.545454502105713,4.545454502105713,0,0,19.795541763305664,8589934592,1073741824,5150015488,299040768
202,1771640040321,3504,3504,3504,3504,3504,3504,3504,3504,55.3665771484375,55.04911804199219,53.817626953125,53.52576446533203,53.86996841430664,53.636268615722656,53.27156066894531,54.487571716308594,54.71348190307617,28.571430206298828,19.047618865966797,14.285715103149414,5.263157844543457,0,0,0,0,19.795541763305664,8589934592,1073741824,5136580608,299040768
206,1771640040523,3504,3504,3504,3504,3504,3504,3504,3504,55.3665771484375,55.04911804199219,53.817626953125,53.52576446533203,53.86996841430664,53.636268615722656,53.27156066894531,54.487571716308594,54.71348190307617,15.000000953674316,14.285715103149414,15.789472579956055,22.72727394104004,0,0,0,0,19.795541763305664,8589934592,1073741824,5135106048,299040768
209,1771640040730,3504,3504,3504,3504,3504,3504,3504,3504,55.3665771484375,55.04911804199219,53.817626953125,53.52576446533203,53.86996841430664,53.636268615722656,53.27156066894531,54.487571716308594,54.71348190307617,25,20,19.047618865966797,20,0,0,0,0,7.042264938354492,8589934592,1073741824,5134712832,299040768
209,1771640040940,3504,3504,3504,3504,3504,3504,3504,3504,55.3665771484375,55.04911804199219,53.817626953125,53.52576446533203,53.86996841430664,53.636268615722656,53.27156066894531,54.487571716308594,54.71348190307617,33.333335876464844,23.809524536132813,20,28.571430206298828,10,9.523809432983398,15.000000953674316,14.285715103149414,7.042264938354492,8589934592,1073741824,5134712832,299040768
208,1771640041150,3504,3504,3504,3504,3504,3504,3504,3504,53.11970901489258,52.50407409667969,51.44939422607422,51.21229553222656,51.482627868652344,51.392120361328125,51.057586669921875,52.266937255859375,52.50709533691406,19.047618865966797,19.047618865966797,13.636363983154297,10,4.545454502105713,0,0,0,7.042264938354492,8589934592,1073741824,5137186816,299040768
207,1771640041359,3504,3504,3504,3504,3504,3504,3504,3504,53.11970901489258,52.50407409667969,51.44939422607422,51.21229553222656,51.482627868652344,51.392120361328125,51.057586669921875,52.266937255859375,52.50709533691406,38.095237731933594,35,20,23.809524536132813,0,0,0,0,7.042264938354492,8589934592,1073741824,5138137088,299040768
199,1771640041567,3504,3504,3504,3504,3504,3504,3504,3504,53.11970901489258,52.50407409667969,51.44939422607422,51.21229553222656,51.482627868652344,51.392120361328125,51.057586669921875,52.266937255859375,52.50709533691406,19.047618865966797,28.571430206298828,23.809524536132813,23.809524536132813,0,0,0,0,7.042264938354492,8589934592,1073741824,5138202624,299040768
209,1771640041767,3504,3504,3504,3504,3504,3504,3504,3504,53.11970901489258,52.50407409667969,51.44939422607422,51.21229553222656,51.482627868652344,51.392120361328125,51.057586669921875,52.266937255859375,52.50709533691406,15.789472579956055,20,15.000000953674316,10.526315689086914,0,4.761904716491699,0,0,2.228023052215576,8589934592,1073741824,5138055168,299040768
209,1771640041978,3504,3504,3504,3504,3504,3504,3504,3504,53.11970901489258,52.50407409667969,51.44939422607422,51.21229553222656,51.482627868652344,51.392120361328125,51.057586669921875,52.266937255859375,52.50709533691406,13.636363983154297,18.18181800842285,5,22.72727394104004,0,0,0,0,2.228023052215576,8589934592,1073741824,5138087936,299040768
204,1771640042188,3504,3504,3504,3504,3504,3504,3504,3504,51.35957717895508,50.50448226928711,49.725128173828125,49.40636444091797,49.91184997558594,49.59661865234375,49.29170227050781,50.55621337890625,50.64400863647461,10,10,9.523809432983398,23.809524536132813,0,0,0,0,2.228023052215576,8589934592,1073741824,5138087936,299040768
207,1771640042392,3504,3504,3504,3504,3504,3504,3504,3504,51.35957717895508,50.50448226928711,49.725128173828125,49.40636444091797,49.91184997558594,49.59661865234375,49.29170227050781,50.55621337890625,50.64400863647461,19.047618865966797,15.000000953674316,18.18181800842285,30.000001907348633,0,0,0,0,2.228023052215576,8589934592,1073741824,5138137088,299040768
208,1771640042600,3504,3504,3504,3504,3504,3504,3504,3504,51.35957717895508,50.50448226928711,49.725128173828125,49.40636444091797,49.91184997558594,49.59661865234375,49.29170227050781,50.55621337890625,50.64400863647461,25,19.047618865966797,15.000000953674316,20,0,0,0,0,2.228023052215576,8589934592,1073741824,5130289152,299040768
209,1771640042809,3504,3504,3504,3504,3504,3504,3504,3504,51.35957717895508,50.50448226928711,49.725128173828125,49.40636444091797,49.91184997558594,49.59661865234375,49.29170227050781,50.55621337890625,50.64400863647461,23.809524536132813,14.285715103149414,14.285715103149414,19.047618865966797,4.761904716491699,0,4.761904716491699,0,2.9369258880615234,8589934592,1073741824,5124046848,299040768
210,1771640043019,3504,3504,3504,3504,3504,3504,3504,3504,51.35957717895508,50.50448226928711,49.725128173828125,49.40636444091797,49.91184997558594,49.59661865234375,49.29170227050781,50.55621337890625,50.64400863647461,15.000000953674316,14.285715103149414,14.285715103149414,9.090909004211426,4.761904716491699,0,0,0,2.9369258880615234,8589934592,1073741824,5124046848,299040768
207,1771640043230,3504,3504,3504,3504,3504,3504,3504,3504,50.1269645690918,49.39159393310547,48.462669372558594,48.1485595703125,48.70874786376953,48.50837707519531,48.03357696533203,49.3441162109375,49.38663864135742,13.636363983154297,20,19.047618865966797,5,0,0,0,0,2.9369258880615234,8589934592,1073741824,5123948544,299040768
202,1771640043437,3504,3504,3504,3504,3504,3504,3504,3504,50.1269645690918,49.39159393310547,48.462669372558594,48.1485595703125,48.70874786376953,48.50837707519531,48.03357696533203,49.3441162109375,49.38663864135742,36.842105865478516,40.90909194946289,40,33.333335876464844,42.85714340209961,45,35,36.842105865478516,2.9369258880615234,8589934592,1073741824,5176492032,299040768
207,1771640043639,3504,3504,3504,3504,3504,3504,3504,3504,50.1269645690918,49.39159393310547,48.462669372558594,48.1485595703125,48.70874786376953,48.50837707519531,48.03357696533203,49.3441162109375,49.38663864135742,72.7272720336914,73.68421173095703,71.42857360839844,70,84.21052551269531,90.47618865966797,85,80.95238494873047,2.1539928913116455,8589934592,1073741824,5167890432,299040768
206,1771640043847,3504,3504,3504,3504,3504,3504,3504,3504,50.1269645690918,49.39159393310547,48.462669372558594,48.1485595703125,48.70874786376953,48.50837707519531,48.03357696533203,49.3441162109375,49.38663864135742,68.42105102539063,68.18181610107422,65,66.66667175292969,85.71428680419922,80.95238494873047,81.81818389892578,85.71428680419922,2.1539928913116455,8589934592,1073741824,5150556160,299040768
210,1771640044054,3504,3504,3504,3504,3504,3504,3504,3504,50.1269645690918,49.39159393310547,48.462669372558594,48.1485595703125,48.70874786376953,48.50837707519531,48.03357696533203,49.3441162109375,49.38663864135742,77.2727279663086,75,76.19047546386719,71.42857360839844,90.47618865966797,90,85.71428680419922,85.71428680419922,2.1539928913116455,8589934592,1073741824,5175279616,299040768
209,1771640044265,3504,3504,3504,3504,3504,3504,3504,3504,67.58164978027344,66.02051544189453,65.13798522949219,65.64360046386719,55.224220275878906,64.86261749267578,64.90050506591797,65.34109497070313,66.78544616699219,71.42857360839844,70,66.66667175292969,71.42857360839844,90.47618865966797,86.36363983154297,80.95238494873047,80.95238494873047,2.1539928913116455,8589934592,1073741824,5151014912,299040768
202,1771640044475,3504,3504,3504,3504,3504,3504,3504,3504,67.58164978027344,66.02051544189453,65.13798522949219,65.64360046386719,55.224220275878906,64.86261749267578,64.90050506591797,65.34109497070313,66.78544616699219,71.42857360839844,72.7272720336914,76.19047546386719,70,80.95238494873047,90,80.95238494873047,86.36363983154297,2.1539928913116455,8589934592,1073741824,5161320448,299040768
209,1771640044677,3504,3504,3504,3504,3504,3504,3504,3504,67.58164978027344,66.02051544189453,65.13798522949219,65.64360046386719,55.224220275878906,64.86261749267578,64.90050506591797,65.34109497070313,66.78544616699219,75,70,75,71.42857360839844,90,85.71428680419922,90,88.8888931274414,2.0205864906311035,8589934592,1073741824,5162909696,299040768
200,1771640044887,3504,3504,3504,3504,3504,3504,3504,3504,67.58164978027344,66.02051544189453,65.13798522949219,65.64360046386719,55.224220275878906,64.86261749267578,64.90050506591797,65.34109497070313,66.78544616699219,71.42857360839844,71.42857360839844,66.66667175292969,66.66667175292969,86.36363983154297,90,80.95238494873047,78.26087188720703,2.0205864906311035,8589934592,1073741824,5162909696,299040768
206,1771640045087,3504,3504,3504,3504,3504,3504,3504,3504,67.58164978027344,66.02051544189453,65.13798522949219,65.64360046386719,55.224220275878906,64.86261749267578,64.90050506591797,65.34109497070313,66.78544616699219,70,66.66667175292969,70,65,89.47368621826172,80,78.94737243652344,84.21052551269531,2.0205864906311035,8589934592,1073741824,5162909696,299040768
209,1771640045294,3504,3504,3504,3504,3504,3504,3504,3504,79.68448638916016,77.83198547363281,76.98765563964844,77.76599884033203,63.21525192260742,76.35668182373047,76.68323516845703,76.73088836669922,79.00957489013672,70,68.42105102539063,65,66.66667175292969,85.71428680419922,90.47618865966797,77.2727279663086,85.71428680419922,2.0205864906311035,8589934592,1073741824,5167808512,299040768
207,1771640045504,3504,3504,3504,3504,3504,3504,3504,3504,79.68448638916016,77.83198547363281,76.98765563964844,77.76599884033203,63.21525192260742,76.35668182373047,76.68323516845703,76.73088836669922,79.00957489013672,76.19047546386719,71.42857360839844,72.7272720336914,71.42857360839844,85.71428680419922,90.47618865966797,90,80,2.0205864906311035,8589934592,1073741824,5167415296,299040768
209,1771640045712,3504,3504,3504,3504,3504,3504,3504,3504,79.68448638916016,77.83198547363281,76.98765563964844,77.76599884033203,63.21525192260742,76.35668182373047,76.68323516845703,76.73088836669922,79.00957489013672,71.42857360839844,71.42857360839844,70,70,85.71428680419922,85.71428680419922,80,86.36363983154297,11.298686981201172,8589934592,1073741824,5185093632,299040768
213,1771640045922,3504,3504,3504,3504,3504,3504,3504,3504,79.68448638916016,77.83198547363281,76.98765563964844,77.76599884033203,63.21525192260742,76.35668182373047,76.68323516845703,76.73088836669922,79.00957489013672,76.19047546386719,66.66667175292969,63.6363639831543,66.66667175292969,85.71428680419922,95.23809814453125,81.81818389892578,80,11.298686981201172,8589934592,1073741824,5188567040,299040768
208,1771640046135,3504,3504,3504,3504,3504,3504,3504,3504,82.95851135253906,80.78915405273438,80.12040710449219,80.93348693847656,65.98878479003906,79.2549819946289,79.39151000976563,79.68132781982422,81.77799987792969,72.7272720336914,68.18181610107422,71.42857360839844,68.18181610107422,90.47618865966797,85.71428680419922,81.81818389892578,81.81818389892578,11.298686981201172,8589934592,1073741824,5136269312,299040768
209,1771640046344,3504,3504,3504,3504,3504,3504,3504,3504,82.95851135253906,80.78915405273438,80.12040710449219,80.93348693847656,65.98878479003906,79.2549819946289,79.39151000976563,79.68132781982422,81.77799987792969,73.68421173095703,70,66.66667175292969,70,85,85.71428680419922,90.47618865966797,85.71428680419922,11.298686981201172,8589934592,1073741824,5148590080,299040768
209,1771640046554,3504,3504,3504,3504,3504,3504,3504,3504,82.95851135253906,80.78915405273438,80.12040710449219,80.93348693847656,65.98878479003906,79.2549819946289,79.39151000976563,79.68132781982422,81.77799987792969,77.2727279663086,71.42857360839844,71.42857360839844,71.42857360839844,86.36363983154297,90.47618865966797,85,76.19047546386719,11.298686981201172,8589934592,1073741824,5138251776,299040768
209,1771640046764,3504,3504,3504,3504,3504,3504,3504,3504,82.95851135253906,80.78915405273438,80.12040710449219,80.93348693847656,65.98878479003906,79.2549819946289,79.39151000976563,79.68132781982422,81.77799987792969,68.18181610107422,66.66667175292969,65,63.6363639831543,90.47618865966797,85,80.95238494873047,80.95238494873047,19.334762573242188,8589934592,1073741824,5184045056,299040768
209,1771640046974,3504,3504,3504,3504,3504,3504,3504,3504,82.95851135253906,80.78915405273438,80.12040710449219,80.93348693847656,65.98878479003906,79.2549819946289,79.39151000976563,79.68132781982422,81.77799987792969,73.68421173095703,66.66667175292969,68.18181610107422,70,85.71428680419922,82.60869598388672,76.19047546386719,90.47618865966797,19.334762573242188,8589934592,1073741824,5155291136,299040768
210,1771640047184,3504,3504,3504,3504,3504,3504,3504,3504,84.19403076171875,82.43460845947266,81.72338104248047,82.29341888427734,67.6077651977539,81.12454986572266,81.46241760253906,81.48851776123047,83.90748596191406,72.7272720336914,76.19047546386719,70,76.19047546386719,85.71428680419922,80,80.95238494873047,85.71428680419922,19.334762573242188,8589934592,1073741824,5183979520,299040768
211,1771640047395,3504,3504,3504,3504,3504,3504,3504,3504,84.19403076171875,82.43460845947266,81.72338104248047,82.29341888427734,67.6077651977539,81.12454986572266,81.46241760253906,81.48851776123047,83.90748596191406,70,66.66667175292969,68.18181610107422,68.18181610107422,86.36363983154297,85.71428680419922,85.71428680419922,80.95238494873047,19.334762573242188,8589934592,1073741824,5154291712,299040768
204,1771640047606,3504,3504,3504,3504,3504,3504,3504,3504,84.19403076171875,82.43460845947266,81.72338104248047,82.29341888427734,67.6077651977539,81.12454986572266,81.46241760253906,81.48851776123047,83.90748596191406,77.2727279663086,71.42857360839844,70,75,85,85.71428680419922,85.71428680419922,85,19.334762573242188,8589934592,1073741824,5137973248,299040768
205,1771640047811,3504,3504,3504,3504,3504,3504,3504,3504,84.19403076171875,82.43460845947266,81.72338104248047,82.29341888427734,67.6077651977539,81.12454986572266,81.46241760253906,81.48851776123047,83.90748596191406,70,71.42857360839844,70,71.42857360839844,90,90,80.95238494873047,90.47618865966797,19.790618896484375,8589934592,1073741824,5150343168,299040768
204,1771640048017,3504,3504,3504,3504,3504,3504,3504,3504,84.19403076171875,82.43460845947266,81.72338104248047,82.29341888427734,67.6077651977539,81.12454986572266,81.46241760253906,81.48851776123047,83.90748596191406,71.42857360839844,70,68.18181610107422,66.66667175292969,85.71428680419922,85.71428680419922,90,85.71428680419922,19.790618896484375,8589934592,1073741824,5150801920,299040768
210,1771640048222,3504,3504,3504,3504,3504,3504,3504,3504,85.5661849975586,83.94279479980469,83.19029235839844,83.62272644042969,68.93435668945313,82.98078918457031,83.18824768066406,83.33340454101563,85.66172790527344,71.42857360839844,71.42857360839844,70,70,80.95238494873047,85,85.71428680419922,85,19.790618896484375,8589934592,1073741824,5155422208,299040768
206,1771640048435,3504,3504,3504,3504,3504,3504,3504,3504,85.5661849975586,83.94279479980469,83.19029235839844,83.62272644042969,68.93435668945313,82.98078918457031,83.18824768066406,83.33340454101563,85.66172790527344,71.42857360839844,66.66667175292969,66.66667175292969,68.18181610107422,85.71428680419922,81.81818389892578,86.36363983154297,81.81818389892578,19.790618896484375,8589934592,1073741824,5185372160,299040768
209,1771640048643,3504,3504,3504,3504,3504,3504,3504,3504,85.5661849975586,83.94279479980469,83.19029235839844,83.62272644042969,68.93435668945313,82.98078918457031,83.18824768066406,83.33340454101563,85.66172790527344,15.000000953674316,9.523809432983398,9.523809432983398,10.526315689086914,5,5,0,4.761904716491699,19.4598388671875,8589934592,1073741824,5151752192,299040768
207,1771640048853,3504,3504,3504,3504,3504,3504,3504,3504,85.5661849975586,83.94279479980469,83.19029235839844,83.62272644042969,68.93435668945313,82.98078918457031,83.18824768066406,83.33340454101563,85.66172790527344,23.809524536132813,15.000000953674316,5,13.636363983154297,0,0,0,0,19.4598388671875,8589934592,1073741824,5151686656,299040768
205,1771640049061,3504,3504,3504,3504,3504,3504,3504,3504,85.5661849975586,83.94279479980469,83.19029235839844,83.62272644042969,68.93435668945313,82.98078918457031,83.18824768066406,83.33340454101563,85.66172790527344,23.809524536132813,18.18181800842285,13.636363983154297,9.523809432983398,0,0,0,0,19.4598388671875,8589934592,1073741824,5151752192,299040768
209,1771640049267,3504,3504,3504,3504,3504,3504,3504,3504,69.68376159667969,68.80968475341797,67.79322052001953,67.87085723876953,63.18421936035156,67.62561798095703,67.34398651123047,68.30683898925781,69.24602508544922,20,20,15.000000953674316,10,0,0,0,0,19.4598388671875,8589934592,1073741824,5148442624,299040768
209,1771640049477,3504,3504,3504,3504,3504,3504,3504,3504,69.68376159667969,68.80968475341797,67.79322052001953,67.87085723876953,63.18421936035156,67.62561798095703,67.34398651123047,68.30683898925781,69.24602508544922,23.809524536132813,19.047618865966797,9.523809432983398,9.523809432983398,0,0,0,0,19.4598388671875,8589934592,1073741824,5148213248,299040768
206,1771640049688,3504,3504,3504,3504,3504,3504,3504,3504,69.68376159667969,68.80968475341797,67.79322052001953,67.87085723876953,63.18421936035156,67.62561798095703,67.34398651123047,68.30683898925781,69.24602508544922,28.571430206298828,19.047618865966797,23.809524536132813,9.523809432983398,0,0,0,0,19.94666290283203,8589934592,1073741824,5146689536,299040768
206,1771640049894,3504,3504,3504,3504,3504,3504,3504,3504,69.68376159667969,68.80968475341797,67.79322052001953,67.87085723876953,63.18421936035156,67.62561798095703,67.34398651123047,68.30683898925781,69.24602508544922,23.809524536132813,10,15.000000953674316,9.523809432983398,0,0,0,0,19.94666290283203,8589934592,1073741824,5138972672,299040768
209,1771640050101,3504,3504,3504,3504,3504,3504,3504,3504,69.68376159667969,68.80968475341797,67.79322052001953,67.87085723876953,63.18421936035156,67.62561798095703,67.34398651123047,68.30683898925781,69.24602508544922,20,10,27.272727966308594,5,0,0,0,0,19.94666290283203,8589934592,1073741824,5138219008,299040768
209,1771640050311,3504,3504,3504,3504,3504,3504,3504,3504,55.88157653808594,55.56060791015625,54.30076599121094,54.04138946533203,54.352962493896484,54.144317626953125,53.85832977294922,55.003173828125,55.25927734375,14.285715103149414,9.523809432983398,25,4.761904716491699,4.761904716491699,0,4.545454502105713,0,19.94666290283203,8589934592,1073741824,5138055168,299040768
204,1771640050521,3504,3504,3504,3504,3504,3504,3504,3504,55.88157653808594,55.56060791015625,54.30076599121094,54.04138946533203,54.352962493896484,54.144317626953125,53.85832977294922,55.003173828125,55.25927734375,9.523809432983398,18.18181800842285,25,9.523809432983398,0,0,0,0,19.94666290283203,8589934592,1073741824,5138153472,299040768
201,1771640050726,3504,3504,3504,3504,3504,3504,3504,3504,55.88157653808594,55.56060791015625,54.30076599121094,54.04138946533203,54.352962493896484,54.144317626953125,53.85832977294922,55.003173828125,55.25927734375,20,20,19.047618865966797,15.000000953674316,0,0,0,0,10.3525972366333,8589934592,1073741824,5127962624,299040768
203,1771640050928,3504,3504,3504,3504,3504,3504,3504,3504,55.88157653808594,55.56060791015625,54.30076599121094,54.04138946533203,54.352962493896484,54.144317626953125,53.85832977294922,55.003173828125,55.25927734375,15.000000953674316,20,20,10,0,0,0,0,10.3525972366333,8589934592,1073741824,5123489792,299040768
205,1771640051132,3504,3504,3504,3504,3504,3504,3504,3504,53.11286926269531,52.53860855102539,51.56451416015625,51.261802673339844,51.68942642211914,51.472137451171875,51.161956787109375,52.252723693847656,52.51176452636719,14.285715103149414,20,23.809524536132813,9.523809432983398,0,0,0,0,10.3525972366333,8589934592,1073741824,5123489792,299040768
208,1771640051338,3504,3504,3504,3504,3504,3504,3504,3504,53.11286926269531,52.53860855102539,51.56451416015625,51.261802673339844,51.68942642211914,51.472137451171875,51.161956787109375,52.252723693847656,52.51176452636719,20,28.571430206298828,10,14.285715103149414,0,0,0,0,10.3525972366333,8589934592,1073741824,5123473408,299040768
204,1771640051546,3504,3504,3504,3504,3504,3504,3504,3504,53.11286926269531,52.53860855102539,51.56451416015625,51.261802673339844,51.68942642211914,51.472137451171875,51.161956787109375,52.252723693847656,52.51176452636719,19.047618865966797,25,9.523809432983398,5,0,0,0,0,10.3525972366333,8589934592,1073741824,5123506176,299040768
209,1771640051751,3504,3504,3504,3504,3504,3504,3504,3504,53.11286926269531,52.53860855102539,51.56451416015625,51.261802673339844,51.68942642211914,51.472137451171875,51.161956787109375,52.252723693847656,52.51176452636719,15.000000953674316,25,20,10,0,0,0,0,2.042558193206787,8589934592,1073741824,5123162112,299040768
208,1771640051961,3504,3504,3504,3504,3504,3504,3504,3504,53.11286926269531,52.53860855102539,51.56451416015625,51.261802673339844,51.68942642211914,51.472137451171875,51.161956787109375,52.252723693847656,52.51176452636719,14.285715103149414,18.18181800842285,14.285715103149414,9.523809432983398,0,0,0,0,2.042558193206787,8589934592,1073741824,5123440640,299040768
207,1771640052170,3504,3504,3504,3504,3504,3504,3504,3504,51.501441955566406,50.65203857421875,49.86668395996094,49.5540771484375,50.09043884277344,49.722137451171875,49.49407958984375,50.72018051147461,50.85866928100586,15.000000953674316,20,19.047618865966797,4.761904716491699,0,0,0,0,2.042558193206787,8589934592,1073741824,5123440640,299040768
209,1771640052378,3504,3504,3504,3504,3504,3504,3504,3504,51.501441955566406,50.65203857421875,49.86668395996094,49.5540771484375,50.09043884277344,49.722137451171875,49.49407958984375,50.72018051147461,50.85866928100586,18.18181800842285,20,19.047618865966797,19.047618865966797,0,4.545454502105713,0,0,2.042558193206787,8589934592,1073741824,5123391488,299040768
201,1771640052588,3504,3504,3504,3504,3504,3504,3504,3504,51.501441955566406,50.65203857421875,49.86668395996094,49.5540771484375,50.09043884277344,49.722137451171875,49.49407958984375,50.72018051147461,50.85866928100586,14.285715103149414,22.72727394104004,5,10,0,0,0,0,2.042558193206787,8589934592,1073741824,5123407872,299040768
203,1771640052790,3504,3504,3504,3504,3504,3504,3504,3504,51.501441955566406,50.65203857421875,49.86668395996094,49.5540771484375,50.09043884277344,49.722137451171875,49.49407958984375,50.72018051147461,50.85866928100586,25,21.052631378173828,14.285715103149414,14.285715103149414,0,0,0,0,2.8750181198120117,8589934592,1073741824,5123489792,299040768
204,1771640052994,3504,3504,3504,3504,3504,3504,3504,3504,51.501441955566406,50.65203857421875,49.86668395996094,49.5540771484375,50.09043884277344,49.722137451171875,49.49407958984375,50.72018051147461,50.85866928100586,15.789472579956055,28.571430206298828,15.000000953674316,19.047618865966797,4.761904716491699,0,0,0,2.8750181198120117,8589934592,1073741824,5121015808,299040768
207,1771640053199,3504,3504,3504,3504,3504,3504,3504,3504,50.31187438964844,49.537593841552734,48.675636291503906,48.357177734375,48.96658706665039,48.718894958496094,48.36888885498047,49.528018951416016,49.672306060791016,15.000000953674316,23.809524536132813,10,10.526315689086914,0,0,0,0,2.8750181198120117,8589934592,1073741824,5121998848,299040768
207,1771640053407,3504,3504,3504,3504,3504,3504,3504,3504,50.31187438964844,49.537593841552734,48.675636291503906,48.357177734375,48.96658706665039,48.718894958496094,48.36888885498047,49.528018951416016,49.672306060791016,27.272727966308594,20,23.809524536132813,22.72727394104004,0,0,0,0,2.8750181198120117,8589934592,1073741824,5122211840,299040768
211,1771640053615,3504,3504,3504,3504,3504,3504,3504,3504,50.31187438964844,49.537593841552734,48.675636291503906,48.357177734375,48.96658706665039,48.718894958496094,48.36888885498047,49.528018951416016,49.672306060791016,60.000003814697266,57.142860412597656,57.142860412597656,57.142860412597656,76.19047546386719,71.42857360839844,71.42857360839844,66.66667175292969,2.8750181198120117,8589934592,1073741824,5162532864,299040768
210,1771640053826,3504,3504,3504,3504,3504,3504,3504,3504,50.31187438964844,49.537593841552734,48.675636291503906,48.357177734375,48.96658706665039,48.718894958496094,48.36888885498047,49.528018951416016,49.672306060791016,72.7272720336914,72.7272720336914,70,70,85.71428680419922,85,90.47618865966797,80.95238494873047,2.658404588699341,8589934592,1073741824,5147607040,299040768
207,1771640054037,3504,3504,3504,3504,3504,3504,3504,3504,50.31187438964844,49.537593841552734,48.675636291503906,48.357177734375,48.96658706665039,48.718894958496094,48.36888885498047,49.528018951416016,49.672306060791016,76.19047546386719,80,72.7272720336914,72.7272720336914,90.47618865966797,86.9565200805664,85.71428680419922,90.47618865966797,2.658404588699341,8589934592,1073741824,5160861696,299040768
209,1771640054245,3504,3504,3504,3504,3504,3504,3504,3504,64.94043731689453,63.62623596191406,62.68560791015625,62.924659729003906,54.22727584838867,62.737518310546875,62.6365966796875,63.39415740966797,64.44300079345703,75,76.19047546386719,71.42857360839844,75,90.47618865966797,84.21052551269531,85.71428680419922,80.95238494873047,2.658404588699341,8589934592,1073741824,5147574272,299040768
205,1771640054455,3504,3504,3504,3504,3504,3504,3504,3504,64.94043731689453,63.62623596191406,62.68560791015625,62.924659729003906,54.22727584838867,62.737518310546875,62.6365966796875,63.39415740966797,64.44300079345703,72.7272720336914,75,70,71.42857360839844,90,81.81818389892578,86.36363983154297,85.71428680419922,2.658404588699341,8589934592,1073741824,5149638656,299040768
209,1771640054661,3504,3504,3504,3504,3504,3504,3504,3504,64.94043731689453,63.62623596191406,62.68560791015625,62.924659729003906,54.22727584838867,62.737518310546875,62.6365966796875,63.39415740966797,64.44300079345703,70,71.42857360839844,66.66667175292969,66.66667175292969,85.71428680419922,80,85,90,2.228030204772949,8589934592,1073741824,5167955968,299040768
200,1771640054871,3504,3504,3504,3504,3504,3504,3504,3504,64.94043731689453,63.62623596191406,62.68560791015625,62.924659729003906,54.22727584838867,62.737518310546875,62.6365966796875,63.39415740966797,64.44300079345703,66.66667175292969,71.42857360839844,68.18181610107422,65,90.47618865966797,85.71428680419922,90,76.19047546386719,2.228030204772949,8589934592,1073741824,5182062592,299040768
205,1771640055071,3504,3504,3504,3504,3504,3504,3504,3504,64.94043731689453,63.62623596191406,62.68560791015625,62.924659729003906,54.22727584838867,62.737518310546875,62.6365966796875,63.39415740966797,64.44300079345703,73.68421173095703,70,70,71.42857360839844,85.71428680419922,85,80.95238494873047,90,2.228030204772949,8589934592,1073741824,5152391168,299040768
209,1771640055277,3504,3504,3504,3504,3504,3504,3504,3504,79.16343688964844,77.76448059082031,76.85186767578125,77.37144470214844,63.15904998779297,76.60607147216797,76.91212463378906,77.0123519897461,79.15953826904297,76.19047546386719,71.42857360839844,63.15789031982422,65,85,90,85,80.95238494873047,2.228030204772949,8589934592,1073741824,5178834944,299040768
213,1771640055487,3504,3504,3504,3504,3504,3504,3504,3504,79.16343688964844,77.76448059082031,76.85186767578125,77.37144470214844,63.15904998779297,76.60607147216797,76.91212463378906,77.0123519897461,79.15953826904297,68.18181610107422,66.66667175292969,72.7272720336914,68.18181610107422,85.71428680419922,81.81818389892578,81.81818389892578,86.36363983154297,2.228030204772949,8589934592,1073741824,5181931520,299040768
209,1771640055701,3504,3504,3504,3504,3504,3504,3504,3504,79.16343688964844,77.76448059082031,76.85186767578125,77.37144470214844,63.15904998779297,76.60607147216797,76.91212463378906,77.0123519897461,79.15953826904297,70,71.42857360839844,61.904762268066406,65,85.71428680419922,85.71428680419922,85,84.21052551269531,12.345711708068848,8589934592,1073741824,5133778944,299040768
209,1771640055911,3504,3504,3504,3504,3504,3504,3504,3504,79.16343688964844,77.76448059082031,76.85186767578125,77.37144470214844,63.15904998779297,76.60607147216797,76.91212463378906,77.0123519897461,79.15953826904297,71.42857360839844,66.66667175292969,71.42857360839844,76.19047546386719,90.47618865966797,90.47618865966797,86.36363983154297,81.81818389892578,12.345711708068848,8589934592,1073741824,5144526848,299040768
205,1771640056120,3504,3504,3504,3504,3504,3504,3504,3504,79.16343688964844,77.76448059082031,76.85186767578125,77.37144470214844,65.94905853271484,79.47731018066406,79.50582122802734,79.95748138427734,81.8204345703125,72.7272720336914,76.19047546386719,70,71.42857360839844,85.71428680419922,85,85.71428680419922,76.19047546386719,12.345711708068848,8589934592,1073741824,5134516224,299040768
204,1771640056326,3504,3504,3504,3504,3504,3504,3504,3504,82.5363998413086,80.7868423461914,80.07998657226563,80.64865112304688,65.94905853271484,79.47731018066406,79.50582122802734,79.95748138427734,81.8204345703125,73.68421173095703,66.66667175292969,68.18181610107422,66.66667175292969,85,82.60869598388672,90,85.71428680419922,12.345711708068848,8589934592,1073741824,5166858240,299040768
209,1771640056530,3504,3504,3504,3504,3504,3504,3504,3504,82.5363998413086,80.7868423461914,80.07998657226563,80.64865112304688,65.94905853271484,79.47731018066406,79.50582122802734,79.95748138427734,81.8204345703125,71.42857360839844,75,68.42105102539063,70,81.81818389892578,89.47368621826172,85,80.95238494873047,12.345711708068848,8589934592,1073741824,5149753344,299040768
209,1771640056740,3504,3504,3504,3504,3504,3504,3504,3504,82.5363998413086,80.7868423461914,80.07998657226563,80.64865112304688,65.94905853271484,79.47731018066406,79.50582122802734,79.95748138427734,81.8204345703125,68.18181610107422,70,66.66667175292969,66.66667175292969,95,80.95238494873047,80.95238494873047,80,19.15419578552246,8589934592,1073741824,5180604416,299040768
206,1771640056950,3504,3504,3504,3504,3504,3504,3504,3504,82.5363998413086,80.7868423461914,80.07998657226563,80.64865112304688,65.94905853271484,79.47731018066406,79.50582122802734,79.95748138427734,81.8204345703125,70,72.7272720336914,68.18181610107422,68.18181610107422,86.36363983154297,85.71428680419922,85.71428680419922,80.95238494873047,19.15419578552246,8589934592,1073741824,5129551872,299040768
203,1771640057157,3504,3504,3504,3504,3504,3504,3504,3504,84.35872650146484,82.69012451171875,81.96751403808594,82.50779724121094,67.76436614990234,81.56773376464844,81.52088928222656,82.11213684082031,83.83158874511719,76.19047546386719,75,73.68421173095703,70,88.8888931274414,90,85.71428680419922,85,19.15419578552246,8589934592,1073741824,5145690112,299040768
214,1771640057361,3504,3504,3504,3504,3504,3504,3504,3504,84.35872650146484,82.69012451171875,81.96751403808594,82.50779724121094,67.76436614990234,81.56773376464844,81.52088928222656,82.11213684082031,83.83158874511719,70,68.18181610107422,68.18181610107422,70,86.9565200805664,81.81818389892578,95,76.19047546386719,19.15419578552246,8589934592,1073741824,5166628864,299040768
209,1771640057576,3504,3504,3504,3504,3504,3504,3504,3504,84.35872650146484,82.69012451171875,81.96751403808594,82.50779724121094,67.76436614990234,81.56773376464844,81.52088928222656,82.11213684082031,83.83158874511719,71.42857360839844,70,71.42857360839844,71.42857360839844,90,85,86.36363983154297,90.47618865966797,19.15419578552246,8589934592,1073741824,5167202304,299040768
200,1771640057786,3504,3504,3504,3504,3504,3504,3504,3504,84.35872650146484,82.69012451171875,81.96751403808594,82.50779724121094,67.76436614990234,81.56773376464844,81.52088928222656,82.11213684082031,83.83158874511719,72.7272720336914,68.18181610107422,66.66667175292969,68.18181610107422,86.36363983154297,90.90909576416016,80.95238494873047,80.95238494873047,19.565807342529297,8589934592,1073741824,5194858496,299040768
206,1771640057987,3504,3504,3504,3504,3504,3504,3504,3504,84.35872650146484,82.69012451171875,81.96751403808594,82.50779724121094,67.76436614990234,81.56773376464844,81.52088928222656,82.11213684082031,83.83158874511719,84.21052551269531,78.94737243652344,80,80,89.47368621826172,90,90,90,19.565807342529297,8589934592,1073741824,5157961728,299040768
210,1771640058194,3504,3504,3504,3504,3504,3504,3504,3504,86.01932525634766,84.44306182861328,83.51268768310547,84.01680755615234,69.17902374267578,82.9378433227539,83.02301025390625,83.46369171142578,85.56237030029297,72.7272720336914,71.42857360839844,70,65,90.90909576416016,85.71428680419922,80.95238494873047,80.95238494873047,19.565807342529297,8589934592,1073741824,5131632640,299040768
209,1771640058404,3504,3504,3504,3504,3504,3504,3504,3504,86.01932525634766,84.44306182861328,83.51268768310547,84.01680755615234,69.17902374267578,82.9378433227539,83.02301025390625,83.46369171142578,85.56237030029297,70,66.66667175292969,68.18181610107422,68.18181610107422,90,85.71428680419922,80.95238494873047,77.2727279663086,19.565807342529297,8589934592,1073741824,5181079552,299040768
207,1771640058614,3504,3504,3504,3504,3504,3504,3504,3504,86.01932525634766,84.44306182861328,83.51268768310547,84.01680755615234,69.17902374267578,82.9378433227539,83.02301025390625,83.46369171142578,85.56237030029297,60.000003814697266,52.38095474243164,50,47.619049072265625,63.6363639831543,61.904762268066406,66.66667175292969,57.142860412597656,19.565807342529297,8589934592,1073741824,5165826048,299040768
202,1771640058823,3504,3504,3504,3504,3504,3504,3504,3504,86.01932525634766,84.44306182861328,83.51268768310547,84.01680755615234,69.17902374267578,82.9378433227539,83.02301025390625,83.46369171142578,85.56237030029297,18.18181800842285,14.285715103149414,9.090909004211426,0,0,4.761904716491699,4.761904716491699,0,20.394947052001953,8589934592,1073741824,5149147136,299040768
207,1771640059026,3504,3504,3504,3504,3504,3504,3504,3504,86.01932525634766,84.44306182861328,83.51268768310547,84.01680755615234,69.17902374267578,82.9378433227539,83.02301025390625,83.46369171142578,85.56237030029297,21.052631378173828,15.789472579956055,5.263157844543457,9.523809432983398,0,0,0,0,20.394947052001953,8589934592,1073741824,5149147136,299040768
209,1771640059234,3504,3504,3504,3504,3504,3504,3504,3504,73.32955169677734,72.41218566894531,71.34773254394531,71.50309753417969,65.0000228881836,70.71009826660156,70.43186950683594,71.40522766113281,72.44011688232422,27.272727966308594,19.047618865966797,14.285715103149414,15.000000953674316,0,0,0,0,20.394947052001953,8589934592,1073741824,5146083328,299040768
209,1771640059444,3504,3504,3504,3504,3504,3504,3504,3504,73.32955169677734,72.41218566894531,71.34773254394531,71.50309753417969,65.0000228881836,70.71009826660156,70.43186950683594,71.40522766113281,72.44011688232422,25,22.72727394104004,13.636363983154297,9.523809432983398,0,0,0,0,20.394947052001953,8589934592,1073741824,5145870336,299040768
209,1771640059654,3504,3504,3504,3504,3504,3504,3504,3504,73.32955169677734,72.41218566894531,71.34773254394531,71.50309753417969,65.0000228881836,70.71009826660156,70.43186950683594,71.40522766113281,72.44011688232422,31.81818199157715,15.000000953674316,14.285715103149414,9.523809432983398,0,0,0,0,20.20240592956543,8589934592,1073741824,5145870336,299040768
209,1771640059864,3504,3504,3504,3504,3504,3504,3504,3504,73.32955169677734,72.41218566894531,71.34773254394531,71.50309753417969,65.0000228881836,70.71009826660156,70.43186950683594,71.40522766113281,72.44011688232422,25,14.285715103149414,10,9.523809432983398,0,0,0,0,20.20240592956543,8589934592,1073741824,5139955712,299040768
202,1771640060074,3504,3504,3504,3504,3504,3504,3504,3504,73.32955169677734,72.41218566894531,71.34773254394531,71.50309753417969,65.0000228881836,70.71009826660156,70.43186950683594,71.40522766113281,72.44011688232422,31.81818199157715,14.285715103149414,14.285715103149414,9.523809432983398,0,0,0,0,20.20240592956543,8589934592,1073741824,5135695872,299040768
203,1771640060277,3504,3504,3504,3504,3504,3504,3504,3504,56.62039566040039,56.21821212768555,55.011863708496094,54.75355529785156,55.00745391845703,54.87682342529297,54.47138977050781,55.71173858642578,55.99428939819336,25,10,10,5,0,0,0,0,20.20240592956543,8589934592,1073741824,5135728640,299040768
209,1771640060480,3504,3504,3504,3504,3504,3504,3504,3504,56.62039566040039,56.21821212768555,55.011863708496094,54.75355529785156,55.00745391845703,54.87682342529297,54.47138977050781,55.71173858642578,55.99428939819336,31.57894515991211,19.047618865966797,15.000000953674316,10,0,0,0,0,20.20240592956543,8589934592,1073741824,5135990784,299040768
203,1771640060690,3504,3504,3504,3504,3504,3504,3504,3504,56.62039566040039,56.21821212768555,55.011863708496094,54.75355529785156,55.00745391845703,54.87682342529297,54.47138977050781,55.71173858642578,55.99428939819336,31.81818199157715,25,19.047618865966797,28.571430206298828,0,0,0,0,9.911022186279297,8589934592,1073741824,5137219584,299040768
205,1771640060894,3504,3504,3504,3504,3504,3504,3504,3504,56.62039566040039,56.21821212768555,55.011863708496094,54.75355529785156,55.00745391845703,54.87682342529297,54.47138977050781,55.71173858642578,55.99428939819336,20,20,14.285715103149414,4.761904716491699,0,0,0,0,9.911022186279297,8589934592,1073741824,5132140544,299040768
209,1771640061100,3504,3504,3504,3504,3504,3504,3504,3504,56.62039566040039,56.21821212768555,55.011863708496094,54.75355529785156,55.00745391845703,54.87682342529297,54.47138977050781,55.71173858642578,55.99428939819336,23.809524536132813,28.571430206298828,14.285715103149414,10,0,0,0,0,9.911022186279297,8589934592,1073741824,5123899392,299040768
199,1771640061311,3504,3504,3504,3504,3504,3504,3504,3504,53.52770233154297,53.107452392578125,52.04505157470703,51.772796630859375,52.16572570800781,51.93025207519531,51.600120544433594,52.74531173706055,53.00676345825195,14.285715103149414,27.272727966308594,5.263157844543457,9.523809432983398,0,0,0,0,9.911022186279297,8589934592,1073741824,5122916352,299040768
209,1771640061511,3504,3504,3504,3504,3504,3504,3504,3504,53.52770233154297,53.107452392578125,52.04505157470703,51.772796630859375,52.16572570800781,51.93025207519531,51.600120544433594,52.74531173706055,53.00676345825195,15.000000953674316,21.052631378173828,23.809524536132813,10,0,0,0,0,9.911022186279297,8589934592,1073741824,5122916352,299040768
206,1771640061721,3504,3504,3504,3504,3504,3504,3504,3504,53.52770233154297,53.107452392578125,52.04505157470703,51.772796630859375,52.16572570800781,51.93025207519531,51.600120544433594,52.74531173706055,53.00676345825195,10,15.000000953674316,14.285715103149414,9.090909004211426,0,0,0,0,1.9319794178009033,8589934592,1073741824,5122949120,299040768
209,1771640061928,3504,3504,3504,3504,3504,3504,3504,3504,53.52770233154297,53.107452392578125,52.04505157470703,51.772796630859375,52.16572570800781,51.93025207519531,51.600120544433594,52.74531173706055,53.00676345825195,19.047618865966797,27.272727966308594,19.047618865966797,5.263157844543457,0,0,0,0,1.9319794178009033,8589934592,1073741824,5123080192,299040768
208,1771640062137,3504,3504,3504,3504,3504,3504,3504,3504,51.93665313720703,51.1127815246582,50.25152587890625,50.03483581542969,50.4409065246582,50.178436279296875,49.844459533691406,51.084434509277344,51.263092041015625,15.000000953674316,20,15.000000953674316,13.636363983154297,0,0,0,0,1.9319794178009033,8589934592,1073741824,5123080192,299040768
209,1771640062346,3504,3504,3504,3504,3504,3504,3504,3504,51.93665313720703,51.1127815246582,50.25152587890625,50.03483581542969,50.4409065246582,50.178436279296875,49.844459533691406,51.084434509277344,51.263092041015625,14.285715103149414,23.809524536132813,10,5,0,0,0,0,1.9319794178009033,8589934592,1073741824,5123080192,299040768
207,1771640062556,3504,3504,3504,3504,3504,3504,3504,3504,51.93665313720703,51.1127815246582,50.25152587890625,50.03483581542969,50.4409065246582,50.178436279296875,49.844459533691406,51.084434509277344,51.263092041015625,14.285715103149414,28.571430206298828,13.636363983154297,9.523809432983398,0,0,0,0,1.9319794178009033,8589934592,1073741824,5123096576,299040768
200,1771640062763,3504,3504,3504,3504,3504,3504,3504,3504,51.93665313720703,51.1127815246582,50.25152587890625,50.03483581542969,50.4409065246582,50.178436279296875,49.844459533691406,51.084434509277344,51.263092041015625,20,25,10,9.523809432983398,0,0,0,0,2.801530122756958,8589934592,1073741824,5123129344,299040768
209,1771640062964,3504,3504,3504,3504,3504,3504,3504,3504,51.93665313720703,51.1127815246582,50.25152587890625,50.03483581542969,50.4409065246582,50.178436279296875,49.844459533691406,51.084434509277344,51.263092041015625,23.809524536132813,15.000000953674316,14.285715103149414,10,0,5,0,0,2.801530122756958,8589934592,1073741824,5123080192,299040768
201,1771640063174,3504,3504,3504,3504,3504,3504,3504,3504,50.69556427001953,49.931434631347656,49.02589416503906,48.79034423828125,49.22211456298828,48.97331237792969,48.66300964355469,49.849403381347656,50.03047561645508,25,22.72727394104004,15.000000953674316,5,0,0,0,0,2.801530122756958,8589934592,1073741824,5123096576,299040768
207,1771640063376,3504,3504,3504,3504,3504,3504,3504,3504,50.69556427001953,49.931434631347656,49.02589416503906,48.79034423828125,49.22211456298828,48.97331237792969,48.66300964355469,49.849403381347656,50.03047561645508,23.809524536132813,15.789472579956055,15.000000953674316,14.285715103149414,0,0,0,0,2.801530122756958,8589934592,1073741824,5123112960,299040768
204,1771640063584,3504,3504,3504,3504,3504,3504,3504,3504,50.69556427001953,49.931434631347656,49.02589416503906,48.79034423828125,49.22211456298828,48.97331237792969,48.66300964355469,49.849403381347656,50.03047561645508,38.095237731933594,42.85714340209961,36.3636360168457,28.571430206298828,28.571430206298828,20,20,23.809524536132813,2.801530122756958,8589934592,1073741824,5123112960,299040768
211,1771640063789,3504,3504,3504,3504,3504,3504,3504,3504,50.69556427001953,49.931434631347656,49.02589416503906,48.79034423828125,49.22211456298828,48.97331237792969,48.66300964355469,49.849403381347656,50.03047561645508,65,65,63.15789031982422,60.000003814697266,80.95238494873047,85,80.95238494873047,75,2.3015029430389404,8589934592,1073741824,5123112960,299040768
202,1771640064000,3504,3504,3504,3504,3504,3504,3504,3504,50.69556427001953,49.931434631347656,49.02589416503906,48.79034423828125,49.22211456298828,48.97331237792969,48.66300964355469,49.849403381347656,50.03047561645508,76.19047546386719,72.7272720336914,71.42857360839844,71.42857360839844,90.47618865966797,81.81818389892578,80.95238494873047,90,2.3015029430389404,8589934592,1073741824,5147525120,299040768
209,1771640064202,3504,3504,3504,3504,3504,3504,3504,3504,62.46902847290039,61.225528717041016,60.301483154296875,60.54087829589844,53.18872833251953,60.29035949707031,60.225341796875,60.8557014465332,61.976436614990234,78.94737243652344,75,70,75,85,90.47618865966797,85.71428680419922,85.71428680419922,2.3015029430389404,8589934592,1073741824,5148114944,299040768
209,1771640064412,3504,3504,3504,3504,3504,3504,3504,3504,62.46902847290039,61.225528717041016,60.301483154296875,60.54087829589844,53.18872833251953,60.29035949707031,60.225341796875,60.8557014465332,61.976436614990234,71.42857360839844,77.2727279663086,68.18181610107422,71.42857360839844,80.95238494873047,90,85,90.47618865966797,2.3015029430389404,8589934592,1073741824,5159944192,299040768
205,1771640064622,3504,3504,3504,3504,3504,3504,3504,3504,62.46902847290039,61.225528717041016,60.301483154296875,60.54087829589844,53.18872833251953,60.29035949707031,60.225341796875,60.8557014465332,61.976436614990234,68.18181610107422,70,71.42857360839844,68.18181610107422,81.81818389892578,80.95238494873047,90.47618865966797,80.95238494873047,2.1909193992614746,8589934592,1073741824,5193957376,299040768
209,1771640064828,3504,3504,3504,3504,3504,3504,3504,3504,62.46902847290039,61.225528717041016,60.301483154296875,60.54087829589844,53.18872833251953,60.29035949707031,60.225341796875,60.8557014465332,61.976436614990234,70,75,70,68.42105102539063,85,90,85.71428680419922,85,2.1909193992614746,8589934592,1073741824,5193957376,299040768
210,1771640065037,3504,3504,3504,3504,3504,3504,3504,3504,62.46902847290039,61.225528717041016,60.301483154296875,60.54087829589844,53.18872833251953,60.29035949707031,60.225341796875,60.8557014465332,61.976436614990234,71.42857360839844,66.66667175292969,68.18181610107422,66.66667175292969,85,86.36363983154297,86.36363983154297,81.81818389892578,2.1909193992614746,8589934592,1073741824,5152096256,299040768
209,1771640065248,3504,3504,3504,3504,3504,3504,3504,3504,79.35285949707031,77.23777770996094,76.5413589477539,77.4380111694336,62.9586181640625,76.7906723022461,76.92571258544922,77.21186065673828,79.2511215209961,71.42857360839844,76.19047546386719,70,68.18181610107422,86.36363983154297,90.47618865966797,85,90.47618865966797,2.1909193992614746,8589934592,1073741824,5168545792,299040768
202,1771640065458,3504,3504,3504,3504,3504,3504,3504,3504,79.35285949707031,77.23777770996094,76.5413589477539,77.4380111694336,62.9586181640625,76.7906723022461,76.92571258544922,77.21186065673828,79.2511215209961,76.19047546386719,75,72.7272720336914,73.68421173095703,95,85.71428680419922,90.47618865966797,85,2.1909193992614746,8589934592,1073741824,5159944192,299040768
204,1771640065661,3504,3504,3504,3504,3504,3504,3504,3504,79.35285949707031,77.23777770996094,76.5413589477539,77.4380111694336,62.9586181640625,76.7906723022461,76.92571258544922,77.21186065673828,79.2511215209961,71.42857360839844,68.18181610107422,70,66.66667175292969,85,94.73684692382813,80.95238494873047,80,8.416281700134277,8589934592,1073741824,5169840128,299040768
206,1771640065865,3504,3504,3504,3504,3504,3504,3504,3504,79.35285949707031,77.23777770996094,76.5413589477539,77.4380111694336,62.9586181640625,76.7906723022461,76.92571258544922,77.21186065673828,79.2511215209961,70,75,70,66.66667175292969,85.71428680419922,81.81818389892578,95,81.81818389892578,8.416281700134277,8589934592,1073741824,5166088192,299040768
207,1771640066072,3504,3504,3504,3504,3504,3504,3504,3504,79.35285949707031,77.23777770996094,76.5413589477539,77.4380111694336,62.9586181640625,76.7906723022461,76.92571258544922,77.21186065673828,79.2511215209961,71.42857360839844,68.42105102539063,65,71.42857360839844,85,85,80,80,8.416281700134277,8589934592,1073741824,5192974336,299040768
209,1771640066280,3504,3504,3504,3504,3504,3504,3504,3504,82.8822021484375,80.84514617919922,80.13594818115234,80.98297882080078,66.15335083007813,79.97315979003906,80.01786804199219,80.45909118652344,82.32832336425781,73.68421173095703,69.56521606445313,72.7272720336914,70,90.47618865966797,86.36363983154297,80.95238494873047,80.95238494873047,8.416281700134277,8589934592,1073741824,5160501248,299040768
216,1771640066490,3504,3504,3504,3504,3504,3504,3504,3504,82.8822021484375,80.84514617919922,80.13594818115234,80.98297882080078,66.15335083007813,79.97315979003906,80.01786804199219,80.45909118652344,82.32832336425781,71.42857360839844,70,71.42857360839844,66.66667175292969,86.36363983154297,85.71428680419922,90.47618865966797,80.95238494873047,8.416281700134277,8589934592,1073741824,5181308928,299040768
206,1771640066709,3504,3504,3504,3504,3504,3504,3504,3504,82.8822021484375,80.84514617919922,80.13594818115234,80.98297882080078,66.15335083007813,79.97315979003906,80.01786804199219,80.45909118652344,82.32832336425781,72.7272720336914,68.18181610107422,65,68.18181610107422,86.36363983154297,81.81818389892578,81.81818389892578,85.71428680419922,19.140954971313477,8589934592,1073741824,5150998528,299040768
209,1771640066916,3504,3504,3504,3504,3504,3504,3504,3504,82.8822021484375,80.84514617919922,80.13594818115234,80.98297882080078,66.15335083007813,79.97315979003906,80.01786804199219,80.45909118652344,82.32832336425781,70,70,72.7272720336914,65,89.47368621826172,89.47368621826172,90.47618865966797,80.95238494873047,19.140954971313477,8589934592,1073741824,5151473664,299040768
200,1771640067126,3504,3504,3504,3504,3504,3504,3504,3504,82.8822021484375,80.84514617919922,82.03857421875,82.55426025390625,67.91673278808594,81.63436126708984,81.62632751464844,82.20503997802734,83.96432495117188,73.91304016113281,76.19047546386719,70,77.2727279663086,86.9565200805664,85.71428680419922,90.47618865966797,81.81818389892578,19.140954971313477,8589934592,1073741824,5148409856,299040768
209,1771640067327,3504,3504,3504,3504,3504,3504,3504,3504,84.26627349853516,82.83291625976563,82.03857421875,82.55426025390625,67.91673278808594,81.63436126708984,81.62632751464844,82.20503997802734,83.96432495117188,68.42105102539063,66.66667175292969,71.42857360839844,68.42105102539063,85,85,85,78.94737243652344,19.140954971313477,8589934592,1073741824,5152129024,299040768
210,1771640067537,3504,3504,3504,3504,3504,3504,3504,3504,84.26627349853516,82.83291625976563,82.03857421875,82.55426025390625,67.91673278808594,81.63436126708984,81.62632751464844,82.20503997802734,83.96432495117188,68.18181610107422,70,70,68.18181610107422,85,81.81818389892578,85.71428680419922,85.71428680419922,19.140954971313477,8589934592,1073741824,5181112320,299040768
205,1771640067748,3504,3504,3504,3504,3504,3504,3504,3504,84.26627349853516,82.83291625976563,82.03857421875,82.55426025390625,67.91673278808594,81.63436126708984,81.62632751464844,82.20503997802734,83.96432495117188,75,66.66667175292969,71.42857360839844,66.66667175292969,80.95238494873047,80.95238494873047,90.47618865966797,77.2727279663086,19.897310256958008,8589934592,1073741824,5182242816,299040768
207,1771640067953,3504,3504,3504,3504,3504,3504,3504,3504,84.26627349853516,82.83291625976563,82.03857421875,82.55426025390625,67.91673278808594,81.63436126708984,81.62632751464844,82.20503997802734,83.96432495117188,70,75,70,76.19047546386719,95.23809814453125,95,80,84.21052551269531,19.897310256958008,8589934592,1073741824,5182193664,299040768
209,1771640068161,3504,3504,3504,3504,3504,3504,3504,3504,85.81536865234375,83.9775161743164,83.18234252929688,83.91118621826172,69.15416717529297,83.18209075927734,83.0616683959961,83.64241790771484,85.44046020507813,71.42857360839844,68.18181610107422,68.18181610107422,70,80.95238494873047,85.71428680419922,90.47618865966797,81.81818389892578,19.897310256958008,8589934592,1073741824,5144428544,299040768
209,1771640068371,3504,3504,3504,3504,3504,3504,3504,3504,85.81536865234375,83.9775161743164,83.18234252929688,83.91118621826172,69.15416717529297,83.18209075927734,83.0616683959961,83.64241790771484,85.44046020507813,71.42857360839844,70,68.18181610107422,71.42857360839844,85,85,86.36363983154297,76.19047546386719,19.897310256958008,8589934592,1073741824,5134106624,299040768
206,1771640068581,3504,3504,3504,3504,3504,3504,3504,3504,85.81536865234375,83.9775161743164,83.18234252929688,83.91118621826172,69.15416717529297,83.18209075927734,83.0616683959961,83.64241790771484,85.44046020507813,71.42857360839844,68.18181610107422,70,66.66667175292969,85.71428680419922,90.90909576416016,85,80.95238494873047,19.897310256958008,8589934592,1073741824,5148065792,299040768
206,1771640068787,3504,3504,3504,3504,3504,3504,3504,3504,85.81536865234375,83.9775161743164,83.18234252929688,83.91118621826172,69.15416717529297,83.18209075927734,83.0616683959961,83.64241790771484,85.44046020507813,22.72727394104004,19.047618865966797,30.000001907348633,19.047618865966797,28.571430206298828,23.809524536132813,23.809524536132813,19.047618865966797,19.68286895751953,8589934592,1073741824,5149573120,299040768
209,1771640068994,3504,3504,3504,3504,3504,3504,3504,3504,85.81536865234375,83.9775161743164,83.18234252929688,83.91118621826172,69.15416717529297,83.18209075927734,83.0616683959961,83.64241790771484,85.44046020507813,5.263157844543457,5.263157844543457,23.809524536132813,9.523809432983398,4.761904716491699,0,0,0,19.68286895751953,8589934592,1073741824,5149573120,299040768
208,1771640069204,3504,3504,3504,3504,3504,3504,3504,3504,75.52142333984375,74.341064453125,73.34812927246094,73.6461410522461,65.97907257080078,72.73323822021484,72.43257141113281,73.46918487548828,74.46734619140625,10,14.285715103149414,23.809524536132813,5,4.761904716491699,13.636363983154297,0,0,19.68286895751953,8589934592,1073741824,5150097408,299040768
201,1771640069413,3504,3504,3504,3504,3504,3504,3504,3504,75.52142333984375,74.341064453125,73.34812927246094,73.6461410522461,65.97907257080078,72.73323822021484,72.43257141113281,73.46918487548828,74.46734619140625,23.809524536132813,14.285715103149414,15.000000953674316,9.523809432983398,0,0,0,0,19.68286895751953,8589934592,1073741824,5146820608,299040768
202,1771640069615,3504,3504,3504,3504,3504,3504,3504,3504,75.52142333984375,74.341064453125,73.34812927246094,73.6461410522461,65.97907257080078,72.73323822021484,72.43257141113281,73.46918487548828,74.46734619140625,25,21.052631378173828,28.571430206298828,10,15.789472579956055,10.526315689086914,10,5,19.68286895751953,8589934592,1073741824,5149179904,299040768
207,1771640069817,3504,3504,3504,3504,3504,3504,3504,3504,75.52142333984375,74.341064453125,73.34812927246094,73.6461410522461,65.97907257080078,72.73323822021484,72.43257141113281,73.46918487548828,74.46734619140625,19.047618865966797,13.636363983154297,15.000000953674316,5,0,0,0,0,19.551809310913086,8589934592,1073741824,5149294592,299040768
201,1771640070026,3504,3504,3504,3504,3504,3504,3504,3504,75.52142333984375,74.341064453125,73.34812927246094,73.6461410522461,65.97907257080078,72.73323822021484,72.43257141113281,73.46918487548828,74.46734619140625,23.809524536132813,15.000000953674316,14.285715103149414,9.523809432983398,0,0,0,0,19.551809310913086,8589934592,1073741824,5149294592,299040768
201,1771640070228,3504,3504,3504,3504,3504,3504,3504,3504,57.363685607910156,56.93926239013672,55.71675109863281,55.57061004638672,55.61942672729492,55.570953369140625,55.123191833496094,56.393856048583984,56.63874816894531,20,30.000001907348633,15.000000953674316,5.263157844543457,0,0,0,0,19.551809310913086,8589934592,1073741824,5139300352,299040768
207,1771640070430,3504,3504,3504,3504,3504,3504,3504,3504,57.363685607910156,56.93926239013672,55.71675109863281,55.57061004638672,55.61942672729492,55.570953369140625,55.123191833496094,56.393856048583984,56.63874816894531,20,20,14.285715103149414,14.285715103149414,0,0,0,0,19.551809310913086,8589934592,1073741824,5139382272,299040768
209,1771640070637,3504,3504,3504,3504,3504,3504,3504,3504,57.363685607910156,56.93926239013672,55.71675109863281,55.57061004638672,55.61942672729492,55.570953369140625,55.123191833496094,56.393856048583984,56.63874816894531,33.333335876464844,19.047618865966797,10.526315689086914,9.523809432983398,0,0,0,0,13.496641159057617,8589934592,1073741824,5139431424,299040768
203,1771640070847,3504,3504,3504,3504,3504,3504,3504,3504,57.363685607910156,56.93926239013672,55.71675109863281,55.57061004638672,55.61942672729492,55.570953369140625,55.123191833496094,56.393856048583984,56.63874816894531,19.047618865966797,15.000000953674316,13.636363983154297,9.523809432983398,0,0,0,0,13.496641159057617,8589934592,1073741824,5139431424,299040768
209,1771640071051,3504,3504,3504,3504,3504,3504,3504,3504,57.363685607910156,56.93926239013672,55.71675109863281,55.57061004638672,55.61942672729492,55.570953369140625,55.123191833496094,56.393856048583984,56.63874816894531,21.052631378173828,23.809524536132813,10,5,0,0,0,0,13.496641159057617,8589934592,1073741824,5135974400,299040768
201,1771640071261,3504,3504,3504,3504,3504,3504,3504,3504,53.877384185791016,53.54981231689453,52.41459655761719,52.22990417480469,52.5450553894043,52.337158203125,51.98155975341797,53.13806915283203,53.36024856567383,19.047618865966797,23.809524536132813,10,10,0,0,0,0,13.496641159057617,8589934592,1073741824,5127487488,299040768
204,1771640071462,3504,3504,3504,3504,3504,3504,3504,3504,53.877384185791016,53.54981231689453,52.41459655761719,52.22990417480469,52.5450553894043,52.337158203125,51.98155975341797,53.13806915283203,53.36024856567383,23.809524536132813,20,10,13.636363983154297,0,0,0,0,13.496641159057617,8589934592,1073741824,5125111808,299040768
209,1771640071667,3504,3504,3504,3504,3504,3504,3504,3504,53.877384185791016,53.54981231689453,52.41459655761719,52.22990417480469,52.5450553894043,52.337158203125,51.98155975341797,53.13806915283203,53.36024856567383,25,15.000000953674316,14.285715103149414,10,0,0,0,0,2.557037830352783,8589934592,1073741824,5125111808,299040768
206,1771640071877,3504,3504,3504,3504,3504,3504,3504,3504,53.877384185791016,53.54981231689453,52.41459655761719,52.22990417480469,52.5450553894043,52.337158203125,51.98155975341797,53.13806915283203,53.36024856567383,19.047618865966797,22.72727394104004,5,5,4.545454502105713,0,4.761904716491699,0,2.557037830352783,8589934592,1073741824,5125079040,299040768
206,1771640072084,3504,3504,3504,3504,3504,3504,3504,3504,53.877384185791016,53.54981231689453,52.41459655761719,52.22990417480469,52.5450553894043,52.337158203125,51.98155975341797,53.13806915283203,53.36024856567383,15.000000953674316,25,13.636363983154297,9.090909004211426,0,0,0,0,2.557037830352783,8589934592,1073741824,5124816896,299040768
206,1771640072291,3504,3504,3504,3504,3504,3504,3504,3504,52.263553619384766,51.43079376220703,50.53002166748047,50.40843200683594,50.75135803222656,50.500701904296875,50.1912841796875,51.42505645751953,51.55356216430664,19.047618865966797,28.571430206298828,10,5,0,4.545454502105713,0,0,2.557037830352783,8589934592,1073741824,5125160960,299040768
201,1771640072498,3504,3504,3504,3504,3504,3504,3504,3504,52.263553619384766,51.43079376220703,50.53002166748047,50.40843200683594,50.75135803222656,50.500701904296875,50.1912841796875,51.42505645751953,51.55356216430664,14.285715103149414,26.3157901763916,9.523809432983398,5.263157844543457,0,0,0,0,2.557037830352783,8589934592,1073741824,5125160960,299040768
9,1771640072700,3504,3504,3504,3504,3504,3504,3504,3504,52.263553619384766,51.43079376220703,50.53002166748047,50.40843200683594,50.75135803222656,50.500701904296875,50.1912841796875,51.42505645751953,51.55356216430664,15.789472579956055,19.047618865966797,15.789472579956055,19.047618865966797,0,4.761904716491699,0,0,2.3968381881713867,8589934592,1073741824,5128798208,299040768
