Delta,Time,CPU_FREQUENCY_0,CPU_FREQUENCY_1,CPU_FREQUENCY_2,CPU_FREQUENCY_3,CPU_FREQUENCY_4,CPU_FREQUENCY_5,CPU_FREQUENCY_6,CPU_FREQUENCY_7,CPU_TEMP_0,CPU_TEMP_1,CPU_TEMP_2,CPU_TEMP_3,CPU_TEMP_4,CPU_TEMP_5,CPU_TEMP_6,CPU_TEMP_7,CPU_TEMP_8,CPU_USAGE_0,CPU_USAGE_1,CPU_USAGE_2,CPU_USAGE_3,CPU_USAGE_4,CPU_USAGE_5,CPU_USAGE_6,CPU_USAGE_7,SYSTEM_POWER (Watts),TOTAL_MEMORY,TOTAL_SWAP,USED_MEMORY,USED_SWAP
0,1771639513573,3504,3504,3504,3504,3504,3504,3504,3504,49.899375915527344,49.20579147338867,48.01573181152344,47.735260009765625,47.83684158325195,47.866188049316406,47.554656982421875,48.76909255981445,48.92127990722656,50,50,0,0,0,0,0,0,8.442041397094727,8589934592,1073741824,5460262912,307429376
209,1771639513573,3504,3504,3504,3504,3504,3504,3504,3504,49.899375915527344,49.20579147338867,48.01573181152344,47.735260009765625,47.83684158325195,47.866188049316406,47.554656982421875,48.76909255981445,48.92127990722656,0,0,50,33.333335876464844,66.66667175292969,50,0,0,8.442041397094727,8589934592,1073741824,5460262912,307429376
209,1771639513783,3504,3504,3504,3504,3504,3504,3504,3504,49.899375915527344,49.20579147338867,48.01573181152344,47.735260009765625,47.83684158325195,47.866188049316406,47.554656982421875,48.76909255981445,48.92127990722656,18.18181800842285,25,10,10,0,0,0,0,2.8491055965423584,8589934592,1073741824,5460262912,307429376
204,1771639513993,3504,3504,3504,3504,3504,3504,3504,3504,49.899375915527344,49.20579147338867,48.01573181152344,47.735260009765625,47.83684158325195,47.866188049316406,47.554656982421875,48.76909255981445,48.92127990722656,19.047618865966797,28.571430206298828,14.285715103149414,9.523809432983398,0,0,0,0,2.8491055965423584,8589934592,1073741824,5460262912,307429376
207,1771639514199,3504,3504,3504,3504,3504,3504,3504,3504,48.04492950439453,47.567108154296875,46.233673095703125,45.984649658203125,46.13406753540039,46.31682586669922,45.770477294921875,46.88581848144531,46.9390754699707,15.000000953674316,28.571430206298828,10,9.523809432983398,0,0,0,0,2.8491055965423584,8589934592,1073741824,5448990720,307429376
207,1771639514407,3504,3504,3504,3504,3504,3504,3504,3504,48.04492950439453,47.567108154296875,46.233673095703125,45.984649658203125,46.13406753540039,46.31682586669922,45.770477294921875,46.88581848144531,46.9390754699707,28.571430206298828,28.571430206298828,23.809524536132813,20,25,15.000000953674316,18.18181800842285,14.285715103149414,2.8491055965423584,8589934592,1073741824,5466767360,307429376
205,1771639514614,3504,3504,3504,3504,3504,3504,3504,3504,48.04492950439453,47.567108154296875,46.233673095703125,45.984649658203125,46.13406753540039,46.31682586669922,45.770477294921875,46.88581848144531,46.9390754699707,70,70,71.42857360839844,66.66667175292969,85.71428680419922,90.47618865966797,89.47368621826172,85,2.8491055965423584,8589934592,1073741824,5466767360,307429376
209,1771639514820,3504,3504,3504,3504,3504,3504,3504,3504,48.04492950439453,47.567108154296875,46.233673095703125,45.984649658203125,46.13406753540039,46.31682586669922,45.770477294921875,46.88581848144531,46.9390754699707,75,68.42105102539063,70,71.42857360839844,85,95,81.81818389892578,85.71428680419922,3.816211462020874,8589934592,1073741824,5466767360,307429376
209,1771639515030,3504,3504,3504,3504,3504,3504,3504,3504,48.04492950439453,47.567108154296875,46.233673095703125,45.984649658203125,46.13406753540039,46.31682586669922,45.770477294921875,46.88581848144531,46.9390754699707,71.42857360839844,72.7272720336914,68.18181610107422,65,90.47618865966797,80.95238494873047,90,80.95238494873047,3.816211462020874,8589934592,1073741824,5466767360,307429376
216,1771639515240,3504,3504,3504,3504,3504,3504,3504,3504,64.08894348144531,62.52945327758789,61.54486083984375,62.02423095703125,52.070068359375,61.69188690185547,61.50901794433594,62.134979248046875,63.19939041137695,71.42857360839844,76.19047546386719,70,71.42857360839844,86.36363983154297,86.36363983154297,86.36363983154297,80.95238494873047,3.816211462020874,8589934592,1073741824,5466750976,307429376
209,1771639515457,3504,3504,3504,3504,3504,3504,3504,3504,64.08894348144531,62.52945327758789,61.54486083984375,62.02423095703125,52.070068359375,61.69188690185547,61.50901794433594,62.134979248046875,63.19939041137695,72.7272720336914,73.91304016113281,72.7272720336914,69.56521606445313,85.71428680419922,80.95238494873047,81.81818389892578,85,3.816211462020874,8589934592,1073741824,5517967360,307429376
203,1771639515667,3504,3504,3504,3504,3504,3504,3504,3504,64.08894348144531,62.52945327758789,61.54486083984375,62.02423095703125,52.070068359375,61.69188690185547,61.50901794433594,62.134979248046875,63.19939041137695,76.19047546386719,75,71.42857360839844,75,90.47618865966797,85.71428680419922,85,82.60869598388672,2.70308518409729,8589934592,1073741824,5526700032,307429376
209,1771639515871,3504,3504,3504,3504,3504,3504,3504,3504,64.08894348144531,62.52945327758789,61.54486083984375,62.02423095703125,52.070068359375,61.69188690185547,61.50901794433594,62.134979248046875,63.19939041137695,78.94737243652344,71.42857360839844,71.42857360839844,70,85.71428680419922,95.23809814453125,80.95238494873047,80,2.70308518409729,8589934592,1073741824,5280432128,307429376
209,1771639516080,3504,3504,3504,3504,3504,3504,3504,3504,64.08894348144531,62.52945327758789,61.54486083984375,62.02423095703125,52.070068359375,61.69188690185547,61.50901794433594,62.134979248046875,63.19939041137695,77.2727279663086,76.19047546386719,75,72.7272720336914,80,80.95238494873047,85,90.47618865966797,2.70308518409729,8589934592,1073741824,5309448192,307429376
212,1771639516290,3504,3504,3504,3504,3504,3504,3504,3504,75.55424499511719,73.5921630859375,72.82198333740234,73.5676498413086,59.83531951904297,72.70845031738281,73.0595474243164,73.02603149414063,75.2419662475586,85.71428680419922,85,85,80,86.36363983154297,95,80.95238494873047,80.95238494873047,2.70308518409729,8589934592,1073741824,5266898944,307429376
205,1771639516503,3504,3504,3504,3504,3504,3504,3504,3504,75.55424499511719,73.5921630859375,72.82198333740234,73.5676498413086,59.83531951904297,72.70845031738281,73.0595474243164,73.02603149414063,75.2419662475586,80.95238494873047,86.36363983154297,81.81818389892578,76.19047546386719,85.71428680419922,80.95238494873047,90.47618865966797,85.71428680419922,2.70308518409729,8589934592,1073741824,5259149312,307429376
208,1771639516708,3504,3504,3504,3504,3504,3504,3504,3504,75.55424499511719,73.5921630859375,72.82198333740234,73.5676498413086,59.83531951904297,72.70845031738281,73.0595474243164,73.02603149414063,75.2419662475586,80.95238494873047,75,76.19047546386719,71.42857360839844,90,85.71428680419922,81.81818389892578,85.71428680419922,14.808552742004395,8589934592,1073741824,5251039232,307429376
209,1771639516917,3504,3504,3504,3504,3504,3504,3504,3504,75.55424499511719,73.5921630859375,72.82198333740234,73.5676498413086,59.83531951904297,72.70845031738281,73.0595474243164,73.02603149414063,75.2419662475586,75,71.42857360839844,70,70,81.81818389892578,90.47618865966797,75,85,14.808552742004395,8589934592,1073741824,5259067392,307429376
206,1771639517127,3504,3504,3504,3504,3504,3504,3504,3504,75.55424499511719,73.5921630859375,72.82198333740234,76.64836883544922,62.53274154663086,75.18989562988281,75.5195083618164,75.5313491821289,77.754638671875,76.19047546386719,70,66.66667175292969,68.18181610107422,85,85.71428680419922,76.19047546386719,76.19047546386719,14.808552742004395,8589934592,1073741824,5322981376,307429376
215,1771639517334,3504,3504,3504,3504,3504,3504,3504,3504,78.61723327636719,76.62644958496094,75.90046691894531,76.64836883544922,62.53274154663086,75.18989562988281,75.5195083618164,75.5313491821289,77.754638671875,76.19047546386719,80.95238494873047,75,75,90.47618865966797,85,85.71428680419922,90,14.808552742004395,8589934592,1073741824,5334794240,307429376
210,1771639517549,3504,3504,3504,3504,3504,3504,3504,3504,78.61723327636719,76.62644958496094,75.90046691894531,76.64836883544922,62.53274154663086,75.18989562988281,75.5195083618164,75.5313491821289,77.754638671875,71.42857360839844,68.18181610107422,69.56521606445313,68.18181610107422,85.71428680419922,81.81818389892578,85,78.26087188720703,14.808552742004395,8589934592,1073741824,5307187200,307429376
209,1771639517760,3504,3504,3504,3504,3504,3504,3504,3504,78.61723327636719,76.62644958496094,75.90046691894531,76.64836883544922,62.53274154663086,75.18989562988281,75.5195083618164,75.5313491821289,77.754638671875,76.19047546386719,75,75,76.19047546386719,90.47618865966797,90.47618865966797,86.36363983154297,85.71428680419922,19.69026756286621,8589934592,1073741824,5296111616,307429376
209,1771639517969,3504,3504,3504,3504,3504,3504,3504,3504,78.61723327636719,76.62644958496094,75.90046691894531,76.64836883544922,62.53274154663086,75.18989562988281,75.5195083618164,75.5313491821289,77.754638671875,66.66667175292969,66.66667175292969,63.6363639831543,61.904762268066406,81.81818389892578,81.81818389892578,80.95238494873047,71.42857360839844,19.69026756286621,8589934592,1073741824,5285527552,307429376
204,1771639518179,3504,3504,3504,3504,3504,3504,3504,3504,79.86036682128906,78.24530792236328,77.32241821289063,77.93051147460938,63.743682861328125,76.56640625,76.69690704345703,77.0382308959961,78.8780746459961,75,66.66667175292969,65,66.66667175292969,90,85,76.19047546386719,80,19.69026756286621,8589934592,1073741824,5302845440,307429376
213,1771639518384,3504,3504,3504,3504,3504,3504,3504,3504,79.86036682128906,78.24530792236328,77.32241821289063,77.93051147460938,63.743682861328125,76.56640625,76.69690704345703,77.0382308959961,78.8780746459961,71.42857360839844,66.66667175292969,76.19047546386719,75,85.71428680419922,85.71428680419922,85.71428680419922,80.95238494873047,19.69026756286621,8589934592,1073741824,5334859776,307429376
205,1771639518597,3504,3504,3504,3504,3504,3504,3504,3504,79.86036682128906,78.24530792236328,77.32241821289063,77.93051147460938,63.743682861328125,76.56640625,76.69690704345703,77.0382308959961,78.8780746459961,66.66667175292969,68.18181610107422,66.66667175292969,68.18181610107422,90.47618865966797,80.95238494873047,85.71428680419922,76.19047546386719,19.69026756286621,8589934592,1073741824,5303926784,307429376
209,1771639518803,3504,3504,3504,3504,3504,3504,3504,3504,79.86036682128906,78.24530792236328,77.32241821289063,77.93051147460938,63.743682861328125,76.56640625,76.69690704345703,77.0382308959961,78.8780746459961,76.19047546386719,68.42105102539063,65,65,90,85,80,80.95238494873047,19.786712646484375,8589934592,1073741824,5293768704,307429376
204,1771639519013,3504,3504,3504,3504,3504,3504,3504,3504,79.86036682128906,78.24530792236328,77.32241821289063,77.93051147460938,63.743682861328125,76.56640625,76.69690704345703,77.0382308959961,78.8780746459961,76.19047546386719,71.42857360839844,71.42857360839844,76.19047546386719,90.47618865966797,86.36363983154297,85.71428680419922,85.71428680419922,19.786712646484375,8589934592,1073741824,5302616064,307429376
209,1771639519217,3504,3504,3504,3504,3504,3504,3504,3504,81.00448608398438,79.49098205566406,78.52782440185547,79.0909194946289,64.86487579345703,77.89340209960938,78.04646301269531,78.29447937011719,80.25800323486328,70,66.66667175292969,66.66667175292969,65,85.71428680419922,90,76.19047546386719,76.19047546386719,19.786712646484375,8589934592,1073741824,5299175424,307429376
206,1771639519427,3504,3504,3504,3504,3504,3504,3504,3504,81.00448608398438,79.49098205566406,78.52782440185547,79.0909194946289,64.86487579345703,77.89340209960938,78.04646301269531,78.29447937011719,80.25800323486328,71.42857360839844,65,65,61.904762268066406,80.95238494873047,86.36363983154297,80,70,19.786712646484375,8589934592,1073741824,5335859200,307429376
209,1771639519634,3504,3504,3504,3504,3504,3504,3504,3504,81.00448608398438,79.49098205566406,78.52782440185547,79.0909194946289,64.86487579345703,77.89340209960938,78.04646301269531,78.29447937011719,80.25800323486328,22.72727394104004,13.636363983154297,18.18181800842285,13.636363983154297,10,10,13.636363983154297,14.285715103149414,18.848609924316406,8589934592,1073741824,5285888000,307429376
209,1771639519844,3504,3504,3504,3504,3504,3504,3504,3504,81.00448608398438,79.49098205566406,78.52782440185547,79.0909194946289,64.86487579345703,77.89340209960938,78.04646301269531,78.29447937011719,80.25800323486328,20,19.047618865966797,15.000000953674316,5,4.545454502105713,0,0,0,18.848609924316406,8589934592,1073741824,5286281216,307429376
204,1771639520055,3504,3504,3504,3504,3504,3504,3504,3504,81.00448608398438,79.49098205566406,78.52782440185547,79.0909194946289,64.86487579345703,77.89340209960938,78.04646301269531,78.29447937011719,80.25800323486328,18.18181800842285,15.000000953674316,19.047618865966797,5,0,0,0,0,18.848609924316406,8589934592,1073741824,5286281216,307429376
201,1771639520259,3504,3504,3504,3504,3504,3504,3504,3504,65.81426239013672,64.73865509033203,63.723777770996094,63.87999725341797,59.26335906982422,63.12355041503906,62.895652770996094,63.860958099365234,64.57796478271484,21.052631378173828,10,15.000000953674316,13.636363983154297,0,0,0,0,18.848609924316406,8589934592,1073741824,5286395904,307429376
205,1771639520461,3504,3504,3504,3504,3504,3504,3504,3504,65.81426239013672,64.73865509033203,63.723777770996094,63.87999725341797,59.26335906982422,63.12355041503906,62.895652770996094,63.860958099365234,64.57796478271484,15.000000953674316,19.047618865966797,28.571430206298828,5.263157844543457,0,0,0,0,18.848609924316406,8589934592,1073741824,5286395904,307429376
205,1771639520668,3504,3504,3504,3504,3504,3504,3504,3504,65.81426239013672,64.73865509033203,63.723777770996094,63.87999725341797,59.26335906982422,63.12355041503906,62.895652770996094,63.860958099365234,64.57796478271484,14.285715103149414,15.000000953674316,20,9.523809432983398,0,0,0,0,19.378768920898438,8589934592,1073741824,5286379520,307429376
203,1771639520874,3504,3504,3504,3504,3504,3504,3504,3504,65.81426239013672,64.73865509033203,63.723777770996094,63.87999725341797,59.26335906982422,63.12355041503906,62.895652770996094,63.860958099365234,64.57796478271484,25,20,14.285715103149414,10,0,0,0,0,19.378768920898438,8589934592,1073741824,5285707776,307429376
206,1771639521078,3504,3504,3504,3504,3504,3504,3504,3504,65.81426239013672,64.73865509033203,63.723777770996094,63.87999725341797,59.26335906982422,63.12355041503906,62.895652770996094,63.860958099365234,64.57796478271484,14.285715103149414,23.809524536132813,10.526315689086914,9.523809432983398,0,0,0,0,19.378768920898438,8589934592,1073741824,5285363712,307429376
207,1771639521285,3504,3504,3504,3504,3504,3504,3504,3504,52.28529357910156,51.52584457397461,50.66021728515625,50.44349670410156,50.74394989013672,50.45481872558594,50.210304260253906,51.342437744140625,51.54894256591797,20,20,13.636363983154297,10,0,0,0,0,19.378768920898438,8589934592,1073741824,5285265408,307429376
205,1771639521492,3504,3504,3504,3504,3504,3504,3504,3504,52.28529357910156,51.52584457397461,50.66021728515625,50.44349670410156,50.74394989013672,50.45481872558594,50.210304260253906,51.342437744140625,51.54894256591797,23.809524536132813,27.272727966308594,10,9.523809432983398,0,0,0,0,19.378768920898438,8589934592,1073741824,5285167104,307429376
209,1771639521699,3504,3504,3504,3504,3504,3504,3504,3504,52.28529357910156,51.52584457397461,50.66021728515625,50.44349670410156,50.74394989013672,50.45481872558594,50.210304260253906,51.342437744140625,51.54894256591797,15.000000953674316,15.789472579956055,23.809524536132813,10,0,0,0,0,10.531229019165039,8589934592,1073741824,5285249024,307429376
206,1771639521909,3504,3504,3504,3504,3504,3504,3504,3504,52.28529357910156,51.52584457397461,50.66021728515625,50.44349670410156,50.74394989013672,50.45481872558594,50.210304260253906,51.342437744140625,51.54894256591797,19.047618865966797,14.285715103149414,20,9.523809432983398,0,0,0,0,10.531229019165039,8589934592,1073741824,5285183488,307429376
201,1771639522115,3504,3504,3504,3504,3504,3504,3504,3504,52.28529357910156,51.52584457397461,50.66021728515625,50.44349670410156,50.74394989013672,50.45481872558594,50.210304260253906,51.342437744140625,51.54894256591797,19.047618865966797,19.047618865966797,23.809524536132813,14.285715103149414,0,0,0,0,10.531229019165039,8589934592,1073741824,5285019648,307429376
209,1771639522317,3504,3504,3504,3504,3504,3504,3504,3504,49.66298294067383,48.978981018066406,48.01245880126953,47.74725341796875,48.10485076904297,47.911651611328125,47.606597900390625,48.7342643737793,48.828311920166016,10,15.000000953674316,19.047618865966797,5,0,0,0,0,10.531229019165039,8589934592,1073741824,5285314560,307429376
204,1771639522527,3504,3504,3504,3504,3504,3504,3504,3504,49.66298294067383,48.978981018066406,48.01245880126953,47.74725341796875,48.10485076904297,47.911651611328125,47.606597900390625,48.7342643737793,48.828311920166016,20,23.809524536132813,20,19.047618865966797,14.285715103149414,0,0,23.809524536132813,10.531229019165039,8589934592,1073741824,5285707776,307429376
201,1771639522732,3504,3504,3504,3504,3504,3504,3504,3504,49.66298294067383,48.978981018066406,48.01245880126953,47.74725341796875,48.10485076904297,47.911651611328125,47.606597900390625,48.7342643737793,48.828311920166016,19.047618865966797,10,23.809524536132813,14.285715103149414,0,0,0,0,1.8839784860610962,8589934592,1073741824,5285724160,307429376
209,1771639522934,3504,3504,3504,3504,3504,3504,3504,3504,49.66298294067383,48.978981018066406,48.01245880126953,47.74725341796875,48.10485076904297,47.911651611328125,47.606597900390625,48.7342643737793,48.828311920166016,15.789472579956055,15.000000953674316,20,5.263157844543457,0,0,0,0,1.8839784860610962,8589934592,1073741824,5285822464,307429376
204,1771639523144,3504,3504,3504,3504,3504,3504,3504,3504,48.28924560546875,47.79146194458008,46.516456604003906,46.28272247314453,46.608638763427734,46.62415313720703,46.27716827392578,47.26963806152344,47.577911376953125,19.047618865966797,19.047618865966797,30.000001907348633,14.285715103149414,0,0,0,0,1.8839784860610962,8589934592,1073741824,5285986304,307429376
201,1771639523349,3504,3504,3504,3504,3504,3504,3504,3504,48.28924560546875,47.79146194458008,46.516456604003906,46.28272247314453,46.608638763427734,46.62415313720703,46.27716827392578,47.26963806152344,47.577911376953125,15.000000953674316,14.285715103149414,19.047618865966797,19.047618865966797,0,0,0,0,1.8839784860610962,8589934592,1073741824,5282365440,307429376
207,1771639523551,3504,3504,3504,3504,3504,3504,3504,3504,48.28924560546875,47.79146194458008,46.516456604003906,46.28272247314453,46.608638763427734,46.62415313720703,46.27716827392578,47.26963806152344,47.577911376953125,19.047618865966797,10.526315689086914,10,15.000000953674316,0,0,0,0,1.8839784860610962,8589934592,1073741824,5282349056,307429376
208,1771639523759,3504,3504,3504,3504,3504,3504,3504,3504,48.28924560546875,47.79146194458008,46.516456604003906,46.28272247314453,46.608638763427734,46.62415313720703,46.27716827392578,47.26963806152344,47.577911376953125,15.000000953674316,23.809524536132813,19.047618865966797,14.285715103149414,0,0,0,0,2.340667247772217,8589934592,1073741824,5282365440,307429376
208,1771639523968,3504,3504,3504,3504,3504,3504,3504,3504,48.28924560546875,47.79146194458008,46.516456604003906,46.28272247314453,46.608638763427734,46.62415313720703,46.27716827392578,47.26963806152344,47.577911376953125,14.285715103149414,19.047618865966797,15.000000953674316,5,0,0,0,0,2.340667247772217,8589934592,1073741824,5282267136,307429376
209,1771639524177,3504,3504,3504,3504,3504,3504,3504,3504,46.85917663574219,46.510433197021484,45.25349426269531,45.01689147949219,45.42974090576172,45.70088195800781,45.00616455078125,46.12450408935547,46.104671478271484,14.285715103149414,14.285715103149414,22.72727394104004,9.523809432983398,0,0,0,0,2.340667247772217,8589934592,1073741824,5282267136,307429376
204,1771639524387,3504,3504,3504,3504,3504,3504,3504,3504,46.85917663574219,46.510433197021484,45.25349426269531,45.01689147949219,45.42974090576172,45.70088195800781,45.00616455078125,46.12450408935547,46.104671478271484,14.285715103149414,14.285715103149414,23.809524536132813,9.523809432983398,0,0,0,0,2.340667247772217,8589934592,1073741824,5282316288,307429376
209,1771639524591,3504,3504,3504,3504,3504,3504,3504,3504,46.85917663574219,46.510433197021484,45.25349426269531,45.01689147949219,45.42974090576172,45.70088195800781,45.00616455078125,46.12450408935547,46.104671478271484,50,40,42.105262756347656,35,47.619049072265625,38.095237731933594,35,40,2.340667247772217,8589934592,1073741824,5313576960,307429376
205,1771639524803,3504,3504,3504,3504,3504,3504,3504,3504,46.85917663574219,46.510433197021484,45.25349426269531,45.01689147949219,45.42974090576172,45.70088195800781,45.00616455078125,46.12450408935547,46.104671478271484,71.42857360839844,72.7272720336914,72.7272720336914,69.56521606445313,85.71428680419922,85.71428680419922,86.36363983154297,81.81818389892578,2.455489158630371,8589934592,1073741824,5317427200,307429376
212,1771639525009,3504,3504,3504,3504,3504,3504,3504,3504,46.85917663574219,46.510433197021484,45.25349426269531,45.01689147949219,45.42974090576172,45.70088195800781,45.00616455078125,46.12450408935547,46.104671478271484,71.42857360839844,65,65,68.42105102539063,85,80.95238494873047,75,90.47618865966797,2.455489158630371,8589934592,1073741824,5344149504,307429376
209,1771639525221,3504,3504,3504,3504,3504,3504,3504,3504,59.323150634765625,58.06168746948242,57.127479553222656,57.468902587890625,49.8126335144043,57.405677795410156,57.56391906738281,57.71582794189453,59.208194732666016,65,71.42857360839844,72.7272720336914,63.6363639831543,85.71428680419922,85.71428680419922,80.95238494873047,85,2.455489158630371,8589934592,1073741824,5349900288,307429376
217,1771639525431,3504,3504,3504,3504,3504,3504,3504,3504,59.323150634765625,58.06168746948242,57.127479553222656,57.468902587890625,49.8126335144043,57.405677795410156,57.56391906738281,57.71582794189453,59.208194732666016,72.7272720336914,66.66667175292969,66.66667175292969,71.42857360839844,85.71428680419922,85.71428680419922,80.95238494873047,85.71428680419922,2.455489158630371,8589934592,1073741824,5349900288,307429376
209,1771639525649,3504,3504,3504,3504,3504,3504,3504,3504,59.323150634765625,58.06168746948242,57.127479553222656,57.468902587890625,49.8126335144043,57.405677795410156,57.56391906738281,57.71582794189453,59.208194732666016,68.18181610107422,72.7272720336914,68.18181610107422,61.904762268066406,86.9565200805664,90.90909576416016,80.95238494873047,81.81818389892578,2.13323974609375,8589934592,1073741824,5321506816,307429376
209,1771639525859,3504,3504,3504,3504,3504,3504,3504,3504,59.323150634765625,58.06168746948242,57.127479553222656,57.468902587890625,49.8126335144043,57.405677795410156,57.56391906738281,57.71582794189453,59.208194732666016,75,80.95238494873047,73.68421173095703,76.19047546386719,85,85.71428680419922,81.81818389892578,80.95238494873047,2.13323974609375,8589934592,1073741824,5311021056,307429376
209,1771639526068,3504,3504,3504,3504,3504,3504,3504,3504,59.323150634765625,58.06168746948242,57.127479553222656,57.468902587890625,49.8126335144043,57.405677795410156,57.56391906738281,57.71582794189453,59.208194732666016,72.7272720336914,66.66667175292969,65.21739196777344,66.66667175292969,85.71428680419922,85.71428680419922,80.95238494873047,81.81818389892578,2.13323974609375,8589934592,1073741824,5301567488,307429376
209,1771639526278,3504,3504,3504,3504,3504,3504,3504,3504,74.5851821899414,72.61131286621094,71.82080841064453,72.57875061035156,58.79780578613281,71.12710571289063,71.54090881347656,71.51333618164063,73.671142578125,65,66.66667175292969,65,61.904762268066406,80.95238494873047,85.71428680419922,77.2727279663086,80.95238494873047,2.13323974609375,8589934592,1073741824,5316116480,307429376
206,1771639526488,3504,3504,3504,3504,3504,3504,3504,3504,74.5851821899414,72.61131286621094,71.82080841064453,72.57875061035156,58.79780578613281,71.12710571289063,71.54090881347656,71.51333618164063,73.671142578125,68.18181610107422,71.42857360839844,68.18181610107422,65,85.71428680419922,80.95238494873047,84.21052551269531,80,2.13323974609375,8589934592,1073741824,5311119360,307429376
207,1771639526695,3504,3504,3504,3504,3504,3504,3504,3504,74.5851821899414,72.61131286621094,71.82080841064453,72.57875061035156,58.79780578613281,71.12710571289063,71.54090881347656,71.51333618164063,73.671142578125,70,70,68.42105102539063,68.18181610107422,85.71428680419922,85.71428680419922,80.95238494873047,76.19047546386719,10.61587142944336,8589934592,1073741824,5317328896,307429376
210,1771639526903,3504,3504,3504,3504,3504,3504,3504,3504,74.5851821899414,72.61131286621094,71.82080841064453,72.57875061035156,58.79780578613281,71.12710571289063,71.54090881347656,71.51333618164063,73.671142578125,76.19047546386719,76.19047546386719,71.42857360839844,76.19047546386719,85.71428680419922,80,80.95238494873047,76.19047546386719,10.61587142944336,8589934592,1073741824,5284986880,307429376
204,1771639527114,3504,3504,3504,3504,3504,3504,3504,3504,74.5851821899414,72.61131286621094,71.82080841064453,72.57875061035156,58.79780578613281,71.12710571289063,71.54090881347656,71.51333618164063,73.671142578125,76.19047546386719,71.42857360839844,71.42857360839844,70,95,86.36363983154297,85.71428680419922,80,10.61587142944336,8589934592,1073741824,5284986880,307429376
209,1771639527319,3504,3504,3504,3504,3504,3504,3504,3504,77.16967010498047,75.54103088378906,74.61988830566406,75.18838500976563,61.573150634765625,74.0582046508789,74.1088638305664,74.58382415771484,76.34752655029297,76.19047546386719,75,71.42857360839844,72.7272720336914,85.71428680419922,85,90.47618865966797,90.47618865966797,10.61587142944336,8589934592,1073741824,5284986880,307429376
209,1771639527529,3504,3504,3504,3504,3504,3504,3504,3504,77.16967010498047,75.54103088378906,74.61988830566406,75.18838500976563,61.573150634765625,74.0582046508789,74.1088638305664,74.58382415771484,76.34752655029297,73.68421173095703,66.66667175292969,66.66667175292969,68.42105102539063,90.47618865966797,81.81818389892578,85.71428680419922,80.95238494873047,10.61587142944336,8589934592,1073741824,5284986880,307429376
209,1771639527739,3504,3504,3504,3504,3504,3504,3504,3504,77.16967010498047,75.54103088378906,74.61988830566406,75.18838500976563,61.573150634765625,74.0582046508789,74.1088638305664,74.58382415771484,76.34752655029297,72.7272720336914,70,71.42857360839844,71.42857360839844,90.47618865966797,89.47368621826172,80,81.81818389892578,18.27243995666504,8589934592,1073741824,5284315136,307429376
209,1771639527949,3504,3504,3504,3504,3504,3504,3504,3504,77.16967010498047,75.54103088378906,74.61988830566406,75.18838500976563,61.573150634765625,74.0582046508789,74.1088638305664,74.58382415771484,76.34752655029297,71.42857360839844,72.7272720336914,75,71.42857360839844,90.47618865966797,90.47618865966797,86.36363983154297,85,18.27243995666504,8589934592,1073741824,5330010112,307429376
208,1771639528159,3504,3504,3504,3504,3504,3504,3504,3504,79.78102111816406,78.21121978759766,77.1471176147461,77.78234100341797,63.647178649902344,76.7532958984375,77.00848388671875,77.35807037353516,79.5362319946289,71.42857360839844,76.19047546386719,69.56521606445313,72.7272720336914,85.71428680419922,86.36363983154297,85,90.90909576416016,18.27243995666504,8589934592,1073741824,5349113856,307429376
209,1771639528367,3504,3504,3504,3504,3504,3504,3504,3504,79.78102111816406,78.21121978759766,77.1471176147461,77.78234100341797,63.647178649902344,76.7532958984375,77.00848388671875,77.35807037353516,79.5362319946289,71.42857360839844,70,70,71.42857360839844,85.71428680419922,85.71428680419922,81.81818389892578,85,18.27243995666504,8589934592,1073741824,5362434048,307429376
208,1771639528579,3504,3504,3504,3504,3504,3504,3504,3504,79.78102111816406,78.21121978759766,77.1471176147461,77.78234100341797,63.647178649902344,76.7532958984375,77.00848388671875,77.35807037353516,79.5362319946289,72.7272720336914,72.7272720336914,70,70,85.71428680419922,85.71428680419922,85.71428680419922,80.95238494873047,18.27243995666504,8589934592,1073741824,5307973632,307429376
209,1771639528787,3504,3504,3504,3504,3504,3504,3504,3504,79.78102111816406,78.21121978759766,77.1471176147461,77.78234100341797,63.647178649902344,76.7532958984375,77.00848388671875,77.35807037353516,79.5362319946289,68.42105102539063,65,68.18181610107422,66.66667175292969,85,80,85,76.19047546386719,18.753355026245117,8589934592,1073741824,5288198144,307429376
203,1771639528997,3504,3504,3504,3504,3504,3504,3504,3504,79.78102111816406,78.21121978759766,77.1471176147461,77.78234100341797,63.647178649902344,76.7532958984375,77.00848388671875,77.35807037353516,79.5362319946289,66.66667175292969,68.18181610107422,65,71.42857360839844,81.81818389892578,85.71428680419922,86.36363983154297,80.95238494873047,18.753355026245117,8589934592,1073741824,5288198144,307429376
213,1771639529200,3504,3504,3504,3504,3504,3504,3504,3504,81.10269927978516,79.225341796875,78.4431381225586,79.20252990722656,64.89669036865234,78.0888442993164,78.09919738769531,78.54393005371094,80.31047058105469,68.18181610107422,70,66.66667175292969,66.66667175292969,85.71428680419922,85.71428680419922,80,80,18.753355026245117,8589934592,1073741824,5296734208,307429376
209,1771639529414,3504,3504,3504,3504,3504,3504,3504,3504,81.10269927978516,79.225341796875,78.4431381225586,79.20252990722656,64.89669036865234,78.0888442993164,78.09919738769531,78.54393005371094,80.31047058105469,70,61.904762268066406,61.904762268066406,66.66667175292969,78.94737243652344,85.71428680419922,80.95238494873047,80.95238494873047,18.753355026245117,8589934592,1073741824,5360680960,307429376
209,1771639529624,3504,3504,3504,3504,3504,3504,3504,3504,81.10269927978516,79.225341796875,78.4431381225586,79.20252990722656,64.89669036865234,78.0888442993164,78.09919738769531,78.54393005371094,80.31047058105469,66.66667175292969,66.66667175292969,66.66667175292969,72.7272720336914,82.60869598388672,80.95238494873047,90.47618865966797,77.2727279663086,18.753355026245117,8589934592,1073741824,5360943104,307429376
209,1771639529835,3504,3504,3504,3504,3504,3504,3504,3504,81.10269927978516,79.225341796875,78.4431381225586,79.20252990722656,64.89669036865234,78.0888442993164,78.09919738769531,78.54393005371094,80.31047058105469,9.523809432983398,9.523809432983398,9.090909004211426,5.263157844543457,0,4.761904716491699,0,4.761904716491699,19.085506439208984,8589934592,1073741824,5306859520,307429376
201,1771639530045,3504,3504,3504,3504,3504,3504,3504,3504,81.10269927978516,79.225341796875,78.4431381225586,79.20252990722656,64.89669036865234,78.0888442993164,78.09919738769531,78.54393005371094,80.31047058105469,14.285715103149414,19.047618865966797,5.263157844543457,18.18181800842285,0,0,0,0,19.085506439208984,8589934592,1073741824,5307531264,307429376
205,1771639530247,3504,3504,3504,3504,3504,3504,3504,3504,70.25945281982422,69.00776672363281,68.0296859741211,68.34232330322266,61.43147277832031,67.83161163330078,67.64321899414063,68.57041931152344,69.64823150634766,21.052631378173828,20,14.285715103149414,10,0,0,0,0,19.085506439208984,8589934592,1073741824,5307465728,307429376
209,1771639530452,3504,3504,3504,3504,3504,3504,3504,3504,70.25945281982422,69.00776672363281,68.0296859741211,68.34232330322266,61.43147277832031,67.83161163330078,67.64321899414063,68.57041931152344,69.64823150634766,23.809524536132813,19.047618865966797,14.285715103149414,9.523809432983398,0,0,0,0,19.085506439208984,8589934592,1073741824,5304401920,307429376
204,1771639530662,3504,3504,3504,3504,3504,3504,3504,3504,70.25945281982422,69.00776672363281,68.0296859741211,68.34232330322266,61.43147277832031,67.83161163330078,67.64321899414063,68.57041931152344,69.64823150634766,14.285715103149414,23.809524536132813,5,9.523809432983398,0,0,0,0,18.987056732177734,8589934592,1073741824,5304418304,307429376
205,1771639530867,3504,3504,3504,3504,3504,3504,3504,3504,70.25945281982422,69.00776672363281,68.0296859741211,68.34232330322266,61.43147277832031,67.83161163330078,67.64321899414063,68.57041931152344,69.64823150634766,15.000000953674316,25,15.000000953674316,10,0,0,0,0,18.987056732177734,8589934592,1073741824,5303451648,307429376
209,1771639531073,3504,3504,3504,3504,3504,3504,3504,3504,70.25945281982422,69.00776672363281,68.0296859741211,68.34232330322266,61.43147277832031,67.83161163330078,67.64321899414063,68.57041931152344,69.64823150634766,22.72727394104004,23.809524536132813,14.285715103149414,9.523809432983398,0,0,0,0,18.987056732177734,8589934592,1073741824,5303025664,307429376
209,1771639531283,3504,3504,3504,3504,3504,3504,3504,3504,53.17671585083008,52.52745819091797,51.587440490722656,51.374298095703125,51.67626190185547,51.395233154296875,51.07353210449219,52.27839660644531,52.489559173583984,10,25,14.285715103149414,4.761904716491699,0,0,0,0,18.987056732177734,8589934592,1073741824,5303025664,307429376
204,1771639531494,3504,3504,3504,3504,3504,3504,3504,3504,53.17671585083008,52.52745819091797,51.587440490722656,51.374298095703125,51.67626190185547,51.395233154296875,51.07353210449219,52.27839660644531,52.489559173583984,14.285715103149414,19.047618865966797,14.285715103149414,10,0,0,0,0,18.987056732177734,8589934592,1073741824,5303025664,307429376
207,1771639531699,3504,3504,3504,3504,3504,3504,3504,3504,53.17671585083008,52.52745819091797,51.587440490722656,51.374298095703125,51.67626190185547,51.395233154296875,51.07353210449219,52.27839660644531,52.489559173583984,14.285715103149414,23.809524536132813,15.000000953674316,9.523809432983398,0,0,0,0,11.13588809967041,8589934592,1073741824,5303025664,307429376
208,1771639531907,3504,3504,3504,3504,3504,3504,3504,3504,53.17671585083008,52.52745819091797,51.587440490722656,51.374298095703125,51.67626190185547,51.395233154296875,51.07353210449219,52.27839660644531,52.489559173583984,20,20,14.285715103149414,9.523809432983398,0,0,0,0,11.13588809967041,8589934592,1073741824,5298438144,307429376
209,1771639532115,3504,3504,3504,3504,3504,3504,3504,3504,53.17671585083008,52.52745819091797,51.587440490722656,51.374298095703125,51.67626190185547,51.395233154296875,51.07353210449219,52.27839660644531,52.489559173583984,20,23.809524536132813,9.523809432983398,9.523809432983398,0,0,0,0,11.13588809967041,8589934592,1073741824,5291065344,307429376
208,1771639532325,3504,3504,3504,3504,3504,3504,3504,3504,50.24167251586914,49.522499084472656,48.60740661621094,48.35523986816406,48.74837112426758,48.486305236816406,48.159515380859375,49.39768600463867,49.4892463684082,23.809524536132813,18.18181800842285,5,10,0,0,0,0,11.13588809967041,8589934592,1073741824,5284347904,307429376
206,1771639532534,3504,3504,3504,3504,3504,3504,3504,3504,50.24167251586914,49.522499084472656,48.60740661621094,48.35523986816406,48.74837112426758,48.486305236816406,48.159515380859375,49.39768600463867,49.4892463684082,33.333335876464844,30.000001907348633,19.047618865966797,27.272727966308594,28.571430206298828,4.761904716491699,4.761904716491699,0,11.13588809967041,8589934592,1073741824,5284904960,307429376
207,1771639532740,3504,3504,3504,3504,3504,3504,3504,3504,50.24167251586914,49.522499084472656,48.60740661621094,48.35523986816406,48.74837112426758,48.486305236816406,48.159515380859375,49.39768600463867,49.4892463684082,15.000000953674316,10,10,5,0,0,0,0,1.9329324960708618,8589934592,1073741824,5284954112,307429376
200,1771639532948,3504,3504,3504,3504,3504,3504,3504,3504,50.24167251586914,49.522499084472656,48.60740661621094,48.35523986816406,48.74837112426758,48.486305236816406,48.159515380859375,49.39768600463867,49.4892463684082,27.272727966308594,14.285715103149414,13.636363983154297,5,0,0,0,0,1.9329324960708618,8589934592,1073741824,5285167104,307429376
202,1771639533149,3504,3504,3504,3504,3504,3504,3504,3504,48.8344841003418,48.31635665893555,47.09545135498047,46.89909362792969,47.11189651489258,47.01531219482422,46.605506896972656,47.7645149230957,47.93851852416992,20,21.052631378173828,10,10,0,0,0,0,1.9329324960708618,8589934592,1073741824,5285052416,307429376
207,1771639533353,3504,3504,3504,3504,3504,3504,3504,3504,48.8344841003418,48.31635665893555,47.09545135498047,46.89909362792969,47.11189651489258,47.01531219482422,46.605506896972656,47.7645149230957,47.93851852416992,20,19.047618865966797,14.285715103149414,5,0,0,0,0,1.9329324960708618,8589934592,1073741824,5285101568,307429376
205,1771639533561,3504,3504,3504,3504,3504,3504,3504,3504,48.8344841003418,48.31635665893555,47.09545135498047,46.89909362792969,47.11189651489258,47.01531219482422,46.605506896972656,47.7645149230957,47.93851852416992,25,19.047618865966797,5.263157844543457,13.636363983154297,0,0,0,0,1.9329324960708618,8589934592,1073741824,5285019648,307429376
204,1771639533767,3504,3504,3504,3504,3504,3504,3504,3504,48.8344841003418,48.31635665893555,47.09545135498047,46.89909362792969,47.11189651489258,47.01531219482422,46.605506896972656,47.7645149230957,47.93851852416992,28.571430206298828,25,20,10.526315689086914,0,0,0,0,2.4856579303741455,8589934592,1073741824,5285822464,307429376
209,1771639533972,3504,3504,3504,3504,3504,3504,3504,3504,48.8344841003418,48.31635665893555,47.09545135498047,46.89909362792969,47.11189651489258,47.01531219482422,46.605506896972656,47.7645149230957,47.93851852416992,26.3157901763916,30.000001907348633,38.095237731933594,35,14.285715103149414,14.285715103149414,10,5,2.4856579303741455,8589934592,1073741824,5287133184,307429376
208,1771639534182,3504,3504,3504,3504,3504,3504,3504,3504,47.57097244262695,47.149864196777344,45.763023376464844,45.600860595703125,45.984981536865234,46.15601348876953,45.48582458496094,46.63182830810547,46.74060821533203,13.636363983154297,19.047618865966797,18.18181800842285,13.043478012084961,0,0,0,0,2.4856579303741455,8589934592,1073741824,5287149568,307429376
209,1771639534391,3504,3504,3504,3504,3504,3504,3504,3504,47.57097244262695,47.149864196777344,45.763023376464844,45.600860595703125,45.984981536865234,46.15601348876953,45.48582458496094,46.63182830810547,46.74060821533203,14.285715103149414,19.047618865966797,15.000000953674316,5,0,0,0,0,2.4856579303741455,8589934592,1073741824,5287247872,307429376
204,1771639534600,3504,3504,3504,3504,3504,3504,3504,3504,47.57097244262695,47.149864196777344,45.763023376464844,45.600860595703125,45.984981536865234,46.15601348876953,45.48582458496094,46.63182830810547,46.74060821533203,23.809524536132813,22.72727394104004,23.809524536132813,14.285715103149414,13.636363983154297,9.523809432983398,13.636363983154297,9.090909004211426,2.4856579303741455,8589934592,1073741824,5251039232,307429376
209,1771639534805,3504,3504,3504,3504,3504,3504,3504,3504,47.57097244262695,47.149864196777344,45.763023376464844,45.600860595703125,45.984981536865234,46.15601348876953,45.48582458496094,46.63182830810547,46.74060821533203,70,68.42105102539063,70,65,85,80.95238494873047,80,78.94737243652344,2.1576921939849854,8589934592,1073741824,5251039232,307429376
211,1771639535015,3504,3504,3504,3504,3504,3504,3504,3504,47.57097244262695,47.149864196777344,45.763023376464844,45.600860595703125,45.984981536865234,46.15601348876953,45.48582458496094,46.63182830810547,46.74060821533203,71.42857360839844,63.6363639831543,66.66667175292969,68.18181610107422,90.47618865966797,85.71428680419922,80,95.23809814453125,2.1576921939849854,8589934592,1073741824,5351948288,307429376
206,1771639535228,3504,3504,3504,3504,3504,3504,3504,3504,57.827762603759766,56.88467025756836,55.82929992675781,55.99523162841797,49.319725036621094,55.80510711669922,55.75920104980469,56.1928596496582,57.39992141723633,75,71.42857360839844,71.42857360839844,70,90.47618865966797,86.36363983154297,81.81818389892578,81.81818389892578,2.1576921939849854,8589934592,1073741824,5309939712,307429376
207,1771639535435,3504,3504,3504,3504,3504,3504,3504,3504,57.827762603759766,56.88467025756836,55.82929992675781,55.99523162841797,49.319725036621094,55.80510711669922,55.75920104980469,56.1928596496582,57.39992141723633,76.19047546386719,70,70,71.42857360839844,85.71428680419922,90,80,85,2.1576921939849854,8589934592,1073741824,5319213056,307429376
207,1771639535642,3504,3504,3504,3504,3504,3504,3504,3504,57.827762603759766,56.88467025756836,55.82929992675781,55.99523162841797,49.319725036621094,55.80510711669922,55.75920104980469,56.1928596496582,57.39992141723633,71.42857360839844,71.42857360839844,68.18181610107422,66.66667175292969,90.47618865966797,85.71428680419922,81.81818389892578,77.2727279663086,2.550989866256714,8589934592,1073741824,5354569728,307429376
209,1771639535850,3504,3504,3504,3504,3504,3504,3504,3504,57.827762603759766,56.88467025756836,55.82929992675781,55.99523162841797,49.319725036621094,55.80510711669922,55.75920104980469,56.1928596496582,57.39992141723633,68.18181610107422,70,65,70,95.23809814453125,80.95238494873047,80.95238494873047,78.94737243652344,2.550989866256714,8589934592,1073741824,5310562304,307429376
206,1771639536060,3504,3504,3504,3504,3504,3504,3504,3504,57.827762603759766,56.88467025756836,55.82929992675781,55.99523162841797,49.319725036621094,55.80510711669922,55.75920104980469,56.1928596496582,57.39992141723633,68.42105102539063,68.18181610107422,68.18181610107422,66.66667175292969,80,85,85.71428680419922,81.81818389892578,2.550989866256714,8589934592,1073741824,5330829312,307429376
213,1771639536267,3504,3504,3504,3504,3504,3504,3504,3504,74.72000122070313,73.05680847167969,72.10366821289063,72.74150085449219,59.03416442871094,71.52145385742188,71.76693725585938,71.89143371582031,73.79885864257813,63.6363639831543,70,65,61.904762268066406,86.36363983154297,77.2727279663086,75,80.95238494873047,2.550989866256714,8589934592,1073741824,5337513984,307429376
209,1771639536481,3504,3504,3504,3504,3504,3504,3504,3504,74.72000122070313,73.05680847167969,72.10366821289063,72.74150085449219,59.03416442871094,71.52145385742188,71.76693725585938,71.89143371582031,73.79885864257813,70,68.18181610107422,66.66667175292969,66.66667175292969,85,90.47618865966797,80.95238494873047,76.19047546386719,2.550989866256714,8589934592,1073741824,5291900928,307429376
203,1771639536690,3504,3504,3504,3504,3504,3504,3504,3504,74.72000122070313,73.05680847167969,72.10366821289063,72.74150085449219,59.03416442871094,71.52145385742188,71.76693725585938,71.89143371582031,73.79885864257813,69.56521606445313,75,68.18181610107422,68.18181610107422,80.95238494873047,90,80,80.95238494873047,11.356647491455078,8589934592,1073741824,5302927360,307429376
206,1771639536894,3504,3504,3504,3504,3504,3504,3504,3504,74.72000122070313,73.05680847167969,72.10366821289063,72.74150085449219,59.03416442871094,71.52145385742188,71.76693725585938,71.89143371582031,73.79885864257813,63.15789031982422,66.66667175292969,68.42105102539063,68.42105102539063,85,80.95238494873047,86.36363983154297,75,11.356647491455078,8589934592,1073741824,5291884544,307429376
207,1771639537100,3504,3504,3504,3504,3504,3504,3504,3504,74.72000122070313,73.05680847167969,72.10366821289063,72.74150085449219,59.03416442871094,71.52145385742188,71.76693725585938,71.89143371582031,73.79885864257813,70,70,68.18181610107422,66.66667175292969,80.95238494873047,90,85,80.95238494873047,11.356647491455078,8589934592,1073741824,5276565504,307429376
203,1771639537308,3504,3504,3504,3504,3504,3504,3504,3504,77.58601379394531,75.44658660888672,74.73330688476563,75.54574584960938,61.76060485839844,74.26226043701172,74.381591796875,74.67086791992188,76.52618408203125,77.2727279663086,71.42857360839844,68.42105102539063,61.904762268066406,85.71428680419922,85.71428680419922,80.95238494873047,75,11.356647491455078,8589934592,1073741824,5329403904,307429376
209,1771639537511,3504,3504,3504,3504,3504,3504,3504,3504,77.58601379394531,75.44658660888672,74.73330688476563,75.54574584960938,61.76060485839844,74.26226043701172,74.381591796875,74.67086791992188,76.52618408203125,70,66.66667175292969,68.18181610107422,70,85,80.95238494873047,85.71428680419922,80.95238494873047,11.356647491455078,8589934592,1073741824,5307908096,307429376
209,1771639537721,3504,3504,3504,3504,3504,3504,3504,3504,77.58601379394531,75.44658660888672,74.73330688476563,75.54574584960938,61.76060485839844,74.26226043701172,74.381591796875,74.67086791992188,76.52618408203125,71.42857360839844,71.42857360839844,70,68.18181610107422,85.71428680419922,85,80,80,18.380126953125,8589934592,1073741824,5307908096,307429376
202,1771639537931,3504,3504,3504,3504,3504,3504,3504,3504,77.58601379394531,75.44658660888672,74.73330688476563,75.54574584960938,61.76060485839844,74.26226043701172,74.381591796875,74.67086791992188,76.52618408203125,65,68.42105102539063,63.6363639831543,65,81.81818389892578,76.19047546386719,85.71428680419922,77.2727279663086,18.380126953125,8589934592,1073741824,5307908096,307429376
212,1771639538134,3504,3504,3504,3504,3504,3504,3504,3504,79.19706726074219,77.59498596191406,76.7073745727539,77.32176208496094,63.48299789428711,76.38766479492188,76.35691833496094,76.98300170898438,78.55793762207031,70,66.66667175292969,68.42105102539063,70,85,80.95238494873047,85.71428680419922,80,18.380126953125,8589934592,1073741824,5337382912,307429376
208,1771639538346,3504,3504,3504,3504,3504,3504,3504,3504,79.19706726074219,77.59498596191406,76.7073745727539,77.32176208496094,63.48299789428711,76.38766479492188,76.35691833496094,76.98300170898438,78.55793762207031,72.7272720336914,68.18181610107422,68.18181610107422,68.18181610107422,85.71428680419922,90.47618865966797,80.95238494873047,85.71428680419922,18.380126953125,8589934592,1073741824,5306761216,307429376
209,1771639538555,3504,3504,3504,3504,3504,3504,3504,3504,79.19706726074219,77.59498596191406,76.7073745727539,77.32176208496094,63.48299789428711,76.38766479492188,76.35691833496094,76.98300170898438,78.55793762207031,70,71.42857360839844,71.42857360839844,68.42105102539063,80,80,85,80,18.380126953125,8589934592,1073741824,5287985152,307429376
208,1771639538765,3504,3504,3504,3504,3504,3504,3504,3504,79.19706726074219,77.59498596191406,76.7073745727539,77.32176208496094,63.48299789428711,76.38766479492188,76.35691833496094,76.98300170898438,78.55793762207031,68.18181610107422,70,65,68.18181610107422,86.36363983154297,85.71428680419922,80.95238494873047,82.60869598388672,18.653947830200195,8589934592,1073741824,5289328640,307429376
209,1771639538974,3504,3504,3504,3504,3504,3504,3504,3504,79.19706726074219,77.59498596191406,76.7073745727539,77.32176208496094,63.48299789428711,76.38766479492188,76.35691833496094,76.98300170898438,78.55793762207031,70,61.904762268066406,63.6363639831543,63.6363639831543,80.95238494873047,81.81818389892578,77.2727279663086,80.95238494873047,18.653947830200195,8589934592,1073741824,5306826752,307429376
209,1771639539184,3504,3504,3504,3504,3504,3504,3504,3504,80.5250473022461,78.68679809570313,77.87871551513672,78.57779693603516,64.70101165771484,77.65618896484375,78.0101089477539,77.97283935546875,80.34475708007813,66.66667175292969,71.42857360839844,70,65,90,85,80.95238494873047,80,18.653947830200195,8589934592,1073741824,5302894592,307429376
206,1771639539394,3504,3504,3504,3504,3504,3504,3504,3504,80.5250473022461,78.68679809570313,77.87871551513672,78.57779693603516,64.70101165771484,77.65618896484375,78.0101089477539,77.97283935546875,80.34475708007813,71.42857360839844,66.66667175292969,66.66667175292969,66.66667175292969,85.71428680419922,77.2727279663086,76.19047546386719,85.71428680419922,18.653947830200195,8589934592,1073741824,5321179136,307429376
209,1771639539600,3504,3504,3504,3504,3504,3504,3504,3504,80.5250473022461,78.68679809570313,77.87871551513672,78.57779693603516,64.70101165771484,77.65618896484375,78.0101089477539,77.97283935546875,80.34475708007813,66.66667175292969,65,65,61.904762268066406,85,80,85,76.19047546386719,18.653947830200195,8589934592,1073741824,5279252480,307429376
207,1771639539810,3504,3504,3504,3504,3504,3504,3504,3504,80.5250473022461,78.68679809570313,77.87871551513672,78.57779693603516,64.70101165771484,77.65618896484375,78.0101089477539,77.97283935546875,80.34475708007813,47.619049072265625,50,45.45454788208008,42.85714340209961,59.09090805053711,52.38095474243164,52.38095474243164,47.619049072265625,18.921382904052734,8589934592,1073741824,5302910976,307429376
209,1771639540018,3504,3504,3504,3504,3504,3504,3504,3504,80.5250473022461,78.68679809570313,77.87871551513672,78.57779693603516,64.70101165771484,77.65618896484375,78.0101089477539,77.97283935546875,80.34475708007813,20,0,4.761904716491699,9.523809432983398,0,0,4.545454502105713,0,18.921382904052734,8589934592,1073741824,5295472640,307429376
205,1771639540229,3504,3504,3504,3504,3504,3504,3504,3504,72.88469696044922,72.0130615234375,70.96115112304688,71.09196472167969,62.72588348388672,70.39366912841797,70.21651458740234,70.99378967285156,72.26106262207031,31.81818199157715,14.285715103149414,9.523809432983398,5,8.69565200805664,0,0,0,18.921382904052734,8589934592,1073741824,5295472640,307429376
209,1771639540434,3504,3504,3504,3504,3504,3504,3504,3504,72.88469696044922,72.0130615234375,70.96115112304688,71.09196472167969,62.72588348388672,70.39366912841797,70.21651458740234,70.99378967285156,72.26106262207031,25,14.285715103149414,5.263157844543457,9.523809432983398,0,0,0,0,18.921382904052734,8589934592,1073741824,5292244992,307429376
207,1771639540644,3504,3504,3504,3504,3504,3504,3504,3504,72.88469696044922,72.0130615234375,70.96115112304688,71.09196472167969,62.72588348388672,70.39366912841797,70.21651458740234,70.99378967285156,72.26106262207031,23.809524536132813,14.285715103149414,19.047618865966797,10,0,0,0,0,18.841398239135742,8589934592,1073741824,5292294144,307429376
206,1771639540852,3504,3504,3504,3504,3504,3504,3504,3504,72.88469696044922,72.0130615234375,70.96115112304688,71.09196472167969,62.72588348388672,70.39366912841797,70.21651458740234,70.99378967285156,72.26106262207031,10,15.000000953674316,19.047618865966797,9.090909004211426,0,0,0,0,18.841398239135742,8589934592,1073741824,5292294144,307429376
209,1771639541059,3504,3504,3504,3504,3504,3504,3504,3504,72.88469696044922,72.0130615234375,70.96115112304688,71.09196472167969,62.72588348388672,70.39366912841797,70.21651458740234,70.99378967285156,72.26106262207031,14.285715103149414,19.047618865966797,19.047618865966797,10,0,0,0,0,18.841398239135742,8589934592,1073741824,5289836544,307429376
209,1771639541269,3504,3504,3504,3504,3504,3504,3504,3504,53.96653747558594,53.44249725341797,52.38697052001953,52.18345642089844,52.42573165893555,52.20213317871094,51.871734619140625,53.036842346191406,53.3692512512207,19.047618865966797,23.809524536132813,23.809524536132813,10,0,0,0,0,18.841398239135742,8589934592,1073741824,5289852928,307429376
204,1771639541479,3504,3504,3504,3504,3504,3504,3504,3504,53.96653747558594,53.44249725341797,52.38697052001953,52.18345642089844,52.42573165893555,52.20213317871094,51.871734619140625,53.036842346191406,53.3692512512207,14.285715103149414,19.047618865966797,15.000000953674316,13.636363983154297,0,0,0,0,18.841398239135742,8589934592,1073741824,5279547392,307429376
206,1771639541684,3504,3504,3504,3504,3504,3504,3504,3504,53.96653747558594,53.44249725341797,52.38697052001953,52.18345642089844,52.42573165893555,52.20213317871094,51.871734619140625,53.036842346191406,53.3692512512207,21.052631378173828,20,19.047618865966797,14.285715103149414,0,0,0,0,14.680388450622559,8589934592,1073741824,5279498240,307429376
209,1771639541890,3504,3504,3504,3504,3504,3504,3504,3504,53.96653747558594,53.44249725341797,52.38697052001953,52.18345642089844,52.42573165893555,52.20213317871094,51.871734619140625,53.036842346191406,53.3692512512207,23.809524536132813,19.047618865966797,9.523809432983398,5,0,0,0,0,14.680388450622559,8589934592,1073741824,5279498240,307429376
202,1771639542101,3504,3504,3504,3504,3504,3504,3504,3504,53.96653747558594,53.44249725341797,52.38697052001953,52.18345642089844,52.42573165893555,52.20213317871094,51.871734619140625,53.036842346191406,53.3692512512207,14.285715103149414,14.285715103149414,14.285715103149414,23.809524536132813,0,0,0,0,14.680388450622559,8589934592,1073741824,5279645696,307429376
204,1771639542303,3504,3504,3504,3504,3504,3504,3504,3504,50.812904357910156,50.00898742675781,49.178253173828125,48.9422607421875,49.32953643798828,49.024017333984375,48.709434509277344,49.91315460205078,50.12641906738281,30.000001907348633,30.000001907348633,30.000001907348633,25,0,0,0,0,14.680388450622559,8589934592,1073741824,5271846912,307429376
199,1771639542508,3504,3504,3504,3504,3504,3504,3504,3504,50.812904357910156,50.00898742675781,49.178253173828125,48.9422607421875,49.32953643798828,49.024017333984375,48.709434509277344,49.91315460205078,50.12641906738281,28.571430206298828,19.047618865966797,15.000000953674316,5.263157844543457,25,0,0,0,14.680388450622559,8589934592,1073741824,5266391040,307429376
209,1771639542708,3504,3504,3504,3504,3504,3504,3504,3504,50.812904357910156,50.00898742675781,49.178253173828125,48.9422607421875,49.32953643798828,49.024017333984375,48.709434509277344,49.91315460205078,50.12641906738281,26.3157901763916,10.526315689086914,20,14.285715103149414,10,4.761904716491699,0,0,2.1050314903259277,8589934592,1073741824,5267111936,307429376
207,1771639542918,3504,3504,3504,3504,3504,3504,3504,3504,50.812904357910156,50.00898742675781,49.178253173828125,48.9422607421875,49.32953643798828,49.024017333984375,48.709434509277344,49.91315460205078,50.12641906738281,22.72727394104004,9.523809432983398,14.285715103149414,13.636363983154297,4.761904716491699,0,4.545454502105713,0,2.1050314903259277,8589934592,1073741824,5267259392,307429376
209,1771639543127,3504,3504,3504,3504,3504,3504,3504,3504,50.812904357910156,50.00898742675781,47.97410583496094,47.62065887451172,47.75675582885742,47.76402282714844,47.41570281982422,48.62466812133789,48.78872299194336,38.095237731933594,30.000001907348633,25,20,10,18.18181800842285,10,13.636363983154297,2.1050314903259277,8589934592,1073741824,5265948672,307429376
203,1771639543337,3504,3504,3504,3504,3504,3504,3504,3504,49.61228942871094,49.14479064941406,47.97410583496094,47.62065887451172,47.75675582885742,47.76402282714844,47.41570281982422,48.62466812133789,48.78872299194336,30.000001907348633,22.72727394104004,18.18181800842285,22.72727394104004,0,0,0,0,2.1050314903259277,8589934592,1073741824,5265686528,307429376
209,1771639543540,3504,3504,3504,3504,3504,3504,3504,3504,49.61228942871094,49.14479064941406,47.97410583496094,47.62065887451172,47.75675582885742,47.76402282714844,47.41570281982422,48.62466812133789,48.78872299194336,19.047618865966797,10.526315689086914,5.263157844543457,15.000000953674316,0,0,0,0,2.1050314903259277,8589934592,1073741824,5265965056,307429376
209,1771639543750,3504,3504,3504,3504,3504,3504,3504,3504,49.61228942871094,49.14479064941406,47.97410583496094,47.62065887451172,47.75675582885742,47.76402282714844,47.41570281982422,48.62466812133789,48.78872299194336,25,14.285715103149414,14.285715103149414,0,0,0,0,0,2.4485599994659424,8589934592,1073741824,5266669568,307429376
205,1771639543961,3504,3504,3504,3504,3504,3504,3504,3504,49.61228942871094,49.14479064941406,47.97410583496094,47.62065887451172,47.75675582885742,47.76402282714844,47.41570281982422,48.62466812133789,48.78872299194336,61.904762268066406,57.142860412597656,45.45454788208008,40.90909194946289,0,0,0,0,2.4485599994659424,8589934592,1073741824,5280989184,307429376
201,1771639544167,3504,3504,3504,3504,3504,3504,3504,3504,48.22445297241211,47.7623405456543,46.468605041503906,46.26026153564453,46.6639518737793,46.656578063964844,46.13505554199219,47.2442741394043,47.45316696166992,33.333335876464844,14.285715103149414,14.285715103149414,9.523809432983398,0,0,0,0,2.4485599994659424,8589934592,1073741824,5280989184,307429376
208,1771639544368,3504,3504,3504,3504,3504,3504,3504,3504,48.22445297241211,47.7623405456543,46.468605041503906,46.26026153564453,46.6639518737793,46.656578063964844,46.13505554199219,47.2442741394043,47.45316696166992,30.000001907348633,15.000000953674316,10.526315689086914,15.000000953674316,0,0,0,0,2.4485599994659424,8589934592,1073741824,5281349632,307429376
212,1771639544577,3504,3504,3504,3504,3504,3504,3504,3504,48.22445297241211,47.7623405456543,46.468605041503906,46.26026153564453,46.6639518737793,46.656578063964844,46.13505554199219,47.2442741394043,47.45316696166992,19.047618865966797,14.285715103149414,14.285715103149414,9.523809432983398,0,0,0,0,2.4485599994659424,8589934592,1073741824,5281398784,307429376
210,1771639544790,3504,3504,3504,3504,3504,3504,3504,3504,48.22445297241211,47.7623405456543,46.468605041503906,46.26026153564453,46.6639518737793,46.656578063964844,46.13505554199219,47.2442741394043,47.45316696166992,40,40,45.45454788208008,38.095237731933594,47.619049072265625,38.095237731933594,39.130435943603516,50,2.452718496322632,8589934592,1073741824,5281398784,307429376
209,1771639545001,3504,3504,3504,3504,3504,3504,3504,3504,48.22445297241211,47.7623405456543,46.468605041503906,46.26026153564453,46.6639518737793,46.656578063964844,46.13505554199219,47.2442741394043,47.45316696166992,72.7272720336914,72.7272720336914,70,70,86.36363983154297,95.23809814453125,85.71428680419922,81.81818389892578,2.452718496322632,8589934592,1073741824,5281398784,307429376
208,1771639545211,3504,3504,3504,3504,3504,3504,3504,3504,55.987953186035156,55.00673294067383,53.89203643798828,54.09654235839844,48.73312759399414,54.026756286621094,53.773468017578125,54.42748260498047,55.23752212524414,90,85.71428680419922,90.90909576416016,86.36363983154297,85.71428680419922,85.71428680419922,90.47618865966797,81.81818389892578,2.452718496322632,8589934592,1073741824,5281398784,307429376
209,1771639545419,3504,3504,3504,3504,3504,3504,3504,3504,55.987953186035156,55.00673294067383,53.89203643798828,54.09654235839844,48.73312759399414,54.026756286621094,53.773468017578125,54.42748260498047,55.23752212524414,90.90909576416016,90,85,85.71428680419922,85,85,90,80,2.452718496322632,8589934592,1073741824,5361008640,307429376
202,1771639545629,3504,3504,3504,3504,3504,3504,3504,3504,55.987953186035156,55.00673294067383,53.89203643798828,54.09654235839844,48.73312759399414,54.026756286621094,53.773468017578125,54.42748260498047,55.23752212524414,90,86.36363983154297,90,85,86.36363983154297,81.81818389892578,80.95238494873047,90.47618865966797,2.576378107070923,8589934592,1073741824,5346459648,307429376
203,1771639545832,3504,3504,3504,3504,3504,3504,3504,3504,55.987953186035156,55.00673294067383,53.89203643798828,54.09654235839844,48.73312759399414,54.026756286621094,53.773468017578125,54.42748260498047,55.23752212524414,85,89.47368621826172,80.95238494873047,80.95238494873047,85,85,90,80.95238494873047,2.576378107070923,8589934592,1073741824,5333090304,307429376
209,1771639546036,3504,3504,3504,3504,3504,3504,3504,3504,55.987953186035156,55.00673294067383,53.89203643798828,54.09654235839844,48.73312759399414,54.026756286621094,53.773468017578125,54.42748260498047,55.23752212524414,80.95238494873047,76.19047546386719,75,75,90.47618865966797,90.47618865966797,85,84.21052551269531,2.576378107070923,8589934592,1073741824,5330796544,307429376
209,1771639546246,3504,3504,3504,3504,3504,3504,3504,3504,74.88648223876953,73.17532348632813,72.38932800292969,72.96427917480469,59.403297424316406,72.58790588378906,72.66282653808594,73.01713562011719,74.83328247070313,85.71428680419922,80.95238494873047,76.19047546386719,80.95238494873047,85.71428680419922,85,90.47618865966797,85.71428680419922,2.576378107070923,8589934592,1073741824,5331140608,307429376
202,1771639546456,3504,3504,3504,3504,3504,3504,3504,3504,74.88648223876953,73.17532348632813,72.38932800292969,72.96427917480469,59.403297424316406,72.58790588378906,72.66282653808594,73.01713562011719,74.83328247070313,70,63.6363639831543,66.66667175292969,65,85,90.47618865966797,81.81818389892578,71.42857360839844,2.576378107070923,8589934592,1073741824,5364465664,307429376
208,1771639546658,3504,3504,3504,3504,3504,3504,3504,3504,74.88648223876953,73.17532348632813,72.38932800292969,72.96427917480469,59.403297424316406,72.58790588378906,72.66282653808594,73.01713562011719,74.83328247070313,76.19047546386719,72.22222137451172,71.42857360839844,72.7272720336914,85,95,80,85,7.283858299255371,8589934592,1073741824,5366431744,307429376
202,1771639546867,3504,3504,3504,3504,3504,3504,3504,3504,74.88648223876953,73.17532348632813,72.38932800292969,72.96427917480469,59.403297424316406,72.58790588378906,72.66282653808594,73.01713562011719,74.83328247070313,70,63.6363639831543,66.66667175292969,65,85.71428680419922,81.81818389892578,80.95238494873047,80.95238494873047,7.283858299255371,8589934592,1073741824,5342478336,307429376
209,1771639547069,3504,3504,3504,3504,3504,3504,3504,3504,74.88648223876953,73.17532348632813,72.38932800292969,72.96427917480469,59.403297424316406,72.58790588378906,72.66282653808594,73.01713562011719,74.83328247070313,66.66667175292969,70,65,65,85,84.21052551269531,80,80,7.283858299255371,8589934592,1073741824,5329698816,307429376
204,1771639547279,3504,3504,3504,3504,3504,3504,3504,3504,78.8128433227539,76.7056884765625,75.899658203125,76.68460845947266,62.57722854614258,75.3314208984375,75.43238830566406,75.73080444335938,77.6407241821289,76.19047546386719,66.66667175292969,71.42857360839844,66.66667175292969,85.71428680419922,85.71428680419922,78.94737243652344,76.19047546386719,7.283858299255371,8589934592,1073741824,5337186304,307429376
211,1771639547484,3504,3504,3504,3504,3504,3504,3504,3504,78.8128433227539,76.7056884765625,75.899658203125,76.68460845947266,62.57722854614258,75.3314208984375,75.43238830566406,75.73080444335938,77.6407241821289,70,71.42857360839844,65,66.66667175292969,85,90.90909576416016,81.81818389892578,76.19047546386719,7.283858299255371,8589934592,1073741824,5331877888,307429376
209,1771639547695,3504,3504,3504,3504,3504,3504,3504,3504,78.8128433227539,76.7056884765625,75.899658203125,76.68460845947266,62.57722854614258,75.3314208984375,75.43238830566406,75.73080444335938,77.6407241821289,71.42857360839844,70,71.42857360839844,66.66667175292969,81.81818389892578,80,85.71428680419922,85.71428680419922,19.464218139648438,8589934592,1073741824,5336514560,307429376
209,1771639547905,3504,3504,3504,3504,3504,3504,3504,3504,78.8128433227539,76.7056884765625,75.899658203125,76.68460845947266,62.57722854614258,75.3314208984375,75.43238830566406,75.73080444335938,77.6407241821289,68.18181610107422,63.6363639831543,61.904762268066406,70,86.36363983154297,81.81818389892578,81.81818389892578,80.95238494873047,19.464218139648438,8589934592,1073741824,5349359616,307429376
206,1771639548115,3504,3504,3504,3504,3504,3504,3504,3504,78.8128433227539,76.7056884765625,75.899658203125,76.68460845947266,62.57722854614258,75.3314208984375,75.43238830566406,75.73080444335938,77.6407241821289,75,66.66667175292969,66.66667175292969,66.66667175292969,90,85,80,85.71428680419922,19.464218139648438,8589934592,1073741824,5356912640,307429376
209,1771639548322,3504,3504,3504,3504,3504,3504,3504,3504,79.9805679321289,78.27618408203125,77.34919738769531,78.00732421875,64.08686828613281,76.91555786132813,77.14044189453125,77.33462524414063,79.58646392822266,66.66667175292969,65,65,71.42857360839844,80,80.95238494873047,85.71428680419922,80,19.464218139648438,8589934592,1073741824,5350440960,307429376
204,1771639548532,3504,3504,3504,3504,3504,3504,3504,3504,79.9805679321289,78.27618408203125,77.34919738769531,78.00732421875,64.08686828613281,76.91555786132813,77.14044189453125,77.33462524414063,79.58646392822266,71.42857360839844,71.42857360839844,68.18181610107422,66.66667175292969,86.36363983154297,90.47618865966797,80.95238494873047,81.81818389892578,19.464218139648438,8589934592,1073741824,5331451904,307429376
209,1771639548737,3504,3504,3504,3504,3504,3504,3504,3504,79.9805679321289,78.27618408203125,77.34919738769531,78.00732421875,64.08686828613281,76.91555786132813,77.14044189453125,77.33462524414063,79.58646392822266,65,61.904762268066406,65,71.42857360839844,80,85.71428680419922,85,75,19.306026458740234,8589934592,1073741824,5319458816,307429376
202,1771639548947,3504,3504,3504,3504,3504,3504,3504,3504,79.9805679321289,78.27618408203125,77.34919738769531,78.00732421875,64.08686828613281,76.91555786132813,77.14044189453125,77.33462524414063,79.58646392822266,71.42857360839844,71.42857360839844,66.66667175292969,70,85.71428680419922,85.71428680419922,77.2727279663086,80.95238494873047,19.306026458740234,8589934592,1073741824,5317279744,307429376
209,1771639549150,3504,3504,3504,3504,3504,3504,3504,3504,81.73114776611328,79.46202850341797,78.72559356689453,79.6378402709961,65.38506317138672,78.39183807373047,78.37776947021484,78.83412170410156,80.65274047851563,71.42857360839844,65,68.42105102539063,71.42857360839844,80.95238494873047,95,80,75,19.306026458740234,8589934592,1073741824,5319950336,307429376
206,1771639549360,3504,3504,3504,3504,3504,3504,3504,3504,81.73114776611328,79.46202850341797,78.72559356689453,79.6378402709961,65.38506317138672,78.39183807373047,78.37776947021484,78.83412170410156,80.65274047851563,70,70,68.18181610107422,70,90.47618865966797,80.95238494873047,80.95238494873047,81.81818389892578,19.306026458740234,8589934592,1073741824,5319622656,307429376
209,1771639549567,3504,3504,3504,3504,3504,3504,3504,3504,81.73114776611328,79.46202850341797,78.72559356689453,79.6378402709961,65.38506317138672,78.39183807373047,78.37776947021484,78.83412170410156,80.65274047851563,71.42857360839844,68.18181610107422,65,66.66667175292969,85.71428680419922,90.47618865966797,80,76.19047546386719,19.306026458740234,8589934592,1073741824,5320359936,307429376
209,1771639549777,3504,3504,3504,3504,3504,3504,3504,3504,81.73114776611328,79.46202850341797,78.72559356689453,79.6378402709961,65.38506317138672,78.39183807373047,78.37776947021484,78.83412170410156,80.65274047851563,54.54545593261719,55,54.54545593261719,54.54545593261719,70,70,59.09090805053711,60.000003814697266,18.894012451171875,8589934592,1073741824,5308825600,307429376
208,1771639549987,3504,3504,3504,3504,3504,3504,3504,3504,81.73114776611328,79.46202850341797,78.72559356689453,79.6378402709961,65.38506317138672,78.39183807373047,78.37776947021484,78.83412170410156,80.65274047851563,10,4.761904716491699,10,0,4.761904716491699,4.545454502105713,0,0,18.894012451171875,8589934592,1073741824,5311447040,307429376
206,1771639550196,3504,3504,3504,3504,3504,3504,3504,3504,74.0925064086914,72.77135467529297,71.8454360961914,72.14105987548828,63.493473052978516,70.9103775024414,70.90232849121094,71.45807647705078,72.96483612060547,14.285715103149414,14.285715103149414,19.047618865966797,9.523809432983398,0,0,0,0,18.894012451171875,8589934592,1073741824,5312069632,307429376
209,1771639550402,3504,3504,3504,3504,3504,3504,3504,3504,74.0925064086914,72.77135467529297,71.8454360961914,72.14105987548828,63.493473052978516,70.9103775024414,70.90232849121094,71.45807647705078,72.96483612060547,25,15.000000953674316,19.047618865966797,10,0,0,0,0,18.894012451171875,8589934592,1073741824,5312069632,307429376
209,1771639550612,3504,3504,3504,3504,3504,3504,3504,3504,74.0925064086914,72.77135467529297,71.8454360961914,72.14105987548828,63.493473052978516,70.9103775024414,70.90232849121094,71.45807647705078,72.96483612060547,31.81818199157715,14.285715103149414,9.523809432983398,9.090909004211426,0,0,0,0,18.894012451171875,8589934592,1073741824,5308497920,307429376
201,1771639550822,3504,3504,3504,3504,3504,3504,3504,3504,74.0925064086914,72.77135467529297,71.8454360961914,72.14105987548828,63.493473052978516,70.9103775024414,70.90232849121094,71.45807647705078,72.96483612060547,20,22.72727394104004,5,10,0,0,0,0,19.09499168395996,8589934592,1073741824,5308514304,307429376
209,1771639551023,3504,3504,3504,3504,3504,3504,3504,3504,74.0925064086914,72.77135467529297,71.8454360961914,72.14105987548828,63.493473052978516,70.9103775024414,70.90232849121094,71.45807647705078,72.96483612060547,15.000000953674316,26.3157901763916,14.285715103149414,9.523809432983398,0,0,0,0,19.09499168395996,8589934592,1073741824,5306531840,307429376
199,1771639551234,3504,3504,3504,3504,3504,3504,3504,3504,54.43576431274414,54.07352828979492,52.95298767089844,52.68894958496094,52.98991394042969,52.77915954589844,52.495567321777344,53.61154556274414,53.911216735839844,19.047618865966797,19.047618865966797,23.809524536132813,9.523809432983398,0,0,0,0,19.09499168395996,8589934592,1073741824,5304926208,307429376
209,1771639551434,3504,3504,3504,3504,3504,3504,3504,3504,54.43576431274414,54.07352828979492,52.95298767089844,52.68894958496094,52.98991394042969,52.77915954589844,52.495567321777344,53.61154556274414,53.911216735839844,10.526315689086914,15.789472579956055,15.000000953674316,5.263157844543457,0,0,0,0,19.09499168395996,8589934592,1073741824,5304074240,307429376
199,1771639551644,3504,3504,3504,3504,3504,3504,3504,3504,54.43576431274414,54.07352828979492,52.95298767089844,52.68894958496094,52.98991394042969,52.77915954589844,52.495567321777344,53.61154556274414,53.911216735839844,22.72727394104004,22.72727394104004,14.285715103149414,9.523809432983398,0,0,0,0,12.779618263244629,8589934592,1073741824,5304451072,307429376
204,1771639551844,3504,3504,3504,3504,3504,3504,3504,3504,54.43576431274414,54.07352828979492,52.95298767089844,52.68894958496094,52.98991394042969,52.77915954589844,52.495567321777344,53.61154556274414,53.911216735839844,20,20,20,14.285715103149414,0,0,0,0,12.779618263244629,8589934592,1073741824,5304500224,307429376
209,1771639552049,3504,3504,3504,3504,3504,3504,3504,3504,54.43576431274414,54.07352828979492,52.95298767089844,52.68894958496094,52.98991394042969,52.77915954589844,52.495567321777344,53.61154556274414,53.911216735839844,10,23.809524536132813,20,5.263157844543457,0,0,0,0,12.779618263244629,8589934592,1073741824,5304401920,307429376
209,1771639552259,3504,3504,3504,3504,3504,3504,3504,3504,51.257843017578125,50.47179412841797,49.68290710449219,49.362449645996094,49.832698822021484,49.525733947753906,49.255950927734375,50.43929672241211,50.63873291015625,19.047618865966797,23.809524536132813,19.047618865966797,13.636363983154297,0,0,0,0,12.779618263244629,8589934592,1073741824,5304418304,307429376
209,1771639552469,3504,3504,3504,3504,3504,3504,3504,3504,51.257843017578125,50.47179412841797,49.68290710449219,49.362449645996094,49.832698822021484,49.525733947753906,49.255950927734375,50.43929672241211,50.63873291015625,15.000000953674316,21.052631378173828,15.000000953674316,4.761904716491699,0,0,0,0,12.779618263244629,8589934592,1073741824,5300551680,307429376
204,1771639552679,3504,3504,3504,3504,3504,3504,3504,3504,51.257843017578125,50.47179412841797,49.68290710449219,49.362449645996094,49.832698822021484,49.525733947753906,49.255950927734375,50.43929672241211,50.63873291015625,22.72727394104004,22.72727394104004,31.81818199157715,10,33.333335876464844,0,9.090909004211426,0,1.9558162689208984,8589934592,1073741824,5290704896,307429376
202,1771639552884,3504,3504,3504,3504,3504,3504,3504,3504,51.257843017578125,50.47179412841797,49.68290710449219,49.362449645996094,49.832698822021484,49.525733947753906,49.255950927734375,50.43929672241211,50.63873291015625,15.000000953674316,25,20,9.523809432983398,0,0,0,0,1.9558162689208984,8589934592,1073741824,5290393600,307429376
207,1771639553087,3504,3504,3504,3504,3504,3504,3504,3504,51.257843017578125,50.47179412841797,49.68290710449219,49.362449645996094,49.832698822021484,49.525733947753906,49.255950927734375,50.43929672241211,50.63873291015625,15.000000953674316,15.000000953674316,19.047618865966797,14.285715103149414,0,0,0,0,1.9558162689208984,8589934592,1073741824,5290737664,307429376
205,1771639553295,3504,3504,3504,3504,3504,3504,3504,3504,49.63699722290039,49.17512512207031,48.140289306640625,47.788063049316406,48.219017028808594,48.02019500732422,47.64143371582031,48.83102798461914,48.99669647216797,25,22.72727394104004,10.526315689086914,5.263157844543457,0,0,0,0,1.9558162689208984,8589934592,1073741824,5290655744,307429376
204,1771639553500,3504,3504,3504,3504,3504,3504,3504,3504,49.63699722290039,49.17512512207031,48.140289306640625,47.788063049316406,48.219017028808594,48.02019500732422,47.64143371582031,48.83102798461914,48.99669647216797,18.18181800842285,20,13.636363983154297,13.636363983154297,0,0,0,0,1.9558162689208984,8589934592,1073741824,5290721280,307429376
209,1771639553705,3504,3504,3504,3504,3504,3504,3504,3504,49.63699722290039,49.17512512207031,48.140289306640625,47.788063049316406,48.219017028808594,48.02019500732422,47.64143371582031,48.83102798461914,48.99669647216797,15.000000953674316,25,15.000000953674316,5,0,0,0,0,2.9926645755767822,8589934592,1073741824,5290704896,307429376
209,1771639553915,3504,3504,3504,3504,3504,3504,3504,3504,49.63699722290039,49.17512512207031,48.140289306640625,47.788063049316406,48.219017028808594,48.02019500732422,47.64143371582031,48.83102798461914,48.99669647216797,15.000000953674316,19.047618865966797,19.047618865966797,14.285715103149414,0,4.545454502105713,0,0,2.9926645755767822,8589934592,1073741824,5290754048,307429376
200,1771639554125,3504,3504,3504,3504,3504,3504,3504,3504,49.63699722290039,49.17512512207031,48.140289306640625,47.788063049316406,46.86549758911133,46.84864807128906,46.41717529296875,47.48176193237305,47.782283782958984,50,35,35,30.000001907348633,15.000000953674316,14.285715103149414,5,9.090909004211426,2.9926645755767822,8589934592,1073741824,5296553984,307429376
209,1771639554326,3504,3504,3504,3504,3504,3504,3504,3504,48.4927978515625,47.994407653808594,46.724945068359375,46.564971923828125,46.86549758911133,46.84864807128906,46.41717529296875,47.48176193237305,47.782283782958984,38.88888931274414,40,35,52.38095474243164,0,0,0,0,2.9926645755767822,8589934592,1073741824,5299765248,307429376
209,1771639554536,3504,3504,3504,3504,3504,3504,3504,3504,48.4927978515625,47.994407653808594,46.724945068359375,46.564971923828125,46.86549758911133,46.84864807128906,46.41717529296875,47.48176193237305,47.782283782958984,27.272727966308594,19.047618865966797,19.047618865966797,5,0,0,0,0,2.9926645755767822,8589934592,1073741824,5298159616,307429376
207,1771639554746,3504,3504,3504,3504,3504,3504,3504,3504,48.4927978515625,47.994407653808594,46.724945068359375,46.564971923828125,46.86549758911133,46.84864807128906,46.41717529296875,47.48176193237305,47.782283782958984,30.000001907348633,23.809524536132813,22.72727394104004,19.047618865966797,0,0,0,0,2.810805320739746,8589934592,1073741824,5298274304,307429376
204,1771639554953,3504,3504,3504,3504,3504,3504,3504,3504,48.4927978515625,47.994407653808594,46.724945068359375,46.564971923828125,46.86549758911133,46.84864807128906,46.41717529296875,47.48176193237305,47.782283782958984,66.66667175292969,76.19047546386719,75,71.42857360839844,76.19047546386719,73.68421173095703,72.7272720336914,66.66667175292969,2.810805320739746,8589934592,1073741824,5341904896,307429376
207,1771639555158,3504,3504,3504,3504,3504,3504,3504,3504,54.04191589355469,53.21650695800781,52.020225524902344,52.128021240234375,48.25779342651367,52.33759307861328,51.93115234375,52.80242156982422,53.36642074584961,80.95238494873047,75,75,70,86.36363983154297,90.47618865966797,84.21052551269531,80.95238494873047,2.810805320739746,8589934592,1073741824,5321539584,307429376
209,1771639555365,3504,3504,3504,3504,3504,3504,3504,3504,54.04191589355469,53.21650695800781,52.020225524902344,52.128021240234375,48.25779342651367,52.33759307861328,51.93115234375,52.80242156982422,53.36642074584961,80,71.42857360839844,70,71.42857360839844,89.47368621826172,90.47618865966797,85.71428680419922,85,2.810805320739746,8589934592,1073741824,5314543616,307429376
207,1771639555575,3504,3504,3504,3504,3504,3504,3504,3504,54.04191589355469,53.21650695800781,52.020225524902344,52.128021240234375,48.25779342651367,52.33759307861328,51.93115234375,52.80242156982422,53.36642074584961,76.19047546386719,71.42857360839844,68.18181610107422,70,81.81818389892578,81.81818389892578,95.23809814453125,80.95238494873047,2.810805320739746,8589934592,1073741824,5339529216,307429376
213,1771639555783,3504,3504,3504,3504,3504,3504,3504,3504,54.04191589355469,53.21650695800781,52.020225524902344,52.128021240234375,48.25779342651367,52.33759307861328,51.93115234375,52.80242156982422,53.36642074584961,76.19047546386719,71.42857360839844,70,71.42857360839844,85.71428680419922,94.73684692382813,81.81818389892578,80.95238494873047,2.412437677383423,8589934592,1073741824,5327994880,307429376
202,1771639555997,3504,3504,3504,3504,3504,3504,3504,3504,54.04191589355469,53.21650695800781,52.020225524902344,52.128021240234375,48.25779342651367,52.33759307861328,51.93115234375,52.80242156982422,53.36642074584961,80.95238494873047,90,81.81818389892578,77.2727279663086,85,86.36363983154297,85,85.71428680419922,2.412437677383423,8589934592,1073741824,5339611136,307429376
208,1771639556200,3504,3504,3504,3504,3504,3504,3504,3504,74.7802505493164,72.85697937011719,72.12049865722656,72.88578033447266,59.10570526123047,72.26715087890625,72.47921752929688,72.6285400390625,74.56114196777344,76.19047546386719,76.19047546386719,75,71.42857360839844,90.47618865966797,80.95238494873047,80.95238494873047,85,2.412437677383423,8589934592,1073741824,5335597056,307429376
209,1771639556409,3504,3504,3504,3504,3504,3504,3504,3504,74.7802505493164,72.85697937011719,72.12049865722656,72.88578033447266,59.10570526123047,72.26715087890625,72.47921752929688,72.6285400390625,74.56114196777344,70,71.42857360839844,71.42857360839844,73.68421173095703,90.47618865966797,90,80.95238494873047,80.95238494873047,2.412437677383423,8589934592,1073741824,5362941952,307429376
208,1771639556619,3504,3504,3504,3504,3504,3504,3504,3504,74.7802505493164,72.85697937011719,72.12049865722656,72.88578033447266,59.10570526123047,72.26715087890625,72.47921752929688,72.6285400390625,74.56114196777344,71.42857360839844,66.66667175292969,71.42857360839844,68.18181610107422,81.81818389892578,80.95238494873047,80,90.47618865966797,2.412437677383423,8589934592,1073741824,5326848000,307429376
203,1771639556828,3504,3504,3504,3504,3504,3504,3504,3504,74.7802505493164,72.85697937011719,72.12049865722656,72.88578033447266,59.10570526123047,72.26715087890625,72.47921752929688,72.6285400390625,74.56114196777344,71.42857360839844,66.66667175292969,65,66.66667175292969,90,85.71428680419922,81.81818389892578,76.19047546386719,8.428953170776367,8589934592,1073741824,5359714304,307429376
201,1771639557031,3504,3504,3504,3504,3504,3504,3504,3504,74.7802505493164,72.85697937011719,72.12049865722656,72.88578033447266,59.10570526123047,72.26715087890625,72.47921752929688,72.6285400390625,74.56114196777344,66.66667175292969,65,66.66667175292969,66.66667175292969,80,80,80,80,8.428953170776367,8589934592,1073741824,5360549888,307429376
212,1771639557233,3504,3504,3504,3504,3504,3504,3504,3504,78.198486328125,76.44184112548828,75.59821319580078,76.29118347167969,62.47866439819336,75.05152893066406,75.36679077148438,75.41753387451172,77.58732604980469,68.42105102539063,75,61.904762268066406,65,80,85,85,76.19047546386719,8.428953170776367,8589934592,1073741824,5360353280,307429376
210,1771639557446,3504,3504,3504,3504,3504,3504,3504,3504,78.198486328125,76.44184112548828,75.59821319580078,76.29118347167969,62.47866439819336,75.05152893066406,75.36679077148438,75.41753387451172,77.58732604980469,68.18181610107422,68.18181610107422,70,66.66667175292969,90.47618865966797,81.81818389892578,80.95238494873047,80.95238494873047,8.428953170776367,8589934592,1073741824,5322997760,307429376
201,1771639557656,3504,3504,3504,3504,3504,3504,3504,3504,78.198486328125,76.44184112548828,75.59821319580078,76.29118347167969,62.47866439819336,75.05152893066406,75.36679077148438,75.41753387451172,77.58732604980469,71.42857360839844,70,66.66667175292969,70,81.81818389892578,81.81818389892578,80.95238494873047,85,18.986326217651367,8589934592,1073741824,5305974784,307429376
208,1771639557858,3504,3504,3504,3504,3504,3504,3504,3504,78.198486328125,76.44184112548828,75.59821319580078,76.29118347167969,62.47866439819336,75.05152893066406,75.36679077148438,75.41753387451172,77.58732604980469,70,71.42857360839844,66.66667175292969,66.66667175292969,85,84.21052551269531,80.95238494873047,80.95238494873047,18.986326217651367,8589934592,1073741824,5306695680,307429376
209,1771639558067,3504,3504,3504,3504,3504,3504,3504,3504,78.198486328125,76.44184112548828,75.59821319580078,76.29118347167969,62.47866439819336,75.05152893066406,75.36679077148438,75.41753387451172,77.58732604980469,71.42857360839844,70,65,66.66667175292969,80.95238494873047,80.95238494873047,80.95238494873047,85.71428680419922,18.986326217651367,8589934592,1073741824,5307187200,307429376
206,1771639558277,3504,3504,3504,3504,3504,3504,3504,3504,79.61833190917969,78.00553131103516,77.1233901977539,77.79662322998047,63.98389434814453,76.92317199707031,77.30574798583984,77.31513977050781,79.62387084960938,65,68.18181610107422,65,66.66667175292969,80.95238494873047,80.95238494873047,78.94737243652344,85.71428680419922,18.986326217651367,8589934592,1073741824,5323243520,307429376
209,1771639558483,3504,3504,3504,3504,3504,3504,3504,3504,79.61833190917969,78.00553131103516,77.1233901977539,77.79662322998047,63.98389434814453,76.92317199707031,77.30574798583984,77.31513977050781,79.62387084960938,70,70,68.18181610107422,70,85,85.71428680419922,81.81818389892578,75,18.986326217651367,8589934592,1073741824,5330288640,307429376
206,1771639558693,3504,3504,3504,3504,3504,3504,3504,3504,79.61833190917969,78.00553131103516,77.1233901977539,77.79662322998047,63.98389434814453,76.92317199707031,77.30574798583984,77.31513977050781,79.62387084960938,68.18181610107422,66.66667175292969,66.66667175292969,66.66667175292969,90.47618865966797,80,85,80.95238494873047,18.748239517211914,8589934592,1073741824,5346557952,307429376
200,1771639558900,3504,3504,3504,3504,3504,3504,3504,3504,79.61833190917969,78.00553131103516,77.1233901977539,77.79662322998047,63.98389434814453,76.92317199707031,77.30574798583984,77.31513977050781,79.62387084960938,70,65,65,65,80.95238494873047,80.95238494873047,76.19047546386719,80.95238494873047,18.748239517211914,8589934592,1073741824,5357092864,307429376
211,1771639559100,3504,3504,3504,3504,3504,3504,3504,3504,79.61833190917969,78.00553131103516,77.1233901977539,77.79662322998047,63.98389434814453,76.92317199707031,77.30574798583984,77.31513977050781,79.62387084960938,66.66667175292969,68.42105102539063,65,66.66667175292969,85,80.95238494873047,75,75,18.748239517211914,8589934592,1073741824,5357158400,307429376
207,1771639559312,3504,3504,3504,3504,3504,3504,3504,3504,81.03105163574219,79.41637420654297,78.53951263427734,79.22529602050781,65.28351593017578,78.07159423828125,78.26298522949219,78.46697998046875,80.50615692138672,70,72.7272720336914,71.42857360839844,71.42857360839844,85.71428680419922,85.71428680419922,90.90909576416016,80.95238494873047,18.748239517211914,8589934592,1073741824,5319573504,307429376
209,1771639559519,3504,3504,3504,3504,3504,3504,3504,3504,81.03105163574219,79.41637420654297,78.53951263427734,79.22529602050781,65.28351593017578,78.07159423828125,78.26298522949219,78.46697998046875,80.50615692138672,71.42857360839844,68.18181610107422,66.66667175292969,65,80.95238494873047,85,75,80.95238494873047,18.748239517211914,8589934592,1073741824,5321359360,307429376
203,1771639559729,3504,3504,3504,3504,3504,3504,3504,3504,81.03105163574219,79.41637420654297,78.53951263427734,79.22529602050781,65.28351593017578,78.07159423828125,78.26298522949219,78.46697998046875,80.50615692138672,68.18181610107422,70,71.42857360839844,68.18181610107422,95,80.95238494873047,81.81818389892578,85.71428680419922,19.111303329467773,8589934592,1073741824,5302353920,307429376
209,1771639559933,3504,3504,3504,3504,3504,3504,3504,3504,81.03105163574219,79.41637420654297,78.53951263427734,79.22529602050781,65.28351593017578,78.07159423828125,78.26298522949219,78.46697998046875,80.50615692138672,47.36842346191406,42.85714340209961,42.85714340209961,35,40,47.619049072265625,40,40,19.111303329467773,8589934592,1073741824,5329453056,307429376
208,1771639560144,3504,3504,3504,3504,3504,3504,3504,3504,76.2944107055664,74.89704895019531,73.98825073242188,74.47402954101563,64.5613784790039,73.54012298583984,73.58981323242188,74.08653259277344,75.79244995117188,22.72727394104004,10,15.000000953674316,9.523809432983398,8.69565200805664,4.761904716491699,0,0,19.111303329467773,8589934592,1073741824,5327536128,307429376
204,1771639560352,3504,3504,3504,3504,3504,3504,3504,3504,76.2944107055664,74.89704895019531,73.98825073242188,74.47402954101563,64.5613784790039,73.54012298583984,73.58981323242188,74.08653259277344,75.79244995117188,19.047618865966797,19.047618865966797,19.047618865966797,10,0,0,0,0,19.111303329467773,8589934592,1073741824,5327880192,307429376
208,1771639560557,3504,3504,3504,3504,3504,3504,3504,3504,76.2944107055664,74.89704895019531,73.98825073242188,74.47402954101563,64.5613784790039,73.54012298583984,73.58981323242188,74.08653259277344,75.79244995117188,30.000001907348633,15.000000953674316,15.000000953674316,9.523809432983398,0,0,0,0,19.111303329467773,8589934592,1073741824,5327831040,307429376
199,1771639560767,3504,3504,3504,3504,3504,3504,3504,3504,76.2944107055664,74.89704895019531,73.98825073242188,74.47402954101563,64.5613784790039,73.54012298583984,73.58981323242188,74.08653259277344,75.79244995117188,28.571430206298828,19.047618865966797,14.285715103149414,10,0,0,0,0,19.181230545043945,8589934592,1073741824,5324701696,307429376
209,1771639560967,3504,3504,3504,3504,3504,3504,3504,3504,76.2944107055664,74.89704895019531,73.98825073242188,74.47402954101563,64.5613784790039,73.54012298583984,73.58981323242188,74.08653259277344,75.79244995117188,26.3157901763916,10,9.523809432983398,13.636363983154297,0,0,0,0,19.181230545043945,8589934592,1073741824,5324652544,307429376
206,1771639561177,3504,3504,3504,3504,3504,3504,3504,3504,55.268733978271484,54.8465461730957,53.6884765625,53.58125305175781,53.74190902709961,53.50718688964844,53.23371887207031,54.351356506347656,54.69023895263672,31.81818199157715,19.047618865966797,10,5,0,0,0,0,19.181230545043945,8589934592,1073741824,5321572352,307429376
209,1771639561384,3504,3504,3504,3504,3504,3504,3504,3504,55.268733978271484,54.8465461730957,53.6884765625,53.58125305175781,53.74190902709961,53.50718688964844,53.23371887207031,54.351356506347656,54.69023895263672,21.052631378173828,5,10,5,0,0,0,0,19.181230545043945,8589934592,1073741824,5315936256,307429376
209,1771639561594,3504,3504,3504,3504,3504,3504,3504,3504,55.268733978271484,54.8465461730957,53.6884765625,53.58125305175781,53.74190902709961,53.50718688964844,53.23371887207031,54.351356506347656,54.69023895263672,27.272727966308594,14.285715103149414,9.523809432983398,9.523809432983398,0,0,0,0,19.181230545043945,8589934592,1073741824,5315313664,307429376
199,1771639561803,3504,3504,3504,3504,3504,3504,3504,3504,55.268733978271484,54.8465461730957,53.6884765625,53.58125305175781,53.74190902709961,53.50718688964844,53.23371887207031,54.351356506347656,54.69023895263672,23.809524536132813,9.523809432983398,9.523809432983398,14.285715103149414,0,0,0,0,16.188316345214844,8589934592,1073741824,5315313664,307429376
209,1771639562004,3504,3504,3504,3504,3504,3504,3504,3504,55.268733978271484,54.8465461730957,53.6884765625,53.58125305175781,53.74190902709961,53.50718688964844,53.23371887207031,54.351356506347656,54.69023895263672,20,15.000000953674316,10,20,0,0,0,0,16.188316345214844,8589934592,1073741824,5315182592,307429376
209,1771639562214,3504,3504,3504,3504,3504,3504,3504,3504,51.76902770996094,50.916404724121094,50.09449005126953,49.982032775878906,50.24618911743164,49.958099365234375,49.708885192871094,50.8608512878418,51.09343719482422,20,14.285715103149414,14.285715103149414,14.285715103149414,0,0,0,0,16.188316345214844,8589934592,1073741824,5315133440,307429376
209,1771639562424,3504,3504,3504,3504,3504,3504,3504,3504,51.76902770996094,50.916404724121094,50.09449005126953,49.982032775878906,50.24618911743164,49.958099365234375,49.708885192871094,50.8608512878418,51.09343719482422,13.636363983154297,19.047618865966797,14.285715103149414,13.636363983154297,0,0,0,0,16.188316345214844,8589934592,1073741824,5315133440,307429376
203,1771639562634,3504,3504,3504,3504,3504,3504,3504,3504,51.76902770996094,50.916404724121094,50.09449005126953,49.982032775878906,50.24618911743164,49.958099365234375,49.708885192871094,50.8608512878418,51.09343719482422,23.809524536132813,33.333335876464844,19.047618865966797,15.000000953674316,30.000001907348633,4.761904716491699,0,9.090909004211426,1.8806356191635132,8589934592,1073741824,5315133440,307429376
207,1771639562838,3504,3504,3504,3504,3504,3504,3504,3504,51.76902770996094,50.916404724121094,50.09449005126953,49.982032775878906,50.24618911743164,49.958099365234375,49.708885192871094,50.8608512878418,51.09343719482422,5.263157844543457,30.000001907348633,14.285715103149414,10,0,0,0,0,1.8806356191635132,8589934592,1073741824,5315133440,307429376
209,1771639563045,3504,3504,3504,3504,3504,3504,3504,3504,51.76902770996094,50.916404724121094,50.09449005126953,49.982032775878906,50.24618911743164,49.958099365234375,49.708885192871094,50.8608512878418,51.09343719482422,33.333335876464844,38.095237731933594,25,23.809524536132813,9.523809432983398,9.523809432983398,10,9.523809432983398,1.8806356191635132,8589934592,1073741824,5303451648,307429376
206,1771639563255,3504,3504,3504,3504,3504,3504,3504,3504,50.56699752807617,49.779850006103516,48.792083740234375,48.60530090332031,48.757450103759766,48.62333679199219,48.34092712402344,49.52784729003906,49.79128646850586,10,20,5,9.523809432983398,9.523809432983398,5,4.761904716491699,4.761904716491699,1.8806356191635132,8589934592,1073741824,5303156736,307429376
202,1771639563462,3504,3504,3504,3504,3504,3504,3504,3504,50.56699752807617,49.779850006103516,48.792083740234375,48.60530090332031,48.757450103759766,48.62333679199219,48.34092712402344,49.52784729003906,49.79128646850586,9.523809432983398,23.809524536132813,9.523809432983398,9.523809432983398,0,0,0,0,1.8806356191635132,8589934592,1073741824,5303173120,307429376
208,1771639563665,3504,3504,3504,3504,3504,3504,3504,3504,50.56699752807617,49.779850006103516,48.792083740234375,48.60530090332031,48.757450103759766,48.62333679199219,48.34092712402344,49.52784729003906,49.79128646850586,20,28.571430206298828,18.18181800842285,5.263157844543457,0,0,0,0,2.558819532394409,8589934592,1073741824,5303173120,307429376
209,1771639563874,3504,3504,3504,3504,3504,3504,3504,3504,50.56699752807617,49.779850006103516,48.792083740234375,48.60530090332031,48.757450103759766,48.62333679199219,48.34092712402344,49.52784729003906,49.79128646850586,28.571430206298828,20,10.526315689086914,13.636363983154297,0,0,0,0,2.558819532394409,8589934592,1073741824,5303173120,307429376
209,1771639564084,3504,3504,3504,3504,3504,3504,3504,3504,50.56699752807617,49.779850006103516,48.792083740234375,48.60530090332031,48.757450103759766,48.62333679199219,48.34092712402344,49.52784729003906,49.79128646850586,19.047618865966797,19.047618865966797,9.523809432983398,10,0,0,0,0,2.558819532394409,8589934592,1073741824,5303156736,307429376
204,1771639564294,3504,3504,3504,3504,3504,3504,3504,3504,49.00716781616211,48.409095764160156,47.29925537109375,47.139366149902344,47.41925811767578,47.31267547607422,46.98133087158203,48.07585144042969,48.302921295166016,19.047618865966797,20,14.285715103149414,14.285715103149414,0,0,0,0,2.558819532394409,8589934592,1073741824,5303271424,307429376
209,1771639564498,3504,3504,3504,3504,3504,3504,3504,3504,49.00716781616211,48.409095764160156,47.29925537109375,47.139366149902344,47.41925811767578,47.31267547607422,46.98133087158203,48.07585144042969,48.302921295166016,23.809524536132813,23.809524536132813,9.523809432983398,5,0,0,0,0,2.558819532394409,8589934592,1073741824,5303255040,307429376
210,1771639564708,3504,3504,3504,3504,3504,3504,3504,3504,49.00716781616211,48.409095764160156,47.29925537109375,47.139366149902344,47.41925811767578,47.31267547607422,46.98133087158203,48.07585144042969,48.302921295166016,20,23.809524536132813,15.000000953674316,13.636363983154297,0,0,0,0,2.7709741592407227,8589934592,1073741824,5303255040,307429376
209,1771639564919,3504,3504,3504,3504,3504,3504,3504,3504,49.00716781616211,48.409095764160156,47.29925537109375,47.139366149902344,47.41925811767578,47.31267547607422,46.98133087158203,48.07585144042969,48.302921295166016,31.81818199157715,33.333335876464844,31.81818199157715,23.809524536132813,22.72727394104004,28.571430206298828,23.809524536132813,19.047618865966797,2.7709741592407227,8589934592,1073741824,5303255040,307429376
203,1771639565129,3504,3504,3504,3504,3504,3504,3504,3504,49.00716781616211,51.518165588378906,50.30609130859375,50.395538330078125,47.68050765991211,50.408607482910156,50.16941833496094,50.929847717285156,51.56887435913086,85,85.71428680419922,71.42857360839844,75,90,85.71428680419922,80.95238494873047,80.95238494873047,2.7709741592407227,8589934592,1073741824,5335842816,307429376
209,1771639565333,3504,3504,3504,3504,3504,3504,3504,3504,52.29999542236328,51.518165588378906,50.30609130859375,50.395538330078125,47.68050765991211,50.408607482910156,50.16941833496094,50.929847717285156,51.56887435913086,80,85,70,76.19047546386719,85.71428680419922,90,80.95238494873047,85.71428680419922,2.7709741592407227,8589934592,1073741824,5339201536,307429376
202,1771639565543,3504,3504,3504,3504,3504,3504,3504,3504,52.29999542236328,51.518165588378906,50.30609130859375,50.395538330078125,47.68050765991211,50.408607482910156,50.16941833496094,50.929847717285156,51.56887435913086,77.2727279663086,81.81818389892578,75,70,85,85.71428680419922,76.19047546386719,80,2.7709741592407227,8589934592,1073741824,5338038272,307429376
202,1771639565746,3504,3504,3504,3504,3504,3504,3504,3504,52.29999542236328,51.518165588378906,50.30609130859375,50.395538330078125,47.68050765991211,50.408607482910156,50.16941833496094,50.929847717285156,51.56887435913086,80,84.21052551269531,75,76.19047546386719,90,80,80,80.95238494873047,2.488070011138916,8589934592,1073741824,5338038272,307429376
216,1771639565949,3504,3504,3504,3504,3504,3504,3504,3504,52.29999542236328,51.518165588378906,50.30609130859375,50.395538330078125,47.68050765991211,50.408607482910156,50.16941833496094,50.929847717285156,51.56887435913086,80,71.42857360839844,72.7272720336914,73.68421173095703,85.71428680419922,95.23809814453125,85.71428680419922,84.21052551269531,2.488070011138916,8589934592,1073741824,5338038272,307429376
200,1771639566166,3504,3504,3504,3504,3504,3504,3504,3504,74.43472290039063,72.66270446777344,71.8907241821289,72.5176773071289,58.71166229248047,71.23643493652344,71.59046173095703,71.59806060791016,73.650634765625,68.18181610107422,71.42857360839844,66.66667175292969,69.56521606445313,86.36363983154297,80.95238494873047,85.71428680419922,80.95238494873047,2.488070011138916,8589934592,1073741824,5352505344,307429376
207,1771639566369,3504,3504,3504,3504,3504,3504,3504,3504,74.43472290039063,72.66270446777344,71.8907241821289,72.5176773071289,58.71166229248047,71.23643493652344,71.59046173095703,71.59806060791016,73.650634765625,73.68421173095703,71.42857360839844,70,70,85,80.95238494873047,90.47618865966797,85.71428680419922,2.488070011138916,8589934592,1073741824,5323456512,307429376
209,1771639566577,3504,3504,3504,3504,3504,3504,3504,3504,74.43472290039063,72.66270446777344,71.8907241821289,72.5176773071289,58.71166229248047,71.23643493652344,71.59046173095703,71.59806060791016,73.650634765625,71.42857360839844,66.66667175292969,66.66667175292969,66.66667175292969,85.71428680419922,80.95238494873047,85,80.95238494873047,2.488070011138916,8589934592,1073741824,5326503936,307429376
207,1771639566787,3504,3504,3504,3504,3504,3504,3504,3504,74.43472290039063,72.66270446777344,71.8907241821289,72.5176773071289,58.71166229248047,71.23643493652344,71.59046173095703,71.59806060791016,73.650634765625,68.18181610107422,70,71.42857360839844,60.000003814697266,80.95238494873047,80,80.95238494873047,80.95238494873047,4.882331371307373,8589934592,1073741824,5337153536,307429376
206,1771639566994,3504,3504,3504,3504,3504,3504,3504,3504,74.43472290039063,72.66270446777344,71.8907241821289,72.5176773071289,58.71166229248047,71.23643493652344,71.59046173095703,71.59806060791016,73.650634765625,65,66.66667175292969,65,68.18181610107422,85.71428680419922,80.95238494873047,80.95238494873047,85.71428680419922,4.882331371307373,8589934592,1073741824,5346836480,307429376
207,1771639567200,3504,3504,3504,3504,3504,3504,3504,3504,77.63082885742188,76.08091735839844,75.28954315185547,75.84758758544922,62.406166076660156,75.4133071899414,75.5779037475586,75.8676528930664,77.8280258178711,76.19047546386719,70,71.42857360839844,70,85,85,80.95238494873047,76.19047546386719,4.882331371307373,8589934592,1073741824,5373575168,307429376
209,1771639567408,3504,3504,3504,3504,3504,3504,3504,3504,77.63082885742188,76.08091735839844,75.28954315185547,75.84758758544922,62.406166076660156,75.4133071899414,75.5779037475586,75.8676528930664,77.8280258178711,71.42857360839844,71.42857360839844,66.66667175292969,66.66667175292969,85.71428680419922,85.71428680419922,90,76.19047546386719,4.882331371307373,8589934592,1073741824,5369610240,307429376
211,1771639567618,3504,3504,3504,3504,3504,3504,3504,3504,77.63082885742188,76.08091735839844,75.28954315185547,75.84758758544922,62.406166076660156,75.4133071899414,75.5779037475586,75.8676528930664,77.8280258178711,65,63.6363639831543,66.66667175292969,61.904762268066406,80.95238494873047,86.36363983154297,80.95238494873047,80.95238494873047,4.882331371307373,8589934592,1073741824,5294424064,307429376
209,1771639567830,3504,3504,3504,3504,3504,3504,3504,3504,77.63082885742188,76.08091735839844,75.28954315185547,75.84758758544922,62.406166076660156,75.4133071899414,75.5779037475586,75.8676528930664,77.8280258178711,68.18181610107422,70,65,71.42857360839844,81.81818389892578,75,85,85.71428680419922,18.601102828979492,8589934592,1073741824,5311676416,307429376
209,1771639568040,3504,3504,3504,3504,3504,3504,3504,3504,77.63082885742188,76.08091735839844,75.28954315185547,75.84758758544922,62.406166076660156,75.4133071899414,75.5779037475586,75.8676528930664,77.8280258178711,70,71.42857360839844,68.18181610107422,71.42857360839844,80.95238494873047,85.71428680419922,86.36363983154297,80,18.601102828979492,8589934592,1073741824,5312135168,307429376
207,1771639568250,3504,3504,3504,3504,3504,3504,3504,3504,79.88179779052734,78.07714080810547,77.25568389892578,78.04963684082031,64.19476318359375,77.40343475341797,77.46540069580078,77.92472076416016,79.72510528564453,76.19047546386719,66.66667175292969,71.42857360839844,66.66667175292969,85,81.81818389892578,80.95238494873047,78.26087188720703,18.601102828979492,8589934592,1073741824,5311479808,307429376
209,1771639568458,3504,3504,3504,3504,3504,3504,3504,3504,79.88179779052734,78.07714080810547,77.25568389892578,78.04963684082031,64.19476318359375,77.40343475341797,77.46540069580078,77.92472076416016,79.72510528564453,68.18181610107422,61.904762268066406,61.904762268066406,61.904762268066406,85.71428680419922,80,80.95238494873047,75,18.601102828979492,8589934592,1073741824,5327618048,307429376
203,1771639568668,3504,3504,3504,3504,3504,3504,3504,3504,79.88179779052734,78.07714080810547,77.25568389892578,78.04963684082031,64.19476318359375,77.40343475341797,77.46540069580078,77.92472076416016,79.72510528564453,71.42857360839844,71.42857360839844,70,65,81.81818389892578,90.90909576416016,85,80,18.734317779541016,8589934592,1073741824,5366448128,307429376
209,1771639568872,3504,3504,3504,3504,3504,3504,3504,3504,79.88179779052734,78.07714080810547,77.25568389892578,78.04963684082031,64.19476318359375,77.40343475341797,77.46540069580078,77.92472076416016,79.72510528564453,73.68421173095703,71.42857360839844,66.66667175292969,71.42857360839844,94.73684692382813,85,80.95238494873047,80.95238494873047,18.734317779541016,8589934592,1073741824,5366448128,307429376
201,1771639569082,3504,3504,3504,3504,3504,3504,3504,3504,79.88179779052734,78.07714080810547,77.25568389892578,78.04963684082031,64.19476318359375,77.40343475341797,77.46540069580078,77.92472076416016,79.72510528564453,66.66667175292969,65,66.66667175292969,66.66667175292969,86.36363983154297,85,80.95238494873047,80.95238494873047,18.734317779541016,8589934592,1073741824,5366448128,307429376
201,1771639569283,3504,3504,3504,3504,3504,3504,3504,3504,81.72999572753906,80.16896057128906,79.2660903930664,79.90994262695313,65.66680145263672,78.45791625976563,78.56097412109375,78.90790557861328,80.87705993652344,80,75,75,73.68421173095703,94.73684692382813,81.81818389892578,85,85,18.734317779541016,8589934592,1073741824,5384044544,307429376
207,1771639569485,3504,3504,3504,3504,3504,3504,3504,3504,81.72999572753906,80.16896057128906,79.2660903930664,79.90994262695313,65.66680145263672,78.45791625976563,78.56097412109375,78.90790557861328,80.87705993652344,71.42857360839844,75,71.42857360839844,66.66667175292969,90.47618865966797,89.47368621826172,85,90,18.734317779541016,8589934592,1073741824,5382176768,307429376
205,1771639569692,3504,3504,3504,3504,3504,3504,3504,3504,81.72999572753906,80.16896057128906,79.2660903930664,79.90994262695313,65.66680145263672,78.45791625976563,78.56097412109375,78.90790557861328,80.87705993652344,68.42105102539063,66.66667175292969,73.68421173095703,68.18181610107422,85,85.71428680419922,80.95238494873047,80.95238494873047,18.88238525390625,8589934592,1073741824,5351161856,307429376
201,1771639569898,3504,3504,3504,3504,3504,3504,3504,3504,81.72999572753906,80.16896057128906,79.2660903930664,79.90994262695313,65.66680145263672,78.45791625976563,78.56097412109375,78.90790557861328,80.87705993652344,72.7272720336914,70,72.7272720336914,70,90.47618865966797,90,80.95238494873047,85.71428680419922,18.88238525390625,8589934592,1073741824,5355831296,307429376
209,1771639570100,3504,3504,3504,3504,3504,3504,3504,3504,81.72999572753906,80.16896057128906,79.2660903930664,79.90994262695313,65.66680145263672,78.45791625976563,78.56097412109375,78.90790557861328,80.87705993652344,15.789472579956055,23.809524536132813,26.3157901763916,15.000000953674316,20,20,25,15.789472579956055,18.88238525390625,8589934592,1073741824,5355831296,307429376
207,1771639570311,3504,3504,3504,3504,3504,3504,3504,3504,80.05085754394531,78.63581085205078,77.58971405029297,78.06490325927734,66.2969741821289,76.97080993652344,77.0733871459961,77.56050109863281,79.60780334472656,13.636363983154297,9.523809432983398,14.285715103149414,0,13.636363983154297,13.636363983154297,0,4.545454502105713,18.88238525390625,8589934592,1073741824,5343592448,307429376
209,1771639570518,3504,3504,3504,3504,3504,3504,3504,3504,80.05085754394531,78.63581085205078,77.58971405029297,78.06490325927734,66.2969741821289,76.97080993652344,77.0733871459961,77.56050109863281,79.60780334472656,40,40,40.90909194946289,33.333335876464844,70,66.66667175292969,47.619049072265625,42.85714340209961,18.88238525390625,8589934592,1073741824,5357305856,307429376
204,1771639570728,3504,3504,3504,3504,3504,3504,3504,3504,80.05085754394531,78.63581085205078,77.58971405029297,78.06490325927734,66.2969741821289,76.97080993652344,77.0733871459961,77.56050109863281,79.60780334472656,23.809524536132813,27.272727966308594,28.571430206298828,23.809524536132813,57.142860412597656,50,28.571430206298828,20,18.894493103027344,8589934592,1073741824,5357305856,307429376
205,1771639570934,3504,3504,3504,3504,3504,3504,3504,3504,80.05085754394531,78.63581085205078,77.58971405029297,78.06490325927734,66.2969741821289,76.97080993652344,77.0733871459961,77.56050109863281,79.60780334472656,15.000000953674316,15.789472579956055,20,9.523809432983398,0,4.761904716491699,0,0,18.894493103027344,8589934592,1073741824,5357305856,307429376
207,1771639571140,3504,3504,3504,3504,3504,3504,3504,3504,63.534061431884766,62.89382553100586,60.78981018066406,60.81318664550781,57.79255294799805,58.37157440185547,57.90946960449219,59.66600036621094,59.998756408691406,19.047618865966797,19.047618865966797,15.000000953674316,10,0,0,0,0,18.894493103027344,8589934592,1073741824,5357305856,307429376
209,1771639571348,3504,3504,3504,3504,3504,3504,3504,3504,63.534061431884766,62.89382553100586,60.78981018066406,60.81318664550781,57.79255294799805,58.37157440185547,57.90946960449219,59.66600036621094,59.998756408691406,19.047618865966797,23.809524536132813,19.047618865966797,9.523809432983398,0,0,0,0,18.894493103027344,8589934592,1073741824,5358600192,307429376
209,1771639571558,3504,3504,3504,3504,3504,3504,3504,3504,63.534061431884766,62.89382553100586,60.78981018066406,60.81318664550781,57.79255294799805,58.37157440185547,57.90946960449219,59.66600036621094,59.998756408691406,15.000000953674316,19.047618865966797,20,9.523809432983398,0,0,0,0,18.894493103027344,8589934592,1073741824,5356994560,307429376
200,1771639571768,3504,3504,3504,3504,3504,3504,3504,3504,63.534061431884766,62.89382553100586,60.78981018066406,60.81318664550781,57.79255294799805,58.37157440185547,57.90946960449219,59.66600036621094,59.998756408691406,52.38095474243164,47.619049072265625,38.095237731933594,35,0,0,0,0,16.694591522216797,8589934592,1073741824,5372985344,307429376
209,1771639571969,3504,3504,3504,3504,3504,3504,3504,3504,63.534061431884766,62.89382553100586,60.78981018066406,60.81318664550781,57.79255294799805,58.37157440185547,57.90946960449219,59.66600036621094,59.998756408691406,25,25,19.047618865966797,10,0,0,0,0,16.694591522216797,8589934592,1073741824,5369102336,307429376
209,1771639572179,3504,3504,3504,3504,3504,3504,3504,3504,53.43185806274414,52.90849685668945,51.85308074951172,51.71373748779297,51.97277069091797,51.68426513671875,51.38758087158203,52.52227783203125,52.791908264160156,23.809524536132813,10,9.523809432983398,9.090909004211426,0,0,0,0,16.694591522216797,8589934592,1073741824,5369102336,307429376
208,1771639572389,3504,3504,3504,3504,3504,3504,3504,3504,53.43185806274414,52.90849685668945,51.85308074951172,51.71373748779297,51.97277069091797,51.68426513671875,51.38758087158203,52.52227783203125,52.791908264160156,33.333335876464844,18.18181800842285,15.000000953674316,14.285715103149414,0,0,0,0,16.694591522216797,8589934592,1073741824,5369102336,307429376
209,1771639572598,3504,3504,3504,3504,3504,3504,3504,3504,53.43185806274414,52.90849685668945,51.85308074951172,51.71373748779297,51.97277069091797,51.68426513671875,51.38758087158203,52.52227783203125,52.791908264160156,28.571430206298828,15.000000953674316,23.809524536132813,9.523809432983398,22.72727394104004,0,0,0,16.694591522216797,8589934592,1073741824,5369200640,307429376
208,1771639572808,3504,3504,3504,3504,3504,3504,3504,3504,53.43185806274414,52.90849685668945,51.85308074951172,51.71373748779297,51.97277069091797,51.68426513671875,51.38758087158203,52.52227783203125,52.791908264160156,33.333335876464844,14.285715103149414,14.285715103149414,10,19.047618865966797,4.545454502105713,4.545454502105713,0,5.942674160003662,8589934592,1073741824,5365841920,307429376
204,1771639573017,3504,3504,3504,3504,3504,3504,3504,3504,53.43185806274414,52.90849685668945,51.85308074951172,51.71373748779297,51.97277069091797,51.68426513671875,51.38758087158203,52.52227783203125,52.791908264160156,28.571430206298828,19.047618865966797,14.285715103149414,9.523809432983398,0,0,0,0,5.942674160003662,8589934592,1073741824,5356748800,307429376
209,1771639573222,3504,3504,3504,3504,3504,3504,3504,3504,51.32164001464844,50.610450744628906,49.685302734375,49.446876525878906,49.745765686035156,49.34767150878906,49.052276611328125,50.278316497802734,50.45649719238281,21.052631378173828,15.000000953674316,10,19.047618865966797,0,0,0,0,5.942674160003662,8589934592,1073741824,5355077632,307429376
208,1771639573432,3504,3504,3504,3504,3504,3504,3504,3504,51.32164001464844,50.610450744628906,49.685302734375,49.446876525878906,49.745765686035156,49.34767150878906,49.052276611328125,50.278316497802734,50.45649719238281,18.18181800842285,20,14.285715103149414,15.000000953674316,0,0,0,0,5.942674160003662,8589934592,1073741824,5355110400,307429376
10,1771639573640,3504,3504,3504,3504,3504,3504,3504,3504,51.32164001464844,50.610450744628906,49.685302734375,49.446876525878906,49.745765686035156,49.34767150878906,49.052276611328125,50.278316497802734,50.45649719238281,19.047618865966797,13.636363983154297,14.285715103149414,14.285715103149414,0,0,0,0,2.5207176208496094,8589934592,1073741824,5354651648,307429376
