Delta,Time,CPU_FREQUENCY_0,CPU_FREQUENCY_1,CPU_FREQUENCY_2,CPU_FREQUENCY_3,CPU_FREQUENCY_4,CPU_FREQUENCY_5,CPU_FREQUENCY_6,CPU_FREQUENCY_7,CPU_TEMP_0,CPU_TEMP_1,CPU_TEMP_2,CPU_TEMP_3,CPU_TEMP_4,CPU_TEMP_5,CPU_TEMP_6,CPU_TEMP_7,CPU_TEMP_8,CPU_USAGE_0,CPU_USAGE_1,CPU_USAGE_2,CPU_USAGE_3,CPU_USAGE_4,CPU_USAGE_5,CPU_USAGE_6,CPU_USAGE_7,SYSTEM_POWER (Watts),TOTAL_MEMORY,TOTAL_SWAP,USED_MEMORY,USED_SWAP
0,1771647271084,3504,3504,3504,3504,3504,3504,3504,3504,53.811031341552734,53.5330696105957,52.37384796142578,52.261474609375,52.42277526855469,52.1802978515625,51.87909698486328,53.04179382324219,53.28035354614258,0,0,0,0,0,0,0,0,5.671842098236084,8589934592,1073741824,5326766080,290652160
204,1771647271084,3504,3504,3504,3504,3504,3504,3504,3504,53.811031341552734,53.5330696105957,52.37384796142578,52.261474609375,52.42277526855469,52.1802978515625,51.87909698486328,53.04179382324219,53.28035354614258,0,50,NaN,NaN,0,0,0,0,5.671842098236084,8589934592,1073741824,5327634432,290652160
200,1771647271289,3504,3504,3504,3504,3504,3504,3504,3504,52.422637939453125,51.75706100463867,50.80266571044922,50.681968688964844,50.744022369384766,50.66759490966797,50.37617492675781,51.57609176635742,51.770172119140625,14.285715103149414,20,13.636363983154297,9.523809432983398,5,5,4.761904716491699,4.761904716491699,5.671842098236084,8589934592,1073741824,5327634432,290652160
209,1771647271490,3504,3504,3504,3504,3504,3504,3504,3504,52.422637939453125,51.75706100463867,50.80266571044922,50.681968688964844,50.744022369384766,50.66759490966797,50.37617492675781,51.57609176635742,51.770172119140625,10.526315689086914,19.047618865966797,10.526315689086914,5,10,0,5,0,5.671842098236084,8589934592,1073741824,5327634432,290652160
205,1771647271701,3504,3504,3504,3504,3504,3504,3504,3504,52.422637939453125,51.75706100463867,50.80266571044922,50.681968688964844,50.744022369384766,50.66759490966797,50.37617492675781,51.57609176635742,51.770172119140625,19.047618865966797,10,14.285715103149414,9.523809432983398,0,4.761904716491699,0,0,2.362412452697754,8589934592,1073741824,5309022208,290652160
205,1771647271907,3504,3504,3504,3504,3504,3504,3504,3504,52.422637939453125,51.75706100463867,50.80266571044922,50.681968688964844,50.744022369384766,50.66759490966797,50.37617492675781,51.57609176635742,51.770172119140625,23.809524536132813,20,23.809524536132813,10,0,0,0,0,2.362412452697754,8589934592,1073741824,5310513152,290652160
203,1771647272113,3504,3504,3504,3504,3504,3504,3504,3504,52.422637939453125,51.75706100463867,50.80266571044922,50.681968688964844,50.744022369384766,50.66759490966797,50.37617492675781,51.57609176635742,51.770172119140625,61.904762268066406,66.66667175292969,63.15789031982422,59.09090805053711,76.19047546386719,80,71.42857360839844,71.42857360839844,2.362412452697754,8589934592,1073741824,5327355904,290652160
210,1771647272316,3504,3504,3504,3504,3504,3504,3504,3504,54.46046829223633,53.46070098876953,52.60631561279297,52.61872100830078,50.30477523803711,52.39070129394531,52.28942108154297,53.24578857421875,53.67494201660156,78.94737243652344,75,71.42857360839844,75,95,90.47618865966797,95,85,2.362412452697754,8589934592,1073741824,5338185728,290652160
209,1771647272527,3504,3504,3504,3504,3504,3504,3504,3504,54.46046829223633,53.46070098876953,52.60631561279297,52.61872100830078,50.30477523803711,52.39070129394531,52.28942108154297,53.24578857421875,53.67494201660156,72.7272720336914,66.66667175292969,68.18181610107422,65,85,85,80.95238494873047,80.95238494873047,2.362412452697754,8589934592,1073741824,5361041408,290652160
201,1771647272737,3504,3504,3504,3504,3504,3504,3504,3504,54.46046829223633,53.46070098876953,52.60631561279297,52.61872100830078,50.30477523803711,52.39070129394531,52.28942108154297,53.24578857421875,53.67494201660156,71.42857360839844,68.18181610107422,65,71.42857360839844,86.36363983154297,81.81818389892578,90.47618865966797,80.95238494873047,3.0443196296691895,8589934592,1073741824,5333925888,290652160
201,1771647272939,3504,3504,3504,3504,3504,3504,3504,3504,54.46046829223633,53.46070098876953,52.60631561279297,52.61872100830078,50.30477523803711,52.39070129394531,52.28942108154297,53.24578857421875,53.67494201660156,68.42105102539063,68.42105102539063,66.66667175292969,65,80.95238494873047,85,80,80.95238494873047,3.0443196296691895,8589934592,1073741824,5358108672,290652160
209,1771647273141,3504,3504,3504,3504,3504,3504,3504,3504,54.46046829223633,53.46070098876953,52.60631561279297,52.61872100830078,50.30477523803711,52.39070129394531,52.28942108154297,53.24578857421875,53.67494201660156,66.66667175292969,66.66667175292969,65,71.42857360839844,84.21052551269531,85,80,78.94737243652344,3.0443196296691895,8589934592,1073741824,5297274880,290652160
205,1771647273351,3504,3504,3504,3504,3504,3504,3504,3504,76.89030456542969,75.06226348876953,74.22549438476563,75.05802917480469,61.19368362426758,73.91665649414063,74.16932678222656,74.4282455444336,76.2972640991211,75,70,71.42857360839844,71.42857360839844,86.36363983154297,85.71428680419922,80.95238494873047,80.95238494873047,3.0443196296691895,8589934592,1073741824,5297274880,290652160
208,1771647273557,3504,3504,3504,3504,3504,3504,3504,3504,76.89030456542969,75.06226348876953,74.22549438476563,75.05802917480469,61.19368362426758,73.91665649414063,74.16932678222656,74.4282455444336,76.2972640991211,71.42857360839844,70,75,70,85,85.71428680419922,90.47618865966797,85.71428680419922,3.0443196296691895,8589934592,1073741824,5297274880,290652160
206,1771647273766,3504,3504,3504,3504,3504,3504,3504,3504,76.89030456542969,75.06226348876953,74.22549438476563,75.05802917480469,61.19368362426758,73.91665649414063,74.16932678222656,74.4282455444336,76.2972640991211,71.42857360839844,71.42857360839844,71.42857360839844,76.19047546386719,90.47618865966797,85,85.71428680419922,85.71428680419922,5.623842239379883,8589934592,1073741824,5114347520,290652160
214,1771647273973,3504,3504,3504,3504,3504,3504,3504,3504,76.89030456542969,75.06226348876953,74.22549438476563,75.05802917480469,61.19368362426758,73.91665649414063,74.16932678222656,74.4282455444336,76.2972640991211,70,68.18181610107422,65,71.42857360839844,85.71428680419922,77.2727279663086,80,80,5.623842239379883,8589934592,1073741824,5092589568,290652160
204,1771647274187,3504,3504,3504,3504,3504,3504,3504,3504,80.47449493408203,79.10907745361328,78.18218231201172,78.70460510253906,64.89757537841797,78.0734634399414,78.24543762207031,78.49787902832031,80.49301147460938,71.42857360839844,66.66667175292969,66.66667175292969,66.66667175292969,85.71428680419922,85,81.81818389892578,77.2727279663086,5.623842239379883,8589934592,1073741824,5110071296,290652160
209,1771647274392,3504,3504,3504,3504,3504,3504,3504,3504,80.47449493408203,79.10907745361328,78.18218231201172,78.70460510253906,64.89757537841797,78.0734634399414,78.24543762207031,78.49787902832031,80.49301147460938,66.66667175292969,65,66.66667175292969,65,90.47618865966797,76.19047546386719,80,75,5.623842239379883,8589934592,1073741824,5110071296,290652160
203,1771647274602,3504,3504,3504,3504,3504,3504,3504,3504,80.47449493408203,79.10907745361328,78.18218231201172,78.70460510253906,64.89757537841797,78.0734634399414,78.24543762207031,78.49787902832031,80.49301147460938,68.18181610107422,63.6363639831543,61.904762268066406,68.18181610107422,85,85.71428680419922,77.2727279663086,81.81818389892578,5.623842239379883,8589934592,1073741824,5110071296,290652160
202,1771647274805,3504,3504,3504,3504,3504,3504,3504,3504,80.47449493408203,79.10907745361328,78.18218231201172,78.70460510253906,64.89757537841797,78.0734634399414,78.24543762207031,78.49787902832031,80.49301147460938,65,65,66.66667175292969,70,80.95238494873047,76.19047546386719,85,85,18.49901580810547,8589934592,1073741824,5088706560,290652160
209,1771647275008,3504,3504,3504,3504,3504,3504,3504,3504,80.47449493408203,79.10907745361328,78.18218231201172,78.70460510253906,64.89757537841797,78.0734634399414,78.24543762207031,78.49787902832031,80.49301147460938,70,68.42105102539063,65,71.42857360839844,80,85,76.19047546386719,80,18.49901580810547,8589934592,1073741824,5078859776,290652160
208,1771647275218,3504,3504,3504,3504,3504,3504,3504,3504,82.33079528808594,80.75769805908203,80.0440902709961,80.58121490478516,66.70742797851563,79.57585906982422,79.81143188476563,80.03946685791016,82.10839080810547,71.42857360839844,66.66667175292969,66.66667175292969,70,85,80,84.21052551269531,80,18.49901580810547,8589934592,1073741824,5092589568,290652160
201,1771647275427,3504,3504,3504,3504,3504,3504,3504,3504,82.33079528808594,80.75769805908203,80.0440902709961,80.58121490478516,66.70742797851563,79.57585906982422,79.81143188476563,80.03946685791016,82.10839080810547,66.66667175292969,68.18181610107422,70,76.19047546386719,86.36363983154297,80.95238494873047,85.71428680419922,77.2727279663086,18.49901580810547,8589934592,1073741824,5092507648,290652160
209,1771647275629,3504,3504,3504,3504,3504,3504,3504,3504,82.33079528808594,80.75769805908203,80.0440902709961,80.58121490478516,66.70742797851563,79.57585906982422,79.81143188476563,80.03946685791016,82.10839080810547,68.42105102539063,65,66.66667175292969,65,80.95238494873047,90.47618865966797,77.2727279663086,80,18.49901580810547,8589934592,1073741824,5093081088,290652160
200,1771647275839,3504,3504,3504,3504,3504,3504,3504,3504,82.33079528808594,80.75769805908203,80.0440902709961,80.58121490478516,66.70742797851563,79.57585906982422,79.81143188476563,80.03946685791016,82.10839080810547,71.42857360839844,70,66.66667175292969,71.42857360839844,85,85.71428680419922,85,80.95238494873047,19.35691261291504,8589934592,1073741824,5106319360,290652160
204,1771647276039,3504,3504,3504,3504,3504,3504,3504,3504,82.33079528808594,80.75769805908203,80.0440902709961,80.58121490478516,66.70742797851563,79.57585906982422,79.81143188476563,80.03946685791016,82.10839080810547,76.19047546386719,76.19047546386719,73.68421173095703,70,89.47368621826172,85,80,90,19.35691261291504,8589934592,1073741824,5110431744,290652160
211,1771647276244,3504,3504,3504,3504,3504,3504,3504,3504,84.07471466064453,82.46830749511719,81.68571472167969,82.29879760742188,68.06705474853516,80.95606231689453,81.07099914550781,81.41358947753906,83.3987045288086,65,63.15789031982422,63.6363639831543,71.42857360839844,90.47618865966797,84.21052551269531,80.95238494873047,76.19047546386719,19.35691261291504,8589934592,1073741824,5103386624,290652160
209,1771647276456,3504,3504,3504,3504,3504,3504,3504,3504,84.07471466064453,82.46830749511719,81.68571472167969,82.29879760742188,68.06705474853516,80.95606231689453,81.07099914550781,81.41358947753906,83.3987045288086,71.42857360839844,72.7272720336914,70,70,81.81818389892578,86.36363983154297,85.71428680419922,85.71428680419922,19.35691261291504,8589934592,1073741824,5103386624,290652160
206,1771647276666,3504,3504,3504,3504,3504,3504,3504,3504,84.07471466064453,82.46830749511719,81.68571472167969,82.29879760742188,68.06705474853516,80.95606231689453,81.07099914550781,81.41358947753906,83.3987045288086,76.19047546386719,70,71.42857360839844,72.7272720336914,85,90.47618865966797,85,85.71428680419922,18.262298583984375,8589934592,1073741824,5103386624,290652160
206,1771647276873,3504,3504,3504,3504,3504,3504,3504,3504,84.07471466064453,82.46830749511719,81.68571472167969,82.29879760742188,68.06705474853516,80.95606231689453,81.07099914550781,81.41358947753906,83.3987045288086,71.42857360839844,71.42857360839844,71.42857360839844,65,86.36363983154297,85.71428680419922,77.2727279663086,85,18.262298583984375,8589934592,1073741824,5107056640,290652160
209,1771647277079,3504,3504,3504,3504,3504,3504,3504,3504,84.07471466064453,82.46830749511719,81.68571472167969,82.29879760742188,68.06705474853516,80.95606231689453,81.07099914550781,81.41358947753906,83.3987045288086,50,50,45,47.619049072265625,60.000003814697266,65,57.894737243652344,57.142860412597656,18.262298583984375,8589934592,1073741824,5099601920,290652160
199,1771647277290,3504,3504,3504,3504,3504,3504,3504,3504,83.48065948486328,81.57552337646484,80.68071746826172,81.4113998413086,68.76277160644531,80.0123291015625,80.24044799804688,80.61338806152344,82.69650268554688,19.047618865966797,33.333335876464844,31.81818199157715,33.333335876464844,0,0,0,0,18.262298583984375,8589934592,1073741824,5099601920,290652160
207,1771647277490,3504,3504,3504,3504,3504,3504,3504,3504,83.48065948486328,81.57552337646484,80.68071746826172,81.4113998413086,68.76277160644531,80.0123291015625,80.24044799804688,80.61338806152344,82.69650268554688,15.000000953674316,26.3157901763916,5.263157844543457,10,0,0,0,0,18.262298583984375,8589934592,1073741824,5099601920,290652160
206,1771647277697,3504,3504,3504,3504,3504,3504,3504,3504,83.48065948486328,81.57552337646484,80.68071746826172,81.4113998413086,68.76277160644531,80.0123291015625,80.24044799804688,80.61338806152344,82.69650268554688,15.000000953674316,23.809524536132813,14.285715103149414,5,0,0,0,0,18.820940017700195,8589934592,1073741824,5099601920,290652160
201,1771647277905,3504,3504,3504,3504,3504,3504,3504,3504,83.48065948486328,81.57552337646484,80.68071746826172,81.4113998413086,68.76277160644531,80.0123291015625,80.24044799804688,80.61338806152344,82.69650268554688,19.047618865966797,19.047618865966797,14.285715103149414,14.285715103149414,0,0,0,0,18.820940017700195,8589934592,1073741824,5095342080,290652160
209,1771647278106,3504,3504,3504,3504,3504,3504,3504,3504,83.48065948486328,81.57552337646484,80.68071746826172,81.4113998413086,68.76277160644531,80.0123291015625,80.24044799804688,80.61338806152344,82.69650268554688,15.000000953674316,21.052631378173828,10,15.000000953674316,0,0,0,0,18.820940017700195,8589934592,1073741824,5095407616,290652160
206,1771647278316,3504,3504,3504,3504,3504,3504,3504,3504,59.22272872924805,58.81523132324219,57.66522216796875,57.482330322265625,57.584129333496094,57.445953369140625,57.10711669921875,58.341670989990234,58.64240646362305,18.18181800842285,22.72727394104004,14.285715103149414,18.18181800842285,0,0,0,0,18.820940017700195,8589934592,1073741824,5093376000,290652160
205,1771647278523,3504,3504,3504,3504,3504,3504,3504,3504,59.22272872924805,58.81523132324219,57.66522216796875,57.482330322265625,57.584129333496094,57.445953369140625,57.10711669921875,58.341670989990234,58.64240646362305,20,20,15.000000953674316,15.000000953674316,0,0,0,0,18.820940017700195,8589934592,1073741824,5093425152,290652160
209,1771647278729,3504,3504,3504,3504,3504,3504,3504,3504,59.22272872924805,58.81523132324219,57.66522216796875,57.482330322265625,57.584129333496094,57.445953369140625,57.10711669921875,58.341670989990234,58.64240646362305,28.571430206298828,14.285715103149414,9.523809432983398,10,0,0,0,0,19.190906524658203,8589934592,1073741824,5093146624,290652160
209,1771647278939,3504,3504,3504,3504,3504,3504,3504,3504,59.22272872924805,58.81523132324219,57.66522216796875,57.482330322265625,57.584129333496094,57.445953369140625,57.10711669921875,58.341670989990234,58.64240646362305,20,10,10,14.285715103149414,0,0,0,0,19.190906524658203,8589934592,1073741824,5093163008,290652160
205,1771647279148,3504,3504,3504,3504,3504,3504,3504,3504,59.22272872924805,58.81523132324219,57.66522216796875,57.482330322265625,53.356971740722656,53.14353942871094,52.85736083984375,53.97002410888672,54.21495819091797,28.571430206298828,19.047618865966797,9.523809432983398,9.523809432983398,0,0,0,0,19.190906524658203,8589934592,1073741824,5093031936,290652160
209,1771647279355,3504,3504,3504,3504,3504,3504,3504,3504,54.77946090698242,54.45328903198242,53.28419494628906,53.07996368408203,53.356971740722656,53.14353942871094,52.85736083984375,53.97002410888672,54.21495819091797,25,10,15.000000953674316,10,0,0,0,0,19.190906524658203,8589934592,1073741824,5093212160,290652160
203,1771647279564,3504,3504,3504,3504,3504,3504,3504,3504,54.77946090698242,54.45328903198242,53.28419494628906,53.07996368408203,53.356971740722656,53.14353942871094,52.85736083984375,53.97002410888672,54.21495819091797,28.571430206298828,18.18181800842285,13.636363983154297,9.523809432983398,0,0,0,0,19.190906524658203,8589934592,1073741824,5093277696,290652160
204,1771647279768,3504,3504,3504,3504,3504,3504,3504,3504,54.77946090698242,54.45328903198242,53.28419494628906,53.07996368408203,53.356971740722656,53.14353942871094,52.85736083984375,53.97002410888672,54.21495819091797,25,21.052631378173828,15.000000953674316,10,0,0,0,0,2.8458218574523926,8589934592,1073741824,5093310464,290652160
205,1771647279973,3504,3504,3504,3504,3504,3504,3504,3504,54.77946090698242,54.45328903198242,53.28419494628906,53.07996368408203,53.356971740722656,53.14353942871094,52.85736083984375,53.97002410888672,54.21495819091797,19.047618865966797,27.272727966308594,14.285715103149414,14.285715103149414,0,0,0,0,2.8458218574523926,8589934592,1073741824,5093359616,290652160
203,1771647280179,3504,3504,3504,3504,3504,3504,3504,3504,52.78411102294922,52.14478302001953,51.193939208984375,51.03807830810547,51.35158157348633,51.08698272705078,50.85223388671875,51.960105895996094,52.1702880859375,20,15.789472579956055,10,5,0,0,0,0,2.8458218574523926,8589934592,1073741824,5093343232,290652160
208,1771647280383,3504,3504,3504,3504,3504,3504,3504,3504,52.78411102294922,52.14478302001953,51.193939208984375,51.03807830810547,51.35158157348633,51.08698272705078,50.85223388671875,51.960105895996094,52.1702880859375,25,15.000000953674316,10,9.523809432983398,0,0,0,0,2.8458218574523926,8589934592,1073741824,5093326848,290652160
201,1771647280592,3504,3504,3504,3504,3504,3504,3504,3504,52.78411102294922,52.14478302001953,51.193939208984375,51.03807830810547,51.35158157348633,51.08698272705078,50.85223388671875,51.960105895996094,52.1702880859375,28.571430206298828,14.285715103149414,13.636363983154297,9.523809432983398,0,0,0,0,2.8458218574523926,8589934592,1073741824,5093326848,290652160
209,1771647280794,3504,3504,3504,3504,3504,3504,3504,3504,52.78411102294922,52.14478302001953,51.193939208984375,51.03807830810547,51.35158157348633,51.08698272705078,50.85223388671875,51.960105895996094,52.1702880859375,25,25,15.789472579956055,15.000000953674316,5,4.761904716491699,9.523809432983398,5,2.0027403831481934,8589934592,1073741824,5090148352,290652160
209,1771647281004,3504,3504,3504,3504,3504,3504,3504,3504,52.78411102294922,52.14478302001953,51.193939208984375,51.03807830810547,51.35158157348633,51.08698272705078,50.85223388671875,51.960105895996094,52.1702880859375,22.72727394104004,19.047618865966797,14.285715103149414,4.761904716491699,0,0,0,0,2.0027403831481934,8589934592,1073741824,5090426880,290652160
208,1771647281214,3504,3504,3504,3504,3504,3504,3504,3504,51.50648498535156,50.664329528808594,49.866607666015625,49.64533996582031,50.065799713134766,49.66645812988281,49.49567413330078,50.723541259765625,50.835968017578125,19.047618865966797,18.18181800842285,9.523809432983398,14.285715103149414,0,0,0,0,2.0027403831481934,8589934592,1073741824,5090017280,290652160
205,1771647281423,3504,3504,3504,3504,3504,3504,3504,3504,51.50648498535156,50.664329528808594,49.866607666015625,49.64533996582031,50.065799713134766,49.66645812988281,49.49567413330078,50.723541259765625,50.835968017578125,20,10,14.285715103149414,19.047618865966797,0,0,0,0,2.0027403831481934,8589934592,1073741824,5090033664,290652160
209,1771647281629,3504,3504,3504,3504,3504,3504,3504,3504,51.50648498535156,50.664329528808594,49.866607666015625,49.64533996582031,50.065799713134766,49.66645812988281,49.49567413330078,50.723541259765625,50.835968017578125,15.000000953674316,10,9.523809432983398,15.000000953674316,5,4.545454502105713,0,0,2.0027403831481934,8589934592,1073741824,5090033664,290652160
209,1771647281839,3504,3504,3504,3504,3504,3504,3504,3504,51.50648498535156,50.664329528808594,49.866607666015625,49.64533996582031,50.065799713134766,49.66645812988281,49.49567413330078,50.723541259765625,50.835968017578125,22.72727394104004,18.18181800842285,10,18.18181800842285,0,0,0,0,2.383925437927246,8589934592,1073741824,5090033664,290652160
209,1771647282049,3504,3504,3504,3504,3504,3504,3504,3504,51.50648498535156,50.664329528808594,49.866607666015625,49.64533996582031,50.065799713134766,49.66645812988281,49.49567413330078,50.723541259765625,50.835968017578125,25,28.571430206298828,15.000000953674316,21.052631378173828,18.18181800842285,5.263157844543457,4.761904716491699,5,2.383925437927246,8589934592,1073741824,5051482112,290652160
209,1771647282259,3504,3504,3504,3504,3504,3504,3504,3504,51.916160583496094,51.23896408081055,50.33873748779297,50.129302978515625,49.38071823120117,50.16984558105469,50.023590087890625,51.01640319824219,51.34585952758789,66.66667175292969,65,65.21739196777344,68.18181610107422,85.71428680419922,81.81818389892578,76.19047546386719,85.71428680419922,2.383925437927246,8589934592,1073741824,5113774080,290652160
204,1771647282468,3504,3504,3504,3504,3504,3504,3504,3504,51.916160583496094,51.23896408081055,50.33873748779297,50.129302978515625,49.38071823120117,50.16984558105469,50.023590087890625,51.01640319824219,51.34585952758789,68.18181610107422,66.66667175292969,70,66.66667175292969,85.71428680419922,85.71428680419922,80.95238494873047,80.95238494873047,2.383925437927246,8589934592,1073741824,5082562560,290652160
206,1771647282673,3504,3504,3504,3504,3504,3504,3504,3504,51.916160583496094,51.23896408081055,50.33873748779297,50.129302978515625,49.38071823120117,50.16984558105469,50.023590087890625,51.01640319824219,51.34585952758789,73.68421173095703,75,75,75,90,90,85,90,2.4773569107055664,8589934592,1073741824,5117820928,290652160
203,1771647282879,3504,3504,3504,3504,3504,3504,3504,3504,51.916160583496094,51.23896408081055,50.33873748779297,50.129302978515625,49.38071823120117,50.16984558105469,50.023590087890625,51.01640319824219,51.34585952758789,71.42857360839844,66.66667175292969,66.66667175292969,71.42857360839844,85.71428680419922,80.95238494873047,90.47618865966797,80.95238494873047,2.4773569107055664,8589934592,1073741824,5129601024,290652160
206,1771647283083,3504,3504,3504,3504,3504,3504,3504,3504,51.916160583496094,51.23896408081055,50.33873748779297,50.129302978515625,49.38071823120117,50.16984558105469,50.023590087890625,51.01640319824219,51.34585952758789,70,71.42857360839844,70,68.42105102539063,84.21052551269531,90,85,75,2.4773569107055664,8589934592,1073741824,5108318208,290652160
209,1771647283289,3504,3504,3504,3504,3504,3504,3504,3504,75.87387084960938,73.98533630371094,73.20454406738281,73.93342590332031,60.20853805541992,73.13837432861328,73.35147857666016,73.55162048339844,75.40010833740234,70,70,71.42857360839844,72.7272720336914,81.81818389892578,85.71428680419922,80.95238494873047,80.95238494873047,2.4773569107055664,8589934592,1073741824,5108809728,290652160
206,1771647283499,3504,3504,3504,3504,3504,3504,3504,3504,75.87387084960938,73.98533630371094,73.20454406738281,73.93342590332031,60.20853805541992,73.13837432861328,73.35147857666016,73.55162048339844,75.40010833740234,77.2727279663086,71.42857360839844,70,71.42857360839844,85.71428680419922,81.81818389892578,90.47618865966797,76.19047546386719,2.4773569107055664,8589934592,1073741824,5136351232,290652160
213,1771647283706,3504,3504,3504,3504,3504,3504,3504,3504,75.87387084960938,73.98533630371094,73.20454406738281,73.93342590332031,60.20853805541992,73.13837432861328,73.35147857666016,73.55162048339844,75.40010833740234,68.42105102539063,66.66667175292969,71.42857360839844,71.42857360839844,75,80,85,76.19047546386719,1.9348188638687134,8589934592,1073741824,5145198592,290652160
214,1771647283919,3504,3504,3504,3504,3504,3504,3504,3504,75.87387084960938,73.98533630371094,73.20454406738281,73.93342590332031,60.20853805541992,73.13837432861328,73.35147857666016,73.55162048339844,75.40010833740234,73.91304016113281,71.42857360839844,68.18181610107422,71.42857360839844,85.71428680419922,90.47618865966797,81.81818389892578,80,1.9348188638687134,8589934592,1073741824,5099995136,290652160
203,1771647284134,3504,3504,3504,3504,3504,3504,3504,3504,75.87387084960938,73.98533630371094,73.20454406738281,73.93342590332031,60.20853805541992,73.13837432861328,73.35147857666016,73.55162048339844,75.40010833740234,71.42857360839844,66.66667175292969,70,70,82.60869598388672,86.36363983154297,86.36363983154297,81.81818389892578,1.9348188638687134,8589934592,1073741824,5102370816,290652160
201,1771647284338,3504,3504,3504,3504,3504,3504,3504,3504,80.51412200927734,78.37559509277344,77.67323303222656,78.56155395507813,64.5419921875,77.5855941772461,77.51676177978516,78.23300170898438,79.64542388916016,75,70,71.42857360839844,66.66667175292969,84.21052551269531,80,89.47368621826172,76.19047546386719,1.9348188638687134,8589934592,1073741824,5106450432,290652160
200,1771647284539,3504,3504,3504,3504,3504,3504,3504,3504,80.51412200927734,78.37559509277344,77.67323303222656,78.56155395507813,64.5419921875,77.5855941772461,77.51676177978516,78.23300170898438,79.64542388916016,68.42105102539063,70,70,65,85,84.21052551269531,80.95238494873047,85,1.9348188638687134,8589934592,1073741824,5096898560,290652160
209,1771647284740,3504,3504,3504,3504,3504,3504,3504,3504,80.51412200927734,78.37559509277344,77.67323303222656,78.56155395507813,64.5419921875,77.5855941772461,77.51676177978516,78.23300170898438,79.64542388916016,71.42857360839844,70,65,66.66667175292969,80,85.71428680419922,85,80,18.772811889648438,8589934592,1073741824,5124358144,290652160
203,1771647284950,3504,3504,3504,3504,3504,3504,3504,3504,80.51412200927734,78.37559509277344,77.67323303222656,78.56155395507813,64.5419921875,77.5855941772461,77.51676177978516,78.23300170898438,79.64542388916016,81.81818389892578,75,76.19047546386719,76.19047546386719,90.47618865966797,90,90,85,18.772811889648438,8589934592,1073741824,5094752256,290652160
211,1771647285154,3504,3504,3504,3504,3504,3504,3504,3504,80.51412200927734,81.26472473144531,80.41814422607422,81.05269622802734,66.92349243164063,79.98895263671875,80.12556457519531,80.6668701171875,82.5601806640625,73.68421173095703,72.7272720336914,71.42857360839844,70,90.47618865966797,90.47618865966797,80.95238494873047,80.95238494873047,18.772811889648438,8589934592,1073741824,5074845696,290652160
208,1771647285365,3504,3504,3504,3504,3504,3504,3504,3504,83.03311920166016,81.26472473144531,80.41814422607422,81.05269622802734,66.92349243164063,79.98895263671875,80.12556457519531,80.6668701171875,82.5601806640625,71.42857360839844,71.42857360839844,66.66667175292969,71.42857360839844,86.36363983154297,85.71428680419922,85.71428680419922,85.71428680419922,18.772811889648438,8589934592,1073741824,5153980416,290652160
205,1771647285574,3504,3504,3504,3504,3504,3504,3504,3504,83.03311920166016,81.26472473144531,80.41814422607422,81.05269622802734,66.92349243164063,79.98895263671875,80.12556457519531,80.6668701171875,82.5601806640625,76.19047546386719,72.7272720336914,71.42857360839844,70,89.47368621826172,90.47618865966797,80.95238494873047,90.47618865966797,18.772811889648438,8589934592,1073741824,5140905984,290652160
209,1771647285779,3504,3504,3504,3504,3504,3504,3504,3504,83.03311920166016,81.26472473144531,80.41814422607422,81.05269622802734,66.92349243164063,79.98895263671875,80.12556457519531,80.6668701171875,82.5601806640625,70,68.42105102539063,70,71.42857360839844,90.90909576416016,85.71428680419922,85,80.95238494873047,18.699811935424805,8589934592,1073741824,5122195456,290652160
209,1771647285990,3504,3504,3504,3504,3504,3504,3504,3504,83.03311920166016,81.26472473144531,80.41814422607422,81.05269622802734,66.92349243164063,79.98895263671875,80.12556457519531,80.6668701171875,82.5601806640625,77.2727279663086,80.95238494873047,71.42857360839844,71.42857360839844,90.47618865966797,90.47618865966797,86.36363983154297,85.71428680419922,18.699811935424805,8589934592,1073741824,5122195456,290652160
204,1771647286199,3504,3504,3504,3504,3504,3504,3504,3504,85.53368377685547,83.83952331542969,82.96481323242188,83.52946472167969,68.84873962402344,82.33275604248047,82.51322174072266,82.89122772216797,84.9936294555664,71.42857360839844,66.66667175292969,70,71.42857360839844,85,80.95238494873047,90,80.95238494873047,18.699811935424805,8589934592,1073741824,5093048320,290652160
202,1771647286403,3504,3504,3504,3504,3504,3504,3504,3504,85.53368377685547,83.83952331542969,82.96481323242188,83.52946472167969,68.84873962402344,82.33275604248047,82.51322174072266,82.89122772216797,84.9936294555664,68.42105102539063,65,68.18181610107422,70,80.95238494873047,80,80.95238494873047,80,18.699811935424805,8589934592,1073741824,5093064704,290652160
209,1771647286606,3504,3504,3504,3504,3504,3504,3504,3504,85.53368377685547,83.83952331542969,82.96481323242188,83.52946472167969,68.84873962402344,82.33275604248047,82.51322174072266,82.89122772216797,84.9936294555664,66.66667175292969,70,65,66.66667175292969,90,85.71428680419922,76.19047546386719,85,18.699811935424805,8589934592,1073741824,5095342080,290652160
208,1771647286816,3504,3504,3504,3504,3504,3504,3504,3504,85.53368377685547,83.83952331542969,82.96481323242188,83.52946472167969,68.84873962402344,82.33275604248047,82.51322174072266,82.89122772216797,84.9936294555664,71.42857360839844,68.18181610107422,66.66667175292969,65,80,80,84.21052551269531,76.19047546386719,18.938508987426758,8589934592,1073741824,5112692736,290652160
209,1771647287024,3504,3504,3504,3504,3504,3504,3504,3504,85.53368377685547,83.83952331542969,82.96481323242188,83.52946472167969,68.84873962402344,82.33275604248047,82.51322174072266,82.89122772216797,84.9936294555664,71.42857360839844,66.66667175292969,65,71.42857360839844,86.36363983154297,85.71428680419922,86.36363983154297,76.19047546386719,18.938508987426758,8589934592,1073741824,5112692736,290652160
210,1771647287234,3504,3504,3504,3504,3504,3504,3504,3504,85.50151062011719,83.97412109375,83.18501281738281,83.65811920166016,69.45138549804688,82.69332885742188,82.8038101196289,83.1502456665039,85.10142517089844,50,50,47.619049072265625,50,57.142860412597656,52.38095474243164,57.142860412597656,52.38095474243164,18.938508987426758,8589934592,1073741824,5114953728,290652160
208,1771647287445,3504,3504,3504,3504,3504,3504,3504,3504,85.50151062011719,83.97412109375,83.18501281738281,83.65811920166016,69.45138549804688,82.69332885742188,82.8038101196289,83.1502456665039,85.10142517089844,10,9.523809432983398,19.047618865966797,9.523809432983398,4.761904716491699,0,0,0,18.938508987426758,8589934592,1073741824,5107105792,290652160
208,1771647287654,3504,3504,3504,3504,3504,3504,3504,3504,85.50151062011719,83.97412109375,83.18501281738281,83.65811920166016,69.45138549804688,82.69332885742188,82.8038101196289,83.1502456665039,85.10142517089844,14.285715103149414,14.285715103149414,19.047618865966797,9.523809432983398,0,0,0,0,19.658668518066406,8589934592,1073741824,5104353280,290652160
207,1771647287863,3504,3504,3504,3504,3504,3504,3504,3504,85.50151062011719,83.97412109375,83.18501281738281,83.65811920166016,69.45138549804688,82.69332885742188,82.8038101196289,83.1502456665039,85.10142517089844,15.000000953674316,14.285715103149414,19.047618865966797,10.526315689086914,0,0,0,0,19.658668518066406,8589934592,1073741824,5100716032,290652160
201,1771647288071,3504,3504,3504,3504,3504,3504,3504,3504,85.50151062011719,83.97412109375,83.18501281738281,83.65811920166016,69.45138549804688,82.69332885742188,82.8038101196289,83.1502456665039,85.10142517089844,28.571430206298828,19.047618865966797,19.047618865966797,14.285715103149414,0,0,0,0,19.658668518066406,8589934592,1073741824,5100716032,290652160
207,1771647288273,3504,3504,3504,3504,3504,3504,3504,3504,61.39968490600586,60.93433380126953,59.83417510986328,59.66172790527344,59.5455322265625,59.63157653808594,59.22821807861328,60.449951171875,60.846435546875,25,20,25,14.285715103149414,0,5,0,0,19.658668518066406,8589934592,1073741824,5101633536,290652160
208,1771647288481,3504,3504,3504,3504,3504,3504,3504,3504,61.39968490600586,60.93433380126953,59.83417510986328,59.66172790527344,59.5455322265625,59.63157653808594,59.22821807861328,60.449951171875,60.846435546875,19.047618865966797,15.000000953674316,20,14.285715103149414,0,0,0,0,19.658668518066406,8589934592,1073741824,5101649920,290652160
201,1771647288689,3504,3504,3504,3504,3504,3504,3504,3504,61.39968490600586,60.93433380126953,59.83417510986328,59.66172790527344,59.5455322265625,59.63157653808594,59.22821807861328,60.449951171875,60.846435546875,23.809524536132813,19.047618865966797,14.285715103149414,10,0,0,0,0,18.75458335876465,8589934592,1073741824,5100781568,290652160
208,1771647288891,3504,3504,3504,3504,3504,3504,3504,3504,61.39968490600586,60.93433380126953,59.83417510986328,59.66172790527344,59.5455322265625,59.63157653808594,59.22821807861328,60.449951171875,60.846435546875,20,20,5.263157844543457,5,0,0,0,0,18.75458335876465,8589934592,1073741824,5100797952,290652160
205,1771647289100,3504,3504,3504,3504,3504,3504,3504,3504,61.39968490600586,60.93433380126953,59.83417510986328,59.66172790527344,59.5455322265625,59.63157653808594,59.22821807861328,60.449951171875,60.846435546875,40,33.333335876464844,31.81818199157715,40.90909194946289,0,4.545454502105713,0,4.545454502105713,18.75458335876465,8589934592,1073741824,5101633536,290652160
209,1771647289306,3504,3504,3504,3504,3504,3504,3504,3504,55.652374267578125,55.332637786865234,54.1109619140625,53.91404724121094,54.203392028808594,53.941062927246094,53.68048095703125,54.82137680053711,55.0390625,23.809524536132813,15.000000953674316,9.523809432983398,5,0,0,0,0,18.75458335876465,8589934592,1073741824,5101666304,290652160
209,1771647289516,3504,3504,3504,3504,3504,3504,3504,3504,55.652374267578125,55.332637786865234,54.1109619140625,53.91404724121094,54.203392028808594,53.941062927246094,53.68048095703125,54.82137680053711,55.0390625,25,19.047618865966797,19.047618865966797,9.523809432983398,0,0,0,0,18.75458335876465,8589934592,1073741824,5101731840,290652160
202,1771647289726,3504,3504,3504,3504,3504,3504,3504,3504,55.652374267578125,55.332637786865234,54.1109619140625,53.91404724121094,54.203392028808594,53.941062927246094,53.68048095703125,54.82137680053711,55.0390625,13.636363983154297,10,15.000000953674316,10,0,0,0,0,3.3767826557159424,8589934592,1073741824,5100765184,290652160
200,1771647289929,3504,3504,3504,3504,3504,3504,3504,3504,55.652374267578125,55.332637786865234,54.1109619140625,53.91404724121094,54.203392028808594,53.941062927246094,53.68048095703125,54.82137680053711,55.0390625,15.789472579956055,14.285715103149414,15.000000953674316,19.047618865966797,0,0,0,0,3.3767826557159424,8589934592,1073741824,5099044864,290652160
208,1771647290129,3504,3504,3504,3504,3504,3504,3504,3504,55.652374267578125,55.332637786865234,54.1109619140625,53.91404724121094,54.203392028808594,53.941062927246094,53.68048095703125,54.82137680053711,55.0390625,14.285715103149414,15.000000953674316,14.285715103149414,28.571430206298828,0,0,0,0,3.3767826557159424,8589934592,1073741824,5099044864,290652160
201,1771647290338,3504,3504,3504,3504,3504,3504,3504,3504,53.3536376953125,52.94349670410156,51.90740966796875,51.67572784423828,52.0101318359375,51.77543640136719,51.49333190917969,52.60886764526367,52.84915542602539,15.000000953674316,14.285715103149414,5,21.052631378173828,0,0,0,0,3.3767826557159424,8589934592,1073741824,5094883328,290652160
209,1771647290540,3504,3504,3504,3504,3504,3504,3504,3504,53.3536376953125,52.94349670410156,51.90740966796875,51.67572784423828,52.0101318359375,51.77543640136719,51.49333190917969,52.60886764526367,52.84915542602539,15.000000953674316,10,14.285715103149414,19.047618865966797,0,0,0,0,3.3767826557159424,8589934592,1073741824,5094932480,290652160
209,1771647290750,3504,3504,3504,3504,3504,3504,3504,3504,53.3536376953125,52.94349670410156,51.90740966796875,51.67572784423828,52.0101318359375,51.77543640136719,51.49333190917969,52.60886764526367,52.84915542602539,14.285715103149414,25,10,14.285715103149414,0,0,0,0,1.9559309482574463,8589934592,1073741824,5094932480,290652160
206,1771647290960,3504,3504,3504,3504,3504,3504,3504,3504,53.3536376953125,52.94349670410156,51.90740966796875,51.67572784423828,52.0101318359375,51.77543640136719,51.49333190917969,52.60886764526367,52.84915542602539,14.285715103149414,23.809524536132813,5,9.523809432983398,0,0,0,0,1.9559309482574463,8589934592,1073741824,5094932480,290652160
209,1771647291166,3504,3504,3504,3504,3504,3504,3504,3504,52.09065628051758,51.16587829589844,50.40031433105469,50.19365692138672,50.60946273803711,50.309234619140625,50.043067932128906,51.23984146118164,51.38623809814453,23.809524536132813,25,13.636363983154297,10,0,0,0,0,1.9559309482574463,8589934592,1073741824,5094932480,290652160
201,1771647291376,3504,3504,3504,3504,3504,3504,3504,3504,52.09065628051758,51.16587829589844,50.40031433105469,50.19365692138672,50.60946273803711,50.309234619140625,50.043067932128906,51.23984146118164,51.38623809814453,14.285715103149414,22.72727394104004,15.000000953674316,4.761904716491699,0,0,0,0,1.9559309482574463,8589934592,1073741824,5094424576,290652160
209,1771647291577,3504,3504,3504,3504,3504,3504,3504,3504,52.09065628051758,51.16587829589844,50.40031433105469,50.19365692138672,50.60946273803711,50.309234619140625,50.043067932128906,51.23984146118164,51.38623809814453,15.000000953674316,20,19.047618865966797,10,4.761904716491699,5,0,0,1.9559309482574463,8589934592,1073741824,5094293504,290652160
201,1771647291787,3504,3504,3504,3504,3504,3504,3504,3504,52.09065628051758,51.16587829589844,50.40031433105469,50.19365692138672,50.60946273803711,50.309234619140625,50.043067932128906,51.23984146118164,51.38623809814453,15.000000953674316,13.636363983154297,15.000000953674316,9.523809432983398,9.523809432983398,4.761904716491699,9.523809432983398,9.090909004211426,2.69590425491333,8589934592,1073741824,5086461952,290652160
208,1771647291989,3504,3504,3504,3504,3504,3504,3504,3504,52.09065628051758,51.16587829589844,50.40031433105469,50.19365692138672,50.60946273803711,50.309234619140625,50.043067932128906,51.23984146118164,51.38623809814453,15.000000953674316,10.526315689086914,19.047618865966797,9.523809432983398,0,0,0,0,2.69590425491333,8589934592,1073741824,5086461952,290652160
202,1771647292198,3504,3504,3504,3504,3504,3504,3504,3504,51.357967376708984,50.53177261352539,49.695716857910156,49.44964599609375,49.64696502685547,49.55088806152344,49.38294982910156,50.53801345825195,50.698097229003906,45.45454788208008,30.000001907348633,33.333335876464844,31.57894515991211,35,38.095237731933594,33.333335876464844,28.571430206298828,2.69590425491333,8589934592,1073741824,5086461952,290652160
204,1771647292401,3504,3504,3504,3504,3504,3504,3504,3504,51.357967376708984,50.53177261352539,49.695716857910156,49.44964599609375,49.64696502685547,49.55088806152344,49.38294982910156,50.53801345825195,50.698097229003906,73.68421173095703,70,68.42105102539063,71.42857360839844,85,85,90,84.21052551269531,2.69590425491333,8589934592,1073741824,5122162688,290652160
204,1771647292606,3504,3504,3504,3504,3504,3504,3504,3504,51.357967376708984,50.53177261352539,49.695716857910156,49.44964599609375,49.64696502685547,49.55088806152344,49.38294982910156,50.53801345825195,50.698097229003906,71.42857360839844,72.7272720336914,70,71.42857360839844,86.36363983154297,90,90.47618865966797,85,2.69590425491333,8589934592,1073741824,5156421632,290652160
209,1771647292811,3504,3504,3504,3504,3504,3504,3504,3504,51.357967376708984,50.53177261352539,49.695716857910156,49.44964599609375,49.64696502685547,49.55088806152344,49.38294982910156,50.53801345825195,50.698097229003906,70,70,71.42857360839844,71.42857360839844,90,85.71428680419922,85.71428680419922,80.95238494873047,2.2797770500183105,8589934592,1073741824,5122113536,290652160
209,1771647293021,3504,3504,3504,3504,3504,3504,3504,3504,51.357967376708984,50.53177261352539,49.695716857910156,49.44964599609375,49.64696502685547,49.55088806152344,49.38294982910156,50.53801345825195,50.698097229003906,76.19047546386719,72.7272720336914,71.42857360839844,75,90.47618865966797,95,85,80.95238494873047,2.2797770500183105,8589934592,1073741824,5122146304,290652160
201,1771647293231,3504,3504,3504,3504,3504,3504,3504,3504,75.63256072998047,73.83354187011719,72.9927749633789,73.61262512207031,59.958282470703125,72.85621643066406,72.85004425048828,73.37256622314453,74.82107543945313,66.66667175292969,65,66.66667175292969,66.66667175292969,85.71428680419922,81.81818389892578,76.19047546386719,71.42857360839844,2.2797770500183105,8589934592,1073741824,5156339712,290652160
209,1771647293433,3504,3504,3504,3504,3504,3504,3504,3504,75.63256072998047,73.83354187011719,72.9927749633789,73.61262512207031,59.958282470703125,72.85621643066406,72.85004425048828,73.37256622314453,74.82107543945313,70,66.66667175292969,66.66667175292969,70,85,84.21052551269531,85.71428680419922,76.19047546386719,2.2797770500183105,8589934592,1073741824,5155504128,290652160
209,1771647293643,3504,3504,3504,3504,3504,3504,3504,3504,75.63256072998047,73.83354187011719,72.9927749633789,73.61262512207031,59.958282470703125,72.85621643066406,72.85004425048828,73.37256622314453,74.82107543945313,70,70,70,65,85.71428680419922,80.95238494873047,85.71428680419922,80.95238494873047,2.2797770500183105,8589934592,1073741824,5155897344,290652160
203,1771647293853,3504,3504,3504,3504,3504,3504,3504,3504,75.63256072998047,73.83354187011719,72.9927749633789,73.61262512207031,59.958282470703125,72.85621643066406,72.85004425048828,73.37256622314453,74.82107543945313,68.18181610107422,66.66667175292969,66.66667175292969,69.56521606445313,85.71428680419922,81.81818389892578,80.95238494873047,80,2.4784581661224365,8589934592,1073741824,5127847936,290652160
213,1771647294056,3504,3504,3504,3504,3504,3504,3504,3504,75.63256072998047,73.83354187011719,72.9927749633789,73.61262512207031,59.958282470703125,72.85621643066406,72.85004425048828,73.37256622314453,74.82107543945313,66.66667175292969,65,65,68.42105102539063,80.95238494873047,80.95238494873047,75,77.2727279663086,2.4784581661224365,8589934592,1073741824,5128273920,290652160
209,1771647294269,3504,3504,3504,3504,3504,3504,3504,3504,80.61012268066406,79.08602905273438,78.19664001464844,78.6895751953125,64.84358215332031,77.66737365722656,77.65640258789063,78.10201263427734,79.7860107421875,71.42857360839844,66.66667175292969,68.18181610107422,68.18181610107422,90,80.95238494873047,85.71428680419922,76.19047546386719,2.4784581661224365,8589934592,1073741824,5116624896,290652160
209,1771647294479,3504,3504,3504,3504,3504,3504,3504,3504,80.61012268066406,79.08602905273438,78.19664001464844,78.6895751953125,64.84358215332031,77.66737365722656,77.65640258789063,78.10201263427734,79.7860107421875,71.42857360839844,68.18181610107422,66.66667175292969,66.66667175292969,81.81818389892578,85.71428680419922,85.71428680419922,75,2.4784581661224365,8589934592,1073741824,5116116992,290652160
209,1771647294689,3504,3504,3504,3504,3504,3504,3504,3504,80.61012268066406,79.08602905273438,78.19664001464844,78.6895751953125,64.84358215332031,77.66737365722656,77.65640258789063,78.10201263427734,79.7860107421875,71.42857360839844,71.42857360839844,66.66667175292969,66.66667175292969,85,90.47618865966797,85.71428680419922,77.2727279663086,19.35301399230957,8589934592,1073741824,5116428288,290652160
206,1771647294899,3504,3504,3504,3504,3504,3504,3504,3504,80.61012268066406,79.08602905273438,78.19664001464844,78.6895751953125,64.84358215332031,77.66737365722656,77.65640258789063,78.10201263427734,79.7860107421875,70,60.000003814697266,66.66667175292969,65,81.81818389892578,85,77.2727279663086,76.19047546386719,19.35301399230957,8589934592,1073741824,5147099136,290652160
209,1771647295106,3504,3504,3504,3504,3504,3504,3504,3504,80.61012268066406,79.08602905273438,78.19664001464844,78.6895751953125,64.84358215332031,77.66737365722656,77.65640258789063,78.10201263427734,79.7860107421875,71.42857360839844,70,65,68.18181610107422,85,85.71428680419922,84.21052551269531,75,19.35301399230957,8589934592,1073741824,5147099136,290652160
206,1771647295316,3504,3504,3504,3504,3504,3504,3504,3504,83.13973999023438,81.1990737915039,80.49736785888672,81.1957015991211,67.06745147705078,79.83692169189453,79.7185287475586,80.43840789794922,81.7874984741211,66.66667175292969,66.66667175292969,68.18181610107422,70,85.71428680419922,85.71428680419922,81.81818389892578,76.19047546386719,19.35301399230957,8589934592,1073741824,5147099136,290652160
206,1771647295522,3504,3504,3504,3504,3504,3504,3504,3504,83.13973999023438,81.1990737915039,80.49736785888672,81.1957015991211,67.06745147705078,79.83692169189453,79.7185287475586,80.43840789794922,81.7874984741211,71.42857360839844,66.66667175292969,65,65,85.71428680419922,80.95238494873047,80.95238494873047,76.19047546386719,19.35301399230957,8589934592,1073741824,5128601600,290652160
206,1771647295729,3504,3504,3504,3504,3504,3504,3504,3504,83.13973999023438,81.1990737915039,80.49736785888672,81.1957015991211,67.06745147705078,79.83692169189453,79.7185287475586,80.43840789794922,81.7874984741211,70,66.66667175292969,66.66667175292969,66.66667175292969,90.47618865966797,85,75,76.19047546386719,18.54572296142578,8589934592,1073741824,5114478592,290652160
207,1771647295936,3504,3504,3504,3504,3504,3504,3504,3504,83.13973999023438,81.1990737915039,80.49736785888672,81.1957015991211,67.06745147705078,79.83692169189453,79.7185287475586,80.43840789794922,81.7874984741211,76.19047546386719,66.66667175292969,71.42857360839844,71.42857360839844,80,90.47618865966797,80,80,18.54572296142578,8589934592,1073741824,5115019264,290652160
209,1771647296143,3504,3504,3504,3504,3504,3504,3504,3504,83.13973999023438,81.1990737915039,80.49736785888672,81.1957015991211,67.06745147705078,79.83692169189453,79.7185287475586,80.43840789794922,81.7874984741211,71.42857360839844,75,68.42105102539063,70,90.47618865966797,85.71428680419922,80.95238494873047,85,18.54572296142578,8589934592,1073741824,5114822656,290652160
200,1771647296353,3504,3504,3504,3504,3504,3504,3504,3504,85.0532455444336,83.18693542480469,82.41917419433594,83.02027893066406,68.60689544677734,81.2423095703125,81.39102172851563,81.66138458251953,83.69580078125,70,68.18181610107422,72.7272720336914,68.18181610107422,81.81818389892578,90.47618865966797,77.2727279663086,81.81818389892578,18.54572296142578,8589934592,1073741824,5114839040,290652160
209,1771647296554,3504,3504,3504,3504,3504,3504,3504,3504,85.0532455444336,83.18693542480469,82.41917419433594,83.02027893066406,68.60689544677734,81.2423095703125,81.39102172851563,81.66138458251953,83.69580078125,71.42857360839844,65,60.000003814697266,70,78.94737243652344,85,85,75,18.54572296142578,8589934592,1073741824,5108908032,290652160
209,1771647296764,3504,3504,3504,3504,3504,3504,3504,3504,85.0532455444336,83.18693542480469,82.41917419433594,83.02027893066406,68.60689544677734,81.2423095703125,81.39102172851563,81.66138458251953,83.69580078125,70,70,71.42857360839844,65,86.36363983154297,85.71428680419922,76.19047546386719,80.95238494873047,19.207733154296875,8589934592,1073741824,5146492928,290652160
205,1771647296974,3504,3504,3504,3504,3504,3504,3504,3504,85.0532455444336,83.18693542480469,82.41917419433594,83.02027893066406,68.60689544677734,81.2423095703125,81.39102172851563,81.66138458251953,83.69580078125,71.42857360839844,66.66667175292969,66.66667175292969,71.42857360839844,90,81.81818389892578,76.19047546386719,76.19047546386719,19.207733154296875,8589934592,1073741824,5146492928,290652160
209,1771647297179,3504,3504,3504,3504,3504,3504,3504,3504,86.19165802001953,84.32304382324219,83.50605010986328,84.15782928466797,69.64781188964844,82.50611114501953,82.67527770996094,82.8918228149414,85.01648712158203,66.66667175292969,66.66667175292969,71.42857360839844,71.42857360839844,85.71428680419922,89.47368621826172,85,80,19.207733154296875,8589934592,1073741824,5146492928,290652160
209,1771647297389,3504,3504,3504,3504,3504,3504,3504,3504,86.19165802001953,84.32304382324219,83.50605010986328,84.15782928466797,69.64781188964844,82.50611114501953,82.67527770996094,82.8918228149414,85.01648712158203,10,5,0,14.285715103149414,4.761904716491699,4.545454502105713,0,0,19.207733154296875,8589934592,1073741824,5146492928,290652160
204,1771647297599,3504,3504,3504,3504,3504,3504,3504,3504,86.19165802001953,84.32304382324219,83.50605010986328,84.15782928466797,69.64781188964844,82.50611114501953,82.67527770996094,82.8918228149414,85.01648712158203,14.285715103149414,22.72727394104004,9.523809432983398,19.047618865966797,4.761904716491699,0,0,0,19.207733154296875,8589934592,1073741824,5076434944,290652160
209,1771647297804,3504,3504,3504,3504,3504,3504,3504,3504,86.19165802001953,84.32304382324219,83.50605010986328,84.15782928466797,69.64781188964844,82.50611114501953,82.67527770996094,82.8918228149414,85.01648712158203,20,15.789472579956055,14.285715103149414,19.047618865966797,5.263157844543457,14.285715103149414,9.523809432983398,5,19.02402687072754,8589934592,1073741824,5078056960,290652160
207,1771647298014,3504,3504,3504,3504,3504,3504,3504,3504,86.19165802001953,84.32304382324219,83.50605010986328,84.15782928466797,69.64781188964844,82.50611114501953,82.67527770996094,82.8918228149414,85.01648712158203,18.18181800842285,22.72727394104004,5,15.000000953674316,0,0,0,0,19.02402687072754,8589934592,1073741824,5074976768,290652160
201,1771647298223,3504,3504,3504,3504,3504,3504,3504,3504,62.68233108520508,62.16857147216797,60.99238586425781,60.803619384765625,60.29634094238281,60.735984802246094,60.21369934082031,61.59859085083008,61.991294860839844,25,20,22.72727394104004,23.809524536132813,14.285715103149414,15.000000953674316,14.285715103149414,18.18181800842285,19.02402687072754,8589934592,1073741824,5074976768,290652160
204,1771647298425,3504,3504,3504,3504,3504,3504,3504,3504,62.68233108520508,62.16857147216797,60.99238586425781,60.803619384765625,60.29634094238281,60.735984802246094,60.21369934082031,61.59859085083008,61.991294860839844,19.047618865966797,19.047618865966797,10,14.285715103149414,0,0,0,0,19.02402687072754,8589934592,1073741824,5074976768,290652160
209,1771647298630,3504,3504,3504,3504,3504,3504,3504,3504,62.68233108520508,62.16857147216797,60.99238586425781,60.803619384765625,60.29634094238281,60.735984802246094,60.21369934082031,61.59859085083008,61.991294860839844,23.809524536132813,19.047618865966797,10.526315689086914,5.263157844543457,0,0,0,0,19.02402687072754,8589934592,1073741824,5074190336,290652160
209,1771647298840,3504,3504,3504,3504,3504,3504,3504,3504,62.68233108520508,62.16857147216797,60.99238586425781,60.803619384765625,60.29634094238281,60.735984802246094,60.21369934082031,61.59859085083008,61.991294860839844,26.3157901763916,35,36.3636360168457,14.285715103149414,4.761904716491699,0,0,0,19.084897994995117,8589934592,1073741824,5075992576,290652160
206,1771647299049,3504,3504,3504,3504,3504,3504,3504,3504,62.68233108520508,62.16857147216797,60.99238586425781,60.803619384765625,60.29634094238281,60.735984802246094,60.21369934082031,61.59859085083008,61.991294860839844,27.272727966308594,20,15.000000953674316,22.72727394104004,0,0,0,0,19.084897994995117,8589934592,1073741824,5075091456,290652160
204,1771647299256,3504,3504,3504,3504,3504,3504,3504,3504,56.29802322387695,55.976280212402344,54.70642852783203,54.452880859375,54.75518035888672,54.563140869140625,54.20269012451172,55.450889587402344,55.66263961791992,25,19.047618865966797,9.523809432983398,19.047618865966797,0,0,0,0,19.084897994995117,8589934592,1073741824,5075058688,290652160
209,1771647299461,3504,3504,3504,3504,3504,3504,3504,3504,56.29802322387695,55.976280212402344,54.70642852783203,54.452880859375,54.75518035888672,54.563140869140625,54.20269012451172,55.450889587402344,55.66263961791992,20,14.285715103149414,14.285715103149414,10.526315689086914,0,0,0,0,19.084897994995117,8589934592,1073741824,5075042304,290652160
207,1771647299671,3504,3504,3504,3504,3504,3504,3504,3504,56.29802322387695,55.976280212402344,54.70642852783203,54.452880859375,54.75518035888672,54.563140869140625,54.20269012451172,55.450889587402344,55.66263961791992,27.272727966308594,15.000000953674316,14.285715103149414,4.761904716491699,0,0,0,0,5.983514785766602,8589934592,1073741824,5075107840,290652160
209,1771647299879,3504,3504,3504,3504,3504,3504,3504,3504,56.29802322387695,55.976280212402344,54.70642852783203,54.452880859375,54.75518035888672,54.563140869140625,54.20269012451172,55.450889587402344,55.66263961791992,30.000001907348633,20,15.000000953674316,14.285715103149414,0,0,0,0,5.983514785766602,8589934592,1073741824,5075107840,290652160
209,1771647300089,3504,3504,3504,3504,3504,3504,3504,3504,56.29802322387695,55.976280212402344,54.70642852783203,54.452880859375,54.75518035888672,54.563140869140625,54.20269012451172,55.450889587402344,55.66263961791992,31.81818199157715,18.18181800842285,18.18181800842285,14.285715103149414,4.545454502105713,0,0,0,5.983514785766602,8589934592,1073741824,5082906624,290652160
204,1771647300299,3504,3504,3504,3504,3504,3504,3504,3504,53.74885940551758,53.47344970703125,52.36851501464844,52.05845642089844,52.51539993286133,52.239501953125,51.89006042480469,53.0555305480957,53.30270004272461,28.571430206298828,14.285715103149414,5.263157844543457,14.285715103149414,0,0,0,0,5.983514785766602,8589934592,1073741824,5081956352,290652160
205,1771647300504,3504,3504,3504,3504,3504,3504,3504,3504,53.74885940551758,53.47344970703125,52.36851501464844,52.05845642089844,52.51539993286133,52.239501953125,51.89006042480469,53.0555305480957,53.30270004272461,21.052631378173828,15.000000953674316,13.636363983154297,9.523809432983398,0,0,0,0,5.983514785766602,8589934592,1073741824,5081874432,290652160
203,1771647300710,3504,3504,3504,3504,3504,3504,3504,3504,53.74885940551758,53.47344970703125,52.36851501464844,52.05845642089844,52.51539993286133,52.239501953125,51.89006042480469,53.0555305480957,53.30270004272461,23.809524536132813,28.571430206298828,10,10,0,0,0,0,2.41780686378479,8589934592,1073741824,5081333760,290652160
209,1771647300914,3504,3504,3504,3504,3504,3504,3504,3504,53.74885940551758,53.47344970703125,52.36851501464844,52.05845642089844,52.51539993286133,52.239501953125,51.89006042480469,53.0555305480957,53.30270004272461,25,20,14.285715103149414,10,0,0,0,0,2.41780686378479,8589934592,1073741824,5081350144,290652160
208,1771647301124,3504,3504,3504,3504,3504,3504,3504,3504,53.74885940551758,53.47344970703125,52.36851501464844,52.05845642089844,52.51539993286133,52.239501953125,51.89006042480469,53.0555305480957,53.30270004272461,23.809524536132813,19.047618865966797,5,9.523809432983398,0,0,0,0,2.41780686378479,8589934592,1073741824,5081350144,290652160
209,1771647301333,3504,3504,3504,3504,3504,3504,3504,3504,52.46710968017578,51.72712326049805,50.841773986816406,50.57154846191406,51.03657531738281,50.81768035888672,50.427513122558594,51.66666030883789,51.841514587402344,23.809524536132813,22.72727394104004,10,4.761904716491699,0,0,0,0,2.41780686378479,8589934592,1073741824,5081350144,290652160
209,1771647301544,3504,3504,3504,3504,3504,3504,3504,3504,52.46710968017578,51.72712326049805,50.841773986816406,50.57154846191406,51.03657531738281,50.81768035888672,50.427513122558594,51.66666030883789,51.841514587402344,20,10,13.636363983154297,9.523809432983398,0,0,0,0,2.41780686378479,8589934592,1073741824,5081350144,290652160
202,1771647301754,3504,3504,3504,3504,3504,3504,3504,3504,52.46710968017578,51.72712326049805,50.841773986816406,50.57154846191406,51.03657531738281,50.81768035888672,50.427513122558594,51.66666030883789,51.841514587402344,18.18181800842285,15.000000953674316,19.047618865966797,5,9.090909004211426,4.761904716491699,0,0,2.545273542404175,8589934592,1073741824,5081251840,290652160
205,1771647301957,3504,3504,3504,3504,3504,3504,3504,3504,52.46710968017578,51.72712326049805,50.841773986816406,50.57154846191406,51.03657531738281,50.81768035888672,50.427513122558594,51.66666030883789,51.841514587402344,25,15.000000953674316,15.000000953674316,14.285715103149414,0,0,0,0,2.545273542404175,8589934592,1073741824,5081235456,290652160
209,1771647302163,3504,3504,3504,3504,3504,3504,3504,3504,51.46190643310547,50.62395095825195,49.78546142578125,49.50054168701172,50.0213623046875,49.639488220214844,49.390830993652344,50.654083251953125,50.765235900878906,20,14.285715103149414,15.000000953674316,4.761904716491699,0,0,0,0,2.545273542404175,8589934592,1073741824,5081219072,290652160
206,1771647302373,3504,3504,3504,3504,3504,3504,3504,3504,51.46190643310547,50.62395095825195,49.78546142578125,49.50054168701172,50.0213623046875,49.639488220214844,49.390830993652344,50.654083251953125,50.765235900878906,57.142860412597656,57.142860412597656,54.54545593261719,52.38095474243164,70,71.42857360839844,59.09090805053711,66.66667175292969,2.545273542404175,8589934592,1073741824,5139611648,290652160
209,1771647302579,3504,3504,3504,3504,3504,3504,3504,3504,51.46190643310547,50.62395095825195,49.78546142578125,49.50054168701172,50.0213623046875,49.639488220214844,49.390830993652344,50.654083251953125,50.765235900878906,71.42857360839844,66.66667175292969,70,66.66667175292969,85.71428680419922,85,84.21052551269531,75,2.545273542404175,8589934592,1073741824,5070880768,290652160
209,1771647302789,3504,3504,3504,3504,3504,3504,3504,3504,51.46190643310547,50.62395095825195,49.78546142578125,49.50054168701172,50.0213623046875,49.639488220214844,49.390830993652344,50.654083251953125,50.765235900878906,71.42857360839844,75,71.42857360839844,76.19047546386719,90,86.36363983154297,86.36363983154297,86.36363983154297,2.3260650634765625,8589934592,1073741824,5117673472,290652160
204,1771647302999,3504,3504,3504,3504,3504,3504,3504,3504,51.46190643310547,50.62395095825195,49.78546142578125,49.50054168701172,50.0213623046875,49.639488220214844,49.390830993652344,50.654083251953125,50.765235900878906,76.19047546386719,71.42857360839844,71.42857360839844,70,95.23809814453125,85,90.47618865966797,84.21052551269531,2.3260650634765625,8589934592,1073741824,5150867456,290652160
201,1771647303204,3504,3504,3504,3504,3504,3504,3504,3504,73.49877166748047,71.98638153076172,71.11018371582031,71.62142181396484,58.9307861328125,70.76526641845703,70.93126678466797,71.21920776367188,72.82803344726563,70,66.66667175292969,65,65,85.71428680419922,85.71428680419922,85,86.36363983154297,2.3260650634765625,8589934592,1073741824,5132484608,290652160
214,1771647303406,3504,3504,3504,3504,3504,3504,3504,3504,73.49877166748047,71.98638153076172,71.11018371582031,71.62142181396484,58.9307861328125,70.76526641845703,70.93126678466797,71.21920776367188,72.82803344726563,70,70,65,66.66667175292969,85.71428680419922,78.94737243652344,75,78.94737243652344,2.3260650634765625,8589934592,1073741824,5132746752,290652160
201,1771647303621,3504,3504,3504,3504,3504,3504,3504,3504,73.49877166748047,71.98638153076172,71.11018371582031,71.62142181396484,58.9307861328125,70.76526641845703,70.93126678466797,71.21920776367188,72.82803344726563,66.66667175292969,66.66667175292969,68.18181610107422,66.66667175292969,90,86.9565200805664,77.2727279663086,78.26087188720703,2.3260650634765625,8589934592,1073741824,5106843648,290652160
206,1771647303826,3504,3504,3504,3504,3504,3504,3504,3504,73.49877166748047,71.98638153076172,71.11018371582031,71.62142181396484,58.9307861328125,70.76526641845703,70.93126678466797,71.21920776367188,72.82803344726563,71.42857360839844,71.42857360839844,65,71.42857360839844,85,84.21052551269531,80,85,1.9101552963256836,8589934592,1073741824,5116461056,290652160
209,1771647304033,3504,3504,3504,3504,3504,3504,3504,3504,73.49877166748047,71.98638153076172,71.11018371582031,71.62142181396484,58.9307861328125,70.76526641845703,70.93126678466797,71.21920776367188,72.82803344726563,71.42857360839844,71.42857360839844,68.18181610107422,66.66667175292969,81.81818389892578,81.81818389892578,81.81818389892578,80,1.9101552963256836,8589934592,1073741824,5116919808,290652160
206,1771647304243,3504,3504,3504,3504,3504,3504,3504,3504,81.00426483154297,79.31842041015625,78.4261703491211,79.05537414550781,65.0430908203125,77.78355407714844,78.16081237792969,78.169921875,80.45069885253906,70,70,70,70,90,95,85,80.95238494873047,1.9101552963256836,8589934592,1073741824,5140267008,290652160
209,1771647304449,3504,3504,3504,3504,3504,3504,3504,3504,81.00426483154297,79.31842041015625,78.4261703491211,79.05537414550781,65.0430908203125,77.78355407714844,78.16081237792969,78.169921875,80.45069885253906,71.42857360839844,66.66667175292969,70,63.6363639831543,90.47618865966797,80.95238494873047,75,75,1.9101552963256836,8589934592,1073741824,5142200320,290652160
209,1771647304658,3504,3504,3504,3504,3504,3504,3504,3504,81.00426483154297,79.31842041015625,78.4261703491211,79.05537414550781,65.0430908203125,77.78355407714844,78.16081237792969,78.169921875,80.45069885253906,66.66667175292969,71.42857360839844,66.66667175292969,70,85.71428680419922,80.95238494873047,85.71428680419922,77.2727279663086,15.593674659729004,8589934592,1073741824,5142315008,290652160
203,1771647304868,3504,3504,3504,3504,3504,3504,3504,3504,81.00426483154297,79.31842041015625,78.4261703491211,79.05537414550781,65.0430908203125,77.78355407714844,78.16081237792969,78.169921875,80.45069885253906,68.18181610107422,68.18181610107422,66.66667175292969,65,85.71428680419922,85.71428680419922,81.81818389892578,76.19047546386719,15.593674659729004,8589934592,1073741824,5116493824,290652160
210,1771647305072,3504,3504,3504,3504,3504,3504,3504,3504,81.00426483154297,79.31842041015625,78.4261703491211,79.05537414550781,65.0430908203125,77.78355407714844,78.16081237792969,78.169921875,80.45069885253906,68.42105102539063,63.15789031982422,66.66667175292969,61.904762268066406,80,80,85.71428680419922,75,15.593674659729004,8589934592,1073741824,5120032768,290652160
212,1771647305283,3504,3504,3504,3504,3504,3504,3504,3504,83.24272918701172,81.79985046386719,80.95943450927734,81.45950317382813,67.36930847167969,80.26553344726563,80.13834381103516,80.80818939208984,82.24398803710938,68.18181610107422,72.7272720336914,70,66.66667175292969,90.47618865966797,81.81818389892578,80,72.7272720336914,15.593674659729004,8589934592,1073741824,5120032768,290652160
209,1771647305496,3504,3504,3504,3504,3504,3504,3504,3504,83.24272918701172,81.79985046386719,80.95943450927734,81.45950317382813,67.36930847167969,80.26553344726563,80.13834381103516,80.80818939208984,82.24398803710938,70,65,68.18181610107422,71.42857360839844,85.71428680419922,85,77.2727279663086,85,15.593674659729004,8589934592,1073741824,5120032768,290652160
214,1771647305706,3504,3504,3504,3504,3504,3504,3504,3504,83.24272918701172,81.79985046386719,80.95943450927734,81.45950317382813,67.36930847167969,80.26553344726563,80.13834381103516,80.80818939208984,82.24398803710938,72.7272720336914,68.18181610107422,66.66667175292969,66.66667175292969,85.71428680419922,81.81818389892578,85.71428680419922,77.2727279663086,19.28438949584961,8589934592,1073741824,5120032768,290652160
207,1771647305921,3504,3504,3504,3504,3504,3504,3504,3504,83.24272918701172,81.79985046386719,80.95943450927734,81.45950317382813,67.36930847167969,80.26553344726563,80.13834381103516,80.80818939208984,82.24398803710938,71.42857360839844,66.66667175292969,63.6363639831543,68.18181610107422,81.81818389892578,85.71428680419922,85,72.7272720336914,19.28438949584961,8589934592,1073741824,5138087936,290652160
209,1771647306129,3504,3504,3504,3504,3504,3504,3504,3504,83.24272918701172,81.79985046386719,80.95943450927734,81.45950317382813,67.36930847167969,80.26553344726563,80.13834381103516,80.80818939208984,82.24398803710938,76.19047546386719,71.42857360839844,80,71.42857360839844,90.47618865966797,95.23809814453125,81.81818389892578,85,19.28438949584961,8589934592,1073741824,5139382272,290652160
199,1771647306339,3504,3504,3504,3504,3504,3504,3504,3504,85.04440307617188,83.27246856689453,82.42744445800781,83.10858154296875,68.8094711303711,81.7156982421875,81.67102813720703,82.18629455566406,83.90286254882813,65,61.904762268066406,68.18181610107422,61.904762268066406,76.19047546386719,85.71428680419922,80,75,19.28438949584961,8589934592,1073741824,5119983616,290652160
199,1771647306539,3504,3504,3504,3504,3504,3504,3504,3504,85.04440307617188,83.27246856689453,82.42744445800781,83.10858154296875,68.8094711303711,81.7156982421875,81.67102813720703,82.18629455566406,83.90286254882813,66.66667175292969,70,68.42105102539063,68.42105102539063,85,84.21052551269531,80.95238494873047,76.19047546386719,19.28438949584961,8589934592,1073741824,5120016384,290652160
209,1771647306739,3504,3504,3504,3504,3504,3504,3504,3504,85.04440307617188,83.27246856689453,82.42744445800781,83.10858154296875,68.8094711303711,81.7156982421875,81.67102813720703,82.18629455566406,83.90286254882813,70,70,66.66667175292969,66.66667175292969,90,85,78.94737243652344,75,19.11625099182129,8589934592,1073741824,5120016384,290652160
204,1771647306949,3504,3504,3504,3504,3504,3504,3504,3504,85.04440307617188,83.27246856689453,82.42744445800781,83.10858154296875,68.8094711303711,81.7156982421875,81.67102813720703,82.18629455566406,83.90286254882813,71.42857360839844,71.42857360839844,68.42105102539063,66.66667175292969,80.95238494873047,86.36363983154297,80.95238494873047,80,19.11625099182129,8589934592,1073741824,5104812032,290652160
202,1771647307153,3504,3504,3504,3504,3504,3504,3504,3504,85.04440307617188,84.55388641357422,83.78921508789063,84.54961395263672,69.9952392578125,83.02745056152344,82.97638702392578,83.48143005371094,85.17857360839844,65,70,68.18181610107422,70,85,85,85.71428680419922,77.2727279663086,19.11625099182129,8589934592,1073741824,5104812032,290652160
209,1771647307356,3504,3504,3504,3504,3504,3504,3504,3504,86.53163146972656,84.55388641357422,83.78921508789063,84.54961395263672,69.9952392578125,83.02745056152344,82.97638702392578,83.48143005371094,85.17857360839844,50,50,47.36842346191406,35,52.38095474243164,47.619049072265625,45,47.36842346191406,19.11625099182129,8589934592,1073741824,5113970688,290652160
209,1771647307566,3504,3504,3504,3504,3504,3504,3504,3504,86.53163146972656,84.55388641357422,83.78921508789063,84.54961395263672,69.9952392578125,83.02745056152344,82.97638702392578,83.48143005371094,85.17857360839844,14.285715103149414,14.285715103149414,4.761904716491699,9.090909004211426,0,4.761904716491699,0,4.545454502105713,19.11625099182129,8589934592,1073741824,5113970688,290652160
202,1771647307776,3504,3504,3504,3504,3504,3504,3504,3504,86.53163146972656,84.55388641357422,83.78921508789063,84.54961395263672,69.9952392578125,83.02745056152344,82.97638702392578,83.48143005371094,85.17857360839844,19.047618865966797,19.047618865966797,13.636363983154297,5,0,0,0,0,19.050485610961914,8589934592,1073741824,5113970688,290652160
209,1771647307979,3504,3504,3504,3504,3504,3504,3504,3504,86.53163146972656,84.55388641357422,83.78921508789063,84.54961395263672,69.9952392578125,83.02745056152344,82.97638702392578,83.48143005371094,85.17857360839844,20,25,10,14.285715103149414,0,0,0,0,19.050485610961914,8589934592,1073741824,5083316224,290652160
209,1771647308189,3504,3504,3504,3504,3504,3504,3504,3504,65.01492309570313,64.52872467041016,63.413108825683594,63.253257751464844,61.704280853271484,63.20824432373047,62.880653381347656,63.90480422973633,64.70586395263672,22.72727394104004,22.72727394104004,19.047618865966797,5,0,0,0,0,19.050485610961914,8589934592,1073741824,5083136000,290652160
204,1771647308399,3504,3504,3504,3504,3504,3504,3504,3504,65.01492309570313,64.52872467041016,63.413108825683594,63.253257751464844,61.704280853271484,63.20824432373047,62.880653381347656,63.90480422973633,64.70586395263672,20,20,9.523809432983398,9.523809432983398,0,0,0,0,19.050485610961914,8589934592,1073741824,5083152384,290652160
207,1771647308604,3504,3504,3504,3504,3504,3504,3504,3504,65.01492309570313,64.52872467041016,63.413108825683594,63.253257751464844,61.704280853271484,63.20824432373047,62.880653381347656,63.90480422973633,64.70586395263672,20,20,10,9.523809432983398,0,0,0,0,19.050485610961914,8589934592,1073741824,5082284032,290652160
209,1771647308812,3504,3504,3504,3504,3504,3504,3504,3504,65.01492309570313,64.52872467041016,63.413108825683594,63.253257751464844,61.704280853271484,63.20824432373047,62.880653381347656,63.90480422973633,64.70586395263672,28.571430206298828,23.809524536132813,10,10,0,0,0,0,19.047542572021484,8589934592,1073741824,5082300416,290652160
208,1771647309022,3504,3504,3504,3504,3504,3504,3504,3504,65.01492309570313,64.52872467041016,63.413108825683594,63.253257751464844,61.704280853271484,63.20824432373047,62.880653381347656,63.90480422973633,64.70586395263672,19.047618865966797,19.047618865966797,13.636363983154297,9.523809432983398,0,0,0,0,19.047542572021484,8589934592,1073741824,5082300416,290652160
209,1771647309232,3504,3504,3504,3504,3504,3504,3504,3504,56.594539642333984,56.28843688964844,55.04827117919922,54.78197479248047,55.05139923095703,54.894569396972656,54.584068298339844,55.78360366821289,56.03377151489258,25,15.000000953674316,9.523809432983398,4.761904716491699,0,0,0,0,19.047542572021484,8589934592,1073741824,5082333184,290652160
199,1771647309442,3504,3504,3504,3504,3504,3504,3504,3504,56.594539642333984,56.28843688964844,55.04827117919922,54.78197479248047,55.05139923095703,54.894569396972656,54.584068298339844,55.78360366821289,56.03377151489258,19.047618865966797,31.81818199157715,10,14.285715103149414,0,0,0,0,19.047542572021484,8589934592,1073741824,5082349568,290652160
209,1771647309642,3504,3504,3504,3504,3504,3504,3504,3504,56.594539642333984,56.28843688964844,55.04827117919922,54.78197479248047,55.05139923095703,54.894569396972656,54.584068298339844,55.78360366821289,56.03377151489258,20,26.3157901763916,14.285715103149414,5.263157844543457,0,0,0,0,19.047542572021484,8589934592,1073741824,5082333184,290652160
203,1771647309852,3504,3504,3504,3504,3504,3504,3504,3504,56.594539642333984,56.28843688964844,55.04827117919922,54.78197479248047,55.05139923095703,54.894569396972656,54.584068298339844,55.78360366821289,56.03377151489258,22.72727394104004,27.272727966308594,15.000000953674316,18.18181800842285,0,0,0,0,4.910544395446777,8589934592,1073741824,5082415104,290652160
208,1771647310056,3504,3504,3504,3504,3504,3504,3504,3504,56.594539642333984,56.28843688964844,55.04827117919922,54.78197479248047,55.05139923095703,54.894569396972656,54.584068298339844,55.78360366821289,56.03377151489258,20,14.285715103149414,5,15.789472579956055,0,0,0,0,4.910544395446777,8589934592,1073741824,5082202112,290652160
205,1771647310265,3504,3504,3504,3504,3504,3504,3504,3504,54.08412170410156,53.84937286376953,52.738014221191406,52.42848205566406,52.86760330200195,52.626190185546875,52.350921630859375,53.43201446533203,53.704471588134766,20,10,14.285715103149414,18.18181800842285,0,0,0,0,4.910544395446777,8589934592,1073741824,5082202112,290652160
207,1771647310471,3504,3504,3504,3504,3504,3504,3504,3504,54.08412170410156,53.84937286376953,52.738014221191406,52.42848205566406,52.86760330200195,52.626190185546875,52.350921630859375,53.43201446533203,53.704471588134766,25,15.000000953674316,9.523809432983398,19.047618865966797,0,0,0,0,4.910544395446777,8589934592,1073741824,5082234880,290652160
201,1771647310679,3504,3504,3504,3504,3504,3504,3504,3504,54.08412170410156,53.84937286376953,52.738014221191406,52.42848205566406,52.86760330200195,52.626190185546875,52.350921630859375,53.43201446533203,53.704471588134766,23.809524536132813,9.523809432983398,10,15.000000953674316,0,0,0,0,2.2188451290130615,8589934592,1073741824,5082234880,290652160
209,1771647310881,3504,3504,3504,3504,3504,3504,3504,3504,54.08412170410156,53.84937286376953,52.738014221191406,52.42848205566406,52.86760330200195,52.626190185546875,52.350921630859375,53.43201446533203,53.704471588134766,25,20,14.285715103149414,19.047618865966797,0,0,0,0,2.2188451290130615,8589934592,1073741824,5082251264,290652160
209,1771647311091,3504,3504,3504,3504,3504,3504,3504,3504,54.08412170410156,53.84937286376953,52.738014221191406,52.42848205566406,52.86760330200195,52.626190185546875,52.350921630859375,53.43201446533203,53.704471588134766,22.72727394104004,19.047618865966797,5,5,0,0,0,0,2.2188451290130615,8589934592,1073741824,5081825280,290652160
204,1771647311301,3504,3504,3504,3504,3504,3504,3504,3504,52.70307540893555,52.1478271484375,51.211952209472656,50.96143341064453,51.346519470214844,51.176025390625,50.917320251464844,51.97587585449219,52.2359619140625,20,22.72727394104004,13.636363983154297,9.523809432983398,0,0,0,0,2.2188451290130615,8589934592,1073741824,5081841664,290652160
209,1771647311506,3504,3504,3504,3504,3504,3504,3504,3504,52.70307540893555,52.1478271484375,51.211952209472656,50.96143341064453,51.346519470214844,51.176025390625,50.917320251464844,51.97587585449219,52.2359619140625,19.047618865966797,26.3157901763916,15.000000953674316,9.523809432983398,4.545454502105713,0,0,0,2.2188451290130615,8589934592,1073741824,5081841664,290652160
208,1771647311716,3504,3504,3504,3504,3504,3504,3504,3504,52.70307540893555,52.1478271484375,51.211952209472656,50.96143341064453,51.346519470214844,51.176025390625,50.917320251464844,51.97587585449219,52.2359619140625,19.047618865966797,19.047618865966797,5,5,0,0,4.761904716491699,4.761904716491699,3.1884472370147705,8589934592,1073741824,5081858048,290652160
204,1771647311924,3504,3504,3504,3504,3504,3504,3504,3504,52.70307540893555,52.1478271484375,51.211952209472656,50.96143341064453,51.346519470214844,51.176025390625,50.917320251464844,51.97587585449219,52.2359619140625,20,19.047618865966797,13.636363983154297,4.761904716491699,0,0,0,0,3.1884472370147705,8589934592,1073741824,5081858048,290652160
201,1771647312129,3504,3504,3504,3504,3504,3504,3504,3504,52.70307540893555,52.1478271484375,51.211952209472656,50.96143341064453,51.346519470214844,51.176025390625,50.917320251464844,51.97587585449219,52.2359619140625,28.571430206298828,15.000000953674316,5.263157844543457,10,0,0,0,0,3.1884472370147705,8589934592,1073741824,5081874432,290652160
208,1771647312330,3504,3504,3504,3504,3504,3504,3504,3504,51.68556213378906,50.872222900390625,50.12164306640625,49.82087707519531,50.34203338623047,50.028968811035156,49.77074432373047,51.00168228149414,51.1164665222168,40,25,28.571430206298828,20,19.047618865966797,20,10.526315689086914,10.526315689086914,3.1884472370147705,8589934592,1073741824,5034246144,290652160
202,1771647312539,3504,3504,3504,3504,3504,3504,3504,3504,51.68556213378906,50.872222900390625,50.12164306640625,49.82087707519531,50.34203338623047,50.028968811035156,49.77074432373047,51.00168228149414,51.1164665222168,75,66.66667175292969,65,66.66667175292969,85,80.95238494873047,90.47618865966797,80.95238494873047,3.1884472370147705,8589934592,1073741824,5154095104,290652160
209,1771647312742,3504,3504,3504,3504,3504,3504,3504,3504,51.68556213378906,50.872222900390625,50.12164306640625,49.82087707519531,50.34203338623047,50.028968811035156,49.77074432373047,51.00168228149414,51.1164665222168,71.42857360839844,70,70,65,90,85.71428680419922,80,85.71428680419922,2.186633586883545,8589934592,1073741824,5091852288,290652160
202,1771647312952,3504,3504,3504,3504,3504,3504,3504,3504,51.68556213378906,50.872222900390625,50.12164306640625,49.82087707519531,50.34203338623047,50.028968811035156,49.77074432373047,51.00168228149414,51.1164665222168,80,76.19047546386719,72.7272720336914,76.19047546386719,85,95,80.95238494873047,89.47368621826172,2.186633586883545,8589934592,1073741824,5091852288,290652160
200,1771647313155,3504,3504,3504,3504,3504,3504,3504,3504,51.68556213378906,50.872222900390625,68.59664916992188,69.14178466796875,57.90107727050781,68.55120086669922,68.86214447021484,69.00593566894531,70.86770629882813,71.42857360839844,65,65,65,85.71428680419922,85,85.71428680419922,85.71428680419922,2.186633586883545,8589934592,1073741824,5148672000,290652160
206,1771647313356,3504,3504,3504,3504,3504,3504,3504,3504,71.07679748535156,69.38639831542969,68.59664916992188,69.14178466796875,57.90107727050781,68.55120086669922,68.86214447021484,69.00593566894531,70.86770629882813,75,76.19047546386719,71.42857360839844,71.42857360839844,85,85.71428680419922,85.71428680419922,80,2.186633586883545,8589934592,1073741824,5148884992,290652160
209,1771647313563,3504,3504,3504,3504,3504,3504,3504,3504,71.07679748535156,69.38639831542969,68.59664916992188,69.14178466796875,57.90107727050781,68.55120086669922,68.86214447021484,69.00593566894531,70.86770629882813,75,65,68.42105102539063,70,80.95238494873047,90,85,80.95238494873047,2.186633586883545,8589934592,1073741824,5148852224,290652160
206,1771647313772,3504,3504,3504,3504,3504,3504,3504,3504,71.07679748535156,69.38639831542969,68.59664916992188,69.14178466796875,57.90107727050781,68.55120086669922,68.86214447021484,69.00593566894531,70.86770629882813,68.18181610107422,66.66667175292969,63.6363639831543,63.6363639831543,80.95238494873047,85,80.95238494873047,71.42857360839844,2.256649971008301,8589934592,1073741824,5148852224,290652160
209,1771647313979,3504,3504,3504,3504,3504,3504,3504,3504,71.07679748535156,69.38639831542969,68.59664916992188,69.14178466796875,57.90107727050781,68.55120086669922,68.86214447021484,69.00593566894531,70.86770629882813,70,65,65,68.42105102539063,90,81.81818389892578,80.95238494873047,76.19047546386719,2.256649971008301,8589934592,1073741824,5148852224,290652160
209,1771647314189,3504,3504,3504,3504,3504,3504,3504,3504,81.08304595947266,79.19721984863281,78.45238494873047,79.1150131225586,65.0536880493164,78.15888977050781,78.0948257446289,78.65225219726563,80.19453430175781,72.7272720336914,68.18181610107422,68.18181610107422,68.18181610107422,81.81818389892578,85.71428680419922,80,80.95238494873047,2.256649971008301,8589934592,1073741824,5114494976,290652160
206,1771647314399,3504,3504,3504,3504,3504,3504,3504,3504,81.08304595947266,79.19721984863281,78.45238494873047,79.1150131225586,65.0536880493164,78.15888977050781,78.0948257446289,78.65225219726563,80.19453430175781,73.68421173095703,70,70,71.42857360839844,85.71428680419922,85.71428680419922,81.81818389892578,80,2.256649971008301,8589934592,1073741824,5108432896,290652160
209,1771647314606,3504,3504,3504,3504,3504,3504,3504,3504,81.08304595947266,79.19721984863281,78.45238494873047,79.1150131225586,65.0536880493164,78.15888977050781,78.0948257446289,78.65225219726563,80.19453430175781,68.18181610107422,66.66667175292969,66.66667175292969,61.904762268066406,80,85,85.71428680419922,76.19047546386719,2.256649971008301,8589934592,1073741824,5109219328,290652160
209,1771647314816,3504,3504,3504,3504,3504,3504,3504,3504,81.08304595947266,79.19721984863281,78.45238494873047,79.1150131225586,65.0536880493164,78.15888977050781,78.0948257446289,78.65225219726563,80.19453430175781,66.66667175292969,66.66667175292969,61.904762268066406,65,85.71428680419922,80.95238494873047,80,76.19047546386719,16.494606018066406,8589934592,1073741824,5142970368,290652160
203,1771647315026,3504,3504,3504,3504,3504,3504,3504,3504,81.08304595947266,79.19721984863281,78.45238494873047,79.1150131225586,65.0536880493164,78.15888977050781,78.0948257446289,78.65225219726563,80.19453430175781,76.19047546386719,66.66667175292969,71.42857360839844,68.18181610107422,80.95238494873047,86.36363983154297,85.71428680419922,77.2727279663086,16.494606018066406,8589934592,1073741824,5142970368,290652160
209,1771647315229,3504,3504,3504,3504,3504,3504,3504,3504,83.4189224243164,81.39727783203125,80.72262573242188,81.49148559570313,67.34135437011719,80.30498504638672,80.30240631103516,80.86604309082031,82.4722671508789,70,71.42857360839844,65,65,85,85,80.95238494873047,78.94737243652344,16.494606018066406,8589934592,1073741824,5139496960,290652160
209,1771647315439,3504,3504,3504,3504,3504,3504,3504,3504,83.4189224243164,81.39727783203125,80.72262573242188,81.49148559570313,67.34135437011719,80.30498504638672,80.30240631103516,80.86604309082031,82.4722671508789,70,65,61.904762268066406,61.904762268066406,80.95238494873047,85.71428680419922,85,72.7272720336914,16.494606018066406,8589934592,1073741824,5120262144,290652160
207,1771647315649,3504,3504,3504,3504,3504,3504,3504,3504,83.4189224243164,81.39727783203125,80.72262573242188,81.49148559570313,67.34135437011719,80.30498504638672,80.30240631103516,80.86604309082031,82.4722671508789,68.18181610107422,68.18181610107422,66.66667175292969,70,80.95238494873047,90.47618865966797,76.19047546386719,75,18.56393814086914,8589934592,1073741824,5107204096,290652160
209,1771647315857,3504,3504,3504,3504,3504,3504,3504,3504,83.4189224243164,81.39727783203125,80.72262573242188,81.49148559570313,67.34135437011719,80.30498504638672,80.30240631103516,80.86604309082031,82.4722671508789,71.42857360839844,70,71.42857360839844,68.18181610107422,90.47618865966797,85,85.71428680419922,77.2727279663086,18.56393814086914,8589934592,1073741824,5107728384,290652160
209,1771647316067,3504,3504,3504,3504,3504,3504,3504,3504,83.4189224243164,81.39727783203125,80.72262573242188,81.49148559570313,67.34135437011719,80.30498504638672,80.30240631103516,80.86604309082031,82.4722671508789,80,75,75,76.19047546386719,85.71428680419922,86.36363983154297,85,80.95238494873047,18.56393814086914,8589934592,1073741824,5107531776,290652160
209,1771647316277,3504,3504,3504,3504,3504,3504,3504,3504,85.43798065185547,83.49308013916016,82.74034118652344,83.42716979980469,68.97712707519531,82.03504180908203,81.96339416503906,82.5668716430664,84.12594604492188,68.18181610107422,72.7272720336914,66.66667175292969,66.66667175292969,85.71428680419922,84.21052551269531,81.81818389892578,80,18.56393814086914,8589934592,1073741824,5133074432,290652160
202,1771647316486,3504,3504,3504,3504,3504,3504,3504,3504,85.43798065185547,83.49308013916016,82.74034118652344,83.42716979980469,68.97712707519531,82.03504180908203,81.96339416503906,82.5668716430664,84.12594604492188,66.66667175292969,65,66.66667175292969,66.66667175292969,80.95238494873047,81.81818389892578,76.19047546386719,81.81818389892578,18.56393814086914,8589934592,1073741824,5139841024,290652160
209,1771647316689,3504,3504,3504,3504,3504,3504,3504,3504,85.43798065185547,83.49308013916016,82.74034118652344,83.42716979980469,68.97712707519531,82.03504180908203,81.96339416503906,82.5668716430664,84.12594604492188,68.42105102539063,71.42857360839844,70,70,85.71428680419922,90,85,78.94737243652344,19.25431251525879,8589934592,1073741824,5107941376,290652160
208,1771647316899,3504,3504,3504,3504,3504,3504,3504,3504,85.43798065185547,83.49308013916016,82.74034118652344,83.42716979980469,68.97712707519531,82.03504180908203,81.96339416503906,82.5668716430664,84.12594604492188,72.7272720336914,70,69.56521606445313,65,90,86.36363983154297,81.81818389892578,81.81818389892578,19.25431251525879,8589934592,1073741824,5141970944,290652160
200,1771647317108,3504,3504,3504,3504,3504,3504,3504,3504,85.43798065185547,83.49308013916016,82.74034118652344,83.42716979980469,68.97712707519531,82.03504180908203,81.96339416503906,82.5668716430664,84.12594604492188,75,72.7272720336914,70,72.7272720336914,86.36363983154297,90,85,90.47618865966797,19.25431251525879,8589934592,1073741824,5140709376,290652160
209,1771647317308,3504,3504,3504,3504,3504,3504,3504,3504,86.83171844482422,85.122802734375,84.2034912109375,84.85081481933594,70.36042785644531,83.53861236572266,83.81968688964844,84.01260375976563,86.33788299560547,66.66667175292969,68.42105102539063,68.42105102539063,68.42105102539063,89.47368621826172,76.19047546386719,85,78.94737243652344,19.25431251525879,8589934592,1073741824,5121130496,290652160
209,1771647317518,3504,3504,3504,3504,3504,3504,3504,3504,86.83171844482422,85.122802734375,84.2034912109375,84.85081481933594,70.36042785644531,83.53861236572266,83.81968688964844,84.01260375976563,86.33788299560547,25,31.81818199157715,31.81818199157715,22.72727394104004,28.571430206298828,30.000001907348633,27.272727966308594,23.809524536132813,19.25431251525879,8589934592,1073741824,5091590144,290652160
206,1771647317729,3504,3504,3504,3504,3504,3504,3504,3504,86.83171844482422,85.122802734375,84.2034912109375,84.85081481933594,70.36042785644531,83.53861236572266,83.81968688964844,84.01260375976563,86.33788299560547,19.047618865966797,15.000000953674316,5,5,0,0,0,0,19.529207229614258,8589934592,1073741824,5085216768,290652160
203,1771647317936,3504,3504,3504,3504,3504,3504,3504,3504,86.83171844482422,85.122802734375,84.2034912109375,84.85081481933594,70.36042785644531,83.53861236572266,83.81968688964844,84.01260375976563,86.33788299560547,14.285715103149414,28.571430206298828,14.285715103149414,13.636363983154297,0,0,0,0,19.529207229614258,8589934592,1073741824,5085249536,290652160
209,1771647318139,3504,3504,3504,3504,3504,3504,3504,3504,86.83171844482422,85.122802734375,84.2034912109375,84.85081481933594,70.36042785644531,83.53861236572266,83.81968688964844,84.01260375976563,86.33788299560547,23.809524536132813,23.809524536132813,14.285715103149414,20,0,0,0,4.545454502105713,19.529207229614258,8589934592,1073741824,5082185728,290652160
204,1771647318349,3504,3504,3504,3504,3504,3504,3504,3504,68.38693237304688,67.69081115722656,66.60718536376953,66.59281921386719,63.54262161254883,66.47427368164063,66.15406799316406,67.21102905273438,68.03019714355469,10,19.047618865966797,5,10,4.545454502105713,0,0,0,19.529207229614258,8589934592,1073741824,5082202112,290652160
209,1771647318554,3504,3504,3504,3504,3504,3504,3504,3504,68.38693237304688,67.69081115722656,66.60718536376953,66.59281921386719,63.54262161254883,66.47427368164063,66.15406799316406,67.21102905273438,68.03019714355469,15.000000953674316,25,10,5,0,0,0,0,19.529207229614258,8589934592,1073741824,5081972736,290652160
205,1771647318764,3504,3504,3504,3504,3504,3504,3504,3504,68.38693237304688,67.69081115722656,66.60718536376953,66.59281921386719,63.54262161254883,66.47427368164063,66.15406799316406,67.21102905273438,68.03019714355469,23.809524536132813,15.000000953674316,14.285715103149414,13.636363983154297,0,4.545454502105713,0,0,19.571468353271484,8589934592,1073741824,5081137152,290652160
201,1771647318971,3504,3504,3504,3504,3504,3504,3504,3504,68.38693237304688,67.69081115722656,66.60718536376953,66.59281921386719,63.54262161254883,66.47427368164063,66.15406799316406,67.21102905273438,68.03019714355469,15.000000953674316,19.047618865966797,9.523809432983398,10,0,0,0,0,19.571468353271484,8589934592,1073741824,5081120768,290652160
203,1771647319173,3504,3504,3504,3504,3504,3504,3504,3504,57.308982849121094,56.899513244628906,55.72259521484375,55.52306365966797,55.69097137451172,55.554237365722656,55.198951721191406,56.43223190307617,56.730934143066406,19.047618865966797,19.047618865966797,10,14.285715103149414,0,0,0,0,19.571468353271484,8589934592,1073741824,5081055232,290652160
209,1771647319377,3504,3504,3504,3504,3504,3504,3504,3504,57.308982849121094,56.899513244628906,55.72259521484375,55.52306365966797,55.69097137451172,55.554237365722656,55.198951721191406,56.43223190307617,56.730934143066406,15.000000953674316,20,19.047618865966797,5,0,0,0,0,19.571468353271484,8589934592,1073741824,5081088000,290652160
201,1771647319587,3504,3504,3504,3504,3504,3504,3504,3504,57.308982849121094,56.899513244628906,55.72259521484375,55.52306365966797,55.69097137451172,55.554237365722656,55.198951721191406,56.43223190307617,56.730934143066406,23.809524536132813,19.047618865966797,19.047618865966797,14.285715103149414,14.285715103149414,9.523809432983398,4.761904716491699,4.545454502105713,19.571468353271484,8589934592,1073741824,5082529792,290652160
209,1771647319789,3504,3504,3504,3504,3504,3504,3504,3504,57.308982849121094,56.899513244628906,55.72259521484375,55.52306365966797,55.69097137451172,55.554237365722656,55.198951721191406,56.43223190307617,56.730934143066406,20,20,10.526315689086914,5.263157844543457,0,0,0,0,8.885893821716309,8589934592,1073741824,5082923008,290652160
209,1771647319999,3504,3504,3504,3504,3504,3504,3504,3504,57.308982849121094,56.899513244628906,55.72259521484375,55.52306365966797,55.69097137451172,55.554237365722656,55.198951721191406,56.43223190307617,56.730934143066406,14.285715103149414,25,13.636363983154297,13.636363983154297,0,0,0,0,8.885893821716309,8589934592,1073741824,5083004928,290652160
200,1771647320209,3504,3504,3504,3504,3504,3504,3504,3504,54.79912567138672,54.472286224365234,53.309722900390625,53.087379455566406,53.34832000732422,53.2015380859375,52.902320861816406,54.029144287109375,54.29554748535156,15.000000953674316,22.72727394104004,19.047618865966797,5,0,0,0,0,8.885893821716309,8589934592,1073741824,5083004928,290652160
203,1771647320410,3504,3504,3504,3504,3504,3504,3504,3504,54.79912567138672,54.472286224365234,53.309722900390625,53.087379455566406,53.34832000732422,53.2015380859375,52.902320861816406,54.029144287109375,54.29554748535156,15.000000953674316,15.000000953674316,15.789472579956055,14.285715103149414,0,0,0,0,8.885893821716309,8589934592,1073741824,5082857472,290652160
209,1771647320614,3504,3504,3504,3504,3504,3504,3504,3504,54.79912567138672,54.472286224365234,53.309722900390625,53.087379455566406,53.34832000732422,53.2015380859375,52.902320861816406,54.029144287109375,54.29554748535156,14.285715103149414,15.000000953674316,20,5,0,0,0,0,8.885893821716309,8589934592,1073741824,5082857472,290652160
209,1771647320824,3504,3504,3504,3504,3504,3504,3504,3504,54.79912567138672,54.472286224365234,53.309722900390625,53.087379455566406,53.34832000732422,53.2015380859375,52.902320861816406,54.029144287109375,54.29554748535156,20,15.000000953674316,18.18181800842285,9.523809432983398,0,0,0,0,1.8969184160232544,8589934592,1073741824,5082890240,290652160
204,1771647321034,3504,3504,3504,3504,3504,3504,3504,3504,54.79912567138672,54.472286224365234,53.309722900390625,53.087379455566406,53.34832000732422,53.2015380859375,52.902320861816406,54.029144287109375,54.29554748535156,19.047618865966797,9.523809432983398,15.000000953674316,9.523809432983398,0,0,0,0,1.8969184160232544,8589934592,1073741824,5082890240,290652160
209,1771647321239,3504,3504,3504,3504,3504,3504,3504,3504,53.12618637084961,52.685691833496094,51.66148376464844,51.457000732421875,51.78737258911133,51.56885528564453,51.31334686279297,52.44438934326172,52.696014404296875,23.809524536132813,14.285715103149414,20,10,0,0,0,0,1.8969184160232544,8589934592,1073741824,5082628096,290652160
204,1771647321449,3504,3504,3504,3504,3504,3504,3504,3504,53.12618637084961,52.685691833496094,51.66148376464844,51.457000732421875,51.78737258911133,51.56885528564453,51.31334686279297,52.44438934326172,52.696014404296875,20,14.285715103149414,19.047618865966797,9.523809432983398,0,0,0,0,1.8969184160232544,8589934592,1073741824,5082628096,290652160
200,1771647321654,3504,3504,3504,3504,3504,3504,3504,3504,53.12618637084961,52.685691833496094,51.66148376464844,51.457000732421875,51.78737258911133,51.56885528564453,51.31334686279297,52.44438934326172,52.696014404296875,14.285715103149414,20,19.047618865966797,5,0,0,0,0,2.8322925567626953,8589934592,1073741824,5082628096,290652160
205,1771647321856,3504,3504,3504,3504,3504,3504,3504,3504,53.12618637084961,52.685691833496094,51.66148376464844,51.457000732421875,51.78737258911133,51.56885528564453,51.31334686279297,52.44438934326172,52.696014404296875,19.047618865966797,26.3157901763916,15.000000953674316,14.285715103149414,4.761904716491699,5,0,4.761904716491699,2.8322925567626953,8589934592,1073741824,5082808320,290652160
200,1771647322062,3504,3504,3504,3504,3504,3504,3504,3504,53.12618637084961,52.685691833496094,51.66148376464844,51.457000732421875,51.78737258911133,51.56885528564453,51.31334686279297,52.44438934326172,52.696014404296875,15.789472579956055,23.809524536132813,14.285715103149414,5,0,0,0,0,2.8322925567626953,8589934592,1073741824,5082808320,290652160
208,1771647322263,3504,3504,3504,3504,3504,3504,3504,3504,52.14352798461914,51.29972839355469,50.47001647949219,50.317665100097656,50.70912170410156,50.48131561279297,50.185218811035156,51.38484191894531,51.547637939453125,23.809524536132813,20,15.000000953674316,14.285715103149414,0,0,0,0,2.8322925567626953,8589934592,1073741824,5082808320,290652160
209,1771647322472,3504,3504,3504,3504,3504,3504,3504,3504,52.14352798461914,51.29972839355469,50.47001647949219,50.317665100097656,50.70912170410156,50.48131561279297,50.185218811035156,51.38484191894531,51.547637939453125,40,33.333335876464844,30.000001907348633,25,30.000001907348633,28.571430206298828,28.571430206298828,26.3157901763916,2.8322925567626953,8589934592,1073741824,5072404480,290652160
215,1771647322682,3504,3504,3504,3504,3504,3504,3504,3504,52.14352798461914,51.29972839355469,50.47001647949219,50.317665100097656,50.70912170410156,50.48131561279297,50.185218811035156,51.38484191894531,51.547637939453125,76.19047546386719,76.19047546386719,72.7272720336914,76.19047546386719,85.71428680419922,90,85.71428680419922,81.81818389892578,2.2560484409332275,8589934592,1073741824,5112840192,290652160
208,1771647322897,3504,3504,3504,3504,3504,3504,3504,3504,52.14352798461914,51.29972839355469,50.47001647949219,50.317665100097656,50.70912170410156,50.48131561279297,50.185218811035156,51.38484191894531,51.547637939453125,68.18181610107422,66.66667175292969,65,66.66667175292969,90.47618865966797,86.9565200805664,81.81818389892578,81.81818389892578,2.2560484409332275,8589934592,1073741824,5112856576,290652160
209,1771647323106,3504,3504,3504,3504,3504,3504,3504,3504,52.14352798461914,51.29972839355469,50.47001647949219,50.317665100097656,50.70912170410156,50.48131561279297,50.185218811035156,51.38484191894531,51.547637939453125,75,76.19047546386719,72.7272720336914,71.42857360839844,86.36363983154297,90,85.71428680419922,85,2.2560484409332275,8589934592,1073741824,5112987648,290652160
209,1771647323316,3504,3504,3504,3504,3504,3504,3504,3504,68.69355010986328,67.20801544189453,66.34274291992188,66.84404754638672,56.918148040771484,66.2994155883789,66.31238555908203,66.8425521850586,68.10161590576172,66.66667175292969,68.18181610107422,70,66.66667175292969,85.71428680419922,85,90,85.71428680419922,2.2560484409332275,8589934592,1073741824,5146345472,290652160
202,1771647323526,3504,3504,3504,3504,3504,3504,3504,3504,68.69355010986328,67.20801544189453,66.34274291992188,66.84404754638672,56.918148040771484,66.2994155883789,66.31238555908203,66.8425521850586,68.10161590576172,71.42857360839844,70,68.18181610107422,61.904762268066406,90,86.36363983154297,81.81818389892578,76.19047546386719,2.2560484409332275,8589934592,1073741824,5113102336,290652160
209,1771647323728,3504,3504,3504,3504,3504,3504,3504,3504,68.69355010986328,67.20801544189453,66.34274291992188,66.84404754638672,56.918148040771484,66.2994155883789,66.31238555908203,66.8425521850586,68.10161590576172,66.66667175292969,66.66667175292969,70,68.42105102539063,85,85,75,80.95238494873047,2.1062095165252686,8589934592,1073741824,5111808000,290652160
202,1771647323938,3504,3504,3504,3504,3504,3504,3504,3504,68.69355010986328,67.20801544189453,66.34274291992188,66.84404754638672,56.918148040771484,66.2994155883789,66.31238555908203,66.8425521850586,68.10161590576172,75,66.66667175292969,71.42857360839844,68.18181610107422,86.36363983154297,85.71428680419922,80.95238494873047,76.19047546386719,2.1062095165252686,8589934592,1073741824,5110611968,290652160
209,1771647324141,3504,3504,3504,3504,3504,3504,3504,3504,68.69355010986328,67.20801544189453,66.34274291992188,66.84404754638672,56.918148040771484,66.2994155883789,66.31238555908203,66.8425521850586,68.10161590576172,66.66667175292969,68.42105102539063,65,71.42857360839844,84.21052551269531,90,78.94737243652344,78.94737243652344,2.1062095165252686,8589934592,1073741824,5110661120,290652160
209,1771647324351,3504,3504,3504,3504,3504,3504,3504,3504,81.3704833984375,79.54866790771484,78.72465515136719,79.4137954711914,65.09605407714844,78.08522033691406,78.26280212402344,78.46674346923828,80.39896392822266,76.19047546386719,68.18181610107422,66.66667175292969,65,81.81818389892578,81.81818389892578,85.71428680419922,81.81818389892578,2.1062095165252686,8589934592,1073741824,5110595584,290652160
209,1771647324561,3504,3504,3504,3504,3504,3504,3504,3504,81.3704833984375,79.54866790771484,78.72465515136719,79.4137954711914,65.09605407714844,78.08522033691406,78.26280212402344,78.46674346923828,80.39896392822266,65,66.66667175292969,66.66667175292969,66.66667175292969,85.71428680419922,85,77.2727279663086,76.19047546386719,2.1062095165252686,8589934592,1073741824,5135187968,290652160
207,1771647324771,3504,3504,3504,3504,3504,3504,3504,3504,81.3704833984375,79.54866790771484,78.72465515136719,79.4137954711914,65.09605407714844,78.08522033691406,78.26280212402344,78.46674346923828,80.39896392822266,71.42857360839844,71.42857360839844,66.66667175292969,68.18181610107422,80.95238494873047,80.95238494873047,80.95238494873047,80.95238494873047,12.555456161499023,8589934592,1073741824,5136564224,290652160
200,1771647324978,3504,3504,3504,3504,3504,3504,3504,3504,81.3704833984375,79.54866790771484,78.72465515136719,79.4137954711914,65.09605407714844,78.08522033691406,78.26280212402344,78.46674346923828,80.39896392822266,72.7272720336914,66.66667175292969,71.42857360839844,68.42105102539063,80.95238494873047,90.90909576416016,80.95238494873047,80,12.555456161499023,8589934592,1073741824,5135974400,290652160
201,1771647325179,3504,3504,3504,3504,3504,3504,3504,3504,83.6275634765625,81.56593322753906,80.89875030517578,81.69193267822266,67.4576416015625,80.29808807373047,80.50656127929688,80.75867462158203,82.74260711669922,68.42105102539063,68.42105102539063,65,66.66667175292969,85,89.47368621826172,80,76.19047546386719,12.555456161499023,8589934592,1073741824,5135941632,290652160
209,1771647325380,3504,3504,3504,3504,3504,3504,3504,3504,83.6275634765625,81.56593322753906,80.89875030517578,81.69193267822266,67.4576416015625,80.29808807373047,80.50656127929688,80.75867462158203,82.74260711669922,71.42857360839844,66.66667175292969,63.15789031982422,65,85,80.95238494873047,80,78.94737243652344,12.555456161499023,8589934592,1073741824,5136580608,290652160
200,1771647325589,3504,3504,3504,3504,3504,3504,3504,3504,83.6275634765625,81.56593322753906,80.89875030517578,81.69193267822266,67.4576416015625,80.29808807373047,80.50656127929688,80.75867462158203,82.74260711669922,65,65,66.66667175292969,66.66667175292969,85.71428680419922,80,80.95238494873047,76.19047546386719,12.555456161499023,8589934592,1073741824,5117542400,290652160
209,1771647325790,3504,3504,3504,3504,3504,3504,3504,3504,83.6275634765625,81.56593322753906,80.89875030517578,81.69193267822266,67.4576416015625,80.29808807373047,80.50656127929688,80.75867462158203,82.74260711669922,71.42857360839844,66.66667175292969,66.66667175292969,70,80.95238494873047,80,85,75,19.032028198242188,8589934592,1073741824,5089492992,290652160
202,1771647326000,3504,3504,3504,3504,3504,3504,3504,3504,83.6275634765625,81.56593322753906,80.89875030517578,81.69193267822266,67.4576416015625,80.29808807373047,80.50656127929688,80.75867462158203,82.74260711669922,75,75,65,66.66667175292969,90,86.36363983154297,85.71428680419922,80.95238494873047,19.032028198242188,8589934592,1073741824,5104746496,290652160
204,1771647326203,3504,3504,3504,3504,3504,3504,3504,3504,84.91797637939453,83.52118682861328,82.69127655029297,83.08304595947266,69.11239624023438,82.24240112304688,82.29315948486328,82.71659851074219,84.57630920410156,75,76.19047546386719,75,75,85,84.21052551269531,80,85.71428680419922,19.032028198242188,8589934592,1073741824,5105565696,290652160
210,1771647326408,3504,3504,3504,3504,3504,3504,3504,3504,84.91797637939453,83.52118682861328,82.69127655029297,83.08304595947266,69.11239624023438,82.24240112304688,82.29315948486328,82.71659851074219,84.57630920410156,71.42857360839844,70,68.18181610107422,66.66667175292969,85.71428680419922,90.47618865966797,75,80,19.032028198242188,8589934592,1073741824,5104861184,290652160
203,1771647326618,3504,3504,3504,3504,3504,3504,3504,3504,84.91797637939453,83.52118682861328,82.69127655029297,83.08304595947266,69.11239624023438,82.24240112304688,82.29315948486328,82.71659851074219,84.57630920410156,71.42857360839844,70,68.42105102539063,66.66667175292969,80.95238494873047,85,81.81818389892578,80,19.032028198242188,8589934592,1073741824,5104959488,290652160
209,1771647326822,3504,3504,3504,3504,3504,3504,3504,3504,84.91797637939453,83.52118682861328,82.69127655029297,83.08304595947266,69.11239624023438,82.24240112304688,82.29315948486328,82.71659851074219,84.57630920410156,71.42857360839844,66.66667175292969,66.66667175292969,65,90,80.95238494873047,80.95238494873047,80.95238494873047,18.634305953979492,8589934592,1073741824,5104992256,290652160
201,1771647327032,3504,3504,3504,3504,3504,3504,3504,3504,84.91797637939453,83.52118682861328,82.69127655029297,83.08304595947266,69.11239624023438,82.24240112304688,82.29315948486328,82.71659851074219,84.57630920410156,70,63.6363639831543,63.6363639831543,66.66667175292969,80.95238494873047,77.2727279663086,80,77.2727279663086,18.634305953979492,8589934592,1073741824,5134991360,290652160
205,1771647327234,3504,3504,3504,3504,3504,3504,3504,3504,86.52848815917969,84.81507873535156,84.05716705322266,84.65750885009766,70.35588836669922,83.46528625488281,83.57421112060547,83.8494873046875,85.88481903076172,70,68.42105102539063,68.42105102539063,68.42105102539063,85,89.47368621826172,80.95238494873047,78.94737243652344,18.634305953979492,8589934592,1073741824,5135155200,290652160
209,1771647327439,3504,3504,3504,3504,3504,3504,3504,3504,86.52848815917969,84.81507873535156,84.05716705322266,84.65750885009766,70.35588836669922,83.46528625488281,83.57421112060547,83.8494873046875,85.88481903076172,72.7272720336914,66.66667175292969,66.66667175292969,65.21739196777344,80.95238494873047,80.95238494873047,80,72.7272720336914,18.634305953979492,8589934592,1073741824,5060427776,290652160
208,1771647327649,3504,3504,3504,3504,3504,3504,3504,3504,86.52848815917969,84.81507873535156,84.05716705322266,84.65750885009766,70.35588836669922,83.46528625488281,83.57421112060547,83.8494873046875,85.88481903076172,26.3157901763916,19.047618865966797,10,10,23.809524536132813,15.000000953674316,14.285715103149414,10,19.23000144958496,8589934592,1073741824,5088542720,290652160
209,1771647327858,3504,3504,3504,3504,3504,3504,3504,3504,86.52848815917969,84.81507873535156,84.05716705322266,84.65750885009766,70.35588836669922,83.46528625488281,83.57421112060547,83.8494873046875,85.88481903076172,9.523809432983398,15.000000953674316,9.090909004211426,0,4.761904716491699,13.636363983154297,0,4.761904716491699,19.23000144958496,8589934592,1073741824,5088428032,290652160
204,1771647328068,3504,3504,3504,3504,3504,3504,3504,3504,86.52848815917969,84.81507873535156,84.05716705322266,84.65750885009766,70.35588836669922,83.46528625488281,83.57421112060547,83.8494873046875,85.88481903076172,23.809524536132813,27.272727966308594,14.285715103149414,9.090909004211426,0,0,0,0,19.23000144958496,8589934592,1073741824,5088411648,290652160
205,1771647328273,3504,3504,3504,3504,3504,3504,3504,3504,70.99727630615234,70.32701110839844,69.14873504638672,69.22832489013672,64.78518676757813,68.62051391601563,68.29518127441406,69.35313415527344,70.21723937988281,15.000000953674316,21.052631378173828,15.000000953674316,10,0,0,0,0,19.23000144958496,8589934592,1073741824,5085331456,290652160
209,1771647328479,3504,3504,3504,3504,3504,3504,3504,3504,70.99727630615234,70.32701110839844,69.14873504638672,69.22832489013672,64.78518676757813,68.62051391601563,68.29518127441406,69.35313415527344,70.21723937988281,19.047618865966797,28.571430206298828,14.285715103149414,9.523809432983398,0,0,0,0,19.23000144958496,8589934592,1073741824,5085315072,290652160
209,1771647328689,3504,3504,3504,3504,3504,3504,3504,3504,70.99727630615234,70.32701110839844,69.14873504638672,69.22832489013672,64.78518676757813,68.62051391601563,68.29518127441406,69.35313415527344,70.21723937988281,19.047618865966797,23.809524536132813,5,5,0,0,0,0,18.85759735107422,8589934592,1073741824,5085282304,290652160
206,1771647328899,3504,3504,3504,3504,3504,3504,3504,3504,70.99727630615234,70.32701110839844,69.14873504638672,69.22832489013672,64.78518676757813,68.62051391601563,68.29518127441406,69.35313415527344,70.21723937988281,9.523809432983398,23.809524536132813,9.523809432983398,9.523809432983398,0,0,4.545454502105713,0,18.85759735107422,8589934592,1073741824,5084430336,290652160
205,1771647329106,3504,3504,3504,3504,3504,3504,3504,3504,70.99727630615234,70.32701110839844,69.14873504638672,69.22832489013672,64.78518676757813,68.62051391601563,68.29518127441406,69.35313415527344,70.21723937988281,15.000000953674316,23.809524536132813,14.285715103149414,14.285715103149414,0,0,0,0,18.85759735107422,8589934592,1073741824,5084430336,290652160
208,1771647329312,3504,3504,3504,3504,3504,3504,3504,3504,57.75637435913086,57.40379333496094,56.254005432128906,56.049652099609375,56.23518753051758,56.11688232421875,55.742950439453125,56.96873092651367,57.21026611328125,19.047618865966797,25,10,5,4.761904716491699,4.761904716491699,0,0,18.85759735107422,8589934592,1073741824,5084430336,290652160
200,1771647329522,3504,3504,3504,3504,3504,3504,3504,3504,57.75637435913086,57.40379333496094,56.254005432128906,56.049652099609375,56.23518753051758,56.11688232421875,55.742950439453125,56.96873092651367,57.21026611328125,20,19.047618865966797,9.523809432983398,14.285715103149414,0,0,0,0,18.85759735107422,8589934592,1073741824,5084430336,290652160
205,1771647329722,3504,3504,3504,3504,3504,3504,3504,3504,57.75637435913086,57.40379333496094,56.254005432128906,56.049652099609375,56.23518753051758,56.11688232421875,55.742950439453125,56.96873092651367,57.21026611328125,14.285715103149414,20,10,15.000000953674316,0,0,0,0,8.715264320373535,8589934592,1073741824,5084233728,290652160
207,1771647329929,3504,3504,3504,3504,3504,3504,3504,3504,57.75637435913086,57.40379333496094,56.254005432128906,56.049652099609375,56.23518753051758,56.11688232421875,55.742950439453125,56.96873092651367,57.21026611328125,15.000000953674316,23.809524536132813,10,19.047618865966797,0,0,0,0,8.715264320373535,8589934592,1073741824,5084184576,290652160
207,1771647330137,3504,3504,3504,3504,3504,3504,3504,3504,57.75637435913086,57.40379333496094,56.254005432128906,56.049652099609375,56.23518753051758,56.11688232421875,55.742950439453125,56.96873092651367,57.21026611328125,15.000000953674316,20,22.72727394104004,14.285715103149414,0,0,0,0,8.715264320373535,8589934592,1073741824,5084184576,290652160
208,1771647330345,3504,3504,3504,3504,3504,3504,3504,3504,55.0247688293457,54.80015563964844,53.57978057861328,53.350341796875,53.70639419555664,53.50604248046875,53.23527526855469,54.35612487792969,54.52964782714844,19.047618865966797,28.571430206298828,15.000000953674316,10,0,0,0,0,8.715264320373535,8589934592,1073741824,5084217344,290652160
201,1771647330554,3504,3504,3504,3504,3504,3504,3504,3504,55.0247688293457,54.80015563964844,53.57978057861328,53.350341796875,53.70639419555664,53.50604248046875,53.23527526855469,54.35612487792969,54.52964782714844,19.047618865966797,19.047618865966797,9.523809432983398,18.18181800842285,0,0,0,0,8.715264320373535,8589934592,1073741824,5084151808,290652160
203,1771647330756,3504,3504,3504,3504,3504,3504,3504,3504,55.0247688293457,54.80015563964844,53.57978057861328,53.350341796875,53.70639419555664,53.50604248046875,53.23527526855469,54.35612487792969,54.52964782714844,20,15.000000953674316,9.523809432983398,10,0,0,0,0,2.0220468044281006,8589934592,1073741824,5083201536,290652160
202,1771647330960,3504,3504,3504,3504,3504,3504,3504,3504,55.0247688293457,54.80015563964844,53.57978057861328,53.350341796875,53.70639419555664,53.50604248046875,53.23527526855469,54.35612487792969,54.52964782714844,20,10,10,15.000000953674316,0,0,0,0,2.0220468044281006,8589934592,1073741824,5083234304,290652160
45,1771647331162,3504,3504,3504,3504,3504,3504,3504,3504,53.3653564453125,53.042388916015625,52.00153350830078,51.67932891845703,52.171104431152344,51.89671325683594,51.58856964111328,52.7554817199707,52.9681396484375,23.809524536132813,19.047618865966797,15.000000953674316,15.000000953674316,0,0,0,0,2.0220468044281006,8589934592,1073741824,5082578944,290652160
