Delta,Time,CPU_FREQUENCY_0,CPU_FREQUENCY_1,CPU_FREQUENCY_2,CPU_FREQUENCY_3,CPU_FREQUENCY_4,CPU_FREQUENCY_5,CPU_FREQUENCY_6,CPU_FREQUENCY_7,CPU_TEMP_0,CPU_TEMP_1,CPU_TEMP_2,CPU_TEMP_3,CPU_TEMP_4,CPU_TEMP_5,CPU_TEMP_6,CPU_TEMP_7,CPU_TEMP_8,CPU_USAGE_0,CPU_USAGE_1,CPU_USAGE_2,CPU_USAGE_3,CPU_USAGE_4,CPU_USAGE_5,CPU_USAGE_6,CPU_USAGE_7,SYSTEM_POWER (Watts),TOTAL_MEMORY,TOTAL_SWAP,USED_MEMORY,USED_SWAP
0,1771640608854,3504,3504,3504,3504,3504,3504,3504,3504,49.81174850463867,49.209312438964844,48.2265625,48.04387664794922,48.2666130065918,48.085296630859375,47.818824768066406,48.955528259277344,49.08858108520508,0,50,50,0,0,0,0,0,3.05532169342041,8589934592,1073741824,5316771840,299040768
209,1771640608854,3504,3504,3504,3504,3504,3504,3504,3504,49.81174850463867,49.209312438964844,48.2265625,48.04387664794922,48.2666130065918,48.085296630859375,47.818824768066406,48.955528259277344,49.08858108520508,NaN,0,0,NaN,0,0,0,0,3.05532169342041,8589934592,1073741824,5317656576,299040768
204,1771640609065,3504,3504,3504,3504,3504,3504,3504,3504,49.81174850463867,49.209312438964844,48.2265625,48.04387664794922,48.2666130065918,48.085296630859375,47.818824768066406,48.955528259277344,49.08858108520508,27.272727966308594,14.285715103149414,20,9.523809432983398,4.545454502105713,4.761904716491699,0,0,3.05532169342041,8589934592,1073741824,5317591040,299040768
201,1771640609269,3504,3504,3504,3504,3504,3504,3504,3504,48.6489372253418,48.139156341552734,46.83348083496094,46.74159240722656,46.69551086425781,46.745880126953125,46.30030059814453,47.47420120239258,47.60508728027344,25,19.047618865966797,14.285715103149414,9.523809432983398,5,0,0,5,3.05532169342041,8589934592,1073741824,5319688192,299040768
207,1771640609471,3504,3504,3504,3504,3504,3504,3504,3504,48.6489372253418,48.139156341552734,46.83348083496094,46.74159240722656,46.69551086425781,46.745880126953125,46.30030059814453,47.47420120239258,47.60508728027344,20,15.000000953674316,15.789472579956055,5.263157844543457,0,0,0,0,3.05532169342041,8589934592,1073741824,5308841984,299040768
209,1771640609679,3504,3504,3504,3504,3504,3504,3504,3504,48.6489372253418,48.139156341552734,46.83348083496094,46.74159240722656,46.69551086425781,46.745880126953125,46.30030059814453,47.47420120239258,47.60508728027344,23.809524536132813,28.571430206298828,28.571430206298828,23.809524536132813,0,0,0,0,2.5871639251708984,8589934592,1073741824,5311184896,299040768
209,1771640609889,3504,3504,3504,3504,3504,3504,3504,3504,48.6489372253418,48.139156341552734,46.83348083496094,46.74159240722656,46.69551086425781,46.745880126953125,46.30030059814453,47.47420120239258,47.60508728027344,10,20,19.047618865966797,9.090909004211426,9.523809432983398,15.000000953674316,0,0,2.5871639251708984,8589934592,1073741824,5316689920,299040768
207,1771640610099,3504,3504,3504,3504,3504,3504,3504,3504,48.6489372253418,48.139156341552734,46.83348083496094,46.74159240722656,46.69551086425781,46.745880126953125,46.30030059814453,47.47420120239258,47.60508728027344,59.09090805053711,52.38095474243164,57.142860412597656,52.38095474243164,71.42857360839844,70,66.66667175292969,61.904762268066406,2.5871639251708984,8589934592,1073741824,5412487168,299040768
214,1771640610306,3504,3504,3504,3504,3504,3504,3504,3504,50.204227447509766,49.67485427856445,48.39729309082031,48.393272399902344,46.18887710571289,48.547447204589844,47.998756408691406,49.034481048583984,49.23052978515625,76.19047546386719,70,71.42857360839844,68.42105102539063,85.71428680419922,90.90909576416016,86.36363983154297,81.81818389892578,2.5871639251708984,8589934592,1073741824,5394907136,299040768
213,1771640610521,3504,3504,3504,3504,3504,3504,3504,3504,50.204227447509766,49.67485427856445,48.39729309082031,48.393272399902344,46.18887710571289,48.547447204589844,47.998756408691406,49.034481048583984,49.23052978515625,71.42857360839844,66.66667175292969,66.66667175292969,68.18181610107422,95,80.95238494873047,80.95238494873047,80,2.5871639251708984,8589934592,1073741824,5363449856,299040768
203,1771640610734,3504,3504,3504,3504,3504,3504,3504,3504,50.204227447509766,49.67485427856445,48.39729309082031,48.393272399902344,46.18887710571289,48.547447204589844,47.998756408691406,49.034481048583984,49.23052978515625,72.7272720336914,71.42857360839844,76.19047546386719,72.7272720336914,86.9565200805664,90.47618865966797,85,81.81818389892578,2.872673749923706,8589934592,1073741824,5357404160,299040768
209,1771640610937,3504,3504,3504,3504,3504,3504,3504,3504,50.204227447509766,49.67485427856445,48.39729309082031,48.393272399902344,46.18887710571289,48.547447204589844,47.998756408691406,49.034481048583984,49.23052978515625,68.42105102539063,71.42857360839844,71.42857360839844,70,90,85.71428680419922,90.90909576416016,80.95238494873047,2.872673749923706,8589934592,1073741824,5357486080,299040768
209,1771640611147,3504,3504,3504,3504,3504,3504,3504,3504,73.20533752441406,71.52084350585938,70.62066650390625,71.35408782958984,57.22110366821289,70.04462432861328,70.27616119384766,70.49372863769531,72.31471252441406,76.19047546386719,71.42857360839844,71.42857360839844,71.42857360839844,85.71428680419922,90.90909576416016,80.95238494873047,84.21052551269531,2.872673749923706,8589934592,1073741824,5347049472,299040768
209,1771640611357,3504,3504,3504,3504,3504,3504,3504,3504,73.20533752441406,71.52084350585938,70.62066650390625,71.35408782958984,57.22110366821289,70.04462432861328,70.27616119384766,70.49372863769531,72.31471252441406,71.42857360839844,72.7272720336914,71.42857360839844,66.66667175292969,90,84.21052551269531,80.95238494873047,86.36363983154297,2.872673749923706,8589934592,1073741824,5122146304,299040768
202,1771640611568,3504,3504,3504,3504,3504,3504,3504,3504,73.20533752441406,71.52084350585938,70.62066650390625,71.35408782958984,57.22110366821289,70.04462432861328,70.27616119384766,70.49372863769531,72.31471252441406,71.42857360839844,65,70,71.42857360839844,81.81818389892578,86.9565200805664,80.95238494873047,80.95238494873047,2.872673749923706,8589934592,1073741824,5158928384,299040768
209,1771640611770,3504,3504,3504,3504,3504,3504,3504,3504,73.20533752441406,71.52084350585938,70.62066650390625,71.35408782958984,57.22110366821289,70.04462432861328,70.27616119384766,70.49372863769531,72.31471252441406,75,75,71.42857360839844,70,90,89.47368621826172,85,90,4.740102767944336,8589934592,1073741824,5157388288,299040768
219,1771640611980,3504,3504,3504,3504,3504,3504,3504,3504,73.20533752441406,71.52084350585938,70.62066650390625,71.35408782958984,57.22110366821289,70.04462432861328,70.27616119384766,70.49372863769531,72.31471252441406,71.42857360839844,66.66667175292969,66.66667175292969,72.7272720336914,85.71428680419922,81.81818389892578,85.71428680419922,80.95238494873047,4.740102767944336,8589934592,1073741824,5122326528,299040768
206,1771640612200,3504,3504,3504,3504,3504,3504,3504,3504,77.36465454101563,75.69628143310547,74.83256530761719,75.54293823242188,61.32368469238281,74.46210479736328,74.84500885009766,74.74740600585938,77.10685729980469,68.18181610107422,68.18181610107422,68.18181610107422,66.66667175292969,86.36363983154297,90.47618865966797,76.19047546386719,81.81818389892578,4.740102767944336,8589934592,1073741824,5126209536,299040768
209,1771640612406,3504,3504,3504,3504,3504,3504,3504,3504,77.36465454101563,75.69628143310547,74.83256530761719,75.54293823242188,61.32368469238281,74.46210479736328,74.84500885009766,74.74740600585938,77.10685729980469,70,66.66667175292969,66.66667175292969,70,90.47618865966797,85.71428680419922,85.71428680419922,85.71428680419922,4.740102767944336,8589934592,1073741824,5132337152,299040768
209,1771640612616,3504,3504,3504,3504,3504,3504,3504,3504,77.36465454101563,75.69628143310547,74.83256530761719,75.54293823242188,61.32368469238281,74.46210479736328,74.84500885009766,74.74740600585938,77.10685729980469,72.7272720336914,71.42857360839844,70,71.42857360839844,89.47368621826172,85,80.95238494873047,80,18.955827713012695,8589934592,1073741824,5100666880,299040768
201,1771640612826,3504,3504,3504,3504,3504,3504,3504,3504,77.36465454101563,75.69628143310547,74.83256530761719,75.54293823242188,61.32368469238281,74.46210479736328,74.84500885009766,74.74740600585938,77.10685729980469,71.42857360839844,72.7272720336914,68.18181610107422,68.18181610107422,81.81818389892578,85.71428680419922,85.71428680419922,85.71428680419922,18.955827713012695,8589934592,1073741824,5157552128,299040768
208,1771640613028,3504,3504,3504,3504,3504,3504,3504,3504,77.36465454101563,75.69628143310547,74.83256530761719,75.54293823242188,61.32368469238281,74.46210479736328,74.84500885009766,74.74740600585938,77.10685729980469,73.68421173095703,70,70,70,90.47618865966797,90.47618865966797,80.95238494873047,80.95238494873047,18.955827713012695,8589934592,1073741824,5158191104,299040768
206,1771640613237,3504,3504,3504,3504,3504,3504,3504,3504,80.05807495117188,78.19507598876953,77.34685516357422,78.14306640625,63.355342864990234,76.7646255493164,77.09285736083984,77.10028076171875,79.41878509521484,72.7272720336914,75,73.68421173095703,70,95,85,85.71428680419922,85.71428680419922,18.955827713012695,8589934592,1073741824,5127749632,299040768
209,1771640613444,3504,3504,3504,3504,3504,3504,3504,3504,80.05807495117188,78.19507598876953,77.34685516357422,78.14306640625,63.355342864990234,76.7646255493164,77.09285736083984,77.10028076171875,79.41878509521484,70,71.42857360839844,68.18181610107422,68.18181610107422,85.71428680419922,80.95238494873047,85,76.19047546386719,18.955827713012695,8589934592,1073741824,5127749632,299040768
209,1771640613654,3504,3504,3504,3504,3504,3504,3504,3504,80.05807495117188,78.19507598876953,77.34685516357422,78.14306640625,63.355342864990234,76.7646255493164,77.09285736083984,77.10028076171875,79.41878509521484,71.42857360839844,71.42857360839844,70,70,86.36363983154297,90.47618865966797,80.95238494873047,85,19.689451217651367,8589934592,1073741824,5130764288,299040768
209,1771640613864,3504,3504,3504,3504,3504,3504,3504,3504,80.05807495117188,78.19507598876953,77.34685516357422,78.14306640625,63.355342864990234,76.7646255493164,77.09285736083984,77.10028076171875,79.41878509521484,75,70,72.7272720336914,66.66667175292969,85,90.47618865966797,80.95238494873047,90.47618865966797,19.689451217651367,8589934592,1073741824,5126848512,299040768
215,1771640614074,3504,3504,3504,3504,3504,3504,3504,3504,80.05807495117188,78.19507598876953,77.34685516357422,78.14306640625,63.355342864990234,76.7646255493164,77.09285736083984,77.10028076171875,79.41878509521484,72.7272720336914,71.42857360839844,68.18181610107422,71.42857360839844,85.71428680419922,86.36363983154297,85.71428680419922,85,19.689451217651367,8589934592,1073741824,5134827520,299040768
209,1771640614289,3504,3504,3504,3504,3504,3504,3504,3504,81.57754516601563,79.69482421875,78.89846801757813,79.67591857910156,64.87105560302734,78.41290283203125,78.62854766845703,78.80279541015625,81.00252532958984,72.7272720336914,72.7272720336914,70,72.7272720336914,80.95238494873047,85.71428680419922,86.36363983154297,81.81818389892578,19.689451217651367,8589934592,1073741824,5119049728,299040768
207,1771640614499,3504,3504,3504,3504,3504,3504,3504,3504,81.57754516601563,79.69482421875,78.89846801757813,79.67591857910156,64.87105560302734,78.41290283203125,78.62854766845703,78.80279541015625,81.00252532958984,71.42857360839844,66.66667175292969,68.18181610107422,71.42857360839844,86.36363983154297,85.71428680419922,85.71428680419922,80.95238494873047,19.689451217651367,8589934592,1073741824,5119049728,299040768
209,1771640614707,3504,3504,3504,3504,3504,3504,3504,3504,81.57754516601563,79.69482421875,78.89846801757813,79.67591857910156,64.87105560302734,78.41290283203125,78.62854766845703,78.80279541015625,81.00252532958984,70,66.66667175292969,70,65,90,85.71428680419922,85,77.2727279663086,19.186403274536133,8589934592,1073741824,5126602752,299040768
209,1771640614917,3504,3504,3504,3504,3504,3504,3504,3504,81.57754516601563,79.69482421875,78.89846801757813,79.67591857910156,64.87105560302734,78.41290283203125,78.62854766845703,78.80279541015625,81.00252532958984,72.7272720336914,71.42857360839844,70,71.42857360839844,85.71428680419922,85,85.71428680419922,85,19.186403274536133,8589934592,1073741824,5125652480,299040768
209,1771640615127,3504,3504,3504,3504,3504,3504,3504,3504,82.38674926757813,80.396484375,79.70389556884766,80.48387145996094,65.99224090576172,79.12310791015625,79.22549438476563,79.6501693725586,81.5899429321289,65,60.000003814697266,59.09090805053711,59.09090805053711,71.42857360839844,81.81818389892578,76.19047546386719,71.42857360839844,19.186403274536133,8589934592,1073741824,5128617984,299040768
209,1771640615337,3504,3504,3504,3504,3504,3504,3504,3504,82.38674926757813,80.396484375,79.70389556884766,80.48387145996094,65.99224090576172,79.12310791015625,79.22549438476563,79.6501693725586,81.5899429321289,9.523809432983398,13.636363983154297,14.285715103149414,0,0,0,0,4.545454502105713,19.186403274536133,8589934592,1073741824,5112053760,299040768
204,1771640615547,3504,3504,3504,3504,3504,3504,3504,3504,82.38674926757813,80.396484375,79.70389556884766,80.48387145996094,65.99224090576172,79.12310791015625,79.22549438476563,79.6501693725586,81.5899429321289,14.285715103149414,15.000000953674316,19.047618865966797,9.523809432983398,0,0,0,0,19.186403274536133,8589934592,1073741824,5112348672,299040768
201,1771640615752,3504,3504,3504,3504,3504,3504,3504,3504,82.38674926757813,80.396484375,79.70389556884766,80.48387145996094,65.99224090576172,79.12310791015625,79.22549438476563,79.6501693725586,81.5899429321289,35,38.095237731933594,30.000001907348633,19.047618865966797,27.272727966308594,0,0,0,19.647958755493164,8589934592,1073741824,5112709120,299040768
201,1771640615954,3504,3504,3504,3504,3504,3504,3504,3504,82.38674926757813,80.396484375,79.70389556884766,80.48387145996094,65.99224090576172,79.12310791015625,79.22549438476563,79.6501693725586,81.5899429321289,19.047618865966797,15.000000953674316,20,5.263157844543457,0,0,0,0,19.647958755493164,8589934592,1073741824,5112758272,299040768
203,1771640616157,3504,3504,3504,3504,3504,3504,3504,3504,57.18974685668945,56.90021896362305,55.61235809326172,55.390724182128906,55.41923522949219,55.290061950683594,54.90845489501953,56.124576568603516,56.451778411865234,25,19.047618865966797,19.047618865966797,14.285715103149414,0,0,0,0,19.647958755493164,8589934592,1073741824,5112791040,299040768
209,1771640616360,3504,3504,3504,3504,3504,3504,3504,3504,57.18974685668945,56.90021896362305,55.61235809326172,55.390724182128906,55.41923522949219,55.290061950683594,54.90845489501953,56.124576568603516,56.451778411865234,25,10,15.000000953674316,5,0,0,0,0,19.647958755493164,8589934592,1073741824,5110546432,299040768
209,1771640616570,3504,3504,3504,3504,3504,3504,3504,3504,57.18974685668945,56.90021896362305,55.61235809326172,55.390724182128906,55.41923522949219,55.290061950683594,54.90845489501953,56.124576568603516,56.451778411865234,23.809524536132813,15.000000953674316,9.523809432983398,9.523809432983398,0,0,0,0,19.647958755493164,8589934592,1073741824,5110546432,299040768
206,1771640616780,3504,3504,3504,3504,3504,3504,3504,3504,57.18974685668945,56.90021896362305,55.61235809326172,55.390724182128906,55.41923522949219,55.290061950683594,54.90845489501953,56.124576568603516,56.451778411865234,14.285715103149414,18.18181800842285,9.523809432983398,9.523809432983398,0,0,0,0,18.779563903808594,8589934592,1073741824,5110464512,299040768
209,1771640616988,3504,3504,3504,3504,3504,3504,3504,3504,57.18974685668945,56.90021896362305,55.61235809326172,55.390724182128906,55.41923522949219,55.290061950683594,54.90845489501953,56.124576568603516,56.451778411865234,15.789472579956055,15.000000953674316,15.000000953674316,19.047618865966797,0,0,0,0,18.779563903808594,8589934592,1073741824,5110431744,299040768
208,1771640617197,3504,3504,3504,3504,3504,3504,3504,3504,51.677730560302734,50.80852127075195,49.9964599609375,49.791473388671875,50.10093307495117,49.822723388671875,49.51966857910156,50.736793518066406,50.9010009765625,33.333335876464844,35,23.809524536132813,28.571430206298828,0,0,0,0,18.779563903808594,8589934592,1073741824,5110497280,299040768
200,1771640617406,3504,3504,3504,3504,3504,3504,3504,3504,51.677730560302734,50.80852127075195,49.9964599609375,49.791473388671875,50.10093307495117,49.822723388671875,49.51966857910156,50.736793518066406,50.9010009765625,22.72727394104004,19.047618865966797,33.333335876464844,15.000000953674316,0,0,0,0,18.779563903808594,8589934592,1073741824,5110480896,299040768
206,1771640617607,3504,3504,3504,3504,3504,3504,3504,3504,51.677730560302734,50.80852127075195,49.9964599609375,49.791473388671875,50.10093307495117,49.822723388671875,49.51966857910156,50.736793518066406,50.9010009765625,15.789472579956055,14.285715103149414,15.000000953674316,15.000000953674316,0,0,0,0,18.779563903808594,8589934592,1073741824,5110628352,299040768
206,1771640617814,3504,3504,3504,3504,3504,3504,3504,3504,51.677730560302734,50.80852127075195,49.9964599609375,49.791473388671875,50.10093307495117,49.822723388671875,49.51966857910156,50.736793518066406,50.9010009765625,14.285715103149414,10.526315689086914,9.523809432983398,23.809524536132813,0,0,0,0,2.0483462810516357,8589934592,1073741824,5110628352,299040768
206,1771640618022,3504,3504,3504,3504,3504,3504,3504,3504,51.677730560302734,50.80852127075195,49.9964599609375,49.791473388671875,50.10093307495117,49.822723388671875,49.51966857910156,50.736793518066406,50.9010009765625,14.285715103149414,18.18181800842285,14.285715103149414,28.571430206298828,0,0,0,0,2.0483462810516357,8589934592,1073741824,5110644736,299040768
209,1771640618229,3504,3504,3504,3504,3504,3504,3504,3504,49.47203063964844,48.84667205810547,47.788063049316406,47.52674865722656,47.90321350097656,47.72865295410156,47.401893615722656,48.55007553100586,48.646968841552734,15.000000953674316,15.000000953674316,5.263157844543457,23.809524536132813,0,0,0,0,2.0483462810516357,8589934592,1073741824,5110448128,299040768
209,1771640618439,3504,3504,3504,3504,3504,3504,3504,3504,49.47203063964844,48.84667205810547,47.788063049316406,47.52674865722656,47.90321350097656,47.72865295410156,47.401893615722656,48.55007553100586,48.646968841552734,23.809524536132813,14.285715103149414,19.047618865966797,10.526315689086914,0,4.761904716491699,4.545454502105713,0,2.0483462810516357,8589934592,1073741824,5110841344,299040768
206,1771640618649,3504,3504,3504,3504,3504,3504,3504,3504,49.47203063964844,48.84667205810547,47.788063049316406,47.52674865722656,47.90321350097656,47.72865295410156,47.401893615722656,48.55007553100586,48.646968841552734,19.047618865966797,13.636363983154297,18.18181800842285,13.043478012084961,8.69565200805664,0,0,0,2.122457265853882,8589934592,1073741824,5110841344,299040768
205,1771640618856,3504,3504,3504,3504,3504,3504,3504,3504,49.47203063964844,48.84667205810547,47.788063049316406,47.52674865722656,47.90321350097656,47.72865295410156,47.401893615722656,48.55007553100586,48.646968841552734,15.000000953674316,15.000000953674316,15.000000953674316,5,0,0,0,0,2.122457265853882,8589934592,1073741824,5107761152,299040768
206,1771640619062,3504,3504,3504,3504,3504,3504,3504,3504,49.47203063964844,48.84667205810547,47.788063049316406,47.52674865722656,47.90321350097656,47.72865295410156,47.401893615722656,48.55007553100586,48.646968841552734,19.047618865966797,20,20,14.285715103149414,0,0,0,0,2.122457265853882,8589934592,1073741824,5107171328,299040768
207,1771640619269,3504,3504,3504,3504,3504,3504,3504,3504,48.13267135620117,47.63103103637695,46.33325958251953,46.12328338623047,46.47059631347656,46.487388610839844,46.024169921875,47.122154235839844,47.290767669677734,23.809524536132813,14.285715103149414,14.285715103149414,10,4.761904716491699,0,0,0,2.122457265853882,8589934592,1073741824,5107580928,299040768
209,1771640619476,3504,3504,3504,3504,3504,3504,3504,3504,48.13267135620117,47.63103103637695,46.33325958251953,46.12328338623047,46.47059631347656,46.487388610839844,46.024169921875,47.122154235839844,47.290767669677734,20,5,20,4.761904716491699,0,0,0,0,2.122457265853882,8589934592,1073741824,5107548160,299040768
204,1771640619686,3504,3504,3504,3504,3504,3504,3504,3504,48.13267135620117,47.63103103637695,46.33325958251953,46.12328338623047,46.47059631347656,46.487388610839844,46.024169921875,47.122154235839844,47.290767669677734,14.285715103149414,15.000000953674316,23.809524536132813,9.523809432983398,0,4.545454502105713,0,0,2.2945802211761475,8589934592,1073741824,5107580928,299040768
207,1771640619892,3504,3504,3504,3504,3504,3504,3504,3504,48.13267135620117,47.63103103637695,46.33325958251953,46.12328338623047,46.47059631347656,46.487388610839844,46.024169921875,47.122154235839844,47.290767669677734,15.000000953674316,19.047618865966797,23.809524536132813,10,0,0,0,0,2.2945802211761475,8589934592,1073741824,5108072448,299040768
203,1771640620100,3504,3504,3504,3504,3504,3504,3504,3504,48.13267135620117,47.63103103637695,46.33325958251953,46.12328338623047,46.47059631347656,46.487388610839844,46.024169921875,47.122154235839844,47.290767669677734,31.81818199157715,28.571430206298828,33.333335876464844,27.272727966308594,20,19.047618865966797,28.571430206298828,19.047618865966797,2.2945802211761475,8589934592,1073741824,5101109248,299040768
206,1771640620304,3504,3504,3504,3504,3504,3504,3504,3504,47.58782196044922,47.0844841003418,45.88957977294922,45.69689178466797,45.52675247192383,46.32859802246094,45.70002746582031,46.78525161743164,46.77646255493164,65,71.42857360839844,63.15789031982422,63.15789031982422,85.71428680419922,90,85,76.19047546386719,2.2945802211761475,8589934592,1073741824,5137219584,299040768
207,1771640620510,3504,3504,3504,3504,3504,3504,3504,3504,47.58782196044922,47.0844841003418,45.88957977294922,45.69689178466797,45.52675247192383,46.32859802246094,45.70002746582031,46.78525161743164,46.77646255493164,75,65,68.18181610107422,66.66667175292969,80.95238494873047,90.90909576416016,85,84.21052551269531,2.2945802211761475,8589934592,1073741824,5147754496,299040768
211,1771640620718,3504,3504,3504,3504,3504,3504,3504,3504,47.58782196044922,47.0844841003418,45.88957977294922,45.69689178466797,45.52675247192383,46.32859802246094,45.70002746582031,46.78525161743164,46.77646255493164,71.42857360839844,76.19047546386719,70,70,90,85.71428680419922,80.95238494873047,85.71428680419922,2.4917116165161133,8589934592,1073741824,5146132480,299040768
207,1771640620929,3504,3504,3504,3504,3504,3504,3504,3504,47.58782196044922,47.0844841003418,45.88957977294922,45.69689178466797,45.52675247192383,46.32859802246094,45.70002746582031,46.78525161743164,46.77646255493164,71.42857360839844,70,71.42857360839844,68.18181610107422,81.81818389892578,94.73684692382813,85.71428680419922,90.47618865966797,2.4917116165161133,8589934592,1073741824,5146509312,299040768
209,1771640621137,3504,3504,3504,3504,3504,3504,3504,3504,71.85646057128906,69.73483276367188,68.98384094238281,69.80299377441406,56.052146911621094,69.05931854248047,69.30665588378906,69.4358139038086,71.29106903076172,75,76.19047546386719,76.19047546386719,76.19047546386719,89.47368621826172,81.81818389892578,90.47618865966797,85.71428680419922,2.4917116165161133,8589934592,1073741824,5151719424,299040768
204,1771640621347,3504,3504,3504,3504,3504,3504,3504,3504,71.85646057128906,69.73483276367188,68.98384094238281,69.80299377441406,56.052146911621094,69.05931854248047,69.30665588378906,69.4358139038086,71.29106903076172,68.18181610107422,68.18181610107422,66.66667175292969,70,85.71428680419922,85.71428680419922,77.2727279663086,80.95238494873047,2.4917116165161133,8589934592,1073741824,5155979264,299040768
206,1771640621551,3504,3504,3504,3504,3504,3504,3504,3504,71.85646057128906,69.73483276367188,68.98384094238281,69.80299377441406,56.052146911621094,69.05931854248047,69.30665588378906,69.4358139038086,71.29106903076172,70,71.42857360839844,70,65,86.36363983154297,90,80,76.19047546386719,2.4917116165161133,8589934592,1073741824,5174362112,299040768
209,1771640621758,3504,3504,3504,3504,3504,3504,3504,3504,71.85646057128906,69.73483276367188,68.98384094238281,69.80299377441406,56.052146911621094,69.05931854248047,69.30665588378906,69.4358139038086,71.29106903076172,71.42857360839844,73.68421173095703,71.42857360839844,72.7272720336914,90,90.47618865966797,85.71428680419922,80.95238494873047,2.061984062194824,8589934592,1073741824,5149261824,299040768
202,1771640621968,3504,3504,3504,3504,3504,3504,3504,3504,71.85646057128906,69.73483276367188,68.98384094238281,69.80299377441406,56.052146911621094,69.05931854248047,69.30665588378906,69.4358139038086,71.29106903076172,71.42857360839844,68.18181610107422,66.66667175292969,70,86.36363983154297,80.95238494873047,90,80.95238494873047,2.061984062194824,8589934592,1073741824,5140217856,299040768
214,1771640622170,3504,3504,3504,3504,3504,3504,3504,3504,77.51760864257813,75.807861328125,74.93502044677734,75.57675170898438,61.22119903564453,74.16051483154297,74.3204345703125,74.5400619506836,76.43396759033203,71.42857360839844,65,65,66.66667175292969,89.47368621826172,90,80,80,2.061984062194824,8589934592,1073741824,5135400960,299040768
203,1771640622385,3504,3504,3504,3504,3504,3504,3504,3504,77.51760864257813,75.807861328125,74.93502044677734,75.57675170898438,61.22119903564453,74.16051483154297,74.3204345703125,74.5400619506836,76.43396759033203,73.68421173095703,71.42857360839844,72.7272720336914,66.66667175292969,86.36363983154297,85.71428680419922,86.36363983154297,80.95238494873047,2.061984062194824,8589934592,1073741824,5136400384,299040768
204,1771640622588,3504,3504,3504,3504,3504,3504,3504,3504,77.51760864257813,75.807861328125,74.93502044677734,75.57675170898438,61.22119903564453,74.16051483154297,74.3204345703125,74.5400619506836,76.43396759033203,80,80,75,75,94.73684692382813,85.71428680419922,90,90.47618865966797,2.061984062194824,8589934592,1073741824,5174149120,299040768
209,1771640622793,3504,3504,3504,3504,3504,3504,3504,3504,77.51760864257813,75.807861328125,74.93502044677734,75.57675170898438,61.22119903564453,74.16051483154297,74.3204345703125,74.5400619506836,76.43396759033203,72.7272720336914,71.42857360839844,76.19047546386719,70,85.71428680419922,90.47618865966797,85,90,17.224241256713867,8589934592,1073741824,5140152320,299040768
212,1771640623003,3504,3504,3504,3504,3504,3504,3504,3504,77.51760864257813,75.807861328125,74.93502044677734,75.57675170898438,61.22119903564453,74.16051483154297,74.3204345703125,74.5400619506836,76.43396759033203,70,65,66.66667175292969,68.18181610107422,85.71428680419922,85,85.71428680419922,85.71428680419922,17.224241256713867,8589934592,1073741824,5140283392,299040768
204,1771640623216,3504,3504,3504,3504,3504,3504,3504,3504,80.36001586914063,78.31548309326172,77.31104278564453,78.14044952392578,63.60276412963867,76.92796325683594,77.24271392822266,77.60999298095703,79.85481262207031,77.2727279663086,77.2727279663086,71.42857360839844,70,90.90909576416016,86.36363983154297,86.36363983154297,80.95238494873047,17.224241256713867,8589934592,1073741824,5179883520,299040768
216,1771640623420,3504,3504,3504,3504,3504,3504,3504,3504,80.36001586914063,78.31548309326172,77.31104278564453,78.14044952392578,63.60276412963867,76.92796325683594,77.24271392822266,77.60999298095703,79.85481262207031,70,70,80,71.42857360839844,85.71428680419922,90,90,85.71428680419922,17.224241256713867,8589934592,1073741824,5172412416,299040768
208,1771640623638,3504,3504,3504,3504,3504,3504,3504,3504,80.36001586914063,78.31548309326172,77.31104278564453,78.14044952392578,63.60276412963867,76.92796325683594,77.24271392822266,77.60999298095703,79.85481262207031,69.56521606445313,68.18181610107422,71.42857360839844,72.7272720336914,90,81.81818389892578,90.90909576416016,76.19047546386719,19.135263442993164,8589934592,1073741824,5148360704,299040768
209,1771640623847,3504,3504,3504,3504,3504,3504,3504,3504,80.36001586914063,78.31548309326172,77.31104278564453,78.14044952392578,63.60276412963867,76.92796325683594,77.24271392822266,77.60999298095703,79.85481262207031,75,75,72.7272720336914,71.42857360839844,86.36363983154297,95,85.71428680419922,80.95238494873047,19.135263442993164,8589934592,1073741824,5150375936,299040768
209,1771640624057,3504,3504,3504,3504,3504,3504,3504,3504,80.36001586914063,78.31548309326172,77.31104278564453,78.14044952392578,63.60276412963867,76.92796325683594,77.24271392822266,77.60999298095703,79.85481262207031,66.66667175292969,68.18181610107422,66.66667175292969,65,90.47618865966797,86.36363983154297,80.95238494873047,80.95238494873047,19.135263442993164,8589934592,1073741824,5150932992,299040768
209,1771640624267,3504,3504,3504,3504,3504,3504,3504,3504,82.16836547851563,80.38609313964844,79.55223083496094,80.1397933959961,65.32141876220703,78.84634399414063,78.91848754882813,79.4000015258789,81.19203186035156,71.42857360839844,66.66667175292969,71.42857360839844,68.18181610107422,90,80,80.95238494873047,85.71428680419922,19.135263442993164,8589934592,1073741824,5179719680,299040768
204,1771640624477,3504,3504,3504,3504,3504,3504,3504,3504,82.16836547851563,80.38609313964844,79.55223083496094,80.1397933959961,65.32141876220703,78.84634399414063,78.91848754882813,79.4000015258789,81.19203186035156,72.7272720336914,76.19047546386719,71.42857360839844,70,81.81818389892578,90.47618865966797,85.71428680419922,85.71428680419922,19.135263442993164,8589934592,1073741824,5179719680,299040768
210,1771640624681,3504,3504,3504,3504,3504,3504,3504,3504,82.16836547851563,80.38609313964844,79.55223083496094,80.1397933959961,65.32141876220703,78.84634399414063,78.91848754882813,79.4000015258789,81.19203186035156,68.42105102539063,65,68.42105102539063,66.66667175292969,85,80.95238494873047,90,80.95238494873047,19.299448013305664,8589934592,1073741824,5179719680,299040768
209,1771640624892,3504,3504,3504,3504,3504,3504,3504,3504,82.16836547851563,80.38609313964844,79.55223083496094,80.1397933959961,65.32141876220703,78.84634399414063,78.91848754882813,79.4000015258789,81.19203186035156,72.7272720336914,72.7272720336914,72.7272720336914,71.42857360839844,86.36363983154297,85,85.71428680419922,85.71428680419922,19.299448013305664,8589934592,1073741824,5179719680,299040768
201,1771640625102,3504,3504,3504,3504,3504,3504,3504,3504,82.16836547851563,80.38609313964844,79.55223083496094,80.1397933959961,65.32141876220703,78.84634399414063,78.91848754882813,79.4000015258789,81.19203186035156,75,75,71.42857360839844,72.7272720336914,85,86.36363983154297,95.23809814453125,80,19.299448013305664,8589934592,1073741824,5155274752,299040768
209,1771640625304,3504,3504,3504,3504,3504,3504,3504,3504,82.91087341308594,81.14665222167969,80.44810485839844,81.02387237548828,66.45323944091797,80.1959228515625,80.29395294189453,80.76065826416016,82.61180877685547,47.619049072265625,42.85714340209961,40,31.57894515991211,50,45,45,42.85714340209961,19.299448013305664,8589934592,1073741824,5154242560,299040768
206,1771640625514,3504,3504,3504,3504,3504,3504,3504,3504,82.91087341308594,81.14665222167969,80.44810485839844,81.02387237548828,66.45323944091797,80.1959228515625,80.29395294189453,80.76065826416016,82.61180877685547,15.000000953674316,10.526315689086914,4.761904716491699,4.761904716491699,4.545454502105713,0,0,0,19.299448013305664,8589934592,1073741824,5154242560,299040768
209,1771640625720,3504,3504,3504,3504,3504,3504,3504,3504,82.91087341308594,81.14665222167969,80.44810485839844,81.02387237548828,66.45323944091797,80.1959228515625,80.29395294189453,80.76065826416016,82.61180877685547,33.333335876464844,28.571430206298828,15.000000953674316,14.285715103149414,36.842105865478516,0,0,0,19.804637908935547,8589934592,1073741824,5154242560,299040768
199,1771640625931,3504,3504,3504,3504,3504,3504,3504,3504,82.91087341308594,81.14665222167969,80.44810485839844,81.02387237548828,66.45323944091797,80.1959228515625,80.29395294189453,80.76065826416016,82.61180877685547,25,13.636363983154297,13.636363983154297,9.523809432983398,0,0,0,0,19.804637908935547,8589934592,1073741824,5154242560,299040768
200,1771640626131,3504,3504,3504,3504,3504,3504,3504,3504,60.51707077026367,60.31380081176758,59.051666259765625,58.74040985107422,57.53833770751953,58.57606506347656,58.27781677246094,59.44401168823242,59.903446197509766,30.000001907348633,20,15.000000953674316,10,0,0,0,0,19.804637908935547,8589934592,1073741824,5130780672,299040768
207,1771640626332,3504,3504,3504,3504,3504,3504,3504,3504,60.51707077026367,60.31380081176758,59.051666259765625,58.74040985107422,57.53833770751953,58.57606506347656,58.27781677246094,59.44401168823242,59.903446197509766,20,15.789472579956055,15.000000953674316,15.000000953674316,0,0,0,0,19.804637908935547,8589934592,1073741824,5130780672,299040768
207,1771640626539,3504,3504,3504,3504,3504,3504,3504,3504,60.51707077026367,60.31380081176758,59.051666259765625,58.74040985107422,57.53833770751953,58.57606506347656,58.27781677246094,59.44401168823242,59.903446197509766,19.047618865966797,14.285715103149414,15.000000953674316,9.523809432983398,0,0,0,0,19.804637908935547,8589934592,1073741824,5126094848,299040768
199,1771640626747,3504,3504,3504,3504,3504,3504,3504,3504,60.51707077026367,60.31380081176758,59.051666259765625,58.74040985107422,57.53833770751953,58.57606506347656,58.27781677246094,59.44401168823242,59.903446197509766,25,10,22.72727394104004,5,4.545454502105713,0,4.545454502105713,0,19.462505340576172,8589934592,1073741824,5126094848,299040768
208,1771640626948,3504,3504,3504,3504,3504,3504,3504,3504,60.51707077026367,60.31380081176758,59.051666259765625,58.74040985107422,57.53833770751953,58.57606506347656,58.27781677246094,59.44401168823242,59.903446197509766,23.809524536132813,23.809524536132813,16.666667938232422,5.263157844543457,0,0,0,0,19.462505340576172,8589934592,1073741824,5126094848,299040768
200,1771640627157,3504,3504,3504,3504,3504,3504,3504,3504,52.57772445678711,51.857513427734375,50.94477844238281,50.621368408203125,51.01150894165039,50.75865936279297,50.455787658691406,51.631465911865234,51.85090255737305,25,33.333335876464844,19.047618865966797,13.636363983154297,0,0,0,0,19.462505340576172,8589934592,1073741824,5121671168,299040768
208,1771640627358,3504,3504,3504,3504,3504,3504,3504,3504,52.57772445678711,51.857513427734375,50.94477844238281,50.621368408203125,51.01150894165039,50.75865936279297,50.455787658691406,51.631465911865234,51.85090255737305,23.809524536132813,15.789472579956055,20,14.285715103149414,0,0,0,0,19.462505340576172,8589934592,1073741824,5121671168,299040768
209,1771640627567,3504,3504,3504,3504,3504,3504,3504,3504,52.57772445678711,51.857513427734375,50.94477844238281,50.621368408203125,51.01150894165039,50.75865936279297,50.455787658691406,51.631465911865234,51.85090255737305,20,19.047618865966797,14.285715103149414,5.263157844543457,0,0,0,0,19.462505340576172,8589934592,1073741824,5121785856,299040768
207,1771640627777,3504,3504,3504,3504,3504,3504,3504,3504,52.57772445678711,51.857513427734375,50.94477844238281,50.621368408203125,51.01150894165039,50.75865936279297,50.455787658691406,51.631465911865234,51.85090255737305,14.285715103149414,15.000000953674316,9.523809432983398,18.18181800842285,0,0,0,0,5.34022331237793,8589934592,1073741824,5112528896,299040768
205,1771640627985,3504,3504,3504,3504,3504,3504,3504,3504,52.57772445678711,51.857513427734375,50.94477844238281,50.621368408203125,51.01150894165039,50.75865936279297,50.455787658691406,51.631465911865234,51.85090255737305,15.000000953674316,19.047618865966797,9.523809432983398,15.000000953674316,0,0,0,0,5.34022331237793,8589934592,1073741824,5107318784,299040768
209,1771640628191,3504,3504,3504,3504,3504,3504,3504,3504,50.17570877075195,49.46709060668945,48.56988525390625,48.187225341796875,48.686946868896484,48.46919250488281,48.16436004638672,49.326351165771484,49.479736328125,10,22.72727394104004,10,18.18181800842285,0,0,0,0,5.34022331237793,8589934592,1073741824,5107236864,299040768
209,1771640628401,3504,3504,3504,3504,3504,3504,3504,3504,50.17570877075195,49.46709060668945,48.56988525390625,48.187225341796875,48.686946868896484,48.46919250488281,48.16436004638672,49.326351165771484,49.479736328125,13.636363983154297,15.000000953674316,13.636363983154297,15.000000953674316,0,0,0,0,5.34022331237793,8589934592,1073741824,5107253248,299040768
204,1771640628611,3504,3504,3504,3504,3504,3504,3504,3504,50.17570877075195,49.46709060668945,48.56988525390625,48.187225341796875,48.686946868896484,48.46919250488281,48.16436004638672,49.326351165771484,49.479736328125,19.047618865966797,27.272727966308594,10,4.761904716491699,0,0,0,0,5.34022331237793,8589934592,1073741824,5107826688,299040768
209,1771640628816,3504,3504,3504,3504,3504,3504,3504,3504,50.17570877075195,49.46709060668945,48.56988525390625,48.187225341796875,48.686946868896484,48.46919250488281,48.16436004638672,49.326351165771484,49.479736328125,23.809524536132813,15.789472579956055,9.523809432983398,9.523809432983398,0,0,0,0,2.073216199874878,8589934592,1073741824,5107826688,299040768
208,1771640629026,3504,3504,3504,3504,3504,3504,3504,3504,50.17570877075195,49.46709060668945,48.56988525390625,48.187225341796875,48.686946868896484,48.46919250488281,48.16436004638672,49.326351165771484,49.479736328125,10.526315689086914,19.047618865966797,19.047618865966797,10,0,0,0,0,2.073216199874878,8589934592,1073741824,5107826688,299040768
209,1771640629235,3504,3504,3504,3504,3504,3504,3504,3504,48.73787307739258,48.27554702758789,47.0411376953125,46.721824645996094,47.089290618896484,47.054420471191406,46.693763732910156,47.793304443359375,47.977325439453125,21.7391300201416,19.047618865966797,15.000000953674316,9.523809432983398,0,0,0,0,2.073216199874878,8589934592,1073741824,5107924992,299040768
208,1771640629445,3504,3504,3504,3504,3504,3504,3504,3504,48.73787307739258,48.27554702758789,47.0411376953125,46.721824645996094,47.089290618896484,47.054420471191406,46.693763732910156,47.793304443359375,47.977325439453125,20,23.809524536132813,23.809524536132813,14.285715103149414,9.523809432983398,9.523809432983398,4.761904716491699,9.090909004211426,2.073216199874878,8589934592,1073741824,5109678080,299040768
207,1771640629654,3504,3504,3504,3504,3504,3504,3504,3504,48.73787307739258,48.27554702758789,47.0411376953125,46.721824645996094,47.089290618896484,47.054420471191406,46.693763732910156,47.793304443359375,47.977325439453125,19.047618865966797,19.047618865966797,13.636363983154297,9.523809432983398,0,0,0,0,2.4044244289398193,8589934592,1073741824,5109678080,299040768
206,1771640629862,3504,3504,3504,3504,3504,3504,3504,3504,48.73787307739258,48.27554702758789,47.0411376953125,46.721824645996094,47.089290618896484,47.054420471191406,46.693763732910156,47.793304443359375,47.977325439453125,20,19.047618865966797,5.263157844543457,9.523809432983398,0,0,0,0,2.4044244289398193,8589934592,1073741824,5109678080,299040768
208,1771640630068,3504,3504,3504,3504,3504,3504,3504,3504,48.73787307739258,48.27554702758789,47.0411376953125,46.721824645996094,47.089290618896484,47.054420471191406,46.693763732910156,47.793304443359375,47.977325439453125,25,20,18.18181800842285,10.526315689086914,4.761904716491699,0,4.761904716491699,0,2.4044244289398193,8589934592,1073741824,5109678080,299040768
206,1771640630277,3504,3504,3504,3504,3504,3504,3504,3504,47.74528884887695,47.3576774597168,45.99364471435547,45.703834533691406,46.158042907714844,46.265037536621094,45.733489990234375,46.784820556640625,46.951114654541016,52.38095474243164,47.619049072265625,50,40.90909194946289,61.904762268066406,55,47.36842346191406,45,2.4044244289398193,8589934592,1073741824,5152178176,299040768
204,1771640630484,3504,3504,3504,3504,3504,3504,3504,3504,47.74528884887695,47.3576774597168,45.99364471435547,45.703834533691406,46.158042907714844,46.265037536621094,45.733489990234375,46.784820556640625,46.951114654541016,66.66667175292969,70,66.66667175292969,68.42105102539063,85,77.2727279663086,85.71428680419922,81.81818389892578,2.4044244289398193,8589934592,1073741824,5151244288,299040768
209,1771640630688,3504,3504,3504,3504,3504,3504,3504,3504,47.74528884887695,47.3576774597168,45.99364471435547,45.703834533691406,46.158042907714844,46.265037536621094,45.733489990234375,46.784820556640625,46.951114654541016,71.42857360839844,66.66667175292969,66.66667175292969,66.66667175292969,90.47618865966797,90,76.19047546386719,80.95238494873047,2.3304412364959717,8589934592,1073741824,5174411264,299040768
209,1771640630898,3504,3504,3504,3504,3504,3504,3504,3504,47.74528884887695,47.3576774597168,45.99364471435547,45.703834533691406,46.158042907714844,46.265037536621094,45.733489990234375,46.784820556640625,46.951114654541016,75,71.42857360839844,75,72.7272720336914,85,81.81818389892578,90,85.71428680419922,2.3304412364959717,8589934592,1073741824,5174411264,299040768
219,1771640631108,3504,3504,3504,3504,3504,3504,3504,3504,47.74528884887695,47.3576774597168,45.99364471435547,45.703834533691406,46.158042907714844,46.265037536621094,45.733489990234375,46.784820556640625,46.951114654541016,71.42857360839844,71.42857360839844,66.66667175292969,66.66667175292969,85.71428680419922,80.95238494873047,90.47618865966797,80,2.3304412364959717,8589934592,1073741824,5174411264,299040768
209,1771640631328,3504,3504,3504,3504,3504,3504,3504,3504,69.68317413330078,68.26593780517578,67.3270492553711,67.7950439453125,55.31619644165039,67.32972717285156,67.4358901977539,67.81159210205078,69.40425109863281,68.18181610107422,68.18181610107422,63.6363639831543,66.66667175292969,86.9565200805664,85.71428680419922,78.26087188720703,82.60869598388672,2.3304412364959717,8589934592,1073741824,5145755648,299040768
209,1771640631537,3504,3504,3504,3504,3504,3504,3504,3504,69.68317413330078,68.26593780517578,67.3270492553711,67.7950439453125,55.31619644165039,67.32972717285156,67.4358901977539,67.81159210205078,69.40425109863281,75,71.42857360839844,71.42857360839844,68.18181610107422,90,90.47618865966797,80,85,2.3304412364959717,8589934592,1073741824,5117231104,299040768
208,1771640631747,3504,3504,3504,3504,3504,3504,3504,3504,69.68317413330078,68.26593780517578,67.3270492553711,67.7950439453125,55.31619644165039,67.32972717285156,67.4358901977539,67.81159210205078,69.40425109863281,69.56521606445313,71.42857360839844,65,70,86.36363983154297,90.47618865966797,85.71428680419922,80,2.392570972442627,8589934592,1073741824,5129076736,299040768
203,1771640631956,3504,3504,3504,3504,3504,3504,3504,3504,69.68317413330078,68.26593780517578,67.3270492553711,67.7950439453125,55.31619644165039,67.32972717285156,67.4358901977539,67.81159210205078,69.40425109863281,70,70,66.66667175292969,66.66667175292969,85.71428680419922,85.71428680419922,77.2727279663086,86.36363983154297,2.392570972442627,8589934592,1073741824,5132140544,299040768
209,1771640632159,3504,3504,3504,3504,3504,3504,3504,3504,77.81226348876953,75.87452697753906,75.05484008789063,75.78763580322266,61.42727279663086,74.3211669921875,74.6158447265625,74.6148452758789,76.91840362548828,70,66.66667175292969,66.66667175292969,66.66667175292969,85,85,84.21052551269531,80,2.392570972442627,8589934592,1073741824,5121572864,299040768
209,1771640632369,3504,3504,3504,3504,3504,3504,3504,3504,77.81226348876953,75.87452697753906,75.05484008789063,75.78763580322266,61.42727279663086,74.3211669921875,74.6158447265625,74.6148452758789,76.91840362548828,71.42857360839844,65,71.42857360839844,75,80,81.81818389892578,81.81818389892578,85,2.392570972442627,8589934592,1073741824,5145264128,299040768
207,1771640632579,3504,3504,3504,3504,3504,3504,3504,3504,77.81226348876953,75.87452697753906,75.05484008789063,75.78763580322266,61.42727279663086,74.3211669921875,74.6158447265625,74.6148452758789,76.91840362548828,66.66667175292969,72.7272720336914,66.66667175292969,66.66667175292969,80.95238494873047,90.47618865966797,85.71428680419922,82.60869598388672,2.392570972442627,8589934592,1073741824,5124112384,299040768
208,1771640632787,3504,3504,3504,3504,3504,3504,3504,3504,77.81226348876953,75.87452697753906,75.05484008789063,75.78763580322266,61.42727279663086,74.3211669921875,74.6158447265625,74.6148452758789,76.91840362548828,66.66667175292969,65,70,66.66667175292969,86.36363983154297,85.71428680419922,76.19047546386719,85,17.416236877441406,8589934592,1073741824,5122424832,299040768
205,1771640632996,3504,3504,3504,3504,3504,3504,3504,3504,77.81226348876953,75.87452697753906,75.05484008789063,75.78763580322266,61.42727279663086,74.3211669921875,74.6158447265625,74.6148452758789,76.91840362548828,75,71.42857360839844,68.18181610107422,76.19047546386719,85,90.47618865966797,85.71428680419922,80.95238494873047,17.416236877441406,8589934592,1073741824,5117214720,299040768
209,1771640633201,3504,3504,3504,3504,3504,3504,3504,3504,80.33963012695313,78.08909606933594,77.4175796508789,78.30577850341797,63.664852142333984,77.01522064208984,77.2948226928711,77.38993835449219,79.69664001464844,68.18181610107422,66.66667175292969,70,65,85,84.21052551269531,80,85,17.416236877441406,8589934592,1073741824,5111332864,299040768
207,1771640633411,3504,3504,3504,3504,3504,3504,3504,3504,80.33963012695313,78.08909606933594,77.4175796508789,78.30577850341797,63.664852142333984,77.01522064208984,77.2948226928711,77.38993835449219,79.69664001464844,75,70,70,76.19047546386719,81.81818389892578,86.36363983154297,90,85.71428680419922,17.416236877441406,8589934592,1073741824,5117575168,299040768
210,1771640633619,3504,3504,3504,3504,3504,3504,3504,3504,80.33963012695313,78.08909606933594,77.4175796508789,78.30577850341797,63.664852142333984,77.01522064208984,77.2948226928711,77.38993835449219,79.69664001464844,71.42857360839844,71.42857360839844,68.18181610107422,71.42857360839844,89.47368621826172,85.71428680419922,90.47618865966797,85.71428680419922,19.41291046142578,8589934592,1073741824,5129256960,299040768
206,1771640633830,3504,3504,3504,3504,3504,3504,3504,3504,80.33963012695313,78.08909606933594,77.4175796508789,78.30577850341797,63.664852142333984,77.01522064208984,77.2948226928711,77.38993835449219,79.69664001464844,70,66.66667175292969,70,66.66667175292969,86.9565200805664,85.71428680419922,77.2727279663086,80.95238494873047,19.41291046142578,8589934592,1073741824,5129256960,299040768
209,1771640634037,3504,3504,3504,3504,3504,3504,3504,3504,80.33963012695313,78.08909606933594,77.4175796508789,78.30577850341797,63.664852142333984,77.01522064208984,77.2948226928711,77.38993835449219,79.69664001464844,71.42857360839844,70,66.66667175292969,71.42857360839844,90,90,85,80.95238494873047,19.41291046142578,8589934592,1073741824,5129256960,299040768
212,1771640634247,3504,3504,3504,3504,3504,3504,3504,3504,81.99034118652344,80.10808563232422,79.32592010498047,80.01964569091797,65.40492248535156,79.09996032714844,79.15961456298828,79.54285430908203,81.44734191894531,71.42857360839844,66.66667175292969,71.42857360839844,68.18181610107422,85.71428680419922,85.71428680419922,86.36363983154297,76.19047546386719,19.41291046142578,8589934592,1073741824,5129256960,299040768
209,1771640634459,3504,3504,3504,3504,3504,3504,3504,3504,81.99034118652344,80.10808563232422,79.32592010498047,80.01964569091797,65.40492248535156,79.09996032714844,79.15961456298828,79.54285430908203,81.44734191894531,70,68.18181610107422,66.66667175292969,70,80.95238494873047,80.95238494873047,85.71428680419922,85.71428680419922,19.41291046142578,8589934592,1073741824,5116674048,299040768
209,1771640634669,3504,3504,3504,3504,3504,3504,3504,3504,81.99034118652344,80.10808563232422,79.32592010498047,80.01964569091797,65.40492248535156,79.09996032714844,79.15961456298828,79.54285430908203,81.44734191894531,68.18181610107422,66.66667175292969,68.18181610107422,72.7272720336914,90.47618865966797,80.95238494873047,80.95238494873047,80.95238494873047,19.372072219848633,8589934592,1073741824,5115133952,299040768
207,1771640634879,3504,3504,3504,3504,3504,3504,3504,3504,81.99034118652344,80.10808563232422,79.32592010498047,80.01964569091797,65.40492248535156,79.09996032714844,79.15961456298828,79.54285430908203,81.44734191894531,76.19047546386719,71.42857360839844,70,70,85.71428680419922,90.47618865966797,85.71428680419922,85.71428680419922,19.372072219848633,8589934592,1073741824,5115133952,299040768
209,1771640635087,3504,3504,3504,3504,3504,3504,3504,3504,81.99034118652344,80.10808563232422,79.32592010498047,80.01964569091797,65.40492248535156,79.09996032714844,79.15961456298828,79.54285430908203,81.44734191894531,75,70,68.18181610107422,66.66667175292969,85.71428680419922,85.71428680419922,90,85,19.372072219848633,8589934592,1073741824,5115133952,299040768
209,1771640635297,3504,3504,3504,3504,3504,3504,3504,3504,82.89169311523438,81.14241027832031,80.37714385986328,80.98981475830078,66.69542694091797,80.38146209716797,80.46086120605469,80.87788391113281,82.8194351196289,57.142860412597656,57.142860412597656,50,52.38095474243164,66.66667175292969,66.66667175292969,63.6363639831543,63.6363639831543,19.372072219848633,8589934592,1073741824,5115133952,299040768
209,1771640635507,3504,3504,3504,3504,3504,3504,3504,3504,82.89169311523438,81.14241027832031,80.37714385986328,80.98981475830078,66.69542694091797,80.38146209716797,80.46086120605469,80.87788391113281,82.8194351196289,18.18181800842285,9.090909004211426,14.285715103149414,0,4.761904716491699,4.761904716491699,0,0,19.372072219848633,8589934592,1073741824,5129420800,299040768
201,1771640635717,3504,3504,3504,3504,3504,3504,3504,3504,82.89169311523438,81.14241027832031,80.37714385986328,80.98981475830078,66.69542694091797,80.38146209716797,80.46086120605469,80.87788391113281,82.8194351196289,19.047618865966797,33.333335876464844,19.047618865966797,13.636363983154297,28.571430206298828,0,0,0,19.556886672973633,8589934592,1073741824,5118722048,299040768
209,1771640635919,3504,3504,3504,3504,3504,3504,3504,3504,82.89169311523438,81.14241027832031,80.37714385986328,80.98981475830078,66.69542694091797,80.38146209716797,80.46086120605469,80.87788391113281,82.8194351196289,25,21.052631378173828,20,10.526315689086914,10,0,0,0,19.556886672973633,8589934592,1073741824,5118722048,299040768
207,1771640636129,3504,3504,3504,3504,3504,3504,3504,3504,62.35938262939453,61.80804443359375,60.616432189941406,60.48957824707031,58.471405029296875,60.09321594238281,59.806793212890625,60.881046295166016,61.48793411254883,14.285715103149414,14.285715103149414,23.809524536132813,9.523809432983398,0,0,0,0,19.556886672973633,8589934592,1073741824,5118722048,299040768
208,1771640636337,3504,3504,3504,3504,3504,3504,3504,3504,62.35938262939453,61.80804443359375,60.616432189941406,60.48957824707031,58.471405029296875,60.09321594238281,59.806793212890625,60.881046295166016,61.48793411254883,15.000000953674316,14.285715103149414,25,9.090909004211426,0,0,0,0,19.556886672973633,8589934592,1073741824,5118722048,299040768
206,1771640636546,3504,3504,3504,3504,3504,3504,3504,3504,62.35938262939453,61.80804443359375,60.616432189941406,60.48957824707031,58.471405029296875,60.09321594238281,59.806793212890625,60.881046295166016,61.48793411254883,19.047618865966797,19.047618865966797,23.809524536132813,10,0,0,0,0,19.556886672973633,8589934592,1073741824,5115641856,299040768
203,1771640636753,3504,3504,3504,3504,3504,3504,3504,3504,62.35938262939453,61.80804443359375,60.616432189941406,60.48957824707031,58.471405029296875,60.09321594238281,59.806793212890625,60.881046295166016,61.48793411254883,15.000000953674316,10,23.809524536132813,10,0,0,0,0,19.36304473876953,8589934592,1073741824,5107728384,299040768
199,1771640636956,3504,3504,3504,3504,3504,3504,3504,3504,62.35938262939453,61.80804443359375,60.616432189941406,60.48957824707031,58.471405029296875,60.09321594238281,59.806793212890625,60.881046295166016,61.48793411254883,15.000000953674316,19.047618865966797,14.285715103149414,9.523809432983398,0,0,0,0,19.36304473876953,8589934592,1073741824,5107728384,299040768
201,1771640637157,3504,3504,3504,3504,3504,3504,3504,3504,53.04242706298828,52.45707321166992,51.54420471191406,51.27832794189453,51.566307067871094,51.31837463378906,51.01457977294922,52.16914749145508,52.40624237060547,35,31.57894515991211,26.3157901763916,20,0,0,0,0,19.36304473876953,8589934592,1073741824,5108482048,299040768
201,1771640637358,3504,3504,3504,3504,3504,3504,3504,3504,53.04242706298828,52.45707321166992,51.54420471191406,51.27832794189453,51.566307067871094,51.31837463378906,51.01457977294922,52.16914749145508,52.40624237060547,19.047618865966797,25,14.285715103149414,10,0,0,0,0,19.36304473876953,8589934592,1073741824,5108482048,299040768
209,1771640637560,3504,3504,3504,3504,3504,3504,3504,3504,53.04242706298828,52.45707321166992,51.54420471191406,51.27832794189453,51.566307067871094,51.31837463378906,51.01457977294922,52.16914749145508,52.40624237060547,20,33.333335876464844,10.526315689086914,10,10,9.523809432983398,9.523809432983398,5,19.36304473876953,8589934592,1073741824,5109350400,299040768
209,1771640637770,3504,3504,3504,3504,3504,3504,3504,3504,53.04242706298828,52.45707321166992,51.54420471191406,51.27832794189453,51.566307067871094,51.31837463378906,51.01457977294922,52.16914749145508,52.40624237060547,10,19.047618865966797,14.285715103149414,9.090909004211426,4.761904716491699,0,0,0,8.322593688964844,8589934592,1073741824,5107531776,299040768
206,1771640637980,3504,3504,3504,3504,3504,3504,3504,3504,53.04242706298828,52.45707321166992,51.54420471191406,51.27832794189453,51.566307067871094,51.31837463378906,51.01457977294922,52.16914749145508,52.40624237060547,19.047618865966797,25,14.285715103149414,5,0,0,0,0,8.322593688964844,8589934592,1073741824,5098504192,299040768
209,1771640638187,3504,3504,3504,3504,3504,3504,3504,3504,50.846092224121094,50.00846862792969,49.22984313964844,49.024810791015625,49.30927276611328,49.03436279296875,48.735984802246094,49.93735885620117,50.0750617980957,23.809524536132813,23.809524536132813,10,9.523809432983398,0,0,0,0,8.322593688964844,8589934592,1073741824,5094735872,299040768
208,1771640638397,3504,3504,3504,3504,3504,3504,3504,3504,50.846092224121094,50.00846862792969,49.22984313964844,49.024810791015625,49.30927276611328,49.03436279296875,48.735984802246094,49.93735885620117,50.0750617980957,20,20,9.523809432983398,5,0,0,0,0,8.322593688964844,8589934592,1073741824,5094670336,299040768
207,1771640638606,3504,3504,3504,3504,3504,3504,3504,3504,50.846092224121094,50.00846862792969,49.22984313964844,49.024810791015625,49.30927276611328,49.03436279296875,48.735984802246094,49.93735885620117,50.0750617980957,22.72727394104004,22.72727394104004,14.285715103149414,14.285715103149414,0,0,0,0,8.322593688964844,8589934592,1073741824,5094703104,299040768
209,1771640638814,3504,3504,3504,3504,3504,3504,3504,3504,50.846092224121094,50.00846862792969,49.22984313964844,49.024810791015625,49.30927276611328,49.03436279296875,48.735984802246094,49.93735885620117,50.0750617980957,15.000000953674316,15.000000953674316,9.523809432983398,19.047618865966797,0,0,0,0,1.9857265949249268,8589934592,1073741824,5094703104,299040768
200,1771640639024,3504,3504,3504,3504,3504,3504,3504,3504,50.846092224121094,50.00846862792969,49.22984313964844,49.024810791015625,49.30927276611328,49.03436279296875,48.735984802246094,49.93735885620117,50.0750617980957,22.72727394104004,19.047618865966797,19.047618865966797,14.285715103149414,0,0,0,0,1.9857265949249268,8589934592,1073741824,5094834176,299040768
209,1771640639224,3504,3504,3504,3504,3504,3504,3504,3504,49.271514892578125,48.67343521118164,47.66059112548828,47.38689422607422,47.666107177734375,47.55492401123047,47.24718475341797,48.358333587646484,48.54273223876953,15.789472579956055,20,15.789472579956055,15.000000953674316,0,0,0,0,1.9857265949249268,8589934592,1073741824,5094916096,299040768
209,1771640639434,3504,3504,3504,3504,3504,3504,3504,3504,49.271514892578125,48.67343521118164,47.66059112548828,47.38689422607422,47.666107177734375,47.55492401123047,47.24718475341797,48.358333587646484,48.54273223876953,19.047618865966797,28.571430206298828,23.809524536132813,10,19.047618865966797,18.18181800842285,14.285715103149414,13.636363983154297,1.9857265949249268,8589934592,1073741824,5095276544,299040768
208,1771640639645,3504,3504,3504,3504,3504,3504,3504,3504,49.271514892578125,48.67343521118164,47.66059112548828,47.38689422607422,47.666107177734375,47.55492401123047,47.24718475341797,48.358333587646484,48.54273223876953,15.000000953674316,14.285715103149414,14.285715103149414,9.090909004211426,4.761904716491699,0,0,0,2.525240182876587,8589934592,1073741824,5095243776,299040768
209,1771640639854,3504,3504,3504,3504,3504,3504,3504,3504,49.271514892578125,48.67343521118164,47.66059112548828,47.38689422607422,47.666107177734375,47.55492401123047,47.24718475341797,48.358333587646484,48.54273223876953,14.285715103149414,14.285715103149414,28.571430206298828,5,0,0,0,0,2.525240182876587,8589934592,1073741824,5095243776,299040768
209,1771640640064,3504,3504,3504,3504,3504,3504,3504,3504,49.271514892578125,48.67343521118164,47.66059112548828,47.38689422607422,47.666107177734375,47.55492401123047,47.24718475341797,48.358333587646484,48.54273223876953,22.72727394104004,20,27.272727966308594,13.636363983154297,0,0,0,0,2.525240182876587,8589934592,1073741824,5101076480,299040768
206,1771640640274,3504,3504,3504,3504,3504,3504,3504,3504,48.655067443847656,48.148155212402344,46.91553497314453,46.705772399902344,46.86667251586914,46.9599609375,46.53649139404297,47.70310974121094,47.919620513916016,28.571430206298828,33.333335876464844,33.333335876464844,20,19.047618865966797,10,14.285715103149414,9.523809432983398,2.525240182876587,8589934592,1073741824,5074780160,299040768
209,1771640640480,3504,3504,3504,3504,3504,3504,3504,3504,48.655067443847656,48.148155212402344,46.91553497314453,46.705772399902344,46.86667251586914,46.9599609375,46.53649139404297,47.70310974121094,47.919620513916016,60.000003814697266,60.000003814697266,60.000003814697266,61.904762268066406,80,76.19047546386719,85.71428680419922,75,2.525240182876587,8589934592,1073741824,5151473664,299040768
215,1771640640690,3504,3504,3504,3504,3504,3504,3504,3504,48.655067443847656,48.148155212402344,46.91553497314453,46.705772399902344,46.86667251586914,46.9599609375,46.53649139404297,47.70310974121094,47.919620513916016,72.7272720336914,72.7272720336914,75,66.66667175292969,85.71428680419922,85.71428680419922,80,90.47618865966797,2.2685625553131104,8589934592,1073741824,5145837568,299040768
209,1771640640905,3504,3504,3504,3504,3504,3504,3504,3504,48.655067443847656,48.148155212402344,46.91553497314453,46.705772399902344,46.86667251586914,46.9599609375,46.53649139404297,47.70310974121094,47.919620513916016,71.42857360839844,72.7272720336914,72.7272720336914,72.7272720336914,85.71428680419922,90.47618865966797,86.36363983154297,86.36363983154297,2.2685625553131104,8589934592,1073741824,5180538880,299040768
209,1771640641115,3504,3504,3504,3504,3504,3504,3504,3504,48.655067443847656,48.148155212402344,46.91553497314453,46.705772399902344,54.483802795410156,65.35751342773438,65.60276794433594,65.7529296875,67.5512924194336,70,66.66667175292969,70,70,85.71428680419922,90.47618865966797,85.71428680419922,85.71428680419922,2.2685625553131104,8589934592,1073741824,5180588032,299040768
206,1771640641325,3504,3504,3504,3504,3504,3504,3504,3504,67.74784088134766,65.99504089355469,65.16488647460938,65.80253601074219,54.483802795410156,65.35751342773438,65.60276794433594,65.7529296875,67.5512924194336,85.71428680419922,80,72.7272720336914,71.42857360839844,80.95238494873047,90.47618865966797,86.36363983154297,85.71428680419922,2.2685625553131104,8589934592,1073741824,5142249472,299040768
204,1771640641539,3504,3504,3504,3504,3504,3504,3504,3504,67.74784088134766,65.99504089355469,65.16488647460938,65.80253601074219,54.483802795410156,65.35751342773438,65.60276794433594,65.7529296875,67.5512924194336,75,76.19047546386719,77.2727279663086,70,86.36363983154297,90.47618865966797,90,86.36363983154297,2.2685625553131104,8589934592,1073741824,5142249472,299040768
209,1771640641743,3504,3504,3504,3504,3504,3504,3504,3504,67.74784088134766,65.99504089355469,65.16488647460938,65.80253601074219,54.483802795410156,65.35751342773438,65.60276794433594,65.7529296875,67.5512924194336,71.42857360839844,71.42857360839844,70,69.56521606445313,95,80,85.71428680419922,80,2.2327020168304443,8589934592,1073741824,5125373952,299040768
205,1771640641953,3504,3504,3504,3504,3504,3504,3504,3504,67.74784088134766,65.99504089355469,65.16488647460938,65.80253601074219,54.483802795410156,65.35751342773438,65.60276794433594,65.7529296875,67.5512924194336,68.18181610107422,70,66.66667175292969,65,90.47618865966797,81.81818389892578,80,81.81818389892578,2.2327020168304443,8589934592,1073741824,5114576896,299040768
209,1771640642159,3504,3504,3504,3504,3504,3504,3504,3504,78.12738037109375,76.49575805664063,75.6514663696289,76.253173828125,61.902103424072266,75.24268341064453,75.4424057006836,75.68640899658203,77.62960815429688,71.42857360839844,76.19047546386719,70,71.42857360839844,80.95238494873047,90.47618865966797,80.95238494873047,78.94737243652344,2.2327020168304443,8589934592,1073741824,5157650432,299040768
209,1771640642369,3504,3504,3504,3504,3504,3504,3504,3504,78.12738037109375,76.49575805664063,75.6514663696289,76.253173828125,61.902103424072266,75.24268341064453,75.4424057006836,75.68640899658203,77.62960815429688,75,66.66667175292969,70,66.66667175292969,85.71428680419922,80,95.23809814453125,85.71428680419922,2.2327020168304443,8589934592,1073741824,5157650432,299040768
202,1771640642579,3504,3504,3504,3504,3504,3504,3504,3504,78.12738037109375,76.49575805664063,75.6514663696289,76.253173828125,61.902103424072266,75.24268341064453,75.4424057006836,75.68640899658203,77.62960815429688,68.18181610107422,71.42857360839844,68.18181610107422,68.18181610107422,85.71428680419922,86.9565200805664,80.95238494873047,81.81818389892578,2.2327020168304443,8589934592,1073741824,5157650432,299040768
213,1771640642782,3504,3504,3504,3504,3504,3504,3504,3504,78.12738037109375,76.49575805664063,75.6514663696289,76.253173828125,61.902103424072266,75.24268341064453,75.4424057006836,75.68640899658203,77.62960815429688,68.42105102539063,70,66.66667175292969,68.42105102539063,85,94.73684692382813,80.95238494873047,80,13.877655029296875,8589934592,1073741824,5114560512,299040768
205,1771640642996,3504,3504,3504,3504,3504,3504,3504,3504,78.12738037109375,76.49575805664063,75.6514663696289,76.253173828125,61.902103424072266,75.24268341064453,75.4424057006836,75.68640899658203,77.62960815429688,68.18181610107422,72.7272720336914,70,66.66667175292969,86.36363983154297,86.36363983154297,85.71428680419922,77.2727279663086,13.877655029296875,8589934592,1073741824,5117706240,299040768
201,1771640643201,3504,3504,3504,3504,3504,3504,3504,3504,80.81587219238281,78.72370147705078,77.9776840209961,78.8553237915039,64.19237518310547,77.62106323242188,77.82730865478516,78.08623504638672,80.04840850830078,75,75,72.7272720336914,76.19047546386719,85,88.8888931274414,90,90,13.877655029296875,8589934592,1073741824,5144051712,299040768
209,1771640643403,3504,3504,3504,3504,3504,3504,3504,3504,80.81587219238281,78.72370147705078,77.9776840209961,78.8553237915039,64.19237518310547,77.62106323242188,77.82730865478516,78.08623504638672,80.04840850830078,75,75,68.42105102539063,68.42105102539063,95,81.81818389892578,85.71428680419922,80,13.877655029296875,8589934592,1073741824,5134696448,299040768
199,1771640643613,3504,3504,3504,3504,3504,3504,3504,3504,80.81587219238281,78.72370147705078,77.9776840209961,78.8553237915039,64.19237518310547,77.62106323242188,77.82730865478516,78.08623504638672,80.04840850830078,71.42857360839844,66.66667175292969,68.18181610107422,68.18181610107422,85.71428680419922,90.47618865966797,85,85.71428680419922,13.877655029296875,8589934592,1073741824,5181227008,299040768
207,1771640643813,3504,3504,3504,3504,3504,3504,3504,3504,80.81587219238281,78.72370147705078,77.9776840209961,78.8553237915039,64.19237518310547,77.62106323242188,77.82730865478516,78.08623504638672,80.04840850830078,70,75,68.42105102539063,68.42105102539063,90,85,80.95238494873047,85,19.79262924194336,8589934592,1073741824,5171838976,299040768
209,1771640644021,3504,3504,3504,3504,3504,3504,3504,3504,80.81587219238281,78.72370147705078,77.9776840209961,78.8553237915039,64.19237518310547,77.62106323242188,77.82730865478516,78.08623504638672,80.04840850830078,71.42857360839844,71.42857360839844,66.66667175292969,71.42857360839844,90.47618865966797,85.71428680419922,85.71428680419922,76.19047546386719,19.79262924194336,8589934592,1073741824,5186355200,299040768
209,1771640644231,3504,3504,3504,3504,3504,3504,3504,3504,82.69990539550781,81.19507598876953,80.38983154296875,80.8338394165039,66.1537094116211,79.7258071899414,79.91107940673828,80.22538757324219,82.20128631591797,76.19047546386719,71.42857360839844,76.19047546386719,76.19047546386719,90.47618865966797,95.23809814453125,85,85.71428680419922,19.79262924194336,8589934592,1073741824,5184159744,299040768
205,1771640644441,3504,3504,3504,3504,3504,3504,3504,3504,82.69990539550781,81.19507598876953,80.38983154296875,80.8338394165039,66.1537094116211,79.7258071899414,79.91107940673828,80.22538757324219,82.20128631591797,66.66667175292969,71.42857360839844,61.904762268066406,61.904762268066406,80,95.23809814453125,77.2727279663086,85.71428680419922,19.79262924194336,8589934592,1073741824,5142200320,299040768
209,1771640644647,3504,3504,3504,3504,3504,3504,3504,3504,82.69990539550781,81.19507598876953,80.38983154296875,80.8338394165039,66.1537094116211,79.7258071899414,79.91107940673828,80.22538757324219,82.20128631591797,75,75,75,76.19047546386719,90.47618865966797,85.71428680419922,90,80.95238494873047,19.46835708618164,8589934592,1073741824,5145837568,299040768
209,1771640644856,3504,3504,3504,3504,3504,3504,3504,3504,82.69990539550781,81.19507598876953,80.38983154296875,80.8338394165039,66.1537094116211,79.7258071899414,79.91107940673828,80.22538757324219,82.20128631591797,71.42857360839844,66.66667175292969,70,71.42857360839844,86.36363983154297,90,80.95238494873047,85.71428680419922,19.46835708618164,8589934592,1073741824,5132664832,299040768
209,1771640645066,3504,3504,3504,3504,3504,3504,3504,3504,82.69990539550781,81.19507598876953,80.38983154296875,80.8338394165039,66.1537094116211,79.7258071899414,79.91107940673828,80.22538757324219,82.20128631591797,71.42857360839844,71.42857360839844,65.21739196777344,66.66667175292969,85.71428680419922,76.19047546386719,85.71428680419922,85,19.46835708618164,8589934592,1073741824,5125423104,299040768
209,1771640645276,3504,3504,3504,3504,3504,3504,3504,3504,84.39399719238281,82.3697509765625,81.68018341064453,82.37149810791016,67.44696044921875,81.03484344482422,81.32728576660156,81.4487075805664,83.70250701904297,68.18181610107422,71.42857360839844,68.42105102539063,66.66667175292969,85,90.47618865966797,90,81.81818389892578,19.46835708618164,8589934592,1073741824,5142216704,299040768
209,1771640645487,3504,3504,3504,3504,3504,3504,3504,3504,84.39399719238281,82.3697509765625,81.68018341064453,82.37149810791016,67.44696044921875,81.03484344482422,81.32728576660156,81.4487075805664,83.70250701904297,35,42.85714340209961,36.3636360168457,30.000001907348633,42.85714340209961,42.85714340209961,40.90909194946289,35,19.46835708618164,8589934592,1073741824,5131730944,299040768
206,1771640645697,3504,3504,3504,3504,3504,3504,3504,3504,84.39399719238281,82.3697509765625,81.68018341064453,82.37149810791016,67.44696044921875,81.03484344482422,81.32728576660156,81.4487075805664,83.70250701904297,19.047618865966797,23.809524536132813,9.523809432983398,13.636363983154297,0,0,0,0,19.858903884887695,8589934592,1073741824,5125390336,299040768
209,1771640645904,3504,3504,3504,3504,3504,3504,3504,3504,84.39399719238281,82.3697509765625,81.68018341064453,82.37149810791016,67.44696044921875,81.03484344482422,81.32728576660156,81.4487075805664,83.70250701904297,26.3157901763916,23.809524536132813,10,10,36.3636360168457,4.761904716491699,0,0,19.858903884887695,8589934592,1073741824,5125357568,299040768
205,1771640646114,3504,3504,3504,3504,3504,3504,3504,3504,84.39399719238281,82.3697509765625,81.68018341064453,64.490234375,60.84439468383789,64.18501281738281,63.92573547363281,64.9954605102539,65.6717758178711,22.72727394104004,14.285715103149414,14.285715103149414,4.761904716491699,0,0,0,0,19.858903884887695,8589934592,1073741824,5122686976,299040768
201,1771640646320,3504,3504,3504,3504,3504,3504,3504,3504,66.29962921142578,65.75929260253906,64.60369873046875,64.490234375,60.84439468383789,64.18501281738281,63.92573547363281,64.9954605102539,65.6717758178711,20,9.523809432983398,14.285715103149414,9.523809432983398,0,0,0,0,19.858903884887695,8589934592,1073741824,5122654208,299040768
204,1771640646522,3504,3504,3504,3504,3504,3504,3504,3504,66.29962921142578,65.75929260253906,64.60369873046875,64.490234375,60.84439468383789,64.18501281738281,63.92573547363281,64.9954605102539,65.6717758178711,25,10.526315689086914,25,10,0,0,0,0,19.858903884887695,8589934592,1073741824,5122326528,299040768
209,1771640646727,3504,3504,3504,3504,3504,3504,3504,3504,66.29962921142578,65.75929260253906,64.60369873046875,64.490234375,60.84439468383789,64.18501281738281,63.92573547363281,64.9954605102539,65.6717758178711,19.047618865966797,23.809524536132813,14.285715103149414,10,0,0,0,0,19.671777725219727,8589934592,1073741824,5114593280,299040768
208,1771640646937,3504,3504,3504,3504,3504,3504,3504,3504,66.29962921142578,65.75929260253906,64.60369873046875,64.490234375,60.84439468383789,64.18501281738281,63.92573547363281,64.9954605102539,65.6717758178711,10,15.000000953674316,19.047618865966797,4.761904716491699,0,0,0,0,19.671777725219727,8589934592,1073741824,5114576896,299040768
207,1771640647145,3504,3504,3504,3504,3504,3504,3504,3504,53.96556854248047,53.65306854248047,52.524139404296875,52.23844909667969,52.61051940917969,52.37396240234375,52.10607147216797,53.1879768371582,53.43613052368164,22.72727394104004,38.095237731933594,28.571430206298828,19.047618865966797,0,0,0,0,19.671777725219727,8589934592,1073741824,5114560512,299040768
205,1771640647354,3504,3504,3504,3504,3504,3504,3504,3504,53.96556854248047,53.65306854248047,52.524139404296875,52.23844909667969,52.61051940917969,52.37396240234375,52.10607147216797,53.1879768371582,53.43613052368164,30.000001907348633,20,20,25,0,0,0,0,19.671777725219727,8589934592,1073741824,5114937344,299040768
208,1771640647560,3504,3504,3504,3504,3504,3504,3504,3504,53.96556854248047,53.65306854248047,52.524139404296875,52.23844909667969,52.61051940917969,52.37396240234375,52.10607147216797,53.1879768371582,53.43613052368164,20,28.571430206298828,14.285715103149414,23.809524536132813,0,0,0,0,19.671777725219727,8589934592,1073741824,5114707968,299040768
199,1771640647768,3504,3504,3504,3504,3504,3504,3504,3504,53.96556854248047,53.65306854248047,52.524139404296875,52.23844909667969,52.61051940917969,52.37396240234375,52.10607147216797,53.1879768371582,53.43613052368164,22.72727394104004,19.047618865966797,5.263157844543457,9.090909004211426,0,0,0,0,8.008123397827148,8589934592,1073741824,5114707968,299040768
203,1771640647969,3504,3504,3504,3504,3504,3504,3504,3504,53.96556854248047,53.65306854248047,52.524139404296875,52.23844909667969,52.61051940917969,52.37396240234375,52.10607147216797,53.1879768371582,53.43613052368164,21.052631378173828,23.809524536132813,14.285715103149414,5.263157844543457,0,0,0,0,8.008123397827148,8589934592,1073741824,5112643584,299040768
204,1771640648172,3504,3504,3504,3504,3504,3504,3504,3504,51.45347213745117,50.71306228637695,49.88970184326172,49.57554626464844,50.05297088623047,49.70790100097656,49.48602294921875,50.66901779174805,50.797672271728516,38.095237731933594,21.052631378173828,20,19.047618865966797,0,0,0,0,8.008123397827148,8589934592,1073741824,5105008640,299040768
202,1771640648377,3504,3504,3504,3504,3504,3504,3504,3504,51.45347213745117,50.71306228637695,49.88970184326172,49.57554626464844,50.05297088623047,49.70790100097656,49.48602294921875,50.66901779174805,50.797672271728516,19.047618865966797,23.809524536132813,14.285715103149414,10,5,4.761904716491699,4.761904716491699,4.761904716491699,8.008123397827148,8589934592,1073741824,5099241472,299040768
206,1771640648581,3504,3504,3504,3504,3504,3504,3504,3504,51.45347213745117,50.71306228637695,49.88970184326172,49.57554626464844,50.05297088623047,49.70790100097656,49.48602294921875,50.66901779174805,50.797672271728516,11.111111640930176,20,10.526315689086914,5.263157844543457,0,0,0,0,8.008123397827148,8589934592,1073741824,5099356160,299040768
209,1771640648787,3504,3504,3504,3504,3504,3504,3504,3504,51.45347213745117,50.71306228637695,49.88970184326172,49.57554626464844,50.05297088623047,49.70790100097656,49.48602294921875,50.66901779174805,50.797672271728516,27.272727966308594,20,18.18181800842285,13.636363983154297,0,0,0,0,2.5814664363861084,8589934592,1073741824,5099356160,299040768
206,1771640648997,3504,3504,3504,3504,3504,3504,3504,3504,51.45347213745117,50.71306228637695,49.88970184326172,49.57554626464844,50.05297088623047,49.70790100097656,49.48602294921875,50.66901779174805,50.797672271728516,15.000000953674316,23.809524536132813,14.285715103149414,9.523809432983398,0,0,0,0,2.5814664363861084,8589934592,1073741824,5099372544,299040768
209,1771640649204,3504,3504,3504,3504,3504,3504,3504,3504,49.84824752807617,49.277584075927734,48.35289001464844,48.01679229736328,48.506919860839844,48.295616149902344,47.93556213378906,49.141090393066406,49.218414306640625,27.272727966308594,25,5.263157844543457,10,0,0,0,0,2.5814664363861084,8589934592,1073741824,5099438080,299040768
209,1771640649414,3504,3504,3504,3504,3504,3504,3504,3504,49.84824752807617,49.277584075927734,48.35289001464844,48.01679229736328,48.506919860839844,48.295616149902344,47.93556213378906,49.141090393066406,49.218414306640625,15.000000953674316,18.18181800842285,13.636363983154297,9.523809432983398,4.761904716491699,5,0,0,2.5814664363861084,8589934592,1073741824,5099487232,299040768
206,1771640649624,3504,3504,3504,3504,3504,3504,3504,3504,49.84824752807617,49.277584075927734,48.35289001464844,48.01679229736328,48.506919860839844,48.295616149902344,47.93556213378906,49.141090393066406,49.218414306640625,14.285715103149414,19.047618865966797,9.523809432983398,9.523809432983398,4.545454502105713,0,0,4.545454502105713,2.949451446533203,8589934592,1073741824,5099503616,299040768
205,1771640649831,3504,3504,3504,3504,3504,3504,3504,3504,49.84824752807617,49.277584075927734,48.35289001464844,48.01679229736328,48.506919860839844,48.295616149902344,47.93556213378906,49.141090393066406,49.218414306640625,15.000000953674316,20,10,19.047618865966797,0,0,0,0,2.949451446533203,8589934592,1073741824,5099421696,299040768
208,1771640650037,3504,3504,3504,3504,3504,3504,3504,3504,49.84824752807617,49.277584075927734,48.35289001464844,48.01679229736328,48.506919860839844,48.295616149902344,47.93556213378906,49.141090393066406,49.218414306640625,14.285715103149414,23.809524536132813,14.285715103149414,15.000000953674316,0,0,0,0,2.949451446533203,8589934592,1073741824,5099438080,299040768
206,1771640650246,3504,3504,3504,3504,3504,3504,3504,3504,48.81090545654297,48.345977783203125,47.15784454345703,46.925193786621094,47.23838424682617,47.15558624267578,46.80815887451172,47.917816162109375,48.08100891113281,20,20,14.285715103149414,22.72727394104004,0,0,0,0,2.949451446533203,8589934592,1073741824,5099470848,299040768
201,1771640650452,3504,3504,3504,3504,3504,3504,3504,3504,48.81090545654297,48.345977783203125,47.15784454345703,46.925193786621094,47.23838424682617,47.15558624267578,46.80815887451172,47.917816162109375,48.08100891113281,42.85714340209961,42.85714340209961,40,45,42.105262756347656,52.38095474243164,47.619049072265625,50,2.949451446533203,8589934592,1073741824,5153914880,299040768
213,1771640650654,3504,3504,3504,3504,3504,3504,3504,3504,48.81090545654297,48.345977783203125,47.15784454345703,46.925193786621094,47.23838424682617,47.15558624267578,46.80815887451172,47.917816162109375,48.08100891113281,71.42857360839844,70,68.42105102539063,75,90.90909576416016,90,84.21052551269531,80,2.2927119731903076,8589934592,1073741824,5153914880,299040768
209,1771640650867,3504,3504,3504,3504,3504,3504,3504,3504,48.81090545654297,48.345977783203125,47.15784454345703,46.925193786621094,47.23838424682617,47.15558624267578,46.80815887451172,47.917816162109375,48.08100891113281,76.19047546386719,71.42857360839844,72.7272720336914,70,90,80,80.95238494873047,90.47618865966797,2.2927119731903076,8589934592,1073741824,5153914880,299040768
209,1771640651077,3504,3504,3504,3504,3504,3504,3504,3504,48.81090545654297,48.345977783203125,47.15784454345703,46.925193786621094,47.23838424682617,47.15558624267578,46.80815887451172,47.917816162109375,48.08100891113281,71.42857360839844,71.42857360839844,68.18181610107422,72.7272720336914,95.23809814453125,81.81818389892578,86.36363983154297,76.19047546386719,2.2927119731903076,8589934592,1073741824,5134401536,299040768
212,1771640651287,3504,3504,3504,3504,3504,3504,3504,3504,65.7918701171875,64.7933349609375,63.76982116699219,64.0448226928711,53.849788665771484,63.32002258300781,63.43231964111328,63.74877166748047,65.20664978027344,71.42857360839844,68.18181610107422,66.66667175292969,75,85.71428680419922,85.71428680419922,85.71428680419922,85.71428680419922,2.2927119731903076,8589934592,1073741824,5149360128,299040768
206,1771640651499,3504,3504,3504,3504,3504,3504,3504,3504,65.7918701171875,64.7933349609375,63.76982116699219,64.0448226928711,53.849788665771484,63.32002258300781,63.43231964111328,63.74877166748047,65.20664978027344,70,70,70,71.42857360839844,90.47618865966797,85,85.71428680419922,77.2727279663086,2.2927119731903076,8589934592,1073741824,5149360128,299040768
203,1771640651706,3504,3504,3504,3504,3504,3504,3504,3504,65.7918701171875,64.7933349609375,63.76982116699219,64.0448226928711,53.849788665771484,63.32002258300781,63.43231964111328,63.74877166748047,65.20664978027344,71.42857360839844,71.42857360839844,71.42857360839844,72.7272720336914,86.36363983154297,90.47618865966797,85.71428680419922,85,2.2442333698272705,8589934592,1073741824,5149360128,299040768
211,1771640651909,3504,3504,3504,3504,3504,3504,3504,3504,65.7918701171875,64.7933349609375,63.76982116699219,64.0448226928711,53.849788665771484,63.32002258300781,63.43231964111328,63.74877166748047,65.20664978027344,71.42857360839844,70,66.66667175292969,70,85,77.2727279663086,80,90,2.2442333698272705,8589934592,1073741824,5149360128,299040768
209,1771640652120,3504,3504,3504,3504,3504,3504,3504,3504,65.7918701171875,76.4400863647461,75.62850952148438,76.22772979736328,61.977848052978516,75.25245666503906,75.48009490966797,75.63384246826172,77.70996856689453,70,66.66667175292969,66.66667175292969,71.42857360839844,85,85.71428680419922,85.71428680419922,81.81818389892578,2.2442333698272705,8589934592,1073741824,5130125312,299040768
209,1771640652330,3504,3504,3504,3504,3504,3504,3504,3504,78.0174789428711,76.4400863647461,75.62850952148438,76.22772979736328,61.977848052978516,75.25245666503906,75.48009490966797,75.63384246826172,77.70996856689453,76.19047546386719,72.7272720336914,71.42857360839844,71.42857360839844,85.71428680419922,85,85.71428680419922,90,2.2442333698272705,8589934592,1073741824,5113610240,299040768
209,1771640652540,3504,3504,3504,3504,3504,3504,3504,3504,78.0174789428711,76.4400863647461,75.62850952148438,76.22772979736328,61.977848052978516,75.25245666503906,75.48009490966797,75.63384246826172,77.70996856689453,76.19047546386719,75,70,71.42857360839844,90.90909576416016,81.81818389892578,86.36363983154297,80.95238494873047,2.2442333698272705,8589934592,1073741824,5113610240,299040768
208,1771640652750,3504,3504,3504,3504,3504,3504,3504,3504,78.0174789428711,76.4400863647461,75.62850952148438,76.22772979736328,61.977848052978516,75.25245666503906,75.48009490966797,75.63384246826172,77.70996856689453,66.66667175292969,66.66667175292969,68.18181610107422,66.66667175292969,85,85.71428680419922,84.21052551269531,86.36363983154297,14.598494529724121,8589934592,1073741824,5113610240,299040768
209,1771640652959,3504,3504,3504,3504,3504,3504,3504,3504,78.0174789428711,76.4400863647461,75.62850952148438,76.22772979736328,61.977848052978516,75.25245666503906,75.48009490966797,75.63384246826172,77.70996856689453,77.2727279663086,71.42857360839844,71.42857360839844,66.66667175292969,90,85,77.2727279663086,80.95238494873047,14.598494529724121,8589934592,1073741824,5113610240,299040768
209,1771640653169,3504,3504,3504,3504,3504,3504,3504,3504,80.80081176757813,79.44049835205078,78.5560302734375,79.02549743652344,64.5724105834961,78.0790786743164,78.37300109863281,78.42426300048828,80.7423095703125,70,72.7272720336914,66.66667175292969,70,86.36363983154297,86.36363983154297,86.36363983154297,85,14.598494529724121,8589934592,1073741824,5125603328,299040768
210,1771640653379,3504,3504,3504,3504,3504,3504,3504,3504,80.80081176757813,79.44049835205078,78.5560302734375,79.02549743652344,64.5724105834961,78.0790786743164,78.37300109863281,78.42426300048828,80.7423095703125,71.42857360839844,65,66.66667175292969,68.18181610107422,81.81818389892578,85,80,85.71428680419922,14.598494529724121,8589934592,1073741824,5106663424,299040768
209,1771640653589,3504,3504,3504,3504,3504,3504,3504,3504,80.80081176757813,79.44049835205078,78.5560302734375,79.02549743652344,64.5724105834961,78.0790786743164,78.37300109863281,78.42426300048828,80.7423095703125,71.42857360839844,66.66667175292969,68.42105102539063,71.42857360839844,85,90.47618865966797,80.95238494873047,85.71428680419922,14.598494529724121,8589934592,1073741824,5122146304,299040768
206,1771640653799,3504,3504,3504,3504,3504,3504,3504,3504,80.80081176757813,79.44049835205078,78.5560302734375,79.02549743652344,64.5724105834961,78.0790786743164,78.37300109863281,78.42426300048828,80.7423095703125,72.7272720336914,76.19047546386719,72.7272720336914,65,86.36363983154297,90.47618865966797,90,80.95238494873047,19.116012573242188,8589934592,1073741824,5107433472,299040768
209,1771640654005,3504,3504,3504,3504,3504,3504,3504,3504,80.80081176757813,79.44049835205078,78.5560302734375,79.02549743652344,64.5724105834961,78.0790786743164,78.37300109863281,78.42426300048828,80.7423095703125,75,71.42857360839844,66.66667175292969,71.42857360839844,89.47368621826172,90,86.36363983154297,81.81818389892578,19.116012573242188,8589934592,1073741824,5118083072,299040768
201,1771640654215,3504,3504,3504,3504,3504,3504,3504,3504,83.26387023925781,81.11738586425781,80.51817321777344,81.36315155029297,66.34725189208984,79.762939453125,79.92845153808594,80.2261734008789,82.33793640136719,71.42857360839844,65,68.18181610107422,66.66667175292969,86.36363983154297,85.71428680419922,76.19047546386719,85,19.116012573242188,8589934592,1073741824,5132320768,299040768
205,1771640654417,3504,3504,3504,3504,3504,3504,3504,3504,83.26387023925781,81.11738586425781,80.51817321777344,81.36315155029297,66.34725189208984,79.762939453125,79.92845153808594,80.2261734008789,82.33793640136719,70,71.42857360839844,73.68421173095703,66.66667175292969,85,80.95238494873047,80,90,19.116012573242188,8589934592,1073741824,5155127296,299040768
209,1771640654623,3504,3504,3504,3504,3504,3504,3504,3504,83.26387023925781,81.11738586425781,80.51817321777344,81.36315155029297,66.34725189208984,79.762939453125,79.92845153808594,80.2261734008789,82.33793640136719,80,70,70,70,90.47618865966797,90.47618865966797,85,80.95238494873047,20.03767204284668,8589934592,1073741824,5157781504,299040768
209,1771640654833,3504,3504,3504,3504,3504,3504,3504,3504,83.26387023925781,81.11738586425781,80.51817321777344,81.36315155029297,66.34725189208984,79.762939453125,79.92845153808594,80.2261734008789,82.33793640136719,68.18181610107422,68.18181610107422,68.18181610107422,66.66667175292969,80,85.71428680419922,86.36363983154297,85,20.03767204284668,8589934592,1073741824,5159878656,299040768
203,1771640655043,3504,3504,3504,3504,3504,3504,3504,3504,83.26387023925781,81.11738586425781,80.51817321777344,81.36315155029297,66.34725189208984,79.762939453125,79.92845153808594,80.2261734008789,82.33793640136719,71.42857360839844,70,70,70,81.81818389892578,90,85,85.71428680419922,20.03767204284668,8589934592,1073741824,5124751360,299040768
206,1771640655246,3504,3504,3504,3504,3504,3504,3504,3504,84.46308135986328,82.48603057861328,81.84403228759766,82.51560974121094,67.66433715820313,81.3531723022461,81.55403137207031,81.8010482788086,84.00037384033203,73.68421173095703,71.42857360839844,76.19047546386719,68.18181610107422,85,85.71428680419922,80.95238494873047,85.71428680419922,20.03767204284668,8589934592,1073741824,5119197184,299040768
201,1771640655453,3504,3504,3504,3504,3504,3504,3504,3504,84.46308135986328,82.48603057861328,81.84403228759766,82.51560974121094,67.66433715820313,81.3531723022461,81.55403137207031,81.8010482788086,84.00037384033203,61.904762268066406,63.15789031982422,61.904762268066406,60.000003814697266,85.71428680419922,76.19047546386719,70,75,20.03767204284668,8589934592,1073741824,5125554176,299040768
209,1771640655655,3504,3504,3504,3504,3504,3504,3504,3504,84.46308135986328,82.48603057861328,81.84403228759766,82.51560974121094,67.66433715820313,81.3531723022461,81.55403137207031,81.8010482788086,84.00037384033203,10,9.523809432983398,15.000000953674316,15.000000953674316,10.526315689086914,5.263157844543457,9.523809432983398,4.761904716491699,20.32501220703125,8589934592,1073741824,5121638400,299040768
209,1771640655865,3504,3504,3504,3504,3504,3504,3504,3504,84.46308135986328,82.48603057861328,81.84403228759766,82.51560974121094,67.66433715820313,81.3531723022461,81.55403137207031,81.8010482788086,84.00037384033203,19.047618865966797,19.047618865966797,20,20,40.90909194946289,0,0,0,20.32501220703125,8589934592,1073741824,5121638400,299040768
205,1771640656075,3504,3504,3504,3504,3504,3504,3504,3504,84.46308135986328,82.48603057861328,81.84403228759766,82.51560974121094,67.66433715820313,81.3531723022461,81.55403137207031,81.8010482788086,84.00037384033203,14.285715103149414,9.523809432983398,14.285715103149414,13.636363983154297,4.761904716491699,4.545454502105713,0,0,20.32501220703125,8589934592,1073741824,5121638400,299040768
205,1771640656281,3504,3504,3504,3504,3504,3504,3504,3504,68.5342025756836,68.18047332763672,66.94634246826172,66.79832458496094,62.08004379272461,66.01510620117188,65.85647583007813,66.69046783447266,67.8131103515625,14.285715103149414,10,19.047618865966797,15.789472579956055,0,0,0,0,20.32501220703125,8589934592,1073741824,5118836736,299040768
203,1771640656487,3504,3504,3504,3504,3504,3504,3504,3504,68.5342025756836,68.18047332763672,66.94634246826172,66.79832458496094,62.08004379272461,66.01510620117188,65.85647583007813,66.69046783447266,67.8131103515625,15.000000953674316,15.000000953674316,10.526315689086914,18.18181800842285,0,0,0,0,20.32501220703125,8589934592,1073741824,5118820352,299040768
201,1771640656691,3504,3504,3504,3504,3504,3504,3504,3504,68.5342025756836,68.18047332763672,66.94634246826172,66.79832458496094,62.08004379272461,66.01510620117188,65.85647583007813,66.69046783447266,67.8131103515625,10,14.285715103149414,18.18181800842285,15.000000953674316,0,0,0,0,19.72086524963379,8589934592,1073741824,5118820352,299040768
208,1771640656893,3504,3504,3504,3504,3504,3504,3504,3504,68.5342025756836,68.18047332763672,66.94634246826172,66.79832458496094,62.08004379272461,66.01510620117188,65.85647583007813,66.69046783447266,67.8131103515625,23.809524536132813,20,5.263157844543457,10.526315689086914,0,0,0,0,19.72086524963379,8589934592,1073741824,5118820352,299040768
208,1771640657101,3504,3504,3504,3504,3504,3504,3504,3504,68.5342025756836,68.18047332763672,66.94634246826172,66.79832458496094,62.08004379272461,66.01510620117188,65.85647583007813,66.69046783447266,67.8131103515625,20,9.523809432983398,13.636363983154297,19.047618865966797,0,4.761904716491699,0,0,19.72086524963379,8589934592,1073741824,5118820352,299040768
209,1771640657310,3504,3504,3504,3504,3504,3504,3504,3504,54.6263427734375,54.38376235961914,53.174591064453125,52.93730926513672,53.22356414794922,52.99329376220703,52.69868469238281,53.817562103271484,54.0978889465332,20,23.809524536132813,14.285715103149414,9.523809432983398,0,0,0,0,19.72086524963379,8589934592,1073741824,5111267328,299040768
209,1771640657520,3504,3504,3504,3504,3504,3504,3504,3504,54.6263427734375,54.38376235961914,53.174591064453125,52.93730926513672,53.22356414794922,52.99329376220703,52.69868469238281,53.817562103271484,54.0978889465332,31.81818199157715,14.285715103149414,9.523809432983398,9.523809432983398,0,0,0,0,19.72086524963379,8589934592,1073741824,5111201792,299040768
206,1771640657730,3504,3504,3504,3504,3504,3504,3504,3504,54.6263427734375,54.38376235961914,53.174591064453125,52.93730926513672,53.22356414794922,52.99329376220703,52.69868469238281,53.817562103271484,54.0978889465332,30.000001907348633,9.523809432983398,10,9.090909004211426,0,0,0,0,11.211895942687988,8589934592,1073741824,5111201792,299040768
206,1771640657937,3504,3504,3504,3504,3504,3504,3504,3504,54.6263427734375,54.38376235961914,53.174591064453125,52.93730926513672,53.22356414794922,52.99329376220703,52.69868469238281,53.817562103271484,54.0978889465332,30.000001907348633,25,20,20,15.000000953674316,14.285715103149414,14.285715103149414,18.18181800842285,11.211895942687988,8589934592,1073741824,5111218176,299040768
209,1771640658144,3504,3504,3504,3504,3504,3504,3504,3504,52.44387435913086,51.63624954223633,50.712127685546875,50.516685485839844,50.72211456298828,50.58379364013672,50.32648468017578,51.52680206298828,51.757469177246094,19.047618865966797,19.047618865966797,19.047618865966797,9.523809432983398,0,0,0,0,11.211895942687988,8589934592,1073741824,5106401280,299040768
205,1771640658354,3504,3504,3504,3504,3504,3504,3504,3504,52.44387435913086,51.63624954223633,50.712127685546875,50.516685485839844,50.72211456298828,50.58379364013672,50.32648468017578,51.52680206298828,51.757469177246094,19.047618865966797,19.047618865966797,9.523809432983398,5,0,0,0,0,11.211895942687988,8589934592,1073741824,5097062400,299040768
209,1771640658560,3504,3504,3504,3504,3504,3504,3504,3504,52.44387435913086,51.63624954223633,50.712127685546875,50.516685485839844,50.72211456298828,50.58379364013672,50.32648468017578,51.52680206298828,51.757469177246094,23.809524536132813,25,14.285715103149414,13.636363983154297,0,0,0,0,11.211895942687988,8589934592,1073741824,5096472576,299040768
209,1771640658770,3504,3504,3504,3504,3504,3504,3504,3504,52.44387435913086,51.63624954223633,50.712127685546875,50.516685485839844,50.72211456298828,50.58379364013672,50.32648468017578,51.52680206298828,51.757469177246094,14.285715103149414,25,14.285715103149414,5,0,0,0,0,2.265232801437378,8589934592,1073741824,5096390656,299040768
206,1771640658980,3504,3504,3504,3504,3504,3504,3504,3504,52.44387435913086,51.63624954223633,50.712127685546875,50.516685485839844,50.72211456298828,50.58379364013672,50.32648468017578,51.52680206298828,51.757469177246094,14.285715103149414,23.809524536132813,5,19.047618865966797,0,0,0,0,2.265232801437378,8589934592,1073741824,5096390656,299040768
200,1771640659187,3504,3504,3504,3504,3504,3504,3504,3504,50.399688720703125,49.72317123413086,48.8521728515625,48.589202880859375,49.07954025268555,48.79340362548828,48.537513732910156,49.6707878112793,49.81424331665039,14.285715103149414,22.72727394104004,14.285715103149414,10,0,0,0,0,2.265232801437378,8589934592,1073741824,5096505344,299040768
209,1771640659388,3504,3504,3504,3504,3504,3504,3504,3504,50.399688720703125,49.72317123413086,48.8521728515625,48.589202880859375,49.07954025268555,48.79340362548828,48.537513732910156,49.6707878112793,49.81424331665039,21.052631378173828,11.111111640930176,15.000000953674316,15.000000953674316,0,0,0,0,2.265232801437378,8589934592,1073741824,5096472576,299040768
207,1771640659598,3504,3504,3504,3504,3504,3504,3504,3504,50.399688720703125,49.72317123413086,48.8521728515625,48.589202880859375,49.07954025268555,48.79340362548828,48.537513732910156,49.6707878112793,49.81424331665039,22.72727394104004,17.39130401611328,9.523809432983398,13.636363983154297,9.523809432983398,0,4.761904716491699,0,2.265232801437378,8589934592,1073741824,5096472576,299040768
199,1771640659806,3504,3504,3504,3504,3504,3504,3504,3504,50.399688720703125,49.72317123413086,48.8521728515625,48.589202880859375,49.07954025268555,48.79340362548828,48.537513732910156,49.6707878112793,49.81424331665039,20,25,19.047618865966797,14.285715103149414,0,0,0,0,2.798703193664551,8589934592,1073741824,5095063552,299040768
207,1771640660006,3504,3504,3504,3504,3504,3504,3504,3504,50.399688720703125,49.72317123413086,48.8521728515625,48.589202880859375,49.07954025268555,48.79340362548828,48.537513732910156,49.6707878112793,49.81424331665039,30.000001907348633,30.000001907348633,20,20,0,5,0,0,2.798703193664551,8589934592,1073741824,5096357888,299040768
206,1771640660214,3504,3504,3504,3504,3504,3504,3504,3504,49.26498794555664,48.792476654052734,47.690673828125,47.39752960205078,47.77490234375,47.66364288330078,47.33849334716797,48.45683288574219,48.61540603637695,20,10,10,15.000000953674316,0,0,0,0,2.798703193664551,8589934592,1073741824,5096407040,299040768
200,1771640660420,3504,3504,3504,3504,3504,3504,3504,3504,49.26498794555664,48.792476654052734,47.690673828125,47.39752960205078,47.77490234375,47.66364288330078,47.33849334716797,48.45683288574219,48.61540603637695,28.571430206298828,15.000000953674316,14.285715103149414,20,4.761904716491699,0,0,0,2.798703193664551,8589934592,1073741824,5060935680,299040768
209,1771640660621,3504,3504,3504,3504,3504,3504,3504,3504,49.26498794555664,48.792476654052734,47.690673828125,47.39752960205078,47.77490234375,47.66364288330078,47.33849334716797,48.45683288574219,48.61540603637695,65,61.904762268066406,63.15789031982422,61.904762268066406,75,78.94737243652344,80,75,2.2175238132476807,8589934592,1073741824,5138350080,299040768
205,1771640660831,3504,3504,3504,3504,3504,3504,3504,3504,49.26498794555664,48.792476654052734,47.690673828125,47.39752960205078,47.77490234375,47.66364288330078,47.33849334716797,48.45683288574219,48.61540603637695,66.66667175292969,70,68.18181610107422,68.42105102539063,85,90.47618865966797,80.95238494873047,84.21052551269531,2.2175238132476807,8589934592,1073741824,5128601600,299040768
209,1771640661037,3504,3504,3504,3504,3504,3504,3504,3504,49.26498794555664,48.792476654052734,47.690673828125,47.39752960205078,47.77490234375,47.66364288330078,47.33849334716797,48.45683288574219,48.61540603637695,75,71.42857360839844,75,72.7272720336914,85.71428680419922,85,90.47618865966797,81.81818389892578,2.2175238132476807,8589934592,1073741824,5131714560,299040768
206,1771640661247,3504,3504,3504,3504,3504,3504,3504,3504,63.71211242675781,62.28801345825195,61.41941833496094,61.83470153808594,52.98563003540039,61.63378143310547,61.622657775878906,62.139915466308594,63.349212646484375,71.42857360839844,68.18181610107422,72.7272720336914,61.904762268066406,81.81818389892578,86.36363983154297,85,90.47618865966797,2.2175238132476807,8589934592,1073741824,5142495232,299040768
200,1771640661453,3504,3504,3504,3504,3504,3504,3504,3504,63.71211242675781,62.28801345825195,61.41941833496094,61.83470153808594,52.98563003540039,61.63378143310547,61.622657775878906,62.139915466308594,63.349212646484375,70,70,65,70,85,85.71428680419922,85.71428680419922,80,2.2175238132476807,8589934592,1073741824,5142495232,299040768
203,1771640661654,3504,3504,3504,3504,3504,3504,3504,3504,63.71211242675781,62.28801345825195,61.41941833496094,61.83470153808594,52.98563003540039,61.63378143310547,61.622657775878906,62.139915466308594,63.349212646484375,76.19047546386719,70,70,70,85,84.21052551269531,85,85.71428680419922,2.206178903579712,8589934592,1073741824,5164449792,299040768
209,1771640661857,3504,3504,3504,3504,3504,3504,3504,3504,63.71211242675781,62.28801345825195,61.41941833496094,61.83470153808594,52.98563003540039,61.63378143310547,61.622657775878906,62.139915466308594,63.349212646484375,75,75,75,75,85.71428680419922,90,80,85,2.206178903579712,8589934592,1073741824,5141463040,299040768
202,1771640662067,3504,3504,3504,3504,3504,3504,3504,3504,63.71211242675781,62.28801345825195,61.41941833496094,61.83470153808594,52.98563003540039,61.63378143310547,61.622657775878906,62.139915466308594,63.349212646484375,71.42857360839844,68.18181610107422,63.6363639831543,66.66667175292969,80.95238494873047,90.90909576416016,81.81818389892578,80.95238494873047,2.206178903579712,8589934592,1073741824,5141463040,299040768
216,1771640662270,3504,3504,3504,3504,3504,3504,3504,3504,78.30802917480469,76.17268371582031,75.45626068115234,76.29863739013672,61.964595794677734,75.2337875366211,75.50098419189453,75.59546661376953,77.77296447753906,70,68.42105102539063,70,66.66667175292969,85,85,90,85,2.206178903579712,8589934592,1073741824,5141463040,299040768
199,1771640662492,3504,3504,3504,3504,3504,3504,3504,3504,78.30802917480469,76.17268371582031,75.45626068115234,76.29863739013672,61.964595794677734,75.2337875366211,75.50098419189453,75.59546661376953,77.77296447753906,68.18181610107422,68.18181610107422,65,68.18181610107422,86.36363983154297,86.36363983154297,86.36363983154297,76.19047546386719,2.206178903579712,8589934592,1073741824,5108989952,299040768
209,1771640662692,3504,3504,3504,3504,3504,3504,3504,3504,78.30802917480469,76.17268371582031,75.45626068115234,76.29863739013672,61.964595794677734,75.2337875366211,75.50098419189453,75.59546661376953,77.77296447753906,75,70,68.18181610107422,70,94.73684692382813,80.95238494873047,85.71428680419922,81.81818389892578,10.937005996704102,8589934592,1073741824,5120819200,299040768
201,1771640662902,3504,3504,3504,3504,3504,3504,3504,3504,78.30802917480469,76.17268371582031,75.45626068115234,76.29863739013672,61.964595794677734,75.2337875366211,75.50098419189453,75.59546661376953,77.77296447753906,71.42857360839844,72.7272720336914,80.95238494873047,70,86.36363983154297,84.21052551269531,90,90.47618865966797,10.937005996704102,8589934592,1073741824,5121179648,299040768
209,1771640663103,3504,3504,3504,3504,3504,3504,3504,3504,78.30802917480469,76.17268371582031,75.45626068115234,76.29863739013672,61.964595794677734,75.2337875366211,75.50098419189453,75.59546661376953,77.77296447753906,71.42857360839844,68.42105102539063,70,66.66667175292969,85,90.47618865966797,80,85,10.937005996704102,8589934592,1073741824,5109350400,299040768
209,1771640663313,3504,3504,3504,3504,3504,3504,3504,3504,81.21170043945313,79.45651245117188,78.59825134277344,79.26959991455078,64.78211212158203,78.62689971923828,78.77266693115234,79.07289123535156,81.02884674072266,70,66.66667175292969,66.66667175292969,71.42857360839844,86.36363983154297,85.71428680419922,90.47618865966797,85.71428680419922,10.937005996704102,8589934592,1073741824,5109350400,299040768
207,1771640663523,3504,3504,3504,3504,3504,3504,3504,3504,81.21170043945313,79.45651245117188,78.59825134277344,79.26959991455078,64.78211212158203,78.62689971923828,78.77266693115234,79.07289123535156,81.02884674072266,76.19047546386719,68.18181610107422,80,71.42857360839844,95,86.36363983154297,80.95238494873047,85.71428680419922,10.937005996704102,8589934592,1073741824,5161517056,299040768
209,1771640663731,3504,3504,3504,3504,3504,3504,3504,3504,81.21170043945313,79.45651245117188,78.59825134277344,79.26959991455078,64.78211212158203,78.62689971923828,78.77266693115234,79.07289123535156,81.02884674072266,66.66667175292969,68.42105102539063,68.18181610107422,65,85.71428680419922,80.95238494873047,80.95238494873047,85,19.44306182861328,8589934592,1073741824,5142364160,299040768
209,1771640663941,3504,3504,3504,3504,3504,3504,3504,3504,81.21170043945313,79.45651245117188,78.59825134277344,79.26959991455078,64.78211212158203,78.62689971923828,78.77266693115234,79.07289123535156,81.02884674072266,76.19047546386719,72.7272720336914,70,71.42857360839844,90.47618865966797,90,90.47618865966797,80.95238494873047,19.44306182861328,8589934592,1073741824,5124997120,299040768
204,1771640664151,3504,3504,3504,3504,3504,3504,3504,3504,83.44844818115234,81.97331237792969,81.17916870117188,81.61129760742188,66.83051300048828,80.31327819824219,80.64384460449219,80.76254272460938,83.01719665527344,75,75,75,71.42857360839844,90.47618865966797,90.47618865966797,85.71428680419922,85.71428680419922,19.44306182861328,8589934592,1073741824,5124997120,299040768
209,1771640664356,3504,3504,3504,3504,3504,3504,3504,3504,83.44844818115234,81.97331237792969,81.17916870117188,81.61129760742188,66.83051300048828,80.31327819824219,80.64384460449219,80.76254272460938,83.01719665527344,71.42857360839844,72.7272720336914,76.19047546386719,71.42857360839844,85.71428680419922,90.47618865966797,85,80.95238494873047,19.44306182861328,8589934592,1073741824,5124997120,299040768
205,1771640664566,3504,3504,3504,3504,3504,3504,3504,3504,83.44844818115234,81.97331237792969,81.17916870117188,81.61129760742188,66.83051300048828,80.31327819824219,80.64384460449219,80.76254272460938,83.01719665527344,68.18181610107422,65,66.66667175292969,66.66667175292969,90,80.95238494873047,80.95238494873047,85,19.44306182861328,8589934592,1073741824,5149622272,299040768
209,1771640664772,3504,3504,3504,3504,3504,3504,3504,3504,83.44844818115234,81.97331237792969,81.17916870117188,81.61129760742188,66.83051300048828,80.31327819824219,80.64384460449219,80.76254272460938,83.01719665527344,72.22222137451172,71.42857360839844,71.42857360839844,66.66667175292969,80.95238494873047,90,90,77.2727279663086,19.29366683959961,8589934592,1073741824,5163827200,299040768
218,1771640664981,3504,3504,3504,3504,3504,3504,3504,3504,83.44844818115234,81.97331237792969,81.17916870117188,81.61129760742188,66.83051300048828,80.31327819824219,80.64384460449219,80.76254272460938,83.01719665527344,72.7272720336914,71.42857360839844,75,75,85,85.71428680419922,81.81818389892578,90.47618865966797,19.29366683959961,8589934592,1073741824,5164728320,299040768
204,1771640665200,3504,3504,3504,3504,3504,3504,3504,3504,84.8557357788086,82.95943450927734,82.23552703857422,82.88761138916016,68.1228256225586,81.86495208740234,82.0304183959961,82.36601257324219,84.39730834960938,72.7272720336914,71.42857360839844,69.56521606445313,68.18181610107422,86.36363983154297,81.81818389892578,90.47618865966797,81.81818389892578,19.29366683959961,8589934592,1073741824,5107990528,299040768
209,1771640665405,3504,3504,3504,3504,3504,3504,3504,3504,84.8557357788086,82.95943450927734,82.23552703857422,82.88761138916016,68.1228256225586,81.86495208740234,82.0304183959961,82.36601257324219,84.39730834960938,76.19047546386719,71.42857360839844,71.42857360839844,71.42857360839844,85.71428680419922,95,85,84.21052551269531,19.29366683959961,8589934592,1073741824,5130092544,299040768
209,1771640665615,3504,3504,3504,3504,3504,3504,3504,3504,84.8557357788086,82.95943450927734,82.23552703857422,82.88761138916016,68.1228256225586,81.86495208740234,82.0304183959961,82.36601257324219,84.39730834960938,65,55,55,57.142860412597656,72.7272720336914,72.7272720336914,68.18181610107422,68.18181610107422,19.29366683959961,8589934592,1073741824,5119197184,299040768
208,1771640665825,3504,3504,3504,3504,3504,3504,3504,3504,84.8557357788086,82.95943450927734,82.23552703857422,82.88761138916016,68.1228256225586,81.86495208740234,82.0304183959961,82.36601257324219,84.39730834960938,27.272727966308594,9.090909004211426,9.523809432983398,10,5,30.000001907348633,0,0,19.99506187438965,8589934592,1073741824,5116428288,299040768
203,1771640666034,3504,3504,3504,3504,3504,3504,3504,3504,84.8557357788086,82.95943450927734,82.23552703857422,82.88761138916016,68.1228256225586,81.86495208740234,82.0304183959961,82.36601257324219,84.39730834960938,30.000001907348633,20,14.285715103149414,13.636363983154297,4.761904716491699,9.090909004211426,4.761904716491699,0,19.99506187438965,8589934592,1073741824,5116379136,299040768
204,1771640666238,3504,3504,3504,3504,3504,3504,3504,3504,73.63345336914063,72.24576568603516,71.27363586425781,71.60935974121094,64.43147277832031,70.65462493896484,70.43313598632813,71.26399993896484,72.41361999511719,23.809524536132813,22.72727394104004,9.523809432983398,10,0,0,0,0,19.99506187438965,8589934592,1073741824,5116379136,299040768
209,1771640666443,3504,3504,3504,3504,3504,3504,3504,3504,73.63345336914063,72.24576568603516,71.27363586425781,71.60935974121094,64.43147277832031,70.65462493896484,70.43313598632813,71.26399993896484,72.41361999511719,25,15.000000953674316,10,5,0,0,0,0,19.99506187438965,8589934592,1073741824,5116379136,299040768
201,1771640666653,3504,3504,3504,3504,3504,3504,3504,3504,73.63345336914063,72.24576568603516,71.27363586425781,71.60935974121094,64.43147277832031,70.65462493896484,70.43313598632813,71.26399993896484,72.41361999511719,14.285715103149414,23.809524536132813,10,10,0,0,0,0,19.61304473876953,8589934592,1073741824,5113249792,299040768
205,1771640666855,3504,3504,3504,3504,3504,3504,3504,3504,73.63345336914063,72.24576568603516,71.27363586425781,71.60935974121094,64.43147277832031,70.65462493896484,70.43313598632813,71.26399993896484,72.41361999511719,20,15.789472579956055,14.285715103149414,18.18181800842285,0,0,0,0,19.61304473876953,8589934592,1073741824,5112365056,299040768
206,1771640667061,3504,3504,3504,3504,3504,3504,3504,3504,73.63345336914063,72.24576568603516,71.27363586425781,71.60935974121094,64.43147277832031,70.65462493896484,70.43313598632813,71.26399993896484,72.41361999511719,20,19.047618865966797,14.285715103149414,15.000000953674316,0,0,0,0,19.61304473876953,8589934592,1073741824,5112365056,299040768
209,1771640667268,3504,3504,3504,3504,3504,3504,3504,3504,55.780128479003906,55.44466781616211,54.220733642578125,53.979698181152344,54.22071838378906,54.039207458496094,53.743797302246094,54.88560485839844,55.165565490722656,23.809524536132813,15.000000953674316,15.789472579956055,9.523809432983398,0,0,0,0,19.61304473876953,8589934592,1073741824,5112365056,299040768
206,1771640667478,3504,3504,3504,3504,3504,3504,3504,3504,55.780128479003906,55.44466781616211,54.220733642578125,53.979698181152344,54.22071838378906,54.039207458496094,53.743797302246094,54.88560485839844,55.165565490722656,19.047618865966797,22.72727394104004,27.272727966308594,10,4.545454502105713,0,0,0,19.61304473876953,8589934592,1073741824,5112365056,299040768
207,1771640667685,3504,3504,3504,3504,3504,3504,3504,3504,55.780128479003906,55.44466781616211,54.220733642578125,53.979698181152344,54.22071838378906,54.039207458496094,53.743797302246094,54.88560485839844,55.165565490722656,19.047618865966797,21.052631378173828,15.000000953674316,14.285715103149414,0,0,0,0,11.93018913269043,8589934592,1073741824,5109694464,299040768
209,1771640667893,3504,3504,3504,3504,3504,3504,3504,3504,55.780128479003906,55.44466781616211,54.220733642578125,53.979698181152344,54.22071838378906,54.039207458496094,53.743797302246094,54.88560485839844,55.165565490722656,20,19.047618865966797,14.285715103149414,10,0,0,0,0,11.93018913269043,8589934592,1073741824,5109661696,299040768
208,1771640668103,3504,3504,3504,3504,3504,3504,3504,3504,55.780128479003906,55.44466781616211,54.220733642578125,53.979698181152344,54.22071838378906,54.039207458496094,53.743797302246094,54.88560485839844,55.165565490722656,14.285715103149414,23.809524536132813,10,18.18181800842285,0,0,0,0,11.93018913269043,8589934592,1073741824,5109710848,299040768
207,1771640668312,3504,3504,3504,3504,3504,3504,3504,3504,52.787811279296875,52.122066497802734,51.164451599121094,50.937583923339844,51.28959274291992,51.04344940185547,50.760284423828125,51.8994140625,52.124691009521484,15.000000953674316,19.047618865966797,13.636363983154297,15.000000953674316,0,0,0,0,11.93018913269043,8589934592,1073741824,5104746496,299040768
209,1771640668520,3504,3504,3504,3504,3504,3504,3504,3504,52.787811279296875,52.122066497802734,51.164451599121094,50.937583923339844,51.28959274291992,51.04344940185547,50.760284423828125,51.8994140625,52.124691009521484,14.285715103149414,14.285715103149414,14.285715103149414,19.047618865966797,0,0,0,0,11.93018913269043,8589934592,1073741824,5104746496,299040768
208,1771640668730,3504,3504,3504,3504,3504,3504,3504,3504,52.787811279296875,52.122066497802734,51.164451599121094,50.937583923339844,51.28959274291992,51.04344940185547,50.760284423828125,51.8994140625,52.124691009521484,15.000000953674316,14.285715103149414,20,14.285715103149414,0,0,0,0,2.06848406791687,8589934592,1073741824,5095309312,299040768
10,1771640668939,3504,3504,3504,3504,3504,3504,3504,3504,52.787811279296875,52.122066497802734,51.164451599121094,50.937583923339844,51.28959274291992,51.04344940185547,50.760284423828125,51.8994140625,52.124691009521484,14.285715103149414,5,15.000000953674316,19.047618865966797,0,0,0,0,2.06848406791687,8589934592,1073741824,5094834176,299040768
