Delta,Time,CPU_FREQUENCY_0,CPU_FREQUENCY_1,CPU_FREQUENCY_2,CPU_FREQUENCY_3,CPU_FREQUENCY_4,CPU_FREQUENCY_5,CPU_FREQUENCY_6,CPU_FREQUENCY_7,CPU_TEMP_0,CPU_TEMP_1,CPU_TEMP_2,CPU_TEMP_3,CPU_TEMP_4,CPU_TEMP_5,CPU_TEMP_6,CPU_TEMP_7,CPU_TEMP_8,CPU_USAGE_0,CPU_USAGE_1,CPU_USAGE_2,CPU_USAGE_3,CPU_USAGE_4,CPU_USAGE_5,CPU_USAGE_6,CPU_USAGE_7,SYSTEM_POWER (Watts),TOTAL_MEMORY,TOTAL_SWAP,USED_MEMORY,USED_SWAP
0,1771639315458,3504,3504,3504,3504,3504,3504,3504,3504,48.72385787963867,48.272544860839844,47.03319549560547,46.89508056640625,46.900856018066406,46.924949645996094,46.495262145996094,47.63688659667969,47.777259826660156,0,50,50,0,0,0,0,0,8.770991325378418,8589934592,1073741824,5359271936,307429376
209,1771639315458,3504,3504,3504,3504,3504,3504,3504,3504,48.72385787963867,48.272544860839844,47.03319549560547,46.89508056640625,46.900856018066406,46.924949645996094,46.495262145996094,47.63688659667969,47.777259826660156,50,NaN,0,66.66667175292969,0,0,0,0,8.770991325378418,8589934592,1073741824,5359763456,307429376
201,1771639315668,3504,3504,3504,3504,3504,3504,3504,3504,48.72385787963867,48.272544860839844,47.03319549560547,46.89508056640625,46.900856018066406,46.924949645996094,46.495262145996094,47.63688659667969,47.777259826660156,20,22.72727394104004,9.523809432983398,4.761904716491699,0,0,4.761904716491699,4.545454502105713,2.1370205879211426,8589934592,1073741824,5360107520,307429376
209,1771639315870,3504,3504,3504,3504,3504,3504,3504,3504,48.72385787963867,48.272544860839844,47.03319549560547,46.89508056640625,46.900856018066406,46.924949645996094,46.495262145996094,47.63688659667969,47.777259826660156,25,21.052631378173828,15.000000953674316,15.000000953674316,0,0,0,0,2.1370205879211426,8589934592,1073741824,5360713728,307429376
204,1771639316080,3504,3504,3504,3504,3504,3504,3504,3504,48.72385787963867,48.272544860839844,47.03319549560547,46.89508056640625,46.900856018066406,46.924949645996094,46.495262145996094,47.63688659667969,47.777259826660156,19.047618865966797,19.047618865966797,14.285715103149414,9.523809432983398,0,4.545454502105713,0,0,2.1370205879211426,8589934592,1073741824,5351342080,307429376
206,1771639316286,3504,3504,3504,3504,3504,3504,3504,3504,46.953094482421875,46.61144256591797,45.385581970214844,45.27250671386719,45.486698150634766,45.722206115722656,45.034095764160156,46.19939041137695,46.30023956298828,19.047618865966797,28.571430206298828,19.047618865966797,10,0,0,0,0,2.1370205879211426,8589934592,1073741824,5351309312,307429376
209,1771639316493,3504,3504,3504,3504,3504,3504,3504,3504,46.953094482421875,46.61144256591797,45.385581970214844,45.27250671386719,45.486698150634766,45.722206115722656,45.034095764160156,46.19939041137695,46.30023956298828,14.285715103149414,15.000000953674316,15.789472579956055,9.523809432983398,22.72727394104004,5,0,0,2.1370205879211426,8589934592,1073741824,5358108672,307429376
209,1771639316703,3504,3504,3504,3504,3504,3504,3504,3504,46.953094482421875,46.61144256591797,45.385581970214844,45.27250671386719,45.486698150634766,45.722206115722656,45.034095764160156,46.19939041137695,46.30023956298828,60.000003814697266,61.904762268066406,59.09090805053711,57.142860412597656,80,77.2727279663086,77.2727279663086,75,2.8569231033325195,8589934592,1073741824,5346639872,307429376
213,1771639316913,3504,3504,3504,3504,3504,3504,3504,3504,46.953094482421875,46.61144256591797,45.385581970214844,45.27250671386719,45.486698150634766,45.722206115722656,45.034095764160156,46.19939041137695,46.30023956298828,72.7272720336914,72.7272720336914,76.19047546386719,71.42857360839844,90.47618865966797,90,85.71428680419922,85.71428680419922,2.8569231033325195,8589934592,1073741824,5376294912,307429376
209,1771639317127,3504,3504,3504,3504,3504,3504,3504,3504,46.953094482421875,46.61144256591797,45.385581970214844,45.27250671386719,45.486698150634766,57.39531707763672,57.42829132080078,58.044498443603516,59.26708984375,70,66.66667175292969,68.18181610107422,70,85.71428680419922,86.36363983154297,85.71428680419922,81.81818389892578,2.8569231033325195,8589934592,1073741824,5330583552,307429376
208,1771639317337,3504,3504,3504,3504,3504,3504,3504,3504,60.098480224609375,58.875579833984375,57.714752197265625,58.169883728027344,49.85076141357422,57.39531707763672,57.42829132080078,58.044498443603516,59.26708984375,72.7272720336914,75,71.42857360839844,71.42857360839844,81.81818389892578,90.47618865966797,80.95238494873047,86.36363983154297,2.8569231033325195,8589934592,1073741824,5341118464,307429376
209,1771639317545,3504,3504,3504,3504,3504,3504,3504,3504,60.098480224609375,58.875579833984375,57.714752197265625,58.169883728027344,49.85076141357422,57.39531707763672,57.42829132080078,58.044498443603516,59.26708984375,70,66.66667175292969,66.66667175292969,66.66667175292969,90,85.71428680419922,90,80,2.8569231033325195,8589934592,1073741824,5350440960,307429376
209,1771639317755,3504,3504,3504,3504,3504,3504,3504,3504,60.098480224609375,58.875579833984375,57.714752197265625,58.169883728027344,49.85076141357422,57.39531707763672,57.42829132080078,58.044498443603516,59.26708984375,72.7272720336914,71.42857360839844,70,68.18181610107422,81.81818389892578,90.47618865966797,85.71428680419922,77.2727279663086,2.683896780014038,8589934592,1073741824,5185306624,307429376
206,1771639317965,3504,3504,3504,3504,3504,3504,3504,3504,60.098480224609375,58.875579833984375,57.714752197265625,58.169883728027344,49.85076141357422,57.39531707763672,57.42829132080078,58.044498443603516,59.26708984375,75,71.42857360839844,70,70,90,90,81.81818389892578,85,2.683896780014038,8589934592,1073741824,5210062848,307429376
213,1771639318172,3504,3504,3504,3504,3504,3504,3504,3504,75.17876434326172,73.07659149169922,72.33197021484375,73.21752166748047,58.865787506103516,71.95307159423828,72.1715087890625,72.3636245727539,74.31531524658203,71.42857360839844,70,66.66667175292969,66.66667175292969,85,85.71428680419922,80,85.71428680419922,2.683896780014038,8589934592,1073741824,5181751296,307429376
200,1771639318386,3504,3504,3504,3504,3504,3504,3504,3504,75.17876434326172,73.07659149169922,72.33197021484375,73.21752166748047,58.865787506103516,71.95307159423828,72.1715087890625,72.3636245727539,74.31531524658203,77.2727279663086,73.91304016113281,72.7272720336914,71.42857360839844,86.9565200805664,90.47618865966797,86.36363983154297,85.71428680419922,2.683896780014038,8589934592,1073741824,5168496640,307429376
208,1771639318586,3504,3504,3504,3504,3504,3504,3504,3504,75.17876434326172,73.07659149169922,72.33197021484375,73.21752166748047,58.865787506103516,71.95307159423828,72.1715087890625,72.3636245727539,74.31531524658203,72.22222137451172,72.22222137451172,70,71.42857360839844,84.21052551269531,80.95238494873047,80.95238494873047,90,2.683896780014038,8589934592,1073741824,5169184768,307429376
212,1771639318795,3504,3504,3504,3504,3504,3504,3504,3504,75.17876434326172,73.07659149169922,72.33197021484375,73.21752166748047,58.865787506103516,71.95307159423828,72.1715087890625,72.3636245727539,74.31531524658203,72.7272720336914,72.7272720336914,71.42857360839844,71.42857360839844,90.47618865966797,90.47618865966797,80,85,10.122233390808105,8589934592,1073741824,5171068928,307429376
209,1771639319008,3504,3504,3504,3504,3504,3504,3504,3504,75.17876434326172,73.07659149169922,72.33197021484375,73.21752166748047,58.865787506103516,71.95307159423828,72.1715087890625,72.3636245727539,74.31531524658203,72.7272720336914,70,66.66667175292969,70,85.71428680419922,80.95238494873047,80.95238494873047,86.36363983154297,10.122233390808105,8589934592,1073741824,5171068928,307429376
201,1771639319218,3504,3504,3504,3504,3504,3504,3504,3504,77.87521362304688,76.10906982421875,75.28238677978516,75.93780517578125,61.786922454833984,74.96109008789063,75.35877990722656,75.28612518310547,77.77641296386719,70,72.7272720336914,71.42857360839844,66.66667175292969,85.71428680419922,90.47618865966797,90.47618865966797,80.95238494873047,10.122233390808105,8589934592,1073741824,5182423040,307429376
213,1771639319419,3504,3504,3504,3504,3504,3504,3504,3504,77.87521362304688,76.10906982421875,75.28238677978516,75.93780517578125,61.786922454833984,74.96109008789063,75.35877990722656,75.28612518310547,77.77641296386719,71.42857360839844,70,66.66667175292969,66.66667175292969,85,85.71428680419922,85,75,10.122233390808105,8589934592,1073741824,5182406656,307429376
203,1771639319633,3504,3504,3504,3504,3504,3504,3504,3504,77.87521362304688,76.10906982421875,75.28238677978516,75.93780517578125,61.786922454833984,74.96109008789063,75.35877990722656,75.28612518310547,77.77641296386719,75,71.42857360839844,66.66667175292969,70,86.36363983154297,85,81.81818389892578,85.71428680419922,19.19980812072754,8589934592,1073741824,5146230784,307429376
210,1771639319836,3504,3504,3504,3504,3504,3504,3504,3504,77.87521362304688,76.10906982421875,75.28238677978516,75.93780517578125,61.786922454833984,74.96109008789063,75.35877990722656,75.28612518310547,77.77641296386719,76.19047546386719,70,70,66.66667175292969,85,80.95238494873047,85.71428680419922,90,19.19980812072754,8589934592,1073741824,5146230784,307429376
206,1771639320047,3504,3504,3504,3504,3504,3504,3504,3504,77.87521362304688,76.10906982421875,75.28238677978516,75.93780517578125,61.786922454833984,74.96109008789063,75.35877990722656,75.28612518310547,77.77641296386719,71.42857360839844,72.7272720336914,70,66.66667175292969,85.71428680419922,80.95238494873047,84.21052551269531,81.81818389892578,19.19980812072754,8589934592,1073741824,5146230784,307429376
209,1771639320253,3504,3504,3504,3504,3504,3504,3504,3504,79.43035888671875,77.73759460449219,76.90890502929688,77.58887481689453,63.304447174072266,76.6670150756836,76.83757781982422,77.1827621459961,79.2588882446289,70,70,71.42857360839844,70,90.47618865966797,85,81.81818389892578,85.71428680419922,19.19980812072754,8589934592,1073741824,5173526528,307429376
209,1771639320463,3504,3504,3504,3504,3504,3504,3504,3504,79.43035888671875,77.73759460449219,76.90890502929688,77.58887481689453,63.304447174072266,76.6670150756836,76.83757781982422,77.1827621459961,79.2588882446289,71.42857360839844,66.66667175292969,66.66667175292969,63.6363639831543,80,90.47618865966797,80,75,19.19980812072754,8589934592,1073741824,5176311808,307429376
209,1771639320672,3504,3504,3504,3504,3504,3504,3504,3504,79.43035888671875,77.73759460449219,76.90890502929688,77.58887481689453,63.304447174072266,76.6670150756836,76.83757781982422,77.1827621459961,79.2588882446289,71.42857360839844,71.42857360839844,68.18181610107422,70,81.81818389892578,90.47618865966797,80.95238494873047,85.71428680419922,19.53895378112793,8589934592,1073741824,5207343104,307429376
203,1771639320882,3504,3504,3504,3504,3504,3504,3504,3504,79.43035888671875,77.73759460449219,76.90890502929688,77.58887481689453,63.304447174072266,76.6670150756836,76.83757781982422,77.1827621459961,79.2588882446289,71.42857360839844,68.18181610107422,70,65,90.47618865966797,80.95238494873047,85,80.95238494873047,19.53895378112793,8589934592,1073741824,5207343104,307429376
209,1771639321086,3504,3504,3504,3504,3504,3504,3504,3504,79.43035888671875,77.73759460449219,76.90890502929688,77.58887481689453,63.304447174072266,76.6670150756836,76.83757781982422,77.1827621459961,79.2588882446289,68.42105102539063,68.42105102539063,65,66.66667175292969,85,80.95238494873047,81.81818389892578,90.47618865966797,19.53895378112793,8589934592,1073741824,5207343104,307429376
209,1771639321296,3504,3504,3504,3504,3504,3504,3504,3504,80.82567596435547,78.98664093017578,78.16239166259766,78.9050521850586,64.39964294433594,77.6897201538086,77.99727630615234,78.05648040771484,80.46174621582031,72.7272720336914,72.7272720336914,71.42857360839844,68.18181610107422,86.36363983154297,90.47618865966797,80,85.71428680419922,19.53895378112793,8589934592,1073741824,5168758784,307429376
209,1771639321506,3504,3504,3504,3504,3504,3504,3504,3504,80.82567596435547,78.98664093017578,78.16239166259766,78.9050521850586,64.39964294433594,77.6897201538086,77.99727630615234,78.05648040771484,80.46174621582031,80,70,71.42857360839844,71.42857360839844,89.47368621826172,85.71428680419922,80.95238494873047,85.71428680419922,19.53895378112793,8589934592,1073741824,5170823168,307429376
209,1771639321716,3504,3504,3504,3504,3504,3504,3504,3504,80.82567596435547,78.98664093017578,78.16239166259766,78.9050521850586,64.39964294433594,77.6897201538086,77.99727630615234,78.05648040771484,80.46174621582031,45.45454788208008,36.3636360168457,38.095237731933594,33.333335876464844,45.45454788208008,45,38.095237731933594,42.85714340209961,19.06977081298828,8589934592,1073741824,5161320448,307429376
208,1771639321926,3504,3504,3504,3504,3504,3504,3504,3504,80.82567596435547,78.98664093017578,78.16239166259766,78.9050521850586,64.39964294433594,77.6897201538086,77.99727630615234,78.05648040771484,80.46174621582031,28.571430206298828,23.809524536132813,14.285715103149414,5,23.809524536132813,4.761904716491699,9.523809432983398,0,19.06977081298828,8589934592,1073741824,5161320448,307429376
209,1771639322135,3504,3504,3504,3504,3504,3504,3504,3504,80.82567596435547,69.12027740478516,68.11455535888672,68.42723083496094,61.191219329833984,67.44024658203125,67.45051574707031,68.08802032470703,69.56111145019531,28.571430206298828,10,14.285715103149414,9.523809432983398,0,0,0,0,19.06977081298828,8589934592,1073741824,5161320448,307429376
209,1771639322345,3504,3504,3504,3504,3504,3504,3504,3504,70.23016357421875,69.12027740478516,68.11455535888672,68.42723083496094,61.191219329833984,67.44024658203125,67.45051574707031,68.08802032470703,69.56111145019531,20,10,15.000000953674316,13.636363983154297,0,0,0,0,19.06977081298828,8589934592,1073741824,5160091648,307429376
200,1771639322555,3504,3504,3504,3504,3504,3504,3504,3504,70.23016357421875,69.12027740478516,68.11455535888672,68.42723083496094,61.191219329833984,67.44024658203125,67.45051574707031,68.08802032470703,69.56111145019531,23.809524536132813,14.285715103149414,19.047618865966797,5,0,0,0,0,19.06977081298828,8589934592,1073741824,5160091648,307429376
203,1771639322756,3504,3504,3504,3504,3504,3504,3504,3504,70.23016357421875,69.12027740478516,68.11455535888672,68.42723083496094,61.191219329833984,67.44024658203125,67.45051574707031,68.08802032470703,69.56111145019531,25,15.000000953674316,20,15.000000953674316,0,0,0,0,19.38548469543457,8589934592,1073741824,5160058880,307429376
207,1771639322959,3504,3504,3504,3504,3504,3504,3504,3504,70.23016357421875,69.12027740478516,68.11455535888672,68.42723083496094,61.191219329833984,67.44024658203125,67.45051574707031,68.08802032470703,69.56111145019531,25,19.047618865966797,19.047618865966797,9.523809432983398,0,0,0,0,19.38548469543457,8589934592,1073741824,5157863424,307429376
209,1771639323168,3504,3504,3504,3504,3504,3504,3504,3504,52.54107666015625,52.01671600341797,51.06822204589844,50.89396667480469,51.14559555053711,50.84674072265625,50.570594787597656,51.773780822753906,52.02360916137695,23.809524536132813,10,15.000000953674316,9.523809432983398,0,0,0,0,19.38548469543457,8589934592,1073741824,5157781504,307429376
209,1771639323378,3504,3504,3504,3504,3504,3504,3504,3504,52.54107666015625,52.01671600341797,51.06822204589844,50.89396667480469,51.14559555053711,50.84674072265625,50.570594787597656,51.773780822753906,52.02360916137695,23.809524536132813,9.523809432983398,19.047618865966797,10,4.545454502105713,0,0,0,19.38548469543457,8589934592,1073741824,5157765120,307429376
202,1771639323588,3504,3504,3504,3504,3504,3504,3504,3504,52.54107666015625,52.01671600341797,51.06822204589844,50.89396667480469,51.14559555053711,50.84674072265625,50.570594787597656,51.773780822753906,52.02360916137695,20,14.285715103149414,14.285715103149414,9.523809432983398,0,4.545454502105713,0,0,19.38548469543457,8589934592,1073741824,5157748736,307429376
202,1771639323791,3504,3504,3504,3504,3504,3504,3504,3504,52.54107666015625,52.01671600341797,51.06822204589844,50.89396667480469,51.14559555053711,50.84674072265625,50.570594787597656,51.773780822753906,52.02360916137695,28.571430206298828,10,20,5,0,0,0,0,12.09582233428955,8589934592,1073741824,5157748736,307429376
209,1771639323993,3504,3504,3504,3504,3504,3504,3504,3504,52.54107666015625,52.01671600341797,51.06822204589844,50.89396667480469,51.14559555053711,50.84674072265625,50.570594787597656,51.773780822753906,52.02360916137695,20,19.047618865966797,20,10,0,0,0,0,12.09582233428955,8589934592,1073741824,5157732352,307429376
209,1771639324203,3504,3504,3504,3504,3504,3504,3504,3504,49.59832763671875,49.02207565307617,48.05802917480469,47.851219177246094,48.09847640991211,47.925254821777344,47.56629943847656,48.759281158447266,48.96059036254883,14.285715103149414,10,19.047618865966797,9.090909004211426,0,0,0,0,12.09582233428955,8589934592,1073741824,5157732352,307429376
208,1771639324413,3504,3504,3504,3504,3504,3504,3504,3504,49.59832763671875,49.02207565307617,48.05802917480469,47.851219177246094,48.09847640991211,47.925254821777344,47.56629943847656,48.759281158447266,48.96059036254883,27.272727966308594,19.047618865966797,13.636363983154297,15.000000953674316,0,0,0,0,12.09582233428955,8589934592,1073741824,5157814272,307429376
209,1771639324622,3504,3504,3504,3504,3504,3504,3504,3504,49.59832763671875,49.02207565307617,48.05802917480469,47.851219177246094,48.09847640991211,47.925254821777344,47.56629943847656,48.759281158447266,48.96059036254883,20,19.047618865966797,15.000000953674316,9.523809432983398,0,0,4.545454502105713,0,12.09582233428955,8589934592,1073741824,5157814272,307429376
204,1771639324832,3504,3504,3504,3504,3504,3504,3504,3504,49.59832763671875,49.02207565307617,48.05802917480469,47.851219177246094,48.09847640991211,47.925254821777344,47.56629943847656,48.759281158447266,48.96059036254883,20,23.809524536132813,9.523809432983398,9.523809432983398,0,0,0,0,1.8382518291473389,8589934592,1073741824,5157765120,307429376
209,1771639325036,3504,3504,3504,3504,3504,3504,3504,3504,49.59832763671875,49.02207565307617,48.05802917480469,47.851219177246094,48.09847640991211,47.925254821777344,47.56629943847656,48.759281158447266,48.96059036254883,27.272727966308594,30.000001907348633,19.047618865966797,14.285715103149414,0,4.761904716491699,0,4.761904716491699,1.8382518291473389,8589934592,1073741824,5158191104,307429376
208,1771639325246,3504,3504,3504,3504,3504,3504,3504,3504,47.8501091003418,47.5540771484375,46.2384033203125,46.12275695800781,46.39372634887695,46.44853210449219,45.88764953613281,47.00271224975586,47.22978973388672,15.789472579956055,13.636363983154297,19.047618865966797,5,0,0,0,0,1.8382518291473389,8589934592,1073741824,5155028992,307429376
205,1771639325455,3504,3504,3504,3504,3504,3504,3504,3504,47.8501091003418,47.5540771484375,46.2384033203125,46.12275695800781,46.39372634887695,46.44853210449219,45.88764953613281,47.00271224975586,47.22978973388672,27.272727966308594,15.000000953674316,15.000000953674316,9.523809432983398,0,0,0,0,1.8382518291473389,8589934592,1073741824,5155258368,307429376
208,1771639325661,3504,3504,3504,3504,3504,3504,3504,3504,47.8501091003418,47.5540771484375,46.2384033203125,46.12275695800781,46.39372634887695,46.44853210449219,45.88764953613281,47.00271224975586,47.22978973388672,20,19.047618865966797,20,15.000000953674316,0,0,0,0,2.3715462684631348,8589934592,1073741824,5155258368,307429376
209,1771639325870,3504,3504,3504,3504,3504,3504,3504,3504,47.8501091003418,47.5540771484375,46.2384033203125,46.12275695800781,46.39372634887695,46.44853210449219,45.88764953613281,47.00271224975586,47.22978973388672,14.285715103149414,10,19.047618865966797,14.285715103149414,0,0,0,0,2.3715462684631348,8589934592,1073741824,5155291136,307429376
206,1771639326080,3504,3504,3504,3504,3504,3504,3504,3504,47.8501091003418,47.5540771484375,46.2384033203125,46.12275695800781,46.39372634887695,46.44853210449219,45.88764953613281,47.00271224975586,47.22978973388672,14.285715103149414,14.285715103149414,14.285715103149414,28.571430206298828,0,0,0,0,2.3715462684631348,8589934592,1073741824,5155110912,307429376
200,1771639326286,3504,3504,3504,3504,3504,3504,3504,3504,46.44337463378906,46.234039306640625,45.04780578613281,44.922821044921875,45.2066535949707,45.47699737548828,44.71275329589844,45.90395736694336,45.98661804199219,14.285715103149414,10,15.000000953674316,19.047618865966797,4.761904716491699,0,0,0,2.3715462684631348,8589934592,1073741824,5155110912,307429376
209,1771639326487,3504,3504,3504,3504,3504,3504,3504,3504,46.44337463378906,46.234039306640625,45.04780578613281,44.922821044921875,45.2066535949707,45.47699737548828,44.71275329589844,45.90395736694336,45.98661804199219,20,19.047618865966797,15.000000953674316,10,0,0,0,0,2.3715462684631348,8589934592,1073741824,5155078144,307429376
209,1771639326697,3504,3504,3504,3504,3504,3504,3504,3504,46.44337463378906,46.234039306640625,45.04780578613281,44.922821044921875,45.2066535949707,45.47699737548828,44.71275329589844,45.90395736694336,45.98661804199219,40,28.571430206298828,31.81818199157715,28.571430206298828,33.333335876464844,28.571430206298828,23.809524536132813,23.809524536132813,2.6307997703552246,8589934592,1073741824,5163384832,307429376
208,1771639326907,3504,3504,3504,3504,3504,3504,3504,3504,46.44337463378906,46.234039306640625,45.04780578613281,44.922821044921875,45.2066535949707,45.47699737548828,44.71275329589844,45.90395736694336,45.98661804199219,72.7272720336914,71.42857360839844,70,66.66667175292969,90,90,80.95238494873047,85.71428680419922,2.6307997703552246,8589934592,1073741824,5209030656,307429376
205,1771639327116,3504,3504,3504,3504,3504,3504,3504,3504,46.44337463378906,46.234039306640625,45.04780578613281,44.922821044921875,45.2066535949707,45.47699737548828,44.71275329589844,45.90395736694336,45.98661804199219,73.68421173095703,70,68.18181610107422,68.42105102539063,85.71428680419922,81.81818389892578,80.95238494873047,85,2.6307997703552246,8589934592,1073741824,5184241664,307429376
203,1771639327322,3504,3504,3504,3504,3504,3504,3504,3504,56.11123275756836,55.15013885498047,54.151222229003906,54.38154602050781,48.11368179321289,53.936614990234375,53.803810119628906,54.378509521484375,55.446659088134766,71.42857360839844,70,70,77.2727279663086,90.47618865966797,85,80.95238494873047,80.95238494873047,2.6307997703552246,8589934592,1073741824,5196857344,307429376
207,1771639327526,3504,3504,3504,3504,3504,3504,3504,3504,56.11123275756836,55.15013885498047,54.151222229003906,54.38154602050781,48.11368179321289,53.936614990234375,53.803810119628906,54.378509521484375,55.446659088134766,71.42857360839844,66.66667175292969,68.42105102539063,65,85.71428680419922,90.47618865966797,76.19047546386719,80.95238494873047,2.6307997703552246,8589934592,1073741824,5197185024,307429376
209,1771639327734,3504,3504,3504,3504,3504,3504,3504,3504,56.11123275756836,55.15013885498047,54.151222229003906,54.38154602050781,48.11368179321289,53.936614990234375,53.803810119628906,54.378509521484375,55.446659088134766,76.19047546386719,72.7272720336914,71.42857360839844,75,80,85,85.71428680419922,80,1.9012690782546997,8589934592,1073741824,5229887488,307429376
210,1771639327944,3504,3504,3504,3504,3504,3504,3504,3504,56.11123275756836,55.15013885498047,54.151222229003906,54.38154602050781,48.11368179321289,53.936614990234375,53.803810119628906,54.378509521484375,55.446659088134766,71.42857360839844,70,68.18181610107422,68.18181610107422,90.90909576416016,85.71428680419922,80,80.95238494873047,1.9012690782546997,8589934592,1073741824,5187207168,307429376
209,1771639328154,3504,3504,3504,3504,3504,3504,3504,3504,74.28195190429688,72.45491790771484,71.66220092773438,72.4347915649414,58.2220458984375,71.01158905029297,71.18582916259766,71.42904663085938,73.31433868408203,75,71.42857360839844,71.42857360839844,76.19047546386719,85,85.71428680419922,90.90909576416016,80.95238494873047,1.9012690782546997,8589934592,1073741824,5189386240,307429376
211,1771639328364,3504,3504,3504,3504,3504,3504,3504,3504,74.28195190429688,72.45491790771484,71.66220092773438,72.4347915649414,58.2220458984375,71.01158905029297,71.18582916259766,71.42904663085938,73.31433868408203,71.42857360839844,71.42857360839844,70,76.19047546386719,86.36363983154297,85.71428680419922,90,86.36363983154297,1.9012690782546997,8589934592,1073741824,5188485120,307429376
209,1771639328576,3504,3504,3504,3504,3504,3504,3504,3504,74.28195190429688,72.45491790771484,71.66220092773438,72.4347915649414,58.2220458984375,71.01158905029297,71.18582916259766,71.42904663085938,73.31433868408203,68.18181610107422,66.66667175292969,68.18181610107422,66.66667175292969,90,85,85.71428680419922,76.19047546386719,1.9012690782546997,8589934592,1073741824,5218533376,307429376
215,1771639328786,3504,3504,3504,3504,3504,3504,3504,3504,74.28195190429688,72.45491790771484,71.66220092773438,72.4347915649414,58.2220458984375,71.01158905029297,71.18582916259766,71.42904663085938,73.31433868408203,70,71.42857360839844,66.66667175292969,66.66667175292969,86.36363983154297,82.60869598388672,95.23809814453125,80,10.296093940734863,8589934592,1073741824,5201952768,307429376
209,1771639329001,3504,3504,3504,3504,3504,3504,3504,3504,74.28195190429688,72.45491790771484,71.66220092773438,72.4347915649414,58.2220458984375,71.01158905029297,71.18582916259766,71.42904663085938,73.31433868408203,68.18181610107422,66.66667175292969,68.18181610107422,72.7272720336914,85.71428680419922,80,81.81818389892578,82.60869598388672,10.296093940734863,8589934592,1073741824,5198331904,307429376
207,1771639329211,3504,3504,3504,3504,3504,3504,3504,3504,77.44048309326172,75.95904541015625,74.93755340576172,75.45403289794922,61.68790817260742,75.05921936035156,75.0506362915039,75.7993392944336,77.42149353027344,80.95238494873047,81.81818389892578,76.19047546386719,80.95238494873047,90.47618865966797,90.90909576416016,95,90,10.296093940734863,8589934592,1073741824,5208195072,307429376
210,1771639329419,3504,3504,3504,3504,3504,3504,3504,3504,77.44048309326172,75.95904541015625,74.93755340576172,75.45403289794922,61.68790817260742,75.05921936035156,75.0506362915039,75.7993392944336,77.42149353027344,75,70,68.42105102539063,65,86.36363983154297,85.71428680419922,85.71428680419922,85.71428680419922,10.296093940734863,8589934592,1073741824,5206622208,307429376
207,1771639329630,3504,3504,3504,3504,3504,3504,3504,3504,77.44048309326172,75.95904541015625,74.93755340576172,75.45403289794922,61.68790817260742,75.05921936035156,75.0506362915039,75.7993392944336,77.42149353027344,77.2727279663086,71.42857360839844,72.7272720336914,72.7272720336914,84.21052551269531,100,85.71428680419922,80,18.77498435974121,8589934592,1073741824,5199200256,307429376
207,1771639329837,3504,3504,3504,3504,3504,3504,3504,3504,77.44048309326172,75.95904541015625,74.93755340576172,75.45403289794922,61.68790817260742,75.05921936035156,75.0506362915039,75.7993392944336,77.42149353027344,75,75,71.42857360839844,75,86.36363983154297,85.71428680419922,85.71428680419922,95.45454406738281,18.77498435974121,8589934592,1073741824,5185339392,307429376
209,1771639330045,3504,3504,3504,3504,3504,3504,3504,3504,77.44048309326172,75.95904541015625,74.93755340576172,75.45403289794922,61.68790817260742,75.05921936035156,75.0506362915039,75.7993392944336,77.42149353027344,76.19047546386719,71.42857360839844,71.42857360839844,71.42857360839844,85,85.71428680419922,90.47618865966797,85,18.77498435974121,8589934592,1073741824,5185339392,307429376
207,1771639330255,3504,3504,3504,3504,3504,3504,3504,3504,80.43048095703125,78.2934799194336,77.41899871826172,78.33084106445313,63.712928771972656,77.4308853149414,77.68611145019531,78.0103759765625,80.15036010742188,71.42857360839844,68.18181610107422,70,65,86.36363983154297,86.36363983154297,85.71428680419922,81.81818389892578,18.77498435974121,8589934592,1073741824,5185339392,307429376
208,1771639330462,3504,3504,3504,3504,3504,3504,3504,3504,80.43048095703125,78.2934799194336,77.41899871826172,78.33084106445313,63.712928771972656,77.4308853149414,77.68611145019531,78.0103759765625,80.15036010742188,65,70,71.42857360839844,68.18181610107422,85,85,90,78.94737243652344,18.77498435974121,8589934592,1073741824,5185339392,307429376
211,1771639330670,3504,3504,3504,3504,3504,3504,3504,3504,80.43048095703125,78.2934799194336,77.41899871826172,78.33084106445313,63.712928771972656,77.4308853149414,77.68611145019531,78.0103759765625,80.15036010742188,77.2727279663086,68.18181610107422,71.42857360839844,65,85.71428680419922,90.90909576416016,80.95238494873047,86.36363983154297,19.307924270629883,8589934592,1073741824,5202706432,307429376
208,1771639330882,3504,3504,3504,3504,3504,3504,3504,3504,80.43048095703125,78.2934799194336,77.41899871826172,78.33084106445313,63.712928771972656,77.4308853149414,77.68611145019531,78.0103759765625,80.15036010742188,71.42857360839844,70,70,66.66667175292969,85.71428680419922,84.21052551269531,81.81818389892578,80.95238494873047,19.307924270629883,8589934592,1073741824,5195120640,307429376
203,1771639331091,3504,3504,3504,3504,3504,3504,3504,3504,80.43048095703125,78.2934799194336,77.41899871826172,78.33084106445313,63.712928771972656,77.4308853149414,77.68611145019531,78.0103759765625,80.15036010742188,71.42857360839844,71.42857360839844,72.7272720336914,72.7272720336914,85.71428680419922,85.71428680419922,85,85.71428680419922,19.307924270629883,8589934592,1073741824,5185388544,307429376
207,1771639331295,3504,3504,3504,3504,3504,3504,3504,3504,81.77523040771484,79.57971954345703,78.84693145751953,79.80980682373047,64.98690795898438,78.49952697753906,78.73949432373047,78.89353942871094,81.05413818359375,70,65,65,63.15789031982422,80,90.47618865966797,80.95238494873047,80,19.307924270629883,8589934592,1073741824,5180686336,307429376
208,1771639331503,3504,3504,3504,3504,3504,3504,3504,3504,81.77523040771484,79.57971954345703,78.84693145751953,79.80980682373047,64.98690795898438,78.49952697753906,78.73949432373047,78.89353942871094,81.05413818359375,71.42857360839844,68.18181610107422,68.18181610107422,71.42857360839844,80.95238494873047,90,80.95238494873047,81.81818389892578,19.307924270629883,8589934592,1073741824,5184651264,307429376
207,1771639331711,3504,3504,3504,3504,3504,3504,3504,3504,81.77523040771484,79.57971954345703,78.84693145751953,79.80980682373047,64.98690795898438,78.49952697753906,78.73949432373047,78.89353942871094,81.05413818359375,71.42857360839844,68.42105102539063,65,61.904762268066406,85.71428680419922,90.47618865966797,76.19047546386719,75,19.854642868041992,8589934592,1073741824,5198233600,307429376
209,1771639331919,3504,3504,3504,3504,3504,3504,3504,3504,81.77523040771484,79.57971954345703,78.84693145751953,79.80980682373047,64.98690795898438,78.49952697753906,78.73949432373047,78.89353942871094,81.05413818359375,25,22.72727394104004,19.047618865966797,14.285715103149414,28.571430206298828,23.809524536132813,14.285715103149414,14.285715103149414,19.854642868041992,8589934592,1073741824,5186551808,307429376
206,1771639332130,3504,3504,3504,3504,3504,3504,3504,3504,81.77523040771484,72.28112030029297,71.39926147460938,72.01001739501953,62.81819534301758,70.60834503173828,70.64784240722656,71.19584655761719,72.68394470214844,14.285715103149414,15.000000953674316,15.000000953674316,4.761904716491699,0,0,0,0,19.854642868041992,8589934592,1073741824,5186813952,307429376
209,1771639332336,3504,3504,3504,3504,3504,3504,3504,3504,73.97836303710938,72.28112030029297,71.39926147460938,72.01001739501953,62.81819534301758,70.60834503173828,70.64784240722656,71.19584655761719,72.68394470214844,19.047618865966797,19.047618865966797,22.72727394104004,10,0,0,0,0,19.854642868041992,8589934592,1073741824,5186813952,307429376
205,1771639332546,3504,3504,3504,3504,3504,3504,3504,3504,73.97836303710938,72.28112030029297,71.39926147460938,72.01001739501953,62.81819534301758,70.60834503173828,70.64784240722656,71.19584655761719,72.68394470214844,10,14.285715103149414,10,18.18181800842285,0,0,0,0,19.854642868041992,8589934592,1073741824,5186813952,307429376
209,1771639332752,3504,3504,3504,3504,3504,3504,3504,3504,73.97836303710938,72.28112030029297,71.39926147460938,72.01001739501953,62.81819534301758,70.60834503173828,70.64784240722656,71.19584655761719,72.68394470214844,14.285715103149414,15.000000953674316,9.523809432983398,25,0,0,0,0,19.40814781188965,8589934592,1073741824,5183733760,307429376
207,1771639332962,3504,3504,3504,3504,3504,3504,3504,3504,73.97836303710938,72.28112030029297,71.39926147460938,72.01001739501953,62.81819534301758,70.60834503173828,70.64784240722656,71.19584655761719,72.68394470214844,23.809524536132813,15.000000953674316,19.047618865966797,19.047618865966797,0,0,0,0,19.40814781188965,8589934592,1073741824,5179588608,307429376
206,1771639333170,3504,3504,3504,3504,3504,3504,3504,3504,53.70547103881836,53.135135650634766,52.117530822753906,51.93975830078125,52.15660858154297,51.906646728515625,51.64337921142578,52.775447845458984,53.04859161376953,10.526315689086914,19.047618865966797,5,14.285715103149414,0,0,0,0,19.40814781188965,8589934592,1073741824,5174067200,307429376
209,1771639333377,3504,3504,3504,3504,3504,3504,3504,3504,53.70547103881836,53.135135650634766,52.117530822753906,51.93975830078125,52.15660858154297,51.906646728515625,51.64337921142578,52.775447845458984,53.04859161376953,14.285715103149414,22.72727394104004,9.523809432983398,10,0,0,0,0,19.40814781188965,8589934592,1073741824,5173755904,307429376
209,1771639333586,3504,3504,3504,3504,3504,3504,3504,3504,53.70547103881836,53.135135650634766,52.117530822753906,51.93975830078125,52.15660858154297,51.906646728515625,51.64337921142578,52.775447845458984,53.04859161376953,22.72727394104004,19.047618865966797,9.523809432983398,9.523809432983398,0,0,0,0,19.40814781188965,8589934592,1073741824,5173772288,307429376
209,1771639333796,3504,3504,3504,3504,3504,3504,3504,3504,53.70547103881836,53.135135650634766,52.117530822753906,51.93975830078125,52.15660858154297,51.906646728515625,51.64337921142578,52.775447845458984,53.04859161376953,15.000000953674316,15.789472579956055,19.047618865966797,9.523809432983398,0,0,0,0,15.80113410949707,8589934592,1073741824,5173772288,307429376
206,1771639334007,3504,3504,3504,3504,3504,3504,3504,3504,53.70547103881836,53.135135650634766,52.117530822753906,51.93975830078125,52.15660858154297,51.906646728515625,51.64337921142578,52.775447845458984,53.04859161376953,13.636363983154297,22.72727394104004,19.047618865966797,9.523809432983398,0,0,0,0,15.80113410949707,8589934592,1073741824,5166809088,307429376
205,1771639334213,3504,3504,3504,3504,3504,3504,3504,3504,50.38312530517578,49.62176513671875,48.747718811035156,48.577247619628906,48.861324310302734,48.61743927001953,48.31153869628906,49.48268508911133,49.63261032104492,10.526315689086914,28.571430206298828,5.263157844543457,9.523809432983398,0,0,0,0,15.80113410949707,8589934592,1073741824,5157666816,307429376
206,1771639334419,3504,3504,3504,3504,3504,3504,3504,3504,50.38312530517578,49.62176513671875,48.747718811035156,48.577247619628906,48.861324310302734,48.61743927001953,48.31153869628906,49.48268508911133,49.63261032104492,27.272727966308594,20,18.18181800842285,10,0,0,0,0,15.80113410949707,8589934592,1073741824,5155766272,307429376
206,1771639334626,3504,3504,3504,3504,3504,3504,3504,3504,50.38312530517578,49.62176513671875,48.747718811035156,48.577247619628906,48.861324310302734,48.61743927001953,48.31153869628906,49.48268508911133,49.63261032104492,25,15.000000953674316,15.000000953674316,9.523809432983398,0,0,0,0,15.80113410949707,8589934592,1073741824,5155880960,307429376
208,1771639334832,3504,3504,3504,3504,3504,3504,3504,3504,50.38312530517578,49.62176513671875,48.747718811035156,48.577247619628906,48.861324310302734,48.61743927001953,48.31153869628906,49.48268508911133,49.63261032104492,25,14.285715103149414,9.523809432983398,5,0,0,0,0,2.022921323776245,8589934592,1073741824,5155536896,307429376
206,1771639335042,3504,3504,3504,3504,3504,3504,3504,3504,50.38312530517578,49.62176513671875,48.747718811035156,48.577247619628906,48.861324310302734,48.61743927001953,48.31153869628906,49.48268508911133,49.63261032104492,28.571430206298828,15.000000953674316,10,13.636363983154297,0,0,0,0,2.022921323776245,8589934592,1073741824,5155586048,307429376
202,1771639335248,3504,3504,3504,3504,3504,3504,3504,3504,48.62596893310547,48.08312225341797,46.849952697753906,46.776954650878906,46.996337890625,46.93815612792969,46.53862762451172,47.61649703979492,47.82340621948242,19.047618865966797,22.72727394104004,19.047618865966797,5,0,0,0,0,2.022921323776245,8589934592,1073741824,5155946496,307429376
205,1771639335451,3504,3504,3504,3504,3504,3504,3504,3504,48.62596893310547,48.08312225341797,46.849952697753906,46.776954650878906,46.996337890625,46.93815612792969,46.53862762451172,47.61649703979492,47.82340621948242,25,21.052631378173828,15.000000953674316,5.263157844543457,0,0,0,0,2.022921323776245,8589934592,1073741824,5156175872,307429376
204,1771639335656,3504,3504,3504,3504,3504,3504,3504,3504,48.62596893310547,48.08312225341797,46.849952697753906,46.776954650878906,46.996337890625,46.93815612792969,46.53862762451172,47.61649703979492,47.82340621948242,47.619049072265625,36.3636360168457,52.38095474243164,40.90909194946289,0,0,0,0,2.4649062156677246,8589934592,1073741824,5156175872,307429376
209,1771639335861,3504,3504,3504,3504,3504,3504,3504,3504,48.62596893310547,48.08312225341797,46.849952697753906,46.776954650878906,46.996337890625,46.93815612792969,46.53862762451172,47.61649703979492,47.82340621948242,15.789472579956055,15.000000953674316,14.285715103149414,10,0,0,0,0,2.4649062156677246,8589934592,1073741824,5158174720,307429376
204,1771639336071,3504,3504,3504,3504,3504,3504,3504,3504,48.62596893310547,48.08312225341797,46.849952697753906,46.776954650878906,46.996337890625,46.93815612792969,46.53862762451172,47.61649703979492,47.82340621948242,14.285715103149414,20,10,15.000000953674316,0,0,0,0,2.4649062156677246,8589934592,1073741824,5158174720,307429376
210,1771639336276,3504,3504,3504,3504,3504,3504,3504,3504,47.27487564086914,46.93779373168945,45.58172607421875,45.48777770996094,45.802494049072266,46.02301025390625,45.389739990234375,46.463172912597656,46.549434661865234,23.809524536132813,19.047618865966797,15.000000953674316,23.809524536132813,4.761904716491699,4.761904716491699,0,4.761904716491699,2.4649062156677246,8589934592,1073741824,5152276480,307429376
205,1771639336486,3504,3504,3504,3504,3504,3504,3504,3504,47.27487564086914,46.93779373168945,45.58172607421875,45.48777770996094,45.802494049072266,46.02301025390625,45.389739990234375,46.463172912597656,46.549434661865234,22.72727394104004,14.285715103149414,4.761904716491699,10,0,0,0,0,2.4649062156677246,8589934592,1073741824,5152227328,307429376
209,1771639336693,3504,3504,3504,3504,3504,3504,3504,3504,47.27487564086914,46.93779373168945,45.58172607421875,45.48777770996094,45.802494049072266,46.02301025390625,45.389739990234375,46.463172912597656,46.549434661865234,26.3157901763916,20,20,14.285715103149414,0,0,0,0,2.0240628719329834,8589934592,1073741824,5152227328,307429376
205,1771639336902,3504,3504,3504,3504,3504,3504,3504,3504,47.27487564086914,46.93779373168945,45.58172607421875,45.48777770996094,45.802494049072266,46.02301025390625,45.389739990234375,46.463172912597656,46.549434661865234,60.000003814697266,61.904762268066406,59.09090805053711,59.09090805053711,76.19047546386719,80.95238494873047,71.42857360839844,80.95238494873047,2.0240628719329834,8589934592,1073741824,5211848704,307429376
209,1771639337108,3504,3504,3504,3504,3504,3504,3504,3504,47.27487564086914,46.93779373168945,45.58172607421875,45.48777770996094,45.802494049072266,46.02301025390625,45.389739990234375,46.463172912597656,46.549434661865234,68.18181610107422,66.66667175292969,65,65,85,80.95238494873047,80.95238494873047,80,2.0240628719329834,8589934592,1073741824,5174509568,307429376
211,1771639337318,3504,3504,3504,3504,3504,3504,3504,3504,54.513771057128906,53.55187225341797,52.486297607421875,52.69110870361328,47.785972595214844,52.67998504638672,52.46833801269531,53.139583587646484,53.99827194213867,71.42857360839844,75,71.42857360839844,71.42857360839844,81.81818389892578,81.81818389892578,86.36363983154297,80.95238494873047,2.0240628719329834,8589934592,1073741824,5178703872,307429376
209,1771639337529,3504,3504,3504,3504,3504,3504,3504,3504,54.513771057128906,53.55187225341797,52.486297607421875,52.69110870361328,47.785972595214844,52.67998504638672,52.46833801269531,53.139583587646484,53.99827194213867,71.42857360839844,71.42857360839844,70,65,85,85,85,86.36363983154297,2.0240628719329834,8589934592,1073741824,5178703872,307429376
206,1771639337739,3504,3504,3504,3504,3504,3504,3504,3504,54.513771057128906,53.55187225341797,52.486297607421875,52.69110870361328,47.785972595214844,52.67998504638672,52.46833801269531,53.139583587646484,53.99827194213867,71.42857360839844,72.7272720336914,68.18181610107422,68.18181610107422,85.71428680419922,90.47618865966797,90,80,2.4095711708068848,8589934592,1073741824,5178703872,307429376
207,1771639337945,3504,3504,3504,3504,3504,3504,3504,3504,54.513771057128906,53.55187225341797,52.486297607421875,52.69110870361328,47.785972595214844,52.67998504638672,52.46833801269531,53.139583587646484,53.99827194213867,76.19047546386719,75,71.42857360839844,75,90.47618865966797,85.71428680419922,90.47618865966797,85.71428680419922,2.4095711708068848,8589934592,1073741824,5225922560,307429376
202,1771639338153,3504,3504,3504,3504,3504,3504,3504,3504,74.06643676757813,72.23707580566406,71.51012420654297,72.19496154785156,58.33342742919922,71.50081634521484,71.69599914550781,71.9880599975586,73.84078979492188,68.42105102539063,66.66667175292969,65,66.66667175292969,80.95238494873047,75,77.2727279663086,85.71428680419922,2.4095711708068848,8589934592,1073741824,5195825152,307429376
209,1771639338355,3504,3504,3504,3504,3504,3504,3504,3504,74.06643676757813,72.23707580566406,71.51012420654297,72.19496154785156,58.33342742919922,71.50081634521484,71.69599914550781,71.9880599975586,73.84078979492188,71.42857360839844,68.42105102539063,70,63.15789031982422,90,85.71428680419922,84.21052551269531,85,2.4095711708068848,8589934592,1073741824,5195825152,307429376
211,1771639338565,3504,3504,3504,3504,3504,3504,3504,3504,74.06643676757813,72.23707580566406,71.51012420654297,72.19496154785156,58.33342742919922,71.50081634521484,71.69599914550781,71.9880599975586,73.84078979492188,76.19047546386719,68.18181610107422,66.66667175292969,68.18181610107422,85.71428680419922,85.71428680419922,86.36363983154297,76.19047546386719,2.4095711708068848,8589934592,1073741824,5195825152,307429376
209,1771639338776,3504,3504,3504,3504,3504,3504,3504,3504,74.06643676757813,72.23707580566406,71.51012420654297,72.19496154785156,58.33342742919922,71.50081634521484,71.69599914550781,71.9880599975586,73.84078979492188,71.42857360839844,70,71.42857360839844,71.42857360839844,85.71428680419922,80.95238494873047,80.95238494873047,85.71428680419922,6.989733695983887,8589934592,1073741824,5195825152,307429376
209,1771639338986,3504,3504,3504,3504,3504,3504,3504,3504,74.06643676757813,72.23707580566406,71.51012420654297,72.19496154785156,58.33342742919922,71.50081634521484,71.69599914550781,71.9880599975586,73.84078979492188,76.19047546386719,72.7272720336914,68.18181610107422,71.42857360839844,86.36363983154297,90.47618865966797,80.95238494873047,80,6.989733695983887,8589934592,1073741824,5179342848,307429376
209,1771639339196,3504,3504,3504,3504,3504,3504,3504,3504,77.88648986816406,75.98296356201172,75.1941909790039,75.86917114257813,61.767608642578125,74.60594177246094,74.84675598144531,75.0453872680664,77.00363159179688,66.66667175292969,61.904762268066406,65,61.904762268066406,85,85.71428680419922,80.95238494873047,77.2727279663086,6.989733695983887,8589934592,1073741824,5184274432,307429376
209,1771639339406,3504,3504,3504,3504,3504,3504,3504,3504,77.88648986816406,75.98296356201172,75.1941909790039,75.86917114257813,61.767608642578125,74.60594177246094,74.84675598144531,75.0453872680664,77.00363159179688,71.42857360839844,71.42857360839844,68.18181610107422,71.42857360839844,80.95238494873047,90.90909576416016,80.95238494873047,80,6.989733695983887,8589934592,1073741824,5215256576,307429376
205,1771639339616,3504,3504,3504,3504,3504,3504,3504,3504,77.88648986816406,75.98296356201172,75.1941909790039,75.86917114257813,61.767608642578125,74.60594177246094,74.84675598144531,75.0453872680664,77.00363159179688,76.19047546386719,66.66667175292969,65,65,90.47618865966797,89.47368621826172,80.95238494873047,82.60869598388672,6.989733695983887,8589934592,1073741824,5195792384,307429376
209,1771639339822,3504,3504,3504,3504,3504,3504,3504,3504,77.88648986816406,75.98296356201172,75.1941909790039,75.86917114257813,61.767608642578125,74.60594177246094,74.84675598144531,75.0453872680664,77.00363159179688,65,70,70,68.18181610107422,95,80.95238494873047,80,78.94737243652344,18.61241340637207,8589934592,1073741824,5186273280,307429376
209,1771639340032,3504,3504,3504,3504,3504,3504,3504,3504,77.88648986816406,75.98296356201172,75.1941909790039,75.86917114257813,61.767608642578125,74.60594177246094,74.84675598144531,75.0453872680664,77.00363159179688,76.19047546386719,71.42857360839844,68.18181610107422,66.66667175292969,86.36363983154297,85,80.95238494873047,77.2727279663086,18.61241340637207,8589934592,1073741824,5167136768,307429376
209,1771639340242,3504,3504,3504,3504,3504,3504,3504,3504,80.12957000732422,78.4612808227539,77.54627227783203,78.09976196289063,63.58252716064453,76.486328125,76.8907470703125,76.84751892089844,79.19586944580078,66.66667175292969,65,66.66667175292969,70,90.47618865966797,86.36363983154297,80.95238494873047,85,18.61241340637207,8589934592,1073741824,5179342848,307429376
209,1771639340452,3504,3504,3504,3504,3504,3504,3504,3504,80.12957000732422,78.4612808227539,77.54627227783203,78.09976196289063,63.58252716064453,76.486328125,76.8907470703125,76.84751892089844,79.19586944580078,75,72.7272720336914,70,66.66667175292969,80.95238494873047,81.81818389892578,85.71428680419922,85.71428680419922,18.61241340637207,8589934592,1073741824,5179342848,307429376
209,1771639340662,3504,3504,3504,3504,3504,3504,3504,3504,80.12957000732422,78.4612808227539,77.54627227783203,78.09976196289063,63.58252716064453,76.486328125,76.8907470703125,76.84751892089844,79.19586944580078,77.2727279663086,66.66667175292969,68.18181610107422,68.18181610107422,85.71428680419922,85,85.71428680419922,81.81818389892578,19.34235191345215,8589934592,1073741824,5179342848,307429376
216,1771639340872,3504,3504,3504,3504,3504,3504,3504,3504,80.12957000732422,78.4612808227539,77.54627227783203,78.09976196289063,63.58252716064453,76.486328125,76.8907470703125,76.84751892089844,79.19586944580078,71.42857360839844,66.66667175292969,66.66667175292969,70,85,86.36363983154297,90.47618865966797,80,19.34235191345215,8589934592,1073741824,5179342848,307429376
209,1771639341088,3504,3504,3504,3504,3504,3504,3504,3504,80.12957000732422,78.4612808227539,77.54627227783203,78.09976196289063,63.58252716064453,76.486328125,76.8907470703125,76.84751892089844,79.19586944580078,66.66667175292969,66.66667175292969,68.18181610107422,68.18181610107422,86.36363983154297,90.47618865966797,81.81818389892578,77.2727279663086,19.34235191345215,8589934592,1073741824,5184208896,307429376
203,1771639341298,3504,3504,3504,3504,3504,3504,3504,3504,81.5460433959961,79.6192626953125,78.82373046875,79.54938507080078,65.06769561767578,78.5420913696289,78.5727767944336,79.13078308105469,80.88467407226563,72.7272720336914,71.42857360839844,70,70,85.71428680419922,90.47618865966797,85.71428680419922,80.95238494873047,19.34235191345215,8589934592,1073741824,5181587456,307429376
209,1771639341503,3504,3504,3504,3504,3504,3504,3504,3504,81.5460433959961,79.6192626953125,78.82373046875,79.54938507080078,65.06769561767578,78.5420913696289,78.5727767944336,79.13078308105469,80.88467407226563,73.68421173095703,71.42857360839844,80,72.7272720336914,90.47618865966797,85,85,80,19.34235191345215,8589934592,1073741824,5185552384,307429376
206,1771639341713,3504,3504,3504,3504,3504,3504,3504,3504,81.5460433959961,79.6192626953125,78.82373046875,79.54938507080078,65.06769561767578,78.5420913696289,78.5727767944336,79.13078308105469,80.88467407226563,71.42857360839844,76.19047546386719,66.66667175292969,66.66667175292969,85.71428680419922,85.71428680419922,80.95238494873047,80.95238494873047,19.437213897705078,8589934592,1073741824,5217583104,307429376
209,1771639341919,3504,3504,3504,3504,3504,3504,3504,3504,81.5460433959961,79.6192626953125,78.82373046875,79.54938507080078,65.06769561767578,78.5420913696289,78.5727767944336,79.13078308105469,80.88467407226563,61.904762268066406,50,47.619049072265625,50,50,61.904762268066406,42.85714340209961,38.095237731933594,19.437213897705078,8589934592,1073741824,5196906496,307429376
206,1771639342129,3504,3504,3504,3504,3504,3504,3504,3504,81.5460433959961,75.04930877685547,74.14998626708984,74.60272979736328,64.29207611083984,73.08592224121094,73.09542846679688,73.72837829589844,75.24209594726563,22.72727394104004,9.523809432983398,4.761904716491699,5,4.761904716491699,9.523809432983398,4.545454502105713,4.761904716491699,19.437213897705078,8589934592,1073741824,5190369280,307429376
209,1771639342336,3504,3504,3504,3504,3504,3504,3504,3504,76.58891296386719,75.04930877685547,74.14998626708984,74.60272979736328,64.29207611083984,73.08592224121094,73.09542846679688,73.72837829589844,75.24209594726563,20,14.285715103149414,10,13.636363983154297,4.761904716491699,0,0,0,19.437213897705078,8589934592,1073741824,5190713344,307429376
206,1771639342546,3504,3504,3504,3504,3504,3504,3504,3504,76.58891296386719,75.04930877685547,74.14998626708984,74.60272979736328,64.29207611083984,73.08592224121094,73.09542846679688,73.72837829589844,75.24209594726563,23.809524536132813,15.000000953674316,19.047618865966797,15.000000953674316,0,0,0,0,19.437213897705078,8589934592,1073741824,5185617920,307429376
209,1771639342753,3504,3504,3504,3504,3504,3504,3504,3504,76.58891296386719,75.04930877685547,74.14998626708984,74.60272979736328,64.29207611083984,73.08592224121094,73.09542846679688,73.72837829589844,75.24209594726563,30.000001907348633,19.047618865966797,19.047618865966797,14.285715103149414,0,0,0,0,19.383228302001953,8589934592,1073741824,5186273280,307429376
206,1771639342962,3504,3504,3504,3504,3504,3504,3504,3504,76.58891296386719,75.04930877685547,74.14998626708984,74.60272979736328,64.29207611083984,73.08592224121094,73.09542846679688,73.72837829589844,75.24209594726563,33.333335876464844,14.285715103149414,14.285715103149414,9.523809432983398,0,0,0,0,19.383228302001953,8589934592,1073741824,5186748416,307429376
209,1771639343170,3504,3504,3504,3504,3504,3504,3504,3504,54.67829513549805,54.156925201416016,53.078834533691406,52.80810546875,53.08774948120117,52.88054656982422,52.60707092285156,53.7459831237793,53.97735595703125,25,19.047618865966797,10,10,0,0,0,0,19.383228302001953,8589934592,1073741824,5182668800,307429376
209,1771639343380,3504,3504,3504,3504,3504,3504,3504,3504,54.67829513549805,54.156925201416016,53.078834533691406,52.80810546875,53.08774948120117,52.88054656982422,52.60707092285156,53.7459831237793,53.97735595703125,31.81818199157715,10,13.636363983154297,5,0,0,0,0,19.383228302001953,8589934592,1073741824,5179047936,307429376
205,1771639343590,3504,3504,3504,3504,3504,3504,3504,3504,54.67829513549805,54.156925201416016,53.078834533691406,52.80810546875,53.08774948120117,52.88054656982422,52.60707092285156,53.7459831237793,53.97735595703125,28.571430206298828,14.285715103149414,19.047618865966797,13.636363983154297,0,0,0,0,19.383228302001953,8589934592,1073741824,5179113472,307429376
206,1771639343796,3504,3504,3504,3504,3504,3504,3504,3504,54.67829513549805,54.156925201416016,53.078834533691406,52.80810546875,53.08774948120117,52.88054656982422,52.60707092285156,53.7459831237793,53.97735595703125,26.3157901763916,15.000000953674316,5.263157844543457,5,0,0,0,0,15.53393268585205,8589934592,1073741824,5179064320,307429376
209,1771639344003,3504,3504,3504,3504,3504,3504,3504,3504,54.67829513549805,54.156925201416016,53.078834533691406,52.80810546875,53.08774948120117,52.88054656982422,52.60707092285156,53.7459831237793,53.97735595703125,33.333335876464844,14.285715103149414,13.636363983154297,9.523809432983398,0,0,0,0,15.53393268585205,8589934592,1073741824,5179195392,307429376
206,1771639344213,3504,3504,3504,3504,3504,3504,3504,3504,51.07691955566406,50.21466064453125,49.379669189453125,49.10173034667969,49.560367584228516,49.28374481201172,48.97936248779297,50.177825927734375,50.316200256347656,33.333335876464844,22.72727394104004,15.000000953674316,9.523809432983398,0,0,0,0,15.53393268585205,8589934592,1073741824,5153800192,307429376
206,1771639344420,3504,3504,3504,3504,3504,3504,3504,3504,51.07691955566406,50.21466064453125,49.379669189453125,49.10173034667969,49.560367584228516,49.28374481201172,48.97936248779297,50.177825927734375,50.316200256347656,19.047618865966797,15.000000953674316,14.285715103149414,9.523809432983398,0,0,0,0,15.53393268585205,8589934592,1073741824,5153718272,307429376
209,1771639344626,3504,3504,3504,3504,3504,3504,3504,3504,51.07691955566406,50.21466064453125,49.379669189453125,49.10173034667969,49.560367584228516,49.28374481201172,48.97936248779297,50.177825927734375,50.316200256347656,23.809524536132813,25,15.000000953674316,15.000000953674316,0,0,0,0,15.53393268585205,8589934592,1073741824,5153587200,307429376
206,1771639344836,3504,3504,3504,3504,3504,3504,3504,3504,51.07691955566406,50.21466064453125,49.379669189453125,49.10173034667969,49.560367584228516,49.28374481201172,48.97936248779297,50.177825927734375,50.316200256347656,15.000000953674316,23.809524536132813,9.523809432983398,4.761904716491699,0,0,0,0,2.1580405235290527,8589934592,1073741824,5153603584,307429376
209,1771639345043,3504,3504,3504,3504,3504,3504,3504,3504,51.07691955566406,50.21466064453125,49.379669189453125,49.10173034667969,49.560367584228516,49.28374481201172,48.97936248779297,50.177825927734375,50.316200256347656,15.000000953674316,23.809524536132813,9.523809432983398,9.523809432983398,0,0,0,0,2.1580405235290527,8589934592,1073741824,5153669120,307429376
209,1771639345253,3504,3504,3504,3504,3504,3504,3504,3504,49.20879364013672,48.59779357910156,47.531028747558594,47.20002746582031,47.571876525878906,47.46868896484375,47.14729309082031,48.2877311706543,48.424827575683594,23.809524536132813,19.047618865966797,19.047618865966797,9.523809432983398,0,0,0,0,2.1580405235290527,8589934592,1073741824,5153783808,307429376
202,1771639345463,3504,3504,3504,3504,3504,3504,3504,3504,49.20879364013672,48.59779357910156,47.531028747558594,47.20002746582031,47.571876525878906,47.46868896484375,47.14729309082031,48.2877311706543,48.424827575683594,42.85714340209961,42.85714340209961,28.571430206298828,23.809524536132813,0,0,0,0,2.1580405235290527,8589934592,1073741824,5156388864,307429376
209,1771639345665,3504,3504,3504,3504,3504,3504,3504,3504,49.20879364013672,48.59779357910156,47.531028747558594,47.20002746582031,47.571876525878906,47.46868896484375,47.14729309082031,48.2877311706543,48.424827575683594,33.333335876464844,26.3157901763916,20,20,0,0,0,0,2.517087936401367,8589934592,1073741824,5154570240,307429376
208,1771639345876,3504,3504,3504,3504,3504,3504,3504,3504,49.20879364013672,48.59779357910156,47.531028747558594,47.20002746582031,47.571876525878906,47.46868896484375,47.14729309082031,48.2877311706543,48.424827575683594,20,13.636363983154297,9.523809432983398,4.761904716491699,0,0,0,4.545454502105713,2.517087936401367,8589934592,1073741824,5154586624,307429376
201,1771639346084,3504,3504,3504,3504,3504,3504,3504,3504,49.20879364013672,48.59779357910156,47.531028747558594,47.20002746582031,47.571876525878906,47.46868896484375,47.14729309082031,48.2877311706543,48.424827575683594,28.571430206298828,14.285715103149414,14.285715103149414,5,0,0,0,0,2.517087936401367,8589934592,1073741824,5154488320,307429376
208,1771639346286,3504,3504,3504,3504,3504,3504,3504,3504,47.929954528808594,47.479095458984375,46.159202575683594,45.941001892089844,46.3881950378418,46.40406036376953,45.903724670410156,46.97035217285156,47.176841735839844,20,10.526315689086914,20,14.285715103149414,4.761904716491699,0,0,0,2.517087936401367,8589934592,1073741824,5154504704,307429376
205,1771639346495,3504,3504,3504,3504,3504,3504,3504,3504,47.929954528808594,47.479095458984375,46.159202575683594,45.941001892089844,46.3881950378418,46.40406036376953,45.903724670410156,46.97035217285156,47.176841735839844,14.285715103149414,28.571430206298828,10,5,0,0,0,0,2.517087936401367,8589934592,1073741824,5154488320,307429376
203,1771639346701,3504,3504,3504,3504,3504,3504,3504,3504,47.929954528808594,47.479095458984375,46.159202575683594,45.941001892089844,46.3881950378418,46.40406036376953,45.903724670410156,46.97035217285156,47.176841735839844,10,25,9.523809432983398,9.523809432983398,0,0,0,0,2.269658327102661,8589934592,1073741824,5154488320,307429376
207,1771639346905,3504,3504,3504,3504,3504,3504,3504,3504,47.929954528808594,47.479095458984375,46.159202575683594,45.941001892089844,46.3881950378418,46.40406036376953,45.903724670410156,46.97035217285156,47.176841735839844,40,47.619049072265625,40,38.095237731933594,40,36.3636360168457,30.000001907348633,30.000001907348633,2.269658327102661,8589934592,1073741824,5154488320,307429376
206,1771639347113,3504,3504,3504,3504,3504,3504,3504,3504,47.929954528808594,47.479095458984375,46.159202575683594,45.941001892089844,46.3881950378418,46.40406036376953,45.903724670410156,46.97035217285156,47.176841735839844,68.18181610107422,70,66.66667175292969,65,85,80,85,80.95238494873047,2.269658327102661,8589934592,1073741824,5154488320,307429376
209,1771639347319,3504,3504,3504,3504,3504,3504,3504,3504,52.17696762084961,51.54146957397461,50.31017303466797,50.36604309082031,47.09203338623047,50.646339416503906,50.20446014404297,51.12594985961914,51.5213737487793,70,71.42857360839844,66.66667175292969,66.66667175292969,81.81818389892578,90.90909576416016,81.81818389892578,75,2.269658327102661,8589934592,1073741824,5193285632,307429376
209,1771639347529,3504,3504,3504,3504,3504,3504,3504,3504,52.17696762084961,51.54146957397461,50.31017303466797,50.36604309082031,47.09203338623047,50.646339416503906,50.20446014404297,51.12594985961914,51.5213737487793,71.42857360839844,66.66667175292969,66.66667175292969,66.66667175292969,85,84.21052551269531,77.2727279663086,85.71428680419922,2.269658327102661,8589934592,1073741824,5234917376,307429376
209,1771639347739,3504,3504,3504,3504,3504,3504,3504,3504,52.17696762084961,51.54146957397461,50.31017303466797,50.36604309082031,47.09203338623047,50.646339416503906,50.20446014404297,51.12594985961914,51.5213737487793,70,66.66667175292969,66.66667175292969,65,80.95238494873047,81.81818389892578,78.94737243652344,85.71428680419922,2.023736000061035,8589934592,1073741824,5175984128,307429376
203,1771639347949,3504,3504,3504,3504,3504,3504,3504,3504,52.17696762084961,51.54146957397461,50.31017303466797,50.36604309082031,47.09203338623047,50.646339416503906,50.20446014404297,51.12594985961914,51.5213737487793,68.18181610107422,66.66667175292969,70,72.7272720336914,86.36363983154297,85.71428680419922,77.2727279663086,80.95238494873047,2.023736000061035,8589934592,1073741824,5177917440,307429376
209,1771639348152,3504,3504,3504,3504,3504,3504,3504,3504,73.80884552001953,71.89820098876953,71.16543579101563,71.8550796508789,57.88654708862305,70.50179290771484,70.89169311523438,70.83869171142578,72.9620132446289,68.42105102539063,71.42857360839844,66.66667175292969,68.42105102539063,85,85,85,80,2.023736000061035,8589934592,1073741824,5172314112,307429376
206,1771639348363,3504,3504,3504,3504,3504,3504,3504,3504,73.80884552001953,71.89820098876953,71.16543579101563,71.8550796508789,57.88654708862305,70.50179290771484,70.89169311523438,70.83869171142578,72.9620132446289,72.7272720336914,70,70,69.56521606445313,90,85,80.95238494873047,81.81818389892578,2.023736000061035,8589934592,1073741824,5178638336,307429376
209,1771639348569,3504,3504,3504,3504,3504,3504,3504,3504,73.80884552001953,71.89820098876953,71.16543579101563,71.8550796508789,57.88654708862305,70.50179290771484,70.89169311523438,70.83869171142578,72.9620132446289,76.19047546386719,66.66667175292969,71.42857360839844,70,80.95238494873047,81.81818389892578,85.71428680419922,95,2.023736000061035,8589934592,1073741824,5183553536,307429376
203,1771639348779,3504,3504,3504,3504,3504,3504,3504,3504,73.80884552001953,71.89820098876953,71.16543579101563,71.8550796508789,57.88654708862305,70.50179290771484,70.89169311523438,70.83869171142578,72.9620132446289,66.66667175292969,66.66667175292969,66.66667175292969,65,80.95238494873047,95.23809814453125,76.19047546386719,80.95238494873047,6.636038303375244,8589934592,1073741824,5212602368,307429376
203,1771639348982,3504,3504,3504,3504,3504,3504,3504,3504,73.80884552001953,71.89820098876953,71.16543579101563,71.8550796508789,57.88654708862305,70.50179290771484,70.89169311523438,70.83869171142578,72.9620132446289,80,80,80,75,94.73684692382813,85,90,90,6.636038303375244,8589934592,1073741824,5183946752,307429376
209,1771639349186,3504,3504,3504,3504,3504,3504,3504,3504,78.22882080078125,76.19866180419922,75.33900451660156,76.10807800292969,61.934329986572266,75.0601577758789,75.39471435546875,75.56974792480469,77.83831024169922,71.42857360839844,65,71.42857360839844,68.18181610107422,81.81818389892578,90,90,80,6.636038303375244,8589934592,1073741824,5183881216,307429376
211,1771639349396,3504,3504,3504,3504,3504,3504,3504,3504,78.22882080078125,76.19866180419922,75.33900451660156,76.10807800292969,61.934329986572266,75.0601577758789,75.39471435546875,75.56974792480469,77.83831024169922,75,71.42857360839844,71.42857360839844,70,85.71428680419922,90.90909576416016,85.71428680419922,76.19047546386719,6.636038303375244,8589934592,1073741824,5229363200,307429376
209,1771639349607,3504,3504,3504,3504,3504,3504,3504,3504,78.22882080078125,76.19866180419922,75.33900451660156,76.10807800292969,61.934329986572266,75.0601577758789,75.39471435546875,75.56974792480469,77.83831024169922,72.7272720336914,71.42857360839844,70,68.18181610107422,85,90,77.2727279663086,90.90909576416016,6.636038303375244,8589934592,1073741824,5195022336,307429376
209,1771639349817,3504,3504,3504,3504,3504,3504,3504,3504,78.22882080078125,76.19866180419922,75.33900451660156,76.10807800292969,61.934329986572266,75.0601577758789,75.39471435546875,75.56974792480469,77.83831024169922,71.42857360839844,71.42857360839844,69.56521606445313,70,86.36363983154297,81.81818389892578,85.71428680419922,85.71428680419922,18.954145431518555,8589934592,1073741824,5192843264,307429376
207,1771639350027,3504,3504,3504,3504,3504,3504,3504,3504,78.22882080078125,76.19866180419922,75.33900451660156,76.10807800292969,61.934329986572266,75.0601577758789,75.39471435546875,75.56974792480469,77.83831024169922,75,71.42857360839844,70,68.18181610107422,85.71428680419922,85,85,85.71428680419922,18.954145431518555,8589934592,1073741824,5189632000,307429376
209,1771639350235,3504,3504,3504,3504,3504,3504,3504,3504,80.71914672851563,78.69393920898438,77.93753051757813,78.72994232177734,64.06012725830078,77.55742645263672,77.8815689086914,77.9581527709961,80.2511978149414,76.19047546386719,66.66667175292969,66.66667175292969,65,80.95238494873047,90.90909576416016,81.81818389892578,85,18.954145431518555,8589934592,1073741824,5210963968,307429376
209,1771639350445,3504,3504,3504,3504,3504,3504,3504,3504,80.71914672851563,78.69393920898438,77.93753051757813,78.72994232177734,64.06012725830078,77.55742645263672,77.8815689086914,77.9581527709961,80.2511978149414,71.42857360839844,68.18181610107422,66.66667175292969,66.66667175292969,85,90,85,80.95238494873047,18.954145431518555,8589934592,1073741824,5222825984,307429376
202,1771639350655,3504,3504,3504,3504,3504,3504,3504,3504,80.71914672851563,78.69393920898438,77.93753051757813,78.72994232177734,64.06012725830078,77.55742645263672,77.8815689086914,77.9581527709961,80.2511978149414,71.42857360839844,70,70,70,90.47618865966797,81.81818389892578,80.95238494873047,86.36363983154297,19.92168426513672,8589934592,1073741824,5203230720,307429376
209,1771639350858,3504,3504,3504,3504,3504,3504,3504,3504,80.71914672851563,78.69393920898438,77.93753051757813,78.72994232177734,64.06012725830078,77.55742645263672,77.8815689086914,77.9581527709961,80.2511978149414,75,70,66.66667175292969,66.66667175292969,80.95238494873047,89.47368621826172,85.71428680419922,85,19.92168426513672,8589934592,1073741824,5194842112,307429376
202,1771639351068,3504,3504,3504,3504,3504,3504,3504,3504,80.71914672851563,78.69393920898438,77.93753051757813,78.72994232177734,64.06012725830078,77.55742645263672,77.8815689086914,77.9581527709961,80.2511978149414,66.66667175292969,71.42857360839844,65,66.66667175292969,85.71428680419922,81.81818389892578,85.71428680419922,80.95238494873047,19.92168426513672,8589934592,1073741824,5175377920,307429376
209,1771639351270,3504,3504,3504,3504,3504,3504,3504,3504,82.22062683105469,80.17453002929688,79.48045349121094,80.25471496582031,65.578369140625,79.19635772705078,79.43196868896484,79.67414093017578,81.78775024414063,75,71.42857360839844,71.42857360839844,68.42105102539063,85,89.47368621826172,90,85.71428680419922,19.92168426513672,8589934592,1073741824,5187895296,307429376
209,1771639351480,3504,3504,3504,3504,3504,3504,3504,3504,82.22062683105469,80.17453002929688,79.48045349121094,80.25471496582031,65.578369140625,79.19635772705078,79.43196868896484,79.67414093017578,81.78775024414063,68.18181610107422,71.42857360839844,70,69.56521606445313,85.71428680419922,86.36363983154297,80,80,19.92168426513672,8589934592,1073741824,5175508992,307429376
210,1771639351690,3504,3504,3504,3504,3504,3504,3504,3504,82.22062683105469,80.17453002929688,79.48045349121094,80.25471496582031,65.578369140625,79.19635772705078,79.43196868896484,79.67414093017578,81.78775024414063,65,70,66.66667175292969,66.66667175292969,85.71428680419922,85,90.47618865966797,80.95238494873047,19.353878021240234,8589934592,1073741824,5208784896,307429376
209,1771639351901,3504,3504,3504,3504,3504,3504,3504,3504,82.22062683105469,80.17453002929688,79.48045349121094,80.25471496582031,65.578369140625,79.19635772705078,79.43196868896484,79.67414093017578,81.78775024414063,71.42857360839844,66.66667175292969,71.42857360839844,70,90,81.81818389892578,85.71428680419922,76.19047546386719,19.353878021240234,8589934592,1073741824,5172101120,307429376
209,1771639352111,3504,3504,3504,3504,3504,3504,3504,3504,82.22062683105469,80.17453002929688,79.48045349121094,80.25471496582031,65.578369140625,79.19635772705078,79.43196868896484,79.67414093017578,81.78775024414063,42.85714340209961,40.90909194946289,36.3636360168457,28.571430206298828,40.90909194946289,42.85714340209961,36.3636360168457,36.3636360168457,19.353878021240234,8589934592,1073741824,5184094208,307429376
209,1771639352321,3504,3504,3504,3504,3504,3504,3504,3504,80.43817138671875,78.89974975585938,78.03304290771484,78.4962158203125,66.08030700683594,77.3699951171875,77.25437927246094,78.00714111328125,79.48346710205078,23.809524536132813,5.263157844543457,9.523809432983398,5,0,0,0,0,19.353878021240234,8589934592,1073741824,5177802752,307429376
204,1771639352531,3504,3504,3504,3504,3504,3504,3504,3504,80.43817138671875,78.89974975585938,78.03304290771484,78.4962158203125,66.08030700683594,77.3699951171875,77.25437927246094,78.00714111328125,79.48346710205078,28.571430206298828,18.18181800842285,9.523809432983398,18.18181800842285,0,0,0,0,19.353878021240234,8589934592,1073741824,5177835520,307429376
206,1771639352736,3504,3504,3504,3504,3504,3504,3504,3504,80.43817138671875,78.89974975585938,78.03304290771484,78.4962158203125,66.08030700683594,77.3699951171875,77.25437927246094,78.00714111328125,79.48346710205078,15.789472579956055,10,9.523809432983398,15.000000953674316,0,0,0,0,19.838951110839844,8589934592,1073741824,5174755328,307429376
209,1771639352943,3504,3504,3504,3504,3504,3504,3504,3504,80.43817138671875,78.89974975585938,78.03304290771484,78.4962158203125,66.08030700683594,77.3699951171875,77.25437927246094,78.00714111328125,79.48346710205078,27.272727966308594,19.047618865966797,10.526315689086914,9.523809432983398,0,0,0,0,19.838951110839844,8589934592,1073741824,5174788096,307429376
209,1771639353153,3504,3504,3504,3504,3504,3504,3504,3504,56.303218841552734,55.85395050048828,54.70262908935547,54.527503967285156,54.6871223449707,54.538063049316406,54.20368194580078,55.344852447509766,55.64263153076172,19.047618865966797,19.047618865966797,19.047618865966797,14.285715103149414,0,0,0,0,19.838951110839844,8589934592,1073741824,5174788096,307429376
209,1771639353363,3504,3504,3504,3504,3504,3504,3504,3504,56.303218841552734,55.85395050048828,54.70262908935547,54.527503967285156,54.6871223449707,54.538063049316406,54.20368194580078,55.344852447509766,55.64263153076172,25,14.285715103149414,19.047618865966797,9.523809432983398,0,0,0,0,19.838951110839844,8589934592,1073741824,5174788096,307429376
205,1771639353573,3504,3504,3504,3504,3504,3504,3504,3504,56.303218841552734,55.85395050048828,54.70262908935547,54.527503967285156,54.6871223449707,54.538063049316406,54.20368194580078,55.344852447509766,55.64263153076172,23.809524536132813,10,18.18181800842285,10,0,0,0,0,19.838951110839844,8589934592,1073741824,5167087616,307429376
204,1771639353779,3504,3504,3504,3504,3504,3504,3504,3504,56.303218841552734,55.85395050048828,54.70262908935547,54.527503967285156,54.6871223449707,54.538063049316406,54.20368194580078,55.344852447509766,55.64263153076172,19.047618865966797,19.047618865966797,15.000000953674316,13.636363983154297,0,0,0,0,19.170242309570313,8589934592,1073741824,5167071232,307429376
207,1771639353984,3504,3504,3504,3504,3504,3504,3504,3504,56.303218841552734,55.85395050048828,54.70262908935547,54.527503967285156,54.6871223449707,54.538063049316406,54.20368194580078,55.344852447509766,55.64263153076172,15.000000953674316,14.285715103149414,19.047618865966797,15.000000953674316,0,0,0,0,19.170242309570313,8589934592,1073741824,5167087616,307429376
209,1771639354192,3504,3504,3504,3504,3504,3504,3504,3504,51.94695281982422,51.12198257446289,50.274436950683594,50.09156036376953,50.40824890136719,50.0977783203125,49.86149597167969,51.0118408203125,51.19776916503906,20,19.047618865966797,10,19.047618865966797,0,0,0,0,19.170242309570313,8589934592,1073741824,5167087616,307429376
201,1771639354402,3504,3504,3504,3504,3504,3504,3504,3504,51.94695281982422,51.12198257446289,50.274436950683594,50.09156036376953,50.40824890136719,50.0977783203125,49.86149597167969,51.0118408203125,51.19776916503906,22.72727394104004,19.047618865966797,9.523809432983398,10,0,0,0,0,19.170242309570313,8589934592,1073741824,5167087616,307429376
205,1771639354604,3504,3504,3504,3504,3504,3504,3504,3504,51.94695281982422,51.12198257446289,50.274436950683594,50.09156036376953,50.40824890136719,50.0977783203125,49.86149597167969,51.0118408203125,51.19776916503906,25,15.789472579956055,10,9.523809432983398,0,0,0,0,19.170242309570313,8589934592,1073741824,5152718848,307429376
208,1771639354810,3504,3504,3504,3504,3504,3504,3504,3504,51.94695281982422,51.12198257446289,50.274436950683594,50.09156036376953,50.40824890136719,50.0977783203125,49.86149597167969,51.0118408203125,51.19776916503906,20,15.000000953674316,10,15.000000953674316,0,0,0,0,2.6026217937469482,8589934592,1073741824,5152718848,307429376
205,1771639355019,3504,3504,3504,3504,3504,3504,3504,3504,51.94695281982422,51.12198257446289,50.274436950683594,50.09156036376953,50.40824890136719,50.0977783203125,49.86149597167969,51.0118408203125,51.19776916503906,15.000000953674316,18.18181800842285,14.285715103149414,18.18181800842285,0,0,0,0,2.6026217937469482,8589934592,1073741824,5152735232,307429376
207,1771639355226,3504,3504,3504,3504,3504,3504,3504,3504,49.86470031738281,49.182029724121094,48.238555908203125,47.978981018066406,48.39656066894531,48.15852355957031,47.87871551513672,49.01124954223633,49.09354019165039,19.047618865966797,20,14.285715103149414,15.789472579956055,0,0,0,0,2.6026217937469482,8589934592,1073741824,5152735232,307429376
201,1771639355434,3504,3504,3504,3504,3504,3504,3504,3504,49.86470031738281,49.182029724121094,48.238555908203125,47.978981018066406,48.39656066894531,48.15852355957031,47.87871551513672,49.01124954223633,49.09354019165039,14.285715103149414,19.047618865966797,10,19.047618865966797,0,0,0,0,2.6026217937469482,8589934592,1073741824,5153095680,307429376
209,1771639355636,3504,3504,3504,3504,3504,3504,3504,3504,49.86470031738281,49.182029724121094,48.238555908203125,47.978981018066406,48.39656066894531,48.15852355957031,47.87871551513672,49.01124954223633,49.09354019165039,15.000000953674316,20,9.523809432983398,14.285715103149414,0,0,0,0,2.9972622394561768,8589934592,1073741824,5153062912,307429376
206,1771639355846,3504,3504,3504,3504,3504,3504,3504,3504,49.86470031738281,49.182029724121094,48.238555908203125,47.978981018066406,48.39656066894531,48.15852355957031,47.87871551513672,49.01124954223633,49.09354019165039,14.285715103149414,20,10,15.000000953674316,0,0,0,0,2.9972622394561768,8589934592,1073741824,5152997376,307429376
206,1771639356053,3504,3504,3504,3504,3504,3504,3504,3504,49.86470031738281,49.182029724121094,48.238555908203125,47.978981018066406,48.39656066894531,48.15852355957031,47.87871551513672,49.01124954223633,49.09354019165039,19.047618865966797,9.523809432983398,9.523809432983398,23.809524536132813,0,0,0,0,2.9972622394561768,8589934592,1073741824,5152997376,307429376
209,1771639356259,3504,3504,3504,3504,3504,3504,3504,3504,48.60529708862305,48.02185821533203,46.814903259277344,46.63501739501953,46.943206787109375,46.890411376953125,46.534385681152344,47.5770149230957,47.73081588745117,19.047618865966797,23.809524536132813,14.285715103149414,19.047618865966797,0,0,0,0,2.9972622394561768,8589934592,1073741824,5152997376,307429376
209,1771639356469,3504,3504,3504,3504,3504,3504,3504,3504,48.60529708862305,48.02185821533203,46.814903259277344,46.63501739501953,46.943206787109375,46.890411376953125,46.534385681152344,47.5770149230957,47.73081588745117,15.000000953674316,9.523809432983398,5,15.000000953674316,0,0,0,0,2.9972622394561768,8589934592,1073741824,5152997376,307429376
204,1771639356679,3504,3504,3504,3504,3504,3504,3504,3504,48.60529708862305,48.02185821533203,46.814903259277344,46.63501739501953,46.943206787109375,46.890411376953125,46.534385681152344,47.5770149230957,47.73081588745117,33.333335876464844,10,14.285715103149414,9.090909004211426,0,0,0,0,2.6408653259277344,8589934592,1073741824,5153046528,307429376
201,1771639356884,3504,3504,3504,3504,3504,3504,3504,3504,48.60529708862305,48.02185821533203,46.814903259277344,46.63501739501953,46.943206787109375,46.890411376953125,46.534385681152344,47.5770149230957,47.73081588745117,30.000001907348633,19.047618865966797,14.285715103149414,10.526315689086914,0,0,0,0,2.6408653259277344,8589934592,1073741824,5153390592,307429376
215,1771639357086,3504,3504,3504,3504,3504,3504,3504,3504,48.60529708862305,48.02185821533203,46.814903259277344,46.63501739501953,46.943206787109375,46.890411376953125,46.534385681152344,47.5770149230957,47.73081588745117,71.42857360839844,65,65,61.904762268066406,76.19047546386719,71.42857360839844,80.95238494873047,70,2.6408653259277344,8589934592,1073741824,5204623360,307429376
206,1771639357302,3504,3504,3504,3504,3504,3504,3504,3504,50.883670806884766,50.26449966430664,48.984039306640625,48.92925262451172,46.9923095703125,49.501365661621094,49.020362854003906,49.9971923828125,50.31096649169922,70,71.42857360839844,72.7272720336914,68.18181610107422,86.36363983154297,85.71428680419922,85,81.81818389892578,2.6408653259277344,8589934592,1073741824,5177835520,307429376
209,1771639357508,3504,3504,3504,3504,3504,3504,3504,3504,50.883670806884766,50.26449966430664,48.984039306640625,48.92925262451172,46.9923095703125,49.501365661621094,49.020362854003906,49.9971923828125,50.31096649169922,76.19047546386719,71.42857360839844,73.68421173095703,72.22222137451172,90.47618865966797,85,90.90909576416016,78.94737243652344,2.6408653259277344,8589934592,1073741824,5200822272,307429376
200,1771639357718,3504,3504,3504,3504,3504,3504,3504,3504,50.883670806884766,50.26449966430664,48.984039306640625,48.92925262451172,46.9923095703125,49.501365661621094,49.020362854003906,49.9971923828125,50.31096649169922,77.2727279663086,72.7272720336914,72.7272720336914,73.91304016113281,85,95.23809814453125,85,86.36363983154297,2.158735752105713,8589934592,1073741824,5191778304,307429376
209,1771639357919,3504,3504,3504,3504,3504,3504,3504,3504,50.883670806884766,50.26449966430664,48.984039306640625,48.92925262451172,46.9923095703125,49.501365661621094,49.020362854003906,49.9971923828125,50.31096649169922,73.68421173095703,68.42105102539063,65,65,85,85,80,80.95238494873047,2.158735752105713,8589934592,1073741824,5203263488,307429376
206,1771639358129,3504,3504,3504,3504,3504,3504,3504,3504,50.883670806884766,50.26449966430664,71.60038757324219,72.27947235107422,58.253971099853516,71.38406372070313,71.4481430053711,71.77132415771484,73.4169692993164,72.7272720336914,66.66667175292969,71.42857360839844,71.42857360839844,85.71428680419922,86.36363983154297,80.95238494873047,84.21052551269531,2.158735752105713,8589934592,1073741824,5224382464,307429376
211,1771639358336,3504,3504,3504,3504,3504,3504,3504,3504,74.29398345947266,72.39324188232422,71.60038757324219,72.27947235107422,58.253971099853516,71.38406372070313,71.4481430053711,71.77132415771484,73.4169692993164,70,75,65,65,85.71428680419922,90,85.71428680419922,80.95238494873047,2.158735752105713,8589934592,1073741824,5223923712,307429376
202,1771639358550,3504,3504,3504,3504,3504,3504,3504,3504,74.29398345947266,72.39324188232422,71.60038757324219,72.27947235107422,58.253971099853516,71.38406372070313,71.4481430053711,71.77132415771484,73.4169692993164,71.42857360839844,72.7272720336914,68.18181610107422,68.18181610107422,81.81818389892578,80.95238494873047,85,90.47618865966797,2.158735752105713,8589934592,1073741824,5178654720,307429376
209,1771639358753,3504,3504,3504,3504,3504,3504,3504,3504,74.29398345947266,72.39324188232422,71.60038757324219,72.27947235107422,58.253971099853516,71.38406372070313,71.4481430053711,71.77132415771484,73.4169692993164,71.42857360839844,65,71.42857360839844,70,90.47618865966797,85.71428680419922,82.60869598388672,85.71428680419922,3.659602165222168,8589934592,1073741824,5189337088,307429376
205,1771639358963,3504,3504,3504,3504,3504,3504,3504,3504,74.29398345947266,72.39324188232422,71.60038757324219,72.27947235107422,58.253971099853516,71.38406372070313,71.4481430053711,71.77132415771484,73.4169692993164,70,71.42857360839844,70,66.66667175292969,85,90,84.21052551269531,86.36363983154297,3.659602165222168,8589934592,1073741824,5193744384,307429376
209,1771639359169,3504,3504,3504,3504,3504,3504,3504,3504,78.46207427978516,76.49447631835938,75.73448944091797,76.51018524169922,62.38165283203125,75.89949798583984,76.32371520996094,76.22821807861328,78.71922302246094,71.42857360839844,76.19047546386719,66.66667175292969,66.66667175292969,80.95238494873047,85.71428680419922,85.71428680419922,85,3.659602165222168,8589934592,1073741824,5204836352,307429376
207,1771639359379,3504,3504,3504,3504,3504,3504,3504,3504,78.46207427978516,76.49447631835938,75.73448944091797,76.51018524169922,62.38165283203125,75.89949798583984,76.32371520996094,76.22821807861328,78.71922302246094,68.18181610107422,70,70,66.66667175292969,84.21052551269531,85.71428680419922,80.95238494873047,80.95238494873047,3.659602165222168,8589934592,1073741824,5215256576,307429376
207,1771639359587,3504,3504,3504,3504,3504,3504,3504,3504,78.46207427978516,76.49447631835938,75.73448944091797,76.51018524169922,62.38165283203125,75.89949798583984,76.32371520996094,76.22821807861328,78.71922302246094,75,66.66667175292969,66.66667175292969,70,86.36363983154297,90.47618865966797,81.81818389892578,85.71428680419922,3.659602165222168,8589934592,1073741824,5211111424,307429376
212,1771639359795,3504,3504,3504,3504,3504,3504,3504,3504,78.46207427978516,76.49447631835938,75.73448944091797,76.51018524169922,62.38165283203125,75.89949798583984,76.32371520996094,76.22821807861328,78.71922302246094,61.904762268066406,71.42857360839844,66.66667175292969,66.66667175292969,80.95238494873047,85.71428680419922,78.94737243652344,90.47618865966797,19.05134391784668,8589934592,1073741824,5190926336,307429376
209,1771639360007,3504,3504,3504,3504,3504,3504,3504,3504,78.46207427978516,76.49447631835938,75.73448944091797,76.51018524169922,62.38165283203125,75.89949798583984,76.32371520996094,76.22821807861328,78.71922302246094,71.42857360839844,71.42857360839844,71.42857360839844,72.7272720336914,90.90909576416016,85.71428680419922,81.81818389892578,85.71428680419922,19.05134391784668,8589934592,1073741824,5182685184,307429376
201,1771639360217,3504,3504,3504,3504,3504,3504,3504,3504,80.97210693359375,78.93987274169922,78.10491943359375,78.9697036743164,64.40950012207031,77.80035400390625,78.38031005859375,78.06767272949219,80.92587280273438,71.42857360839844,71.42857360839844,66.66667175292969,65,85.71428680419922,85.71428680419922,77.2727279663086,90.47618865966797,19.05134391784668,8589934592,1073741824,5177442304,307429376
206,1771639360422,3504,3504,3504,3504,3504,3504,3504,3504,80.97210693359375,78.93987274169922,78.10491943359375,78.9697036743164,64.40950012207031,77.80035400390625,78.38031005859375,78.06767272949219,80.92587280273438,75,76.19047546386719,70,71.42857360839844,84.21052551269531,85.71428680419922,89.47368621826172,90,19.05134391784668,8589934592,1073741824,5177442304,307429376
206,1771639360629,3504,3504,3504,3504,3504,3504,3504,3504,80.97210693359375,78.93987274169922,78.10491943359375,78.9697036743164,64.40950012207031,77.80035400390625,78.38031005859375,78.06767272949219,80.92587280273438,66.66667175292969,70,71.42857360839844,66.66667175292969,81.81818389892578,85,85.71428680419922,85.71428680419922,19.454490661621094,8589934592,1073741824,5177442304,307429376
209,1771639360836,3504,3504,3504,3504,3504,3504,3504,3504,80.97210693359375,78.93987274169922,78.10491943359375,78.9697036743164,64.40950012207031,77.80035400390625,78.38031005859375,78.06767272949219,80.92587280273438,75,72.7272720336914,71.42857360839844,71.42857360839844,90,85.71428680419922,80.95238494873047,85,19.454490661621094,8589934592,1073741824,5212389376,307429376
206,1771639361046,3504,3504,3504,3504,3504,3504,3504,3504,80.97210693359375,78.93987274169922,78.10491943359375,78.9697036743164,64.40950012207031,77.80035400390625,78.38031005859375,78.06767272949219,80.92587280273438,68.18181610107422,68.42105102539063,71.42857360839844,65,85.71428680419922,81.81818389892578,85.71428680419922,77.2727279663086,19.454490661621094,8589934592,1073741824,5191942144,307429376
210,1771639361252,3504,3504,3504,3504,3504,3504,3504,3504,82.4169692993164,80.6350326538086,79.91938781738281,80.56260681152344,66.02751922607422,79.58609008789063,79.89068603515625,80.03660583496094,82.35490417480469,70,72.7272720336914,70,70,80,80,80.95238494873047,85,19.454490661621094,8589934592,1073741824,5188567040,307429376
209,1771639361464,3504,3504,3504,3504,3504,3504,3504,3504,82.4169692993164,80.6350326538086,79.91938781738281,80.56260681152344,66.02751922607422,79.58609008789063,79.89068603515625,80.03660583496094,82.35490417480469,76.19047546386719,71.42857360839844,71.42857360839844,66.66667175292969,85.71428680419922,85.71428680419922,85.71428680419922,80.95238494873047,19.454490661621094,8589934592,1073741824,5179768832,307429376
209,1771639361674,3504,3504,3504,3504,3504,3504,3504,3504,82.4169692993164,80.6350326538086,79.91938781738281,80.56260681152344,66.02751922607422,79.58609008789063,79.89068603515625,80.03660583496094,82.35490417480469,71.42857360839844,65,66.66667175292969,71.42857360839844,90.47618865966797,85,80,76.19047546386719,20.127891540527344,8589934592,1073741824,5165613056,307429376
201,1771639361884,3504,3504,3504,3504,3504,3504,3504,3504,82.4169692993164,80.6350326538086,79.91938781738281,80.56260681152344,66.02751922607422,79.58609008789063,79.89068603515625,80.03660583496094,82.35490417480469,71.42857360839844,72.7272720336914,71.42857360839844,68.18181610107422,86.36363983154297,90.90909576416016,85.71428680419922,85.71428680419922,20.127891540527344,8589934592,1073741824,5177393152,307429376
209,1771639362086,3504,3504,3504,3504,3504,3504,3504,3504,82.4169692993164,80.6350326538086,79.91938781738281,80.56260681152344,66.02751922607422,79.58609008789063,79.89068603515625,80.03660583496094,82.35490417480469,66.66667175292969,65,57.142860412597656,57.142860412597656,70,75,66.66667175292969,66.66667175292969,20.127891540527344,8589934592,1073741824,5169168384,307429376
208,1771639362296,3504,3504,3504,3504,3504,3504,3504,3504,82.47201538085938,80.36732482910156,79.54586791992188,80.47305297851563,66.82086181640625,78.79135131835938,79.01156616210938,79.35115051269531,81.38997650146484,10.526315689086914,10,5,0,4.761904716491699,4.761904716491699,0,0,20.127891540527344,8589934592,1073741824,5169168384,307429376
204,1771639362505,3504,3504,3504,3504,3504,3504,3504,3504,82.47201538085938,80.36732482910156,79.54586791992188,80.47305297851563,66.82086181640625,78.79135131835938,79.01156616210938,79.35115051269531,81.38997650146484,27.272727966308594,19.047618865966797,9.523809432983398,5,4.545454502105713,0,0,0,20.127891540527344,8589934592,1073741824,5169168384,307429376
199,1771639362710,3504,3504,3504,3504,3504,3504,3504,3504,82.47201538085938,80.36732482910156,79.54586791992188,80.47305297851563,66.82086181640625,78.79135131835938,79.01156616210938,79.35115051269531,81.38997650146484,10,28.571430206298828,9.523809432983398,14.285715103149414,0,0,0,0,19.838953018188477,8589934592,1073741824,5169168384,307429376
209,1771639362910,3504,3504,3504,3504,3504,3504,3504,3504,82.47201538085938,80.36732482910156,79.54586791992188,80.47305297851563,66.82086181640625,78.79135131835938,79.01156616210938,79.35115051269531,81.38997650146484,20,25,15.000000953674316,15.000000953674316,0,0,0,0,19.838953018188477,8589934592,1073741824,5176393728,307429376
205,1771639363120,3504,3504,3504,3504,3504,3504,3504,3504,82.47201538085938,80.36732482910156,79.54586791992188,80.47305297851563,66.82086181640625,78.79135131835938,79.01156616210938,79.35115051269531,81.38997650146484,19.047618865966797,14.285715103149414,20,5,0,0,0,0,19.838953018188477,8589934592,1073741824,5176721408,307429376
207,1771639363326,3504,3504,3504,3504,3504,3504,3504,3504,57.377288818359375,56.96540069580078,55.77716064453125,55.612892150878906,55.73930358886719,55.59843444824219,55.20789337158203,56.442054748535156,56.739070892333984,20,10.526315689086914,19.047618865966797,9.090909004211426,0,0,0,0,19.838953018188477,8589934592,1073741824,5176737792,307429376
209,1771639363534,3504,3504,3504,3504,3504,3504,3504,3504,57.377288818359375,56.96540069580078,55.77716064453125,55.612892150878906,55.73930358886719,55.59843444824219,55.20789337158203,56.442054748535156,56.739070892333984,19.047618865966797,22.72727394104004,15.000000953674316,5,0,0,0,0,19.838953018188477,8589934592,1073741824,5169266688,307429376
209,1771639363744,3504,3504,3504,3504,3504,3504,3504,3504,57.377288818359375,56.96540069580078,55.77716064453125,55.612892150878906,55.73930358886719,55.59843444824219,55.20789337158203,56.442054748535156,56.739070892333984,19.047618865966797,15.000000953674316,9.523809432983398,9.523809432983398,0,0,0,0,18.481399536132813,8589934592,1073741824,5169266688,307429376
207,1771639363954,3504,3504,3504,3504,3504,3504,3504,3504,57.377288818359375,56.96540069580078,55.77716064453125,55.612892150878906,55.73930358886719,55.59843444824219,55.20789337158203,56.442054748535156,56.739070892333984,28.571430206298828,23.809524536132813,18.18181800842285,14.285715103149414,5.263157844543457,9.523809432983398,9.523809432983398,4.761904716491699,18.481399536132813,8589934592,1073741824,5170528256,307429376
207,1771639364161,3504,3504,3504,3504,3504,3504,3504,3504,52.59828186035156,51.8822021484375,50.96563720703125,50.77471923828125,51.06212615966797,50.777732849121094,50.456626892089844,51.689579010009766,51.87900161743164,23.809524536132813,19.047618865966797,10,10,0,0,0,0,18.481399536132813,8589934592,1073741824,5170528256,307429376
209,1771639364369,3504,3504,3504,3504,3504,3504,3504,3504,52.59828186035156,51.8822021484375,50.96563720703125,50.77471923828125,51.06212615966797,50.777732849121094,50.456626892089844,51.689579010009766,51.87900161743164,15.000000953674316,14.285715103149414,19.047618865966797,9.523809432983398,0,0,0,0,18.481399536132813,8589934592,1073741824,5168562176,307429376
206,1771639364580,3504,3504,3504,3504,3504,3504,3504,3504,52.59828186035156,51.8822021484375,50.96563720703125,50.77471923828125,51.06212615966797,50.777732849121094,50.456626892089844,51.689579010009766,51.87900161743164,19.047618865966797,15.000000953674316,14.285715103149414,19.047618865966797,0,0,0,0,18.481399536132813,8589934592,1073741824,5159780352,307429376
209,1771639364787,3504,3504,3504,3504,3504,3504,3504,3504,52.59828186035156,51.8822021484375,50.96563720703125,50.77471923828125,51.06212615966797,50.777732849121094,50.456626892089844,51.689579010009766,51.87900161743164,19.047618865966797,18.18181800842285,10,28.571430206298828,14.285715103149414,0,0,0,2.032216787338257,8589934592,1073741824,5157240832,307429376
209,1771639364997,3504,3504,3504,3504,3504,3504,3504,3504,52.59828186035156,51.8822021484375,50.96563720703125,50.77471923828125,51.06212615966797,50.777732849121094,50.456626892089844,51.689579010009766,51.87900161743164,23.809524536132813,15.000000953674316,13.636363983154297,14.285715103149414,0,0,0,0,2.032216787338257,8589934592,1073741824,5157257216,307429376
209,1771639365207,3504,3504,3504,3504,3504,3504,3504,3504,50.4884033203125,49.74934387207031,48.841453552246094,48.57379913330078,49.02753829956055,48.721923828125,48.37487030029297,49.61518478393555,49.737213134765625,25,19.047618865966797,20,23.809524536132813,0,0,0,0,2.032216787338257,8589934592,1073741824,5158354944,307429376
208,1771639365417,3504,3504,3504,3504,3504,3504,3504,3504,50.4884033203125,49.74934387207031,48.841453552246094,48.57379913330078,49.02753829956055,48.721923828125,48.37487030029297,49.61518478393555,49.737213134765625,9.523809432983398,9.523809432983398,19.047618865966797,15.000000953674316,0,0,0,0,2.032216787338257,8589934592,1073741824,5158354944,307429376
207,1771639365626,3504,3504,3504,3504,3504,3504,3504,3504,50.4884033203125,49.74934387207031,48.841453552246094,48.57379913330078,49.02753829956055,48.721923828125,48.37487030029297,49.61518478393555,49.737213134765625,19.047618865966797,15.000000953674316,19.047618865966797,18.18181800842285,0,0,0,0,2.032216787338257,8589934592,1073741824,5158354944,307429376
204,1771639365834,3504,3504,3504,3504,3504,3504,3504,3504,50.4884033203125,49.74934387207031,48.841453552246094,48.57379913330078,49.02753829956055,48.721923828125,48.37487030029297,49.61518478393555,49.737213134765625,10,18.18181800842285,19.047618865966797,5,0,0,0,0,2.808310031890869,8589934592,1073741824,5158354944,307429376
209,1771639366039,3504,3504,3504,3504,3504,3504,3504,3504,50.4884033203125,49.74934387207031,48.841453552246094,48.57379913330078,49.02753829956055,48.721923828125,48.37487030029297,49.61518478393555,49.737213134765625,20,25,23.809524536132813,15.000000953674316,0,0,0,0,2.808310031890869,8589934592,1073741824,5158600704,307429376
205,1771639366249,3504,3504,3504,3504,3504,3504,3504,3504,49.05628204345703,48.49728012084961,47.36968994140625,47.12059020996094,47.472930908203125,47.36585998535156,46.957176208496094,48.14246368408203,48.28494644165039,22.72727394104004,14.285715103149414,15.000000953674316,4.761904716491699,0,0,0,0,2.808310031890869,8589934592,1073741824,5158961152,307429376
209,1771639366455,3504,3504,3504,3504,3504,3504,3504,3504,49.05628204345703,48.49728012084961,47.36968994140625,47.12059020996094,47.472930908203125,47.36585998535156,46.957176208496094,48.14246368408203,48.28494644165039,15.000000953674316,19.047618865966797,19.047618865966797,10,0,0,0,0,2.808310031890869,8589934592,1073741824,5158862848,307429376
204,1771639366665,3504,3504,3504,3504,3504,3504,3504,3504,49.05628204345703,48.49728012084961,47.36968994140625,47.12059020996094,47.472930908203125,47.36585998535156,46.957176208496094,48.14246368408203,48.28494644165039,19.047618865966797,15.000000953674316,19.047618865966797,18.18181800842285,0,0,0,0,2.3301639556884766,8589934592,1073741824,5158862848,307429376
201,1771639366869,3504,3504,3504,3504,3504,3504,3504,3504,49.05628204345703,48.49728012084961,47.36968994140625,47.12059020996094,47.472930908203125,47.36585998535156,46.957176208496094,48.14246368408203,48.28494644165039,15.000000953674316,15.000000953674316,20,10,0,0,0,0,2.3301639556884766,8589934592,1073741824,5158862848,307429376
209,1771639367071,3504,3504,3504,3504,3504,3504,3504,3504,49.05628204345703,48.49728012084961,47.36968994140625,47.12059020996094,47.472930908203125,47.36585998535156,46.957176208496094,48.14246368408203,48.28494644165039,38.095237731933594,33.333335876464844,45,33.333335876464844,28.571430206298828,30.000001907348633,26.3157901763916,30.000001907348633,2.3301639556884766,8589934592,1073741824,5186355200,307429376
204,1771639367281,3504,3504,3504,3504,3504,3504,3504,3504,49.62275695800781,49.052528381347656,47.7720947265625,47.692283630371094,46.82017135620117,47.97510528564453,47.502708435058594,48.57965087890625,48.85090637207031,70,70,65,65,85.71428680419922,85.71428680419922,80.95238494873047,80,2.3301639556884766,8589934592,1073741824,5198659584,307429376
207,1771639367486,3504,3504,3504,3504,3504,3504,3504,3504,49.62275695800781,49.052528381347656,47.7720947265625,47.692283630371094,46.82017135620117,47.97510528564453,47.502708435058594,48.57965087890625,48.85090637207031,66.66667175292969,70,66.66667175292969,70,78.94737243652344,90.47618865966797,80.95238494873047,77.2727279663086,2.3301639556884766,8589934592,1073741824,5175689216,307429376
208,1771639367694,3504,3504,3504,3504,3504,3504,3504,3504,49.62275695800781,49.052528381347656,47.7720947265625,47.692283630371094,46.82017135620117,47.97510528564453,47.502708435058594,48.57965087890625,48.85090637207031,70,72.7272720336914,65,66.66667175292969,81.81818389892578,85,85,85,2.0589897632598877,8589934592,1073741824,5209128960,307429376
209,1771639367902,3504,3504,3504,3504,3504,3504,3504,3504,49.62275695800781,49.052528381347656,47.7720947265625,47.692283630371094,46.82017135620117,47.97510528564453,47.502708435058594,48.57965087890625,48.85090637207031,68.18181610107422,65,68.18181610107422,66.66667175292969,85.71428680419922,80.95238494873047,80.95238494873047,80,2.0589897632598877,8589934592,1073741824,5198741504,307429376
210,1771639368112,3504,3504,3504,3504,3504,3504,3504,3504,49.62275695800781,49.052528381347656,47.7720947265625,47.692283630371094,46.82017135620117,47.97510528564453,47.502708435058594,48.57965087890625,48.85090637207031,75,68.18181610107422,65,66.66667175292969,85,85.71428680419922,81.81818389892578,81.81818389892578,2.0589897632598877,8589934592,1073741824,5186535424,307429376
209,1771639368323,3504,3504,3504,3504,3504,3504,3504,3504,73.32135772705078,71.22504425048828,70.53919982910156,71.35987854003906,57.5224609375,70.20320892333984,70.49468231201172,70.55661010742188,72.615234375,76.19047546386719,70,68.18181610107422,71.42857360839844,81.81818389892578,90.90909576416016,85,81.81818389892578,2.0589897632598877,8589934592,1073741824,5172543488,307429376
209,1771639368533,3504,3504,3504,3504,3504,3504,3504,3504,73.32135772705078,71.22504425048828,70.53919982910156,71.35987854003906,57.5224609375,70.20320892333984,70.49468231201172,70.55661010742188,72.615234375,70,71.42857360839844,71.42857360839844,66.66667175292969,85,90,80.95238494873047,90,2.0589897632598877,8589934592,1073741824,5201051648,307429376
206,1771639368743,3504,3504,3504,3504,3504,3504,3504,3504,73.32135772705078,71.22504425048828,70.53919982910156,71.35987854003906,57.5224609375,70.20320892333984,70.49468231201172,70.55661010742188,72.615234375,71.42857360839844,66.66667175292969,66.66667175292969,71.42857360839844,85.71428680419922,85.71428680419922,85.71428680419922,80.95238494873047,4.240922451019287,8589934592,1073741824,5182144512,307429376
209,1771639368950,3504,3504,3504,3504,3504,3504,3504,3504,73.32135772705078,71.22504425048828,70.53919982910156,71.35987854003906,57.5224609375,70.20320892333984,70.49468231201172,70.55661010742188,72.615234375,68.18181610107422,66.66667175292969,70,71.42857360839844,85,81.81818389892578,85.71428680419922,85,4.240922451019287,8589934592,1073741824,5182144512,307429376
209,1771639369160,3504,3504,3504,3504,3504,3504,3504,3504,78.70484161376953,76.56045532226563,75.83184051513672,76.71212005615234,62.388275146484375,75.71796417236328,76.0185317993164,76.11189270019531,78.40129852294922,71.42857360839844,70,68.18181610107422,76.19047546386719,86.36363983154297,85,85.71428680419922,86.36363983154297,4.240922451019287,8589934592,1073741824,5202378752,307429376
206,1771639369369,3504,3504,3504,3504,3504,3504,3504,3504,78.70484161376953,76.56045532226563,75.83184051513672,76.71212005615234,62.388275146484375,75.71796417236328,76.0185317993164,76.11189270019531,78.40129852294922,70,66.66667175292969,65,61.904762268066406,80.95238494873047,80.95238494873047,80.95238494873047,80,4.240922451019287,8589934592,1073741824,5180243968,307429376
208,1771639369577,3504,3504,3504,3504,3504,3504,3504,3504,78.70484161376953,76.56045532226563,75.83184051513672,76.71212005615234,62.388275146484375,75.71796417236328,76.0185317993164,76.11189270019531,78.40129852294922,76.19047546386719,68.18181610107422,75,71.42857360839844,86.36363983154297,90,85,85.71428680419922,4.240922451019287,8589934592,1073741824,5189877760,307429376
208,1771639369787,3504,3504,3504,3504,3504,3504,3504,3504,78.70484161376953,76.56045532226563,75.83184051513672,76.71212005615234,62.388275146484375,75.71796417236328,76.0185317993164,76.11189270019531,78.40129852294922,71.42857360839844,75,68.18181610107422,70,90,86.36363983154297,80.95238494873047,90.47618865966797,18.55303192138672,8589934592,1073741824,5178474496,307429376
209,1771639369996,3504,3504,3504,3504,3504,3504,3504,3504,78.70484161376953,76.56045532226563,75.83184051513672,76.71212005615234,62.388275146484375,75.71796417236328,76.0185317993164,76.11189270019531,78.40129852294922,71.42857360839844,68.18181610107422,65,71.42857360839844,80.95238494873047,90.47618865966797,85.71428680419922,80.95238494873047,18.55303192138672,8589934592,1073741824,5214060544,307429376
209,1771639370206,3504,3504,3504,3504,3504,3504,3504,3504,81.22984313964844,79.2115478515625,78.42865753173828,79.25640106201172,64.60084533691406,78.19009399414063,78.36129760742188,78.6242446899414,80.74532318115234,71.42857360839844,70,71.42857360839844,66.66667175292969,85.71428680419922,85.71428680419922,90.47618865966797,77.2727279663086,18.55303192138672,8589934592,1073741824,5186387968,307429376
214,1771639370416,3504,3504,3504,3504,3504,3504,3504,3504,81.22984313964844,79.2115478515625,78.42865753173828,79.25640106201172,64.60084533691406,78.19009399414063,78.36129760742188,78.6242446899414,80.74532318115234,71.42857360839844,71.42857360839844,61.904762268066406,65,85.71428680419922,80.95238494873047,81.81818389892578,84.21052551269531,18.55303192138672,8589934592,1073741824,5221351424,307429376
209,1771639370631,3504,3504,3504,3504,3504,3504,3504,3504,81.22984313964844,79.2115478515625,78.42865753173828,79.25640106201172,64.60084533691406,78.19009399414063,78.36129760742188,78.6242446899414,80.74532318115234,71.42857360839844,68.18181610107422,68.18181610107422,68.18181610107422,81.81818389892578,90.47618865966797,80.95238494873047,82.60869598388672,19.4493465423584,8589934592,1073741824,5181177856,307429376
209,1771639370841,3504,3504,3504,3504,3504,3504,3504,3504,81.22984313964844,79.2115478515625,78.42865753173828,79.25640106201172,64.60084533691406,78.19009399414063,78.36129760742188,78.6242446899414,80.74532318115234,66.66667175292969,70,66.66667175292969,68.18181610107422,84.21052551269531,86.36363983154297,80.95238494873047,75,19.4493465423584,8589934592,1073741824,5155127296,307429376
201,1771639371050,3504,3504,3504,3504,3504,3504,3504,3504,81.22984313964844,79.2115478515625,78.42865753173828,79.25640106201172,64.60084533691406,78.19009399414063,78.36129760742188,78.6242446899414,80.74532318115234,71.42857360839844,72.7272720336914,80.95238494873047,70,81.81818389892578,85,90.47618865966797,81.81818389892578,19.4493465423584,8589934592,1073741824,5170577408,307429376
216,1771639371252,3504,3504,3504,3504,3504,3504,3504,3504,82.41787719726563,80.48078918457031,79.8184814453125,80.54411315917969,66.06321716308594,79.3950424194336,79.41928100585938,79.90628051757813,81.7130126953125,71.42857360839844,65,65,66.66667175292969,90,80.95238494873047,80.95238494873047,80,19.4493465423584,8589934592,1073741824,5168119808,307429376
202,1771639371469,3504,3504,3504,3504,3504,3504,3504,3504,82.41787719726563,80.48078918457031,79.8184814453125,80.54411315917969,66.06321716308594,79.3950424194336,79.41928100585938,79.90628051757813,81.7130126953125,70,70,71.42857360839844,66.66667175292969,86.36363983154297,80.95238494873047,85,76.19047546386719,19.4493465423584,8589934592,1073741824,5187764224,307429376
209,1771639371671,3504,3504,3504,3504,3504,3504,3504,3504,82.41787719726563,80.48078918457031,79.8184814453125,80.54411315917969,66.06321716308594,79.3950424194336,79.41928100585938,79.90628051757813,81.7130126953125,71.42857360839844,66.66667175292969,71.42857360839844,70,84.21052551269531,90,80.95238494873047,85,19.432607650756836,8589934592,1073741824,5186191360,307429376
204,1771639371881,3504,3504,3504,3504,3504,3504,3504,3504,82.41787719726563,80.48078918457031,79.8184814453125,80.54411315917969,66.06321716308594,79.3950424194336,79.41928100585938,79.90628051757813,81.7130126953125,70,70,71.42857360839844,66.66667175292969,86.36363983154297,85,80.95238494873047,80.95238494873047,19.432607650756836,8589934592,1073741824,5221285888,307429376
209,1771639372086,3504,3504,3504,3504,3504,3504,3504,3504,82.41787719726563,80.48078918457031,79.8184814453125,80.54411315917969,66.06321716308594,79.3950424194336,79.41928100585938,79.90628051757813,81.7130126953125,80.95238494873047,72.7272720336914,70,80.95238494873047,90,85.71428680419922,85,85,19.432607650756836,8589934592,1073741824,5160828928,307429376
209,1771639372296,3504,3504,3504,3504,3504,3504,3504,3504,83.52412414550781,81.5510482788086,80.73853302001953,81.4548568725586,67.16084289550781,79.82742309570313,80.09925079345703,80.48161315917969,82.55158996582031,23.809524536132813,20,19.047618865966797,9.523809432983398,18.18181800842285,22.72727394104004,18.18181800842285,18.18181800842285,19.432607650756836,8589934592,1073741824,5183029248,307429376
209,1771639372506,3504,3504,3504,3504,3504,3504,3504,3504,83.52412414550781,81.5510482788086,80.73853302001953,81.4548568725586,67.16084289550781,79.82742309570313,80.09925079345703,80.48161315917969,82.55158996582031,20,23.809524536132813,14.285715103149414,10,0,0,0,0,19.432607650756836,8589934592,1073741824,5182996480,307429376
202,1771639372716,3504,3504,3504,3504,3504,3504,3504,3504,83.52412414550781,81.5510482788086,80.73853302001953,81.4548568725586,67.16084289550781,79.82742309570313,80.09925079345703,80.48161315917969,82.55158996582031,19.047618865966797,19.047618865966797,9.523809432983398,9.090909004211426,0,0,0,0,19.066007614135742,8589934592,1073741824,5182849024,307429376
205,1771639372919,3504,3504,3504,3504,3504,3504,3504,3504,83.52412414550781,81.5510482788086,80.73853302001953,81.4548568725586,67.16084289550781,79.82742309570313,80.09925079345703,80.48161315917969,82.55158996582031,25,20,10,5.263157844543457,0,0,0,0,19.066007614135742,8589934592,1073741824,5179883520,307429376
208,1771639373125,3504,3504,3504,3504,3504,3504,3504,3504,83.52412414550781,81.5510482788086,80.73853302001953,81.4548568725586,56.751495361328125,56.686744689941406,56.34831237792969,57.52483367919922,57.84602355957031,22.72727394104004,23.809524536132813,23.809524536132813,14.285715103149414,0,0,0,0,19.066007614135742,8589934592,1073741824,5179883520,307429376
209,1771639373335,3504,3504,3504,3504,3504,3504,3504,3504,58.53936004638672,58.075653076171875,56.875030517578125,56.73102569580078,56.751495361328125,56.686744689941406,56.34831237792969,57.52483367919922,57.84602355957031,20,15.000000953674316,14.285715103149414,4.761904716491699,0,0,0,0,19.066007614135742,8589934592,1073741824,5179998208,307429376
209,1771639373544,3504,3504,3504,3504,3504,3504,3504,3504,58.53936004638672,58.075653076171875,56.875030517578125,56.73102569580078,56.751495361328125,56.686744689941406,56.34831237792969,57.52483367919922,57.84602355957031,19.047618865966797,14.285715103149414,19.047618865966797,14.285715103149414,0,0,0,0,19.066007614135742,8589934592,1073741824,5173968896,307429376
209,1771639373755,3504,3504,3504,3504,3504,3504,3504,3504,58.53936004638672,58.075653076171875,56.875030517578125,56.73102569580078,56.751495361328125,56.686744689941406,56.34831237792969,57.52483367919922,57.84602355957031,22.72727394104004,9.523809432983398,15.000000953674316,9.090909004211426,0,0,4.545454502105713,4.545454502105713,19.561803817749023,8589934592,1073741824,5172297728,307429376
201,1771639373965,3504,3504,3504,3504,3504,3504,3504,3504,58.53936004638672,58.075653076171875,56.875030517578125,56.73102569580078,56.751495361328125,56.686744689941406,56.34831237792969,57.52483367919922,57.84602355957031,20,19.047618865966797,14.285715103149414,5,0,0,0,0,19.561803817749023,8589934592,1073741824,5172215808,307429376
209,1771639374167,3504,3504,3504,3504,3504,3504,3504,3504,52.92436218261719,52.276634216308594,51.36433410644531,51.17964172363281,51.47550582885742,51.20049285888672,50.947547912597656,52.079315185546875,52.29880142211914,26.3157901763916,20,10.526315689086914,5.263157844543457,0,0,0,0,19.561803817749023,8589934592,1073741824,5172215808,307429376
206,1771639374377,3504,3504,3504,3504,3504,3504,3504,3504,52.92436218261719,52.276634216308594,51.36433410644531,51.17964172363281,51.47550582885742,51.20049285888672,50.947547912597656,52.079315185546875,52.29880142211914,26.086956024169922,19.047618865966797,13.636363983154297,13.636363983154297,0,0,0,0,19.561803817749023,8589934592,1073741824,5172232192,307429376
200,1771639374584,3504,3504,3504,3504,3504,3504,3504,3504,52.92436218261719,52.276634216308594,51.36433410644531,51.17964172363281,51.47550582885742,51.20049285888672,50.947547912597656,52.079315185546875,52.29880142211914,15.789472579956055,23.809524536132813,5,9.523809432983398,0,0,0,0,19.561803817749023,8589934592,1073741824,5170937856,307429376
209,1771639374786,3504,3504,3504,3504,3504,3504,3504,3504,52.92436218261719,52.276634216308594,51.36433410644531,51.17964172363281,51.47550582885742,51.20049285888672,50.947547912597656,52.079315185546875,52.29880142211914,20,30.000001907348633,19.047618865966797,20,0,0,0,0,4.717635154724121,8589934592,1073741824,5163106304,307429376
206,1771639374995,3504,3504,3504,3504,3504,3504,3504,3504,52.92436218261719,52.276634216308594,51.36433410644531,51.17964172363281,51.47550582885742,51.20049285888672,50.947547912597656,52.079315185546875,52.29880142211914,19.047618865966797,20,14.285715103149414,5,0,0,0,0,4.717635154724121,8589934592,1073741824,5157994496,307429376
209,1771639375203,3504,3504,3504,3504,3504,3504,3504,3504,50.773468017578125,49.943843841552734,49.12174987792969,48.91820526123047,49.318748474121094,49.04888153076172,48.78563690185547,49.926029205322266,50.0299186706543,15.000000953674316,22.72727394104004,10,9.523809432983398,4.761904716491699,0,0,0,4.717635154724121,8589934592,1073741824,5158010880,307429376
208,1771639375413,3504,3504,3504,3504,3504,3504,3504,3504,50.773468017578125,49.943843841552734,49.12174987792969,48.91820526123047,49.318748474121094,49.04888153076172,48.78563690185547,49.926029205322266,50.0299186706543,18.18181800842285,19.047618865966797,9.523809432983398,18.18181800842285,0,0,0,0,4.717635154724121,8589934592,1073741824,5158010880,307429376
9,1771639375621,3504,3504,3504,3504,3504,3504,3504,3504,50.773468017578125,49.943843841552734,49.12174987792969,48.91820526123047,49.318748474121094,49.04888153076172,48.78563690185547,49.926029205322266,50.0299186706543,23.809524536132813,21.052631378173828,19.047618865966797,10,0,0,0,0,4.717635154724121,8589934592,1073741824,5161271296,307429376
